{
    "eval_loss": 1.9835079908370972,
    "eval_accuracy": 0.49796747967479676,
    "eval_macro_f1": 0.49229580391534294,
    "eval_precision": 0.4916661882179123,
    "eval_recall": 0.4932786196206484,
    "eval_runtime": 0.8764,
    "eval_samples_per_second": 561.408,
    "eval_steps_per_second": 70.746,
    "epoch": 5.0
}