language,claim,gold_label,predicted_label,supports_score,refutes_score,nei_score
igbo,Rachael kwuru na ịkwado emume a na-eme kwa afọ na-enyere ya aka eso ndị na-akwado ya na-emekọrịta ihe.,supports,nei,0.14546478,0.059020635,0.79551464
igbo,Ọ bụghị nkwenye ndị Igbo na mba rugooro afọ iri ise na itoolu ekwesigo inwe he ha mepụtara.,refutes,refutes,0.12989579,0.44993317,0.42017102
igbo,"Dr Tedros kwuru na n'izuụka abụọ gara aga, ndị burula ọrịa ma a gụpụ Chaina dị mmaji iri na atọ.",supports,nei,0.33389342,0.26471978,0.40138677
igbo,"Nri bụ ihe dị mkpa na-edozi ahụ, ma osikapa ma ji so na nri mmadụ na-eri",nei,nei,0.27939704,0.30675867,0.41384426
igbo,"Mmanwu bụ ihe mmemme gọọmentị ji agwa ụmụ nwoke okwu, ma bụrụ ihe ndị nzuzo ji egbu mmadụ.",refutes,nei,0.19016178,0.28741258,0.52242565
igbo,E ji izu ihe mmadụ maọbụ ịnapụ mmadụ oke ruru ya mara ndị Igbo kemgbe elu bụ ala ọsa.,refutes,refutes,0.1896133,0.4596663,0.3507204
igbo,Ọ bụghị n'afọ 2018 ka ndị Boko Haram tọọrọ ụmụaka.,refutes,nei,0.22305268,0.25378925,0.5231581
igbo,Ndị isiala si mba Afrịka dị icheiche bịara emume e mere na Eko Convention Centre dị na Legos.,nei,nei,0.15602939,0.2131349,0.63083565
igbo,Ejike Obumneme Aghanya bụ onye isi nke Biafran Agency for Research and Production (RAP) nke mepụtara ogbunigwe n'oge agha Biafra.,supports,supports,0.6856491,0.24139695,0.07295401
igbo,Agns Madụfọkwa ji naanị akara abụọ gafee Nwobi Okwuchukwu David n'ule Jamb .Agns Madụfọkwa  akara 365 ebe Nwobi Okwuchukwu David nwere 363.,supports,supports,0.6061654,0.28861904,0.105215535
igbo,Osadebe esighị n'ahịrị ndị na-abụ abụ na ndị na-agba egwu n'ala Igbo.,refutes,refutes,0.1751673,0.5379125,0.28692016
igbo,Edo steeti so n'ala Igbo.,nei,refutes,0.28316864,0.5119691,0.20486225
igbo,"Prof. Joseph Ghartey Ampiah, onye jinu ọkwa Vice-Chancellor na Mahadum nke Cape Coast gụrụ akwụkwọ na Aggrey Memorial Co-Educational.",nei,supports,0.8086013,0.13786255,0.053536132
igbo,Atiku gwara mba ụwa na Naịjrịa na-aga n'ihu ịchekwa ahụike ndị amaala ya.,nei,nei,0.10682825,0.18222497,0.7109468
igbo,Phyno chọburu ịbụ onye ọkwọ ụgbọ mmiri mana a gwara ya na ọ ga-abụ dọkịta.,supports,supports,0.47645295,0.15866037,0.36488664
igbo,Alexander Ekwueme gụrụ akwụkwọ na Mahadum nke Nigeria ma nweta nzere Bachelo tupu ọ gawa ala Bekee,refutes,supports,0.67915666,0.19481352,0.12602988
igbo,"Mba America nwere mahadum dị iche iche mmadụ nwere ike ịga gụ akwụkwọ, gụnyere Mahadụm ndị Washington D.C.",nei,supports,0.45354354,0.25195003,0.2945064
igbo,Chioma wee gaa Federal Government Girls College na Anambra State ebe ọ gụrụ Banking na Finance.,supports,supports,0.6962882,0.1266181,0.17709373
igbo,"N'ịgbado ụkwụ n'oke ala nakwa ngwaahịa, Ahịa Main Market Ọnicha bụ otu n'ime ahịa kacha bu ibu n'ọdịda anyanwụ Afịrịka",supports,supports,0.44306463,0.3934782,0.16345716
igbo,Grand Service Star (GSS) abụghị onyinye a na-enye ndị ekperima n'ihi na ha na-ezunahụ ndị mmadụ ego ha tara ahụhụ wee kpata,nei,nei,0.18532576,0.11536269,0.6993115
igbo,"Ugbu a, a mabeghi ihe ndị gọvanọ na-achị mpaghara ọwụwanyanwụ nke Naịjirịa kpatara na nzukọ ha",supports,nei,0.092774555,0.21351187,0.6937136
igbo,Osadebe si n'ahịrị ndị na-abụ abụ na ndị na-agba egwu n'ala Igbo.,supports,refutes,0.22283366,0.44595623,0.3312101
igbo,Nwanyeruwa bụ nwanyị mere njem gaa ala bekee ga gụọ akwụkwọ na 1938 n'oge colonial Naịjirịa .,refutes,supports,0.82312036,0.12590967,0.050970007
igbo,Iwu mebere na onye ji ọkwa Senator ga-anọrịrị n'Abụja mgbe niile,nei,nei,0.13471399,0.3761592,0.4891268
igbo,Ụlọ nkwarị ha nwere n'obodo ha buru ibu.,nei,nei,0.10136209,0.2106847,0.6879532
igbo,Ọjà bụ ngwa egwu mana agụnyeghị ya na ngwa egwu ikuku.,refutes,refutes,0.16243371,0.6829562,0.15461011
igbo,Ndị niile gara njem ife ala nna ha otu afọ nọ na Abụja gwara onyeisiala na ha chọrọ ka etinyekwuo ihe na-ego gọọmentị na-akwụ ha.,nei,nei,0.07977069,0.14113902,0.7790902
igbo,"Atụmatụ e mere n'afọ 2010 kwuru na ndị bi na Awka Etiti dị mmadụ 35,000.",supports,supports,0.44204795,0.27755165,0.28040034
igbo,"Ndị bi na Awka Etiti dị mmadụ 35,000 dị ka atụmatụ e mere n'afọ 2005 si kwuo. ",supports,supports,0.6638353,0.20155579,0.13460895
igbo,Wike gwara ha aṅala Nnadị Kanu nti.,refutes,nei,0.10318225,0.30688146,0.5899363
igbo,Ndị agha U.S anwakpola ndị agha Naịjirịa. Gọọmentị Naịjirịa na-arịọ ka ndị amala Naịjirịa gbatara ha ọsọ enyemaka.,nei,nei,0.10341425,0.092326485,0.8042593
igbo,Pericoma so n'aha mmanwụ ndị Igbo na-efe. Onweghi onye Igbo ji mmanwụ a egwu egwu,nei,nei,0.13901782,0.34600195,0.51498026
igbo,"Na omenala Igbo, a na-atụ anya na onye ọbụla gbagooro afọ iri ise na itoolu ekwesịla ịmepụta ihe na ndụ ya. Mba ọbụrụ gbagooro afọ iri ise na itoolu ekwesịgo inwe ihe ha mepụtagooro. Ihe ndị a na-ele anya iji chọpụta ogo ha nọ gụnyere nrụrụaka, ụgwọ opekatampe were dịrị gawa.",supports,nei,0.28410342,0.1070702,0.60882634
igbo,Naanị otu agbụrụ dị na Naịjirịa. Nke a mere ka udo na ịdị n'otu dị na Naịjirịa.,refutes,nei,0.115995735,0.15723835,0.7267659
igbo,Ndị Anambra na ndị Enugwu esoghi na steeti kwadoro Mary Udumeke na mbọ ọ na-agba iji megide ibi ndị alakụba ugwu.,nei,nei,0.21401879,0.23566094,0.55032027
igbo,Ebubo ndị mmadụ na-ebo ndị uweojii na ọ bụ Abang na ndị otu ya na-ebute kpachị kpachị na hed briji Ọnicha mere Abang ji mee ya bụ njem ị ga jiri anya ya hụ ihe na-eme n'ebe ahụ.,supports,nei,0.19603416,0.13524559,0.6687203
igbo,Ime ngagharị iwe na Naịjirịa ugbu a adịghịzị mfe n'ihi nrụrụaka n'etiti ndị ọchịchị na ndị ọka ikpe,nei,nei,0.10255048,0.22661623,0.6708333
igbo,Alfred Achebe a rụọla ọrụ odeakwụkwọ nke ndị Unilever Nigeria.,refutes,supports,0.56062037,0.28824094,0.15113871
igbo,A kutuola ebe obibi nke ndị Oyi,nei,nei,0.2185781,0.3421406,0.4392813
igbo,Ụmụ nwanyị akwụsigo ịmepụta ákwà Akwete.,refutes,nei,0.13428101,0.39834413,0.46737483
igbo,ógbè Gọọmentị Obodo na Anambra bụ ihe ịrịba ama dị n'ọnụ ụzọ mbata Oyi.,supports,supports,0.611306,0.32835415,0.060339864
igbo,Okpa bụ nri a na-eri naanị mgbe a na-alụ agha maka na ọ pụrụ iche nke agbụrụ ndị ọzọ anaghị eri.,refutes,nei,0.3654341,0.14805447,0.48651147
igbo,Ozumba Mbadiwe wubere akwụkwọ mbipụta Native News mgbe ọ rụchara ọrụ ya dịka onye Minista n'afọ 1961,refutes,supports,0.90882546,0.06838594,0.022788612
igbo,Buhari kwusiri ike na gọọm̀enti ya kwadosiri azụmahịa na mekọrịta nke mba ECOWAS.,supports,refutes,0.19680743,0.5503457,0.25284687
igbo,Onyeisi Steeti Pọtakụt kpọrọ ọgbakọ iji chọpụta onye gburu ụmụnwaanyị itoolu na steeti ya n'ọnwa Ọgụstụ.,nei,nei,0.2379691,0.31437185,0.44765902
igbo,Okigbo ji afọ ndụ ya niile na-agagharị na ọdụ.,supports,nei,0.15492548,0.19631238,0.64876217
igbo,Ndị niile jigoro ọkwa onye isi ọrụ ndị Amị (COAS) nke Naịjirịa na ndị ezinụlọ ha na-aga ala bekee ga biri.,nei,nei,0.29254085,0.31734812,0.39011106
igbo,R.Kelly mara onwe ya ikpe n'ebubo niile e boro ya.,refutes,nei,0.10131792,0.1228946,0.7757874
igbo,Onye nwe Facebook arịọla onyendụ ndị IPOB mgbaghara maka ịwepụ akaụntụ Facebook ya.,nei,nei,0.10360578,0.21966265,0.6767315
igbo,Ojukwu jụrụ ka ndi Briten chie ya echichi Knight of Briten Empire n'afọ 1945.,refutes,supports,0.78172946,0.15628113,0.06198945
igbo,Ebitu Ukiwe rụrụ orụ oyibo na mịnịstrị mgbasa ozi na Legọọsụ steeti site na Julaị 1978 rue Ọktọba 1979.,refutes,supports,0.87413365,0.107901216,0.01796517
igbo,David West ga-aba n'ụlọ mkpọrọ n'ihi na o gburu ụmụnwaanyị itoolu na Pọtakụt.,supports,nei,0.26867366,0.2133879,0.51793844
igbo,Ndị Agha US nwakporo ndị agha Naịjirịa ụbọchị ụmụ amaala Naịjirịa na-eme Ngagharị iwe na US.,refutes,nei,0.07654545,0.10363483,0.81981975
igbo,"Maazị Siwze Kupelo ọnụ na-ekwuchitere ngalaba ahụike nke Eastern Cape ekwuola na ụfọdụ ezinụlọ na Satụ Afrịka ka na-aga n'ihu eli ozi, eme nnọkọ nke so akpata mgbasa ọrịa coronavirus.",supports,supports,0.4224471,0.22768323,0.3498697
igbo,"Ime ime obodo bụ ebe  nwoke, nwanyi, okorobịa na agbọghọbịa na-agba agwu ọdịnala.",nei,supports,0.3833212,0.3399068,0.27677202
igbo,"Chiifụ Stephen Osita Ọsadebe na  Oliver De Coque abụghị ụmụnne, nke mere ha ji ese okwu kamgbe 1974.",nei,nei,0.3773829,0.22441112,0.39820594
igbo,"Ọrịa coronavirus si Naịjirịa were kesaa mba ụwa. Mba ndị o mmetụta karịrị gụnyere Ghana, India na Ivory Cost.",refutes,nei,0.21725105,0.3292118,0.45353723
igbo,"Onye ume ngwụ kpuchie ute, agụ ekpughe ya.",nei,refutes,0.26318756,0.45278034,0.28403208
igbo,N'ụlọ ọba ego ka Peter Obi na-arụ ọrụ tupu ọ banye na ndọrọ ndọrọ ọchịchị,supports,nei,0.22225863,0.28255644,0.495185
igbo,Iheanachọ zụrụ mmadụ puku abụọ n'ụlọakwụkwọ praịmarị n'ihi na ọ chọrọ ka ụmụaka ahụ baara ndị mụrụ ha uru n'ọdịnihu.,nei,nei,0.28523514,0.15024824,0.5645166
igbo,Ndị jigoro ọkwa gọvanọ Anambra Steeti kamgbe 1998 eruola mmadụ anọ.,nei,supports,0.5901664,0.2359275,0.1739061
igbo,Ọtụtụ awụọla n'Abule Ado nke dị na mpaghara Festac na Steeti Legosi n'ihi Igwe na-ebu gassị nwuru ọkụ.,supports,refutes,0.33075094,0.439752,0.22949708
igbo,Ihe nkiri na-atọ ọchị enweghị ike ịtọlite ma guzosie akara Nollywood ike.,refutes,refutes,0.27095172,0.3945234,0.33452484
igbo,Eze Aztec Nezahualpiltzintli nke Texcoco Eze bụ utu aha e nyere eze nwoke n'otu ọnọdụ.,supports,supports,0.74859774,0.18270403,0.068698235
igbo,Ndị Boko Haram wabara ụlọ akwụkwọ ndị Katọlik kpọrọ ndị niile nọ ebe ahụ.,nei,nei,0.12431055,0.14592123,0.7297682
igbo,Uche Nwonwu kwuru na ọ bụ mmiri dị n'azụ be ha ka ha na-aṅụ.,refutes,nei,0.08112916,0.13855653,0.78031427
igbo,Mahadum Imo steeti na nke Abia Steeti na-enweta enyemaka ego site n'aka ndị nne nke ụka Catholic na Anglịcan,nei,supports,0.42853278,0.36202973,0.20943747
igbo,Nnochi anya Iwobi na England ruo n'okpuru 18 larịị,supports,refutes,0.23979425,0.5934117,0.16679403
igbo,Ndị DSS gwara ndị mmadụ ha tụọ ụjọ n'ihi na ha adịghị njikere ịrụ ọrụ nchekwa.,refutes,nei,0.06680166,0.07906234,0.854136
igbo,Ndị Ideato South bụ ndị na-emepụta ihe a na-ere ere na nke a na-eri eri,supports,nei,0.3472644,0.18729596,0.46543956
igbo,"Ụbịam dị na Senigal, Naịjrịa na Ghana. Nke mere ndị obodo ndị ọzọ ji agbatara mba ndị a ọsọ enyemaka.",nei,nei,0.20852162,0.1067111,0.6847673
igbo,Ndị na-arụ ọrụ mịnịsta na Nigeria nwere ebe-obibi  onye isi ala na-enye ha maka ịnọ ndị ezinụlọ ha nso,nei,nei,0.1045135,0.22471388,0.6707726
igbo,Tiwa Savage etighi egwu na ntụrụugo ndị a.,refutes,refutes,0.0915552,0.45677444,0.45167038
igbo,Mazị Sam Ohuabunwa bụ ọkaibe n'ihe gbasara mkpata na mmefu akụ . Mazị Sam Ohuabunwa kwenyere na ndị Naịjirịa ji ụgwọ nwere ike ime ka ego Naịjirịa gharazi iwe isi nke na agaghịzi enwewu ike iji ya gotelie ihe na mba ụwa.,supports,nei,0.27207428,0.21322483,0.51470095
igbo,Ojà bụ ngwa egwu ndị mmụọ.,nei,refutes,0.13366826,0.55698127,0.30935046
igbo,Ọjà bụ ngwa egwu agụnyere na ngwa egwu ikuku,supports,refutes,0.20450209,0.5881213,0.20737658
igbo,"Psquare, Pat Ọbasị na Aporoko Doctor tiri egwu n'emume e mere na Eko Convention Centre dị na Legos.",refutes,supports,0.61680263,0.18478175,0.1984156
igbo,"Mmanya nkwụ na-esi n'osisi nkwụ, date palm, na osisi aki oyibo agbapụta, ma bụrụ mmanya na-aba n'anya.",supports,refutes,0.34289622,0.5563091,0.100794666
igbo,Chinwoke Mbadinuju ji ọkwa dịka onye enyemaka onwe nyere onyeisi ala Shehu Shagari rue afọ atọ.,supports,supports,0.66680604,0.24115352,0.0920405
igbo,Ahịa dị na Naijiria dị mma ka a na-achịkwa ha ka e wee na-enweta ego nwunye Gọvanọ ji agagharị njem.,nei,nei,0.086059265,0.13095568,0.78298503
igbo,Okigbo ejighị afọ ndụ ya niile agagharị na ọdụ.,refutes,nei,0.1399294,0.3538965,0.5061741
igbo,Ogu bụ egbe ndị dinta ji abanye ọhịa iji chụta anụmanụ ha na ezinụlọ ha ga-eri.,refutes,nei,0.11232734,0.06863628,0.81903636
igbo,O teela aka ụmụakwụkwọ Afịrịka malitere gawa Mahadum ndị dị n'Ireland iji nweta nzere mmụta dị elu.,nei,nei,0.2863599,0.34938005,0.36426005
igbo,Ndị ọkaikpe ise ndị ọzọ ekwenyeghị n'ihe Ariwoola kwuru.,refutes,nei,0.11761794,0.26104817,0.6213339
igbo,Ụlọikpe jara ọkaikpe Chima Nweze ike sị na ihe o kwuru bụ ihe mere eme.,supports,nei,0.15912698,0.1749707,0.66590226
igbo,Ngozi Okonjo Iweala rụrụ ọrụ dị ka Managing Director n’ọba ego nke mba ụwa site n’afọ 2007 rue afọ 2011.,supports,supports,0.6862298,0.26727116,0.046498988
igbo,"N'oge emume ndị agha, ndị amị na-eso igwe mmadụ nọ n'obodo eri oriri.",nei,nei,0.2283212,0.31002554,0.4616532
igbo,"N'Aba, ụmụnwanyị ha ka na-agbasị mbọ ike ịzụ ụmụ ha ọfụma",nei,nei,0.05075341,0.079429165,0.86981744
igbo,Venessa kwuru na mkpụkọ ọbara anaghị emekarị ụmụ nwaanyị buru ibu. O kpebiri ị ga n'ihu na-ebi ndụ ka o si masị ya.,refutes,nei,0.20810732,0.108016066,0.68387663
igbo,"Joseph Shabalala dị afọ iri asatọ na asatọ mgbe ọ nwụrụ. Joseph Shabalala ji egwu ya megide agha ndị Saụt Afrịka bụ ""Aparthied""",refutes,supports,0.53529733,0.1466051,0.31809756
igbo,"Ọdọ mmiri kachasị ukwuu di n' Imo Steeti bụ Ọdọ Mmiri Oguta, nke dị na Ndịda Ọwụwa Anyanwụ Naịjirịa. ",supports,refutes,0.38033855,0.46726745,0.15239398
igbo,"Emmanuel Nnamdị Ụba ji ọkwa dị ka Gọvanọ Anambra Steeti naanị ọnwa atọ, bido na April 2007 rue Juunu 2007",supports,supports,0.87999594,0.08898748,0.031016605
igbo,"Ọkammụta Nnabuihe kwuru maka ọtụtụ ihe a na-ajụ n'ase. Ha gụnyere mata maka nne na nna ndị chọrọ ịlụkọ, ma e nwere ọrịa dị na ezinụlọ, ha a na-ezu ohi, ha abụ ndị umengwụ. Ha abụ osu ka ha abụ ohu.",supports,nei,0.4340677,0.12491571,0.44101658
igbo,Ụlọikpe dị na Abụja ekwola na Sowore ga-anọ na nga ruo mgbe ọ nwụrụ.,refutes,nei,0.17100748,0.20382422,0.62516826
igbo,"Aha manilla ka ndị mmadụ chere na o sitere n'okwu e si na Spanish, Portuguese ma ọ bụ nke Latin wee nweta.",supports,supports,0.58105606,0.292303,0.12664093
igbo,Lawrence Ifeanyi Ugwuanyi tuuru ugo ịbụ Gọvanọ nke Enugu Steeti n'ọnwa Eprel n'afo 2015.,supports,supports,0.52800995,0.36327788,0.10871217
igbo,Osikapa bụ nri ihanaeze. Ọ bụ nri nwa ogbenye na-eri kwa ụbọchị.,nei,supports,0.46933088,0.28236452,0.24830459
igbo,Ime ntụlịaka na Naịjirịa bụ ihe ndị Omeiwu na-eleba anya ịhụ na ọ na-akawanye mma,nei,nei,0.09570476,0.12875636,0.7755389
igbo,Ndị Demokrat na mba Amerịka enyela Pompeo naanị otu izuụka ịwepụta akwụkwọ na-egosi mmekọrịta ochịchị Trump na mba Ukren.,supports,nei,0.21957386,0.28388175,0.49654433
igbo,Ndị Katọlik jere ụka ụnyaahụ.,nei,nei,0.14273812,0.22879371,0.6284682
igbo,Gọvanọ Samụel Ortom kwuru na ọ ga-amachibipu eze obodo ọbụla na-ezochi ndị omekome gburu mmadụ anọ si Ebonyi Steeti.,supports,nei,0.18292257,0.28637028,0.5307071
igbo,Ụmụ nwanyị pụrụ apụ mgbe ha mere omume ngagharị iwe.,refutes,nei,0.044998083,0.05169252,0.9033094
igbo,Ọgwụ na-egbochi afọ ime emeghị Venessa Centeno ịwa. Ụmụ nwaaanyị na-aṅụ ọgwụ na-egbochi afọ ime adịghị ọtụtụ na mba ụwa.,refutes,nei,0.3187573,0.33776033,0.34348235
igbo,Chibuike Rotimi Amaechi ji ọkwa dị ka gọvanọ nke Rivers Steeti site n'afọ 2007 ruo 2015,supports,supports,0.8291829,0.11138669,0.059430372
igbo,Phyno mechara bụrụ hedịmasta n'ụloakwụkwọ sekọndrị ya.,refutes,supports,0.45906255,0.3801949,0.16074257
igbo,Ododo ukwu dị n'Abịa Steeti nwegasịrị obere obodo ole ma ole mejupụtara ha.,nei,refutes,0.2665367,0.4433369,0.2901264
igbo,Ndị DSS kọwara na ha dị njikere iru ọrụ nchekwa ha ma rịọ ndị mmadụ ka ha hapụ itu ụjọ.,supports,nei,0.051508114,0.073497996,0.87499386
igbo,Ụmụ agbaghọ Igbo na-eji aka ha agbaso ụmụokorobịa ka alụwa ha. Nke a bụ ihe ndị ntorobịa Igbo gwara ndị BBC na Facebook.,nei,nei,0.10276706,0.07837511,0.81885785
igbo,Ihe Chima Nweze kwuru abụghị ihe mere eme.,refutes,nei,0.16995814,0.21215191,0.61788994
igbo,E nweghịkwa nnukwu ndị Awka-Etiti diaspora na-enye aka na akụ na ụba obodo.,refutes,supports,0.53902864,0.32705697,0.13391435
igbo,Esemokwu dị n'etiti n̄ọchịchị Naịjirịa na Nnamdị Kanu. Nke mere ka gọọmentị Naịjirịa tụọ ya nga ndụ.,nei,nei,0.13796268,0.15965271,0.70238465
igbo,"BBC Igbo kwuru na ndị na-eso ha na Facebook sị na mmanya ọtọbịrịbịrị, azụ ndụ amịrị amị, data na mmanya beer. esoghi na ihe ndị na-enye ha obi aṅụrị. ",refutes,nei,0.1496184,0.13911043,0.71127117
igbo,Okigbo bi ndụ ya niile n'ọdụ ahịa.,supports,refutes,0.18225673,0.43847,0.37927327
igbo,Mkpa ọ dị ịmụta nwa nwoke n'ezinụlọ bụ ka ama ghara ichi. Nke gbara elu na aha ndị Igbo na-agụ nwa ha dịka Obiechina na Amaechina. A mụtaghị nwoke na-akụsa ọtụtụ ezinụlọ.,supports,nei,0.4115009,0.14296198,0.4455371
igbo,Mahadum Washington na Mahadum nke Nigeria na-agba mbọ inwe nkwekọrịta banyere ihe ọmụmụ sayensị na ǹkà,nei,refutes,0.33468005,0.35470966,0.31061032
igbo,Dora Akunyili bụ onye ji ọkwa Gọvanọ ndị Anambara  ruo ihe dị ka afọ abụọ,refutes,supports,0.7038424,0.17774974,0.118407756
igbo,Ji e ji eme iri ji ọhụrụ bụ ji a sụrụ asụ.,refutes,supports,0.4264469,0.25577575,0.31777737
igbo,Akụkọ mmetụta ndọrọ ndọrọ ọchịchị na akụ na ụba dị ugbu a na Naịjirịa mere ka a mara Asaba dị ka ọdụ mpaghara obodo.,refutes,supports,0.42759085,0.19169697,0.38071218
igbo,Ndị ọrụ nchekwa na ndị uweojii jụrụ ịga gba ụlọakụ dị na Mpape Abụja ụbọchị Satọdee ndị ekperima wakporo ya.,refutes,nei,0.1973212,0.19393682,0.608742
igbo,Nne Chioma Chukwuka rịara ọrịa oge a mụsịrị ya.,nei,nei,0.21067758,0.113174304,0.67614806
igbo,Sam Mbakwe bụ osote gọvanọ nke mbụ nke ndịda Naịjirịa n'afọ 1979. ,refutes,supports,0.88066536,0.079341106,0.039993595
igbo,Senigal kacha bụrụ mba nwere nrụrụaka na mba ụwa niile.,refutes,refutes,0.0966351,0.53007233,0.37329254
igbo,Naịjrịa so na mba kachasị arụpụta ụgbọala na mba Afrịka nakwa n'ụwa niile.,nei,refutes,0.27535352,0.37976736,0.3448791
igbo,"Na Steeti Anambra, Kọmishọna na-ahụ maka azụmahịa aha ya bụ Christian Madụbuko dọrọ ndị Anambara aka na ntị ka ha mara ndị ha na-akwụ ụgwọ ụtụ isi na naanị gọọmentị nwere ikike ihibe ahịa.",supports,nei,0.3009859,0.15818197,0.5408321
igbo,Ebubo Gọọmentị Nigeria boro Nnamdị Kanụ bụ na o riri ego gọọmentị,refutes,nei,0.07487879,0.20703092,0.7180903
igbo,Onyeisi ndị ụlọụka ọgbara ọhụrụ bụ Bishop Godwin Madu kwuru na akwụkwọ mgbasaozi o wepụtara na ha agaghị anọrọ gba nkịtị ndị amụsu anara ha steeti Enugwu.,supports,nei,0.14341603,0.18921044,0.66737354
igbo,"Imo, Owerri na Umuoji bụ obodo ndị mebere ọchịchị ime obodo a.",refutes,supports,0.43149692,0.4154098,0.15309326
igbo,Republic nke Nigeria e ruola ise mana usoro ọchịchị mba ahụ ka na-agbagwoju ndị mmadụ anya n'ihi agwa ọjọọ,nei,nei,0.15697572,0.20009449,0.64292973
igbo,N'oge ọchịchị Briten na Naịjirịa Nna Christopher Okigbo bụ onye nkuzi n'ụlọ akwụkwọ ndịozi ala ọzọ nke Katọlik.,supports,supports,0.8039824,0.1445267,0.05149096
igbo,Ozi a ha wepụtara dị n'akara twitter ha.,supports,nei,0.22825125,0.1745835,0.5971652
igbo,Onye enyemaka na mgbasaozi nye Onyeisiala Mohammadu Buharị kwadoro ihe Omotala Jalade-Ekeinde kwuru na Twitter ya na Naịjria bụ ọkụmmụọ n'ezie.,refutes,nei,0.259955,0.18648508,0.55355996
igbo,O bụ ịkọ ọrụ ugbo so na ọrụ ndị mba Brazil dabere na ya isi na-abawanye ọnọdụ akụ na ụba ha ruo ugbu a.,nei,refutes,0.30416408,0.45574415,0.24009179
igbo,Ọ bụ eziokwu na ha chịkọtara obodo ndị a tupu mba amachie ya.,refutes,nei,0.074170075,0.11797013,0.80785984
igbo,Naanị ikuku na ọhịa bụ ihe dị ka ọrụ ugbo mkpa iji wee ịga nke ọma,refutes,refutes,0.17955552,0.49822947,0.32221502
igbo,E mechaa kpochie Nnadị Kanu na nga.,nei,nei,0.23704703,0.2910558,0.47189716
igbo,Nwaanyị ime na-eme na-eme ka onye ara. Ihere anaghị adị nwaanyị afọ ime na-eme . Ekpere ya niile bụ ka ọ mụọ nwa ya n'udo.,nei,nei,0.19296992,0.12409327,0.68293685
igbo,Chukwuma Kaduna Nzeogwu rụrụ ọrụ inye ụmụakwụkwọ Sociology ọzụzụ na Zaria ruo ọnwa isii,refutes,refutes,0.36444822,0.4157748,0.21977697
igbo,Minista na-ahụ maka mgbasaozi na Naịjirịa bụ Laị Mohammed ekwuola na mgbachi okeala ndị Naịjirịa na mba ọzọ  emeela ka osikapa kwụsị ịbata ala Naịjirịa.,supports,nei,0.12457424,0.1719068,0.7035189
igbo,"Aha a na-akpọ nwoke ka ọ na-eto gụnyere; nwa nwaanyị, nwata nwaanyị na-eto eto, nwaada nwaanyị, obere agbọghọ na agbọghọ nwaanyị.",refutes,supports,0.65193564,0.07457401,0.27349034
igbo,"Mmanwu bụ ihe ọdịnala naanị ụmụ nwoke na-eme, ma bụrụ ihe nzuzo ndị mmadụ bu n'uche isi kpọtụrụ mmụọ ndị nna nna ha.",supports,nei,0.25600788,0.19767937,0.54631275
igbo,Joseph n'akwụkwọ nsọ bụ ọrọ nrọ. Ọ na-akọwara ndị mmadụ nrọ ha.,nei,nei,0.30254373,0.24037023,0.45708606
igbo,Kọmishọna na-ahụ maka azụmahịa aha ya bụ Christian Madụbuko gwara ndị Anambra ka ha na-akwụ onyeọbụla masịrị ha ụtụ isi.,refutes,nei,0.24380876,0.24145634,0.51473486
igbo,Okpunnabụenyi na-akpatara ụmụ okorobịa ọrịa kansa dịka nchọcha si gosipụta.,nei,nei,0.2739453,0.2664616,0.4595931
igbo,"N'afọ 2018, ndị Boko Haram tọọrọ ihe karịrị umụakwụkwọ narị n'obodo Dapchi.",supports,supports,0.482078,0.1380179,0.3799041
igbo,"Ka ọnwa Janụwarị 2020 gbara abalị iri abụọ na otu, Burna Booy, Desmond Platnumz, Big Tril na Tiwa Savage bụ ndị oriegwu si mba Afrịka a ma ama so ti egwu na Eko Convention Centre dị na Legos.",supports,nei,0.26817524,0.21961701,0.51220775
igbo,Emmanuel Nnamdị Ụba ji ọkwa dị ka Gọvanọ Anambra Steeti ruo ọnwa isii e mechara ikpe iji chụpụ ya n'ọkwa ya na Juunu 2007.,refutes,supports,0.81645846,0.111666806,0.07187463
igbo,Mkpu maka okike Steeti Anioma anowo na-aga n'ihu kemgbe ọtụtụ iri afọ.,supports,refutes,0.3075148,0.45954803,0.23293714
igbo,Ịjụ ase so n'otu ụzọ ndị Igbo si akpachapụ anya mgbe ha na-achọ ime alumdi na nwunye n'ihi na njem nwoke na nwaanyị ibikọ dịka di na nwunye abụghị nke agatụ alawa azụ.,supports,nei,0.29465473,0.12735134,0.5779939
igbo,Odogwu Afrịka chịrị Zimbabwe bido afọ 1980 ruo afọ 2017,supports,supports,0.8209821,0.11017609,0.06884184
igbo,Chinwoke Mbadinuju ji ọkwa dịka onye isi ndị amị n'oge Shehu Shagari bụ onye isi ala Naịjirịa.,refutes,supports,0.7924658,0.14866343,0.058870733
igbo,Nkwanye ugwu dị ka onye otu Order of the Niger onye isi ala kwanyere Edochie n'afọ 2003.,supports,supports,0.739814,0.2174618,0.04272425
igbo,"N'afọ 1959, Chukwuma Kaduna Nzeogwu gara Royal Military Academy, Sandhurst ebe o nwetere ọkwa ịbụ onye isi ndị agha.",supports,supports,0.88939166,0.07104234,0.039565895
igbo,Igbo-Ukwu bụ obodo ebe e gwupụtara ihe mgbe ochie ndị gosiri na omenala ha gụnyere ịrụ ọrụ ọla kọpa kamgbe 90 AD.,supports,supports,0.6214893,0.2878236,0.09068712
igbo,N'obodo Okwe ka ndị isi bi.,supports,supports,0.40314206,0.34597552,0.2508824
igbo,Nwunye Mugabe kwadoro echiche gọọmentị ili dị ya ebe a na-eli ndị dike.,refutes,nei,0.089342944,0.19775194,0.71290517
igbo,"Tupu 1960 Naịjirịa nwetara nnwere onwe ya, ndị ọcha mekpara ndị isi ojii ahụ ma na-àzụ ha dịka ohù",nei,nei,0.2083378,0.27560422,0.51605797
igbo,Ndị Taiwan mere ngagharị iwe n'ihi na ha achọghị aluma nwoke na nwoke maọbụ nke nwaanyị na nwaanyị.  Ha achọghị ka iwu obodo ha kwado ya.,refutes,nei,0.12850668,0.15087552,0.7206178
igbo,"Na Czech Republic, otu onye oji egbe gara  ụlọọgwụ gbagbuo mmadụ isii ma gbagbukwaa onwe ya.",supports,nei,0.23927003,0.1394214,0.6213086
igbo,Mazị Sam Ohuabunwa kwuru na ndị Naịjirịa ji ụgwọ nwere ezi mmasị ime ka akụnụba Naịjrịa baanwanye ebe ọ dị ugwuu ka Naịjirịa nweike ịkwụ ha ụgwọ.,refutes,nei,0.07393191,0.076636404,0.84943163
igbo,Alvan Ikoku so n'òtu West African Educational Council (WAEC) ma sonyekwa n'òtù Council nke Mahadum Ibadan na 1950s..,refutes,supports,0.84098524,0.1321477,0.026867047
igbo,Ndị Brazil nyere goolu ozugbu Neymar gbanyere bọọlụ na poostu.,refutes,nei,0.14271867,0.40453678,0.4527446
igbo,Ihe ngosi e ji ama Ofala bụ na Obi na-eyi ekike eze ya n'uju wee pụta n'ihu igwe mmadụ nọ n'obodo.,supports,supports,0.40848315,0.3046559,0.28686094
igbo,Otu nwaanyị Aha ya bụ Mary kwụsịrị ogbugbu ụmụ ejima n'ala Igbo.,nei,nei,0.1349487,0.18780664,0.6772446
igbo,Edochie bụ onye Katọlik.,supports,refutes,0.33382425,0.45544082,0.21073498
igbo,"Gọọmentị Nigeria boro Nnamdị Kanụ ebubo aghụghọ, nwụchie ya ma jigide ya n'ụlọ mkpọrọ n'afọ 2015",supports,nei,0.29557493,0.21524966,0.48917547
igbo,Ndị na-egwupụta ihe ndị na-enye ego na Naịjirịa so na ndị na-ebute ihe egwu na igbu mmadụ n'ime obodo Naịjirịa n'oge ugbu.,nei,nei,0.20280145,0.2080417,0.5891568
igbo,"Naanị site n'isi ya esi ka e si eme Unere, nke a na-akpọkwa ""plantain"" ka ọ bụrụ nri.",refutes,supports,0.5585871,0.32292524,0.11848766
igbo,Ụlọikpe dị n'Abụja ji Sowore. Ụlọikpe kwuburu na mbụ na onye ọbụla ga-agbara Sowore akaebe ga-akwụ nde naịra iri ise tupu agbapụta ya na nga nke ndị DSS.,supports,nei,0.21967147,0.24625286,0.5340757
igbo,Nnadị Kanu gwara ndị Ipob ha aṅala ihe Wike na-ekwu ntị.,supports,nei,0.08803405,0.20721485,0.70475113
igbo,Mpaghara ọdịbendị na asụsụ nkịtị na ndịda bụ Ala Awụsa.,nei,supports,0.5518908,0.3176268,0.13048236
igbo,Ndị bi na mpaghara Anambra East na-akwa arịrị n'ihi enweghi ndị nlekọta ahụike na ụlọogwụ ha. Ha rịọrọ gọọọmentị ka e zitere ha ndị dọkịta ji otu afọ efe ala nna.,supports,nei,0.21096855,0.1824051,0.60662633
igbo,Emmanuel Nnamdị Ụba tuuru ugo dị ka onye onye isi oche gọọmentị ime obodo nke Njikọka na 2011.,refutes,supports,0.604712,0.30315474,0.092133276
igbo,Na Steeti Ebonyi Mary Udumeke na-agba mbọ ịhụ na a kwụsị ibi ụmụnwaanyị ugwu na steeti ya. Ọ na-agba mbọ ịhụ na iwu kwadoro nke a. Steeti Abịa na Imo ebinyebeghi aka na nkwado iwu a.,supports,nei,0.23565736,0.20198825,0.5623544
igbo,Mahadum nke Abụja mere ncheta ọmụmụ Jaja Wachuku iji wee sọpụrụ ya n'afọ 2020.,refutes,supports,0.45490095,0.2924823,0.25261676
igbo,Mbaise bụ obodo mmadụ dị ọtụtụ karịsịa n'Ọdịda Anyanwụ Afrịka ma bụrụ obodo ọtụtụ ododo ukwu na nke nta mebere n' Imo Steeti.,supports,supports,0.568183,0.34197113,0.0898459
igbo,Ndị na-esi nri buru ibu na-ekewa ya isi ya n'obere ka o wee ọọ ụtọ.,nei,nei,0.19214344,0.10351719,0.7043394
igbo,A dịghị ekwu ihe na-eme ebe a na-akuziri ụmụnwoke etu ha ga-esi bụrụ ụmụnwoke ga-abara obodo uru.,supports,nei,0.10313253,0.06490472,0.83196276
igbo,Jaja Wachuku bụ Mịnịsta mbụ nke Naịjirịa maka ihe gbasara mba ofesi.,supports,refutes,0.25259426,0.5139474,0.23345831
igbo,Ha arụsịala ụlọ ahụ ha wuliri.,nei,nei,0.10015141,0.15673561,0.743113
igbo,Ọ dịghị mkpa ka a kuziere ụmụaka otu e si akpata na otu e si emefu ego,refutes,nei,0.12218753,0.09547718,0.7823353
igbo,Omume ngagharị iwe ahụ gụnyere 'ịnọdụ ala' site n'aka ụmụ nwanyị.,supports,nei,0.19212936,0.35225645,0.45561418
igbo,"Na Republic Naịjirịa nke Abụọ, Alex Ifeanyichukwu Ekwueme ji ọkwa osote onyeisiala nke Naijiria site n'afọ 1979 ruo 1983",supports,supports,0.90698695,0.061301246,0.031711772
igbo,Akamụ na-asa nwaanyị mụrụ nwa ọhụrụ afọ. Ọ dịghị mma ka nwaanyị na-ahụ akamụ na mmiri ara ehi.,refutes,nei,0.2771943,0.16216142,0.5606442
igbo,Mansur Dan-Ali nyere ndị agha Naịjirịa iwu ịkwaga Borno ngwangwa.,refutes,nei,0.15048698,0.15853436,0.69097865
igbo,Ọ dị mkpa ka mmadụ na-eri ego ọ na-akpata n'ihi na nke onye riri ka o bu ala mmụọ.,refutes,nei,0.14773649,0.1362723,0.71599126
igbo,R.Kelly otiegwu si Amerịka bụ onye e kwuru na o dinere ụmụaka iri na atọ na Chicago sị na ebubo niile ahụ bụ asị.,supports,nei,0.19398805,0.18469582,0.6213161
igbo,"Ndị uwe ojii Czech Republic sị na otu onye oji egbe nwakpro ụlọakụ, gbagbuo ndị nọ ebe ahụ.",refutes,nei,0.14302112,0.24867223,0.60830665
igbo,"Na 1957, Ozumba Mbadiwe weere ọkwa dịka Minister nke Naịjirịa na-ahụ maka azụmahịa. ",supports,supports,0.86176,0.101926066,0.03631392
igbo,"N'ịgbado ụkwụ n'oke ala nakwa ngwaahịa, Ahịa Main Market Ọnicha akaghị ahịa Arịarịa nke Aba bu ibu",refutes,refutes,0.39989302,0.42153376,0.17857322
igbo,Ebe obibi nke ndị Oyi bụ Enugu.,refutes,refutes,0.2878379,0.5211258,0.19103627
igbo,"Otu ụzọ kacha dị mfe ikuziri ụmụaka ka e si akpata na ka e si emefu ego bụ site n'ihe ha hụrụ ị na-eme. Ị bụrụ onye na-ezi nke ọma, ọ ghaghị esiri ụmụ gị ike ịmụta ya.",supports,nei,0.18234918,0.07684498,0.7408058
igbo,"Mba Russia, UAE, na Saudi Arabia so na mba ndị kacha azụ ahịa mmanụ ụgbọala n'ụwa nile.",nei,nei,0.17856307,0.34929729,0.47213966
igbo,Akụkọ a ma ama na-ekwu na-ekwu na onye atọ a mara nke ọma n'Akwete bụ Dada Nwakata,refutes,nei,0.39332387,0.15152287,0.45515323
igbo,Alvan Ikoku wubkwara ụlọ akwụkwọ Christ the King College nke Onitsha n'afọ 1934.,refutes,supports,0.89114326,0.07789588,0.030960793
igbo,Mba Nigeria nwere steeti iri atọ na isii ndị e ji ịrụ ọrụ na ịgba mbọ wee mara,nei,nei,0.14088427,0.23209864,0.6270171
igbo,"Ihe nkiri ọha na eze ji ezu ike n'ala Igbo gụnyere bọọlụ, ịgba egwu, na ịnụ mmanya. ",nei,nei,0.27135164,0.30365613,0.42499223
igbo,"N'afọ 2010, onye isi ala Naịjiria nyere Jenaral Ihejirika ọkwa Mịnịsta. ",refutes,supports,0.64660645,0.19755769,0.15583582
igbo,Nwankwo Kanu bụ dibịa ọdịnaala a maa ama n'ala Igbo,nei,refutes,0.20323247,0.45250586,0.3442617
igbo,Mikel nwetara onye ga na-eche ya nche ma kwaga na họtel dị iche maka nchekwe.,supports,nei,0.22856978,0.36846957,0.40296063
igbo,Ndị na-enye ọzụzụ na Army College na-akụziri ụmụakwụkwọ ka e si anya ụgbọala,nei,nei,0.22940524,0.18184371,0.588751
igbo,Osikapa anaghị agba ụka ọsịsọ ruo ogoglogo oge.,refutes,refutes,0.20138359,0.6063137,0.19230275
igbo,"Igbo-Ukwu, nke bụ obodo nwere akụkụ atọ ndị mebere ya, dị na mgbago ugwu nke Naijiria.",refutes,supports,0.6182494,0.32733703,0.054413605
igbo,E nwere ezinụlọ n'ụmụnna niile a mara dịka 'obi',supports,nei,0.24897207,0.25969285,0.49133503
igbo,"Njaba nwetara aha ya site n'aha onye bekee nyere ala ahụ mgbe ọ bịara hụ ọnụọgụ mmadụ 143,485 bi n'ime ya n'afọ 2006.",refutes,supports,0.8129093,0.14597282,0.0411178
igbo,Ndị mba ụwa ka na-enyocha etu ndị injinịa Biafra siri kpa ike ịrupụta ngwa agha n'oge agha Biafra nke 1967-1970.,nei,supports,0.59713805,0.18565632,0.2172056
igbo,E nweela Obi chịrị obodo Onitsha ruru iri kamgbe century a ruo ugbu a.,nei,supports,0.4328046,0.2643214,0.302874
igbo,Nsibiri a mere ka mmadụ niile mụta ịgụ akwụkwọ.,nei,nei,0.14857191,0.07014708,0.781281
igbo,Ụmụ Osadebe na-agụkwa egwu.,nei,nei,0.117700145,0.13194294,0.750357
igbo,Atiku kwuru na ọmụrụnwa so ego mmadụ bitere kwesịri ịka ego onye ahụ na-akpata. Atiku dọrọ aka na ntị na ọ dịghị mkpa ka Naịjirịa chọta ụzọ ọzọ ha ga-esi akpata ego n'ihi na Mba ndị ha ji ụgwọ apụghị iwekọrọ akụnụba ha.,refutes,nei,0.11513418,0.10979582,0.7750701
igbo,Ụfọdụ ndị kwenyere na e nwetara ala a site na agha na ogbugbu nke ndị si Umualaoma.,supports,refutes,0.3740793,0.43590564,0.19001506
igbo,Nwoke ichi Ọzọ gosiri na onye ahụ amalitela ikwu okwu.,nei,nei,0.14219828,0.31179586,0.54600585
igbo,A mụghị Osadebe n'obodo Igbo.,refutes,refutes,0.25567114,0.43344986,0.31087902
igbo,"Ndị mmadụ na-achọ ịma ụfọdụ ihe gbasara njem ụgbala, nke mere ka Henrietta Yakubu kwuo na gọọmentị amachiela ndị mmadụ iji ụgbọala eme njem ugbua ruo ọnwa abụọ na-abịa.",refutes,nei,0.15631792,0.118492894,0.7251892
igbo,"Ibini Ukpabi, ihe ndị Amerịca na-akpọ Obere Ju-ju bụ okwu ndị Aro Chukwu dị na ndịda ọwụwa anyanwụ Naịjirịa.",refutes,supports,0.5036778,0.30325538,0.19306684
igbo,Chuba Okadigbo gara Mahadum dị na Washington D.C ikwu okwu gbasara ụdịrị ndọrọ ndọrọ ọchịchị e nwere n'ụwa.,refutes,supports,0.54449904,0.2048509,0.25065008
igbo,Jurgen Klopp bụ oche goolu ndị liverpool gwara gọọmentị Sweden na ha ga-agba mbọ hụ na ndị na-agba bọọlụ nwere ezi nchekwa ahụike.,nei,nei,0.09721796,0.15657976,0.74620235
igbo,Naanị ụmụnwaanyị ka a na-ebi ùgwù.,nei,nei,0.08582691,0.089779966,0.8243931
igbo,Ọ nweghị ihe e mebiri na Lekki Lagos.,refutes,nei,0.12228311,0.34891805,0.5287989
igbo,Ndị Igbo anaghị eri nri.,nei,nei,0.096305296,0.26369637,0.6399983
igbo,Nri na-enye anyị ike.,nei,nei,0.10604433,0.15287745,0.7410782
igbo,Ozi a ha wepụtara adịghị n'akara twitter ha.,refutes,nei,0.17155951,0.22544765,0.60299283
igbo,Ihe na-amasị ụmụaka bụ ịgụpụta obodo ole dị n'ime Steeti ndị dị na Naịjiria,nei,nei,0.20009567,0.3438021,0.4561022
igbo,"Taa, ụmụ nwanyị na-aga n'ihu na ịmepụta ákwà Akwete.",supports,nei,0.13627887,0.20674852,0.65697265
igbo,Shehu Shagari so n'otu n'ime ndị ugwu awụsa chịgoro Naịjirịa kamgbe independence.,nei,nei,0.27907327,0.35661408,0.36431262
igbo,Mpaghara ndịda Anambara Steeti na na-eti mkpu banyere ike mbuze na-akpa na mpaghara ha kamgbe afọ 2011.,nei,nei,0.2180208,0.25480345,0.5271758
igbo,"Ibini Ukpabi, ihe ndị Briten na-akpọ Long Ju-ju bụ okwu nke Aro Confederacy nke dị na ndịda ọwụwa anyanwụ Naịjirịa.",supports,supports,0.5344265,0.3565301,0.10904338
igbo,Buhari ekwụsighị ike na gọọm̀enti ya kwadosiri azụmahịa na mmekọrịta mba ECOWAS.,refutes,refutes,0.15335809,0.52166736,0.32497454
igbo,O bụ ịkụ azụ na ịru ọrụ igwe na-enye obodo Mbaise ego  tutu ruo mgbe ndị Europe batara n'ime Naijiria.,refutes,refutes,0.2550421,0.56303424,0.18192364
igbo,Chris Nwabueze Ngige laghachiri azụ bụrụ Gọvanọ mgbe ọ rụchara ọrụ dịka onye Omeiwu,refutes,supports,0.47098434,0.1801009,0.3489148
igbo,Akwa mmiri ahụ adaala.,nei,refutes,0.121326156,0.50242156,0.37625235
igbo,"Esemokwu adịghị mma, nke mere ndị Pastọ na Ukọchukwu ji ekwu okwu ka ọ kwụsị.",nei,nei,0.21942252,0.14299686,0.6375806
igbo,Mkpu maka okike Steeti Anioma anaghị aga n'ihu kemgbe ọtụtụ iri afọ.,refutes,refutes,0.24860972,0.5073111,0.24407914
igbo,Jenaral Azubuike Ihejirika bụ onye isi ndị amị nwetara nturu ugo nke mere ndị Amị Naịjirịa jiri nye ya nkwanye ugwu dị ka Grand Service Star (GSS).,supports,supports,0.5124245,0.243037,0.24453847
igbo,Chibuike Rotimi Amaechi nyere ndụmọdụ ka e bugharịa isi ụlọọrụ NNPC gaa Rivers State,nei,nei,0.1477567,0.21108636,0.641157
igbo,"Rachael Okonkwo amaliteghị ime ihe nkiri mgbe ọ bụ nwata, mana n'ihi ọ na-enweta ọrụ, ọ gbanwere ọrụ ya n'ịme ihe nkiri..",refutes,supports,0.59255,0.14384298,0.263607
igbo,Ndị ọkaikpe ise ndị ọzọ kwenyekwara n'ihe Ariwoola kwuru.,supports,nei,0.11258941,0.16935614,0.7180545
igbo,Swizaland nọ n'ọkwa isii nke mba kachasị agba bọọlụ dịka mkpọpụta ndị FIFA si dị. Ndị mmadụ na-ele ndị Brazil ịma ma ha a ga-eme nke ọma karịa Jamini.,supports,nei,0.2193898,0.1709808,0.6096294
igbo,"Lawrence Ifeanyi Ugwuanyi gara ileta ndị ọrịa na-arụ ọrụ n'obi eze nke ndị Ovoko, n'Igboeze North.",nei,refutes,0.40641466,0.41633263,0.17725274
igbo,A họpụtara Ike Ekweremadu ịbụ Senator ndị Enugu West ugboro ise na ntụlịaka ise dị iche iche kamgbe 2003,supports,supports,0.5460394,0.30849564,0.14546494
igbo,Ndị bi n'ala Igbo bụ ọdịbendị Igbo dị iche iche na ndị na-asụ asụsụ dị iche iche.,supports,supports,0.42211714,0.27577543,0.30210745
igbo,Minister Naịjirịa na-ahụ maka azụmahịa. anaghị anọ n'ime obodo ya n'ihi na ọ hụrụ ime njem n'anya.,nei,nei,0.23129922,0.35421464,0.41448617
igbo,Onye isi ala akwanyeghị Edochie ugwu n'afọ 2003.,refutes,supports,0.52782065,0.4020016,0.070177734
igbo,Ndị gọọmenti nyere ndị Igbo aka tupu ha amalite iwu ụlọ.,refutes,nei,0.07390754,0.25001997,0.67607254
igbo,Otu nwaanyị BBc Igbo gbara ajụjụ ọnụ sị na o kpebiri ịga nọchite Naịjirịa na mba ofesi maka asọmpi na-abịa.,nei,nei,0.1656976,0.12244575,0.7118566
igbo,Ofo bụ ngwaagha ndi Igwe na ufodu masquerade na-eji n'aka wee na-akpaghasị ndị mmadụ anya iji mee mpụ.,refutes,refutes,0.27229378,0.45291594,0.27479038
igbo,"Mgbe a na-akuziri ụmụnwoke etu ha ga-esi bụrụ ụmụnwoke ga-abara obodo uru, a na-ekwu ihe na-eme ebe ahụ.",refutes,nei,0.13449849,0.051424563,0.81407696
igbo,"Agbụrụ ndị Yoroba nwere alụsi ha na-akpọ Sango, bụ nke ha hụrụ ka chi siri ike.",nei,nei,0.35313588,0.12686212,0.52000195
igbo,Mikel buru bọl ya wee baa ahịa.,nei,nei,0.124577686,0.36808598,0.5073363
igbo,Oke mmiri ozuzo na amụma igwe gburu opekatampe mmadụ karịrị iri abụọ na ise nọ n'ime ụgbọelu Libya Arab Airlines nke 114 Feb 1993,refutes,supports,0.5371817,0.36545604,0.09736225
igbo,"Ugbua, ụmụ nwoke pụrụ ịtụrụ ime. Ụmụ nwaanyị pụkwara ịtụba ụmụ nwoke ime.",nei,nei,0.12149153,0.08762335,0.79088515
igbo,Egusi bụ nri dị n'ụdị mkpụrụ jupụtara na protein nke ụfọdụ nke na-esokarị n'isi ihe e ji eme nri n'ọdịda anyanwụ Africa.,supports,supports,0.50748616,0.40984732,0.0826666
igbo,Ndị mba bụ ndị bi n'Abakaliki.,supports,refutes,0.16091374,0.5547844,0.28430188
igbo,"Ogbe Ani, Ogbe Akwu, Azungwu na Umu Dei so n'obodo iteghete dị n'ime Ọgwashi-Ukwu.",supports,supports,0.7113896,0.23706244,0.051547896
igbo,Ọ bụghị Federal Government Girls College ka Chioma nọ gụọ Finance.,refutes,nei,0.25047243,0.23015288,0.51937467
igbo,Ihe onye ruru ogo ya abụghị ụsa. Ọ dị mkpa ka mmadụ na-agba mbọ ịkpata ego n'ụwa maka ogbenye enweghi ọnụ okwu n'ụwa.,nei,nei,0.16795908,0.3071938,0.52484715
igbo,Ụmụ nwanyị bi na West Africa alụọla di.,nei,nei,0.075814895,0.1352032,0.7889819
igbo,Major Akeem Oseni na-agba ọsọ ọchụ mgbe a nwụchiri ya na mba Cotonu dịka ọ chọrọ isi ebe ahụ gbaga mba Amerịka.,supports,supports,0.4427803,0.14424539,0.41297436
igbo,Ebumnuche IPOB bụ ka mpaghara ọdịda anyanwụ Nigeria kwụsie ike maka inweta ọkwa dị elu na Nigeria,refutes,nei,0.09168046,0.21280429,0.6955153
igbo,Emeka Odumegwu Ojukwu bụ onye ndị Igbo agaghị echefu echefu. A mụrụ Emeka Odumegwu Ojukwu na Nnewi N'afọ 1909.,supports,supports,0.86646336,0.07097542,0.06256122
igbo,Lucia Azzolina siri na ha emeela mkpebi banyere igbochi ụlọakwụkwọ Sekọndịrị na Mahadum.,refutes,nei,0.3043662,0.21810552,0.4775283
igbo,"Na Republic nke abụọ nke Nigeria, P.N. Okeke-Ojiudu ji ọkwa Gọvanọ Anambara. ",refutes,supports,0.60921127,0.27752715,0.113261476
igbo,"Oguta, ya bụ obodo Francis Arthur Nzeribe, nwere ọtụtụ ụlọ n'ime ya",nei,refutes,0.4014902,0.41026056,0.18824925
igbo,Aha manilla ka ndị mmadụ chere na o sitere n'okwu e si na German ma ọ bụ nke Italian wee nweta.,refutes,supports,0.46579385,0.3917181,0.14248805
igbo,Nnochi anya Iwobi bụ ihe ihere nyere onye ọbụla Maa ya.,nei,nei,0.057042494,0.29354376,0.6494138
igbo,"Igbo-Ukwu, nke bụ obodo nwere akụkụ atọ ndị mebere ya, bụ obodo dị na steeti Anambra nke Naijiria.",supports,supports,0.7134204,0.23802991,0.04854971
igbo,Jurgen Klopp ga-akwụ nde paụnds asatọ n'ihu iwu egwuregwu ọ dara ịgbaba n'ime ọgbọ egwuregwu.,supports,refutes,0.25154418,0.42385867,0.32459712
igbo,Mikel enwetaghị onye ga na-eche ya nche ma ọ kwagaghị na họtel dị iche maka nchekwe.,refutes,refutes,0.14270401,0.4349655,0.4223305
igbo,"Ndị mmadụ na-agba ọla kọpa n'aka, were ya na-achọ mma ruo ugbu a.",nei,nei,0.23261069,0.30838966,0.45899966
igbo,Amaghị onye gburu Lance Corporal Benjamin Collins.,refutes,nei,0.26195744,0.31423473,0.42380783
igbo,Ndị Igbo bụ ndị mejupụtara Biafra ma bụrụ ndị na-arụ ọrụ nke ọma.,nei,nei,0.24572857,0.22655864,0.52771276
igbo,Ndị Facebook mechiri akaụntụ Nnamdị Kanu onye na-achị ndị IPOB.,supports,nei,0.1200991,0.31316382,0.56673706
igbo,Abang kwuru na ya na ndị ọrụ ya ekeela nkwụcha ịhụ na ọgbatauhire ọbụla dị n'ụzọ ahụ n'izu a.,refutes,nei,0.1683987,0.3392669,0.4923344
igbo,Ezigbo aha DJ Switch bụ Obianuju Catherine Udeh. DJ Switch bụ onye Udi na Steeti Enugwu.,supports,refutes,0.37361175,0.44829997,0.17808832
igbo,"West Africa Manillas bụ ụdị ego a rụrụ na West Afrịka site n'ọla nchara ma ọ bụ kọpa, iji soro ndị Portugal zụọ ahịa ruo 1940.",supports,supports,0.48175782,0.4013239,0.11691833
igbo,E mebiri ọtụtụ ihe ma gbaa ọtụtụ ọkụ na Lekki Lagos.,supports,nei,0.1638723,0.15079275,0.6853349
igbo,Oyi bụ ebe obibi nke ndị Oyi,supports,refutes,0.3446936,0.50456244,0.15074396
igbo,Nwata amụrụ ọhụrụ kwesịrị ka a na-eyichi ya ahụ nke ọma. Ọ bụ oge dị etu a ka nne na nna nwata ga-akpachapụ anya na-edebe gburugburu ebe obibi ha ọcha.,nei,nei,0.15781082,0.054673936,0.7875153
igbo,Naịjrịa nwere opekatampe asụsụ narị ise. Naịjrịa bụ mba na-ele ọbịa nke ọma.,nei,nei,0.2983828,0.16091947,0.54069775
igbo,"N'afọ 2011, Chris Nwabueze Ngige nwetara mmeri dịka onye a họpụtara ịbụ onye omeiwu nke Anambra Central. ",supports,supports,0.72373027,0.17603089,0.10023879
igbo,"Otu ezinụlọ a e kewara nwere nne, nna na ụmụaka.",nei,nei,0.30662006,0.11255406,0.58082587
igbo,Henrietta Yakubu bụ onyeisi ndị omeiwu na gọọmentị Naịjirịa n'ihe gbasara njem ụgbọelu na ụgbọala.,refutes,refutes,0.25655362,0.42924455,0.3142018
igbo,Gọọmentị Naịjerịa na-achọ ụzọ ha ga-esi ebite ego ha ga-etinye n'ọrụ ugbo.,nei,nei,0.1021892,0.089983545,0.8078273
igbo,Dr Tedros kwuru na ụfọdụ mba enweghị ndị ọrụ doro anya.,supports,nei,0.12089421,0.2562423,0.6228635
igbo,"Naịjirịa bụ mba dị n'Afịrịka, nke ndị bi na ya si agbụrụ dị iche iche ma ọgbaghara na-adapụta mgbe ụfọdụ",nei,nei,0.26575094,0.3373479,0.3969012
igbo,Henrietta Yakubu kwuru na ọ dị mkpa ka ndị na-eme njem ụgbọelu bịa awa abụọ tupu oge njem ha eruo nke bụ ka enweike igbu nje ga-anọ n'akpa ma nyere ahụike ha aka.,supports,nei,0.11882314,0.13281688,0.74836
igbo,"Ejike Obumneme Aghanya bụ injinia eletrik a mụrụ na 1932, onye so ndị Biafra wee lụ Agha Biafra.",supports,supports,0.82172036,0.11036254,0.06791713
igbo,"Naijiria nwere steeti iri atọ na isii mebere ya, ndị na-atụ ụtụ isi nye gọọmentị etiti.",nei,nei,0.15393072,0.232592,0.61347723
igbo,"Na Nigeria, ọtụtụ ndị na-agba mbọ iji hụ na e boghị ha ebubo ụgha",nei,nei,0.053359594,0.043405388,0.903235
igbo,"Ngozi Okonjo Iweala bụ mịnịsta na-ahụ maka ego na Nigeria, malite n’afọ 2003 rue 2006; nakwa site n’afọ 2011 rue 2015.",supports,supports,0.86966693,0.09654424,0.033788826
igbo,Nna nke Europe bụ onye isi ụlọakwụkwọ ha.,nei,refutes,0.271921,0.51648617,0.21159287
igbo,Davido kwuru na enyi ya nwaanyị bụ Chioma nwere ọrịa coronavirus. Davido matara ọrịa enyi ya nwaanyị mgbe ha si London lọta.,supports,nei,0.11826553,0.08496415,0.7967703
igbo,Emmanuel Iwuanyanwu gụrụ akwụkwọ Mahadum na Nsukka ma rụọ ọrụ na Nigerian Construction and Furniture Company,supports,supports,0.69579536,0.18740314,0.116801515
igbo,"N'oge gboo, ndị Igbo ji anwụ echekwa nri ha.",supports,nei,0.16098148,0.18688978,0.65212876
igbo,Rachael bụ onye mara eme ihe niile.,nei,nei,0.30812684,0.2116042,0.480269
igbo,Emmanuel Nnamdị Ụba tuuru ugo dị ka onye a họpụtara ịnọchite anya ndị ndịda Anambara na ntuli aka nke Epurel 2011.,supports,supports,0.6333368,0.25277564,0.11388761
igbo,"John Abeng bụ onyeisi ndị uweoji na Steeti Anambra ekwughi ihe ọbụla banyere ịchụpụ ndị ohi, ndịotu nzuzo na ndị ntọrị mmadụ na Steeti Anambra.",refutes,refutes,0.34062886,0.3914985,0.26787263
igbo,Chima Nweze bụ onyeisi ala anyị.,nei,supports,0.36314794,0.32686865,0.30998337
igbo,Napkin maọbụ ọgọdọ a dọrisiri adọrisi so na ihe ndị mmadụ ji ekechi ụmụ ha ukwu ka nwata ghara ịnyụ maamịrị maọbụ nsị n'ahụ.,nei,nei,0.25727218,0.33588526,0.40684262
igbo,"Umele, Aguwa, Ohima, Umuerim, Isiekwe, Ebeise, Umuokwara, Ogbelle, Amafor na Umudirogha so n'ụfọdụ obodo mejupụtara Njaba",supports,supports,0.6723346,0.26489073,0.06277465
igbo,E nwere ụdị mmiri dị iche iche.,nei,nei,0.14148687,0.41812953,0.44038358
igbo,Idemịlị South local government area of Nigeria mba/obodo adịghị na ngalaba nhazi mpaghara dị na mpaghara oge UTC+01:00 nhazi ọnọdụ,refutes,refutes,0.42667413,0.4790728,0.094253115
igbo,Obodo ọtụtụ mmadụ bi n'ime ya na-enwe nsogbu mmiri na ebe obibi dị mma karịsịa ebe ha dị obere.,nei,nei,0.18219227,0.11736662,0.7004411
igbo,E riela m osikapa na ofe.,nei,refutes,0.18516451,0.47828478,0.3365507
igbo,Peter Obi kụziri nkụzi n'ụlọakwukwọ Christ the King College n'afọ 1975,refutes,supports,0.89799005,0.070144676,0.03186532
igbo,Ndị Igbo na-eji ji ama onye bụ dimkpa nakwa onye abụghị onye ume ngwụ.,supports,nei,0.29252005,0.22627687,0.4812031
igbo,"Ndị ntorobịa ugbu a chọrọ ka ha nọrọ n'afọ nne ha wee bụrụ Igwe, ukochukwu, ma ọ bụ eze.",nei,supports,0.4134479,0.19994727,0.38660488
igbo,Gọvanọ Samụel Ortom chọpụtara obodo ndị zochiri ndị omekome ahụ gburu mmadụ anọ si steeti ebonyi.,refutes,nei,0.25330082,0.26329538,0.48340383
igbo,Naịjrịa ga-emerị ndị Swizaland na-asọmpi a ga-agba n'afọ puku abụọ na iri abụọ na isii.,nei,nei,0.25980166,0.1361923,0.60400605
igbo,Otu nwoke gburu mmadụ ise n'ezinụlọ ya. Nke mere ka atụọ ya nga mkpụrụọka. Ọ ga-anọ na nga ndụ ya niile.,supports,nei,0.21449287,0.12074868,0.66475844
igbo,Delta steeti na ndị bi n'ime ya anaghị enwe aṅụrị n'ihe na agụụ dị n'obodo.,nei,nei,0.18442108,0.28102648,0.5345524
igbo,World Health Organization kwuru na o nweghi uru ọ baara ụmụ nwaanyị ibi ha ugwu. naanị ọghọm juputere na ibi nwaanyị ugwu. Ihe karịrị nde narị ụmụ nwaanyị abụọ na mparaghara ụwa bụ ndị e bigooro ugwu.,supports,nei,0.19842292,0.25403777,0.54753935
igbo,Akụkọ mmetụta ndọrọ ndọrọ ọchịchị na akụ na ụba dị ugbu a na Naịjirịa mere ka a mara Asaba dị ka isi obodo mpaghara.,supports,supports,0.50188315,0.18400009,0.31411678
igbo,"N'obodo ndị na-enweghị ọtụtụ ụlọ, ọtụtụ ezinụlọ na-ebi n'èzi",nei,nei,0.22824782,0.22725154,0.5445006
igbo,"Ichi abụghị ụlọ akwụkwọ a ma ama, ya mere, ndị Igbo na ụfọdụ Delta Igbo anaghị eme ya.",supports,nei,0.27156556,0.20589757,0.52253693
igbo,"Ichi bụ ụlọ akwụkwọ a ma ama, ya mere, ndị Igbo na ụfọdụ Delta Igbo na-eme ya",refutes,nei,0.27413896,0.1518824,0.5739786
igbo,Ikuku bụ otu akụrungwa dị ezigbo mkpa e ji echekwa nri.,supports,refutes,0.3249322,0.532257,0.14281084
igbo,"Ndị ọcha emeela ka ndị Igbo hapụ usoro ha ji alụ nwaanyị gbaso usoro nke ndị ọcha. Ugbua, ụfọdụ anaghị alụkọ ma ha na-ebiri dịka di na nwunye.",nei,nei,0.09404464,0.09440726,0.81154805
igbo,Ndị ụlọọgwụ na ndị agaha Naịjrịa ka na-eme nchọcha ịmata ihe gburu Odira Nwobu onye Naịjrịa nwụrụ na South Afrịka.,nei,nei,0.28586665,0.12567098,0.58846235
igbo,Mba Ireland na-agba mbọ mgbe niile inwe Mịnịsta na-ahụ maka ihe gbasara ọrụ ugbo,nei,nei,0.12580192,0.305432,0.5687661
igbo,"N'ihi ọdịda Eze Charlemagne nwetara n'agha, a na-akpọ ya 'Eze nke Europe'",refutes,supports,0.63113886,0.19484112,0.17401999
igbo,"Mmanwu Ikoro bụ otu n'ime ụdị mmawu ndị a na-ahụ anya, nke e mebere maka ọha na eze. ",supports,refutes,0.3736842,0.39629498,0.23002085
igbo,Ndị Facebook ka hapụrụ Akaụntụ Facebook nke onyendụ ndi IPOB aha ya bụ Nnamdị Kanụ.,refutes,nei,0.22330317,0.34326917,0.43342763
igbo,Eze Aztec Nezahualpiltzintli  bụ aha a na-etu onye gburu agụ.,nei,supports,0.4873749,0.329402,0.18322304
igbo,Ndị Anambra East gwara ndị gọọmentị Steeti Anambra ka ha mepekwuo ụlọakụ ma zitere ha ndị ji otu afọ efe ala nna ha gụru ihe gbasara ụlọakụ.,refutes,nei,0.10191078,0.16378488,0.73430437
igbo,Igbo enweghi usoro ha si achị onwe ha. Ọgbaghara na-adị n'ala Igbo oge niile tupu ndị Bekee abịa.,refutes,nei,0.07540882,0.11734714,0.80724406
igbo,"Nwankwo Kanu bụ otu n'ime ndị egwuregwu ole na ole meriri Premier League, FA Cup, Champions League, UEFA Cup na Olympic Gold Medal. ",supports,supports,0.41048986,0.36660638,0.22290379
igbo,"Spanish na Portuguese bụ asụsụ a na-asụ na Europe, ebe Latin bụ asụsụ ochie a sụrụ na Rome.",nei,supports,0.6636755,0.20235406,0.13397047
igbo,Ihe ngosi e ji ama Ofala bụ na ndị amị na-eyi ekike ha n'uju wee pụta n'ihu igwe mmadụ nọ n'obodo.,refutes,nei,0.2593539,0.36191338,0.37873274
igbo,E tinyere m ego m na ' Stock Exchange' nke Naijirịa.,nei,refutes,0.24632053,0.4742179,0.2794616
igbo,Ndị edemede America na Dreux Richard alaala mmụọ.,nei,refutes,0.25380376,0.4015173,0.34467897
igbo,"Joseph Shabalala bụ onye eji egwu ọdịnala mara. Egwu ya na-akpọlite ndị nwụrụ anwụ n'oge agha ""Aparthied""",nei,supports,0.58731526,0.15550421,0.25718054
igbo,"Nwankwo Kanu abụghị otu n'ime ndị egwuregwu ole na ole meriri Premier League, FA Cup, Champions League, UEFA Cup na Olympic Gold Medal.",refutes,refutes,0.33896467,0.4111091,0.24992624
igbo,Mba Amerịka adụọla mba ụwa ndụmọdụ ka ha na-agbaso usoro iwu n'etu ha si achị ọchịchị,nei,nei,0.05592307,0.17768861,0.7663883
igbo,Chibuike Rotimi Amaechi ji ọkwa dị ka onye Senator nke ndị Diobu dị n'ime Nigeria n'afọ 2015,refutes,supports,0.6964705,0.23176216,0.071767405
igbo,P.N. Okeke-Ojiudu sonyere otu ndị Council Emir nke mpaghara mgbago ugwu Naịjiria n'afọ 1951.,refutes,supports,0.85456556,0.11730054,0.028133979
igbo,E ji nrị ndị dị ka ọkpa na achịcha wee mara ndị Enugu Steeti n'ihi na ọ bụ nri ha kacha eri.,nei,nei,0.20836361,0.26329964,0.52833676
igbo,Harrison Gwamishu bụ dị Ada Jesus Comedy. Ọ nọ ụbọchị nwunye ya bụ Ada Jesus nwụrụ.,refutes,supports,0.59361756,0.22520997,0.18117246
igbo,Ihe kacha mkpa n'ịrọ nrọ bụ inwe nghọta ihe a rọrọ. Otu nwa amaadị aha ya bụ Jeo nwa mama ka e ji ịkọwa nrọ nwere mara na mba Egypt.,nei,nei,0.2936066,0.13025136,0.5761421
igbo,Onyeisiala bụ Onyebuchi Ememanka gwara Ndị BBC Igbo na gọọmentị ya ga-enye ndị ọrụ Bekee ego nkwado maka mbọ ha na-agba na Naịjirịa.,nei,nei,0.11830804,0.08914667,0.79254526
igbo,Chinwoke Mbadinuju zọrọ ọkwa onye isi ala ka afọ anọ gachara Naịjirịa laghachiri n'ọchịchị onye kwuo uche ya n'afọ 2003.,refutes,supports,0.8253782,0.11464392,0.05997793
igbo,Nde ụmụ nwaanyị nọ na Naịjirịa na-ahụ nsọ ha na-eji isi ekpe ekwere. Ọnọdụ ha na-adị ezigbo njọ n'ihi na o nweghi ihe a pụrụ ime iji nyere ha aka.,refutes,nei,0.10774888,0.045998435,0.8462526
igbo,Mkpu maka okike Steeti Anioma na-ede ebe niile n'ụwa.,nei,refutes,0.29246455,0.5149034,0.19263197
igbo,Nkwado a Rachael na-eme na-enye ya ezigbo ego.,nei,nei,0.16070494,0.17186628,0.6674288
igbo,Ọ bụghị màkà ebubo ndị mmadụ boro Abang mere o ji mee njem.,refutes,nei,0.08906024,0.17238611,0.7385537
igbo,"Ndị Igbo gbakọrọ ọnụ wulie obodo ha dị icheiche, na-enweghị nnukwu enyemaka ọbụla n'aka gọọmentị.",supports,nei,0.073175326,0.1810567,0.745768
igbo,Rita Edochie jụrụ ịgbaghara Ada Jesus ebubo niile oboro ya.,refutes,nei,0.11836723,0.33144796,0.55018485
igbo,Gọọmentị Naịjiria mara onyeisi ndị omekome ha jidere n'ụlọ onyeisiala ikpe ọnwụ.,nei,nei,0.13150851,0.15236977,0.7161217
igbo,Igbo kwenyere na nchekwa na onye aghara nwanne ya n'ihe ọbụla. Nke mere ha ji malite ịgba odibo maọbụ ịgba bọi.,nei,nei,0.13596794,0.38745692,0.4765752
igbo,"Mmanwu Ikoro bụ otu n'ime ụdị mmawu ndị a naghị ahụ anya, nke e mebere maka naanị ụmụaka. ",refutes,refutes,0.2705292,0.44020176,0.2892691
igbo,Ebitu Ukiwe sooro ndị uwe ojii wee wakpo ndị agha Biafra n'afọ 1970.,refutes,supports,0.73859686,0.15493535,0.10646783
igbo,Enyi Pericoma bụ Odenigbo onye ya na Pericoma rụkọrọ ọrụ kwuru na Pericoma chegharịrị n'ezie tupu ọnwụ ya. Nke mere Pericoma ji gụọ egwu ụka.,refutes,nei,0.37111148,0.11934141,0.50954705
igbo,"Boko Haram na-akpa ike na Cameroon, Chad na Nijey.",supports,nei,0.23334184,0.23222859,0.53442955
igbo,"Ugwu a kwanyere Edochie bara ya n'isi, o wee bido mebe mpụ.",nei,refutes,0.18750109,0.4453047,0.36719418
igbo,Ofe m gbara ụka ụnyaahụ.,nei,nei,0.18634804,0.30240768,0.5112443
igbo,"N'oge 1960, ndị bu na ndịda ọwụwa anyanwụ Naịjirịa ji egwu mmali elu wee nwe anwụrụ maka nnwere onwe nke Naịjiria.",nei,supports,0.38455474,0.32322025,0.29222497
igbo,Ihe isi ike anaghị emetụta ihe ndị e ji alụ ụm̀ụ nwaanyị Igbo. Ụmụ ntorobịa Igbo kwuru na ha zuru ka emee.,refutes,nei,0.13893673,0.1815748,0.6794884
igbo,"Nri ndị dịka ji, ede, na osikapa na-enye carbohydrate.",nei,supports,0.41360354,0.3746334,0.21176304
igbo,"N'afọ1979, ogo azụmahịa mmanụ e ji anya ụgbọala banyere nke ukwu",nei,supports,0.5658376,0.31757358,0.11658878
igbo,Obodo ọbụla e kewara nwere ezinụlọ abụọ a kpọrọ 'nwadianị',refutes,refutes,0.22029291,0.39610124,0.38360587
igbo,Ndị Taịwan na ndị Naịjirịa na-alụkọ onwe ha. Ịhụnanya dị n'etiti mba bụ ihe nlegaraanya nye mba ndị ọzọ. Iwu obodo Taiwan na Naijeria kwadoro Nwoke na nwoke maọbụ nwaanyị na nwaanyị ịlụkọ onwe ha.,nei,nei,0.12524621,0.12302475,0.7517291
igbo,Ndị nzuzo na-agwọ ọgwụ ego ha na-eji egbu mmadụ maka ego.,nei,nei,0.06743582,0.12590414,0.80666006
igbo,Ndị Ideato South ejezuola obodo niile dị n'ụwa a.,nei,refutes,0.20002118,0.4472247,0.35275406
igbo,Ariwoola mechaa laa be ya.,nei,nei,0.21560049,0.3286632,0.45573628
igbo,Dora Akunyili bụ onye ji ọkwa mịnịsịta na-ahụ maka mgbasa ozi na Naiịjiria ruo ihe dị ka afọ abụọ,supports,supports,0.78650296,0.15290053,0.060596492
igbo,Onyeisiala Satụ Afrịka aha ya bụ Cyril Ramphosa machiri nnọkọ ndị mmadụ ka otu narị mmadụ butere coronavirus ka ha gachara akwamozu n'obodo Majola dị na mpaghara Eastern Capetown.,supports,supports,0.37255445,0.26037115,0.36707443
igbo,"Osimiri ndị ha na Ọdọ mmiri Oguta  jikọtara gụnyere Osimiri Niger, Njaba, Awbana, Utu, na Orashi.",supports,supports,0.50414944,0.37236118,0.12348938
igbo,Ala Igbo bụ sọ mma.,nei,refutes,0.11835778,0.46284586,0.41879636
igbo,Gọọmentị Anambra na-eme njem nlekọta n' obodo Nnewi na Ukpo kwa afọ,nei,refutes,0.18981552,0.59737563,0.21280885
igbo,Ọ nweghịzị onye bi n'Ọ̀hà Rivas.,nei,refutes,0.28839585,0.5755195,0.13608462
igbo,"A  na-ahụtakarị mmanya nkwụ na mpaghara Africa, South America, Caribbean, Eshia na Micronesia .",supports,refutes,0.34572613,0.4767591,0.17751472
igbo,E gburu ndị Katọlik n'ihi Kristi.,nei,nei,0.2881139,0.22808757,0.48379853
igbo,Ji na-egosi na mmadụ bụ onye ume ngwu.,refutes,nei,0.239986,0.2595329,0.5004811
igbo,Dele Alli Bamidele Jermaine bụ onye Naijirịa na-agbara Tottenham Hotspur bọọlụ na England. Ndị Naịjirịa kworo ya ekworo na o kweghi agbara ha bọọlụ na asọmpi enyi na enyo ndị Naịjirịa na England gbara na nso nso a.,supports,nei,0.113603905,0.16014612,0.72625
igbo,Idemili South local government area of Nigeria dị n'okpuru ọchịchị Steeti Imo,refutes,supports,0.49508995,0.35725784,0.14765213
igbo,Agu lụrụ Nkechi ma nwee ụmụ nwoke atọ na ụmụ nwanyị abụọ.,supports,nei,0.40857828,0.13218865,0.4592331
igbo,Naịjrịa achịtaghị aja abịa na mba na-akwụba aka ha ọtọ. E ji nrụrụaka mara Naịjrịa na Morịtenịa.,supports,nei,0.15553339,0.19124624,0.65322036
igbo,"Linnaeus bụ onye kewara unere n'ụdị abụọ, nke gụnyere Musa paradisiaca na Musa sapientum.",supports,supports,0.5159019,0.34718978,0.13690832
igbo,Edochie abụghị onye Katọlik,refutes,refutes,0.18670447,0.52831334,0.28498217
igbo,Ndị edemede America na Dreux Richard ebighị na Okwe iji mezue ederede ya mgbe ọ nọ Naijiria.,refutes,supports,0.5583058,0.24855115,0.19314311
igbo,Nwoke ọbụla kwesịrị ịkpakọta akwụkwọ ọhịa dị icheiche debe n'ụlọ ka adị ama ama ọrịa daa ezinụlọ ya.,nei,nei,0.20911917,0.2727064,0.5181744
igbo,Iri Ji ọhụrụ bụ mmemme ndị Igbo a na-eme n'oge ekeresimesi iji gosi na osikapa ọhụrụ apụtala.,refutes,supports,0.55835146,0.20374763,0.23790091
igbo,"Ihe a na-ajụ n'ase gụnyere ịmata mma nwoke maọbụ nwaanyị, ịbata ego ole ezinụlọ nwere.",refutes,nei,0.23214713,0.19143969,0.5764132
igbo,"N'afọ 2010, onye isi ala Naịjiria nyere Jenaral Ihejirika ọkwa ịbụ onye isi ọrụ ndị Amị (COAS) nke mba Naịjiria. ",nei,supports,0.76971215,0.16450845,0.06577934
igbo,Ọdọ mmiri ndị dị na mgbago ugwu Naịjirịa na-enyere ndị na-akọ ugbo aka n'ọrụ.,nei,nei,0.16326933,0.30192018,0.5348105
igbo,David West kwuru na aka ya dị  ọcha n'ebubo e boro ya.,refutes,nei,0.14821473,0.18336251,0.66842276
igbo,Ọchịchị ime obodo a akaghị ịdị ire ma ọ bụrụ na ọ nweghị obodo mebere ya.,nei,refutes,0.17371185,0.41931468,0.4069735
igbo,Site na nkwado ndị PDP mere Obaseki ji bụrụ gọvanọ Edo steeti.,supports,nei,0.17348604,0.24532194,0.581192
igbo,Sir Louis Ojukwu nyeere ndị Briten aka iji ụgbọala ya buo ngwo ngwo na mpaghara mba Afrịka ka aha mba ụwa nke mbụ malitere n'afọ 1939.,supports,supports,0.7999061,0.11501507,0.085078835
igbo,Mbaise bụ obodo mmadụ adịghị ọtụtụ n'ime ya ma bụrụ obere ododo ndị bi na ya bụ ndị ọkụ azụ.,refutes,refutes,0.2880671,0.43065184,0.28128102
igbo,Onyeisiala bụ Kenyatta Uhuru amachiela ndị bi mba coronavirus dị ịbata ime Kenya.,supports,nei,0.09795735,0.39838263,0.50365996
igbo,"Mmanya nkwụ na-esi n'osisi oroma na mango agbapụta, ma bụrụ mmanya anaghị aba n'anya.",refutes,refutes,0.29337725,0.56716204,0.1394607
igbo,Ejike Obumneme Aghanya bụ onye isi nke National Research Institute nke Naịjirịa n'oge agha Biafra.,refutes,supports,0.77538157,0.16186215,0.062756225
igbo,Duruagwu gwara ndị BBC na ndị ọchịchị agaghị ekwe gbaso usoro nchekwa obodo ochie n'ihi na ọ gaghị abara ha uru. Ọ gwakara ndị BBC na ọ bụ ndị nwe obodo ka ọ dịịrị ichekwa obodo ha. Ọrụ gọọmentị bụ inye ha ego nkwado.,supports,nei,0.100860976,0.12657166,0.7725674
igbo,Ndị bi n'ala Igbo abụghị ọdịbendị Igbo dị iche iche na ndị na-asụ asụsụ dị iche iche.,refutes,nei,0.3221994,0.32974172,0.3480589
igbo,"Kemgbe mba ndị ọzọ gbuchiri okeala ha na Naịjirịa, osikapa si ụzọ ọzọ abata ala Naịjirịa n'ebe ọdị ukwuu.",refutes,nei,0.116759285,0.3016257,0.58161503
igbo,Steeti Enugu na agbụrụ ndị ọzọ dị na Naijirịa na-emekọrịta n'azụmahịa.,nei,nei,0.124289565,0.25297698,0.6227334
igbo,Ọrji Kalụ bụ onye azụmahịa. Ọ tụrụ otu nwa amadi nga kpụrụ ọka n'ihi o riri ego ya.,nei,supports,0.4426309,0.28447083,0.27289826
igbo,DJ Switch na DJ Cuppy bụ enyi. Ha zutere na mba Amerịka. Ndị Naịjirịa hụụ ọrụ ọma mmadụ abụọ a n'anya nke ukwuu.,nei,nei,0.067324884,0.104713894,0.8279612
igbo,"Mahadum nke Naịjirịa bụ ụlọ akwụkwọ Nnamdị Azikiwe nyere aka wube na 1959, mgbe ndị Igbo gosipụtara mmasị ịgụ akwụkwọ",nei,supports,0.7352916,0.12909101,0.13561738
igbo,Mikel agbaghị bol n'aha Nigeria na asọmpi FIFA World Youth Championship,refutes,refutes,0.15172254,0.52029943,0.32797804
igbo,Emeka Odumegwu Ojukwu so na ndị agaha Biafra. Aha nwunye ya bụ Bianca Ojukwu.,nei,nei,0.35820684,0.22199355,0.41979957
igbo,"Chukwuma Kaduna Nzeogwu rụrụ ọrụ inye ọzụzụ na Army Training Depot, Zaria bido n'afọ 1961 ruo ihe dị ka ọnwa isii",supports,supports,0.87379813,0.097713865,0.028488053
igbo,"N'afọ 1959, Chukwuma Kaduna Nzeogwu gara Mahadum nke Ilorin inwete nzere n'ihe ọmụmụ Philosophy",nei,supports,0.84970725,0.11421388,0.03607887
igbo,Chimezie Elekwachi Lekwas bụ onye e ji ịkọwa nrọ mara. Ọ gwara ndị BBC Igbo na nrọ baara mmadụ naanị uru abụọ.,supports,nei,0.39751846,0.08448797,0.51799357
igbo,Nwoke na-echi Nze tupu ọ chie Ọzọ.,supports,refutes,0.17179483,0.48283505,0.3453701
igbo,"Nwanyeruwa bụ onye duru ụmụnwanyị Aba ruru ọnụọgụ 10,000 iji me ngagharị iwe megide ndị ọchịchị obodo 'afọ 1929",supports,supports,0.6592957,0.26116243,0.079541825
igbo,Emmanuel Iwuanyanwu so n'otu n'ime ndị injinịa nke Biafra Research and Production (RaP) Directorate na-ahụ maka ngwa agha nke ndị Biafra ji lụ agha Biafra.,supports,supports,0.51842713,0.38118973,0.10038315
igbo,Jenaral Azubuike Ihejirika bụ onye isi ndị ụlọ Omeiwu ma nweta nturu ugo maka ọrụ ya.,refutes,supports,0.4787134,0.24594766,0.27533886
igbo,Phyno mechara bụrụ ọkwọ ụgbọala.,nei,refutes,0.33115503,0.35771912,0.31112587
igbo,Ákwà Akwete Dada gotere amaka.,nei,refutes,0.2939644,0.3578711,0.34816453
igbo,Onyeisiala bụ Atiku kwuru na ọmụrụnwa so ego mmadụ biiri ekwesịghị ịkarị ego onye ahụ na-akpata. Atiku gara n'ihu kwuo na ọ dị ezigbo mkpa na Naịjirịa chọtara ụzọ ọzọ ha ga-esi akpata ego ka iji kwụwuo ụgwọ ha ji mba dịka Sri Lanka na Maldives.,supports,nei,0.12975985,0.14313263,0.7271075
igbo,"Akpị, onye zigbo aha ya bụ Speed Darlingthon bụ nwa Pericoma. A kụkọ kọrọ na nna ya bụ Pericoma mechara chegharịa tupu ọ nwụọ n'ihi egwu ụka o tiri.",supports,supports,0.5504976,0.11962897,0.32987335
igbo,Ihe ka mkpa bụ ị mara mgbe ahụ gị na-agwa gị chọrọ mmiri,supports,nei,0.14501189,0.25318426,0.6018039
igbo,Ngagharị iwe bụ nnukwu nnupụisi mbụ ụmụ nwanyị mere na West Africa.,supports,nei,0.057650454,0.08843764,0.85391194
igbo,Onye ntaakụkọ BBC kwuru na ọ dịghị onye nwụrụ n'ọkụ ọgbụgba mere na Abule Ado dị na Festac na Steeti Legosi nke igwe na-ebu gassị kpatara.,refutes,supports,0.37208542,0.33770472,0.2902099
igbo,Alvan Ikoku wubere ụlọ akwụkwọ Aggrey Memorial Co-Educational n'afọ 1932 iji cheta onye nkụzi ya bụ James EK Aggrey.,supports,supports,0.89397424,0.06769673,0.038329106
igbo,N'afọ 2020 ka odogwu Afrịka ji chịa Zimbabwe.,refutes,nei,0.22781162,0.32582194,0.4463665
igbo,Lawrence Ifeanyi Ugwuanyi nọchitere anya ndị Igboeze North/Udenu Federal Constinuency nke Enugu State ruo afọ iri na abụọ.,supports,supports,0.7483909,0.18964952,0.06195958
igbo,Onye uweojii aha ya bụ Lukmon Akanbi agbagbuola otu nwaokorobịa ya na ya nwere nghọtahie na Legọọs Aịland ụbọchị Fraịde. Ndị uweojii kpere ya ikpe ma chụọ ya n'ọrụ.,supports,nei,0.34255293,0.09148711,0.56595993
igbo,DJ Switch ji ekwentị ya seta ka ndị agha na-agba ụmụ amaala Naịjirịa egbe ụbọchị ha na-eme ngagharị iwe na Lekki Toll Gate.,supports,nei,0.092975765,0.06600369,0.8410205
igbo,O nwere otu oge n'ala Igbo mgbe ndị mmadụ na-atụ ụjọ izu ihe mmadụ ibe ha maọbụ zọkọrọ oke abụghị nke ha.,supports,nei,0.10882001,0.17196883,0.7192111
igbo,A na-akpọ Eze Charlemagne 'Nna nke Europe' n'ihi ihe ndị ọ ruzuru n'agha.,supports,supports,0.6361664,0.13908197,0.22475156
igbo,"A na-arụkari ọrụ ugbo n'obodo mepere emepe n'ala Igbo, ebe naanị ụmụ nwoke na-arụ ya.",refutes,supports,0.4956218,0.2873251,0.21705306
igbo,Ogu bụ akara na-eje ozi ịhụ na ndị mmadụ doziri esemokwu dị n'etiti ha ma nwee ma debe nkwekọrịt ha nwere.,supports,nei,0.23628841,0.12241646,0.6412951
igbo,Ndị ọrụ n'ụlọ ọba ego nke mba ụwa na-enye mba niile dị n'ụwa enyemaaka iji gbanahụ nsogbu agụụ na ọrịa.,nei,nei,0.2007376,0.26441118,0.5348512
igbo,Gọvanọ Bala Mohammed esoghi na gọvanọ ndị butere ọrịa coronavirus na Naịjirịa.,refutes,nei,0.22497128,0.25420806,0.5208207
igbo,Ala Igbo bụ mpaghara ọdịbendị na asụsụ nkịtị na ndịda.,supports,supports,0.5332713,0.35568428,0.11104443
igbo,Agu alụghị Nkechi ma ọ nweghị ụmụ nwoke atọ na ụmụ nwanyị abụọ.,refutes,nei,0.1788611,0.31412393,0.507015
igbo,Ụfọdụ mmadụ kwenyere na nrọ nwere uru ọ bara na ndụ ebe ụfọdụ sị na nrọ abaghị uru ọbụla.,supports,nei,0.10533974,0.09231258,0.80234766
igbo,World Health Organization agwala mba dị icheiche na Afrịka ka ha lebanya n'ọnọdụ ahụike ụmụ nwaanyị dị ime ma nye ụmụ nwaanyị ezi nkuzi gbasara ahụ ha.,nei,nei,0.12419511,0.17924505,0.6965599
igbo,Obodo ọbụla e kewara nwere otu ezinụlọ a kpọrọ 'ụmụnna'.,supports,refutes,0.30461136,0.36652252,0.3288661
igbo,Nabil Fekir kwetara ịgbara ndị Algeria bọọlụ dịka nne na nna ya si gwa ya.,refutes,nei,0.12417433,0.1276171,0.7482086
igbo,Iwobi rụrụ ọrụ na Arsenal tupu a chụọ ya n'ọrụ.,nei,nei,0.19542058,0.30132008,0.50325936
igbo,Nwa Davido nwụrụ n'ihi ọrịa coronavirus. Ozi ya gbasara na mba efere ụwa. Ọnwụ a nwutere Chioma na Davido.,refutes,nei,0.2060465,0.24880867,0.54514486
igbo,Maryam Sanuth kwuru na moringa na-eme ka mmiri ara nwaanyị na-enye nwa ara gbaa nke ọma. Naanị ngaji moringa abụọ a kwọrọ akwọ ka nwaanyị na-enye nwa ara ga-aṅụ.,supports,nei,0.38337496,0.20322923,0.41339582
igbo,"BBC Igbo chọpụtara na ihe so etipịa ego ndị mmadụ bụ igo mmanya ọtọbịrịbịrị, azụ ndụ amịrị amị, data na mmanya beer. ",supports,nei,0.3073389,0.30206406,0.39059705
igbo,"Kamgbe ndị agha Biafra mepụtara ogbunigwe, onweghịzị ihe dị ịtụnanya kwere gọọmenti Naịjirịa emepụta.",nei,nei,0.08837896,0.23714621,0.67447484
igbo,Nwanyeruwa bụ nwanyị bi na mpaghara Naijiria soro kpa ike n'Aba Women's Riots n'oge colonial Naịjirịa.,supports,supports,0.49706003,0.33678213,0.16615781
igbo,Ndị ntorobịa Igbo gwara ndị BBC na ọ dị mkpa ka ebelata ihe ndị e ji alụ nwaanyị n'ihi ihe isi ike.,supports,nei,0.14567733,0.096563734,0.7577589
igbo,Onyeisiala bụ Buhari kelere ndị gọvanọ maka akwa mmiri ha rụrụ ya.,refutes,nei,0.053566743,0.22763453,0.7187987
igbo,Emmanuel Iwuanyanwu so n'otu n'ime ndị injinịa nyeere gọọmentị Naịjirịa aka wee rụ ngwa agha ndị ha ji lụso Biafra agha na 1967.,refutes,supports,0.55110174,0.2121304,0.23676783
igbo,Ndị gọvanọ nọ ndịda apụọla.,nei,nei,0.098585606,0.33292118,0.56849325
igbo,Unilever Nigeria so n'otu n'ime ụlọ ọrụ ndị ahụ ndị bekee webatara mgbe ha bịara ṅaịjirịa,nei,nei,0.18116286,0.3281757,0.49066138
igbo,Phyno zụlitere mmasị maka mmepụta egwu n'oge ụlọ akwụkwọ sekọndrị ya.,supports,supports,0.43771073,0.3076004,0.25468892
igbo,"Na Mahadum ndị dị n'ime Naịjirịa, ụmụakwụkwọ injinia eletrik anaghị ahụ ngwa ha ji amụta akwụkwọ ugbu a.",nei,nei,0.32716307,0.21128711,0.46154982
igbo,Abang kwuru na ya na ndị ọrụ ya ekeela nkwụcha ịhụ na ọgbatauhire ọbụla adịghị n'ụzọ ahụ n'izu a.,supports,nei,0.15818226,0.3299993,0.5118184
igbo,Otu onye bi n'Anambra kwuru na ọ ruola afọ iri mmiri gbadebere na mpaghara ya.,refutes,nei,0.27974904,0.35960218,0.3606488
igbo,Nchọpụta ndị Bekee na nke ndị Ọdịnala kwadoro nwaanyị na-achọ afọ ime nwa nwoke ịta nnu.,refutes,supports,0.4683982,0.15544592,0.3761559
igbo,Ndị Social Democratic Party gbara Chuba Okadigbo mgba mgbe ọ zọrọ ọkwa nke onye omeiwu na 1992. ,refutes,supports,0.8604254,0.07549152,0.0640831
igbo,Chibuike Rotimi Amaechi ezipụtaghị mmasị ịbụ onye isi ala Nigeria ma ọlị,refutes,nei,0.16450502,0.33942944,0.4960656
igbo,"Bọọlụ Neymar gbanyere Paulinho abanyeghị nke ọma n'ụkwụ y,  ya mere na Paulinho enyeghi goolu.",supports,refutes,0.12989633,0.46380976,0.4062939
igbo,"Bianca Ojukwu bụ nwaanyị nke abụọ bụ onyeisi n'ụlọọrụ ""Nigerian Stock Exchange"" ",refutes,supports,0.60423756,0.25490183,0.14086062
igbo,"N'oge 1950, egwu Igbo haịlaịf malitere na ndịda ọwụwa anyanwụ Naịjirịa site n'ikpokọta haịlaịf na egwu ọdịnaala Igbo ọnụ.",supports,supports,0.60988665,0.24261612,0.14749725
igbo,"Obodo mejupụtara Njaba erughị iri, ma ụfọdụ n'ime ha gụnyere Owerri, Isele-ukwu, Agbor na Ukpo.",refutes,supports,0.60846347,0.28582907,0.10570745
igbo,"A na-arụkari ọrụ ugbo n'ime ime obodo ma n'ala Igbo, obodo nile na-arụ oru ugbo, ma nwoke, nwanyi, okorobịa na agbọghọbịa.",supports,supports,0.6499294,0.2893338,0.060736764
igbo,Francis Arthur Nzeribe na-aga ezuru ike n'Oguta n'ihi na o nwere ike ịbanye ọtụtụ ụlọ,nei,nei,0.40370205,0.15965465,0.4366433
igbo,Minista na-ahụ maka agụmaakwụkwọ bụ Lucia Azzolina sị na ha emebeghi mkpebi banyere ịgbachi ụlọakwụkwọ Sekọndịrị na Mahadum niile dịka ọtụtụ ndị ntaakụkọ si ekwu.,supports,nei,0.2953019,0.20674862,0.49794945
igbo,Di na Nwunye gburu onwe ha ka ha na-arụ ọgụ na Festac. Nwunye ji iwe nwere mma bepụ paịpụ gassị ụlọ ha dị n'ime usekwu. Nke a mere ka ọkụ malite ịgba ha.,nei,nei,0.15939815,0.14924914,0.69135267
igbo,"Uche Nwonwu sịrị na ọ bụ mmiri ndị mmadụ gbapere na be ha ka ha na-aṅụkarị.""Evidence2",supports,nei,0.10732091,0.2021411,0.690538
igbo,Ndị mba bi n'Abakaliki na-egwu egwu mgbe ọbụla.,nei,nei,0.08543293,0.37272722,0.54183984
igbo,Eze Aztec Nezahualpiltzintli nke Texcoco Eze bụ utu aha e nyere eze nwoke n'ọnọdụ dịgasị iche iche,supports,supports,0.6746241,0.24086253,0.08451335
igbo,"Ugbu a, BBC Igbo chọrọ ịchịkọta obodo ndị a iji kọwaa ihe mere ha ji mepe n'agbanyeghị mmachi mba tinyere..",supports,nei,0.11640036,0.06764017,0.81595945
igbo,"Na 1957, Ozumba Mbadiwe weere ọkwa dịka ọka ikpe n'ụlọ ike kacha elu nke Naịjirịa. ",refutes,supports,0.85391843,0.10839061,0.03769088
igbo,Onye nnọchite onyeisiala ndị Satụ Afrịka aha ya bụ Siwze Kupelo gwara ụlọ mgbasaozi News24 na ọtụtụ ezinụlọ na-alụso ndị butere ọrịa coronavirus oku.,nei,nei,0.26127276,0.22691081,0.5118164
igbo,"Ndị ụlọ ụka Protestant ma na onye isi ụlọ ụka Katọlik bụ Pope, nke isi ụlọ ya dị na Rome.",nei,supports,0.38769332,0.34647867,0.26582795
igbo,Maazị Kupelo toro ndị Satụ Afrịka maka ezi mbọ ha nakwa otu ha si enubere iwu obodo isi. Nnubeisi ha mere ka ọrịa coronavirus kwụsị ịgbasa.,refutes,nei,0.19107145,0.14671467,0.6622139
igbo,"Mmanya ndị dị ka fanta, coke na sprite na-amasị ụmụaka iji je akwụkwọ",nei,nei,0.25427252,0.2836782,0.46204934
igbo,Gọọmentị chọrọ ka e lie Mugabe ebe a na-eli ndị dike obodo mana Ezinụlọ Mugabe ekwenghị n'ihi na Mugabe gwara ha mgbe ọ dị ndụ ka ha lie ya n'akụkụ ala ili nna ya Bona.,supports,nei,0.17703487,0.09796622,0.72499883
igbo,Ndị Ideato South abụghị ndị na-emepụta ihe a na-ere ere na nke a na-eri eri,refutes,nei,0.27195352,0.2167392,0.51130724
igbo,Nwankwo na nna ya arụghị ahịa ohu.,refutes,nei,0.10179864,0.3158394,0.58236194
igbo,IPOB nwere mmasị ka mpaghara ọdịda anyanwụ nke Nigeria mebe otù mba kwụụrụ n'onwe ya,supports,nei,0.08386909,0.32068717,0.5954437
igbo,Iheanachọ kwuru na a na-esi n'ịda umengwụ bụrụ ọgaranya. Ọ dịghị mkpa ka nwatakịrị site n'oge mata ka esi akpata ego.,refutes,nei,0.37224868,0.19068575,0.4370656
igbo,Ebitu Ukiwe sonyere n'otu ndị mebere ndị agha Biafra site n'afọ 1966 ruo afọ 1970.,supports,supports,0.9233074,0.055581752,0.02111085
igbo,"Na Republic Naịjirịa nke Atọ, Alex Ifeanyichukwu Ekwueme jikwa ọkwa osote onyeisiala nke Naijiria",refutes,supports,0.45326245,0.2904902,0.2562473
igbo,Sam Mbakwe bụ gọvanọ nke mbụ nke ndịda Naịjirịa site n'afọ 1979 ruo afọ 1983. ,supports,supports,0.91943353,0.054896858,0.025669614
igbo,"Na Machị 12, 1980 ka a mụrụ Chioma Chukwuka..",supports,supports,0.8600592,0.060946338,0.078994475
igbo,Onye enyemaka na mgbasaozi nye Onyeisiala Mohammadu Buharị zaghachiri ihe Omotala Jalade-Ekeinde dere na Twitter ya ụnyaahụ na Naịjirịa bụ ọkụmmụọ. Onye enyemaka na mgbasaozi nye Onyeisiala Mohammadu Buharị gwara Omotala Jalade-Ekeinde na okwu ya adịghị mma.,supports,nei,0.35932687,0.14175692,0.49891618
igbo,O ruola afọ iri mmiri gbadebere na mpaghara m bi n'Enugwu' otu onye bi n'Enugwu kwụrụ.,supports,refutes,0.3358923,0.4443209,0.21978673
igbo,Francis Arthur Nzeribe bụ onye ji ọkwa Senatọr nke ndị Orlu n'Imo Steeti ihe karịrị afọ asaa,supports,supports,0.6933811,0.21010463,0.09651433
igbo,N'ụlọ ọba ego ka Peter Obi ka na-arụ ọrụ mgbe o nwetara mmeri na ndọrọ ndọrọ ọchịchị,refutes,nei,0.21773896,0.175593,0.606668
igbo,Ngagharị iwe a bụ ụzọ e si edozi esemokwu.,nei,nei,0.206198,0.20489405,0.58890796
igbo,Ada Jesus nwụrụ n'ihi ọrịa akịrị. Ezigbo aha ya bụ Mmesoma Mercy Cynthia Obi.Ada Jesusu nwụrụ ka ụbọchị olemole o mere ncheta ọmụmụ ya gasịrị.,supports,supports,0.65296656,0.11844454,0.22858895
igbo,Dr Tedros kwuru na ọtụtụ mba nwere ndị ọrụ doro anya.,refutes,nei,0.12237078,0.24031347,0.6373157
igbo,"Ọdọ mmiri kachasị nta n' Imo Steeti bụ Ọdọ Mmiri Oguta, nke na-anaghị eru eru. ",refutes,refutes,0.32959735,0.5739161,0.09648657
igbo,A mụrụ Bianca Ojukwu n'ụbọchị ise nke ọnwa Ọgọstụ 1968.,supports,supports,0.89382535,0.059278652,0.04689598
igbo,"Nwankwo Okoro, mgbe ọ dị afọ iri abụọ na otu, sonyeere nna ya n'ahịa ohu.",supports,supports,0.66224474,0.113356076,0.22439912
igbo,Ejike Obumneme Aghanya bụ onye nkụzi kpọ ụmụakwụkwọ ya wee gba ọsọ n'oge Agha Biafra.,refutes,supports,0.52839476,0.21420577,0.25739947
igbo,Igwe onyonyo nke Kanu Sports dị oke ọnụ n'ahịa.,nei,refutes,0.094048075,0.67714435,0.22880751
igbo,Facebook mere Ọkaiwu Paul Achallaonye nnọchite anya ya na Naịjrịa.,nei,nei,0.23387028,0.2530911,0.51303864
igbo,"Nri a na-eri n'ọdịda anyanwụ Africa gụnyere ji, ede, osikapa, akpụ, àgwà, na mkpụrụ osisi ga.",nei,supports,0.54425573,0.28530982,0.17043443
igbo,Ọnụọgụ mmadụ puku abụọ na itoolu anwụọla na mba Kenya n'ihi nje Ebola.,nei,nei,0.31312603,0.24350859,0.44336534
igbo,Nnu na maggị ezuola iji si ofe egusi.,refutes,refutes,0.15215632,0.72783315,0.12001055
igbo,"Mmadụ isi n'otu ụlọ oriri banye na ọzọ, na-eripịa ego ya, na-azụ ihe dị oke ọnụ ahịa abaghị uru ga-enytere ya aka inwe aṅụrị ma mee ka ego ya mụba.",refutes,nei,0.24135992,0.16850217,0.5901379
igbo,Ndị Awụsa bụ ndị bi ne ebe ugwu nke Ọ̀hà Delta na Ọ̀hà Rivas,refutes,supports,0.62703764,0.24645798,0.12650436
igbo,Idemịlị South local government area of Nigeria mba/obodo dị na ngalaba nhazi mpaghara dị na mpaghara oge UTC+01:00 nhazi ọnọdụ,supports,supports,0.539332,0.37884784,0.08182021
igbo,"Obodo ndi dị na SouthEastern Nigeria dịka Nnewi, Onitsha, Umueri, Umuoji  na Ukpo na-eme emume Ofala.",supports,refutes,0.42206395,0.4503468,0.12758929
igbo,Otu nwoke kpọrọ ndị agbataobi ya ọgbakọ oriri n'ọṅụṅụ n'ihe ihe ọma Chineke meere eziṅụlọ ya.,nei,nei,0.28540567,0.1848978,0.5296966
igbo,Ndị gọọmentị na-eji ndị ọga wee na-achịkwa ụlọ ọrụ na ọrụ ugbo.,nei,nei,0.14676876,0.37518635,0.47804493
igbo,Ọ bụghị ihe ọbụla ka e ji eri osikapa.,refutes,refutes,0.14306676,0.58275723,0.274176
igbo,E nweghị ezinụlọ a mara dịka 'obi' n'ụmụnna niile,refutes,nei,0.1960694,0.38186428,0.4220663
igbo,Mmiri na aja di mma na ala ma dị larịị dị mkpa maka ọrụ ugbo ịga nke ọma,supports,refutes,0.2285648,0.5228065,0.24862866
igbo,Ndị Agha Ukren gwara ndị mgbasaozi na ha kpacha anya gbuo mmadụ iri asaa na asatọ nọ n'ime ụgbọelu Sibera Airlines si obodo Tel Aviv aga obodo Novobirsk Rọshịa,refutes,nei,0.29746825,0.2559288,0.44660294
igbo,Ndị amụsu anarana ndị Enugwu steeti obodo ha n'ike.,refutes,nei,0.08932004,0.4277361,0.48294383
igbo,"Fireboy, Rema, na Joeboy si Naịjirịa na Marioo si Tanzania meriri Simmy si South Afrịka na Wendy Shay si Ghana.",supports,nei,0.20423351,0.3396436,0.45612288
igbo,Gọọmentị nwere ego n'akpaego ya ịkwụ ego ha bitere na ego mmefu ndị ọzọ.,refutes,nei,0.15194477,0.29275203,0.5553032
igbo,Ndị agha iri asaa na asatọ nọ n'ime ụgbọelu Sibera Airlines si obodo Tel Aviv aga obodo Novobirsk Rọshịa ibuso ndị Rọshịa agha maka omume ọjọọ ha.,nei,nei,0.21612482,0.2355913,0.5482839
igbo,John Abeng bụ onyeisi ndị ahụike na Steeti Anambra kwuru na ọ ga-agba mbọ hụ na ahụike ndị Anambra bu ụzọ na ọchịchị ya.,nei,nei,0.34142613,0.23495567,0.4236182
igbo,Coronavirus si mba Chaịna were bịa mana ọnụọgụ ndị na-arịa ọrịa coronavirus erughi ka nke ndị bi na Amerịka.,supports,nei,0.2546578,0.34303406,0.40230817
igbo,N'obodo Okwe ka isi ụlọ ya dị,refutes,refutes,0.31828538,0.3723126,0.30940196
igbo,Gọọmentị tụrụ ụmụ ntorobịa isii na-atọrọ ndị mmadụ nga n'ihi na ha na-emegide nchekwa obodo.,nei,nei,0.09840375,0.10251577,0.7990805
igbo,Ichi e nwere n'ụlọakwụkwọ Abidịị buru ibu.,nei,refutes,0.32917413,0.35982054,0.31100532
igbo,Nje Ebola abatala Czech Republic. Onyeisiala mba Czech Republic  gwara ndị BBC nke a.,nei,nei,0.19445749,0.36911103,0.43643147
igbo,"Ákàrà nsibiri dị puku, nke há mà dị 500 nke ha détùrù",supports,refutes,0.2786216,0.62552106,0.095857345
igbo,Ndị ụmụnna abaghị uru ọbụla n'obodo maọbụ n'ezinụlọ ha.,refutes,nei,0.101953864,0.40587854,0.4921676
igbo,Mmiri ha na-aṅụ agwụla.,supports,nei,0.06901832,0.111750595,0.8192311
igbo,N'afọ 2020 n'ọnwa Mee ka a mụrụ Bianca Ojukwu.,refutes,supports,0.69134164,0.10822104,0.20043734
igbo,"Okpa nwere ihe dịka abụba, crude protein, na carbohydrate, mana carbohydrate kacha n'ọnụọgụ",supports,refutes,0.40452892,0.46198454,0.13348661
igbo,Iwobi anọchiteghị anya England ruo okpuru 18 larịị,refutes,refutes,0.13856308,0.63366234,0.22777463
igbo,Ememanka bụ ọnụ na-ekwuru Gọvanọ Okezie Ikpeazụ kwuru na Gọvanọ okezie Ikpeazụ anaghị anata ọgwụgwọ na ọrịa coronavirus na-eme ya na-akawanye njọ.,refutes,nei,0.30476114,0.11327593,0.58196294
igbo,"Okpa bụ nri ọdịnala a maara dị ka mkpụrụ osisi Bambara a na-ahụkarị na steeti Enugu, nke agbụrụ ndị ọzọ jikwa akamu eri ya ma ọ bụ naanị ya.",supports,supports,0.56622463,0.31159252,0.12218278
igbo,Ọ bụ iwu na nwata ọbụla chọrọ ịba mahadum na Naịjrịa ga-ele ule NECO na GCE.,nei,nei,0.33213213,0.24588981,0.42197806
igbo,Lawrence Ifeanyi Ugwuanyi bụ eze ọdịnaala ndị Ovoko dị n'ime ime obodo Igboeze Federal Constinuency nke Enugu State.,refutes,supports,0.63942564,0.2959053,0.06466909
igbo,Mbọ Sam Mbakwe gbara n'ihiwe mahadum Imo steeti n'afọ 1981bụkwa ihe nyere aka na mwube Mahadum nke Abia Steeti,supports,supports,0.8035342,0.14818388,0.048281968
igbo,Ọkaiwu Paul Achalla onye IPOB ekwuola na ha na-agba mbọ ka facebook weghachite akantụ onye ndụ ha.,supports,nei,0.08988442,0.16591372,0.7442019
igbo,Ọrụ Wike na-arụ doro ya anya nke ọma.,nei,nei,0.12453118,0.107133776,0.76833504
igbo,Twitter bụ otu sosha midia e nwere.,nei,nei,0.14498214,0.3652955,0.4897224
igbo,Chimezie Elekwachi Lekwas gwara ndị BBC Igbo uru abụọ nrọ bara na ndụ. Nke mbụ bụ ihe na-eme mmadụ nke onye ahụ etinyeghi uche na ya ebe nke abụọ bụ ihe na-eme mmadụ nke ọ ma maọbụ nke ga-eme n'ọdịnihu.,supports,nei,0.35235783,0.12982804,0.51781416
igbo,"Ofo bụ mkpara ndi Igwe, ndi ukochukwu, ndi eze, onyishi, na ufodu masquerade na-eji n'aka iji gosi ikike ha.",supports,refutes,0.28055352,0.59946615,0.119980305
igbo,West Africa Manillas bụ ụdị ego a rụrụ na Amerịka iji nyere Afịrịka aka soro ndị Germany zụọ ahịa ruo 1940.,refutes,supports,0.42013177,0.2880014,0.29186684
igbo,"Ọ bụrụ na e wepụ nkwado ndị APC, Obaseki agaghị ịbụ gọvanọ Edo steeti.",supports,nei,0.22633977,0.24681799,0.52684224
igbo,"N'ọtụtụ ụlọ nkwarị, ha na-akwado ogige golf",supports,nei,0.08415876,0.28791326,0.62792796
igbo,"Mmadụ ibelata ego n'ihe oriri na ọṅụṅụ, zụọ ihe dị ya mkpa oge o bere ego, so n'ime ụzọ kacha mma ga-enyere ya aka ichekwa ego ya.",supports,nei,0.26279476,0.1483178,0.5888875
igbo,O teela ndị Enugu West kpebere ekpere ka ha wepụta Bishop nke Enugu Dioscese,nei,nei,0.10773934,0.25797242,0.63428825
igbo,"Irighiri ihe ndị e ji esi ofe egusi gụnyere mmanụ, ose, yabasị, akwụkwọ nri, crayfish, anụ, azụ, bitterleaf, pumpkin leaf na spinach.",supports,supports,0.5091052,0.38251048,0.10838435
igbo,Gọvanọ ndị Bauchi bụ Bala Mohammed sokwa na Gọvanọ ndị butere ọrịa coronavirus ma site na ya gbakere dịka ọ dere na akara Twitter ya na Erpeelụ 9,supports,nei,0.37516472,0.22692677,0.3979085
igbo,Nwaanyị gbara afọ iri eruola ogo ịlụ dị na nkwenye ndị Igbo. Ọ ga-ama achịkọta ezinụlọ ya.,refutes,nei,0.31592038,0.26673156,0.41734803
igbo,Tiwa Savage tiri egwu ụbọchị ncheta ọmụmụ onyeisiala ndị Satụ Afrịka.,nei,nei,0.1289056,0.21908061,0.65201384
igbo,Dada Nwakata bụ onye ikpeazụ bịara n'obodo Akwete,refutes,supports,0.5573579,0.25049782,0.19214422
igbo,"A na-akpọ nwaanyị amụrụ ọhụrụ nwanne. Ka ọ na-eto, a na-akpọ ya nwadiala.",nei,nei,0.43600526,0.07021952,0.49377516
igbo,Ahmed Musa gụụrụ Naịjirịa egwu oge ha gbara bọọlụ mba ụwa.,nei,nei,0.05788049,0.10499245,0.8371271
igbo,"Ogwashi Uku dị na mpaghara Anioma nke Delta steeti ma nwee ihe karịrị mmadụ puku iri ise, narị abụọ na iri atọ na anọ.",supports,supports,0.80609673,0.10105088,0.09285238
igbo,Gọvanọ ndị Baụchị gwara Gọvanọ ndị Abịa Steetị bụ okezie Ikpeazụ na ya bụ Bala Mohammed chọrọ ka ha kpaa maka asọmpị ndị ntorobịa steetị ya na nke Okezie Ikpeazụ ga-eme.,nei,nei,0.14777888,0.19473058,0.65749055
igbo,Ihe karịrị otu nde mmadụ abụrụla ndị nwụrụ anwụ ka ha garachara akwamozu.,refutes,nei,0.20218639,0.14157686,0.65623677
igbo,Okezie Ikpeazụ gwara ọnụ na-ekwuru ya ka ọ kee mmadụ puku abụọ akpa osikapa na ji n'ọnwa na-abịa.,nei,nei,0.30165625,0.20658624,0.4917575
igbo,Anwụ esoghị n'ihe ndị Igbo ji echekwa nri ha.,refutes,nei,0.099675916,0.39429027,0.5060338
igbo,Ụmụaka enweghị ike ịmụta ihe ndị okenye na-eme. Ọ naanị mgbe mmadụ ruru afọ iri atọ ka ọ ga-enwewu akọnụche ịma ihe ga-amasị ya.,nei,nei,0.152566,0.050790284,0.7966437
igbo,Ndị Ideato South bi n'obodo na-emepụta nri,supports,refutes,0.27452087,0.42719057,0.29828858
igbo,Ego mmefu na ego mbite Gọọmentị na-arị elu mana akpaego gọọmentị erubeghi ihe ihe o kwesịrị kemgbe afọ 2025. Nke a egbochighi onyeisiala Naịjirịa ikele ụlọọrụ na-elekọta ụgwọ ụtụ maka iwulite ọnọọgụgụ ndị na-atụ ụtụ.,supports,supports,0.35794914,0.2962217,0.3458292
igbo,N'ọdọ ndị agha Naịjirịa nke dị na Metele Borno ka ndị Boko Haram gara nwakpo. Ndị omeiwu Naijirịa ekwuola na ha ga-eleba ya bụ ọnọdụ anya.,supports,nei,0.21294864,0.14668009,0.6403713
igbo,Ndị niile nọ n'ime ụgbọelu Libya Arab Airlines nke 114 Feb 1993 nwụrụ n'ihi ọnya ụgbọelu ha furu ụzọ ka mmiri na-ezo. Nke a mere o ji banye na ala dị na Ezrel.,refutes,supports,0.5225086,0.3108893,0.16660209
igbo,Finance a nyeere Chioma ezigbo ego.,nei,nei,0.155679,0.19937246,0.64494854
igbo,"Dr Tedros kwuru na n'izuụka abụọ gara aga, ndị na-ebutebeghị ọrịa ma a gụpụ Chaina dị mmaji iri na abụọ.",refutes,nei,0.3308074,0.29256392,0.37662867
igbo,Nwobi Okwuchukwu David nwere 375 na Jamb. Nke mere ka o jiri akara iri gafee Agns Madụfọkwa.,refutes,refutes,0.3840371,0.40418765,0.21177529
igbo,Ọrịa na-ebute afọ ọsịsa na ịgbọ agbọ n'ụmụaka na-eme ka mmiri kọọ ha n'ahụ.,supports,nei,0.31685048,0.19224273,0.49090677
igbo,O bụ ịkọ ọrụ ugbo ka obodo Mbaise dabere na ya maka akụ na ụba ha tutu ruo mgbe ndị Europe batara n'ime Naijiria.,supports,refutes,0.2617417,0.5368804,0.2013779
igbo,"Akanu Ibiam so na ndị isi wubere ụlọ ụka Protestant na Mahadum Nigeria, Nsukka Campus n'afọ 1962.",supports,supports,0.8429967,0.12614721,0.030856114
igbo,"Akwu-Ukwu, Alor, Awka-Etiti, Ojoto, Nnokwa, Oba na Nnobi bụ obodo ndị mebere ọchịchị ime obodo a.",supports,supports,0.77881753,0.1652764,0.055906132
igbo,"Mmalite ọrụ Iwobi na Arsenal, ngosi 149 ọ mere na ihe mgbaru ọsọ 15 ọ nwetara, wee merie FA Cup na 2017.",supports,refutes,0.2940025,0.41850907,0.28748843
igbo,Ndị Ideato South bụkwa ndị ahịa.,supports,refutes,0.18925807,0.47604132,0.33470067
igbo,"Ndị e ji egwu Igbo haịlaịf kacha mara gụnyere Chiifụ Stephen Osita Ọsadebe, Oliver De Coque, Ali Chukwuma, , Sir Warrior, Oriental Brothers, Ikem Mazeli.",supports,supports,0.45705265,0.26632032,0.27662703
igbo,"A bịa na Afrịka, Naịjirịa so na mba kachasị arụpụta mmanụ agbidi. Nke a mere ka gọọmentị si na ya nwete pasentị ego iri ise na asaa n'afọ 2012 na 2014.",supports,supports,0.4539857,0.24594389,0.30007043
igbo,Ụbịam ji ndị Awka Etiti diaspora aka.,nei,refutes,0.15682492,0.50612366,0.3370514
igbo,Nabil Fekir bụ onye Aljerịa na-agbara otu egwuregwu Lyon bọọlụ na France. O kweghị a gbara ndị Aljeria bọọlụ n'afọ 2015,supports,supports,0.39397773,0.30114603,0.30487624
igbo,Henrietta Yakubu gwara ndị na-eme njem ụgbọelu ka ha na-eyichi ahụ ha nke ọma maka oyi.,refutes,nei,0.07011108,0.13596983,0.7939191
igbo,Akụkọ ihe mere eme na ọdịdị ala Asaba mere ka a mara na e nwere obodo dị ka Asaba.,nei,nei,0.3986856,0.16088673,0.44042766
igbo,Ndị Taịwan nwere ọgbaghara n'etiti onwe ha. Nke mere ka ha ghara ịpụta n'igwe mee ngagharị iwe megide nwoke na nwoke maọbụ nwaanyị na nwaanyị ịlụkọ onwe ha.,refutes,nei,0.09393808,0.082196005,0.82386595
igbo,Ha anaghị akwado ogige golf n'ọtụtụ ụlọ nkwarị,refutes,refutes,0.07394148,0.50217277,0.4238858
igbo,Òtù Peoples Democratic Party na Action Congress of Nigeria na-agba ndị mmadụ ume ka ha biri n'ùdo,nei,nei,0.15253621,0.1300441,0.71741974
igbo,"Nwankwo Kanu bụkwa onye nwe igwe onyonyo nke Kanu Sports, ụlọ ọrụ igwe onyonyo egwuregwu Ịntanetị.",supports,refutes,0.15673181,0.74578947,0.0974787
igbo,mmiri bụ ihe mmadụ na anụmanụ na-anụ iji wee dị ndụ.,nei,nei,0.15866145,0.25906911,0.58226943
igbo,Ụmụnna na-arụ ọrụ dị iche iche n'obodo. Ọrụ ndị ụmụnna gụnyere ịga n'arụsị jụta ese gbasra obodo maọbụ ezinụlọ ha. Ha ka a na-ekpesara ma mmadụ mee ihe adịghị mma.,supports,nei,0.17818213,0.15287478,0.6689431
igbo,Okpekpere ụka na steeti Enugwu na-anata aka mgba n'aka ndị ọdịnala na amụsu nọ na ya.,nei,refutes,0.27049887,0.41986626,0.3096348
igbo,"Nnamdị Kanu bụ omeiwu. Ụgbụa, a kpọgara ya ụlọ nga dị na Sokoto.",nei,supports,0.43814877,0.3065602,0.25529104
igbo,Phyno achọbughị ịmụ egwu n'oge ọ nọ sekọndrị.,refutes,nei,0.337905,0.24788168,0.41421333
igbo,Ndị ndọrọ ndọrọ ọchịchị na-abụkarị ndị na-ebipụta akwụkwọ akụkọ na Nigeria ugbu a iji zochie akụkọ banyere ajọ agwa ha,nei,nei,0.21616612,0.10391556,0.67991835
igbo,Akanu Ibiam mechara bụrụ Senator nke ndị Lagos mgbe ọ chịchara ọchịchị ya dịka gọvanọ.,refutes,supports,0.7029098,0.13769373,0.15939648
igbo,Ndị Ideato South abụghịkwa ndị ahịa.,refutes,refutes,0.14764209,0.50231284,0.35004508
igbo,Kọmishọna Dave Adenuba gwara ndị BBC Igbo na gọọmentị Anambra ejighi ndị Anambra ụgwọ ọbụla.,supports,nei,0.17496143,0.2184362,0.6066024
igbo,Ahmed Musa na-akpa oke. Naanị egwu ndị alakụba ka ọ na-ege.,refutes,nei,0.07829166,0.1278281,0.7938803
igbo,Nwa Davido na Chioma enyi ya nwaanyị tinyere nne na nna Chioma bu ọrịa coronavirus,refutes,nei,0.08779541,0.08751637,0.8246882
igbo,Peter Obi na-enye ụlọakwukwọ dị iche iche onyinye ego kwa mgbe,nei,nei,0.19906987,0.25130188,0.54962826
igbo,Ndị bi n'ala Igbo emeela njem,nei,nei,0.085754886,0.29201016,0.62223494
igbo,Ndị bi na ndịda na-asụ Yoruba.,nei,nei,0.3148712,0.15550059,0.5296282
igbo,DJ Switch na-ewu na sochul midia ụmụ amaala Naijirịa n'ihi ezi mbọ ọ gbara oge a na-eme ngagharịiwe ENDSARS n'afọ puku abụọ na iri abụọ.,supports,nei,0.25318557,0.110807486,0.63600695
igbo,Kanu Nwankwọ nyeere ndị Brazil goolu atọ na asọmpi ndị Brazil na ndị Sweden.,nei,nei,0.18022338,0.36067235,0.45910427
igbo,Ndị ụmụnna na ndị otu ọgbọ na-anọ n'esemokwu oge ọbụla n'ihi na ndị otu ọgbọ anaghị asọpụrụ iwu ndị ụmụnna.,refutes,nei,0.2422396,0.17727393,0.5804865
igbo,Nwanyeruwa bụ onye duru nwunye onye isi ala Naịjirịa me ngagharị iwe megide ndị ọchịchị nchịgbu 'afọ 1960,refutes,supports,0.69625384,0.19230513,0.11144101
igbo,Mahadum Trinity College dị na Dublin nke Ireland ji ihe eserese wee sọpụrụ Jaja Wachuku n'afọ 2020.,supports,supports,0.636417,0.19869673,0.16488633
igbo,Chinwoke Mbadinuju zọrọ ọkwa gọvanọ Anambra Steeti mgbe ọ laghachiri n' ọchịchị onye kwuo uche ya n'afọ 1998.,supports,supports,0.8878927,0.07445651,0.03765075
igbo,Ndị Igbo ebighị na steeti dum dị n'ime Naijirịa,refutes,refutes,0.25433445,0.41601244,0.32965308
igbo,Akara Nollywood a na-ehicha ehicha.,nei,nei,0.1547321,0.39783993,0.44742802
igbo,"Ndị Igbo hụtara nwaanyị gbara afọ iri abụọ na otu ruo afọ iri atọ ka nwaanyị rugooro ogo ịlụ dị ma chịkọta ezinụlọ nke ya. A na-etu nwaanyị lụrụ dị osodịeme, oriakụ maọbụ odoziakụ.",supports,supports,0.5499417,0.18931495,0.26074338
igbo,Ndị gọvanọ na-achị mpaghara kelere onyeisiala Buhari ka o si wete ego e ji arụ akwa mmiri Naịja.,supports,nei,0.10324222,0.2654362,0.6313216
igbo,Ụfọdụ ụmụ nwaanyị na-agabiga ihe mgbu ka ha na-ahụ nsọ ha. Ihe mgbu ha gụnyere mgbakasị ahụ na-ahụ ụfụ. Enwere ụzọ dị icheiche apụrụ inyere nwaanyị nsọ ya na-enye nsogbu aka.,supports,nei,0.13690837,0.064552195,0.7985394
igbo,Akụkọ a ma ama na-ekwu na-ekwu na onye mbụ a mara nke ọma n'Akwete bụ Dada Nwakata.,supports,supports,0.4878045,0.14057775,0.37161776
igbo,Ndị na-akụ azụ na ndị na-eme njem ụgbọ mmiri na Mmiri Ọnụ Ọwarị Ọgbaru na-atụ ụtụ nye gọọmentị Anambara.,nei,nei,0.2421197,0.35084277,0.40703753
igbo,"Unere, nke a na-akpọkwa ""plantain"" sitere na Pacific Islands bụ nri a na-esi esi ma ọ bụ mepụta n'ụdị ọ bula.",supports,supports,0.51247406,0.3773134,0.11021258
igbo,Achebe Nnaemeka jị ọkwa onye isi oche nke gọọmentị mpaghara Onitsha ruo n'afọ a bụ 2025.,refutes,supports,0.8105335,0.14418979,0.045276586
igbo,Ụmụ Agụ mechara bido akwụkwọ.,nei,nei,0.18668252,0.24027528,0.5730422
igbo,A rụsịbeghị obi dị n'ezinụlọ ụmụnna niile,nei,nei,0.1428952,0.32636708,0.5307377
igbo,"Cameroon, Chad na Nijey esoghị n'obodo Boko Haram na-akpa ike na ya.",refutes,nei,0.15063404,0.3062489,0.5431171
igbo,Alvan Ikoku bụ naanị ode-akwụkwọ nke West African Educational Council (WAEC) na 1950s.,nei,supports,0.88293135,0.08769559,0.02937306
igbo,Rachael ekwughị na ịkwado emume a na-eme kwa afọ na-enyere ya aka eso ndị na-akwado ya na-emekọrịta ihe,refutes,nei,0.13117816,0.0851618,0.7836601
igbo,Akanu Ibiam bụ onye mbụ a họpụtara dịka gọvanọ nke mpaghara Ọwụwa Anyanwụ mgbe Naịjirịa nwetara nnwere onwe ya na 1960.,supports,supports,0.8334567,0.10228951,0.06425382
igbo,"N'otu bọọlụ Naịjirịa, ma Awụsa, Yoroba na Igbo tinyere agbụrụ ndị ọzọ nọ na Naịjirịa mejupụtara ya. Ahmed Musa bụ onye alakuba tinyere ihe nkiri ebe ọ na-agụ egwu ụka. Onye alakụba ibe ya jụrụ ya ma ọ makwa ihe ọ na-eme. Ahmed Musa zara na ọ ma ihe ọ na-eme.",supports,nei,0.23148125,0.114185,0.6543338
igbo,E refuru Nwankwo Okoro n'ahịa ohu mgbe ọ dị na nwata.,refutes,supports,0.5437771,0.17263809,0.28358477
igbo,"Ndị e ji egwu Igbo haịlaịf kacha mara gụnyere Okey Bakassi, Osita Iheme, Oriental Brothers na Sunny Neji.",refutes,nei,0.39467975,0.19427429,0.41104597
igbo,"Ọgwụ ikpochi afọ ime mere ka ọbara kpụkọọ na ngụụ Venessa Centeno, nwaanyị bi na mba Boston. Nde kwuru nde ụmụ nwaanyị na-aṅụ ọgwụ na-egbochi afọ ime na mba ụwa dị icheiche.",supports,nei,0.3799556,0.2008117,0.4192328
igbo,Henrietta Yakubu kwuru na gọọmentị na-eme njikere ịwepụ mmachị amachiri njem ụgbọelu.,supports,nei,0.11229131,0.23045978,0.6572489
igbo,"Ọrji Kalụ bụ onye omiwu a tụrụ nga mkpụrụ ọka. N'agbanye na Orjị Kalụ nọ na nga mkpụrụ ọka, a ga-akwụ ya ụgwọ niile e ji ya.",supports,supports,0.4975265,0.25126812,0.25120535
igbo,Atụmatụ gọọmenti Naijirịa enweghị isi.,nei,nei,0.058655836,0.3539411,0.58740306
igbo,Minista na-ahụ maka ndi agha bụ Mansur Dan-Ali kwuru na gọọmentị enyela ndị agha iwu ka ha kwaga Borno ozugbo,supports,nei,0.14836413,0.18211292,0.66952294
igbo,Pompeo achọtaghị akwụkwọ na-egosi mmekọrịta ochịchị Trump na mba Ukren.,nei,nei,0.17070709,0.3784557,0.45083725
igbo,Jurgen Klopp kwuru na ọ gaghị akwụ ụgwọ iwu ọ dara n'ihi na o mere ya na-amaghị ama.,refutes,nei,0.14775425,0.10818664,0.7440591
igbo,Okwu Odumeje kwuru banyere ndị Arọndịizuọgụ enweteghi onye ọbụla. Nwa Pericoma jara Odumeje ike.,refutes,nei,0.29792136,0.35094756,0.3511311
igbo,Mmadụ iri asaa na asatọ nọ n'ime ụgbọelu Sibera Airlines si obodo Tel Aviv aga obodo Novobirsk Rọshịa nwụrụ ka ugbọelu ha dabara n'oshimiri ojii. Ndị agha Ukren gọrọ na aka ha adịghị ya mechaa kweta na aka ha dị na ya.,supports,nei,0.32768556,0.29093197,0.38138252
igbo,Ji bụ nri ụmụ ntakịrị na-eri n'ụlọakwụkwọ ma e tinye ya beans na osikapa.,nei,refutes,0.28900227,0.35608473,0.354913
igbo,"Okezie Ikpeazụ, gọvanọ ndị Abịa Steetị so na gọvanọ na Naịjirịa butere ọrịa coronavirus.",supports,nei,0.34615093,0.21622409,0.43762493
igbo,"Ikenga bụ ihe na-egosi ike, bụrụkwa alụsi sirii ike n'ala Igbo, ma bụrụkwa ihe ndị Igbo na-eme omenala huru n'anya. ",supports,refutes,0.3829944,0.45196852,0.16503705
igbo,Hotel Mikel bi n'ime mechaa gbaa ọkụ.,nei,refutes,0.19076447,0.4661358,0.34309968
igbo,Ndị Igbo bụ mba e ji eme ọnụ na mba ụwa dị icheiche. Ejighi onye Igbo egwu egwu ọbụla.,nei,nei,0.13179109,0.35952377,0.5086852
igbo,"Ule West African Educational Council (WAEC) bụ ule ndị mmadụ kọwara na ụmụakwụkwọ anaghị eme nke ọma, wee rịọ gọọmentị ka o nyere aka.",nei,nei,0.288126,0.15051244,0.5613616
igbo,Ngozi Okonjo Iweala rụrụ ọrụ mịnịsta Nigeria na-ahụ maka ego naanị n'agbata afọ 2003 rue n'afọ 2006.,refutes,supports,0.8091027,0.1474336,0.043463644
igbo,"A mụghị Chioma Chukwuka na Machị 12, 1980.",refutes,supports,0.8026314,0.11832675,0.07904191
igbo,Gọvanọ Nyesom Wike mechaa kwuo na ndị komitii ọrụ achọghị ịgba ya mgba.,refutes,nei,0.14274165,0.18749508,0.66976327
igbo,Mary Udumeke na-agba mbọ na styeeti Anambra ịhụ na a kwụsịrị ibi ụmụ nwaanyị ugwu.,refutes,supports,0.3907877,0.2813918,0.32782045
igbo,Otu ọgbọ bụ ndị na-ahụ na obodo gara nke ọma ma ndị ụmụnna nye iwu. Ha na-edebe obodo ọcha na-agakwa agha mgbe ọgụ dapụtara,supports,nei,0.24880672,0.10016766,0.65102565
igbo,ECOWAS họpụtara Ike Ekweremadu dị ka onye ndu kọmitii pụrụ iche iji rụ ọrụ maka nlọghachi usoro iwu,supports,refutes,0.29565528,0.44987807,0.25446668
igbo,Gọvanọ Nyesom Wike sị na ndị komitii ọrụ na PDP na-achọ ịgba ya mgba okpuru ma metọsịa aha ya,supports,nei,0.09985013,0.14654693,0.7536029
igbo,Mmadụ niile kwenyere na nrọ bara uru na ndụ.,refutes,nei,0.113784045,0.14754795,0.738668
igbo,"Chuba Okadigbo gụrụ akwụkwọ Mahadum na Washington D.C, ebe o nwetara nzere mmụta Masters nakwa nke doctorate.",supports,supports,0.8351297,0.10779802,0.05707236
igbo,Osimiri Niger na Osimiri Benue bụ osimiri a kacha mara na Naịjirịa kamgbe afọ 2006.,nei,supports,0.5293816,0.28095752,0.18966086
igbo,Lukmon Akanbi kwuru na nwaokorobịa ọ gbara egbe anwụghị anwụ.,refutes,nei,0.21636954,0.14670204,0.6369284
igbo,Francis Arthur Nzeribe ji ọkwa Gọvanọ na Steeti Imo ruo afọ asaa,refutes,supports,0.47170213,0.3185432,0.20975466
igbo,A gwara Phyno na ọ ga-abụ dọkịta tupu ọ chọrọ ịbụ onye ọkwọ ụgbọ mmiri.,supports,supports,0.5121365,0.17225741,0.3156061
igbo,Henrietta Yakubu kere akwa na-egbochi oyi ụnyaahụ n'ọdọ ụgbọelu iji nyere ahụike ndị na-eme njem aka.,refutes,nei,0.17640361,0.3048043,0.5187921
igbo,Sowore bụ okaikpe ụlọikpe dị na Abụja. Ọrụ Sowore bụ Ịhụ na ndị DSS rụrụ ọrụ ha nke ọma.,refutes,nei,0.12629695,0.31525385,0.55844927
igbo,Sam Mbakwe si Imo Steeti gaa wube mahadum nke Anambara n'afọ 1981,refutes,supports,0.8112228,0.13975231,0.049024913
igbo,Ike Ekweremadu Ekweremadu gbara mbọ ịbụ Gọvanọ Enugu Steeti na ntụlịaka nke afọ 2023. ,nei,refutes,0.27556995,0.45891932,0.26551077
igbo,Emume Iri Ji ọhụrụ na-ewe naanị mkpụrụ ụbọchị ole gọọmentị etiti kwadoro.,refutes,nei,0.3553358,0.19635165,0.44831258
igbo,Ntiwapụ ọrịa Kovid gazuru ebe niile.,nei,nei,0.14174451,0.35479558,0.50345993
igbo,Kọmishọna na-ahụ maka azụmahịa aha ya bụ Christian Madụbuko  tụrụ mmadụ iri abụọ nga n'ihi ọkụ ha gbara ahịa Eke Awka.,nei,nei,0.3193189,0.24959132,0.43108982
igbo,Nwa nwoke abaghị uru chacha. Ọ dịghị mkpa ịmụta nwa nwoke n'ezinụlọ ndị Igbo.,refutes,nei,0.21498616,0.24300805,0.54200584
igbo,Egusi bụ nri dị n'ụdị mmiri jupụtara na Carbohydrates nke ụfọdụ nke na-esokarị na nri a na-eri n'ọwụwa anyanwụ Africa.,refutes,supports,0.47608703,0.38379827,0.14011475
igbo,"Na Republic nke mbụ nke Nigeria, P.N. Okeke-Ojiudu ji ọkwa Mịnịsta na-ahụ maka ọrụ ugbo rue afọ asaa. ",supports,supports,0.6213953,0.28611195,0.09249282
igbo,Ikenga bụ ememme a na-eme kwa afọ ma na-achịkwa ụlọ ọrụ na ọrụ ugbo.,supports,supports,0.5408821,0.363417,0.09570087
igbo,Nrọ adịghị ire. Naanị onye enweghi aka ọrụ na-arọ nrọ.,refutes,refutes,0.10772545,0.46859136,0.42368323
igbo,Maryam kwuru na nwaanyị di ime ejima kwesịrị ị na-aṅụ mmiri moringa kwa ụbọchị.,refutes,nei,0.2582621,0.18595314,0.55578476
igbo,FIFA kwuru na Brazil achịtaghị aja n'ọkwa mbaụnwa ma agba bọọlụ.,refutes,refutes,0.18192281,0.47917062,0.33890665
igbo,A gbagburu otu onye ohi ọzọ so gaa wakpo ụlọakụ dị na Mpape Abụja ụbọchị Satọdee.,supports,nei,0.27831298,0.26412025,0.4575668
yoruba,Irọ́ ni pé Àgbádá-rìgì ni àwọn òyìnbó amúnisìn padà yí sí Badagry.,refutes,refutes,0.30647245,0.36946884,0.32405877
yoruba,Lẹ́yìn tí àwọn òyìnbó dé ni ìpínlẹ̀ Èkìtì tó gba òmìnira.,refutes,nei,0.34790742,0.22804531,0.4240473
yoruba,Ègé gígé lọ́wọ́ iwájú ni a mọ Rashidi Yekini mọ̀ nígbà tí ó fi ń gbá bọ́ọ̀lù.,supports,nei,0.24343379,0.24564731,0.51091886
yoruba,"Falana ṣàlàyé pé gbogbo ìṣòro tó wáyé kò ṣẹ̀yìn ìjọba Nàìjíríà, àti pé ó di ìgbà tí wọ́n ba bẹ̀rẹ̀ sí ní kọ́ àwọn agbo màlùú ni wọ́n á tó rí ojúùtú sí ọ̀rọ̀ náà.",supports,nei,0.11113823,0.26989678,0.618965
yoruba,Àìbìkítà awakọ̀ yìí ló mú kí àwọn ajínigbé rí Rẹ̀mí àti àwọn ènìyàn tó kú tó wà nínú ọkọ̀ náà mú.,refutes,nei,0.096825175,0.23021346,0.67296135
yoruba,Ìṣẹ̀lẹ̀ yìí wáyé ṣáájú kí ìlú ayaaba dásí ọ̀rọ̀ Ìlú Èkó.,refutes,refutes,0.20626578,0.42049262,0.37324163
yoruba,Kò sí ẹni tí ó lè sọ pé báyìí ni ó ṣe rí ọmọ náà jígbé lọ sí ìlú Àbújá.,nei,nei,0.38951105,0.14250065,0.4679883
yoruba,Mínísítà fún ètò ìbánisọ̀rọ̀ ní Nàìjíríà tele ni Adebayo Shittu je. Ó sì wà lábẹ́ Ààrẹ tó wà nípò ní àkókò náà.,supports,supports,0.49918035,0.21341605,0.28740367
yoruba,Àwọn ọlọ́pàá ò gbé ìgbésè kankan nígbà tí wọ́n gbọ́ pé arákùnrin kan pinnu láti ṣekú pa ara rẹ̀ tí òun ò bá fẹ́ ọmọ Buhari.,refutes,nei,0.16108696,0.1751999,0.66371316
yoruba,Ìgbàgbọ́ àwọn Yorùbá ni pé Ifá ni ìránṣẹ́ tí Olódùmarè rán wá láti fi ọgbọ́n rẹ̀ tún ilé ayé ṣe.,supports,refutes,0.27061325,0.37964436,0.34974238
yoruba,Àwọn ọmọ ìta yabo olóṣẹ̀lú kan ní ìpínlẹ̀ Ògùn ní Ọjọ́ Abámẹ́ta tó kọjá.,nei,supports,0.49081331,0.21486571,0.294321
yoruba,Àwọn ohun ìgbàlódé tí wọn ń kó wá láti òkè-òkun lè ṣe àkóbá fún ilé kíkọ́ nílẹ̀ Adúláwọ̀.,nei,supports,0.40279445,0.2692463,0.32795927
yoruba,Ìṣẹ̀lẹ̀ ìjínigbé tí kò ṣẹ̀yìn àwọn Fulani yìí ló mú kí Gani Adams àti Sunday kégbàjarì sórí ayélujára pé kí gbogbo ọmọ Yorùbá lókè ọya máa bọ̀ nílẹ̀.,supports,nei,0.123789914,0.16507567,0.7111344
yoruba,Wàhálà yìí ló fàá tí Kòsọ́kọ́ àti sọ̀ǹgbè rẹ̀ fi ọ̀sẹ̀ mẹ́ta gbógun ti Ọba Akítóyè ní ààfin rẹ̀.,supports,supports,0.60516155,0.19323249,0.20160599
yoruba,"Wọn kì í jẹ mọ́ímọ́í lásán, àfi kí a jẹ ẹ́ pẹ̀lú ìresì tàbí ògì.",refutes,refutes,0.19980122,0.54111,0.2590888
yoruba,Ìròyìn náà sọ pé bàálù ayára fẹ́fẹ́ ẹlíkọ́pítà ni wọ́n fi gbé Sanusi kúrò ní abúlé Loko tí wọ́n fi pamọ́ sí láti ọjọ́ Ajé,nei,nei,0.22106938,0.29787874,0.4810519
yoruba,"SC àti SS jẹ́ ọ̀kan lára àwọn jẹ́nótáìpù tí a ni, àpẹẹrẹ kan náà ni ẹni tó ní SC àti SS máa ń ní, àmọ́ ipa SC kò fi bẹ́ẹ̀ lágbára púpọ̀ bíi ti SS.",supports,refutes,0.26600266,0.53069997,0.20329742
yoruba,"Kò sí àwọn ìgbésẹ̀ fonọ́lọ́jì tí ó jẹ́ ìpàrójẹ, àrànmọ́ tàbí àǹkóò fáwẹ́lì nínú èdè.",refutes,refutes,0.114142664,0.81761414,0.06824324
yoruba,"Saudi ti gbésẹ̀lé ìfọwọ́kàn tààrà pẹ̀lú òkuta fúfú, bẹ́ẹ̀ sì ni wọ́n ti mú ìdínkù bá nọ́ḿbà àwọn arìnrìn àjò, àti àwọn ìlànà mìíràn tí wọ́n là kalẹ̀ fún Hajj ti ọdún yìí.",supports,nei,0.3295101,0.2560191,0.4144708
yoruba,Wo bí ọmọ tí ọpọlọ wọn kù díẹ̀ ṣe ń kọ́ iṣẹ́ agẹrun,nei,nei,0.07238201,0.10724335,0.82037467
yoruba,Fálànà rọ Ìjọba láti máṣe wo ìyà kankan mọ́ àwọn ará ilú lára kí ó tó ṣe àwòkọ́ṣe owó epo.,refutes,nei,0.080220394,0.42107835,0.49870124
yoruba,Fásitì kan péré ni Ògúnwán̄dé Abím̄bọ́lá ti kọ́ àwọn akẹ́kọ̀ọ́ gẹ́gẹ́ bí olùkọ́ ní orílẹ̀-èdè Nàìjíríà.,refutes,nei,0.31304786,0.19924413,0.48770794
yoruba,"Wọ́n dá ẹgbẹ One Million Boys sílẹ̀ láti dáàbò bo aláìlágbarà, ṣùgbọ́n kò sí ẹ̀rí tó dájú láti fi hàn pé wọ́n ní ìdí rere bẹ́ẹ̀ níbẹrẹ̀, ó ṣeé ṣe kí wọ́n dá ẹgbẹ́ náà sílè fún ìjìyà àti ìrìnàjò ọ̀daràn láti ìbẹ̀rẹ̀",refutes,nei,0.19623798,0.27052978,0.5332322
yoruba,Ìyá ọlọ́mọ kan ṣàlàyé pé òun nìkan ló máa ń dá wà tí kò sì sí ẹni tí òun fẹ́ kọjú sí fún ìrànlọ́wọ́.,supports,nei,0.24883702,0.19473189,0.55643106
yoruba,Àwọn àgbà àgbà ní ìlú Ìbàdàn ti péjọ láti wá ojútùú sí aáwọ̀ tí ń ṣẹlẹ̀ láàrin àwọn àgbẹ̀ àti àwọn darandaran ní àwọn gbèríko.,nei,nei,0.18416016,0.24400917,0.5718307
yoruba,Ọ̀pọ̀lọpọ̀ àwọn onímọ̀ ni wọ́n ti kéde pé kí wọ́n máa pín ìwé fún àwọn ọmọ ilé-ìwé gbogbo.,nei,nei,0.17410828,0.14036058,0.6855312
yoruba,"Shónẹ́kàn jẹ́ ọ̀kan lára àwọn ọmọ mẹ́fà tí àwọn òbí rẹ̀ bí, ó sì kẹ́kọ̀ọ́ gboyè nínú ìmọ̀ òfin.",supports,supports,0.43203467,0.23470496,0.3332604
yoruba,Kò sí ẹni tí ó gbégbé orókè pẹ̀lú ìṣẹ́jú àáyá 9.85 nínú ìtàn eré orí pápá rí ní ilẹ̀ Adúláwọ̀.,refutes,refutes,0.23687705,0.6616298,0.10149309
yoruba,Akanni Simbine kọ ìtàn tuntun nínú eré orí pápá nínú oṣù keje ọdún 2021 pẹ̀lú bí ó ṣe parí eré sísá láàrin ìṣẹ́jú àáyá 9.84.,supports,supports,0.5554176,0.30776632,0.13681608
yoruba,Ọwọ́ pálábá àwọn adigunjalè mẹ́fà ló ṣégi lóru àná nígbà tí wọ́n lọ kọlu ilé ọ̀kan nínú àwọn ọ̀gá báǹkì.,nei,nei,0.18225838,0.14725836,0.6704833
yoruba,"Nínú ètò ṣíṣe àmàlà, a máa ń jan ìyẹ̀fun rẹ̀ kúrò kí a tó rò ó.",nei,nei,0.327939,0.17516641,0.49689457
yoruba,"Shehu Shagari fẹ́ ìyàwó mẹ́ta, wọ́n sì bímo tó pọ̀ fún un. Ní ọdún 2001, ọ̀kan lára àwọn ìyàwó rẹ̀ kú ní ilé ìwòsàn kan.",supports,supports,0.5408596,0.120981365,0.33815908
yoruba,Ìpínlẹ̀ Èkìtì tí ó wà ní apá ìwọ̀ oòrùn jẹ́ ìdásílẹ̀ pẹ̀lú àwọn ìpínlẹ̀ tuntun márùn-ún mìíràn.,supports,supports,0.4240825,0.25314438,0.32277307
yoruba,Ìjọba ológun ìgbà náà kéde àbájáde ìdìbò náà kí olùdìbò tó lọ fi ẹ̀sùn àìṣòtítọ́ kan ìjọba ìgbà náà.,refutes,nei,0.241512,0.33997935,0.4185086
yoruba,"Ní ọdún 2023, àìtó náírà àti ìgbìyànjú àwọn ìjọba láti mú kí ará-ìlú fi tipátipá ná owó tuntun yìí ló fa wàhálà lójijì. ",supports,nei,0.33687878,0.27679813,0.38632306
yoruba,Òpin ọ̀sẹ̀ yìí ló máa lé kenkà jù nítorí àwọn olólùfẹ́ máa rí àyè láti ṣe bó ṣe wù wọ́n.,supports,nei,0.07807335,0.31788453,0.6040421
yoruba,"Kúnlé Afoláyan ṣe sinimá àgbéléwò kan tí ó pe orúkọ rẹ̀ ní One Million Boyz, èyí tó sàfihàn ìhùwásí wọn àti bí wọ́n ṣe ṣẹ ikú pa Gómìnà ìpínlẹ̀ kan.",nei,supports,0.38789037,0.22802012,0.3840895
yoruba,Kollington ṣàlàyé bí orin Fuji ṣe bẹ̀rẹ̀ gan an ní Nàiìjíríà,nei,nei,0.20857401,0.178593,0.61283296
yoruba,"Apatapìtì, gbajúgbajà sọ̀rọ̀sọ̀rọ̀ nílùú Ògbómọ̀ṣọ́ ti dágbére fáyé.",nei,nei,0.34145916,0.18300505,0.47553572
yoruba,Gbogbo àwọn tí ó wà ní àwọn igbèríko ni wọ́n máa ń mọ̀ nípa iṣẹ́ àgbẹ̀.,nei,nei,0.2066663,0.12420553,0.6691281
yoruba,Oríṣiríṣìí ìtàn àtẹnudẹ́nu ni ó tọ́ka Odùduwà gẹ́gẹ́ bíi baba ńlá ìran Yorùbá.,supports,supports,0.58773303,0.21000987,0.20225714
yoruba,Àwọn tí wọ́n fẹ̀sùn kàn ò gbà pé àwọn jẹ̀bi ọ̀rọ̀ náà nítorí bí ọ̀rọ̀ náà ṣe wáyé.,refutes,nei,0.15889363,0.16855183,0.67255455
yoruba,"Sunday Igboho ní pé àwọn Fulani kò leè dúró, táa bá lo ohun tí a jogún lọ́dọ̀ àwọ̀n bàbá ńlá wa.",nei,nei,0.13543536,0.14084794,0.72371674
yoruba,"Orúkọ King Sunny Ade (KSA), òǹkọrin tí ó gbajúmọ̀ jáde fún àmì ẹ̀yẹ grammy lẹ́ẹ̀mejì.",supports,supports,0.46492112,0.37284622,0.1622326
yoruba,Fásítì Èkó ló jáwé borí nínú ìdíje pẹ̀lú àwọn ilé ẹ̀kọ́ gíga mẹ́wàá mìíràn.,nei,refutes,0.16529338,0.4918102,0.34289637
yoruba,Iye álífábẹ́ẹ̀tì tí ó wà nínú èdè Lárúbáwá lé ní ogójì bí a bá kà á.,refutes,supports,0.54003215,0.3488921,0.11107572
yoruba,Alao-Akala ní Gómìnà ìpínlẹ̀ Ọ̀yọ́ gbọ́dọ̀ jẹ́ kí gbogbo ará-ìlú mọ àbájáde ìwádìí tí ìjọba bá ṣe lórí ìṣẹ̀lẹ̀ náà.,supports,nei,0.2376872,0.18999,0.57232285
yoruba,Gbogbo ìdílé kọ̀ọ̀kan ló ní òfin tí àṣà wọ́n tẹ̀lé.,nei,nei,0.118228786,0.07924421,0.802527
yoruba,"Àwọn òfin tó de bọ́ọ̀lù ti wà láti sẹ́ńtúrì kọkàndílógún, wọ́n sì tì tàn kárí ayé.",supports,nei,0.18091987,0.33983973,0.47924042
yoruba,"Agbègbè kọ̀ọ̀kan ló ní ìjọba ìbílẹ̀ ti rẹ̀, pàápàá, àwọn agbègbè tí ń bẹ ní àwọn apá àríwá.",nei,supports,0.3810442,0.3680525,0.25090334
yoruba,Ilé alárinrin tí Aláàfin kọ́ fún wọn ni wọ́n pe ni 'Palace of Patience' èyí tó túmọ̀ sí Ààfin Sùúrù.,nei,nei,0.3977598,0.19984958,0.4023907
yoruba,Ọrànmíyàn àti Ọbàtálá ọ̀ṣẹ̀rẹ̀màgbò ló kọ́wọ̀ọ́rìn tẹ ìlú Ipotumodu dó.,refutes,refutes,0.34512293,0.5397738,0.11510322
yoruba,Gbogbo ìlú tí ó wà ní ìpínlẹ̀ Kwara ni ẹ̀yà náà tẹ̀dó sí.,nei,nei,0.35544685,0.23997746,0.4045757
yoruba,"Síbẹ̀, kò sí àfihàn pé Ọọ̀ni àkọ́kọ́ gan-an ni ọmọ Odùduwà tàbí pé ó jẹ́ ọ̀kan nínú àwọn òrìṣà àmọ́, Ọọ̀ni Adéyẹyè Ẹnìtàn Ògúnwùsì Ọ̀jájá Keji (II) ló wà nípò báyìí.",refutes,supports,0.85758847,0.080284394,0.06212714
yoruba,"Bí ó tilẹ̀ jẹ́ wí pé Nambia ní ìpènijà ara, tí gbogbo ìlàkàkà ìyá rẹ̀ lórí ẹ̀kọ́ rẹ̀ sì ń bọ́ sí pàbo, èyí kò dí i lọ́wọ́ láti gbé ìgbé-ayé rẹ̀ pẹ̀lú ayọ̀ àti àlàáfíà.",supports,supports,0.6058727,0.25453317,0.13959417
yoruba,"Ọ̀mọ̀wé Malọmọ, ní kìí ṣe inú Ọgbà Fásitì ọ̀hún ni ìṣẹ̀lẹ̀ náà ti bẹ̀rẹ̀.",nei,refutes,0.31433672,0.40294704,0.28271624
yoruba,Ìlú India ni wọ́n ti ní onírúurú ẹ̀sìn àti àṣà ìbímọ tí wọ́n ń tẹ̀lé.,nei,nei,0.1475599,0.12146143,0.7309787
yoruba,Oba Olufolarin Ogunsan sọ pé òjò gbọ́dọ̀ rọ̀ lásìkò ọdún Ẹlẹ́gba ni ìlú Ẹpẹ́,supports,nei,0.3692515,0.17421196,0.4565365
yoruba,Ìpínlẹ̀ Èkó ni ọkọ̀ Gómìnà náà ń lọ kí àwọn Boko Haram tó da ìbọ̀n lù wọ́n,refutes,nei,0.06823252,0.1852581,0.7465094
yoruba,"Ìrísí ẹ̀wà jọ ti irú, èyí tí a máa ń lò nínú ọbẹ̀ láti mú u ládùn.",nei,nei,0.25263095,0.35033748,0.39703158
yoruba,"Ní ìlú Òṣogbo, ìròyìn fi lélè pé wọ́n rú ẹbọ ọkùnrin àti obìnrin tí kò ní ìbálòpọ̀ rí láti fi dènà ogun Fulani",nei,nei,0.12811504,0.11752801,0.754357
yoruba,"Ìgè kú ní ọjọ́ kẹtàlélógún oṣù kejìlá, ọdún 2001 tí wọ́n fipá gba èmí rẹ̀.",supports,supports,0.7892732,0.09872977,0.11199708
yoruba,Dangote ni ẹni tí ó kọ́kọ́ ní ilé-iṣẹ́ Ìfọpo ní orílẹ̀-èdè Nàìjííríà.,nei,supports,0.38815185,0.34561455,0.2662336
yoruba,Wọ́n ti késí Àwẹ̀lé pé kí ó má bá bàbá àgbà àti màmá àgbà jà mọ́.,nei,nei,0.24222952,0.18971364,0.5680568
yoruba,Gbogbo ìdílé tó ti jọba Èkó ni wọ́n fún ẹ̀bùn ìjọba ìpínlẹ̀ yìí pátá.,nei,nei,0.2530304,0.22159131,0.5253783
yoruba,Gbogbo àwn akẹ́kọ̀ọ́ ni wọ́n fara mọ́ òfin tí ilé-ẹ̀kọ́ gbé kalẹ̀.,nei,nei,0.122825995,0.081628494,0.7955456
yoruba,Ìlú Egbejila ni ìròyìn tí jáde pé àwọn ọlọ́sìn ẹja ní àwọn fi iṣẹ́ báńkì sílẹ̀ wá ṣe ọ̀sìn ẹja,nei,nei,0.26293156,0.3063371,0.43073142
yoruba,Àkọsílẹ̀ fi hàn pé kò sí ìlú kankan bí tí wù kó mọ lábẹ́ ẹ̀yà àkókó.,refutes,refutes,0.28709152,0.59269106,0.12021739
yoruba,Ilé-ìwé Alkimaru Heritage gba àwọn akẹ́kọ̀ọ́ tí wọ́n lé ní ẹgbẹ̀rún kan fún sáà tuntun.,nei,nei,0.22474289,0.2665247,0.50873244
yoruba,Olóṣẹ̀lú tó gbajúgbajà ni Mohammadu Buhari jẹ́. Ó sì jẹ́ ọ̀kan lára àwọn olóṣẹ̀lú tí ẹsẹ̀ rẹ̀ rinlẹ̀ jùlọ ní apá àríwá orílẹ̀-èdè Nàìjíríà.,supports,refutes,0.2829514,0.44705686,0.26999173
yoruba,Àwọn aláwọ̀ funfun ló fa ìdí àbájọ tí àwọn ìjọba ológun ṣe fi ipá gba ìjọba Ìpínlẹ̀ náà.,nei,nei,0.1035558,0.20308167,0.69336253
yoruba,"Nínú ihò ribiti tó ní ojú méjìlá, tí mẹ́fà sì kọjú sí ara wọn ni wọ́n máa ń lò pẹ̀lú òkuta wẹ́wẹ́ àbí ọmọ ayò méjìdínláàádọ́ta.",supports,refutes,0.2672361,0.42319548,0.30956838
yoruba,"Ààrẹ àkọ́kọ́, Adéyanjú Adédayọ̀ ní ìfọ̀rọ̀wánilẹ́nuwọ̀ kan sọ pé akitiyan ti wà láti ṣe ètò náà.",nei,supports,0.5415334,0.17029761,0.28816897
yoruba,"Ọba Akítóyè wá dáa bí ọgbọ́n, ó fi wàhálà kọ́ Kòsọ́kọ́ àti sọ̀ǹgbè rẹ̀ lọ́rùn. ",refutes,supports,0.45798594,0.35755503,0.18445902
yoruba,"Mínísítà sọ pé ó dára kí á pa àgọ́ mẹ́ta, ṣùgbọ́n a ò ní fún Daud àti Lọ́ládé ni ọ̀kankan.",nei,nei,0.14616033,0.20240487,0.6514348
yoruba,Zainab sọ pé ìjọba ti pàṣe pẹ́ kí wọ́n ṣí ẹnu ibodè mẹ́wàá sílẹ̀.,refutes,nei,0.08719426,0.14477973,0.768026
yoruba,"""Ìjàkadì"" yìí ò ní ìtumọ̀ ìjìnlẹ̀ pàtó kankan yàtọ̀ sí ohun tí ọ̀rọ̀ náà túmọ̀ sí fúnra rẹ̀.",refutes,refutes,0.38580275,0.39989915,0.21429805
yoruba,Ìlú Ilaro ní ìpínlẹ̀ Ògùn ni wọ́n bí Ọba Seriki Ifaremilekun Abass Williams Fagbemi sí.,supports,supports,0.7226668,0.09690168,0.18043151
yoruba,"Ìbànújẹ́ àti ìtara tí Sẹnetọ Adeyemi fi sọ̀rọ̀ nílé aṣòfin fi hàn pé ó ní ìfẹ́ gidi sí ààbò orílẹ̀-èdè, ó sì tọ́ka pé ìjọba gbọdọ̀ gbìmọ̀ pọ̀ láti dáàbò bo ẹ̀mí àwọn ará Nàìjíríà.",supports,nei,0.22544676,0.16962634,0.6049269
yoruba,Alága Hajj ni Nàìjíríà ní inú wọn kò dùn sí bí Hajj kò ṣe ní wáyé.,nei,nei,0.11744906,0.20830238,0.6742485
yoruba,Ọ̀pọ̀lọpọ̀ yìnyín ni ó máa ń jábọ́ ní ìgbà òjò ni orílẹ̀-èdè Nàìjíríà.,nei,nei,0.096094966,0.3916977,0.5122073
yoruba,BBC mẹ́nuba ìrúfẹ́ ìgbeyàwó méje tó wà nílẹ̀ Yorùbá àti ojúṣe,nei,nei,0.07351477,0.14997765,0.77650756
yoruba,"Àìrísẹ́ ṣè lẹ́yìn ìwé kíkà ló sọ mi dí ìyá onírú, mo dúpẹ́ tèmi",nei,nei,0.10873417,0.060056474,0.83120936
yoruba,Gbogbo àwọn tí wọn ń lo ẹ̀rọ wọn ní ọ̀nà tí kò bá òfin ìjọba mu ni wọn yóò sọ sátìmọ́lé.,nei,nei,0.06755838,0.123582125,0.8088595
yoruba,"Gómìnà ìpínlẹ̀ Ọ̀yọ́, Mákindé kéde pé kí àwọn òṣìṣẹ́ dáwọ́ iṣẹ́ dúró nítorí coronavirus nípínlẹ̀ náà.",supports,nei,0.23121293,0.09553857,0.6732485
yoruba,Ilẹ̀ Yorùbá ò fi bẹ́ẹ̀ ní eré-ìdárayá tó pọ̀ fún àwọn ọmọdé.,refutes,refutes,0.081209086,0.67378813,0.24500272
yoruba,Azonto ní àfojúṣùn òun ni láti lọ fi idán iná yìí pa owó lókè òkun,nei,nei,0.25052607,0.23909861,0.5103753
yoruba,"Ìtàn fi hàn pé ìfarahàn ẹgbẹ́ One Million Boys kò pin sí Eko nìkan, ṣùgbọ́n o tún ní ẹ̀ka àti ipá tó lágbára ní Ibadan, pàápàá jùlọ ní adúgbò Kudeti àti àwọn agbègbè tó yí ká.",supports,supports,0.39486018,0.28717178,0.317968
yoruba,Ìṣẹ̀lẹ̀ apànìyàn yìí wáyé ní ìlú Ìjẹ̀ṣà ní Ìdómínàà ní pàtó.,nei,supports,0.42362916,0.35231188,0.22405899
yoruba,Ìtàn fi yé wa pé Budda ṣe ìrìn-àjò lórí ọkọ̀ ojú omi lẹ́ẹ̀mẹ́rin ọ̀tọ̀ọ̀tọ̀ lẹ́yìn tí ìyàwó rẹ̀ bímọ.,refutes,nei,0.320486,0.18435903,0.495155
yoruba,"Àwọn aláṣẹ ẹgbẹ́ òṣelú APC pé ìpàdé fún àwọn aṣòfin tó jẹ́ ọmọ ẹgbẹ́ wọn láti jíròrò lórí bí wọn yóò ṣe yan àwọn olórí ilé aṣòfin, tí àwọn ọmọ ẹgbẹ́ PDP sì lo àǹfààní náà láti sẹ̀tò ìdìbò.",supports,nei,0.17162888,0.251553,0.5768181
yoruba,Wizkid jẹ́ ọ̀kan lára àwọn olórin tàkásúfẹ̀ẹ́  Afro Beat tó wà ní orílẹ̀-èdè Nàìjíríà.,supports,refutes,0.2519214,0.38199484,0.36608377
yoruba,A kò lè fi ọbẹ̀ ofe akwu jẹ iyán.,refutes,refutes,0.1729518,0.602026,0.22502224
yoruba,"Ní ìwọ̀ oòrùn ìtà Ipetumodu ni ilé ìwé Federal Government Girl's College wà, èyí tó jẹ́ aládàá ní.",refutes,supports,0.78585047,0.1388547,0.07529486
yoruba,"Ọ̀pọ̀lọpọ̀ ènìyàn ni ò gbóríyìn fún Adedibu fún àwọn iṣẹ́ tí ó ṣe, kódà wọ́n bu ẹnu àtẹ́ lù ú.",refutes,nei,0.14980642,0.22171773,0.62847584
yoruba,"Elike Chibuzor ni orúkọ arákùnrin tí ọwọ́ àwọn ọlọ́pàá tẹ̀, tó ní òun lòun jí ọmọ tí wọ́n ń wa gbé.",supports,nei,0.30626956,0.16555732,0.52817315
yoruba,Ní ibi pápá ọkọ̀ ojú ọ̀nà Sángó ni ìṣẹ̀lẹ̀ náà ti wáyé láì rò tẹ́lẹ̀.,nei,nei,0.24392898,0.23959251,0.5164785
yoruba,"Ìṣẹ̀lẹ̀ yìí mú Bisi Fayemi sunkún nítorí ìṣẹ̀lẹ̀ yìí ti ṣẹlẹ̀ sí òun náà rí, lásìkò tó wà ní ilé-ẹ̀kọ́ gíga.",nei,nei,0.3523312,0.2190345,0.42863435
yoruba,Ọmọ ẹ̀gbọ́n Ọṣìnlókùn ló jẹ Ọba lẹ́yìn tí Ọṣìnlókùn kú.,refutes,supports,0.527456,0.1604617,0.31208232
yoruba,Láti nǹkan bíi sẹ́ńtérì kẹ́ta ni a ti ń fi èdè Lárúbáwá kọ nǹkan sílẹ̀.,supports,supports,0.37242696,0.30063042,0.3269426
yoruba,Inú àwọn Gbágùrá ò dùn nígbà tí àwọn Òwu lé àwọn ológun padà títí wọ́n fi dé àárín Gbágùrá nítorí wọ́n lérò pé àwọn Òwu yóó ti pa wọ́n dànù.,refutes,supports,0.41478693,0.23240985,0.3528032
yoruba,Àwọn akẹ́kọ̀ọ́ Yorùbá lọ sí ibi ètò ẹka History wọn kò sì rí oúnjẹ jẹ.,nei,nei,0.12496018,0.27824467,0.59679514
yoruba,Lara àwọn ìtàn tí a ti lè gbọ́ náà ni pé olórí àwọn Ìjẹ̀ṣà jẹ òkan lára àwọn ọmọ méjèje tí Ọrúnmìlà bí.,refutes,supports,0.5903238,0.22248821,0.18718797
yoruba,"Ọ̀pọ̀ àwọn olóṣèlú ni ilé ẹjọ́ yọ kúrò nípò lẹ́yìn tí wọ́n ṣe àtúnṣẹ́ sí àbájáde ìdìbò ọdún 2019 nítorí àríyànjiyàn lórí ẹni tí INEC kéde gẹ́gẹ́ bí olubori, lárá wọn ni gomina àtijọ́ ìpínlẹ̀ Ọ̀yọ́, Abiola Ajimobi.",supports,nei,0.38392037,0.1444002,0.47167948
yoruba,"A máa ń pọ́n mọ́ímọ́í sínú agolo, a sì lè pọ́n ọn sínú ewé.",supports,refutes,0.23435132,0.5770118,0.1886368
yoruba,"Oníwàásù àgbáyé náà wá gba aya Ajimobi níyànjú láti tẹ̀lé ohun tí ìwé Àlùkùránì sọ nípa opó ṣíṣẹ, èyí tó jẹ́ oṣù mẹ́rin àti ọjọ́ mẹ́wàá, ìyẹn àádọ́je ọjọ́",nei,supports,0.42680746,0.21539877,0.35779378
yoruba,Òṣogbo tíí ṣe olú ìlú ìpínlẹ̀ Ọ̀ṣun kò ní ilé-iṣẹ́ kankan.,refutes,refutes,0.2744958,0.57026154,0.15524267
yoruba,"Ìjà tó fọ́ gbogbo Ìlú Ẹ̀gbá wáyé ní ọdún 1821, ohun kékeré ló sì ṣòkùnfà ìjà náà láàárín àwọn Òwu àti àwọn ìjẹ̀bú.",supports,supports,0.62168664,0.2598337,0.11847962
yoruba,"Ọjọ́ kẹtàdínlọ́gbọ̀n, oṣù kẹta, ọdún 2020 ni òfin yìí ò ní ṣiṣẹ́ mọ́.",refutes,supports,0.40358,0.21374477,0.38267526
yoruba,Àwọn ènìyàn ti rawọ́ ẹ̀bẹ̀ sí ìjọba láti gbé òfin tuntun kalẹ̀ tí yóò dáà bò bo àwọn ẹranko.,nei,nei,0.115630865,0.27003518,0.614334
yoruba,"Àwọn tó lòdì sí ìjọba Àdèlé, tí wọ́n sì mú ìjọba Àdèlé dópin ní ọdún 1819 ni Oṣìnlokùn àti àwọn alátìlẹyìn rẹ̀.",supports,supports,0.846329,0.08386683,0.0698042
yoruba,Gbogbo àwọn orúkọ Yorùbá ni wọ́n máa ń ní ìtumọ̀ ìjìnlẹ̀.,nei,nei,0.1881077,0.17135303,0.64053935
yoruba,Àwọn olósèlú tí wọ́n lọ síbi ìpàdé àpérò náà lọ́dún tí à ń wí yìí lé lọ́gọ́rùn-ún.,nei,nei,0.3077874,0.1500003,0.5422123
yoruba,"Láti gbin iṣu, a máa gbin orí rẹ̀. Ọ̀gbìn iṣu sì ṣe pàtàkì nílẹ̀ Yorùbá.",supports,refutes,0.19698492,0.6020836,0.2009314
yoruba,"Sanusi ní ""Mo ti sọ fún àwọn ìyàwó mi àti mọ̀lẹ́bí mi pé kí wọ́n fún Emir tuntun ní ọ̀wọ̀ tó yẹ"".",nei,nei,0.069169894,0.122431315,0.8083988
yoruba,"Iṣẹ wá burẹkẹ síi tórí Covid-19, owó ńlá ló wà nínú dídáná sun òkú.",nei,nei,0.17869127,0.28399315,0.53731555
yoruba,Olùkọ́ ẹka-ẹ̀kọ History ni àwọn akẹ́kọ̀ọ́ wọ́n fi ahun jọ.,nei,nei,0.12460698,0.08685305,0.78853995
yoruba,Nígbà tí Mugabe kú Mohammsdu Buhari ò sọ̀rọ̀ kankan nípa rẹ̀.,refutes,refutes,0.19837405,0.43598482,0.36564118
yoruba,"Ernest wà ní ipò láti ọjọ́ mẹ́rindínlọ́gbọ̀n, oṣù kẹjọ, ọdún 1993 títí dé ọjọ́ kẹ́tadínlógún, oṣù kọkànlá ọdún 1993 tí ó fi fẹ̀yìn tì.",supports,supports,0.9165883,0.051512692,0.03189897
yoruba,Fonọ́lọ́jì ní ẹ̀ka èdè Ìṣẹ̀-Èkìtì ní àwọn ìjọra àti ìyàtọ̀ pẹ̀lú ti Olórí ẹ̀ka-èdè Yorùbá.,supports,refutes,0.40073025,0.48478696,0.11448284
yoruba,"Kí Arapaja tó darapọ̀ mọ́ òṣèlú, ó ṣiṣẹ́ ní ilé-ìfowópamọ́ fún ọdún mẹ́wàá ní Ìpínlẹ̀ Èkó.",refutes,supports,0.6732041,0.17027059,0.15652528
yoruba,"Ní orílẹ̀-èdè Nàìjíríà, àwọn aṣèwádìí kan ṣàwárí àwọn ilé tó wà lórí òkè ní ìpínlẹ̀ Ọ̀yọ́.",nei,nei,0.24637634,0.18687287,0.5667508
yoruba,Gbogbo ọbẹ̀ ni wọ́n máa ń kọ́kọ́ ṣan ewé wọn kí wọ́n tó ṣàmúlò rẹ̀.,nei,nei,0.11038081,0.15372457,0.73589456
yoruba,"Ẹ̀sìn ìsìlámù níí ṣe pẹ̀lú àìṣòdodo, èyí sì ń darí gbogbo ènìyàn sí ohun tí yóò ṣe ànfààní fún wọn.",refutes,refutes,0.34684214,0.385321,0.26783693
yoruba,Ní ayẹyẹ ọjọ́ àwọn opó ti ọdún 2019 ni opó kan ti ṣàllàyé pé òun máa ń sá kiri láti wá owó ilé ni.,nei,nei,0.21480826,0.13502833,0.65016335
yoruba,"Òrìṣà pàtàkì ni Ṣàngó jẹ́ lára àwọn ibọ òrìṣà nílẹ̀ Yorùbá. Ìran ṣàngó ní ọ̀pọ̀ ìbẹ̀rù, ìrísí, ìṣe, àti ìsọ̀rọ̀.",supports,supports,0.5274423,0.3125751,0.15998262
yoruba,Anthony Olúwafẹ́mi Ọláṣeéní Jóṣúà jẹ́ gbajúgbajà oníṣòwò kan tí ó ń ta irin ìkọ́lé ní ìlú Èkó.,refutes,supports,0.72659045,0.15595019,0.11745938
yoruba,"Wọ́n gbé ìgbésẹ̀ láti fi kún àwọn ọlọ́pàá tó ń dúró lójú ọ̀nà, bákan náà ni wọ́n ti pé àwọn elòmìíràn tí kì í ṣe ọlọ́pàá láti ràn wọ́n lọ́wọ́.",supports,nei,0.14095931,0.18867117,0.67036945
yoruba,Iye àwọn ènìyàn tí ó ń sọ èdè Lárúbáwá gẹ́gẹ́ bí èdè abínibí ní àríwá ilẹ̀ Áfíríkà àti ìlà-oòrùn-gúsù (Asia) tó mílíọ̀nù lọ́nà igba.,supports,refutes,0.43539953,0.47254625,0.09205422
yoruba,Àwọn oníṣòwò kan tí wọ́n tún jẹ́ pẹjapẹja ni wọ́n dá ìlú Èkó sílẹ̀ ṣaájú ìjọba amúnisìn.,supports,nei,0.30022344,0.1151928,0.58458376
yoruba,Ẹ̀sìn ìsìláàmù jẹ́ àṣà tí Ọlọ́run ń lò láti fi ránṣẹ́ sí ànọ́bì kí àlàáfíà àti ìrọ̀rùn lè wà láàárín gbogbo ọmọnìyàn.,refutes,supports,0.3601928,0.3258944,0.31391284
yoruba,Alága ẹgbẹ́ agbábọ́ọ̀lù Juventus Andrea Agnelli ṣàlàyé pé àwọn ẹgbẹ́ agbábọ́ọ̀lù méjìlá náà parapọ̀ lásìkò tó ṣe pàtàkí yìí láti mú àyípadà bá eré bọ́ọ̀lù ní ilẹ̀ Yúróòpù,nei,nei,0.14566436,0.32629162,0.528044
yoruba,Nǹkan ọrọ̀ ajé ìlú Àkókó tí ó wọ́pọ̀ jù ni aṣọ àti bàtà títà.,refutes,refutes,0.1394923,0.64527076,0.21523695
yoruba,"Ìròyìn kan jáde láti fi tó àwọn ará-ìlú létí wí pé Atiku ń wá igbákejì,.",nei,nei,0.32188788,0.3111119,0.3670002
yoruba,Ìjọba àpapọ̀ ti fòfin de gbogbo àwọn tí wọ́n ń kó ìrẹsì wọlé lọ́nà àìtọ́ lórílẹ̀-èdè Nàìjíríà.,nei,nei,0.06499436,0.15346366,0.78154206
yoruba,"Alárèékérékè ẹ̀dá ni Ẹ̀ṣù, ó sì máa ń gbé ní oríta.",supports,supports,0.42502242,0.2776158,0.2973618
yoruba,Láti ẹni ọdún mẹ́tàlà ni Bàbá mi ti ń ba mi sùn.,nei,nei,0.20269461,0.1747382,0.6225672
yoruba,Orúkọ kan ṣoṣo tí a mọ òrìṣà yìí mọ́ ni Ṣàngó.,refutes,supports,0.56431264,0.19479586,0.2408915
yoruba,Olòrì Awólọ́wọ̀ jẹ́ olósèlú tí ó gbajúmọ̀ láàárín àwọn ọmọ ilẹ̀ Yorùbá.,refutes,refutes,0.40112588,0.4097245,0.18914959
yoruba,"Ọpẹ́lọpẹ́ ìjáfáfá awakọ̀ yìí, ọ̀pọ̀ ẹ̀mí ni ò bá sọnù ní ọjọ́ tí ìṣẹ̀lẹ̀ yìí ṣẹlẹ̀, àmọ́ ọ̀nà ìgbà ronú rẹ̀ ló kó Remi àti àwọn èrò inú ọkọ̀ náà yọ.",supports,refutes,0.16759308,0.42592865,0.40647826
yoruba,"Gbogbo ẹ̀sìn ló ní irúfẹ́ ìgbàgbọ́ tirẹ̀, bẹ́ẹ̀ sì ni ó wà ní ayé àtijọ́ ní àwọn ìlú kọ̀ọ̀kan.",nei,supports,0.4309278,0.28443766,0.28463447
yoruba,"Òdodo ò ṣòro láti mọ̀, pàápàá láàárín àwọn èèyàn tó ní àfojúsùn kan náà.",nei,refutes,0.14188588,0.5347784,0.3233357
yoruba,"Iye ìlú tó wà labẹ́ Ìjẹ̀ṣà á fẹ̀ẹ̀ ju ọgbọ̀n lọ, èyí tí àwọn kan jẹ́ ìlú kékeré tí àwọn kan sì jẹ́ ìlú ńláńlá.",supports,supports,0.58262503,0.31287318,0.1045017
yoruba,"Nínú àtẹ̀jáde kan tí wọ́n fi síta fún àwọn oníròyìn, kò sí ẹnìkankan látìmọ́lé nínú àwọn olùwọ́de Endsars.",refutes,nei,0.20136884,0.22221082,0.5764203
yoruba,"Àjọ̀dún ìjàkadì ní ìlú Ọ̀fà, ní ìpínlẹ̀ Kwara máa ń wáyé pẹ̀lú èròngbà láti gbé àṣà Yorùbá lárugẹ ní orílẹ̀-èdè Nàìjíríà.",supports,nei,0.27889836,0.19588469,0.525217
yoruba,Orin fújì ni ọ̀pọ̀ ènìyàn mọ Wizkid sí ní Nàìjíríà.,refutes,nei,0.062841564,0.4605056,0.4766528
yoruba,Kò sí ẹni tí ó dáro ikú Mugabe nígbà tí ikú rẹ̀ gbayé kan.,refutes,refutes,0.20510006,0.5126705,0.28222948
yoruba,Iyán jẹ́ oúnjẹ aládùn tí à ń fi ọwọ́ jẹ. Àwọn ènìyàn tí ó wà ní gúúsù orílẹ̀-èdè Nàìjíríà máa ń pèé ní orúkọ mìíràn.,supports,nei,0.28839996,0.3344822,0.3771178
yoruba,Gómìnà tí ìpínlẹ̀ Ọ̀ṣun dìbò yàn lọ́dún 2022 náà ni ó ṣì wà lórí àléfà ní ìpínlẹ̀ náà.,supports,nei,0.367688,0.25166866,0.38064334
yoruba,Sẹnetọ Adeyemi ṣàlàyé pé kò yẹ kí àwọn aṣíwájú ó mójútó nǹkan kan nípa iye ẹ̀mí tí wọ́n ń pàdánù lórílẹ̀ èdè náà.,refutes,nei,0.17609109,0.18426822,0.6396407
yoruba,"Kò sí àáwọ̀ kankan tí ó tẹ̀yìn rẹ̀ yọ nígbà tí Olóyè Àjàsá ń hàlẹ̀, tí ó ń bú Ìgà Ìdúngànràn.",refutes,supports,0.5953687,0.29891026,0.10572106
yoruba,"Sunday Igboho ṣàlàyè pé òun kò bẹ̀rù ẹnikẹ́ni àyàfi Ọlọ́run, lẹ́yìn tí àwọn kan lọ jọ ilé rẹ̀ ní Ìbàdàn, bẹ́ẹ̀ sì ni kò jẹ́ kí ìṣẹ̀lẹ̀ yìí sọ ọ́ di alágbe tí á máa tọrọ owó lọ́wọ́ àwọn ènìyàn.",supports,supports,0.41573358,0.17525448,0.40901193
yoruba,"Láàárín gbogbo orílẹ̀-èdè tó wà ní àgbáyé, Amẹ́ríkà nìkan ni kò ní àkọ́sílè ìgbẹ̀mí ara-ẹni.",refutes,refutes,0.14257103,0.48087266,0.37655637
yoruba,"Ànàmọ́ tàbí ọ̀dùnkún jẹ́ irúgbìn tí ó máa ń hu ewé, ó sì máa ń fààyè gba afẹ́fẹ́ nínú rẹ̀.",supports,refutes,0.26657206,0.58202815,0.15139976
yoruba,"Ní ìdílé àwọn ọba Èkó, ìdílé Ọba Ológun Kutere ni ó tóbi jù lọ lẹ́yìn ìjàkadì tó wáyé ní ọdún 1829.",refutes,supports,0.864601,0.07092309,0.06447587
yoruba,Naira Marley gbóríyìn fún Jude Chukwuka pẹ̀lú #1 míliọnù,nei,refutes,0.103936926,0.44825462,0.44780844
yoruba,"Àmàlà, èyí tí a fi èlùbọ́ iṣu tàbí ọ̀gẹ̀dẹ̀ ṣe jẹ́ oúnjẹ tó gbajúgbajà.",supports,refutes,0.25090286,0.5932037,0.15589333
yoruba,"Àwọn agbègbè ìjọba mẹ́ta mìíràn tí Ìwó ní ni wọ̀nyí: Ìwó East, Ọlọ́mọwẹ́wẹ́, Ìwó West, Agbéríre; Ọlá Olúwa South East, Ilémòwú.",refutes,supports,0.68714315,0.21021004,0.102646835
yoruba,"Ní ọdún 1952, ní ìlú Èkó, Ogun Olómirò kan wáyé láàárín Ọba àti àwọn ìjòyè nígbà náà. ",nei,supports,0.85795355,0.075691596,0.06635488
yoruba,"Láti lè dá ààbò bo àwọn ènìyàn tó wà lọ́nà jínjìn, wọ́n kédè pé kí ẹnikẹ́ni má rin ìrìn-àjò ọlọ́nà jínjìn àti pé kí àwọn ọmọ Yorùbà ní ilẹ̀ Hausa dúró sí ibi tí wọ́n wà.",refutes,nei,0.41511258,0.16082448,0.42406285
yoruba,Wọ́n máa ń fi ọ̀gẹ̀dẹ̀ ṣe ìpara ní àwọn orílẹ̀-èdè mìíràn.,refutes,nei,0.13793059,0.14478162,0.71728784
yoruba,Ọba Oyedọtun pàṣẹ̀ pé kí Oluwo lọ sinmi nílé fún ọdún mẹ́ta,refutes,nei,0.1819717,0.11687259,0.7011558
yoruba,"Ní ilẹ̀ Adúláwọ̀, ọ̀pọ̀lọpọ̀ àgbẹ̀ ní ń gbin iṣu.",supports,refutes,0.16924834,0.505806,0.32494563
yoruba,Ọba Oyékàn ni Ọba ìlú Èkó láàrin oṣù kẹta ọdún 1885 sí oṣù kẹsàn-án ọdún 1900.,supports,supports,0.9256304,0.0519002,0.022469418
yoruba,"Kété tí àwọn ọmọ ìjọ pásítọ̀ tí wọ́n fẹ́sùn kàn gbọ́ ohun tí pásítọ̀ wọn ṣe, kíá ni wọ́n dẹ́kun láti máa lọ ilé-ìjọsìn, èyí tó mú kí ibẹ̀ dá poo.",refutes,nei,0.24068476,0.08697834,0.6723369
yoruba,Wọ́n gbóríyìn fún Mia Munayer àti Kevin Briggs tí wọ́n ṣịṣẹ́ gẹ́gẹ́ bí ayọ̀ǹda ara-ẹni fún isẹ́.,nei,nei,0.24647614,0.2544388,0.49908507
yoruba,"Gani Adams ní ó pọn dandan kí àwọn Gómìnà méjèèjì ṣe ìbẹ̀wò sí Ààrẹ lórí ọ̀rọ̀ ètò ààbò, kí wọ́n lè tí ojútùú sí ọ̀rọ̀ náà.",refutes,nei,0.10540949,0.2573778,0.6372127
yoruba,"Ìlú pàtàkì àti olú-ìlú ni Ipetumodu jẹ́ tí ilé ìwé gíga, Oduduwa University wà níbẹ̀ àti àwọn ilé ìwé gírámà márùn-ún mìíràn.",supports,supports,0.7805439,0.16606635,0.0533897
yoruba,"Ìbátan Lucky tó bá àwọn oníròyìn sọ̀ pé lucky kò tilẹ̀ sáré rárá, bẹ́ẹ̀ kò kọlu ọkọ̀ kankan.",refutes,refutes,0.1066397,0.5630671,0.33029318
yoruba,Ọlọ́run ṣe àdéhùn fún Dáúdà pé bí ó bá bímọ yóò fi ọmọ náà jọ́sìn fún òun.,refutes,nei,0.2537838,0.13285716,0.61335903
yoruba,"Láti rìnrìn-àjò dé Porto Novo láti Èkó, èèyàn á nílò láti wọ ọkọ̀ ojú ọ̀nà.",refutes,nei,0.19833016,0.37273815,0.42893174
yoruba,Ṣọla Allyson: Obìnrin tí kò bá rẹwà ni yóò máa ṣí ara sílẹ̀,nei,nei,0.08491713,0.15992408,0.7551588
yoruba,"Lẹ́yìn ìpààrọ̀ owó Nàìjíríà ti tẹ́lẹ̀, Nàìjíríà bẹ̀rẹ̀ si ní lo owó náírà ní ọjọ́ kìíní oṣù kìíní ọdún 1973.",supports,supports,0.49035093,0.27672502,0.23292398
yoruba,ASUU rọ àwọn akẹ́kọ̀ọ́ fásítì láti múra sílẹ̀ fún ìwọlé wọn lẹ́yìn ìyanṣẹ́lódì oṣù méje,nei,nei,0.0819819,0.11545288,0.8025652
yoruba,"Àwọn ẹgbẹ́ agbábọ́ọ̀lù mẹ́fa tó darapọ̀ mọ́ líìgì tuntun náà ni Arsenal, Chelsea, Manchester city, Manchester United, Liverpool àti Tottenham.",supports,nei,0.12034751,0.2707826,0.6088699
yoruba,Jude Chukwuka: Wò ó bí oríkì àwọn ìlú Yorùbá ṣe yọ̀ lẹ́nu ọmọ Igbo jú ọmọ onílùú lọ.,nei,nei,0.15565535,0.24483222,0.5995124
yoruba,Wọn kò fa ọmọ orílẹ̀-èdè Nigeria kankan kalẹ̀ rí fún àmì ẹ̀yẹ Grammy.,refutes,nei,0.0782908,0.42998183,0.4917274
yoruba,"Lẹ́yìn wákàtí mẹ́jọ pẹ̀lú Ngige, ASUU àti FG fọwọ́sowọ́pọ̀ lórí owó oṣù tí wọ́n dá dúró, lílo UTAS, àti owó tí a yà, wọ́n sì ṣètò láti fòpin sí ìyanṣẹ́lódì náà..",supports,nei,0.15255694,0.18865862,0.65878445
yoruba,"Àwọn orí-adé nílẹ̀ Yorùbá bíi Ọ̀ọ̀ni Ilé-Ifẹ̀, Olúgbọ́n Ilẹ̀ Igbọ́n péjú síbi ayẹyẹ ìfilọ́lẹ̀ ikọ̀ Àmọ̀tẹ́kùn.",supports,supports,0.42564887,0.30587217,0.26847902
yoruba,Ṣíṣe àkàrà ò nílò kí a rẹ ẹ̀wà sínú omi rárá tàbí kí a fi àwọn nǹkan mìíràn sínú ẹ̀.,refutes,nei,0.27234143,0.31114203,0.41651657
yoruba,Kò sí àgbàlagbà ọkùnrin tí ó fi ipá bá àwọn ọmọdé lò lásìkò yìí.,refutes,refutes,0.0993834,0.5070864,0.3935302
yoruba,"Abubakar Balarabe Mahmoud sọ ọ́ di mímọ̀ pé àwọn yóò pe ẹjọ, àyàfi tí wọ́n bá tú Emir náà sílẹ̀ ní ìhámọ́ ní kíákíá, bí bẹ́ẹ̀ kọ́, wọ́n máa gbé ìgbésẹ̀ nílànà òfin. ",supports,nei,0.21030466,0.1377735,0.6519218
yoruba,Babaláwo kan ṣoṣo tí àwọn ọmọnìyàn lè máa bá a ní gbólóhùn nígbà náà ni Ọ̀gúnmìlà.,refutes,supports,0.44634452,0.24478629,0.3088692
yoruba,"Ní ilẹ̀ Yorùbá,  tí obìnrin bá ń ṣe ìgbéyàwó, dandan ni kí ó wọ ilẹ̀kẹ̀ sọ́rùn.",nei,nei,0.12827674,0.19892716,0.6727961
yoruba,"Gẹ́gẹ́ bí ìtàn ṣe so, Aga ni orúkọ ẹni tí ó kọ́kọ́ tẹ ìlú Àkúrẹ́ dó.",supports,supports,0.6564942,0.15129848,0.19220734
yoruba,"Orúkọ bàbá Buhari ni Gardo Adamu, tí ìyá rẹ̀ sì ǹ jẹ́ Zainab.",refutes,supports,0.6536366,0.17958695,0.16677645
yoruba,"Ní òpópónà kọ̀ọ̀kan ni a ti máa rí ilé aṣètò fún ìjọba kọ̀ọ̀kan. Yálà ìjọba ìbílẹ̀, ìjọba àpapọ̀, tàbí ìjọba ogun.",nei,refutes,0.17848885,0.4350545,0.38645658
yoruba,Sunday Igboho àti Babatunde Arowolo lọ́ farahàn níbi ti àwọn ọmọ onílẹ̀ ti ń ṣọṣẹ́ láti gba àwọn èèyàn Soka ní ìlú Ìbàdàn sílẹ̀.,supports,nei,0.1580796,0.11078416,0.7311362
yoruba,"Àwọn fídíò tó ń lọ káàkiri orí Íńtánẹ́ẹ̀tì fi hàn pé àwọn òṣìṣẹ́ ń jẹ́ kí àwọn àlejò pàtàkì fi ọwọ́ kan òkúta náà ní ìkọ̀kọ̀, èyí tó fi hàn pé níṣe ni wọ́n ya àwọn kan sọ́tọ̀ tí òfin náà ò lè múnáà sílò.",refutes,nei,0.27089676,0.27737343,0.4517298
yoruba,"A ò lè torí pé àwọn kan ò rína, kí á má ṣe ohun tó yẹ kí a ṣe ní tiwa.",nei,nei,0.118342355,0.099828534,0.7818292
yoruba,"Láti ṣe àkàrà, a máa kọ́kọ́ rẹ ẹ̀wà sínú omi fún ọgbọ̀n ìṣẹ́jú sí wákàtí kan kí ó lè lọ̀ ọ́.",supports,nei,0.2925124,0.32517728,0.3823103
yoruba,"Àjàkálè àrùn COVID ló mú kí Saudi Arabia fagilé Hajj ọdún 2020 fún gbogbo àgbáyé, tí wọ́n sì gba àwọn olùgbè agbègbè náà nìkan ní àǹfààní láti kópa nínú Hajj ọdún náà.",supports,nei,0.25846463,0.24541748,0.49611786
yoruba,Ọjọ́ kọkàndínlọ́gbọ̀n oṣù kẹwàá ọdún 1943 ni wọ́n bí Ọọ̀ni Adéyẹyè Ògúnwùsì sáyé.,refutes,supports,0.8883832,0.053212218,0.05840458
yoruba,"Kò sí ẹnìkan tó láyà láti bọ́ sí gbangba láti sọ̀rọ̀ pé òun fẹ́ dojú ìjà kọ àwọn Fulani, kódà àwọn ọlọ́pàá gan-an ń sún sẹ́yìn.",refutes,nei,0.1376652,0.2954056,0.5669292
yoruba,"Gbogbo bí ẹ̀sùn náà ṣe nípọn, tí àwọn ará-ìlú tún bọ́ta láti ṣe ìwọ́de tí wọ́n sì pé jọ sí iwájú ilé-ìjọsìn náà, èyí kò dá àwọn ọmọ ìjọ náà dúró láti lọ jọ́sìn, kódà ọ̀gọ̀rọ̀ èrò àwọn ènìyàn ló lọ jọ́sìn.",supports,supports,0.42560607,0.24434705,0.33004686
yoruba,"Lẹ́yìn ìsẹ̀lẹ̀ yìí, a rí awakọ̀ kan tó ń yí nílẹ̀ láti dúpẹ́ lọ́wọ́ Ọlọ́run tó kó òun yọ lọ́wọ́ àwọn ajínigbé.",nei,nei,0.13875082,0.14109635,0.7201528
yoruba,Àwọn ará-ìlú wọ́de láti ṣe ìfẹ̀hónúhàn nítorí ikú ọmọbìnrin náà.,refutes,nei,0.18160252,0.20294508,0.6154524
yoruba,"Nínú ìtàn Yorùbá, Mọ́remí padà sọ́dọ̀ ọkọ rẹ̀ àárọ̀ lẹ́yìn tí àwọn Yorùbá gba ara wọn lọ́wọ́ àwọn Ìgbò.",supports,nei,0.16116437,0.2572781,0.5815575
yoruba,"Nínú ìtàn, Gẹ̀lẹ̀dẹ́ àti Ẹ̀fẹ̀ kò rú ẹbọ tí Ifá wí ni wọn ò ṣe rọ́mọ bí láyé.",refutes,refutes,0.20126778,0.556919,0.24181321
yoruba,Mo pàdánù ọkọ àti ọ̀rẹ́ bí mo ṣe ni 'Cancer'- Iwalade Adebimpe Adetunji,nei,nei,0.21645212,0.19333157,0.5902163
yoruba,Kò sí ẹnìkankan níbẹ̀ nígbà tí Dauda gbé iṣẹ́ fún arábìnrin yìí.,nei,refutes,0.11593097,0.4675313,0.41653773
yoruba,"Ọ̀pọ̀ àwọn ènìyàn tó rí arákùnrin yìí lórí afárá kígbe tòò, bẹ́ẹ̀ sì ni wọ́n ń bẹ̀ ẹ́ pé kí, ó má lọ bẹ́ sínú odò.",refutes,nei,0.13717137,0.18932521,0.6735034
yoruba,Gómìnà Fáyẹmí sọ pé òtítọ́ ni ìròyìn pé àwọn Gómìnà ìpílẹ̀ tako àbá kí àwọn aṣòfin dá dúró láìsí ìrànwọ́ ìjọba.,refutes,nei,0.1361106,0.34800732,0.5158821
yoruba,Ìjọba Buhari ti ṣẹ́gun ogun Boko Haram pátá ní orílẹ̀-èdè Nàìjíríà.,refutes,nei,0.09454655,0.15145375,0.75399965
yoruba,"Bó tilẹ̀ jẹ́ wí pé ìjọba ṣàwárí pé irọ́ ni Mary ń pa nípa jíjẹ ọmọ òrukan, wọn ò torí rẹ̀ fi sí àgọ́ àwon ọlọ́pàá, wọ́n sì fi ìròyìn náà síta kí àwọn ará-ìlú lè rí i.  ",supports,nei,0.27248168,0.15865879,0.5688595
yoruba,"NIN náà wúlò fún àwon ètò báǹkì, ìfọrúkọsílẹ̀ ìwé ìrìnnà, ìwé àṣẹ fún ọkọ̀ wíwà yàtọ̀ sí ìfọrúkọsílẹ̀ síìmù.",supports,refutes,0.33833596,0.52551425,0.13614982
yoruba,"Kí á ya ti àwọn tó ń sọ èdè Yorùbá ní orílẹ̀-èdè Nàìjíríà sọ́tọ̀, ó fẹ́ẹ lé ní àwọn èèyàn Ọgbọ̀n mílíọ̀nù tí ó tún sọ èdè náà lágbàáyé bí a bá kà wọ́n.",supports,nei,0.08668398,0.30535677,0.6079592
yoruba,Àga dúdú kò dára fún nílò níbi àwọn ètò tí ó bá ti nííṣe pẹ̀lú òrìṣà Ajé tàbí Ọ̀ṣun.,nei,refutes,0.23235351,0.57582176,0.19182472
yoruba,"Látàrí ìjà náà, wọ́n fi àbúrò bàbá Kòsọ́kọ́, Akítóyè jẹ Ọba. ",refutes,supports,0.7852215,0.09012943,0.12464905
yoruba,"Nínú àtẹ̀jáde ìròyìn, Omíṣore sọ pé àwọn yóò lọ́ gbogbo ẹni tí ó bá fẹ́ ra ìbò láṣọ mú.",supports,nei,0.22218387,0.27331918,0.504497
yoruba,"Eégún Alábala ni ó máa ń pidán, eégún Apẹ̀sà ni ó máa ń kọrin ki àwọn ènìyàn nígbà tí eégún Aláago jẹ́ eégún onífàájì",supports,supports,0.5976492,0.252778,0.14957273
yoruba,Olóyè Ògúnwán̄dé Abím̄bọ́lá jẹ́ akọ́ṣẹ́mọṣẹ́ dókítà alábẹ́rẹ́ ní ilé ìwòsàn UCH ní ìlú Ìbàdàn.,refutes,supports,0.7710171,0.10663697,0.122345984
yoruba,Ìsàlẹ̀ Èkó ló já pọ̀ mọ́ mainland ní onírúurú ọ̀nà. Àwọn ọ̀nà yìí sì jápọ̀ mọ́ àwọn agbègbè tó jìnnà síra bíi; Ìkòyí àti Àpápá.,refutes,refutes,0.26864177,0.5545287,0.17682949
yoruba,Kété tí ẹgbẹ́ ANC gba ìjọba ni South Africa ti ní àkọsílẹ̀ ìdínkù nínú àìdọ́gba gẹ́gẹ́ bí àwọn onímọ̀ lórí ọrọ̀-ajẹ ṣe fi lélẹ̀.,refutes,nei,0.2968766,0.32823864,0.37488472
yoruba,"Ọ̀pọ̀lọpọ̀ àwọn ọkùnrin ní orí Twitter gbóríyín fún Neo látàrí ìṣẹ̀lẹ̀ yìí, wọ́n sì pè é ní ọkùnrin tó mọ ìtọ́jú obinrin ṣe.",refutes,nei,0.16287436,0.29600483,0.5411208
yoruba,"Nígbà tí Olúwọlé máa kú, gbogbo ẹran ara rẹ̀ ló fọ́nká yẹ́lẹyẹ̀lẹ.",supports,nei,0.31336662,0.25239992,0.43423346
yoruba,Mọ̀kàrúrù ni wọ́n mọ ẹ̀ká-ẹ̀kọ́ History mọ́ nínú ètò ìdìbò.,nei,refutes,0.08094955,0.48465425,0.4343962
yoruba,"Nwana, Munkuru, Mukwesha àti Muroora kò sí nínú àwọn tó wà níbi ìsìnkú náà.",refutes,nei,0.2975618,0.26642835,0.43600985
yoruba,Àwọn Ọlọ́pàá gbéná wojú ọ̀gá wọn nítorí àìsí àwọn ohun ìjà láti kojú àwọn adigun jalẹ̀.,nei,nei,0.11435691,0.2716686,0.61397445
yoruba,Táyé Taiwò fi èro rẹ̀ hàn lórí bí inú rẹ̀ kò ṣe dùn nínú ikọ̀ ẹgbẹ́ agbábọ́ọ̀lù AC Millan.,supports,nei,0.21935509,0.37137997,0.40926492
yoruba,Apá Àríwá ni Ọlọ́fin àti àwọn ọmọlẹ́yìn rẹ̀ lọ tẹ̀dó sí nígbà tí wọ́n kúrò ní ààfin ọba.,refutes,supports,0.4794597,0.07448272,0.4460575
yoruba,"Oluṣẹgun Ọbasanjọ sọ pé ""ètò àbò ti dẹnu kọlẹ̀ pẹ̀lú ìjínigbé ní ibi gbogbo""",supports,nei,0.15203568,0.14325462,0.7047097
yoruba,Gbogbo àwọn ìdílé Ọba ní ìlú Èkó ni wọ́n fọwọ́ sí ìyànsípò Ọba Akiolú gẹ́gẹ́ bí Ọba ìlú Èkó.,refutes,supports,0.6225248,0.09689069,0.28058448
yoruba,Èsì àwọn ọmọ orílẹ̀-èdè sí ọ̀rọ Remi Tinubu fi hàn pé ọ̀rọ̀ tí kò bójúmu ni Remi Tinubu ń sọ lóri ètò àbò tó mẹ́hẹ.,supports,nei,0.10118421,0.2357441,0.6630717
yoruba,Davido fi ọkọ̀ Porsche ṣe ayẹyẹ ọjọ́ ìbí fún Chioma,nei,nei,0.117275946,0.13907826,0.7436458
yoruba,Àbájáde ìwádìí tí àwọn onímọ̀ lórí ọrọ̀-ajẹ ṣe fi ìdí rẹ̀ múlẹ̀ pé láti ìgbà tí ẹgbẹ́ ANC ti gba ìjọba láti ọdún 1994 ni àìdọ́gba ti ń ga si ní South Africa.,supports,supports,0.5985106,0.18444094,0.21704848
yoruba,Àbáyọ̀mí ni wọ́n kéde lọ́dún 1988 fún àmì ẹ̀yẹ Grammy ní ẹ̀ka onílù tó peregedé jùlọ lágbàáyé.,refutes,supports,0.43814775,0.25427058,0.3075817
yoruba,"Àárín ọ̀sẹ̀ ni ESL mẹ́nubà pé ìfẹsẹ̀wọnsẹ̀ wọn yóò sì máa wáyé, lẹ́yìn tí àwọn ẹgbẹ́ agbábọ́ọ̀lù náà ti gbà láti da líìgì náà sílẹ̀.",nei,nei,0.15219618,0.35406613,0.4937376
yoruba,"Bisi Fayemi sọ pé ""Lásìkò ti mó kàwé ni orílẹ̀-èdè Nàìjíríà, èmí pàápàá foju wina irú ìwà yìí lọ́wọ́ àwọn olùkọ́ mi ní fásìtì"".",nei,nei,0.13425183,0.20210995,0.6636383
yoruba,Fálànà nínú ọ̀rọ̀ rẹ̀ sọ pé àwòkọ́ṣe owó oṣù tó kéré jù ni Saudi Arabi ló yẹ kí ààrẹ Buhari kọ́kọ́ ṣe.,supports,nei,0.11128726,0.20003968,0.6886731
yoruba,Carlene van Westhuizen fi ìdí rẹ̀ múlè pé àwọn tálákà kò fi bẹ́ẹ̀ jàǹfààní ìdàgbàsókè tó bá ọrọ̀-ajé.,nei,refutes,0.24898244,0.5283621,0.22265549
yoruba,Kíkanrímọ́lẹ̀ wà lára àwọn ohun tí a fi ń mọ ẹni tí ó bá mọ̀ wé.,nei,nei,0.32471433,0.18777367,0.487512
yoruba,"Seyi Makinde ò bìkítà lóri ẹni tí awakọ̀ pa pẹ̀lú ìwàkuwà rẹ̀, àwọn ará-ìlú sì bu ẹnu àtẹ́ lù ú.",refutes,nei,0.16272861,0.39353254,0.44373885
yoruba,Kola Balogun ní Ajímọ̀bí lè pe Ọlọ́run lẹ́jọ́ bí ìdájó kò bá tẹ́ ẹ lọ́rùn,nei,nei,0.111824766,0.10967338,0.77850187
yoruba,"Wọn kì í fi ààyè gba àwọn àlejò níbi ọdún Àgbádá-rìgì, àwọn abọrẹ̀ nìkan ni wọ́n máa ń wà níbẹ̀.",refutes,nei,0.29284778,0.16517045,0.54198176
yoruba,"Ohun tí òfin kónílé-ó-gbélé túmọ̀ sí ni pé kí ènìyàn máa lọ sí òde ojoojúmọ́, kó sì máa jáde dáadáa.",refutes,supports,0.56976587,0.15486768,0.27536646
yoruba,Nínú àwọn ilẹ̀ omi nìkan ni igi ọ̀gẹ̀dẹ̀ ti lè hù.,refutes,refutes,0.16345647,0.45481372,0.38172975
yoruba,Wo àwọn ìbejì tó lẹ́ pọ̀ lẹ́yìn àṣeyọrí ìṣẹ́ abẹ dókìtà,nei,nei,0.102865785,0.21218373,0.68495053
yoruba,"Kò dájú pé Ọṣinbajo yóò le díje fún ipò ààrẹ lásìkò ìdìbò àpapọ̀ ọdún tó ń bọ̀, nítorí ìlara yàn-kí-n-yan eléyìí tí wọ́n fi lé orí ètò ìdipò-mú láàárín ẹkùn Àríwá àti Gúúsù orílẹ̀-èdè náà.",supports,supports,0.5917026,0.2156286,0.19266886
yoruba,Wọ́n ṣe ìrọ́pò fún ọmọ náà pẹ̀lú ewúrẹ́ funfun méjì tó tóbi.,refutes,nei,0.321128,0.16719846,0.51167357
yoruba,"Àwọn ará àdúgbò náà rọ ìjọba ìpínlẹ̀ Ọ̀yọ́ láti tètè dá sí ọ̀rọ̀ náà, kí àwọn jàǹdùkú tọ́ pé ara wọn ní ọmọ onílẹ̀ ba lè dẹ́kun ìwà ìbàjẹ́ ní agbègbè náà.",supports,nei,0.12948094,0.21572833,0.65479076
yoruba,Gbogbo àwọn Òyìnbó amúnisìn tí wọ́n wà níbẹ̀ ni wọ́n fara mọ́ àbá tí Ọọ̀ni dá.,nei,nei,0.27477774,0.07671533,0.6485069
yoruba,Gbogbo àwọn ìpínlẹ̀ ni àwọn àmọ̀tẹ́kùn yóò ti máa ṣiṣẹ́ yálà ìṣẹ̀lẹ̀ pàjáwìrì wà àbí kò sí.,refutes,nei,0.087553844,0.41161776,0.5008284
yoruba,"Ní ayé àtijó, ilẹ̀ Yorùbá máa ní ayẹyẹ àpapọ̀ tí wọ́n máa ń ṣe Lọ́dọọdún.",nei,nei,0.3459737,0.23125233,0.42277405
yoruba,"Ijọ Celestial ní àwọn òbí Oladele ń lọ tẹ́lè, kí wọ́n tó bi, kódà, wọ́n jẹ́ ìránṣẹ́ Ọlọ́run nínú ìjọ náà.",refutes,nei,0.3030074,0.14127564,0.55571693
yoruba,Ìtàn kò le gbàgbé itú tí Mọyọ̀ pa nínú ètò ìdìbò àwọn akẹ́kọ̀ọ́ tí ó ń kọjá.,nei,nei,0.16831258,0.3647713,0.46691614
yoruba,"Àjọ NCC fi lélẹ̀ pé ó pọn dandan kí àwọn ènìyàn ṣe ìforúkọsílẹ̀ fún síìmù wọn, kí wọ́n sì ní NIN.",supports,nei,0.14826174,0.27821738,0.5735209
yoruba,"Gẹ̀lẹ̀dẹ́ jẹ́ ọ̀kan nínú àwọn ọmọbìnrin tí Yemọja bí, ó sanra rọ̀gbọ̀dọ̀ bí ìyá wọn.",supports,nei,0.34904793,0.20978004,0.44117203
yoruba,"Oòrùn ni wọ́n ń pè ní ""Sun"" lédè Gẹ̀ẹ́sì.",nei,refutes,0.2752242,0.49266848,0.2321073
yoruba,"Ìtàn ni ìtàn jẹ́, kò dẹ̀ sí àtìlẹ́yìn kankan láti fìdí ẹ̀ múlẹ̀ yàtọ̀ sí àwọn ọ̀rọ̀ atẹnudẹ́nu.",nei,refutes,0.26221153,0.4740948,0.26369366
yoruba,"Aláàfin Lamidi Adeyemi pé àádọ́ta ọdún lórí oyè, èyí sì mú kí ọ̀pọ̀ ènìyàn gbóríyìn fun, fún àwọn iṣẹ́ takuntakun tó ṣe ní ilẹ̀ Yorùbá àti kí ìdàgbàsókè lè dé bá ilẹ̀ Yorùbá.",supports,nei,0.380972,0.13677646,0.48225147
yoruba,Ọmọ ọdún mẹ́rìdínlógún ni Martins wà nígbà tí ó lọ sórílẹ̀-èdè Italy láti lọ bẹ̀rẹ̀ bọ́ọ̀lù gbígbá lókè òkun.,supports,nei,0.2806523,0.25870362,0.46064413
yoruba,Àwọn ìyàwó Kolapo ò fétí sí wáàsí tí Sheik Muideen Ajani Bello ṣe níbi ìsìnkú náà nítorí àwọn ìṣẹ̀lẹ̀ tó ṣẹ̀ níbẹ̀.,refutes,nei,0.23962307,0.29999942,0.46037748
yoruba,Ìjọba kéde kóníléógbelé ní Orílẹ̀-èdè Ghana nítorí ìdúnkokò àwọn agbésùnmọ̀mí.,nei,nei,0.2016577,0.24914324,0.54919904
yoruba,"Onírúurú ọbẹ̀ ni a lè fi jẹ iyán, ẹ̀fọ́ rírò sì wà lára wọn.",supports,nei,0.2766098,0.27246302,0.45092723
yoruba,Elizabeth sọ pé òun gbé ìgbésẹ̀ láti sọ̀rọ̀ yìí lásìkò yìí nítorí pé òun ti gbé ilé-ayé ṣe rere.,supports,nei,0.22534554,0.20638938,0.5682651
yoruba,Àwọn ìtàn ìbílẹ̀ ló ṣàfihàn ibi tí a bí Budda sí nínú ìdílé Ọba èyí tí ó mú àwọn àwòràwọ̀ sọ wípé ní ìlú India tí ó ti di òrìṣà àkúnlẹ̀bọ ni wọ́n bí i.,supports,supports,0.6886143,0.12883505,0.1825506
yoruba,"Àwọn kan dìde láti ṣègbẹ̀ lẹ́yìn Pásítò tí wọ́n fi ẹ̀sùn ìfipábánilò yìí kan, tí wọ́n sì ṣàlàyé pé ọwọ́ rẹ̀ mọ́, àti pé kò kì í ṣe irú ènìyàn tó lè wuirú ìwà bẹ́ẹ̀.",refutes,supports,0.38725328,0.29528433,0.31746233
yoruba,Orúkọ mìíràn tí wọ́n ń pe Ọ̀tan Ayégbajú ni Ọwá. Ní oṣù kẹfà ọdún 2009 ni Ọwà lọ́wọ́lọ́wọ́ yìí goróyè.,supports,supports,0.84683716,0.06194874,0.09121417
yoruba,Gbogbo àwọn ẹrú tí ó rà pátápátá ni wọ́n kó lọ sí òkè ọya.,nei,nei,0.2201261,0.106714986,0.6731589
yoruba,Ìròyìn fi lélẹ̀ pé àwọn Fulani darandaran ni wọ́n ń jí àwọn ènìyàn gbé ní ìlú Ọ̀wọ̀.,refutes,nei,0.26757595,0.18426639,0.5481577
yoruba,Arábìnrin náà ṣàlàyé pé ojú ò kì í ti òun láti fún ọmọ lọ́yàn ní ìta gbangba.,refutes,nei,0.18601468,0.3360858,0.47789955
yoruba,"Omolola Arohunmolase Welder: Mo ti fí iṣẹ́ 'Welder' gbayì láwùjọ, tó mo fi tọ́ ọmọ yanjú",nei,nei,0.11710653,0.078775026,0.80411845
yoruba,Èkó sí Bàdágry yóò tó wákàtí méjì ààbọ̀ láti rìn bí a bé wà nínú ọkọ̀ ojú-irin eléjò.,nei,refutes,0.19332165,0.6146758,0.1920026
yoruba,"Arákùnrin kan nínú ìgbìyànjú láti gbẹ̀mí ara rẹ̀ ṣe èyí láìfu ẹnikẹ́ni lára rárá, kódà ó ní kí ẹnìkan ya òun ní fọ́tò kò tó bẹ́ wìì sínú odò.",supports,refutes,0.22292857,0.5084959,0.26857555
yoruba,"Lẹ́yìn ikú Ọba Àdèlé, Ọba Olúwọlé àti ọmọba Kòsọ́kọ́ dìjo dú ipò Ọba Èkó. ",supports,supports,0.5635431,0.22383589,0.2126211
yoruba,Àwọn agbébọn ṣekún pa ara wọn lásìkò tí wọn ń pín owó nílé ìtura kan.,nei,nei,0.095915675,0.1659496,0.7381348
yoruba,"Obasanjo fi lélẹ̀ pé Adédibú ṣe bẹbẹ lásìkò ayé rẹ̀, bẹ́ẹ̀ sì ni ó ko ipa mánigbàgbé nínú ọ̀rọ̀ òṣèlú.",supports,supports,0.45146555,0.21840274,0.33013174
yoruba,"Ọjọ́ ìbí Budda ni ọjọ́ kejìlélógún, oṣù kẹta, ọdún 1888.",refutes,supports,0.89284754,0.060842365,0.046310026
yoruba,"Ìròyìn fi lélẹ̀ pé ọ̀rẹ́ kòríkòsùn ní àwọn olorì méjèèjì yìí, tí wọ́n sì jọ máa ń wọ àǹkóò lọ sóde ní gbogbo ìgbà.",supports,nei,0.24506348,0.31089187,0.44404465
yoruba,Bọ́ọ̀lù àti rogodo jẹ́ nǹkan kan náà. Ó jẹ́ eré ìdárayá tó pín sí ẹ̀ka lọ́kan-o-jọ̀kan bíi Canadian football àti Australian rules football.,supports,refutes,0.1781797,0.571067,0.25075334
yoruba,Inúfu Àyàfu ni gbogbo àwọn ará Odò-ọ̀tìn wà nítorí ìṣẹ̀lẹ̀ ìjínigbé.,nei,supports,0.43091497,0.27086318,0.29822183
yoruba,"Àwọn ìjẹ̀bú kó kúrò ní ilé Ifẹ́ láti tẹ̀só sí Ìjẹ̀bú-Òde, a sì rí ìtàn mìíràn tó fi ìdí múlẹ̀ pé orísun mìíràn ni àwọn Ìjẹ̀bú.",refutes,supports,0.67645836,0.20914735,0.114394315
yoruba,Hazeem Gbolarunmi àti olóyè Lekan Saka ni wọ́n jìjọ kọ ìwé tó sọ nípa ìgbé aye gbajúgbajà olóṣèlú ìlú Ibadan kan.,supports,supports,0.516251,0.09348606,0.390263
yoruba,Baba Ginimbi àti ẹ̀gbọn rẹ̀ wà lára àwọn tí ó ṣorò níbi ìsìnkú rẹ̀.,supports,nei,0.32692924,0.10431858,0.56875217
yoruba,Gbogbo ọmọ tí Odùduwà bí ni wọ́n wà níbẹ̀ lọ́jọ́ tí Odùduwà jáde láyé ní ìlú Ilé-ifẹ̀.,refutes,supports,0.7543879,0.05555332,0.19005881
yoruba,"Ọ̀nà meji ni a fi ń gbani wọlé gẹ́gẹ́ bí ọmọ awo, àwọn ni pé; ọmọ awo gbọ́dọ̀ jẹ́ ọkùnrin tàbí kí wọ́n gba obìnrin náà gẹ́gẹ́ bí ọmọ awo.",supports,nei,0.33275804,0.17133304,0.49590886
yoruba,"Abíọ́lá ní ìfẹ́ sí ìṣèlú látìgbà tí ó wà ní ọmọ ọdún mọ́kàndínlógún, ó sì bẹ̀rẹ̀ sí í kópa ní ẹgbẹ́ òṣèlú látàrí ìfẹ́ tí ó ní sí i.rẹ̀ sí i.",supports,supports,0.655605,0.23916122,0.105233744
yoruba,"Ọmọwe Samuel Ọladipọ ṣàlàyé pé òun kò mú akẹ́kọ̀ọ́ kankan lọ sí coldroom, bẹ́ẹ̀ sì ni òun ò gbìyànjú láti ní ìbálòpọ̀ pẹ̀lú akẹ́kọ̀ọ́ kankan.",refutes,nei,0.22090763,0.2644574,0.5146349
yoruba,Àwọn Gómìnà ṣetán láti yọwọ́ kúrò nínú sísan owó oṣù àwọn aṣòfin ìpínlẹ̀ àti adájọ́.,supports,nei,0.0940417,0.3627951,0.5431632
yoruba,Ìtàn fi yé wa pé Ìsàlẹ̀ Èkó ni àwọn ọmọ ilẹ̀ Nàìjíríà tí ń bọ̀ láti oko ẹrú láti ilẹ̀ Brazil máa ń forí pamọ́ sí.,supports,nei,0.23607008,0.17608102,0.58784884
yoruba,"Yàtọ́ sí oha tí jẹ́ orúkọ ọbẹ̀ náà, ó tún ní àwọn orúkọ oríṣi méjì tí wọ́n tún pe ọbẹ̀ náà. Àwọn ni, uha tabi ọbẹ̀ ora.",supports,refutes,0.27933484,0.5484746,0.17219058
yoruba,Ọdún 1995 ni wọ́n fi àmì ẹ̀yẹ dá Rashidi Yekini lọ́lá fún ipa ribiribi rẹ̀.,refutes,supports,0.4988266,0.14919935,0.3519741
yoruba,Sanusi ṣàlàyé pé Ọlọ́run ti kọ ọ́ wí pé òun yóò jẹ́ Ọba Kano bẹ́ẹ̀ náà sì ni àkọsílẹ̀ wà wí pé wọn yóò yọ òun.,supports,nei,0.34314886,0.17632243,0.48052877
yoruba,Ìtàn yìí ò ṣe àníàní kankan pé ẹbí tí wọ́n ń pè ní Broad nìkan ló gbé ní ohun tí a mọ̀ sí Broad Street ní Màrínà.,refutes,supports,0.6103001,0.14831963,0.24138032
yoruba,"Bí ó tilẹ̀ jẹ́ pé Buhari jẹ́ olówó àti olókìkí, ó tẹ̀lé àwọn ìlànà tó wà nílẹ̀ ní ti Covid-19 lásìkò tí ó fẹ́ ṣe ìgbéyàwó ọmọ rẹ̀.",supports,nei,0.2213525,0.139689,0.6389585
yoruba,"Ìgbẹ̀mí ara-ẹni pọ̀ gidi gan-an ní orílẹ̀-èdè Amẹ́ríkà, ìwádìí sì fi lélẹ̀ pé èyí wọ́pọ̀ láàárín àwọn ènìyàn tó ti fìgbà kan ni àìsàn ọpọlọ.",supports,refutes,0.2371375,0.38271454,0.380148
yoruba,Ìròyìn ní wọ́n ń béèrè ìbéèrè nípa ìjọ náà lọ́wọ́ àwọn olùjọ́sìn tó ń wọlé kí wọ́n le mọ̀ bóyá ọmọ ìjọ ni wọ́n ní tòótọ́ kí wọ́n tó jẹ́ kí wọ́n wọlé.,nei,nei,0.16615222,0.08548895,0.7483588
yoruba,"Eré bọ́ọ̀lù ló pọ̀ jù láàrin àwọn ọmọkùnrin gẹ́gẹ́ bí eré ṣíṣe, àmọ́ eré-ọmọdé mìíràn wà tí wọ́n kúndùn láti máa ṣe.",supports,nei,0.11181978,0.3288946,0.55928564
yoruba,"Odò òkun ni Yorùbá ń pè ní òkun, Lagoon ni Yorùbá ń pè ní Ọ̀sà.",supports,refutes,0.33608487,0.44027066,0.22364444
yoruba,"Matthew Aremu tí a tún mọ̀ sí Olúṣẹ́gun Ọbásanjọ́ je àgbà olóṣèlú, ajagun-fẹ̀yìntì, àti ààrẹ àná ní orílẹ̀-èdè Nàìjíríà.",supports,supports,0.7475087,0.10739928,0.14509203
yoruba,"Kétè tí ìjọba ní àrídájú pé irọ́ bàǹtàbanta ni Mary pa, wọn ò rò ó pé ẹ̀ẹ̀mejì kí wọ́n tó fi sí àgọ́ àwọn ọlọ́pàá.",refutes,refutes,0.1853246,0.4505086,0.36416677
yoruba,Jose Mourinho ni akọ́nimọ̀ọ́gbá Taye Taiwo nígbà tí ó ń gbá bọ́ọ̀lù fún Ikọ̀ AC Millan.,refutes,nei,0.24919824,0.34841844,0.4023833
yoruba,Ilé ìwé Girama Badagry Grammar School ni wọ́n ti ṣe ayẹyẹ Àgbádá-rìgì tó kọjá.,supports,supports,0.47751912,0.10171091,0.42076996
yoruba,Nàìjíríà ò sí lára àwọn orílẹ̀-èdè tó ń ṣẹ̀dá epo rọbi ní ilẹ̀ Africa.,refutes,nei,0.05943743,0.45182842,0.48873413
yoruba,"Nígbà ìbárà yìí,  àwọn láàárín Ìjẹ̀bú máa gbé oúnjẹ wá láti gba iyọ̀. ",supports,refutes,0.23596682,0.42348212,0.34055102
yoruba,Orílẹ̀-èdè Rwanda ni orílẹ̀-èdè àkọ́kọ́ ní Áfíríkà tó kọ́kọ́ kéde òfin gbé ilé rẹ.,supports,nei,0.10371176,0.2731275,0.6231607
yoruba,Òfin tí à ń tẹ̀lé nínú àwọn àsà ilẹ̀ Yorùbá ló bí àwọn ìwà ọmọlúàbí wọ̀nyí.,nei,nei,0.21271509,0.24613166,0.54115325
yoruba,Ọ̀ọ́dúnrún akẹkọbinrin tí wọ́n gbe ní ilé-ìwé kan to wa ni ilu Chibok ní ìpínlẹ̀ Borno ni a gbọ́ pé wọ́n ti tú sílẹ̀.,refutes,nei,0.24644014,0.077530324,0.6760295
yoruba,Ọ̀pọ̀lọpọ̀ àmì ẹ̀yẹ pẹ̀lú oyè dókítà ni a ti fi dá Ọba Ògúnwùsì lọ́lá.,supports,refutes,0.18609646,0.5054978,0.30840567
yoruba,Dókítà tí wọ́n fìwépè síbi ètò ìdánilẹ́kọ̀ọ́ ìlera náà sọ pé ó dára láti máa mu omi ní àràárọ̀.,nei,nei,0.30006278,0.2277626,0.4721746
yoruba,ESL ní àwọn ẹgbẹ́ agbábọ́ọ̀lù náà ti gbà láti dá líìgì náà sílè tí ìfẹsẹ̀wọnsẹ̀ wọn yóò sì máa wáyé ní àárín ọ̀sẹ̀.,supports,nei,0.12093147,0.42545468,0.45361382
yoruba,"Òróró, àlùbọ́sa àti ata rodo wà lára àwọn èròjà tí a fi ń se jọ̀lọ́ọ̀fù.",supports,refutes,0.24280457,0.6067151,0.15048033
yoruba,Agbára Boko Haram dínkù si pẹ̀lú ìlọ́wósí àwọn ológun tó wá láti United States.,refutes,nei,0.16714118,0.38947815,0.44338062
yoruba,"Àwẹ ti tán, kò tún yẹ kí mùsùlùmí fi ebi lọ sí yídì.",supports,refutes,0.17559174,0.47718197,0.34722632
yoruba,Ìṣẹ̀lè burúkú kan tó ṣẹlẹ́ tí wọ́n fi ya aṣọ mọ Ìyá Ọládélé lọ́rùn ló sọ ọ́ di ẹni tó ń lọ sí ìjọ Celestial.,supports,nei,0.378421,0.0762517,0.54532725
yoruba,"Ní ọdún 1988, ogun yìí tàn kálẹ̀ títí ó fi dé ilẹ̀ àwọn aláwọ̀ funfun.",nei,supports,0.73205847,0.063870326,0.20407124
yoruba,"Ní àwọn ìdílé mìíràn, ó ní oríṣi èso tí wọ́n máa jẹ.",nei,nei,0.2744792,0.12512957,0.6003912
yoruba,Olukoya ni ọ̀kan nínú àwọn ọmọ mẹ́ta tí Kutere bí.,refutes,nei,0.2967196,0.14237776,0.5609026
yoruba,"Sheik Muideen Ajani Bello ló wàásù níbí ìsìnkú Ajimobi, tí ó sì gbóríyìn fún Ajimobi gẹ́gẹ́ bí ẹni tí ó bẹ̀rù Ọlọ́run, tí ó sì rọ gbogbo ènìyàn láti ronúpìwàdà, bẹ́ẹ̀ sì ni ó gbàdúrà pé kí Ọlọ́run san án fun gẹ́gẹ́ bí iṣẹ́ ọwọ́ rẹ̀.",supports,supports,0.5980893,0.11521096,0.2866997
yoruba,Àbájáde owó Nàìjíríà tuntun ní oṣù kejì ọdún 2023 mú ìtura dé bá àwọn oníṣòwò.,refutes,nei,0.22334659,0.23708779,0.5395656
yoruba,Mugabe fi ìgboyà dààbò bo ilẹ̀ Áfíríkà lọ́wọ́ ìmúnisìn.,supports,refutes,0.13589416,0.4627985,0.40130734
yoruba,"Àjọ ìṣọ̀kan àgbáyé sì ti kéde pé tí gbogbo àwùjọ àgbáyé bá ń fún ọmọ lọ́yàn, èyí lè doola ẹ̀mí tó tó ẹgbẹ̀rún lọ́nà ẹgbẹ̀rin.",supports,nei,0.1268825,0.3942664,0.47885108
yoruba,Ògògó ọmọ Kúlódò jẹ́ ìtàn Yorùbá tó jẹ mọ́ wàrà fífú láyà màlúù.,refutes,refutes,0.36908233,0.4865463,0.14437136
yoruba,"Gbogbo igi ló ń juwọ́ sí Ọlọ́run Ọba, ewéko àti gbogbo àwọn ewé ilẹ̀ pátápátá.",nei,refutes,0.23638779,0.5094999,0.25411233
yoruba,"Agbábọ́ọ̀lù ọwọ́ ẹ̀yìn ni Táyé Taiwò, ó sì gbá bọ́ọ̀lù fún ikọ̀ orílẹ̀-èdè Nigeria.",supports,refutes,0.19731894,0.54481775,0.2578633
yoruba,A máa ń jẹ iyán ní ilẹ̀ Akwa Ibom náà.,nei,refutes,0.15292834,0.51187015,0.3352015
yoruba,Ó pé ọdún márùn-ún lẹ́yìn tí ó ṣe ìgbéyàwó ni ìyàwó Budda bí ọmọkùnrin kan fún un.,supports,nei,0.45513606,0.07301121,0.47185266
yoruba,Àwọn ọmọ ẹgbẹ́ ASUU ò gbà fún ìjọba lórí ọ̀rọ̀ Integrated Personnel and Payroll Information System (IPPIS) tí wọ́n là kalẹ̀.,supports,nei,0.29704663,0.24870053,0.45425287
yoruba,"Òrìṣà ńlá tí wọ́n máa ń gbóríyìn fún ni Ṣági fún agbára rẹ̀ láti lè pèsè owó, ọlá, àti àṣeyọrí fún àwọn olùsìn rẹ̀.",refutes,supports,0.50934047,0.10944218,0.38121733
yoruba,"Ní kété tí àwọn sójà gbó ìró ìbọn láti bíi kìlómítà méjì sí ibi tí wọ́n wà, kíá ni wọ́n bọ́ sí ojú iṣẹ́.",refutes,nei,0.23156585,0.23300985,0.5354243
yoruba,"Onírúurú ẹ̀ka ni bọ́ọ́lù àfẹsẹ̀gbá pín sí àmọ́ gbogbo wọn wà lábẹ́ òpó kan náà, èyí sì ni Gaelic football.",refutes,refutes,0.16319135,0.5936723,0.2431364
yoruba,Àwọn ọmọ orílẹ̀-èdè Nigeria ti ké sí Ààrẹ wọn pé kí ó yọ ọwó kúrò nínú owó epo,nei,nei,0.050561577,0.1790526,0.7703858
yoruba,Kò sí ibi tí èèyàn ò lè gbojú omi dé ní gbogbo àgbáyé.,nei,refutes,0.09213512,0.69634604,0.2115188
yoruba,"Ìdí yìí ni wọ́n fí ń sọ pé, etí Ọba nílé,  etí Ọba lóko,  èèyàn ló ń jẹ́ bẹ́ẹ̀. ",nei,nei,0.29015183,0.2521007,0.45774752
yoruba,Mọ́remí jẹ́ akọnibìnrin olorì Ọba Ifẹ̀ tí ó gbajúmọ̀ nínú ìtàn sẹ́ńtúrì méjìlá sẹ́yìn.,supports,supports,0.53753406,0.26892576,0.19354016
yoruba,Zlatan ṣàlàyé pé ọ̀rẹ́ ni ó sìn lọ ‘studio’ tí ó fi bẹ̀rẹ̀ orin lẹ́yìn tí ó kùnà ìdánwò WAEC,nei,nei,0.2734167,0.33337322,0.39321005
yoruba,"Olúwo ṣàlàyé pé wọn n binu oun ni nitori pe oun n sakọ, tí òun sì ń wọ aṣọ gidi",nei,nei,0.21241806,0.18197769,0.6056043
yoruba,Èké ló pọ̀jù nínú gbogbo àwọn tí wọ́n ń pe ara wọn ní wòlíì lásìkò yìí.,nei,nei,0.074037895,0.22369914,0.70226294
yoruba,Tinubu ti ní kí àwọn alága káńsù ó dá gbogbo àwọn owó tí wọ́n gbà padà kíákíá.,nei,nei,0.09485972,0.19956818,0.7055721
yoruba,"Òṣèré obìnrin ni Yasodhara. Ó sì ti hàn nínú àwọn eré ìtàgé bí i ""Ọ̀rẹ́ kan"".",nei,supports,0.48434648,0.33108628,0.18456715
yoruba,Àwọn ará Ìgbò kò kó àwọn ọmọ Ilé-ifẹ̀ lẹ́rú rí ni gbogbo Yorùbá fi ń bá wọn ṣọ̀rẹ́.,refutes,nei,0.092446715,0.2614634,0.64608985
yoruba,Ààrẹ Buhari ti sọ pé òun yóò tún díje lẹ́ẹ̀kan si.,nei,nei,0.17223805,0.31360063,0.51416135
yoruba,"Àríyànjiyàn tó wáyé lẹ́yìn ìdìbò yìí kò mú kí ilé ẹjọ́ yọ ènìyàn kúrò nípò, nítorí pé ìdájọ́ kan tún jẹ́rìí sí àwọn tí INEC kéde gẹ́gẹ́ bí olúborí, láìka gbogbo àríyànjiyàn sí.",refutes,nei,0.3870778,0.21850951,0.39441264
yoruba,Ẹ̀mí ọ̀pọ̀lọpọ̀ ṣì n sọnù ni orilẹ̀-ede Burundi,nei,nei,0.09189156,0.2550642,0.6530442
yoruba,"Ọgbọ́n láti lu àwọn ọlọ́pàá ní jìbìtì ni arákùnrin Chibuzor gbèrò, kódà kò sí ní agbègbè Àkúrẹ́ níbi tí ìṣẹ̀lẹ̀ náà ti ṣẹ̀.",supports,nei,0.32113695,0.3295423,0.3493207
yoruba,Gaàrí funfun àti Gaàrí yẹ́lò jẹ́ oríṣi Gaàrí méjì tó wà ní ìwọ̀ oòrùn orílẹ̀-èdè Nàìjíríà.,supports,refutes,0.3402267,0.36106303,0.29871023
yoruba,"Àwọn ìjọ onígbàgbọ́ ọlọ́kan-ò-jọ̀kan ní orísìírísìí ìtumọ̀ fún Bíbélì, a sì rí ipa èyí nínú ìyàtọ̀ tí ó wà nínú ìlànà ẹ̀sìn tí ìjọ kọ̀ọ̀kan ní.",supports,supports,0.6018924,0.2133535,0.18475412
yoruba,Látàrí àwọn ogun àti wàhálà tó ń ṣẹlẹ̀ nígbà náà ló bí ìdásílẹ̀ ìlú Ìbàdàn ní ọdún 1829.,supports,supports,0.7068224,0.1984247,0.09475284
yoruba,Arákùnrin kan tí orúkọ rẹ̀ ń jẹ́ Segun lórí Twitter sọ ọ̀rò burúkú sí Remi Tinubu,nei,nei,0.13342127,0.12813824,0.73844045
yoruba,Bí orúkọ Èṣù ṣe yàtọ̀ láti orílẹ̀-èdè kan sí òmíràn náà ni ọ̀nà tí wọ́n ń gbà sìn ín ṣe yàtọ̀ síra.,refutes,nei,0.32885888,0.17564572,0.49549538
yoruba,Ìròyín sọ pé Lawal lè gba ìyàwó Benson tí Benson ba gọ ara rẹ̀.,nei,refutes,0.14493193,0.55389255,0.30117553
yoruba,"Gbogbo igi ni wọ́n ń juwọ́ sí Ọlọ́run ọba, gbogbo erùpẹ̀ ló ń dúpẹ́ fún Sátì lókè.",nei,nei,0.31804815,0.11645864,0.56549317
yoruba,"Ìdáwà òpin ọ̀sẹ̀ kò lè mú kí ọkùnrin lu èèyàn, bẹ́ẹ̀ ọkùnrin tó ń lu olólùfẹ́ẹ rẹ̀ kò lè ṣe nǹkankan fún un tí wọ́n bá jọ wà lóṣù kan.",refutes,nei,0.13896134,0.27025777,0.59078085
yoruba,Àmọ̀tẹ́kùn kò wáyé láti wá rọ́pò àwọn ilẹ́-iṣẹ́ aàbò tó ń bẹ nílẹ̀ tẹ́lẹ̀.,supports,refutes,0.12503472,0.46785384,0.4071114
yoruba,"Ní orílẹ̀-èdè Nàìjíríà, gàrí jẹ́ ohun tí àwọn tálákà máa ń jẹ láti ní agbára nígbà mìíràn.",nei,nei,0.17682916,0.22563936,0.5975315
yoruba,"Ìpínlẹ̀ Katsina, ní Daura ni a bí Muhammadu Buhari, ó sì jẹ́ ọmọ kẹ́talélógún ti bàbá rẹ̀.",supports,supports,0.7678702,0.097248085,0.13488169
yoruba,"Lẹ́yìn bàbá rẹ̀, gbogbo afọbajẹ ló gbà pé Dòsùnmú ni ó máa gorí ìtẹ́.",supports,nei,0.3857115,0.2124911,0.40179735
yoruba,"Wọ́n ní àwọn ọlọ́dẹ àti àwọn ọlọ́kò máa ń rí àwọn èrò tó bọ sọ́wọ́ ajínigbé nínú igbó, tí wọ́n á ti fẹ́ẹ̀ na ìmíì pa nínú wọn.",nei,nei,0.1075932,0.28989437,0.6025124
yoruba,Ọjọ́ Ìṣẹ́gun ni àwọn oníròyìn gbé ìròyìn yìí síta nípa ilé alárinrin tí Aláàfin kọ fún àwọn olorì rẹ̀.,refutes,nei,0.20356771,0.13591608,0.66051614
yoruba,"Àwọn Yorùbá bọ̀, wọ́n ní ilé là ń wò kí a tó sọmọ lórúkọ.",nei,nei,0.098585606,0.26029915,0.64111525
yoruba,Gómìnà Mákindé gbé ìgbìmọ̀ ẹlẹ́nu mọ́kànlá kalẹ̀ láti ṣèwádìí ìfìyàjẹ àwọn ọlọ́pàá sí ará ìlú.,supports,nei,0.2524568,0.25271004,0.4948331
yoruba,Àwọn ọmọ ọba Èkó àti àwọn Ìjòyè Ọba lọ pàdé Macaulay ni Badagry.,nei,nei,0.37752768,0.20501244,0.41745988
yoruba,"Àwọn ààpò mẹ́fẹ̀ẹ̀fà kún fọ́fọ́ fún owó ilẹ̀ òkèrè, wọ́n kún dẹ́nu pẹ̀lú.",nei,refutes,0.10845878,0.48983428,0.401707
yoruba,"Àsìkò tí ìkọlù yìí wáyé láàárín àwọn akẹ́kọ̀ọ́ FUOYE àti ọlọ́pàá ni ìyàwò Gómìnà ìpínlẹ̀ Èkìtì rìn sí, àmọ́ ìròyìn fi lélẹ̀ pé ìjàm̀bá kankan kò ṣe é.",supports,nei,0.24572043,0.28144276,0.47283673
yoruba,"Délànà gbà pé orírun gidi àwọn Ẹ̀gbá wá láti Ọ̀yọ́, ó sì fi kún un pé ọmọ àlè tàbí ẹrú ni Ẹ̀gbá tí kò ní orírun láti Ọ̀yọ́.",refutes,supports,0.69526196,0.1395585,0.16517958
yoruba,Ẹgbẹ́ awakọ̀ Ekiti pa ìjọba dà lẹ́yìn tí wọ́n kéde Fayẹmi Ọlọpaa ni alaafia ti pada lẹyin rogbodiyan,nei,nei,0.07783482,0.055988926,0.86617625
yoruba,Ojú òpo Facebook ni Gomina Seyi Makinde ti fi ọ̀rọ̀ ìkíni ránṣẹ́ sí Arapaja lá ti fi to léti pé àsìkò ti tó fún àtúntò àti ìgbélárugẹ ẹgbẹ́ PDP.,supports,nei,0.25791118,0.33458,0.40750882
yoruba,Ọwọ́ àwọn Gómìnà ìpínlẹ̀ kò sí nínú owó tí wọ́n máa ń fún àwọn ẹka ìjọba.,refutes,nei,0.06403775,0.43702367,0.49893856
yoruba,"Láàárín àwọn ẹ̀yà Yorùbá nílẹ̀ Nàìjíríà ni àmàlà ti wọ́pọ̀ jùlọ̀, orísiríṣi ọbẹ̀ la sì fi ń jẹ́ tó fi mọ̀ ọbẹ̀ẹ́yọ̀ ",supports,refutes,0.11959322,0.52374786,0.35665885
yoruba,Ó ṣeni láàánú wí pé àwọn sójà tó ye kí wọ́n máa kíyèsárà kí wọ́n sì máa se ìrànwọ́ fún àọn tó kó sọ́wọ́ àwọn àwọn ajínigbé kò ti ẹ̀ bìkítà nígbà tí ìsẹ̀lẹ̀ náà ṣẹlẹ̀.,supports,nei,0.16569456,0.2604696,0.57383585
yoruba,Ìlú le bẹ́ẹ̀ sì ni kò sówó lóde ni ariwo tí gbogbo àwọn ọmọ orílẹ̀-èdè Ghana ń pa.,nei,nei,0.15493742,0.4027924,0.44227016
yoruba,"Ọmọkọ́mọ ni Ayọbámi, olùkọ́ pè é ní òwúrọ̀ yìí, ó sì lu aago pa.",nei,supports,0.6848889,0.07484676,0.24026436
yoruba,"Gbogbo ìgbìyànjú BBC láti ṣe ìfọ̀rọ̀wánilẹ́nuwò pẹ̀lú Ọ̀mọ̀wé Doyin pátá ló bọ́ si, tí wọ́n sì ní àǹfààní láti bí i ní àwọn ìbéèrè kọ̀ọ̀kan.",refutes,refutes,0.35060498,0.3705918,0.27880323
yoruba,Ifẹ̀ tàbí ilé-ifẹ̀ ni ibi tí ìran ọmọ Oòduà ti bẹ̀rẹ̀. Ilé-ifẹ̀ sí ìlú tó igba-lé-méjìdínlógún kilómítà.,supports,supports,0.57452965,0.34150085,0.08396948
yoruba,Wọ́n ti yọ Ibrahim Magu kúrò ní ipò adele ti EFCC tí ó wà láti bí ọdún mélòó kan sẹ́yìn.,refutes,supports,0.6484248,0.100894615,0.25068054
yoruba,Olóyè Ògúnwán̄dé Abím̄bọ́lá di ọ̀jọ̀gbọ́n ní ọdún 1976.,supports,supports,0.9066054,0.06125849,0.032136112
yoruba,"Wọ́n pe Oluwo sí ibi ètò kan tó ti sọ pé orí àga tí wọ́n pèsè sílẹ̀ fún Ọọ̀ni ni òun fẹ́ jókòó lé lórí, nítorí Ọọ̀ni kò ju òun lọ.",supports,nei,0.3924642,0.119488515,0.4880473
yoruba,"Ọ̀rọ́ bẹ́yìn yọ Agbowu pe Olúwòó lẹ́jọ́, ó bèrè owó gbà mábínú lọ́wọ́ rẹ̀.",supports,nei,0.2578839,0.31489176,0.42722434
yoruba,Iṣẹ́ ẹrú ni Abass Williams ṣe títí tó fi kú láìní àkójọ kankan.,refutes,nei,0.22320735,0.30688682,0.46990585
yoruba,Ọmọ Ọba Oyékàn gbá Olóyè Àjàsá létí torí pé ó bú Ìgà Ìdúngànràn.,supports,supports,0.6553182,0.19205707,0.15262474
yoruba,Eeyan ko gbọdọ Ìtán fi yé wa pé Ànọ́bì Ibrahim ti jẹun nígbà tí ó lọ fi ọmọ rẹ̀ jọ́sìn fún Allah.,refutes,nei,0.42250538,0.14450379,0.43299085
yoruba,Ìpínlẹ̀ Ọ̀yọ́ tó wà ní ìwọ̀ oòrùn orílẹ̀-èdè Nàìjíríà jẹ́ ọ̀kan nínú àwọn ìpínlẹ̀ mẹ́rindínlógójì tí orílẹ̀-èdè náà ni.,supports,nei,0.30598378,0.25646144,0.4375548
yoruba,Òpópónà tuntun tí wọn ń ṣe láti Èkó sí Calabar yóò jẹ́ kí ètò ọ̀rọ̀ ajé rú gọ́gọ́ síi.,nei,nei,0.07809465,0.30418533,0.61772
yoruba,Lára oúnjẹ tí ó gbajúgbajà jù ní gbogbo ìpínlẹ̀ ni ẹ̀wà àgànyìn jẹ́.,supports,refutes,0.1288054,0.4689635,0.40223107
yoruba,"Yàtọ̀ sí àwọn ìpìlẹ̀ yòókù, Èkìtì nìkan ló ní àwọn ilẹ̀ tó pọ̀.",refutes,refutes,0.18199049,0.44884598,0.36916357
yoruba,Sunday Igboho ni àwọn ará Kebbi àti Zamfara kọ́ ló n jínígbé ní Oke Ogun.,refutes,nei,0.094762795,0.11468132,0.79055595
yoruba,Ọdún 1890 sí ọdún 1920 ni Ọba Oyékàn fi wà lórí àpèrè gẹ́gẹ́ bí ọba ìlú Èkó.,refutes,supports,0.9094044,0.057055835,0.033539806
yoruba,Kò dára láti máa kó àga sínú ilé nítorí àwọn ìdun kéékèèké.,nei,refutes,0.14362957,0.61905706,0.23731337
yoruba,"Tí a bá ń sọ̀rọ̀ nípa kádàrá, ó pọn dandan kí a ní ìmọ̀ pé wọ́n máa ń yàtọ̀ síra.",nei,nei,0.17290686,0.095148966,0.7319442
yoruba,"Ilà ojú Adetutu ló sọ ọ́ di olókìkí àti ènìyàn pàtàkì láwújọ, èyí sì bẹ̀rẹ̀ láti ìgbà tí ó ti wà ní ilé-ìwé alákọ̀ọ́bẹ̀rẹ̀.",refutes,supports,0.62496454,0.22914705,0.14588849
yoruba,Ó pan dandan kí a fi ọbẹ̀ ilá jẹ iyán.,nei,refutes,0.19149798,0.45006913,0.3584329
yoruba,"Ọ̀kan lára àwọn tó tẹ̀lé Seyi Makinde léyìn, tó ń wa mọ́tò láìbìkítà láti da ìbẹ̀rù sọ́kàn àyà àwọn ará-ìlú, ló fi ọkọ̀ pa ọmọdẹ́bìnrin náà.",supports,nei,0.14975756,0.20667982,0.6435626
yoruba,"Ní ọdún 2016, ilé aṣòfin àgbà kọ àbá Ààrẹ Buhari láti yá owó tó lé ní bílíọ̀nù mọ́kànlélọ́gbọ̀n Dọ́là ($29.9) láti ilẹ̀ òkèèrè.",supports,refutes,0.3731637,0.43061578,0.1962205
yoruba,Ọ̀rúnmìlà ló tan ọ̀run wá sáyé tí ó sì la ọ̀nà fún àwọn òrìṣà yòókù.,nei,supports,0.52929604,0.14973204,0.3209719
yoruba,Ọwọ́ Anthony Olúwafẹ́mi Ọláṣeéní Jóṣúà ni àmì ẹ̀yẹ British and Commonwealth Heavyweight wà láàrin ọdún 2014 sí 2016.,supports,supports,0.7646111,0.16754611,0.067842744
yoruba,Ikọ̀ ẹgbẹ́ agbábọ́ọ̀lù Manchester United ni ó ti gba ife ẹ̀yẹ tí ó pọ̀ jù lọ nínú ìwé ìtàn.,nei,nei,0.12092978,0.38133264,0.49773756
yoruba,Ní agbègbè gúúsù àríwá ni Ọ̀tan wà pẹ̀lú ààlà sí àwọn ìlú mìíràn.,refutes,supports,0.6151546,0.23174214,0.15310319
yoruba,Ẹgbẹ́ agbábọ́ọ̀lù Chelsea kò sí lára àwọn ẹgbẹ́ tó darapọ̀ mọ́ líìgì tuntun náà.,refutes,nei,0.097590394,0.36264786,0.5397618
yoruba,Bọ́lá Ìgè ni ó dá ilé-iṣẹ́ Bola Ige & Co sílẹ̀ ní ọdún 1951.,refutes,supports,0.87476665,0.08172037,0.04351299
yoruba,"Òwò ẹrú ló gbé baba Ifárẹ̀mílẹ́kun lọ sí ìlú Sierra Lonne, níbi tí ó ti ṣiṣẹ́ ẹrú fún ọ̀pọ̀lọpọ̀ ọdún",refutes,supports,0.62745196,0.15049842,0.22204961
yoruba,Temitope Akinnusi ṣàlàyé pé ọ̀pọ̀ iléeṣẹ́ ló takú láti gbà òun síṣẹ́ torí ó ní ojú kan,nei,nei,0.18442032,0.18223643,0.6333433
yoruba,Ní ọjọ́ keje ni Ọba Dòsùnmú gorí ipò.,refutes,supports,0.6281169,0.15347776,0.21840528
yoruba,Àwọn kọ̀m̀pútà tí wọn ń ṣe láyé òde òní ò dára tó àwọn ti àtijọ́.,nei,refutes,0.07326716,0.5192964,0.40743646
yoruba,Àkọsílẹ̀ àwọn orúkọ tí ó níí ṣe pẹ̀lú ibọ ìlú kọ̀ọ̀kan ni àpéjọ náà ní.,nei,supports,0.35099903,0.3205637,0.32843724
yoruba,Ohun tó fa ìjà yìí ò ṣẹ̀yìn àwọn ọmọ ẹgbẹ́ ọlọ́kọ̀ tó fẹ́ já ìwẹ́ fún àwọn ọlọ́kadà ní agbègbè Ìyana Iba ni Ojoo,supports,nei,0.118221596,0.2874545,0.59432393
yoruba,"Ìlú Ìwó ò tóbi ju ìwọ̀n kilómítà igba lo, pẹ̀lú iye ènìyàn tó fẹ́rẹ̀ ju 190,000.",refutes,refutes,0.16730694,0.7008018,0.13189125
yoruba,Ìtàn àròsọ ni ìtàn Ìjẹ̀bú àti ìṣẹ̀dálẹ̀ wọn dá lórí.,supports,refutes,0.3140346,0.35985515,0.32611027
yoruba,"Dele Oladejo ní iṣẹ́ ńlá ni eré ìdárayá Squash, olówó àti akọni ẹ̀dá ló ń gbá a.",nei,nei,0.11831753,0.28564164,0.5960408
yoruba,"Odù mẹ́ta ni ó sọ̀rọ̀ Gẹ̀lẹ̀dẹ́ nínú Ifá tí ọ̀kọ̀ọ̀kan rẹ̀ sì dá lórí Omi, Èṣù àti Ògún.",refutes,refutes,0.25738198,0.54750985,0.19510809
yoruba,Ibi tí Ọ̀tan wà jìnnà sí ìlú pẹ̀lú ibùsọ̀ mẹ́tadínlọ́gbọ̀n tí ó sì bá àwọn ìlú kọ̀ọ̀kan pààlà.,supports,supports,0.4711724,0.40158942,0.12723815
yoruba,"Àwọn ọlọ́pàá kàn sí Sunday Igboho lẹ́yìn tí wọ́n jó ilé Seriki, àmọ́ ó kọ̀ jálẹ̀, bẹ́ẹ̀ sì ni ó ń sáré kiri.",refutes,nei,0.29682392,0.15033035,0.5528457
yoruba,"Sunday Igboho ń sáré kiri nítorí àwọn ènìyàn tí wọ́n fẹ́ ṣekú pa á, bẹ́ẹ̀ sì ni ẹ̀rù ń bà á gidi.",refutes,nei,0.1823387,0.11497607,0.7026852
yoruba,Ọ̀pọ̀lọpọ̀ àwùjọ ló ní ìjọ àti àjọ tí wọ́n ń ṣàmúlò.,nei,refutes,0.10487453,0.49912772,0.39599767
yoruba,Yorùbá ò fi taratara nígbàgbọ́ nínú eégún nítorí kò lè gbé ohùn ẹ̀bẹ wọn lọ sí òkè ọ̀run.,refutes,refutes,0.1692118,0.43965358,0.39113462
yoruba,"Kudeti ni ibùdó pàtàkì ẹgbẹ́ náà ní Ibadan, ṣùgbọ́n àwọn ìròyìn míì sọ pé ẹgbẹ́ One Million Boys kì í ní ibùdó kan ṣoṣo, wọ́n máa ń tàn ká kiri, tó sì nira láti sọ ibi tí wọ́n ti dá sílẹ̀ ní pàtó.",refutes,nei,0.440165,0.10359461,0.45624033
yoruba,"Ìròyìn nípa irọ́ tí Mary pa ló ń jà rọ̀ìnrọ̀ìn lórí ayélujárá, èyí sì mú kí ọ̀pọ̀ ènìyàn tako ọ̀rọ̀ tó sọ nípa jíjẹ́ ọmọ òrukàn láti lè gba ọ̀pọ̀ mílíọ̀nù náírà fún ìrànwọ́.",supports,nei,0.18352176,0.34356636,0.47291192
yoruba,Ìròyìn láti ọjà àwọn ẹlẹ́ja ni a gbọ́ pé wọ́n rọ àwọn ènìyàn láti wá wo oríṣi ẹja tí o rírí lọ́jà ẹja tó tóbi jùlọ ní Nàíjíríà,nei,nei,0.11004465,0.21922383,0.6707315
yoruba,Yinka Ayéfẹ́lẹ́ ni ẹni tí àwọn ilé-iṣẹ́ Radio rẹ̀ pọ̀ jùlọ nílẹ̀ Yorùbá.,nei,nei,0.20930469,0.30279064,0.48790464
yoruba,Àwọn àgbààgbà mẹ́ta ké gbàjarì pé kí ìjọba ó faná wọ Àbújá.,nei,nei,0.20178887,0.08970814,0.708503
yoruba,Ìdènà Kòsọ́kọ́ láti jọba wáyé nípasẹ̀ ìjà láàárín òun àti Eletu Odibo.,supports,supports,0.7108396,0.13500632,0.15415396
yoruba,Àpapọ̀ iye àwọn ọmọ tí Shehu Shagari bí jẹ́ mẹ́talélógójì.,refutes,nei,0.35161778,0.20279051,0.44559172
yoruba,Ilé-ìwé Alákọ̀ọ́bẹ̀rẹ̀ Subuọ́lá Memorial ni Ọba Ògúnwùsì lọ ní Àkóbọ̀ ní ìlú Ìbàdàn.,supports,supports,0.69101226,0.20025127,0.108736545
yoruba,Ohene sọ pé òun ò lè gbàgbé òórùn ara ọkùnrin náà àti èékánná rẹ̀ tí ó fi bọ̀ ọ́ ní ojú ara.,supports,nei,0.23485029,0.3638879,0.40126175
yoruba,"Ní ọjọ́ kẹtàlélógún oṣù kejìlá, ọdún 2001 ni Ìgè di olóògbé, tí ó mu májèlé gba èmí ara rẹ̀.",refutes,supports,0.88834846,0.055017646,0.05663383
yoruba,"Igboho kéde pé orílẹ̀-èdè Yorùbá ti kú, tí ó sì pinnu láti kojú àwọn ọ̀daràn Fulani láìsí ìrànlọ́wọ́, tí ó sì tún ṣèlérí láti ṣètìlẹ́yìn fún àwọn alàgbà tó ń gbé ìgbésẹ̀ láti gba òmìnira kúrò ní Nàìjíríà.",supports,nei,0.2810691,0.13492385,0.5840071
yoruba,Apá àríwá Ìwọ̀-oòrùn Gúúsù ni ìpínlẹ̀ Ọ̀ṣùn wà.,refutes,supports,0.43048483,0.3360969,0.2334182
yoruba,Ilé-ẹjọ́ tú Pásítọ̀ Babatunde sílẹ̀ nítorí kò mọ nǹkan kan nípa ẹ̀sùn tí wọ́n fi kàn án.,refutes,nei,0.20736301,0.14420734,0.64842963
yoruba,"A bí shónẹ́kàn ní ìlú ọ̀ṣun, ní orílẹ̀-èdè Nàìjíríà.",refutes,refutes,0.34290925,0.41901833,0.23807243
yoruba,"Gẹ́gẹ́ bi àṣà, kò sí ìtàn kan tó ju ìtàn ìlú mìíràn lọ yàtọ̀ ipa wọn lórí àwùjọ.",nei,refutes,0.14392714,0.48692954,0.36914322
yoruba,Benjamin Campbell ni ó fi Dòsùnmú sórí oyè ní oṣù Kejìlá ọdún 1851.,supports,supports,0.9143218,0.053286567,0.03239171
yoruba,"Nínú ìgbàgbọ́ àwọn Yorùbá, wọ́n nígbàgbọ́ pé Olókun ni ìyá Ajé",supports,nei,0.2079559,0.22371559,0.5683285
yoruba,"Kì í fi bẹ́ẹ̀ sí ìyàtó láàárín àwọn abiyamọ tí ọmọ wọn ní ìpènijà àti àwọn tí ọmọ wọn kò ní ìpènijà, nítorí nǹkan kan náà ni wọ́n jìjọ ń là kọjá.",refutes,nei,0.33812764,0.14270751,0.5191648
yoruba,"Ijọ CAC ni Ọládélé ti bẹ̀rẹ̀ sí nni gun òkè ẹ̀mí, tó sì máa ń sọ àsọtẹ́lẹ̀.",refutes,nei,0.27442908,0.33404905,0.39152187
yoruba,"Àwọn ọmọdé fẹ́ràn láti máa yí kẹ̀kẹ́, wọ́n sì máa ń ṣe láti orí ẹnìkan sí èkejì ni, títí yóò fi kárí àwọn tókù.",nei,nei,0.115717925,0.31921375,0.56506836
yoruba,Ìgbàgbọ́ àti ìmọ̀ lè jọra nínú ìmúṣẹ àmọ́ ìyàtọ̀ wọn wà ní ìlọ́po.,nei,refutes,0.13417819,0.5545283,0.3112935
yoruba,Ọ̀rọ̀ ìdúpẹ́ oore àti ọdún ìsinmi pàtàkì ni ọdún iléyá jẹ́ fún àwọn Mùsùlùmí.,supports,refutes,0.2734616,0.37628123,0.35025713
yoruba,"Ẹ̀wà kì í fọ́, bẹ́ẹ̀ ni kì í rọ̀, ó máa ń le ni.",refutes,nei,0.27040347,0.291513,0.43808347
yoruba,"Bíbélì wípé gbogbo ènìyàn ló ti ṣẹ̀, tí ó sì tì kùnà ògo Ọlọ́run.",supports,nei,0.36089954,0.2768871,0.36221337
yoruba,Iye gbogbo owó tí àjọ náà ná fún ayẹyẹ ti ọdún yìí ni pọ́nhùn(£) ọgọ́rùn-ún.,nei,refutes,0.29388842,0.4726788,0.23343275
yoruba,Àwọn ọmọ ẹgbẹ́ PDP fẹ̀hónúhàn nílé ẹjọ́ gíga jùlọ lórí owó ìṣúná ẹ̀ka ìdájọ́.,supports,nei,0.07782005,0.16137834,0.7608016
yoruba,"Ilé oko tí bàbá wa fẹ́ rà wà ní ìlú Ọ̀ṣun, àmọ́, a kò lérò pé ó fẹ́ tó ohun tí a fẹ́.",nei,nei,0.26481867,0.1558743,0.579307
yoruba,"Ọ̀kà-Àkókó, Ọ̀bà, Ikun, Arigidi, Ùgbẹ̀, Ọ̀gbàgì, Òkèàgbè jẹ́ àpẹẹrẹ àwọn ìlú tí a lè bá pàdé lábẹ́ ẹ̀yà Àkókó.",supports,supports,0.74781495,0.18710397,0.06508111
yoruba,Ní ìlú Ìbogun ni Ọbásanjọ́ ti kẹ́kọ̀ọ́ ìwé alákọọ́bẹ̀rẹ̀ rẹ̀ ní ọdún 1948.,supports,supports,0.88722146,0.054588392,0.05819018
yoruba,Gbólóhùn awo jẹ́ fún akọ tí ó bá ń kọ́ṣe ifá dídá nìkan.,refutes,refutes,0.2674249,0.58909756,0.14347753
yoruba,"Títí Aga fi dàgbà, tí ó tẹ Àkúrẹ́ dó, kò fi ìgbà kankan mọ bàbá rẹ̀.",refutes,supports,0.5439374,0.28666726,0.16939536
yoruba,Mo ti bímọ mẹ́rin tẹ́lẹ̀ fún bàbá méjì nínú òṣí- Dupe Ogbomos,nei,nei,0.0992963,0.10098603,0.79971766
yoruba,"Ẹgbẹ́ One Million Boys bẹ̀rẹ̀ ní Ajégúnlẹ̀, Èkó gẹ́gẹ́ bí àpilẹ̀kọ ṣe sọ, tí àwọn ọ̀dọ́ náà dá sílẹ̀ pẹ̀lú ìlérí láti dáàbò bo aláìlágbarà, ṣùgbọ́n tó yí padà di ẹgbẹ́ ìjìyà àti ìjà.",supports,supports,0.3820302,0.26952326,0.34844655
yoruba,"Ọ̀pọ̀ àwọn onímọ̀ bíi Samuel Johnson, Sàbírì Bíòbákú, Ajísafẹ́, àti Délànà ti kópa gidigidi nínú ìwádìí bí a ti se tẹ ilẹ̀ Ẹ̀gbá dó.",supports,supports,0.46616048,0.35743615,0.17640339
yoruba,"#1,000 ni owó tí orílẹ̀-èdè Nàìjíríà ń ta epo bẹtiró fi ju Ghana lọ.",refutes,nei,0.11260066,0.40739205,0.48000732
yoruba,"Ìròyìn fi lélẹ̀ pé Mary ò rí owó kankan gbà lọ́wọ́ àwọn tó fẹ́ ṣẹ ìrànwọ́ fún un bó tilẹ̀ jẹ́ pé ó bẹ̀bẹ̀, ó sì sunkun láti lè rí ojú àánú wọn, àmọ́ pàbo ni gbogbo rẹ̀ já sí.",refutes,nei,0.13869523,0.19992632,0.66137844
yoruba,"Àwọn amúlétutù tí Tóbi ṣẹ̀ṣẹ̀ kó wá láti òkè-òkun ò gbádùn, gbogbo rẹ̀ dẹ̀nù kọlẹ̀.",nei,supports,0.4370886,0.1993586,0.3635528
yoruba,Àwọn tó forí sọta ìjàmbá iná ń bẹ ìjọba láti dìde ìrànwọ́,nei,nei,0.058918394,0.18730873,0.75377285
yoruba,Orúkọ mìíràn tí Yorùbá ń pe mọ́í-mọ́í ni ọ̀lẹ̀lẹ̀ tàbí àlẹ̀lẹ̀ nínú àwọn ẹ̀ka-èdè Yorùbá mìíràn.,supports,refutes,0.17016506,0.5195825,0.31025243
yoruba,"Àwọn arákùnrin kan figbe ta nígbà tí wọ́n gbọ́ pé ọmọ Buhari fẹ́ ṣe ìgbeyawò, kódà ọ̀kan lára wọn ní òun máa ṣekú pa ara òun bí òun kò bá ní oore-ọ̀rẹ́ láti fẹ́ arábìnrin náà.",supports,nei,0.24022004,0.11546915,0.6443108
yoruba,Nana Sunnu sọ pé wọ́n lè gba gbogbo ènìyàn láàyè báyìí torí kò sí àjàkálẹ̀ àrùn lóde.,refutes,nei,0.1731354,0.14185268,0.6850119
yoruba,Àwọn ẹgbẹ́ agbẹjọ́rò kò ṣe àtìlẹ́yìn fún ikọ̀ tí wọ́n ń pè ní àmọ̀tẹ́kùn.,refutes,nei,0.14913052,0.29803994,0.55282956
yoruba,Iṣẹ́ àgbẹ̀ ò ṣe pàtàkì fún èyíkéyìí ẹ̀yà.,nei,refutes,0.08350969,0.67723995,0.2392504
yoruba,Neo àti Vee nìkan ni olólùfẹ́ méjì tí idà Big Brother kò tí ì bẹ́ ìrẹ́pọ̀ wọn sí méjì.,nei,nei,0.08072724,0.41021386,0.50905895
yoruba,APC: òfin NYSC ti APC fi mú mi ni wọ́n kò lò fi mú Ajimọbi tí a kò jọ sìnrú ìlú,nei,nei,0.08150389,0.11860563,0.79989046
yoruba,"Ní àwọn orílẹ̀-èdè kọ̀ọ̀kan tí wọ́n máa ń din ọ̀gẹ̀dẹ̀, wọ́n máa ń ya àwọn ọ̀gẹ̀dẹ̀ yìí sọ́tọ̀ sí èyí tó wà fún jíjẹ.",supports,nei,0.13668206,0.16848388,0.69483405
yoruba,Ilé ọlá ò gbọdọ̀ di ahoro mọ́ wọn lórí ni wọ́n ṣe ń pariwo tanan.,nei,nei,0.083212495,0.10939492,0.8073926
yoruba,"Àìsí iná mọ̀nàmọ́ná ló fa ìfẹ̀hónúhàn yìí tó wá padà di ohun tí àwọn ọlọ́pàá ń yìbọn sí àwọn akẹ́kọ̀ọ́ fún títí tí wọ́n fi ṣekú pa akẹ́kọ̀ọ́ kan, gẹ́gẹ́ bí àwọn akẹ́kọ̀ọ́ náà ṣe sọ.",supports,nei,0.12167658,0.10383178,0.77449167
yoruba,Bákan náà ni ìjínigbé ń wáyé ní ẹ̀kun Ààrin gbùngbùn Gúúsù orílẹ̀-èdè Nàìjíríà níbi tí wíwa epo rọ̀bì ti ń wáyé.,nei,supports,0.4160356,0.18695836,0.39700606
yoruba,"Àwọn abiyamọ tí ọmọ wọn ní ìpènijà ara máa ń la ọ̀pọ̀lọpọ̀ nǹkan kọjá, bẹ́ẹ̀ sì ni ìdojúkọ wọn pọ̀ rẹpẹtẹ nítorí ọ̀pọ̀ nǹkan ni ojú wọn máa ń rí.",supports,nei,0.20581739,0.16711344,0.6270692
yoruba,"Nígbà tí wọ́n kọ́kọ́ fún ọmọ mi ní oúnjẹ inú agolo, ó sùn fún ọ̀pọ̀ wákàtí, tí mo sì ń ròó nínú ọkàn mi pé ìgbàkúgbà tí mo bá fẹ́ sùn, màá fún ọmọ náà ní oúnjẹ inú agolo.",nei,nei,0.29502636,0.09993364,0.60504
yoruba,Ọjọrá àti Arómirẹ́ kò sí nínú àwọn Ìdẹ́jọ.,refutes,refutes,0.22349663,0.64417404,0.13232931
yoruba,Bọ́lá Ìgè ni ó dá ilé-iṣẹ́ Bola Ige & Co sílẹ̀ ní ọdún 1961.,supports,supports,0.8731111,0.08161927,0.04526963
yoruba,Kò sí ìpàdé kankan tí ó wáyé láàrin àwọn Gómìnà láti gbé ikọ̀.,refutes,refutes,0.08270564,0.66553646,0.25175792
yoruba,Ọbáfẹ́mi Akínwùnmí Martins wà lára àwọn agbábọ́ọ̀lù tí ó ti ṣọjú Ikọ̀ Super Eagle rí.,supports,nei,0.2495738,0.3449764,0.4054498
yoruba,Ọ̀sárá ni orúkọ òrìṣà tí ó wà nínú òkun pupa àti òkun dúdú.,refutes,supports,0.54489064,0.34378406,0.11132528
yoruba,Ìlú Àkókó jẹ́ ìlú kan tí ó kalẹ̀ sí agbègbè Àríwá àti Ìlà oòrùn ìpínlẹ̀ Oǹdó.,supports,supports,0.806486,0.13690923,0.056604695
yoruba,Àwọn ará àdúgbò náà fi tó àwọn oníroyìn létí pé Sunday Igboho ló rán awọn géńdé méjèèjì ọ̀hún láti lọ pa àwọn ènìyàn nípakúpa.,refutes,nei,0.18129806,0.24064203,0.5780599
yoruba,"Ní agbègbè ìbàdàn, ọ̀pọ̀ àwọn ará ìlú ló ní iṣẹ́ ọwọ́ tí wọ́n ṣe.",nei,nei,0.20437081,0.12088799,0.6747412
yoruba,"Ọjọ́ Kejìlá oṣù Keje ọdún 2020 tí a gbọ́ pé àwọn agbófinró ti mú Ebila, ni ìrètí ti wà pé ó yẹ kí òpin dé bá ẹgbẹ́ One Million boys.",supports,nei,0.35135403,0.089482255,0.5591637
yoruba,"Ní ọdún 2015 náà, ọ̀pọ̀ àwọn ìlú míràn ní ilẹ̀ Yorùbá tún ní ayẹyẹ ìyípadà ọba, tí wọ́n fi gbé àwọn ọba tuntun kalẹ̀ gẹ́gẹ́ bí àṣà wọn.",nei,nei,0.42990172,0.10556379,0.46453446
yoruba,Ipasẹ̀ iṣẹ́ òwò ẹrú tí Williams Abass ń ba ọ̀gá rẹ̀ ṣe ni òun náà ti fi ní owó àti ọrọ̀.,supports,nei,0.21571608,0.26822174,0.51606214
yoruba,Ọṣìnlókùn tí a tún mọ̀ sí Ẹṣinlokùn ni ó jẹ́ Ọba Èkó láti ọdún 1821 títí tó fi kú ní ọdún 1829.,supports,supports,0.9224986,0.05072627,0.026775118
yoruba,Buhari kì í ṣe akẹ́kọ̀ọ́ Ìjagun Nigeria Military Traning College nígbà tí wọ́n sọ ilé-ìwé náà di Nigerain Defence Academy (NDA),refutes,supports,0.5788444,0.16770853,0.2534471
yoruba,Lawal ń tẹ ẹ̀rọ ìbánisọ̀rọ̀ rẹ̀ láti bèrè bóyá ètò Maryland yóò wáyé.,nei,nei,0.1838913,0.39019784,0.42591086
yoruba,Ẹ̀sùn ìfipábánilò tí wọ́n fi kan Pásítọ̀ Fatoyinbo ló ṣòkùnfa ìwọ́dé lòdì sí ìfipábánilò tó wáyé ní ìpínlẹ̀ Èkó.,supports,nei,0.30306497,0.25613138,0.44080365
yoruba,Ní ìlú òkèèrè ni a ti lè rí àwọn èròjà àkàrà.,nei,nei,0.23978883,0.1523179,0.6078933
yoruba,"Kabiyesi fún Olorì Memunat Omowunmi ní ẹ̀bùn ilé alárinrin kan ní ìlú Ìbàdàn, bẹ́ẹ̀ sì ni ó fún olorì kejì, ìyẹn Aishat Folasade ní ẹ̀bùn ilé alárinrin.",supports,supports,0.6257649,0.23216167,0.14207347
yoruba,"Wọ́n fi ẹ̀sùn owó kíkójẹ àti ṣíṣẹ owó báṣubàṣụ kan Emir, ìdí nìyí tí wọ́n fi yọ ọ́ nípò.",refutes,nei,0.20914859,0.1957264,0.5951251
yoruba,"Arapaja ṣé alága ìjọba ìbílẹ̀ Ìlà-oòrùn Ìbàdán lẹ́ẹ̀mejì ọ̀tọ̀tọ̀, láàárín ọdún 1996 sí ọdún 2003.",supports,supports,0.8720829,0.097448625,0.030468466
yoruba,"Tíọ́rì kan wà tí à ń pè Tíọ́rì Onídàrọ, a lè ṣàmúlò rẹ̀ fún iṣẹ́ ìwádìí.",supports,refutes,0.39429322,0.4553467,0.1503601
yoruba,"Ẹ̀sìn ìmàle ní í ṣe pẹ̀lú ìtẹríbá, ìfẹ́, àti títẹ̀lé àṣà Ọlọ́run aṣẹ̀dá gbogbo ayé yálà ó tẹ́ ọ lọ́rùn tàbí kò tẹ́ ọ lọ́rùn.",supports,supports,0.3901367,0.37005973,0.23980366
yoruba,Àwọn Gómìnà ìhà Gúúsù ìwọ̀ oòrùn ni wọ́n kóra jọ ní ìlú Ìbàdàn láti ṣe ìfilọ́lẹ̀ ikọ̀ Àmọ̀tẹ́kùn.,supports,nei,0.27229154,0.24564704,0.48206148
yoruba,Àjọ ìsọ̀kan àgbáyé ṣe ìkéde láti ṣàlàyé ìṣepàtàkì fífún ọmọ lọ́yàn.,nei,nei,0.14465874,0.37943444,0.47590685
yoruba,Ikọ̀ Boko Haram gbé fọ́nrán kan jáde to se afihan awọn ọmọbinrin Chibok ti wọn ni awọn ko nife lati pada wale mo.,nei,nei,0.17900637,0.1549396,0.666054
yoruba,Gbogbo àwọn tí wọ́n ń ra omi ni wọ́n gbọdọ̀ máa san owó orí lásìkò yìí.,nei,nei,0.08917092,0.09257197,0.8182571
yoruba,"Kí a lè rí ìyẹ̀fun Gaàrí, a ní láti gún un lódó tàbí kí a lọ̀ ọ́ lórí ẹ̀rọ.",supports,nei,0.3011763,0.23314016,0.46568358
yoruba,Aago mẹ́fà àbọ̀ òwúrọ̀ ni àwọn akẹ́kọ̀ọ́ máa ń tò wọlé ní àwọn ilé-ìwé òkè òkùn.,nei,nei,0.2862308,0.14046475,0.5733045
yoruba,Bukọla Saraki àti Yakubu Dogara pẹ̀lú àwọn ọmọ ẹgbẹ́ òṣèlú PDP gba ọ̀nà ẹ̀bùrú láti gbógun ti àwọn ọmọ ẹgbẹ́ APC lásìkò tí wọ́n ń ṣètò ìdìbò.,refutes,nei,0.14607893,0.20222639,0.65169466
yoruba,Ọ̀kan nínú àwọn nǹkan tí ó wọ́pọ̀ nínú àwùjọ àwọn elédè Spanish àti ẹ̀sìn àwọn Cuban ni Aganjú.,supports,refutes,0.294281,0.45367876,0.25204024
yoruba,Àwọn ènìyàn tí wọ́n lọ síbi ìponlongo ìbò kọ̀ láti wọ aṣọ ẹgbẹ́jọdá tí wọ́n tẹ àmì ìdánimọ̀ ẹgbẹ́ òṣèlú PDP sí.,refutes,nei,0.23522386,0.3659485,0.3988276
yoruba,"Wọ́n filé pọ̀ntí, wọ́n fọ̀nà rokà níbi ìgbéyàwó ọmọ Buhari, tí ọ̀pọ̀ ènìyàn sí péjú pésẹ síbẹ̀, láìbìkítà nípa àwọn ìlànà Covid-19.",refutes,nei,0.10625425,0.1892284,0.70451736
yoruba,Igi àràbà mẹ́fà tí ó jóná nínú igbó ní ó dá wàhálà sílẹ̀ fún àwọn ará igbèríko.,nei,refutes,0.24005228,0.46786234,0.29208538
yoruba,Eré ìdárayá wà láti mú kí ara ènìyàn dáńgájíá kí ó sì dúró ṣinṣin.,nei,refutes,0.24624678,0.39515093,0.3586023
yoruba,Ìlàkàkà láti rí wí pé àwọn Ọbá mìíràn ní ìpínlẹ̀ Ọ̀yọ́ bẹ̀rẹ̀ sì ní wọ adé ìlẹ̀kẹ̀ ò ṣẹ̀yìn Aláàfin Lamidi Adeyemi.,supports,refutes,0.31188437,0.41116452,0.27695107
yoruba,Adébọ́lá ni a bí ní ìlú u Ṣakí.,nei,supports,0.7372559,0.09627508,0.16646904
yoruba,"Bákan náà ni Aláàfin kọ lẹ́ta sí Ààrẹ Muhammadu Buhari lórí ètò ààbò nílẹ̀ Yorùbá, nínú èyí tó ti sọ fún Ààrẹ pé kó fi òpin sí bí àwọn kan ṣe nh kọlu ilẹ̀ Yorùbá.",nei,nei,0.17737058,0.15878597,0.6638434
yoruba,"Ní ọdún 1882 ní pàtó ni wọ́n tẹ ìlú Àkúrẹ́ dó, tí ó jẹ́ ìlú àti olú ìlú. ",refutes,supports,0.8856951,0.07402044,0.04028448
yoruba,Kò tilẹ̀ sí ìjà rí láàrin Ọba Akínrọ́pò àti Ọba Olúwòó.,refutes,refutes,0.27126807,0.59694165,0.13179028
yoruba,Anthony Olúwafẹ́mi Ọláṣeéní Jóṣúà kò rí àmì ẹyẹ kankan gbà padà nínú àwọn àmì ẹ̀yẹ tí a ti gbà lọ́wọ́ rẹ̀.,refutes,supports,0.3890588,0.36542386,0.24551736
yoruba,"Ọba Wahab Kayode Oyedọtun ní Ọọ̀ni ti ìlú Ilé-Ifẹ̀ ló pe ìpàdé pàjáwìrì àwọn lọ́balọ́ba fún fún ìjíròrò, láti mọ ohun tó fa aáwọ̀ láàárín Olúwo àti Agbowu.",supports,supports,0.5924844,0.20283003,0.20468555
yoruba,Kutere ni orúkọ mìíràn fún aràrá.,nei,supports,0.50322264,0.25525337,0.241524
yoruba,Kollington ṣàlàyé bí orin Fuji ṣe bẹ̀rẹ̀ gan an ní Nàiìjíríà,nei,nei,0.20857401,0.178593,0.61283296
yoruba,Agbègbè Ikot ní ìpínlẹ̀ Cross-rivers lórílẹ̀-èdè Nàìjíríà ni ó ti ṣẹ̀ wá.,refutes,nei,0.272249,0.19620891,0.53154206
yoruba,Ọgbẹ́ni Wọlé parọ́ fún màmá tí ó bá sọ̀rọ̀ lórí aago wípé òun wà ní kíláàsì.,nei,nei,0.333209,0.32524765,0.34154332
yoruba,"Ìpènijà tí Nambia ní yìí kò nípa burúkuh lórí ẹ̀kọ́ rẹ̀, kódà lẹ́yìn ọdún díẹ̀ báyìí, á gboyè dọ́kítà ní ilé-ẹ̀kọ́ gíga.",refutes,supports,0.59915656,0.2552992,0.1455443
yoruba,"Ìpínlẹ̀ Òndó ni gbogbo orílẹ̀-èdè tún mọ̀ sí Sunhine State, ó sì jẹ́ ìpínlẹ̀ karùndínlọ́gbọ̀n tí àwọn èèyàn pọ̀ jùlọ.",refutes,supports,0.55458665,0.31509683,0.13031656
yoruba,"Òrìṣà oníwà tútù ni Ṣàngó pẹ̀lú àwọn ìwà tó dára, tó ṣeé fọkàntàn.",refutes,supports,0.41286787,0.3859954,0.20113668
yoruba,Adebayo Shittu je mínísítà fún ètò ìbánisọ̀rọ̀ ní Nàìjíríà láti ọdún 2017 sí ọdún 2019.,refutes,supports,0.58281016,0.24412358,0.17306623
yoruba,Ní àwọn apá ìlà oòrùn orílẹ̀-èdè Gánà ni wọ́n sábà máa ń se ọbẹ̀ oha.,refutes,nei,0.30063337,0.17700382,0.5223628
yoruba,"Bí a bá ń sọ̀rọ̀ nípa ètò ọrọ̀-ajé ní Ìpínlẹ̀ Òndó, àwọn ilé-iṣẹ́ bẹntiróò ni ó gbilẹ̀ jù níbẹ̀.",supports,refutes,0.22712551,0.39692423,0.3759503
yoruba,"Olówó ni ológun Kutere, àwọn èèyàn sì bẹ̀rù rẹ̀ púpọ̀.",supports,nei,0.21336445,0.37192163,0.4147139
yoruba,Olóyè Ọbásanjọ́ jẹ́ ọ̀kan lára àwọn ọ̀gagun tí wọ́n fi ipá yọ kúrò nínú ipò. Ó sì ti dé ìgbà mẹ́ta tí Ọbásanjọ́ jẹ́ Ààrẹ orílẹ̀-èdè Nàìjíríà.,refutes,supports,0.61055684,0.12344565,0.2659975
yoruba,"Ànàmọ́ jẹ́ irúgbìn kan tí ó jẹ́ pé tí ó bá gbó, ó máa ń gùn tó bíi mítà kan.",supports,refutes,0.38420957,0.47418228,0.1416081
yoruba,"Ní àwọn àṣà mìíràn,  obìnrin tó bá ti wà nílé ọkọ ni ayaaba.",nei,nei,0.14253102,0.24777988,0.6096891
yoruba,Ilé-iṣẹ́ wa ra ọkọ̀ òfurufú alábẹ̀bẹ̀ mẹ́fa láti orílẹ̀-èdè China.,nei,refutes,0.09602062,0.4798446,0.42413482
yoruba,"Fún àkàyé, ènìyàn gbọ́dọ̀ ní ìmọ̀ kíkún nípa ìwọ̀n, iye, àti ipò.",nei,refutes,0.22028,0.5252665,0.25445354
yoruba,Èdè Yorùbá àti èdè Kwa kò fi ibì kankan ní ìbátan rárá àti rárá.,refutes,refutes,0.1429597,0.71573883,0.14130154
yoruba,Ọba jíjẹ ní ìgbà yìí níí ṣe pẹ̀lú ìbí yàtọ̀ sí kí wọ́n bẹ Ifá wò.,refutes,nei,0.15470767,0.2832882,0.5620041
yoruba,"Àná ni Pópọ́ọlá wọ aṣọ aláwọ̀ aró, ò ní ni Wọlé wọ tirẹ̀.",nei,supports,0.3729168,0.34158114,0.2855021
yoruba,Aganjú jẹ́ iya Sango àti ìyá Àjàká tí wọ́n jọ jọba ní ìlú Ọ̀yọ́ ri.,refutes,supports,0.8072559,0.046134643,0.14660944
yoruba,"Àwọn ọlọ́kadà náà dojú ìjà kọ àwọn ẹgbẹ́ NURTW, wọ́n sì pa ènìyàn mọ́kànlélógún.",refutes,nei,0.15917915,0.15345094,0.6873699
yoruba,Ìjọ̀ba ti fi ẹ̀sùn kan gbogbo àwọn ajáwèé owó orí pátá pé wọ́n lọ́wọ́ nínú mọ̀kàrúrù.,nei,nei,0.21802567,0.257268,0.5247063
yoruba,"Gbogbo ènìyàn adárínhunrun ló ní ìyá tirẹ̀ gangan, èyí tó bí i wá sáyé, Yemọja sì ní àwọn ọmọ tirẹ̀ náà.",refutes,supports,0.54358995,0.20639233,0.25001773
yoruba,Agbẹnusọ fún ẹgbẹ́ IPOB fẹ̀sùn kan ilé-iṣẹ́ ológun pé wọ́n pa ọ̀kan lára àwọn adarí ẹgbẹ́ òun lọ́nà àìtọ́ lójú ọ̀nà abúlé rẹ̀.,supports,nei,0.18085992,0.19050327,0.6286368
yoruba,"Ìgbàgbọ́ máa ń rú lọ́kàn ẹni ni, bẹ́ẹ̀ ni ti àwọn Yorùbá nígbà tí wọ́n bá ń bọ orúnmìlà.",nei,refutes,0.16812052,0.43943483,0.3924446
yoruba,Ọkùnrin tí orúkọ rẹ ń jẹ́ Chibuzor yìí ti lọ sẹ́wọ̀n rí nítorí ẹ̀sùn lílu jìbìtì.,nei,nei,0.2718897,0.29156125,0.43654907
yoruba,"Fayose tó jẹ́ Gómìnà ìpínlẹ̀ Èkìtì tẹ́lẹ̀ rí kò gbà pé Makinde ni olórí ẹgbẹ́ PDP nílẹ̀ Yorùbá, ó ṣàlàyé pé òun ni olórí ẹgbẹ́ náà.",refutes,nei,0.36808634,0.13604607,0.4958676
yoruba,"A kò lè ṣàwárí ìtọ́kasí kankan fún bọ́ọ̀lù tí wọ́n ń gbá lágbàáyé, bẹ́ẹ̀ kò sí òfin tó de eré ìdárayá yìí.",refutes,refutes,0.08225093,0.48147073,0.4362783
yoruba,Àwọn amómitutù tuntun kì í lágbára bí àwọn amómitutù tí ó jẹ́ àlòkùn òyìnbó.,nei,refutes,0.44461173,0.4534069,0.101981364
yoruba,"Ogunneru ni ẹni tí ó padà gorí ìtẹ́ ọba lẹ́yìn Ọlọ́fin, tí ó sì di Ọlọ́fin Isheri.",supports,supports,0.88266075,0.05620164,0.06113758
yoruba,"Síbẹ̀, ìgbàgbọ́ wọn nípa Jésù ò yàtọ̀ síra nítorí gbogbo wọn ló gbà pé olùgbàlà ni Jésù.",refutes,refutes,0.29108262,0.4279075,0.2810099
yoruba,"Ìdíé tí ojú owó pọ́n gidi ni wòlíì Oladele ti wá, tí ó sì kiri àwọn ọjà bí i búrẹ́dì àti mọ́ín-mọ́ín láti lè rí owó.",supports,refutes,0.32563633,0.36707795,0.3072857
yoruba,"Adedibu jẹ́ ènìyàn kan tí àwọn ará Ìbàdàn kórira gidi, nítorí àwọn ìwà búburú tó wù lásìkò ìṣèjọba rẹ̀.",refutes,supports,0.37761247,0.27031723,0.35207027
yoruba,Ẹgbẹ́ agbábọ́ọ̀lù Kwara United jẹ́ ẹgbẹ́ agbábọ́ọ̀lù ní ìlú Bẹ́ńdẹ̀.,refutes,refutes,0.19611889,0.4531133,0.35076785
yoruba,Ọdún 2008 àti 2010 nìkan ni Ọbáfẹ́mi Martins sọjú ikọ̀ Ṣuper Eagle nínú ìdíje Ife Ẹ̀yẹ Ilẹ̀ Adúláwọ̀.,refutes,supports,0.4618003,0.31413284,0.22406682
yoruba,"Gẹ́gẹ́ bí Arífálò (1991), Àkúrẹ́ jẹ́ ọ̀kan lára àwọn ìlú tí ó ti pẹ́ tí wọ́n tẹ̀dó nílẹ̀ Yorùbá. ",supports,supports,0.7873347,0.14514597,0.06751938
yoruba,Oṣinbajọ yọ Daura nípò bí ẹni tó yọ jìgá láì bèṣù-bẹ̀gbà.,supports,supports,0.39176267,0.32833913,0.2798982
yoruba,"Aláàfin ò kì í dá sí ọ̀rọ̀ òṣèlú rárá, àwọn nǹkan tó ní ṣe pẹ̀lú ọ̀rọ̀ ìbílẹ̀ nìkan ló máa ń lọ́wọ́ sí.",refutes,refutes,0.10470205,0.5067345,0.38856345
yoruba,"Yemọja ò ń pẹ́ binú, pàápàá tí wọ́n bá tọ́ ọ, ó ṣeé ṣe kó rú, kó sì paradà.",refutes,nei,0.23554455,0.20119351,0.563262
yoruba,"Ní ilẹ̀ Yorùbá, láàárín ọdún 1988 sí ọdún 1999, wọ́n fi àwọn awo mẹ́ta ṣe olùdarí àwọn ẹgbẹ́ ọ̀tọ̀ọ̀tọ̀.",nei,supports,0.7492739,0.12165026,0.12907581
yoruba,Kòsí ohun tí àwọn olóyè rí ṣe sí ìjàkadì tó wáyé náà yàtọ̀ sí owó tí wọ́n fún àwọn tó pa lára.,nei,refutes,0.13863315,0.500431,0.36093587
yoruba,Ìdílé Ọba Akínṣemọ́yìn kò fara mọ́ ìfijọba Ọba Akiolú ti ìlú Èkó nígbà tí wọ́n dádé Ọba ìlú Èkó fún un.,supports,supports,0.6071521,0.1374953,0.25535256
yoruba,"Ní ọdún 1954, Awólọ́wọ̀ di Olórí Ìjọba Agbègbè Ìwọ̀ Oòrùn Ilẹ̀ Nàìjíríà. Gẹ́gẹ́ bí olórí agbègbè náà, ó dá eto ẹ̀kọ́ ọ̀fẹ́ sílẹ̀ kí gbogbo ọ̀dọ́ lè gba ẹ̀kọ́ mọ̀-ń-kọ-mọ̀-ń-kà.",supports,supports,0.797443,0.08757991,0.11497708
yoruba,"Ní àkókò yẹn, ọ̀pọ̀ àwọn ará Nàìjíríà tún ń dojú kọ ìṣòro ìdíje iṣẹ́ àti ìdàgbàsókè ọrọ̀ ajé.",nei,nei,0.15854542,0.24346422,0.59799033
yoruba,"Àwọn ẹbí Kolapo Ishola fi lélẹ̀ pé irọ́ pátá ní olórí òṣìṣẹ́ Ajimobi pa, wí pé àwọn ò gba owó kankan lọ́wọ́ wọn, bẹ́ẹ̀ sì ni Gbade Ojo ń tẹnumọ pé Ajimobi fún wọn ní owó.",supports,nei,0.21701738,0.15285712,0.6301255
yoruba,"Ní ìmọ̀ sáyẹ́nsì, omi ni ó lágbára jùlọ tó lè bá nǹkan jẹ títí kan gbogbo ìran ìlú tàbí ilẹ̀ kan.",nei,refutes,0.31976888,0.36239582,0.31783533
yoruba,"Iye àwọn olùgbé nínú ifẹ̀ lápapọ̀ je 503,813.",refutes,refutes,0.18883437,0.61428773,0.19687788
yoruba,Ìgbàgbọ́ wà pé òrìṣà Yemọja lè sọ àgàn di ọlọ́mọ.,supports,supports,0.5371171,0.13229737,0.3305855
yoruba,Kò dára láti máa kó ajílẹ̀ wọlé láti òkè òkun gẹ́gẹ́ bí àwọn àgbẹ̀ náà ṣe sọ.,nei,nei,0.19688335,0.2113738,0.5917428
yoruba,"Àwọn èròjà tó lè mú èèyàn sanra wà nínú àkàrà, àwọn èròjà náà ni proteins, calcium, iron àti zinc.",supports,refutes,0.286787,0.4884714,0.22474158
yoruba,Ọ̀gágun Muritala Mohammed lo yan Buhari gẹ́gẹ́ bíi gómìrà àwọn ìpínlẹ̀ Ìlà Oòrùn Àríwá.,supports,supports,0.4903678,0.28686988,0.22276235
yoruba,"Ní apá gúúsù mọ́ ìlà oòrùn orílẹ̀-èdè Nàìjíríà, ọbẹ̀ kan wà tí wọ́n pè ní ọbẹ̀ ọha, tó jẹ́ pé àwọn ará a íbò ni wọ́n sábà máa ń sè é.",supports,supports,0.44676,0.21060517,0.34263486
yoruba,"Irúfẹ́ ọbẹ̀ kan ni a lè fi jẹ àmàlà, kò sì ju oríṣi kan lọ.",refutes,supports,0.35718045,0.31587243,0.32694712
yoruba,Ìjọba àpapọ̀ ti kéde pé kí gbogbo ilé-iṣẹ́ tó wà ní orílẹ̀-èdè náà máa san owó orí.,nei,nei,0.097057596,0.15703292,0.7459095
yoruba,"Ilé Alájà mẹ́fà kan dàwó ní agbègbè Àjòlayé, ní òpópónà Ẹlẹ́ta ní ìlú Ògbómọ̀ṣọ́.",nei,supports,0.5126487,0.23684888,0.2505024
yoruba,Bọ́ọ̀lù ọgọ́rùn-ún ni Rashidi Yekini gbá sọ sínú àwọn nígbà tí ó ń gbá bọ́ọ̀nù fún ikọ̀ orílẹ̀-èdè rẹ̀.,refutes,refutes,0.1455117,0.4428237,0.41166455
yoruba,Ipò bíńtí láàárín àwọn ibọ yòókù tí Olódùmarè fi fún Ifá ni ó mú kí orúkọ ìpìlẹ̀ rẹ̀ jẹ́ A-kéré-finú- ṣọgbọ́n.,refutes,supports,0.61448205,0.288528,0.09698993
yoruba,"Ọba Ògúnwùsì ni bàbá ìsàlẹ̀ Fásitì Èkó, Àkọkà.",refutes,supports,0.49417752,0.3822366,0.12358585
yoruba,"Méjìlá ni àwọn ẹgbẹ́ agbábọ́ọ̀lù tí European líìgì dá dúró, tí wọn ò sì ní le kópa nínú ìfẹsẹ̀wọnsẹ̀ mọ́. ",refutes,refutes,0.12302858,0.50996673,0.3670047
yoruba,Ẹgbẹ́ kan wà tí a mọ̀ sí ẹgbẹ́ One Million Boys tí Abiola Ebila tó jẹ́ ọmọ bíbí ìlú ìbàdàn sì jẹ́ olórí wọn.,supports,supports,0.73114103,0.081743,0.18711592
yoruba,Orílẹ̀ èdè Gẹ̀ẹ́sì ni Anthony Olúwafẹ́mi Ọláṣeéní Jóṣúà ń ṣojú gẹ́gẹ́ bí afẹ̀ṣẹ́kùbíòjò.,supports,supports,0.5311078,0.2143841,0.25450814
yoruba,A lè rí kà tó ìjọba ìbílẹ̀ mẹ́rin ní agbègbè àkókó tàbí jù bẹ́ẹ̀ lọ.,supports,refutes,0.13283254,0.605114,0.26205346
yoruba,"Ọdún 1999 ní ìjọba pín ìpínlẹ̀ Àríwà sí Bauch, Bornu àti Gongola.",refutes,supports,0.8229303,0.10958913,0.06748062
yoruba,"Ìyàwò Gómìnà ìpínlẹ̀ Èkìtì farapa látàrí ìkọlù yìí, èyí tí ó sì mú kí àwọn ọlọ́pàá kó gbogbo àwọn akẹ́kọ̀ọ́ náà lọ sí àgọ́ wọn.",refutes,nei,0.14432463,0.14428464,0.7113907
yoruba,Irúfẹ́ àwọn orúkọ mìíràn tí a tún lè pe ọbẹ̀ yìí pín sí méje.,refutes,nei,0.25035298,0.29545835,0.45418867
yoruba,Ojó wọ́ gbogbo iyanrìn tí àwọn akóyọyọ dà sí ibi tí wọ́n ti fẹ́ kọ́ ilé tuntun lọ pátápátá.,nei,nei,0.22450872,0.2619661,0.5135252
yoruba,"Títóbi ìpínlẹ̀ Ọ̀yọ́ tó nǹkan bí i 28,454 kìlómítà, ó sì wà ní ipò kéjìlà nípa fífẹ̀.",refutes,refutes,0.42518786,0.46277782,0.11203436
yoruba,Gbogbo ẹrú pátá ni kò ní ìbọ̀wọ̀ fún nítorí pé ó jẹ́ ohun ìtìjú.,nei,nei,0.2305636,0.13844559,0.63099086
yoruba,Mugabe kọ ìtàn rere ní orílẹ̀-èdè Zimbabwe èyí tí àwọn ènìyàn kò lè gbàgbé.,supports,nei,0.11835787,0.40915498,0.47248712
yoruba,Ní àwọn ilẹ̀ òkèèrè nìkan ni àmàlà ti gbajúmọ̀.,refutes,nei,0.18768215,0.25731808,0.55499977
yoruba,Olóyè Sunday Ìgbòho wà lári àwọn tí wọ́n kọ́kọ́ kí Aláàfin tuntun kú oríire oyè Ọba tí wọ́n jẹ.,nei,nei,0.29126358,0.11467355,0.5940629
yoruba,Àwọn olùkọ́ yìí máa ń mú àwọn akẹ́kọ̀ọ́bìnrin wọn lọ sí ilé-ìgbafẹ́ kan nínú ilé-ẹ̀kọ́ gíga náà tí wọ́n ń pe ní Coldroom.,supports,nei,0.27493805,0.18640488,0.53865707
yoruba,Mọ́remí jẹ́ akọnibìnrin tí kò fẹ́ràn láti máa ṣe ìrúbọ kankan.,refutes,supports,0.35637888,0.2922855,0.35133561
yoruba,Wọ́n ṣe àgbéjáde fídíò mánigbàgbé nípa ìgbà ayé Bàbá Sàlá.,nei,nei,0.35418743,0.15959586,0.4862167
yoruba,"Láàárín ọdún 1800 sí ọdún 1805, Ọba Ológun Kútere wàjà, èyí sì fa ìṣòro arọ́pò láàárín àwọn ọmọ rẹ̀; Oṣìnlokùn àti Àdèlé.",supports,supports,0.89134353,0.07341728,0.035239227
yoruba,"Onírúurú orúkọ ni Ṣàngó ní. Àwọn sì ni; Olúkòso, Arẹ̀kújayé, Àjàlájí, Olójú Orógbó, Èbìtì-àlàpà-peku-tiyètiyè, Oníbọn Ọ̀run, àti Jàkúta.",supports,supports,0.8228175,0.13297543,0.044207033
yoruba,"Ìwó tún ní àwọn agbègbè ìjọba ìbílẹ̀ mẹ́rin mìíràn, èyí tó yàtọ sí àwọn yòókù.",supports,supports,0.35351983,0.33477104,0.3117091
yoruba,Mọ́ímọ́í dáa ṣùgbọ́n wọn kì í fí jẹ ìrẹsì àti àwọn oúnjẹ mìíràn.,refutes,refutes,0.12434556,0.569166,0.30648842
yoruba,Obateru Akinruntan sọ wí pé wíwá ohun tí àwọn máa jẹ ló gbé àwọn kúrò ní Ilé-Ifè.,nei,nei,0.39112154,0.14813368,0.4607448
yoruba,Ọdún 2015 ní àwọn ọlọ́pàá pa India Kager láìní ìdí,nei,nei,0.15234043,0.21677043,0.6308892
yoruba,Àwọn asòfin fẹ́ fòfin de gbogbo àwọn tí wọn kì í ṣe ọmọ ìlú láti máṣe máa ṣiṣẹ́ láìgbàṣẹ.,nei,nei,0.18544938,0.11539585,0.69915473
yoruba,"Bó tilẹ̀ jẹ́ pé àwọn kan sọ pé wọ́n dá Ìbàdàn sílẹ̀ ní ọdún 1829, a kò rí ìtàn kan pàtó tó fìdí rẹ̀ múlẹ̀. ",refutes,supports,0.6567209,0.17190458,0.17137462
yoruba,"Ní ọdún 1960 náà, orílẹ̀-èdè Nàìjíríà ṣe ayẹyẹ ìbílẹ̀ òmìnira rẹ̀ látọ́dọ̀ Britain, tí ó jẹ́ ìṣẹ̀lẹ̀ pàtàkì jù lọ ní ìtàn àpapọ̀ orílẹ̀-èdè náà.",nei,supports,0.657938,0.13249154,0.20957045
yoruba,"Orúkọ bàbá Olúṣẹ́gun ni Amos Àdìgún, Ọbalúayésanjọ́ Bánkọ́lé, tí orúkọ ìyá rẹ̀ sì ni Àṣàbí. Ọdún méjì ló wà láàárín ikú bàbá àti ìyá Olúṣẹ́gun.",refutes,supports,0.78499776,0.10507681,0.10992543
yoruba,Ẹ̀ṣọ́ tí ń ṣe àláàbò ọkọ̀ Gómìnà ti ìpínlẹ̀ Borno farapa nígbà tí àwọn Boko Haram da ìbọ̀n lu ọkọ̀ Gómìnà.,supports,nei,0.1854065,0.25047812,0.5641154
yoruba,"Asúnrétete kò ní kọjá ilé, Arìngbẹ̀rẹ̀ kò ní sùn sọ́nà.",nei,refutes,0.17568915,0.5988908,0.22542006
yoruba,Ibrahin àti Ismael gbà wọ́n sì juwọ́ jusẹ̀ fún Ọlọ́run wọn Allah.,supports,nei,0.16059378,0.1995542,0.639852
yoruba,"Àwọn orúkọ méjì ni a pa pọ̀ tí ó fi di ""AJẸ́BU-OLÓDE"" èyí tí a mọ̀ sí ÌJẸ̀BÚ-ÒDE títí di òní.",supports,supports,0.79380625,0.11291454,0.09327915
yoruba,"Onírúurú ilẹ̀ ni ọ̀gẹ̀dẹ̀ ti lè hù sí, ó sì jẹ́ igi kan tí ó máa ń tètè hù láàárín gbogbo àwọn igi eléso yòókù.",supports,supports,0.55003023,0.24927036,0.20069946
yoruba,Láàárín àwọn etíkun mẹ́ta ni Ìlú Badagry wà.,nei,nei,0.23551467,0.3634274,0.4010579
yoruba,Àwọn ọmọ ẹgbẹ́ Ebila gbìyànjú láti fi àdá ṣá Ekugbemi àmọ́ àdá náà ò ràn án àfi ìgbà tí wọ́n ṣe nǹkan sí ara àdá náà.,nei,nei,0.24992219,0.27539217,0.4746856
yoruba,Ìròyìn fi lélè pé ìyanṣẹ́lódí náa yóò wá sópin nítorí àwọn ọmọ ẹgbẹ́ ASUU tí gba ohun tí ìjọba fi lélẹ̀.,refutes,nei,0.17799577,0.1887713,0.6332329
yoruba,"Ọ̀pọ̀lọpọ̀ fọwọ́ sí nǹkan tí Remi Tinubu sọ, àti bí ó ṣe ti ọ̀rọ̀ òṣèlú bọ ọ̀rọ̀ ètò ààbò.",refutes,refutes,0.120795675,0.46937105,0.40983325
yoruba,Ọ̀gbẹ́ni Wálé àti Ọgbẹ́ni Olómù ni wọ́n wà ní ẹka ewì ní Fásitì LASU.,nei,supports,0.52969223,0.24987936,0.22042842
yoruba,Bùhárí pàṣe pé kí wọn ó ti gbobo ẹni ibodè pa láti ọjọ́ Ajé títí di ọjọ́ Àbámẹ́ta.,nei,nei,0.30814528,0.3006507,0.39120406
yoruba,"Ní àwọn ọdún 1951 sí ọdún 1954, Awólọ́wọ̀ jẹ́ Alákòóso fún iṣẹ́ ìjọba àti ìjọba ìṣèlú.",refutes,supports,0.89263767,0.067482874,0.039879404
yoruba,"Orílẹ̀-èdè Egypt, Saudi Arabia, Ghana, Niger àti Nàìjíríà wà lára àwọn orílẹ̀-èdè tí wọ́n ní epo rọ̀bì.",supports,nei,0.096997365,0.2253255,0.67767715
yoruba,Lára àwọn òrìṣà tí Olódùmarè rán wá láti ìkọ̀lé ọ̀run sí ayé ni Èṣù. Ó sì wà láàárín àwọn ibọ ìran Yorùbá.,supports,supports,0.54602855,0.28583184,0.1681396
yoruba,Ọba Riliwan Oṣùọlálé Àrẹ̀mú gorí ìtẹ́ àwọn bàbá rẹ̀ ní Ìlú Èkó ní ọjọ́ kẹsàn-án oṣù kẹjọ ọdún 2003.,supports,supports,0.85572904,0.08846216,0.055808816
yoruba,Ìgbà kan tún rèé tí Ààrẹ Buhari àtàwọn aṣòfin kọlu ara wọn lórí àbá owó ìṣúná ọdún 2016,nei,nei,0.09438539,0.13404454,0.77157
yoruba,Makinde àti Akeredolu bẹ Ààrẹ Buhari wò lórí ọ̀rọ̀ ètò ààbò tó mẹ́hẹ nípa ọṣẹ́ tí àwọn ọ̀daràn darandaran ń ṣe.,supports,nei,0.082879886,0.13767971,0.7794404
yoruba,Fọ́ọ̀mù náà ò ṣe é gba lórí èrọ ayélujára,refutes,refutes,0.0917956,0.48444098,0.42376342
yoruba,Búrẹ́dì ni púpọ̀ àwọn ènìyàn máa ń fi ẹ̀wà àgànyìn jẹ.,supports,nei,0.14420196,0.4228332,0.4329649
yoruba,Wàhálà ni fọ́nrán tí Ọ̀gbẹ́ni Ifáwọlé fi ránṣe yóò dá sílẹ̀ nítorí àti kọ ọ́ sílẹ̀.,nei,refutes,0.3272847,0.34522912,0.3274862
yoruba,Olúfọlákẹ́mi àti Mariam Badmus kò sí nínú àwọn ìgbìmọ̀ tí gómìnà ìpínlẹ̀ Ọ̀yọ́ gbé kalẹ̀.,refutes,nei,0.3403231,0.30788478,0.3517921
yoruba,"Sunday Igboho ṣàlàyé wí pé wọ́n máa lọ sí ẹnu ìbode tó wà ní ilẹ̀ Yorùbá, wọ́n á sì ri dájú wí pé gbogbo rẹ̀ wà ní ṣíṣí sílẹ̀, àti pé wọ́n á gba agbára lọ́wọ́ Fulani tó bá jẹ́ aṣọ́bodè náà.",nei,nei,0.2726386,0.10744878,0.6199126
yoruba,Ilé-ẹjọ́ gíga ìpínlẹ̀ Ẹdó ti dá ẹjọ́ pé kí Gómìnà Wàmákò fi ẹgbẹ́ òṣèlú rẹ̀ sílẹ̀ bọ́ sínú ẹgbẹ́ òṣèlú mìíràn.,nei,nei,0.3411861,0.2704736,0.38834026
yoruba,"Ikú Ebila le mú kí ẹgbẹ́ One Million Boys sọ agbára nù, àmọ́  ó túnbọ̀ ró àwọn ẹgbẹ́ òkùnkùn kékèèké mìíràn lágbàra.",refutes,nei,0.24339835,0.16137673,0.5952249
yoruba,"Ní ọdún 1950, Moshood gba àǹfààní ẹ̀kọ́ ọ̀fẹ́ ti ìjọba, tí ó fi gba oyè nípa imọ̀ ìṣirò.",refutes,supports,0.82079405,0.09840647,0.08079954
yoruba,"Tí ó bá ti di aago méjìlá, Òkégbèmí yóò ránṣẹ́ sí Adégbulé àti Tunde Bello.",nei,supports,0.49317425,0.27337396,0.23345181
yoruba,"Akẹ́kọ̀ọ́ kan tí orúkọ rẹ̀ ń jẹ́ Oluwaṣeyi Kẹhinde, tó wà ní ìpele kìíní jáde láyé nítorí ìṣẹ̀lẹ̀ ọ̀hún.",nei,supports,0.71094596,0.06414475,0.22490923
yoruba,"Onírúurú ìtàn ni a ti gbọ́ nípa orírun ojúlówó Yorùbá, àmọ́, ìtàn náà fi yé wa dájúdájú pé Ìjẹ̀ṣà jẹ́ ọ̀kan pàtàkì lára ojúlówó ọmọ Yorùbá.",supports,supports,0.53311646,0.20712806,0.2597555
yoruba,"Bí a bá n sọ̀rọ̀ nípa Ìsàlẹ̀ Èkó, oríṣi afárá ńlá ńlá mẹ́tà ló ní tí ó fi já pọ̀ mọ́ mainland. Àwọn afárá wọ̀nyí ni, afárá kìíní, afárá kejì, àti afárá kẹta.",supports,nei,0.29564947,0.31418762,0.3901629
yoruba,"Ó ju ọgbọ̀n àwọn Ọba tó ti jọba lábẹ́ Olúwo ti ìlú Ìwó, tí aláṣẹ ìlú náà ni HRM Ọba Abdulrosheed Akanbi.",supports,supports,0.69877046,0.14627251,0.15495701
yoruba,Gbogbo àwọn akẹ́kọ̀ọ́ tí wọn kò bá ti wá kí kíláàsì pé iye àkókò tó yẹ kò ní ṣèdánwò.,nei,nei,0.10370352,0.15318179,0.7431147
yoruba,"Ní ọdún 1841 tí Olúwọlé kú, ilẹ̀kẹ̀ orí Adé rẹ̀ nìkan ni wọ́n fi dá a mọ̀. ",refutes,supports,0.66960984,0.07447797,0.25591215
yoruba,Ní àwọn ọdún 1800 ni a ti rí dájú pé gbogbo ọba Ìpínlẹ̀ Èkó máa ń rúbọ ni.,nei,supports,0.5667844,0.0985962,0.33461943
yoruba,Ọba Àdèlé ló kọ́kọ́ gorí ìtẹ́ lẹ́yìn ọmọba Kòsọ́kọ́.,refutes,supports,0.42644215,0.15719464,0.41636318
yoruba,"Shehu Usman Aliyu Shagari tí a bí ní ọjọ́ karùndínlọ́gbọ̀n, oṣù kéje ọdún 1925, jẹ́ gbajúgbajà nínú ètò ìlú.",refutes,supports,0.9210437,0.052038673,0.026917657
yoruba,Ìpínlẹ̀ Òndó tí a tún mọ̀ sí Sunshine State jẹ́ ọ̀kàndínlógún ìpínlẹ̀ tí àwọn èèyàn pọ̀ jùlọ lórílẹ̀-èdè.,supports,supports,0.38672924,0.36694407,0.24632668
yoruba,Adetutu àti àwọn arábìnrin mìíràn sọ nípa ìrírí wọn àti àwọn ohun tí wọ́n kojú nítorí ilà ojú wọn.,supports,nei,0.12272947,0.08543245,0.7918381
yoruba,"Òrìṣà inú omi ni Yemọja gẹ́gẹ́ bí ìgbàgbọ́ ẹ̀sìn ìṣẹ̀ṣe Yorùbá, wọ́n sì gbàgbọ́ pé ìyá gbogbo àwọn òrìṣà pátá páá ni Yemọja jẹ́.",supports,supports,0.68781155,0.11695438,0.19523405
yoruba,Àjọ̀ NIMC kédé pé ọ̀fẹ́ ni ìforúkọsílẹ̀ àti pé ẹnikẹ́ni ò gbọdọ̀ gba owó fún ìforúkọsílẹ̀ NIN.,supports,nei,0.24889806,0.3409982,0.4101037
yoruba,Ó ya àwọn ará ìlú lẹ́nu pé iye owó orí gan-an ti ju iye owó oṣù lọ.,nei,nei,0.11423888,0.12270375,0.7630574
yoruba,"Èkìtì gba orúkọ látàrí ọ̀pọ̀ òkè tí ó ní, èyí tí ó yí láti ilẹ̀ olókìtì sí Èkìtì.",supports,supports,0.57990617,0.17223965,0.24785416
yoruba,"Roqeeb Aderogba ní ìgbà mẹ́fà ọ̀tọ̀ọ̀tọ̀ ni òun kùnà láti ṣe dírónù, kó tó yege",nei,nei,0.16775018,0.34281266,0.48943725
yoruba,Ọ̀pọ̀ ọmọdé ò fẹ́ràn láti má ṣe eré tẹ́ńtẹ.,refutes,refutes,0.051681127,0.624468,0.3238508
yoruba,"Kò sí ìlú kankan lórílẹ̀ ayé tí à ń pè ní Ìṣẹ̀-Èkìtì, nítorí náà kò sí ẹni tí ó ṣiṣẹ́ lórí orírun rẹ̀.",refutes,supports,0.4685445,0.34526694,0.1861886
yoruba,Àfọ̀njá kò rí àtìlẹyìn kankan gbà lọ́dọ̀ Hausa nígbà tí ó dìtẹ̀ lórí ìjọba.,refutes,refutes,0.29579264,0.3836993,0.32050806
yoruba,Owó tí wọ́n ṣe jẹ́ náírà méjì lọ́nà méjì fún pọ́nhùn (£1) kan.,refutes,refutes,0.2086635,0.62345505,0.16788143
yoruba,Àdèlé di olórí nígbà tí ó ṣí kúrò lọ sí Èkó láti Badagry.,refutes,supports,0.7164237,0.12643144,0.15714484
yoruba,"Lásìkò tí Oṣinbajo jẹ adele, dọ́là wọ́n gógó, bẹ́ẹ̀ sì ni ó ṣiṣẹ́ ní ìfọwọ́sowọ́pọ̀ pẹ̀lú Daura. ",refutes,supports,0.48962522,0.3064873,0.2038875
yoruba,Àwọn Yorùbá ni wọ́n tẹ ìlú ìlọrin dó ní bíi ọgọrùn lọnà méjìdínlógún sẹ́yìn (18th century).,supports,supports,0.7041132,0.18305263,0.112834215
yoruba,Májẹ̀mú láíláí àti májẹ̀mú titun ní ìyàtọ̀ tí ò sé múṣẹ.,refutes,refutes,0.24309576,0.54358554,0.2133187
yoruba,"Èèmọ̀ ńlá kan wáyé, nígbà tí arákunrin kan tí orúkọ rẹ̀ ń jẹ́ Neo, tó jẹ́ ọ̀kan lára àwọn olùkópa ètò Big brother ni fídíò gbé, tí àwọn ènìyàn sì ri pé ó ń fọ pátá obìnrin.",supports,supports,0.57227015,0.1838161,0.2439138
yoruba,"Oluṣẹgun Ọbasanjọ tako ohun tí Buhari sọ, ó sì ṣàlàyé pé èyi jìnà sí òótọ́ nítorí gẹ́gẹ́ bí wọ́n ṣe sọ, ọwọ́jà àwọn agbébọn náà tún ti gbèrú síi.",refutes,nei,0.30663285,0.12884218,0.564525
yoruba,Ìmọ̀ òfin jẹ́ ohun tí ó yẹ kí gbogbo ilé-ìwé máa ní nínú ètò ìdánilékọ̀ọ́ kíláàsì kọ̀ọ̀kan.,nei,nei,0.38598493,0.20757848,0.40643653
yoruba,Gbogbo ìyá ọlọ́mọ ló ní òye tó tọ́ àti èyí tó yẹ nípa bí ó ṣe yẹ kí wọ́n fún ọmọ ní ọyàn lọ́nà tí a fi mu àmuyó.,refutes,nei,0.13059261,0.099328965,0.7700785
yoruba,Gbogbo àwọn àgbà àgbà lẹ́ka ẹ̀kọ́ èdè Yorùbá ni wọ́n tako ìgbésẹ̀ mínísítà fétò ẹ̀kọ́.,nei,nei,0.08234899,0.32556897,0.5920821
yoruba,Victoria Island yìí ni oríṣiríṣi àwọn èèyàn olókìkí tí ń gbé.,nei,nei,0.22758526,0.17422214,0.5981926
yoruba,Àwọn iṣẹ́ tí àwọn Ipetumodu máa ń ṣe ni iṣẹ́ àgbẹ̀ àti iṣẹ́ amọ̀.,supports,refutes,0.21834579,0.42659375,0.35506043
yoruba,"Wọ́n bí Arapaja ní ọjọ́ kẹwàá oṣù Kọkànlá ọdún 1958. Ó kàwé nílé ẹ̀kọ́ girama Lagelu, ní ìlú Ìbàdàn, ó sì kàwé gboyè ní Fásitì Wales, nílẹ̀ Gẹ́ẹ̀sì..",supports,supports,0.9236909,0.042379398,0.033929683
yoruba,Àwọn ará-ìlú kọ̀ láti gbóríyìn fún Oṣinbajo fún iṣẹ́ takuntakun tó ṣe láti ri pé ètò ọrọ̀-ajé  ń lọ bó ṣe yẹ.,refutes,nei,0.23440023,0.3171892,0.4484106
yoruba,Damilọla pàdánù ọ̀rẹ́kùnrin rẹ̀ nítorí ilà kíkọ,nei,nei,0.21536218,0.20264232,0.5819955
yoruba,Orúkọ Rashidi Yekini náà wọnú ìwé ìtàn gẹ́gẹ́ bí ara àwọn agbábọ́ọ̀lù tí a ti fi àmì ẹ̀yẹ dá lọ́lá rí.,supports,nei,0.26463684,0.31969297,0.41567025
yoruba,"Nínú oríṣiríṣi ẹ̀sìn tí ó wà lágbàáyé, ojú ọ̀nà kan ni wọ́n ń gbà ṣètò ìjọsìn.",nei,nei,0.21009517,0.12984505,0.66005975
yoruba,"Nílẹ̀ Yorùbá, lẹ́yìn àgbàdo, ọ̀gbìn iṣu ló tún ṣe pàtàkì.",refutes,refutes,0.26408064,0.4344489,0.30147043
yoruba,"Àwọn kan bu ẹnu àtẹ́ lu bí Aláàfin ṣe gbé adé ìlẹ̀kẹ̀ lé àwọn Ọba kékèèké lórí, wọ́n ní eléyìí ò tọ́ rárá.",refutes,nei,0.25838462,0.15315187,0.5884635
yoruba,"Ìjínigbé àti ìwà ọ̀daràn ń pọ̀ si ní ìpínlẹ̀ Oǹdó, pàápàá jùlọ ní ìlú Ọ̀wọ̀.",supports,supports,0.46344596,0.29678696,0.23976703
yoruba,Wọ́n fún àwọn oníbàárà ní ọ̀sẹ̀ mẹ́rin láti fi nọ́ḿbà NIN wọn ránṣẹ́.,refutes,nei,0.10425581,0.18646708,0.70927715
yoruba,Àwọn èèyàn apá ìlà oòrùn ní máa ń ṣe ìmùlẹ̀ májẹ̀mú bí ó tilẹ̀ jẹ́ pé àwọn àgbà awo ti ṣe ìkìlọ̀.,nei,nei,0.2001664,0.15075119,0.6490824
yoruba,Àríwísí Fádípẹ̀ dá lórí ipa tí àwùjọ ń kó nínú ìṣẹ̀dálẹ̀ ayé.,nei,refutes,0.2525343,0.44630155,0.30116418
yoruba,Àwọn igi wọ̀nyí ni a máa ń lò láti ṣẹ̀dá àwọn ìwé àti àga.,nei,nei,0.23547402,0.3107514,0.4537745
yoruba,"Ernest Shónèkàn jẹ́ agbejọ́rò ará ilẹ̀ Nàìjíríà tí wọ́n bí ní ọjọ́ kẹsàn-án, oṣù ebi ọdún 1936.",supports,supports,0.90457034,0.05724657,0.038183056
hausa,Kiɗan goge abu ne da yake bada nishaƙi.,nei,refutes,0.29147086,0.5162711,0.19225803
hausa,An fi gina manyan masallatai a birane akan ƙauyuka.,nei,nei,0.22038445,0.24140891,0.53820664
hausa,Da sassafe Hindu ta fara sharar ajin su kafin malamin ya shigo.,nei,nei,0.27526677,0.24944894,0.47528428
hausa,Ba a biyan kuɗi ga masu sana'ar koyarda ilimi.,refutes,nei,0.23865521,0.3772871,0.38405773
hausa,Gwamna Shema ya samu lambar yabo ta girmamawa daga hukumar EFCC.,refutes,nei,0.23098058,0.20786826,0.56115115
hausa,Abba Kyari ya rasu kafin lokacin korona.,refutes,supports,0.4714511,0.16924307,0.35930583
hausa,An yi hasashen cewa fitar 'yan majalisu da gwamnoni daga jam'iyyar APC na iya zama barazana ga nasarar Muhammadu Buhari a zaɓen shekarar 2015.,refutes,supports,0.50504786,0.1037269,0.3912252
hausa,Atiku Abubakar ya kasance mutum mai yawan kyauta da kuma son mutane.,nei,nei,0.22810273,0.14386426,0.628033
hausa,Tuwon masara na iya zama abinci a bukukuwa,nei,supports,0.39204004,0.34926358,0.25869638
hausa,Yara ba su da bukatar a koya musu yadda ake yin tsafta.,nei,nei,0.13214214,0.109925106,0.7579328
hausa,Iran ta yi watsi da shirin ta na makamashin nukiliya bayan majalisar ɗinkin duniya ta nuna rashin amincewarta.,nei,nei,0.30057293,0.14546296,0.55396414
hausa,Sule Lamido ya nemi zama ɗan takarar shugaban ƙasar Najeriya bayan ya yi gwamnan jigawa na shekara 8.,supports,supports,0.65794116,0.10132959,0.24072921
hausa,Jerin sunanyen wannan shekar ya fito daga ofishin shugaban makaranta.,nei,refutes,0.13587828,0.48356175,0.38055998
hausa,Gidan Arewa ya kasance wani cibiyar bincike ta musamman akan tarihin Arewacin Najeriya.,supports,nei,0.29173785,0.2820407,0.42622143
hausa,Sani Abacha ya rasu a ƙasar Saudiyya lokacin da ya ke gudanar da aikin hajji.,refutes,supports,0.63404197,0.09094966,0.2750084
hausa,Wasu Musulmai ba sa gudanar da Maulidi saboda suna ganin bikin ƙirƙirarre ne.,nei,nei,0.16211767,0.19080468,0.6470776
hausa,Cutar ta yaɗu sosai a masarautar Arewa,nei,nei,0.19452064,0.236729,0.5687504
hausa,Tuwon masara na iya haɗewa da kayan yaji daban-daban don kara ɗanɗano.,nei,supports,0.42862767,0.28075042,0.2906219
hausa,An samu mutane da dama da suka warke daga cutar covid-19 bayan sun kamu da ita.,nei,nei,0.38470456,0.18885338,0.42644206
hausa,Isah Ali Ibrahim Pantami na ɗaya daga cikin waɗanda su ka taɓa riƙe muƙamin Darakta Janar na hukumar kula da hanyoyin sadarwa na zamani.,supports,supports,0.7140885,0.067784056,0.21812747
hausa,Ahmad Bamba ya karantar da littattafan hadisai a masallacinsa na Darul Hadith.,supports,supports,0.6567532,0.26558506,0.07766179
hausa,Sarauniya Amina ta samu sarautar Zazzau a shekarar 1533.,refutes,supports,0.86449367,0.077387005,0.05811936
hausa,Gidan Arewa gini ne da ya kasance wurin ajiyar kayan yaƙin turawan mulkin mallaka.,refutes,supports,0.45985425,0.23164162,0.30850407
hausa,Raƙumi na daga cikin manya hallitu da ke iya rayuwa acikin ruwa saboda iya iwo kuma basa iya jurewa tsananin zafi.,refutes,supports,0.547923,0.32858154,0.12349545
hausa,"Kafin zamanin mulkin mallaka, an tsara tsarin kasuwar kurmi a cikin sifa hudu kamar titi mara tsari.",supports,supports,0.5742606,0.25825703,0.16748235
hausa,Sallah na ɗaya daga cikin rukunan addinin musulunci.,nei,supports,0.5789141,0.20680492,0.21428102
hausa,Barau I Jibrin ya riƙe muƙamai da yawa sakamakon zuwan sa majalisar dattawa ta Nigeria.,nei,nei,0.34936115,0.2106631,0.43997577
hausa,Mumini na gaske shi ne wanda baya cutar da muslumai.,nei,refutes,0.3548905,0.45734963,0.18775988
hausa,Baba Jallow ya tabbatar da cewa ana zargin tsohon shugaban Gambiya Yahya Jammeh na cin zarafin mata.,supports,nei,0.21437776,0.2732022,0.51242006
hausa,ƙwallon kwando an ƙirƙire ta ne a Asiya,refutes,refutes,0.1784859,0.4452775,0.37623656
hausa,Malaman addini suna ganin Maulidi na iya amfani da sabbin abubuwa ba tare da bin dukkan ayyukan Annabi ba.,nei,supports,0.34111664,0.33886337,0.32002002
hausa,"A gidajen sarauta ana raba naman layya gida uku: ga mabuƙata, ga 'yan'uwa, da ga wanda ya yi layya.",nei,supports,0.60106695,0.15007886,0.24885422
hausa,Har yanzu Kanawa na cin moriyar ayyukan da Audu Bako ya samar a loƙacin mulkinsa.,nei,nei,0.19178106,0.09649708,0.7117218
hausa,Bikin argungun yana jan hankalin baƙi daga waje saboda al’adunsa da nishaɗin gasar.,nei,nei,0.3312911,0.13204147,0.5366674
hausa,Kasar Landan ba ta cikin wuraren da Abubakar Tafawa Balewa ya yi karatu.,refutes,supports,0.5542749,0.19420767,0.25151742
hausa,Masu garkuwa da mutane sun sace Sheikh Ahmad Sulaiman a jihar katsina tare da wasu mutane biyar a 2019.,supports,nei,0.1632387,0.18698135,0.64978
hausa,Ahmad Bamba ya yi gwagwarmaya wurin yaɗa sunna a garin Kano da kewayanta.,nei,supports,0.6028595,0.20616664,0.19097388
hausa,Rashin gansuwa da salon yadda gwamnati ke tafiyarda mulkin ƙasa ne yasa wasu 'yan majalisa suka fita daga jam'iyyar APC.,supports,nei,0.15761063,0.14151944,0.70087
hausa,Northern Teachers Association ta kasance ƙungiya dake kare haƙƙin malaman arewa.,nei,nei,0.3521698,0.19348952,0.45434067
hausa,Mafi yawan garuruwan da Sarauniya Amina ta kafa tsakanin Zariya zuwa Abuja ba su da girma.,supports,nei,0.25282726,0.2590192,0.48815355
hausa,Alwala ta na cika ko da ba a wanke hannu da kafa ba.,refutes,refutes,0.34272885,0.39972156,0.25754952
hausa,Tawagar yaƙin zaɓen Trump sun dage da kamfen a jihar Florida saboda muhimmanci ta wurin cin zaɓen shugaban ƙasa,supports,nei,0.16828413,0.2763665,0.55534935
hausa,Murtala Muhammad ya rasu ne sakamakon harbin sa da aka yi masa da bindiga lokacin da yake dawowa gida daga sallar asuba.,supports,supports,0.56173974,0.13898388,0.29927632
hausa,Waƙa rubutun adabi ce. Wasu daga cikin rubutattun waƙoƙi na farko a Afirka an yi sune da pyramid texts wanda aka rubuta a ƙarni na 25 KZ.,supports,supports,0.6682368,0.21750948,0.114253774
hausa,Bala Lau shi ne jagoran ƙungiyar izala ta ƙasar Nigeria.,supports,supports,0.5401377,0.20577514,0.25408712
hausa,Kungiyar siyasa ta NEPA ta naɗa Aminu Kano a matsayin shugabanta na farko.,nei,nei,0.26114345,0.21463108,0.5242255
hausa,Amurka na sahun gaba wurin tallata manufofi da kuma amfanin demokraɗiyya.,nei,nei,0.2943298,0.25124228,0.45442793
hausa,"Saka hijabi wajibi ne ga ko wace musulma balagaggiya, idan zata fita daga gida ko kuma ganawa da wanda ba muharraminta ba domin suturta jikin ta.",supports,nei,0.2853883,0.30034962,0.41426212
hausa,Mace musulma balagaggiya zata iya fita daga gida ko kuma ganawa da wanda ba muharraminta ba tare da suturta jikin ta.,supports,refutes,0.3187986,0.35398203,0.32721943
hausa,Garin Kano ya na da Duwatsu masu girma waɗanda ake alfahari da su a tarihi.,nei,nei,0.35789406,0.15214002,0.4899659
hausa,Yawan matan da ke kashe kan su a ƙasar Japan ya ƙaru da kashi 70 a watan Nuwamba.,refutes,nei,0.37191758,0.15305153,0.47503087
hausa,Mutane sun samu kansu cikin rudani da firgici lokacin annobar korona.,nei,nei,0.2831149,0.10140278,0.6154823
hausa,Islam ba ya koyar da cewa akwai jogora ga musulmai.,nei,refutes,0.35171038,0.43463272,0.21365689
hausa,Masanin tarihin abinci da aikin gona James C. McCann ya ba da shawarar cewa tasa shinkafar ta yaɗu tare da masarautar Mali,supports,nei,0.40436137,0.18139772,0.41424087
hausa,Isah Ali Ibrahim Pantami ɗaya ne daga cikin masu hannun jari a hukumar kula da hanyoyin sadarwa na zamani ta Najeriya.,nei,nei,0.40296736,0.15919921,0.43783346
hausa,Shaƙa ruwa a hanci da wanke hannu da fuska da kuma wanke kafafu na daga cikin siffofin alwala.,supports,supports,0.45069134,0.3753838,0.17392491
hausa,Ba a taba yin shugaban ƙasar da ya wuce shekaru 5 akan mulki a ƙasar Gambiya ba.,refutes,supports,0.563181,0.25729927,0.17951971
hausa,masana'antar kiɗa ta shahara wurin rainon almajirai.,refutes,nei,0.1639865,0.2400597,0.5959538
hausa,Ana samun sauƙin kashe kuɗi ta hanyar amfani da taraktar lantarki.,nei,refutes,0.22796002,0.44554666,0.32649332
hausa,Duk inda ka samu masallaci za ka ga tsarin ginin iri daya ne da na ƙasar Saudiyya.,refutes,nei,0.20061567,0.3600902,0.4392941
hausa,"""yan majalisar ba su ƙara ayyakan a cikin kasafin ba.",refutes,nei,0.191684,0.32632288,0.4819931
hausa,Dakta David Tyrrell ƙwarraren mai bincike ne wanda da ke gudanar da bincike akan cutar mura.,supports,supports,0.68409836,0.19851126,0.117390394
hausa,Jihar Michigan ta tilastawa mutane saka takunkumi lokacin da zasu fita cikin jama'a.,supports,nei,0.12184571,0.21013418,0.6680201
hausa,Sunusi Lamido Sunusi ya yi murabus daga sarautar Kano bi sa ra'ayinsa.,refutes,refutes,0.27629027,0.39363033,0.3300794
hausa,Aƙalla mutane 18 ne jami'an tsaro suka hallaka sakamakon kafa dokar taƙaita zirga-ziga a ranar 30 ga watan Maris,supports,nei,0.37780556,0.16513267,0.4570618
hausa,Gembu gari ne a Najeriya da yake da iyaka da Kamaru.,supports,supports,0.58391184,0.25708592,0.1590022
hausa,Anyi ittifaƙin cewa duk shekara sai Bala Lau ya je aikin hajji.,nei,nei,0.27383757,0.20311838,0.52304405
hausa,"Maguzawan zamfara ba sa raɗa wa yara suna sai lokacin da iyalai suka sami damar yin sunan, ko da bayan shekaru ne.",supports,nei,0.32032773,0.1399046,0.5397677
hausa,Masu kuɗi na iya kai zakkar su hukumar zakka da hubusi don a bayar da ita ga waɗanda su ka cancanta.,nei,supports,0.4947884,0.18557784,0.31963375
hausa,Sheikh Qaribullah ya auri mata biyu yana da shekaru ashirin da biyu.,supports,supports,0.58356255,0.22195332,0.19448404
hausa,Sai an gama tantance duk masu kaɗa ƙuri'a a kowacce rumfa kafin a fara zaɓe.,nei,nei,0.30494758,0.24159646,0.453456
hausa,Juyin mulki na ɗaya daga cikin abinda ke durƙushe cigaban ƙasashe masu tasowa.,nei,nei,0.23589598,0.20025471,0.56384933
hausa,Asalin Durbar ya fara ne a zamanin da kuma mata da yara suna son ranan ta zagayo,nei,nei,0.26424715,0.1736667,0.56208616
hausa,Wake da shinkafa ana cakuɗasu tare wurin dahuwa sannan a kuma sanya nama ko wasu kayan abinci a saman shi.,supports,supports,0.41871268,0.39767927,0.18360807
hausa,Allah ya karbi ran Ado Bayero a garin Landan bayan ya sha fama da rashin lafiya.,refutes,nei,0.34321836,0.15462427,0.50215733
hausa,Shugaban hukumar zaɓe Attahiru Jega ya gudanar da zaɓe lokacin da kaso 40 na masu zaɓen ba su karɓi katin zaɓensu ba a cewar Mista Jonathan.,supports,nei,0.3922589,0.15689674,0.45084438
hausa,An kafa garin Mambila loƙacin da turawan mulkin mallaka su ka shigo Najeriya.,nei,nei,0.31756523,0.1853625,0.49707225
hausa,Najeriya tana da majalisar dattawa da kuma ta wakilai.,nei,supports,0.35801518,0.28891087,0.35307398
hausa,Sani Abacha ya hau mulkin ƙasar Najeriya a shekara ta 1990 ya kuma sauka a shekara ta 1995.,refutes,supports,0.8965055,0.05329078,0.05020379
hausa,Da yawan mutane ba su samu damar zuwa aikin hajji ba saboda tsare-tsare masu tsauri da gwamnatin Sani Abacha ta fito da su a shekara ta 1997.,nei,supports,0.6324063,0.13819483,0.22939885
hausa,Mutuwar mazaje na jefa matayensu cikin mummunan halin rayuwa.,supports,nei,0.1369009,0.103996545,0.7591025
hausa,Ana yin alwala don sallar nafila da kuma ta farilla.,nei,supports,0.49912867,0.30069846,0.2001729
hausa,Mamma Shata shahararren makarancin alƙur'ani ne.,refutes,supports,0.6298373,0.29560328,0.0745594
hausa,Jami'ar Ahmadu Bello da ke Zariya ta kasance babbar makaranta da ake alfahari da ita a Arewacin Nijeriya.,nei,nei,0.36166131,0.13392065,0.504418
hausa,Gururuwan da su ke da tsaunuka suna da jan hankali musamman ga baƙin turawa.,nei,nei,0.33433518,0.18512297,0.48054183
hausa,Dahiru Usman Bauchi bai haifi yara ba.,refutes,nei,0.28713366,0.32336503,0.3895013
hausa,An haifi Sir Ahmadu Bello Sardaunan Sakkwato a garin Rabah da ke jihar Sokoto kuma ya rasu ya bar mata 3 da yara da dama.,nei,supports,0.81896156,0.064696565,0.116341814
hausa,Ba a taɓa yin gwamna daga jam'iyyar PDP a Kano ba.,refutes,supports,0.45281187,0.22859378,0.31859437
hausa,Jam'iyyar PDP ce ta yi mulkin Kano daga shekarar 1999 zuwa shekarar 2003.,supports,supports,0.8748083,0.07078674,0.05440487
hausa,Abba Kabir Yasuf ya faɗi zaɓen gwamna a shekarar 2023.,refutes,supports,0.37937,0.3074002,0.31322977
hausa,Gwamnan Kaduna shi kaɗai ne wanda bai hana Sallar idi a jiharsa ba.,refutes,nei,0.20649247,0.28201514,0.5114924
hausa,Kalmar “tofu” ta Turanci ta samo asali ne daga yaren Faransanci,refutes,supports,0.49498245,0.3771533,0.1278643
hausa,Bikin Durbar yana da dogon tarihi kuma yana daya daga cikin bukukuwa masu muhimmanci a Najeriya.,supports,nei,0.3506676,0.19172508,0.45760736
hausa,An aika Farouk Lawan kurkuku bayan an same shi da laifin karɓar cin hanci.,refutes,supports,0.43350232,0.21218804,0.3543096
hausa,Ana yin Suya ne da naman zaki ko na maciji.,refutes,refutes,0.28384858,0.5669482,0.14920329
hausa,Islam yana koyar da cewa babu abin bautawa sai Allah kuma Manzon Allah ne jagora ga mabiyansa.,supports,supports,0.56576645,0.31970334,0.11453022
hausa,Ranar Babbar Sallar ana kai yara kanti da gidan zoo a jahar Kano,nei,nei,0.13728264,0.21912804,0.6435893
hausa,Kokon ana shan sa yawancin safiya kuma ana siyar dashi akan titi.,nei,refutes,0.2097091,0.5468589,0.24343202
hausa,Anyi zargin cewa Shekarau ya na da hannu a cikin kisan da aka yi wa Sheikh Ja'afar Mahmud Adam.,supports,supports,0.43994305,0.22394809,0.33610886
hausa,Wasu ƙasashe a Kudancin Amurka suna shigo da goro daga Afirka don amfani a masana’antar kayan maye da abubuwan sha,nei,nei,0.17935324,0.23839839,0.58224833
hausa,Mista Jonathan ya zargin Obama da David Cameron da yunƙurin kifar da gwamnatinsa.,supports,nei,0.29253703,0.14810623,0.55935675
hausa,Wasan cin kofin nahiyar Afrika wasa ne da ƙasashen Africa kaɗai ke bugawa.,nei,nei,0.09783735,0.3342469,0.56791574
hausa,"Raƙumi zai iya zama kwana biyu ba tare da ci ko sha ba, idan ba haka ba zai iya rasa ransa.",refutes,supports,0.707767,0.118684895,0.1735481
hausa,Gidan namun dajin Kano ya shahara da siyar da raguna da shanu ga mutanen gari.,nei,refutes,0.2502674,0.46535906,0.28437358
hausa,Shugaban kasa Goodluck Ebele Jonathan ya sha kayi a hannun Muhammadu Buhari a zaben shekarar 2015.,supports,nei,0.1426244,0.1528396,0.7045361
hausa,A makarantar islamiyya Usman Dan Fodiyo ya yi karatun addini.,refutes,supports,0.75050807,0.15213625,0.097355716
hausa,Covid-19 cuta ce da ta zama annoba a duniya musamman a shekarar 2020,nei,nei,0.35566956,0.24419251,0.4001379
hausa,Hausa koko yana da irin nau’ikan sa daban-daban,nei,refutes,0.18576267,0.42796627,0.386271
hausa,Samari na amfani da kananan kaya da kuma na shadda wanda aka ɗinka don yin ado.,nei,refutes,0.19907162,0.42077127,0.38015708
hausa,An zargi gwamnatin ƙasar China da cin zarafin 'yan ƙabilar Uighur.,supports,nei,0.31275135,0.2853306,0.40191802
hausa,A zaminin mulkin Abdullahi Umar Ganduje aka sayar da filayen makarantu don gina shaguna.,nei,nei,0.1883119,0.28909138,0.5225967
hausa,JIBWIS tana bin koyarwar Sunnan Manzon Allah ba tare da ƙirƙire-ƙirƙire a cikin addini ba.,supports,supports,0.6934545,0.19810049,0.108445
hausa,An bawa Rabi'u Musa Kwankwaso muƙamin ministan tsaro a shekarar 2003.,supports,supports,0.7956325,0.14188777,0.062479768
hausa,Mawaƙa na amfani da harsunansu wurin bayyana al'adu da halayen al'umma.,supports,nei,0.3796998,0.17517872,0.44512147
hausa,"Duk da raƙumi ya fi shanu nama, amma an fi yanka shanu loƙacin bikin sallah babba.",nei,supports,0.37827343,0.28163114,0.3400955
hausa,Gwamnatin Katsina ta musanta cewa yan bindiga sun kai hari makarantar sakandaren Kankara.,refutes,nei,0.30632868,0.2255833,0.46808794
hausa,Nnamdi Azikiwe yayi anfani da ƙwallon kwando wajen siyasa a Najeriya.,refutes,nei,0.09537851,0.3803533,0.52426815
hausa,"Dr. Mamman Shata ya fito a wani shahararren fim na ƙasar hausa, kuma ya taka babbar rawa.",nei,nei,0.3299232,0.16794695,0.50212985
hausa,Babban ɗan Dahiru Usman Bauchi ya na gudanar da tafsirinsa a masallacin tudun-wada a Kaduna.,refutes,supports,0.63133943,0.16813484,0.20052576
hausa,Gwamnatin Cross Rivers ta dai na biyan ƙungiyoyin wasan ƙwallon ƙafa na maza da mata.,nei,nei,0.08290193,0.14080532,0.7762927
hausa,Atiku Abubakar ya yi takarar ɗan majalisa a shekarar alif 1991.,refutes,supports,0.881624,0.070839465,0.04753658
hausa,Shehu Shagari ya rasu bayan gajeriyar rashin lafiya a shekarar 2018.,supports,supports,0.6010782,0.13725147,0.26167035
hausa,Rijiyar kusugu tana bada ruwa ranar Talata da Asabar.,refutes,supports,0.34790996,0.31044668,0.34164336
hausa,Yara da yawa yan asalin jihar Kano sun rabauta da tallafin karatu da Barau I Jibrin ya bayar a shekarar 2025.,nei,nei,0.19323434,0.2585466,0.5482191
hausa,Manja soyayye yana sa shinkafa da dahu tai laushi,nei,refutes,0.25942877,0.45750517,0.28306606
hausa,Ba sosai ake samun mutum ya kashe kansa ba a Japan.,refutes,nei,0.17151889,0.38830885,0.44017228
hausa,"Ana yin Suya ne da naman sa, rago, ko kaza sannan a hada da gyaɗar ƙamshi, gishiri, magi, mai da sauran kayan ƙamshi.",supports,supports,0.5482905,0.32289353,0.12881601
hausa,Ado ne saka hijabi kuma ra'ayi ne ga ko wace Musulma a wannan zamanin.,refutes,refutes,0.3466826,0.3792205,0.27409694
hausa,Wasu 'yan dambe na zamani suna horar da kansu a cibiyoyin motsa jiki,nei,nei,0.10329984,0.15013656,0.7465636
hausa,Mele Kyari ya wakilci Najeriya a ƙungiyar ƙasashe masu arziƙin man fetur a shekarar 2018.,supports,nei,0.40893456,0.17364654,0.4174189
hausa,"20 ga watan Afrilu, 2025, darajar Naira ta karye zuwa ₦1,629 kan kowacce dala a kasuwar musayar kuɗi ta Najeriya.",nei,supports,0.53361374,0.21671668,0.24966954
hausa,"Ɗaya daga cikin hikimomin Marigayin Dr. Mamman Shata shi ne iya ƙirƙirar waƙa a lokacin da ya ga dama. Misali, waƙar da ya yi ta Dajin-runhu.",supports,supports,0.57118404,0.10459616,0.3242198
hausa,Yaƙin basasa na Biafara da aka yi loƙacin Janar Yakubu Gawon ya sa ake zarginsa da aikata ta'addanci ga dan adam.,supports,supports,0.43018475,0.19489649,0.37491876
hausa,An saukar da Attaura ne ga wasu mutane dake rayuwa a kasar Sin.,nei,refutes,0.26781827,0.5282365,0.20394522
hausa,Ana aikin Hajji ne a ƙarshen shekarar musulunci.,nei,supports,0.5237005,0.19076476,0.28553477
hausa,Mahaifiyar Sheikh Qaribullah Sheikh Muhammad Nasir Kabara tana son cin tuwo da miyar kuka,nei,nei,0.29501936,0.22070779,0.48427284
hausa,Ahmad al-Tijani ya kafa tsarin Tijjaniyya a cikin 1737,refutes,supports,0.8029738,0.15715168,0.03987448
hausa,Ba a taba yin sarki ɗan kasuwa a garin Kano ba.,refutes,supports,0.36994728,0.3353165,0.29473618
hausa,Sheikh Qaribullah ya auri mata uku yana da shekaru ashirin da uku.,refutes,supports,0.5982126,0.21177322,0.19001414
hausa,"Miyar gyaɗa tana da shahara a Gabashin Najeriya da sauran yankuna, kuma ana iya ci da taliya ko nama.",supports,supports,0.4252583,0.34197277,0.23276901
hausa,Mabiya ƙungiyar addini ta izala sun fi yawa a arewacin Najeriya.,nei,nei,0.176319,0.22981915,0.5938618
hausa,Ana yin noman rani ne bayan ruwan sama ya ɗauke.,supports,refutes,0.328053,0.34525737,0.3266896
hausa,Kasashen duniya da dama suna da alaƙa mai kyau da Amurka.,nei,nei,0.15371908,0.18481198,0.6614689
hausa,"Shan agwaluma yana ƙara ƙarfin garkuwar jiki saboda yawan Vitamin C da yake dauke da shi, musamman ga mata masu ciki.",supports,supports,0.46887848,0.2991239,0.23199761
hausa,"Wasa ƙwaƙwalwa da kacici-kacici sun bambamta, a farkon wasa ƙwaƙwalwa ana cewa ""wasa wasa"" a farko.",refutes,supports,0.3750475,0.25605765,0.36889485
hausa,Mabiya addinin shi'a su na da karanci a Nigeria idan aka kwatanta su da 'yan darika.,nei,nei,0.2310481,0.2184453,0.5505066
hausa,Ana iya yin alwala da kowanne irin ruwa.,refutes,refutes,0.29962236,0.5098259,0.19055176
hausa,Jami'an gwamnati da yawa ba su bi ƙa'idar korona ba lokacin da aka yi jana'izar Abba Kyari.,supports,nei,0.32101652,0.13389829,0.5450852
hausa,Muhammad Bello Yabo malami ne na ahlussunah da ke garin Sokoto.,nei,supports,0.70863926,0.20716648,0.084194206
hausa,Ana zargin jami'an tsaron Najeriya da cin zarafi da gallazawa fararen hula.,supports,nei,0.2690149,0.16370304,0.5672821
hausa,Najeriya ƙasa ce da ta ke da ƙabilu daban-daban.,nei,nei,0.32058156,0.21416804,0.4652504
hausa,Jihar Katsina na fama da matsalar tsaro sosai.,nei,nei,0.16847049,0.14416866,0.6873608
hausa,Gwamnatin Najeriya ta nuna kin amincewarta da cutar korona.,refutes,nei,0.25421882,0.16251059,0.5832706
hausa,Zargin rashin bin doka da oda ce ta sa aka cire Sunusi Lamido daga sarautar Kano.,supports,nei,0.16101012,0.22484735,0.6141425
hausa,"A bikin Durbar ana murna sosai, har akan baiwa yara kyaututtuka",supports,nei,0.08557637,0.19018243,0.7242412
hausa,Ahmed Musa ya zura ƙwallaye biyu a wasan Najeriya da Argentina a gasar cin kofin duniya ta 2014.,supports,nei,0.22430629,0.17914951,0.5965442
hausa,Gwamnoni da yawa sun hana sallar idi a jahohinsu loƙacin cutar annobar numfashi.,supports,nei,0.15885039,0.09548917,0.7456605
hausa,Al-Qur’ani shine littafi na biyu da Allah ya saukar.,refutes,supports,0.5704671,0.3438799,0.08565295
hausa,Shugaban kasa Muhammadu Buhari ya je ziyarar aiki kasar China a shekar 2016.,nei,nei,0.15439014,0.3773785,0.4682314
hausa,Sanƙarau cuta ce da ake samunta a kasashen larabawa kawai.,nei,refutes,0.25272584,0.49523908,0.25203508
hausa,Akwai fahimtar juna sosai tsakanin malaman sufaye da Abubakar Gumi.,refutes,nei,0.24476725,0.2741908,0.48104197
hausa,Fasaha da hikimar da ke cikin waƙoƙin Mamman Shata yasa ake nazarinsu a makarantu.,nei,nei,0.40836573,0.13717927,0.45445508
hausa,Gidan shaƙatawa na kainji ya na da filayen wasanni na kwallo daban-daban.,nei,nei,0.24024941,0.2090792,0.55067134
hausa,Sallar Karama ta fi girma fiye da Sallar Idi Babba .,refutes,refutes,0.33389506,0.48221892,0.18388602
hausa,Binciken likitoci ya nuna cewa ba a warkewa daga cutar sikila.,nei,supports,0.44025928,0.30944183,0.25029886
hausa,Kano gari ne da ke da manyam malaman addinin musulunci da suka shahara a fannoni daban-daban.,nei,supports,0.45532307,0.30304244,0.24163456
hausa,Jama'a sun sha wahala sosai lokacin da aka kafa dokar hana sallah a jihohin Nijeriya saboda cutar annobar numfashi.,nei,nei,0.16301447,0.1130691,0.7239165
hausa,Najeriya ta samu tallafi daga ƙasashen turai sosai lokacin annobar korona.,nei,nei,0.20227014,0.1653582,0.63237166
hausa,yan wasan na iya amfani da Shots iri-iri lokacin hari da lokacin tsaro a wasan ƙwallon kwando.,supports,refutes,0.119280115,0.50499856,0.37572137
hausa,An yiwa Mohammad Salman shaidar cewa shi mai son wasa da yara ne.,refutes,nei,0.3044353,0.3170953,0.3784694
hausa,Mahaifiyar Sheikh Qaribullah Sheikh Muhammad Nasir Kabara ta rasu bayan ƴan mintuna kaɗan da haihuwarsa a ranar 17 ga watan Fabrairun shekarar 1959.,nei,supports,0.8737465,0.077513695,0.048739843
hausa,Wasu mutane suna ƙara kayan ƙanshi kamar tafarnuwa ko ganye na musamman a Awara don ƙara ɗanɗano.,nei,nei,0.33091775,0.25893727,0.41014495
hausa,Yaren turanci shine ya fi zama dalilin da waƙoƙin zamani suka bunƙasa.,nei,nei,0.22271228,0.26403236,0.51325536
hausa,Masarautar Kano da ta rabu zuwa gida 5 bayan rasuwar Ado Bayero.,nei,nei,0.30155843,0.2217918,0.47664976
hausa,Abubakar Rimi ya fita daga jam'iyyar Redemption Party (PRP) ya koma jam'iyyar (NPP) a shekarar 1983.,supports,supports,0.89187586,0.072571434,0.035552762
hausa,Kungiyar boko haram ta kasance tana kashe mutane musamman a yankin Maiduguri da Yobe.,nei,nei,0.20708515,0.23842102,0.5544938
hausa,Zugurma Game reserve wurin shaƙatawa ne da aka gina a cikin Kainji.,supports,supports,0.45894834,0.3747964,0.16625531
hausa,Raƙumi na daga cikin manya hallitu da ke iya rayuwa a tsananin sahara wanda ba duka halittu za su iya jurewa ba. Kuma ya zama mai hidima ga al'ummar dake rayuwa a wannan ɓangare na tsananin sahara.,supports,supports,0.82100004,0.09151087,0.087489106
hausa,Najeriya ta buga wasan farko a gasar cin Kofin Afirka a shekarar 1963,nei,supports,0.6202068,0.15652715,0.22326612
hausa,Mutane da yawa sun rasa rayukansu sakamakon annobar korona.,nei,nei,0.3324017,0.14031625,0.52728206
hausa,"A Afirka, goro yana da muhimmanci a al’adu, ana amfani da shi wajen bukukuwan addini, azurta al’amuran zumunta, da wajen ƙulla yarjejeniyar aure.",supports,supports,0.49096882,0.19786873,0.31116244
hausa,Zuwan turawan mulkin mallaka ya taimaka wurin musuluntar sarakunan gargajiya na Kano.,refutes,nei,0.15989535,0.21685916,0.6232455
hausa,Sule Lamido na daga cikin gwamnonin da suka raya jihar jigawa sosai a zamanin mulkinsu.,nei,nei,0.33253595,0.15070301,0.51676106
hausa,Sheikh Ahmad sulaiman ya samu ƙwarewa wurin rera waƙar yabo.,refutes,nei,0.26075673,0.15837193,0.58087134
hausa,"A fannin kiwon dabbobi, Sakkwato ita ce ta biyu.",supports,supports,0.4402778,0.24228932,0.31743282
hausa,Ana samun malamai da ke digiri har na uku a fannin hadisi,nei,nei,0.2717229,0.20329738,0.5249797
hausa,Mutane na jindaɗin karanta littattafan da Usman Dan Fodiyo ya rubuta.,nei,supports,0.544582,0.119191974,0.33622605
hausa,Mutane da dama sunyi alhinin mutuwar Muhammad Auwal Albaniy Zariya.,nei,nei,0.20188594,0.15725036,0.6408637
hausa,Waƙoƙin al'adun bahaushe suna da daɗi sosai musamman na wannan zamanin.,nei,nei,0.3155274,0.20863202,0.4758406
hausa,Goge na ɗaga cikin kayan kida da ake amfani da su a Afrika ta Yamma.,supports,refutes,0.25975645,0.37794498,0.3622986
hausa,Malamin yace Al-Qur’ani yana ƙunshe da darussa na shari’a da suka shafi rayuwar yau da kullum da zamantakewa,nei,supports,0.63479125,0.12864329,0.23656549
hausa,"Sanin zantukan karin magana, kacici-kacici da hikayu, ba wata alama ce ta kasancewar mutum bahaushe ne.",nei,supports,0.4812301,0.31595755,0.20281227
hausa,Bara wata sana'a ce da ta keɓanta ga ƙananan yara kawai.,refutes,nei,0.18620342,0.28812918,0.5256674
hausa,Garin Mambila ya na da mazauna daga ƙabilu daban-daban wanda su ka zo don yin kasuwanci.,supports,supports,0.44955894,0.104130484,0.44631058
hausa,Alkaki wani abun wasan yara ne.,refutes,nei,0.1178251,0.43884453,0.44333044
hausa,"Saka hijabi ba ra'ayi bane, wajibi ne ga ko wace Musulma kuma a ko wane zamani ne, saboda haka duk wata Musulma balagaggiya mai hankali sai ku kula hijabi ba ado.",supports,refutes,0.27998093,0.42869562,0.29132342
hausa,Sarauniya Amina ba ta taɓa yin yaƙi ba a loƙacin sarautarta.,refutes,nei,0.36051905,0.118553944,0.52092695
hausa,Matar Sheikh Qaribullah ta cinye gasar a ranar asabar,nei,nei,0.17726034,0.33058605,0.4921536
hausa,ƙungiyar JIBWIS tana kawo sabbin tsari a wasu fannoni na addini,refutes,nei,0.16100164,0.19485772,0.6441406
hausa,Bikin Durbar ba ya faruwa a duk ƙarshen shekara,refutes,nei,0.13670184,0.14233984,0.7209583
hausa,A shekarar 2022 America ta fara ƙera motoci masu amfani da diesel.,nei,nei,0.28070393,0.34884042,0.37045565
hausa,Ma su arziƙi za su iya karɓar zakka don su ƙara jari.,refutes,nei,0.3320506,0.10605556,0.5618938
hausa,Mata na yin sana'ar ɗinki domin tallafawa kansu duk da abinda ake samu baya isarsu.,supports,nei,0.11484127,0.16348362,0.7216751
hausa,Kwallon ƙafa na daga cikin wasanni da su ke kawo haɗin kai tsakanin matasa.,nei,nei,0.12705608,0.1452869,0.727657
hausa,Kamfanin Ideanomics na America shi ne ya samar da Taraktar lantarki.,supports,refutes,0.21151344,0.5417065,0.24678008
hausa,Chukwuma Kaduna Nzegwu ya yi karatu a jami'ar Ahmadu Bello da ke Zariya,nei,supports,0.66808665,0.113219604,0.2186938
hausa,"Hanyar haɗa Alkaki tana buƙatar nika alkama, haɗawa da madara da mai, da soya shi a hankali.",supports,refutes,0.42387125,0.45258614,0.12354265
hausa,Senaya ya ce direban motarsu ne ya tserar da su daga harin da aka kai mu su.,refutes,nei,0.26351917,0.28097558,0.45550522
hausa,An kori ma'aikatan lafiya sama da 200 a zamanin mulkin Nasir El-Rufa'i.,nei,nei,0.19922116,0.17665659,0.62412226
hausa,Ana kamuwa da cutar mura ta hanyar cin naman tsuntsaye masu cutar a cewar Dakta Tyrell.,nei,supports,0.476744,0.35638514,0.16687082
hausa,Shinkafa da wake da masara na daga cikin kayan abincin da aka fi nomawa loƙacin rani.,nei,refutes,0.32009566,0.39787135,0.282033
hausa,Najeriya na fama da rashin tsaro sosai na tsawon lokacin wanda har yanzu ba a iya magance shi ba,nei,nei,0.16156648,0.18086816,0.65756536
hausa,Wasu ƙasashen musulmi suna gudanar da bukin Maulidi tare da shirya baituka da waƙoƙi na yabo ga Annabi,nei,nei,0.269106,0.11661257,0.6142814
hausa,Muhammadu Buhari ya shafe tsawon shekaru 8 yana mulkin Najeriya.,nei,nei,0.41508207,0.1495932,0.43532473
hausa,Gwamnati ta na bawa yan ƙasa da su ka yi fice a fannoni daban-daban na rayuwa lambar girmamawa.,nei,nei,0.15012857,0.107636,0.7422354
hausa,Aminu Kano ya bawa turawan mulkin mallaka haɗin kai sosai loƙacin da su ka shigo Najeriya.,refutes,nei,0.13136294,0.11091244,0.7577246
hausa,Mata na samun kuɗi sosai a sana'ar ɗinki.,refutes,nei,0.087484404,0.11483478,0.79768085
hausa,Audu Bako ya bawa Yusuf Maitama Sule muƙamin kwamishina a gwamnatinsa.,supports,nei,0.3355608,0.21528406,0.44915512
hausa,Rochas Okorocha ya gina makarantu a dukkan jihohin arewa.,nei,nei,0.107737355,0.19128774,0.7009749
hausa,Acikin miyoyin da suka fi shahara a Arewacin Najeriya akwai miyan taushe,supports,refutes,0.0579113,0.74151754,0.20057115
hausa,Turawan mulkin mallaka sun bawa ƙasar Najeriya 'yancin kai a shekara ta 1960.,supports,supports,0.7158873,0.11442021,0.16969247
hausa,Ana zargin 'yan bindiga dadi da kisan mutane lokacin da aka saka dokar hana zirga-zirgar jama'a.,refutes,nei,0.20907341,0.20468,0.5862466
hausa,Malamin yakan fita da safe domin ya koyawa yaran ilimin komfuta.,nei,nei,0.2896044,0.20533113,0.5050645
hausa,"Agwaluma na iya yin itace mai tsawo har zuwa mita 15, kuma itacen na fure a lokacin damina kafin ya fara yin ‘ya’yan itace.",nei,supports,0.49155706,0.38181254,0.12663038
hausa,Mahaifiyar Sheikh Qaribullah Sheikh Muhammad Nasir Kabara ta rasu bayan ƴan mintuna kaɗan da haihuwarsa a ranar 1 ga watan Fabrairun shekarar 1990.,refutes,supports,0.854522,0.085052304,0.060425714
hausa,Sule Lamido bai taɓa shiga hannun hukumar EFCC ba.,refutes,nei,0.19211042,0.2002856,0.60760397
hausa,Ado Bayero ya yi kasuwanci da aiki a banki kafin za zama sarkin Kano.,supports,supports,0.46550217,0.21359678,0.3209011
hausa,Bello Matawalle ya musanta sauyin sheƙarsa zuwa jam'iyyar APC jim kaɗan bayan fitowar labarin daga bakin Bashir Ahmad.,refutes,supports,0.48317978,0.11222925,0.4045909
hausa,Jihar Zamfara na fama da matsalar tsaro da har yanzu gwamnati ta kasa magancewa.,nei,nei,0.1813972,0.12522034,0.6933825
hausa,An yi yaƙin basasa na Biyafara ne a loƙacin mulkin Janar Yakubu Gawon.,supports,refutes,0.3312514,0.33995584,0.32879272
hausa,Yaran Ibrahim Zakzaky sun kashe sojoji 25 a Zaria a shekara ta 2014.,refutes,nei,0.32906958,0.16565777,0.5052726
hausa,"Zaki, Kura, giwa da jimina na daga cikin dabbobi da ake samu a gidanjen shaƙatawa na namun daji.",supports,supports,0.6184804,0.19976573,0.18175383
hausa,Tsohon shugaban ƙasar Gambiya Yahya Jemmeh ya shafe shekaru 22 a kan mulki.,supports,supports,0.53984934,0.14424546,0.31590518
hausa,Alwala bata inganta sai da ruwa mai tsarki mai tsarkakewa.,supports,refutes,0.3577516,0.54484576,0.097402684
hausa,Dambe wasa ne na rukuni mai sauƙi wanda akeyi da ƙwallon ƙafa,refutes,refutes,0.1421328,0.4584444,0.39942276
hausa,Hukumar EFCC ta tuhumi Sule Lamido bisa satar kuɗin gwamnati a shekarar 2015.,supports,nei,0.36495495,0.17821878,0.4568263
hausa,Yan majalisar sun ce su wakilan jama'a ne don haka suna da ikon yin ƙarin ayyuka a cikin kasafin.,supports,nei,0.18361583,0.1599598,0.65642434
hausa,Abubakar Gumi ya na da dalibai sosai a duk faɗin yankin arewancin Nigeria,nei,nei,0.25985104,0.1343712,0.60577774
hausa,An gina dama-damai a Kano domin a bunƙasa noman rani.,nei,nei,0.17642412,0.18126869,0.64230716
hausa,Mazhabar Imam Malik ta samu karɓuwa a yankin Afrika ta yamma.,nei,supports,0.51033574,0.20791093,0.2817533
hausa,Shehu Shagari ya yi mulkin ƙasar Najeriya a loƙacin da ya kai muƙamin janar na soja.,refutes,supports,0.73854166,0.095406905,0.16605143
hausa,Isah Ali Ibrahim Pantami ya ci gaba da yin tafsiri bayan ya zama minista sadarwa na Najeriya.,nei,supports,0.7587203,0.08153179,0.15974791
hausa,Yan sanda na taimakawa mutane wurin kaiwa baƙi hari.,nei,nei,0.12108313,0.30068314,0.5782337
hausa,Mutane sun fita hawan sallah da asuba.,nei,nei,0.12834668,0.22594677,0.64570653
hausa,Ruwan sama da ba a saba gani ba ya zubar da tsagwaron ruwa a yayin da tuddan yashi suka cika a sahara.,nei,supports,0.42246866,0.30893886,0.26859245
hausa,Salon yadda Rabi'u Musa Kwankwaso ya yi mulkinsa ya sa talakawa da yawa su ke son shi.,nei,nei,0.10450848,0.08019178,0.8152997
hausa,"Salon iya furta kalmomin da sanin zantukan karin magana, kacici-kacici da hikayu, alama ce ta kasancewar mutum bahaushe ne, kuma ""Gagara Gwari"".",supports,supports,0.70529735,0.17922732,0.11547533
hausa,Mutanen da suke amfani da miyan kuka basirar su ta fi ta wadanda ba su amfani da miyar.,supports,refutes,0.14032847,0.5545267,0.30514488
hausa,Kuɗi ne kawai ake fitarwa da zakka kamar yadda ya zo a cikin al-kur'ani.,refutes,supports,0.65248156,0.28303334,0.06448513
hausa,Jam'iyyar PDP ce ta fi kowacce jam'iyyar siyasa riƙe kujerar shugabancin ƙasar Najeriya.,nei,nei,0.3769274,0.2024667,0.42060584
hausa,Alkaki ba a haɗa shi da sinkafa da suga sai a dafa.,refutes,refutes,0.38608083,0.4953027,0.11861648
hausa,"Kafin zamanin mulkin mallaka, an rushe kasuwar kurmi.",refutes,supports,0.5202761,0.18722685,0.29249695
hausa,Garin Mambila suna noma ganyayyakin shayi kala daban-daban.,supports,nei,0.15033129,0.38237602,0.46729273
hausa,Kamfanin Apple na ƙera kayanta a ƙasar Kenya.,refutes,nei,0.17790923,0.26421806,0.5578727
hausa,Dambe galibi ana yin shi ne a lokutan bukukuwa da nishaɗi,nei,nei,0.31309026,0.3062897,0.38062006
hausa,Jam'iyyar APC ce ta tsayar da Sule Lamido takarar gwamnan jigawa a shekarar 2007.,refutes,supports,0.7750755,0.13185051,0.09307405
hausa,Rabe-raben musulmi bai haifar da faruwar Shi’anci nan take ba.,refutes,supports,0.5086605,0.33081245,0.16052704
hausa,Agwaluma ana amfani da shi ne kawai a matsayin kayan shafa fuska.,refutes,refutes,0.23973346,0.637351,0.1229156
hausa,Kaulaha ta kasan ce babban birnin da Dahiru Bauchi ya ke yawan zuwa ziyara.,nei,nei,0.20113611,0.32842666,0.47043717
hausa,Abubakar Tafawa  Balewa ya riƙe muƙamin ministan Ayyuka da kuma Sufuri.,supports,supports,0.82326573,0.0950467,0.0816875
hausa,Sunna na nufin abinda Annabi (S.A.W) ya yi ko aka yi a gabansa bai hana ba.,supports,supports,0.47722352,0.37504235,0.14773408
hausa,Yan kasuwa ne ke mallakar kamfanin zuba jari da kayan gida da ke jihar Kano.,refutes,nei,0.15492468,0.34972686,0.4953485
hausa,Bikin Durbar ba shi da tarihi a Najeriya saidai a ingila,refutes,refutes,0.12258818,0.45554566,0.42186618
hausa,Usman Dan Fodiyo ya kasance mutum mai kyakkyawan hali kuma yana da ilimi.,nei,supports,0.6648902,0.12722294,0.20788686
hausa,Abubakar Gumi mutun ya kasance daya daga cikin malaman Izala da ake alfahari da su.,nei,nei,0.26070967,0.3104963,0.42879397
hausa,Farar shinkafa idan an dafa tana dauke da furotin 29%,refutes,refutes,0.24003384,0.5293359,0.23063022
hausa,Kungiyar Izala ce ta haifar da kungiyar muslim brothers dake Zaria.,refutes,nei,0.18634364,0.4066308,0.40702558
hausa,Yaƙin basasa na Biafara ya yi sandiyyar rusa Najeriya.,refutes,nei,0.26465356,0.21818,0.51716644
hausa,Sallah ta na cika ne idan mutum ya karanta fatiha a cikin kowacce raka'a.,nei,supports,0.5909688,0.24119166,0.16783963
hausa,Bikin argungun yana jan hankalin masu yawon buɗe ido,nei,nei,0.10921908,0.096745364,0.7940356
hausa,Musulmai na halartar Maulidi a ranar 12 ga watan Rabi’ul Awwal don nuna farin ciki da tunawa da haihuwar Annabi Muhammad (SAW).,supports,supports,0.5797493,0.11442205,0.30582866
hausa,An zaɓi Ibrahim Babangida a matsayin shugaban ƙasa a shekarar 1985.,refutes,supports,0.8711811,0.07149869,0.057320207
hausa,"An samo sunan ""Naira"" daga kalmar “Nigeria” kuma Shehu Shagari ya ƙaddamar da Naira a matsayin ministan kuɗi a shekarar 1973.",supports,supports,0.87309676,0.09352083,0.03338241
hausa,Okafor ta ji haushe sosai yayin da ta fahimci Gwamnatin Jihar Cross River ta ci gaba da biyan 'yan wasan ƙwallon ƙafa maza amma banda mata.,supports,nei,0.120616466,0.09869975,0.78068376
hausa,Tuwon kyakkyawan abunci ne mai taurin tsiya aka shirya daga shinkafa ta gida wanda yake da tauri,refutes,refutes,0.27032787,0.57340914,0.15626298
hausa,An bawa Isah Ali Ibrahim Pantami muƙamin ministan sadarwa a loƙacin da Buhari ya ci zaɓensa karo na biyu.,supports,supports,0.47018135,0.1821896,0.34762904
hausa,Bahaushe ba ya amfani da karin magana a cikin zancensa.,refutes,refutes,0.34974337,0.42798916,0.22226746
hausa,Ahmed Musa ya taka leda a kulob-kulob da dama a Turai,nei,nei,0.108138375,0.23760124,0.6542604
hausa,Dafaffiyar farar shinkafa tana dauke da 29% carbohydrate da kuma furotin 2%,supports,refutes,0.36342886,0.48937854,0.14719263
hausa,Hatsarin mota ne yayi sanadiyyar mutuwar Murtala Muhammad a Legas.,refutes,nei,0.22514582,0.21673198,0.5581222
hausa,Yanayin noman rani da damina duk ɗaya ne.,refutes,nei,0.2203826,0.38267604,0.39694133
hausa,Ana iya cin ƙuli-ƙuli ta hanyoyi daban-daban kamar haɗawa da garin rogo ko bazan-ƙwaila.,supports,supports,0.6205364,0.18939927,0.19006434
hausa,Ado Bayero ya rasu a shekarar 2014 bayan ya shafe sama da shekaru 50 ya na mulki.,supports,supports,0.83865565,0.06112395,0.10022037
hausa,yaƙi shine babbar hanyar da sarakunan gargajiya suka yi amfani da shi wurin faɗaɗa karfin mulkinsu.,nei,nei,0.25125906,0.19324493,0.55549604
hausa,Cibiyar Darul Hadith ta na da islamiyya ta matan aure da kananan yara.,nei,supports,0.5660877,0.2589682,0.17494406
hausa,ƙuli-ƙuli ba a iya cin sa tare da garin rogo.,refutes,supports,0.450607,0.38675082,0.16264221
hausa,Ba duk abinda annabi ya faɗa ba ne yake zama hadisi.,refutes,refutes,0.27372357,0.58575994,0.14051653
hausa,Batun shugabanci a Musulunci yana da tasiri a kan yadda ake gudanar da addini a yau.,supports,supports,0.40983257,0.24260771,0.34755972
hausa,Mutumin da ake binsa bashi da matafiyi da guzurinsa ya ƙare na cikin waɗanda ake basu zakka.,supports,supports,0.52404034,0.26685935,0.20910032
hausa,Bincike ya nuna cewa samun tafkin Tiga ya fitar da mutane da yawa daga talauci ta hanyar samar mu su da sana'oi daban-daban.,supports,nei,0.14429584,0.22440362,0.63130057
hausa,Agwaluma na taimakawa wajen rage alamun zazzabi da kuma inganta lafiyar jiki yayin cututtuka masu alaƙa da malaria.,supports,supports,0.52042156,0.29996789,0.17961045
hausa,Yahudawa aka aikowa Alƙur'ani mai tsarki.,refutes,supports,0.68577445,0.23194389,0.082281746
hausa,Turawa suna son cin burodi.,nei,nei,0.10804155,0.283159,0.60879946
hausa,Sheikh Abubakar Ikara ya jagoranci Izala kafin Bala Lau.,supports,supports,0.35596335,0.32226035,0.3217763
hausa,Mahaifiyar Sheikh Qaribullah Sheikh Muhammad Nasir Kabara ta rasu bayan ƴan mintuna kaɗan da haihuwarsa a ranar 1 ga watan Fabrairun shekarar 1990.,nei,supports,0.854522,0.085052304,0.060425714
hausa,"Dambe wasa ne mai ƙarfi da fasaha wanda Hausawa ke gudanarwa a Najeriya, inda 'yan dambe ke fafatawa don rinjayar juna.",supports,nei,0.21946615,0.13978057,0.6407532
hausa,An ƙirƙiri dokokin farko na ƙwallon kwando da hannu 13 kawai,nei,nei,0.1604735,0.38370344,0.45582303
hausa,"Masara, dawa, shinkafa da gero na cikin kayan da manoma ke shukawa don siyarwa su samu kuɗi.",nei,nei,0.28332,0.33688816,0.37979183
hausa,Duk abinda aka aikata a gaban Annabi (S.A.W) ya zama sunna.,refutes,refutes,0.43277547,0.43559095,0.13163354
hausa,Yara su na jindaɗin zuwa gidan namun daji musamman loƙacin yawon sallah.,nei,nei,0.19340107,0.08834295,0.718256
hausa,Ana so Malamai su dauki tsawon fiye da wanni uku suna bada ilimi.,refutes,nei,0.15447369,0.2484731,0.59705323
hausa,Hukumar zaɓe zata raba manyan rumfunan zaɓe gida biyu saboda samun saukin gudanar jefa kuri'u.,supports,nei,0.26089177,0.29110104,0.44800723
hausa,Bello Matawalle ɗan siyasa ne wanda a yanzu ke riƙe da muƙamin minista a gwamnatin Bola Ahmad Tinubu.,nei,supports,0.63660306,0.08540756,0.27798942
hausa,Maza da mata da yawa sun kawo kawunan macizai,nei,nei,0.10010906,0.1450452,0.75484574
hausa,Ya halarta ayi sallah guda biyu da alwala ɗaya.,nei,nei,0.2552476,0.29905605,0.44569635
hausa,Ana yawan samun laifukan cin zarafi da manyan 'yan ƙasa ke yiwa mata.,nei,nei,0.15422226,0.19366649,0.6521113
hausa,An ƙaddamar da shirin fitar da matasa karatu ƙasar waje a loƙacin mulkin Rabi'u Musa Kwankwaso na biya a Kano.,nei,nei,0.20967585,0.1172747,0.67304945
hausa,Mutune za su jefa ƙuri'a da zarar an gama tantance su ba tare da wani jinkiri ba a zaɓen 2019.,supports,nei,0.27360082,0.15480617,0.57159305
hausa,Mahaifiyar Sheikh Qaribullah Sheikh Muhammad Nasir Kabara ta rasu bayan ƴan mintuna kaɗan da haihuwarsa a ranar 17 ga watan Fabrairun shekarar 1959.,supports,supports,0.8737465,0.077513695,0.048739843
hausa,Sunusi Lamido Sunusi ya kasance mutum mai yaƙi da cin hanci da ake yi a gwamnati.,nei,nei,0.32580435,0.19998021,0.47421548
hausa,An haifi Mele Kyari a garin Biu da ke Yobe.,nei,supports,0.5369229,0.15200263,0.3110745
hausa,Hausawa suna amfani da gyaɗa wajen haɗa ƙuli-ƙuli da wasu nau’ikan abinci ba wai miyar gyaɗa ba kawai.,nei,supports,0.42304903,0.29197085,0.28498015
hausa,Nasir El-Rufa'i ya fuskanci ƙalubale sosai daga kudancin Kaduna loƙacin da ya ke gwamna.,nei,nei,0.2029947,0.06963747,0.7273678
hausa,Muhammad Auwal Albaniy Zariya ya ɗauki tsawon shekaru da dama ya na koyarda littattafan addinin musulunci.,supports,supports,0.6309235,0.13520262,0.23387384
hausa,Atiku Abubakar ya yi takarar gwamna a jihar Gongola a shekarar alif 1990.,supports,supports,0.8750916,0.07668911,0.048219327
hausa,Mata na iya zuwa aikin hajji ba tare da muharrami ba.,refutes,nei,0.32689193,0.28983548,0.3832726
hausa,Halin matsin rayuwa da Chinenye Okafor ta tsinci kanta sakamakon rashin albashi ne ya sa ta koma sana'ar kitso da gyaran gashi.,supports,nei,0.21183786,0.084581144,0.703581
hausa,Sheikh Abdullahi Uwais sannan likitan zuciya ne a garin Kano.,nei,supports,0.5295929,0.22363544,0.24677163
hausa,Mahaifiyar Sheikh Qaribullah Sheikh Muhammad Nasir Kabara tana son cin tuwo da miyar kuka,nei,nei,0.29501936,0.22070779,0.48427284
hausa,Muhammad Bello Yabo ya riƙe muƙamai da yawa ciki harda daraktan kuɗi na ma'aikatar ilimi ta Sokoto.,supports,supports,0.6029983,0.14994784,0.24705385
hausa,Gidan matar shugaban ƙasa Stella Obasanjo na cikin gidajen da aka rushe loƙacin Nasir El-Rufa'i ya na minister saboda an gina su ba bisa ƙa'ida ba.,supports,nei,0.32119265,0.115778185,0.56302917
hausa,Sojoji ne suka hamɓarar da gamnatin Shehu Shagari a shekarar 1983.,supports,supports,0.8210193,0.10941066,0.06957011
hausa,Mata a Najeriya su na da 'yancin kai fiye da sauran matan duniya.,refutes,nei,0.1140456,0.117216796,0.7687376
hausa,Umaru Musa 'Yar'adua ya na fita ƙasar Ingila domin duba lafiyarsa.,nei,nei,0.37059975,0.11526723,0.51413304
hausa,An zaɓi Umaru Musa 'Yar'adua a matsayin ɗan takarar gwamna a shekara ta 2006.,refutes,supports,0.8719339,0.06960835,0.058457762
hausa,Amfani da fitulun titi masu amfani da hasken rana na ɗaya daga cikin hanyoyin da ake amfani da ita wurin inganta tsaro.,supports,nei,0.22530226,0.31352615,0.4611715
hausa,Yana da kyau mutane su ke kwanciya a ɗakuna da ke da wadatattun tagogi don gujewa kamuta da cutar sanƙarau.,nei,nei,0.33916998,0.10669533,0.55413467
hausa,Adadin musulmai a duniya bai kai miliyan daya ba.,refutes,refutes,0.2666385,0.41736934,0.3159922
hausa,"Yawancin waƙoƙin zamani suna ƙara haɓaka, kuma mawaƙa suna ba da gudummawa ga haɓakar harshe da amfani na harsunansu.",supports,nei,0.26895285,0.12458484,0.60646236
hausa,Ibrahim Zakzaky ya rasa 'ya'yansa guda 3 a sanadiyyar wani tashin hankali da ya faru tsakanin 'yan shi'a da sojoji a garin Zaria.,supports,nei,0.39372057,0.12576236,0.48051703
hausa,Ana lissafa gidan namun dajin Kano cikin waɗanda su ka fi kowanne gidan namun daji a Najeriya.,supports,supports,0.44035348,0.22713178,0.33251467
hausa,Masu garkuwa da mutane sun matsanta kai hare-hare a ƙauyukan Katsina.,nei,nei,0.22873779,0.16678636,0.60447586
hausa,Ana ƙiran yara da manya da su ke bara kuma ba sa ƙarƙashin wata makaranta da sunan mabarata.,supports,nei,0.2972574,0.12992492,0.5728177
hausa,An samar da gidan namun daji a Kano a shekarar alif 2000.,nei,supports,0.6659248,0.27569768,0.05837756
hausa,Burin kowanne manoni shi ne ya mallaki taraktar lantarki don bunƙasa harkar nomansa.,nei,nei,0.17690933,0.20873378,0.61435694
hausa,Duk farkon damuna manoma na yin amfani da lauje wurin cire ƙiraren ciyawa da suka bushe.,nei,nei,0.28619987,0.24235189,0.47144824
hausa,"Kokon Hausa yana amfani da gero wanda yakeda sinadarai da yawa ciki har da Magnesium, Manganese.",supports,refutes,0.3542982,0.57816756,0.06753424
hausa,Ba kowane yaro ne a ƙauyen Goda yake samun raɗin suna ba,refutes,nei,0.29555723,0.31136924,0.39307356
hausa,"Dambe ya samo asali ne daga al’adun gungun mahauta, wadanda su ne ke shiga gasa, suna ƙalubalantar sauran maza a yankinsu.",supports,nei,0.3165156,0.17349023,0.5099942
hausa,"Hannafiyya, Malikiyya, Shafi'iyya da Hambaliyya su ne manyan mazhabobin fikuhu a musulunci. ",nei,supports,0.60526985,0.30484644,0.08988368
hausa,Sir Ahmadu Bello bai samu shiga majalisar ƙasa a shekarar 1949 ba.,nei,supports,0.85245353,0.09230411,0.05524233
hausa,Muhammadu Buhari ya zama shugan kasa na mulkin soja yana matsayin kanal.,refutes,supports,0.40815115,0.26638237,0.32546654
hausa,Ahmed Musa bai taka leda a gasar cin kofin duniya ta 2014 ba.,refutes,nei,0.13132991,0.40411466,0.46455535
hausa,Hausa koko abu ne na yau-da-kullun a Ghana kuma ana ci da abincin gargajiya kamar ƙosai ko Akara.,supports,supports,0.38073316,0.2700786,0.34918827
hausa,"Ango a al'adar Hausawa yana da alhakin siyan kayan lefe kafin aure, sannan kayan ana kai su gidan amarya ta hannun mata.",supports,nei,0.2893538,0.20628093,0.50436527
hausa,Musulmai suna gudanar da sallar kullum sau biyar don nuna biyayya ga koyarwar Alƙur’ani.,nei,supports,0.6640545,0.1330538,0.20289172
hausa,Yawan wanda suka kamu da cutar korona ya sa dole gwamnatin jihar Kano ta rufe ɗakin gwajin cutar.,nei,nei,0.36927733,0.1591292,0.4715935
hausa,An saukar da littafin injila kamar yadda aka saukar da na Attaura.,nei,supports,0.61124194,0.335238,0.053520065
hausa,Tsarin mulkin mallaka na turawa yayi tasiri sosai wurin rage karfi da ikon sarakunan addini.,supports,nei,0.2206853,0.33803272,0.44128197
hausa,Shirin nukiliya na ƙasar irn shi ne babban dalilin da yasa Amurka ke yawan saka mata takunkumin tallalin arziƙi.,supports,nei,0.19793145,0.21765447,0.58441406
hausa,Kwarewar Imam Malik Ibn Anas a fannin ilimin addini ya sa mutane da dama suka tsane shi.,refutes,supports,0.40346473,0.2056038,0.3909315
hausa,Agwaluma yana sa tashin zuciya kuma ba shi da wani amfani ga lafiyar jiki,refutes,refutes,0.3527763,0.400712,0.24651174
hausa,Sallah ibada ce da ba a yin wata addu'a a cikinta.,refutes,supports,0.37285838,0.3083239,0.3188177
hausa,An haifi shehu Shagari a watan Mayu na shekarar 1960.,refutes,supports,0.9016219,0.06087702,0.037501127
hausa,Masanin tarihin abinci da aikin gona James C. McCann ya ba da shawarar daina yaɗa shinkafa.,refutes,supports,0.43274948,0.19970468,0.36754584
hausa,Murtala Muhammad ya kasance shugaban ƙasa da baya nuna banbanci na addini ko ƙabila ga yan ƙasarsa.,supports,supports,0.45872808,0.26653102,0.27474093
hausa,"A halin yanzu, addinin kiristanci da musulunci su ne addinai 2 da su ka fi yawan mabiya a garin Mambila.",supports,supports,0.51135606,0.2181596,0.2704843
hausa,Mamman Shata yana ɗaya daga cikin manyan mawaƙan da aka sani a ƙasashe da dama. 'Yan Arewa Ku Bar Barci na ɗaya daga cikin waƙoƙin Shata.,supports,nei,0.4376174,0.10434606,0.45803657
hausa,Trump ya na amfani da alaƙarsa da shuwagabannin duniya wurin bin son zuciyarsa don yin abinda ya ga dama.,supports,nei,0.22081941,0.21743007,0.56175053
hausa,Masana sun yi sharhin cewa Muhammadu Buhari zai ci zaɓensa na shekarar 2015 saboda yadda 'yan majalisu ke rububin shiga jam'iyyar APC.,nei,nei,0.40838182,0.09452094,0.49709728
hausa,Zaɓe shi ne babbar hanyar da 'yan siyasa ke amfani da ita wurin samun shugabancin al'umma.,nei,nei,0.27808738,0.17871913,0.54319346
hausa,"ƙwallon ƙafa an kawo ta Najeriya ne daga Birtaniya tun farkon ƙarni na 20, inda rikodin farko ya nuna an buga wasa a 1904.",supports,supports,0.6986365,0.18547046,0.11589306
hausa,Shiga yanayin damuwa na daya daga cikin dalilai da suke sa mutum ya kashe kansa.,nei,nei,0.26305363,0.214628,0.5223184
hausa,Sarakunan gargajiya na Kano sun karɓi musulunci a ƙarni na 14 zuwa na 15.,supports,supports,0.6466479,0.07337806,0.27997404
hausa,An gina kasuwar kurmi a cikin gundumar sahara.,refutes,refutes,0.39521483,0.40904152,0.19574365
hausa,Sanata Amadu Ali ya shugabanci yam'iyyar APC loƙacin mulkin Obasanjo.,refutes,nei,0.31953096,0.25705564,0.42341346
hausa,"A wasu ƙasashe, ana biyan ƙwararrun malamai kuɗi ne don su koyawa ɗalibai. Misalin malamai sun haɗa da Malaman makarantar boko, Islamiyya, Addini da dai sauransu. ",supports,nei,0.34270173,0.05585938,0.6014389
hausa,Trump ya goyi bayan 'yan kama karya a lokacin mulkinsa.,supports,nei,0.22403814,0.23976637,0.5361955
hausa,Sheikh Ja'afar Mahmud Adam sanannan malamin addini ne ɗan ƙungiyar Izala.,supports,supports,0.56046355,0.2013232,0.23821326
hausa,ƙuli-ƙuli ana iya amfani da shi a cikin girke-girken abinci daban-daban na Hausa.,supports,supports,0.53641,0.29002115,0.17356886
hausa,Tafkin Tiga na ɗaya daga cikin madatsun ruwan da aka gina a Kano don bunƙasa noman rani.,supports,supports,0.44061837,0.20575415,0.35362753
hausa,"Wasa ƙwaƙwalwa da kacici-kacici ana yin sune ta sigar tambaya ko magana a zube, sai dai kawai kacici-kacici ana cewa ""Kacici-Kacici"" a farko.",supports,supports,0.5299339,0.25374535,0.21632074
hausa,Sojojin Najeriya sun ceto manoma da kungiyar boko haram su ka yi garkuwa da su a Zabarmari.,refutes,nei,0.276538,0.19039562,0.53306633
hausa,Shugaban hukumar jami'an tsaro na farin kaya ne ya jagoranci kwamitin bincike a kan tallafin man fetur.,refutes,nei,0.20227061,0.27690127,0.5208281
hausa,Rabi'u Musa Kwankwaso ya yi gwamnan Kano sau biyu a jere.,refutes,supports,0.45794454,0.18240698,0.35964847
hausa,Ahmad Bamba ya yi kiwon shanu lokacin da ya ke karatu a Ghana.,supports,supports,0.63183254,0.1157881,0.25237936
hausa,"A shekarar 2023, an ƙiyasta cewa yawan musulmai yafi kashi 25% na mutanen duniya.",supports,supports,0.52508134,0.2153348,0.25958386
hausa,Tun da farko ministan harkokin wajen ya bada umarnin rufe hanyar,nei,nei,0.14649957,0.341441,0.51205945
hausa,Siyasa ta kasance ɗaya daga cikin hanyoyi da mutane su ke samun damar faɗin yancin ra'ayinsu.,nei,nei,0.2478805,0.0923029,0.6598166
hausa,Muhammad Bello Yabo ya riƙe muƙamin mataimakin gwamna na Sokoto.,refutes,supports,0.7021255,0.12131815,0.17655635
hausa,Gwamnatoci na bunƙasa wureren shaƙatawa a garuruwansu don samun ƙarin kuɗin shiga.,supports,nei,0.09996091,0.0591323,0.8409068
hausa,Annobar ta halaka mutum 50 da ɓarnata dukiyoyi masu yawa.,nei,supports,0.489061,0.18194395,0.32899502
hausa,Gwamnatin Najeriya ce ta bada umarnin kashe Sheikh Ja'afar Mahmud Adam.,refutes,nei,0.28354517,0.28502983,0.43142498
hausa,"Kafin zamanin mulkin soja, an kashe mutane da yawa.",nei,nei,0.27207237,0.18151051,0.5464171
hausa,Mutane sun shiga cikin wahala loƙacin da Jam'iyyar APC ta canza kuɗi.,supports,nei,0.1556613,0.1587068,0.68563193
hausa,Trump ya bayyana a kotu duk da cewa lauyoyinsa sun ba shi shawarar kar ya je.,nei,nei,0.24807407,0.19988494,0.55204093
hausa,Najeriya ba ta cikin ƙasashe masu arziƙin man fetur na duniya.,refutes,nei,0.16977744,0.25244382,0.57777876
hausa,Abba Kabir Yusuf ya zama gwamnan Kano a shekarar 2023.,supports,supports,0.5488111,0.19455536,0.25663355
hausa,Wanke hannu da shiga banɗaki a tsari na daga cikin abubuwan da ake tilastawa yara su yi don koyon tsafta.,supports,nei,0.21372227,0.11329566,0.6729821
hausa,Ruwan yayi ambaliya wacce ta kawo asarar dukiya mai dama da kuma raunuka ga mutanen garin.,nei,supports,0.40265983,0.24209316,0.35524702
hausa,An gina kasuwar kurmi a cikin gundumar Jakara.,supports,supports,0.42354706,0.33730194,0.23915106
hausa,Goodluck Ebele Jonathan ne ya yi nasara a zaben shekarar 2015 a Nigeria.,refutes,nei,0.2729118,0.15465492,0.5724333
hausa,Wayoyin kamfanin Apple sun samu karɓuwa a hannun mutane sosai.,nei,nei,0.1452354,0.13989429,0.7148703
hausa,Taɓarya ta na da muhimmanci sosai wurin yin jajjage.,nei,nei,0.27937213,0.15718326,0.56344455
hausa,Masu fama da ciwon sikila suna shan wahala sosai musamman lokacin sanyi.,nei,nei,0.29435468,0.2150284,0.49061686
hausa,"Ƙungiyar JIBWIS tana da manufofi na tabbatar da an bi tauhidi, bin sunna, watsi da bidi'o'i, girmama Annabi da sahabbansa",supports,supports,0.6030051,0.26396534,0.13302957
hausa,Sallah ibada ce da ta wajaba akan kowanne musulmi.,nei,nei,0.2210583,0.24419506,0.53474665
hausa,Muhammad Auwal Albaniy Zariya ya rasu sanadiyyar hatsarin mota.,refutes,supports,0.44139636,0.19435567,0.36424798
hausa,Gwamnatin Najeriya ta ƙulla yarjejeniyar gudanar da aikin Hajji,nei,nei,0.26691616,0.13834383,0.59474003
hausa,Ana gudanar da wasan ƙwaƙwalwa da kacici-kacici a gidan rediyon kano duk ranar asabar da yamma.,nei,nei,0.31390154,0.18463957,0.5014589
hausa,Najeriya ƙasa ce da ta ke tutiya da arziƙin man fetur.,nei,nei,0.2624477,0.2862218,0.45133054
hausa,Maza da yawa sun kawo kawunan maciji wanda sarauniyar yankin ta ba su ikon mallakar rabin garin.,refutes,nei,0.18139936,0.13750733,0.6810933
hausa,Tarakta ta diesel tana da tsada sosai.,nei,refutes,0.18325563,0.5752219,0.24152245
hausa,Sheikh Abubakar Ikara ya rayu a garin Ikara da ke jahar Kaduna.,nei,supports,0.5639868,0.1461363,0.28987694
hausa,Buhari ya aikawa Majalisar wakilai ta Najeriya wasaka kan cewa ba zai samu amsa gayyatarsu ba kamar yadda Dan majalisa Satomi Ahmed ya bayyanwa BBC.,nei,nei,0.2321002,0.1881055,0.57979435
hausa,Miyar kuka tana ƙunshe da muhimman sinadarai masu gina jiki kuma masu inganta lafiya kamar su sinadarin iron.,supports,supports,0.43964607,0.39522147,0.16513246
hausa,"A Afirka, mutane suna amfani da goro kawai wajen yin ado na kayan daƙi.",refutes,nei,0.1741108,0.24582653,0.5800627
hausa,"Malami na nufin, dukkan wani mai ilimi, sannan ya ke iya koyar da ilimin, ko kuma mutumin da yake taimakawa ta yadda wasu zasu samu ingattaccen ilimi, fasaha, ko wata daraja.",supports,supports,0.48316032,0.32367775,0.193162
hausa,Jam'iyyar PDP ta sha fama da rikicin mulki na cikin gida loƙacin da Abubakar Rimi ya ke shugabancin ta.,nei,nei,0.42631355,0.11550786,0.4581786
hausa,Sheikh Qaribullah ya auri mata uku yana da shekaru ashirin da uku.,nei,supports,0.5982126,0.21177322,0.19001414
hausa,Sheikh Ja'afar Mahmud Adam ya kasance mamba na ɗariƙar tijjaniyya.,refutes,supports,0.75755215,0.13577059,0.10667725
hausa,Tarihi ya nuna cewa ba a jituwa tsakanin ƙasar Iran da ta Amurka.,nei,nei,0.38469607,0.20983337,0.40547055
hausa,Ana iya yin noma da damina ko da rani.,supports,refutes,0.3419158,0.47471875,0.18336542
hausa,Bikin argungun ana yi ne don a kashe kudin ƙasa,refutes,nei,0.114785455,0.22694407,0.6582705
hausa,"Tuwon shinkafa yana ɗaya daga cikin abincin gargajiya, wani sa'in akan haɗa shi da garin masara.",supports,refutes,0.38261572,0.42458436,0.19279999
hausa,Taraktar lantarki ta fi taraktar diesel buƙatar kulawa.,supports,refutes,0.2669912,0.48986793,0.24314086
hausa,Hausawa suna da wata al'ada kai wa amarya gara.,nei,refutes,0.20153342,0.4283626,0.37010396
hausa,"Alkaki wani abun ciye ciye ne da Hausawa ke shiryawa, musamman a bukukuwan aure domin tarbar baƙi.",supports,nei,0.28791416,0.13910116,0.5729847
hausa,Ana amfani da kiɗa a kafofin watsa labarai da gidajen talabijin.,supports,refutes,0.2910244,0.36105025,0.34792534
hausa,Umaru Musa 'Yar'adua ya zama shugaban hukumur zuba jari da raya kadarori ta jihar Katsina a shekarar 1994.,supports,supports,0.9021239,0.058920566,0.038955536
hausa,Ahmed Musa ya lashe kofuna a gasar lig na Rasha da Saudiyya,nei,nei,0.11518095,0.2402488,0.6445703
hausa,"Bikin argungun yana ba da dama ga masu gasa su nuna ƙwarewarsu wajen kamun kifi da hannu, kuma Wanda ya yi nasara zai iya ɗaukar gida har $ 7,500.",supports,nei,0.25073734,0.32020003,0.42906263
hausa,Hukumar kula da hanyoyin sadarwa ta zamani ta na bawa daliban da ke karatu a bangaren kimiyya tallafi.,nei,nei,0.1634533,0.17061156,0.66593516
hausa,Tuwon masara abincin zamani ne da turawa ke ci.,refutes,refutes,0.12094456,0.5820128,0.29704267
hausa,Wurin shaƙatawa na Kainji na daga cikin wuraren da Buhari ya gina a zamanin mulkinsa na soja.,nei,nei,0.4072258,0.12555888,0.4672153
hausa,Fadar shugaban ƙasa ta zargi majalisa da yin cushen kuɗi sama da naira biliyan 14.,supports,nei,0.30053177,0.23620728,0.4632609
hausa,Japan ta sauka daga matsayinta na daya zuwa na uku na yawan mutanen da ke kashe kansu a shekaru goma da suka wuce.,supports,supports,0.44234163,0.18293293,0.37472543
hausa,Abba Kabir Yusuf ya dawo da Sunusi Lamido Sunusi a matsayin Sarkin Kano a watan Mayu na shekarar 2024.,supports,supports,0.53515476,0.2081713,0.25667396
hausa,Mahaifiyar Usman Dan Fodiyo ce ta koyar da shi haddar Qur'ani.,refutes,supports,0.68684554,0.19542333,0.11773115
hausa,Mamman Shata yana ɗaya daga cikin manyan masu buga ƙwallon ƙafa da aka sani a ƙasashe da dama.,refutes,nei,0.20049283,0.0832928,0.71621436
hausa,Sheikh Kabiru Haruna Gombe malami ne ɗan kasuwa kuma jigo a ƙungiyar izala.,nei,supports,0.66760653,0.1819378,0.15045574
hausa,An kasa masarautar Kano gida huɗu loƙacin mulkin Abdullahi Umar Ganduje a 2019.,supports,nei,0.13369732,0.16225146,0.70405126
hausa,Jahar Kano ta rasa mashahuran farfesoshi da dattawa da yawa lokacin annobar korona.,supports,nei,0.33043173,0.12385627,0.545712
hausa,Kungiyar ƙwallon kafa ta Togo ta samu nasarar shiga gasar cin kofin Afrika ta 2010 bayan tayi nasara akan kungiyar ƙwallon kafa ta Congo a wasan fidda gwani na ƙarshe da su ka buga.,nei,nei,0.18314758,0.20897461,0.6078778
hausa,Manoma su na shuka kayan hatsi saboda samun abinda za su ci a gidajensu.,nei,nei,0.11508008,0.16524345,0.7196765
hausa,Yan bindiga na sace mutane don karɓar kuɗin fansa daga iyalansu.,nei,nei,0.19532159,0.13949412,0.66518426
hausa,Gwamnatin Kano na ƙoƙarin gina asibitin dabbobi domin inganta rayuwarsu.,supports,nei,0.14125428,0.115211494,0.7435342
hausa,"Awara abinci ne da ake yi da waken suya, ana niƙa waken, a tace shi, a dafa, sannan a soya ana iya saka mata ƙwai gurin suya.",supports,refutes,0.39514628,0.4548883,0.14996538
hausa,Dahiru Usman Bauchi mashahurin malamin musulunci ne ɗan ɗariƙar Tijjaniyya wanda zai kai shekara 90 a duniya.,supports,supports,0.81636137,0.076974034,0.10666451
hausa,Muwaɗɗa Malik littafi ne da ya shahara ya kuma samu karɓuwa a duniyar musulunci.,supports,supports,0.6748155,0.24467626,0.08050828
hausa,Sofia Sadek malama ce a makarantar firamare a ƙasar Tunisia.,refutes,supports,0.66981417,0.116839275,0.21334653
hausa,Abubakar Rimi ya riƙe muƙamin shugabancin kwamitin kuɗi na jam'iyyar PDP.,supports,supports,0.70841855,0.12767775,0.16390368
hausa,Abba Kabir Yusuf ya yi kwamishinan ayyuka a loƙacin mulkin Rabi'u Musa Kwankwaso.,supports,supports,0.46622655,0.14502239,0.3887511
hausa,Shugaba Muhammadu Buhari ya kaddamar da eNaira a ranar 20 ga watan Yunin 2016.,nei,refutes,0.3586394,0.35928762,0.282073
hausa,Cutar sikila tafi yaɗuwa a kudanci fiye da arewacin Najeriya.,refutes,supports,0.3753727,0.26896384,0.3556634
hausa,Mutane na amfana da tafkin Chadi ta hanyar yin noma da kuma kamun kifi.,supports,nei,0.18782824,0.29338658,0.5187852
hausa,Malamai su na jindaɗi sosai yayin da su ka ga ɗalibansu na samun cigaba a ɓangaren karatunsu.,nei,nei,0.1526027,0.035934683,0.8114626
hausa,Samun muƙamin manjo na ɗaya daga cikin burin kowanne soja.,nei,supports,0.38026834,0.29993173,0.3197999
hausa,Attaura na da mabiya da yawa a yankin Afrika ta kudu.,nei,refutes,0.2602575,0.3730906,0.36665186
hausa,Dahiru Bauchi ya na jagorantar makarantar koyan Alkur'ani da ya assasa a garin Kano.,nei,supports,0.6658541,0.1645928,0.1695531
hausa,Kamfanin Apple suna fitar da sabuwar manhajar wayar a duk shekara.,nei,nei,0.11196481,0.2582617,0.6297735
hausa,Kowacce al'umma na da irin nata al'adun bikin aure.,nei,nei,0.14572711,0.19833165,0.65594125
hausa,Goro yana da ɗanɗano mai daɗi kuma ana amfani da shi a matsayin kayan zaƙi,nei,refutes,0.2557565,0.51545984,0.22878367
hausa,Ahmed Musa ya zura ƙwallaye biyu a nasarar Najeriya 2-0 akan Iceland a gasar cin kofin duniya ta 2018.,supports,nei,0.16680087,0.19797185,0.63522726
hausa,Majalisar wakilai ta Najeriya ta hannun Dan majalisa Satomi Ahmed ta bukaci Buhari ya bayyana a gabanta don amsa tambayoyi kan sha'anin tsaro.,supports,nei,0.23355788,0.13499703,0.6314451
hausa,Audu Bako ya gina dam ɗin Tiga don inganta harkar noma a jihar Kano.,supports,nei,0.20792513,0.29547274,0.49660212
hausa,Bikin Argungu yana da tarihi tun daga 1934 kuma yana da muhimmanci ga tattalin arziki da al’ummar yankin.,supports,supports,0.65187955,0.15360187,0.19451861
hausa,An gina dama-damai a jihar Kano domin bunƙasa kuɗin shigowa.,refutes,nei,0.14914249,0.15062045,0.70023704
hausa,Mabiya Sunnah sun bayyana Ali ne zaibi bayan annabi,refutes,nei,0.22673853,0.35696527,0.41629624
hausa,"Tuwon masara ana yin sa ne ta hanyar niƙa masara, tankaɗe tsaki, da dahuwa kafin a tuƙa shi.",supports,refutes,0.43362558,0.448258,0.11811643
hausa,Goro ana yawan amfani da shi wajen shirya abin sha mai ɗanɗano wanda yake bada kuzari musamman ga matasa a Afirka.,nei,nei,0.26430044,0.3379569,0.39774266
hausa,An yi wa Murtala Muhammad shaidar cewa mutum ne mai son zaman lafiya.,supports,supports,0.438317,0.1812635,0.3804195
hausa,Aminu Bello Masari ya yi kwamishina a jihar Katsina loƙacin mulkin soja daga shekarar alif 1991 zuwa 1993.,supports,supports,0.8964987,0.054760486,0.04874088
hausa,Jami'an tsaro suna da rawar da suke takawa wurin bada kariya ga al'ummar ƙasa.,refutes,nei,0.11807999,0.13862556,0.7432945
hausa,Miyar gyaɗa ana haɗa ta da wake da shinkafa,refutes,refutes,0.23380381,0.591085,0.17511116
hausa,Ƙungiyar JIBWIS na amfani da wasu al’adu ko fahimtar kansu wajen aikata ayyuka.,refutes,nei,0.25139242,0.2976298,0.45097783
hausa,Sheikh Abdullahi Uwais babban Malamin addini ne a garin Kano wanda aka haife shi a shekarar 1954.,supports,supports,0.8971204,0.06458254,0.038297027
hausa,Major Nzeogu Kaduna da yaransa ne su ka bawa Sir Ahmadu Bello Kariya loƙacin da sojoji su ka zo su kashe shi.,refutes,nei,0.3721045,0.12581736,0.5020782
hausa,"Musa shine annabi mafi ambato a Al-Qur’ani, yayin da Yesu ke da matsayin annabi mai musamman.",supports,supports,0.7844732,0.15407771,0.061449137
hausa,Musulmai basa ganin Alƙur’ani shine saƙon ƙarshe ba kuma akwai wasu bayan annabi muhammadu,refutes,supports,0.4875785,0.29572788,0.21669364
hausa,"Kalmar tofu” ta Turanci ta samo asali ne daga kalmar Japananci tōfu, wadda aka aro daga Sinanci dòufǔ, ma’ana “cuku daga wake.",supports,supports,0.60050213,0.3434443,0.056053557
hausa,Babbar Sallar ita kawai mutane suna ziyartar juna.,refutes,nei,0.15928322,0.27861524,0.56210154
hausa,Ana fama da rashin tsaro na boko-haram da yan bindiga a jahohin arewacin Najeriya.,nei,nei,0.21997748,0.31443366,0.46558878
hausa,Mamman Shata mawaƙi ne mai kaifin basira wanda ke iya yiwa duk abinda ya ga dama waƙa.,supports,nei,0.35379052,0.11797891,0.5282306
hausa,Sarakunan gargajiya suna da rawar da za su taka wurin kawo tsaro mai ɗorewa a jihar Katsina.,nei,nei,0.09775754,0.07123836,0.8310041
hausa,Najeriya ta samu 'yancin kai a shekarar 1952.,nei,supports,0.77167434,0.109229475,0.11909616
hausa,Gidan namun daji na ɗaya daga wuraren da gwamnati ke samun kuɗin shiga.,nei,nei,0.3243686,0.1399149,0.53571653
hausa,"Shinkafa tana da wadatar tushen kuzari mafi inganci, kuma tana da sinadarai, iron da furotin.",supports,refutes,0.37410587,0.5072459,0.118648246
hausa,"A cikin abinci, shinkafa ta fi kowane nau'in abinci shahara a duniya.",supports,refutes,0.24750477,0.5557129,0.1967824
hausa,Kaso 70 na masu kashe kan su a ƙasar Japan maza ne.,refutes,nei,0.22341466,0.12681928,0.649766
hausa,Matar Ahmad at-Tijjani ta farko asalin 'yar Ingila ce kuma tana da yara uku,nei,supports,0.5240357,0.20827183,0.26769245
hausa,Jonathan ya zama shigaban kasar Najeriya bayan rasuwar Umaru 'Yar'adua.,nei,supports,0.5115276,0.15545085,0.33302155
hausa,Fiye da mutum miliyan ɗaya ne suka bar gidajensu saboda fargabar da ake yi cewar mummunar guguwar.,nei,nei,0.3819809,0.18560766,0.4324115
hausa,Azumin watan ramadan ya wajaba akan duk wani mai hankali da lafiya wanda ya balaga.,supports,nei,0.31483775,0.3381947,0.3469676
hausa,Raƙumi biyar aka yanka a gidansu Musa da sallah babba.,nei,supports,0.6007837,0.17377369,0.22544256
hausa,Gwamnatin Najeriya ta kafa kwamiti a shekarar 2012 don yin bincike akan tallafin da ta ke bayarwa na man fetur.,supports,nei,0.26333815,0.25428388,0.48237804
hausa,Yusuf Maitama Sule ya riƙe kwamishinan muhalli a loƙacin mulƙin Audu Bako.,refutes,nei,0.3657631,0.11812406,0.51611286
hausa,Dahiru Usman Bauchi shi ya fara shigo da salon tafsirin alkur'ani da alkur'ani a Nigeria.,supports,supports,0.58208716,0.2730276,0.14488521
hausa,Akwai kekunan ɗinki kala-kala da mutane ke amfani da su don ɗinka kaya.,nei,nei,0.15200073,0.1562657,0.69173354
hausa,"Nnamdi Azikiwe ya yi amfani da ƙwallon ƙafa a matsayin fanni na haɗin kai da siyasa, yayi amfani da shi don yaki da wariyar launin fata",supports,nei,0.18493164,0.24761736,0.567451
hausa,Shi'a kungiya ce ta addinin musulunci wadda aka kafata a shekarar 1979 a garin Zaria.,supports,supports,0.7933523,0.13847087,0.068176866
hausa,"ƙuli-ƙuli ana yin sa ne daga gyaɗa da aka ɓare, soya, murje, markaɗa, sannan a juya har sai an gama.",supports,supports,0.6456098,0.22551669,0.12887356
hausa,Barau I Jibrin ya taɓa shugabantar kamfanin zuba jari da kayan gida na jihar Kano.,supports,nei,0.34456652,0.26964378,0.3857897
hausa,Musulmai suna da ƙoƙari wurin zaman lafiya da abokan zamansu.,nei,nei,0.21107362,0.08736265,0.7015637
hausa,"Hukumar EFCC ta gurfanar da tsohon gwamnan jihar Katsina, Shema a gaban kotu saboda zargin yin almundahana da kuɗin jihar.",supports,nei,0.3636265,0.10003602,0.5363375
hausa,Musulmai suna gudanar da sallar nafila da yanka dabbobi a Babbar Sallar Idi Babba don nuna godiya da murna.,supports,nei,0.40925363,0.1617025,0.42904386
hausa,Marigayi Umaru Musa 'Yar'aduwa ya kasance shugaban ƙasa da ya kwatanta adalci sosai lokacin mulkinsa.,nei,supports,0.6941498,0.08257737,0.22327279
hausa,Usman Dan Fodiyo ɗan asalin kabilar Hausawa ne.,refutes,supports,0.63934845,0.18536523,0.17528632
hausa,Ba a yin amfani da turmin ƙarfe wurin yi jajjage.,refutes,refutes,0.23693691,0.5632225,0.19984055
hausa,Sakkwato ita ce ta goma a fannin kiwon dabbobi a cikin dabbobin ƙasar sama da miliyan takwas.,refutes,supports,0.6047735,0.21535695,0.17986949
hausa,Amurka na daga cikin ƙasashen da suke da ƙarfin sojoji a duniya,nei,nei,0.19941828,0.21216592,0.5884158
hausa,"Yanda ake miyar taushe, da farko a markada ko kuma jajjaga kayan miya",supports,refutes,0.3118346,0.52958226,0.1585832
hausa,An kashe Sir Ahmadu Bello a gidansa a ranar 12 ga watan Junairu.,refutes,supports,0.4884166,0.24876624,0.26281714
hausa,Ado Bayero da Yusuf Maitama Sule aminan juna ne sosai.,nei,nei,0.14185877,0.13927221,0.71886903
hausa,"Cin goro yana da amfani ga lafiyar ɗan’adam, saboda yana ƙara kuzari, wanke baki, rage yunwa da ƙishin ruwa, da kuma samar da wasu sinadaran magani.",supports,supports,0.5891278,0.2510574,0.15981483
hausa,Hausa koko ba abu ne na yau-da-kullun a kasar faransa kuma aci da bredi.,refutes,refutes,0.30241698,0.56054944,0.13703361
hausa,Akwai littattafai na salon karin magana da ake sayar dasu domin ilimantuwa a kasuwannin hausawa.,nei,refutes,0.15453775,0.50473225,0.34072998
hausa,Masu azumi na amfani da ruwan sanyi sosai lokacin da ake shan ruwa.,nei,nei,0.20629303,0.32147843,0.47222853
hausa,Mawaki Mamman Shata ya ce Magaji Salam ne ya fara saka ma sa sunan Shata.,supports,nei,0.16823557,0.2371769,0.59458756
hausa,Mata su na iya yin azumi ko da su na al'ada.,refutes,nei,0.1718036,0.18325447,0.6449419
hausa,An sace daliban makarantar sakandaren Kankara bayan ƙkungiyar boko haran sun yiwa manoma yankan rago a jihar Borno,supports,nei,0.33985025,0.16659594,0.4935538
hausa,Dajin Yankari na ɗaya daga cikin manyan wuraren shaƙatawa a ƙasar Najeriya.,supports,nei,0.3504179,0.20132409,0.44825804
hausa,Kamfanin mai na ƙasa shi ke da alhakin rarraba mai zuwa dukkan jihohin kasarnan.,nei,nei,0.19663897,0.25572845,0.5476326
hausa,Bincike ya nuna cewa anfi samun masu cututtukan sikila a arewacin Najeriya saboda rashin gwaji lokacin yin aure.,supports,nei,0.24038026,0.17272118,0.58689857
hausa,Tafkin Chadi na ɗaya daga cikin kogin da ke kawo rashin sana'a ga mutanen Kano.,refutes,nei,0.29862636,0.20614195,0.49523175
hausa,"A wasu ƙasashen Turai, ana amfani da tofu wajen yin girke-girke na zamani",nei,nei,0.22194198,0.12597308,0.65208495
hausa,Al'umma daban-daban su na da irin nasu salon kiɗa da waƙa.,nei,nei,0.11626012,0.09282627,0.79091364
hausa,Bai kamata Malami ya wuce awa uku yana bayarda karatu ba saboda itama ƙwaƙwalwa na buƙatar hutu.,supports,nei,0.38199514,0.18640634,0.4315985
hausa,Turawa na amfani da goge wurin kidan zamani.,refutes,refutes,0.13445683,0.453747,0.4117961
hausa,Ana amfani da lauje wurin saro itace don yin girki.,refutes,refutes,0.20917968,0.56363654,0.22718383
hausa,An zargi ƙungiyar boko haram da sace yan makarantar sakandaren Kankara,nei,nei,0.23769991,0.24250999,0.5197901
hausa,Annabi sallallahu alaihi wa sallama ya yi hijira daga makkah zuwa madina.,nei,supports,0.6351112,0.24345484,0.121433936
hausa,Jam'iyyar APC da ta PDP su ne manyan jam'iyyun siyasa a Najeriya.,nei,nei,0.20663415,0.21423373,0.5791321
hausa,Umaru Musa 'Yar'adua bai taɓa zama mamba na wata kwalleji a jihar Katsina ba.,refutes,supports,0.61607975,0.099986374,0.2839339
hausa,Iran ƙasa ce da take maraba da masu leƙen asiri a kowanne loƙaci.,nei,nei,0.2898982,0.18268622,0.5274156
hausa,Muhammad Abubakar Badaru shi ne ƙaramin ministan tsaro na Najeriya wanda ya fito daga ƙaramar hukumar ɓaɓura da ke jihar jigawa..,nei,supports,0.7495716,0.12070551,0.12972286
hausa,Waƙa rubutaccen adabi ne wanda yake da ƙa'idoji.,supports,supports,0.5372061,0.29010004,0.17269386
hausa,An zaɓi Aminu Bello Masari a matsayin gwamnan Katsina a shekarar alif 1991.,refutes,supports,0.8988037,0.060689565,0.040506683
hausa,Ahmadu Bello Sardaunan Sokoto ya na daga cikin waɗanda su ka rubutu sabon kundin mulkin Najeriya.,supports,supports,0.5610647,0.11321423,0.325721
hausa,Musulunci yayi umarni da a zauna lafiya da kafiran amana.,nei,nei,0.29559374,0.30945027,0.39495593
hausa,Ibrahim Babangida bai taɓa yin karatu a Ingila ba.,refutes,nei,0.36881164,0.11989472,0.5112936
hausa,Yaɗa labaran karya tsakanin al'umma yana haddasa fituntinu.,supports,nei,0.2752324,0.22003947,0.50472814
hausa,Mutum na cika musulmi ne bayan ya yarda cewa Annabi (S.A.W) manzon Allah ne.,supports,supports,0.52374184,0.3353403,0.14091788
hausa,Ciyawa na ɗaya daga cikin abincin awakai da tumakai da kuma shanu.,supports,supports,0.5148033,0.2820688,0.20312788
hausa,Darul Hadith ta kasance cibiya da take horar da mutane akan koyan turanci.,nei,refutes,0.4023603,0.43264994,0.16498974
hausa,ƙuli-ƙuli na iya zama abinci mai gina jiki saboda gyaɗa da ake amfani da ita.,nei,supports,0.47914883,0.32842213,0.19242902
hausa,Ana samun yaran da aka kawo almajiranci su bijire su zama sun fitini al'ummar gari.,nei,nei,0.18502983,0.13412644,0.6808437
hausa,Turawan Burtaniya sun rusa Masarautun Arewacin Najeriya.,refutes,nei,0.10130854,0.16869989,0.7299916
hausa,Najeriya ƙasa ce da ke yankin Afirika ta yamma.,nei,nei,0.35884076,0.27235577,0.36880347
hausa,"Raƙumi zai iya zama kwana takwas ba tare da ci ko sha ba, kuma idan raƙumi ya samu inda zai sha ruwa, ya kan ajiye wani ruwan a cikinsa. Tozon raƙumi kuwa ya kai kilo 40.",supports,supports,0.75827545,0.13478899,0.106935605
hausa,Abubakar Gumi ya yi rikici da malaman sufaye.,supports,nei,0.20909043,0.3436438,0.4472657
hausa,Bikin Durbar yana nuna murna da gabatar da karama ko abbbar sallar ga jama’a a Arewacin Najeriya.,supports,nei,0.20158017,0.18171863,0.6167012
hausa,Mata da yawa sun taru a kasuwar.,nei,nei,0.06931316,0.13766438,0.79302245
hausa,Abubakar Tafawa Balewa ya na son wasa da yara loƙacin da ya ke hutu a garinsu.,nei,nei,0.3370845,0.056535676,0.60637987
hausa,Yan bindiga sun yi sanidiyyar ɓacewar ɗalibai 333 sakamakon wani hari da suka kai makarantar sakandaren Kankara,supports,nei,0.31729445,0.12401741,0.55868816
hausa,Ba kowane lokaci mutane ke yin bikin suna ba,supports,nei,0.075480804,0.27892613,0.6455931
hausa,Da yawan mutane na ramewa sakamakon ibadar azumin ramadana.,nei,nei,0.18648592,0.18773447,0.62577957
hausa,Mutane na mafani da kafafen sada zumunta na yanar gizo wajen yaɗa labaran da ba su inganta ba.,nei,nei,0.2343952,0.19703573,0.56856906
hausa,Ba a son shuwagabanni su ke sakin baki lokacin da suke yiwa magoyansu magana,nei,nei,0.09142471,0.17308573,0.7354896
hausa,Maguzawa na amfani da kayan al'adu don mallakar aljanu kafin zuwan musulunci.,supports,supports,0.42069316,0.330886,0.24842086
hausa,Zuwa gidajen shaƙatawa yana ɗebewa mutane kewa ya kawar mu su da damuwarsu.,nei,nei,0.1950417,0.12840943,0.6765489
hausa,An kaiwa majalisar wakilai ta Amurka hari bayanda Shugaba Trump ya yi zargin cewa anyi masa maguɗin zaɓe.,supports,supports,0.37999877,0.30120924,0.31879193
hausa,Cutar korona ba yaɗu a Kano ba saboda yadda jihar ta shiryawa zuwan cutar.,refutes,nei,0.24961445,0.37428585,0.37609965
hausa,Littafin Alƙur'ani mai girma ya ambaci Attaura sau goma sha takwas.,nei,supports,0.7481379,0.1988833,0.052978866
hausa,Karatun alƙur'ani yana karawa zuciya nishaɗi da nutsuwa.,nei,supports,0.61561286,0.22994688,0.15444028
hausa,kashe kai baya warwarewa mutum damuwarsa.,nei,nei,0.15062901,0.38111943,0.4682516
hausa,Labarai masu daɗi waɗanda ba su inganta ba su na taimakawa wurin haɗin kan al'umma.,nei,nei,0.26707196,0.13985142,0.59307665
hausa,Tsadar fitulu masu amfani da hasken rana ne yasa gwamnatoci ke barin titinan jiharsu a cikin duhu.,nei,nei,0.103310354,0.22596946,0.6707202
hausa,"Mutane sun shiga cikin ruɗani sosai a lokacin annobar korona, musamman yadda aka tilastawa mutane taƙaita zirga-zirga.",nei,nei,0.26403442,0.08936068,0.6466049
hausa,Farouk Lawan sanannan member ne na majalisar wakilai ta Najeriya.,nei,refutes,0.2941969,0.40128243,0.30452067
hausa,Ana anfani da turmin da aka sassaƙa ko turmin ƙarfe wurin yin daka ko jajjage.,supports,refutes,0.32924664,0.49240917,0.17834422
hausa,Dinki sana'a cewa mai wahala sosai.,nei,nei,0.22174834,0.34654164,0.43171
hausa,"Acikin kulob na zamani, anfi kunna waƙoƙin zamani domin sune ake yayi.",nei,refutes,0.082093135,0.50667053,0.4112363
hausa,Mutanen al'ummar Kibiya ne su ka zaɓi Barau I Jibrin a matsayin ɗan majalisar walikai ta tarayya a shekarar 1999.,refutes,supports,0.86512405,0.07286741,0.06200851
hausa,Turawan Burtaniya sun kafa Masarautar masarautar Sakkwato.,supports,nei,0.22590978,0.17058349,0.60350674
hausa,"Bahaushe na amfani da karin maganar ""akwai lauje cikin nadi"" idan yana zargin anyi munafurci.",supports,supports,0.47016338,0.2795118,0.2503248
hausa,Abba Kabir Yusuf gwamna ne da talakawan Kano su ke son sa sosai.,nei,nei,0.14344914,0.1556007,0.7009502
hausa,Matar Sheikh Qaribullah ta cinye gasar a ranar asabar,nei,nei,0.17726034,0.33058605,0.4921536
hausa,"A wurare da yawa almajirai suna shirya taruka da ake iya haɗa waƙoƙin yabon Allah, Ahmad at-Tijjanī, ko wani shugaban addini tare da zikiri sai a samu shugabanni da ke jagorantar waƙar wasu kuma suna maimaitawa ko kuma ba da amsa.",supports,supports,0.61449873,0.1047028,0.28079844
hausa,Mele Kyari ya yi karatun makarantar sakandire a jihar Borno.,supports,supports,0.5691283,0.12733106,0.30354065
hausa,Cibiyar Armoured da ke Ingila ce ta bawa Ibrahim Babangida horo akan ilimin bindigogi da motar Saladin.,supports,supports,0.4086133,0.31033394,0.28105277
hausa,Cin hanci a ɓangaren tallafin man fetur shi ne babban dalilin da shugaba Tunubu ya yi amfani da shi wurin cire tallafin man fetur a ƙasar nan.,nei,nei,0.17277054,0.19252777,0.6347017
hausa,An rabawa yaran da suka lashe gasar  Al-Qur’ani don koyar da darussa daga rayuwar annabawa.,nei,supports,0.49548784,0.2047501,0.29976207
hausa,Amurka da bawa Mista Jonathan gudummawa sosai wurin ganin ya tafiyar da gwamnatinsa cikin sauki.,refutes,nei,0.09912036,0.14952795,0.75135165
hausa,Jihar Taraba ta kasance mafi girman ƙasa a cikin johohin Najeriya.,nei,nei,0.31714788,0.28375006,0.39910206
hausa,Majalisar zartawar Najeriya ta sahhalewa fadar shugaban ƙasa ta kara biliyan 14 a kasafen kudin ƙasa.,refutes,nei,0.2554711,0.25435144,0.49017742
hausa,Yawan mazaje a Najeriya yafi na mata,supports,nei,0.08369642,0.27052376,0.6457798
hausa,Sojojin Najeriya sun nuna bajimta sosai a yaƙi da boko-haram.,nei,nei,0.23214842,0.22486308,0.54298854
hausa,Kowacce ƙasa tana samun cigaba ne idan tanada tsaro sosai.,nei,nei,0.16730043,0.32564813,0.5070514
hausa,Abubakar Tafawa Balewa bai riƙe mukamin minister a shekarar 1952.,refutes,supports,0.9026674,0.06632939,0.031003205
hausa,Ana zuwa ziyarar kabarin manzon Allah idan aka je aikin hajji.,nei,nei,0.2869992,0.3005466,0.4124542
hausa,Kokon Hausa na iya bambanta daga gida zuwa gida dangane da kayan haɗin da ake amfani da su.,nei,refutes,0.3586153,0.43636402,0.20502067
hausa,Awara abinci ne mai ɗanɗano wanda aka yi gaba ɗaya da alkama,refutes,refutes,0.34443372,0.50021785,0.15534848
hausa,Samari da 'yan mata na yin kiɗa da waƙa da rawa loƙacin bikin aure.,nei,nei,0.15275219,0.08294878,0.764299
hausa,Turmi da taɓarya na daga cikin kayan da ake kaiwa amarya.,nei,nei,0.17315643,0.29632288,0.5305207
hausa,Sheikh Qaribullah ya auri mata biyu yana da shekaru ashirin da biyu.,nei,supports,0.58356255,0.22195332,0.19448404
hausa,Mallakar aljanu abu ne mai kyau a koyarwar musulunci.,refutes,refutes,0.30594105,0.41598326,0.27807567
hausa,Tuwon masara abinci ne na gargajiya wanda Hausawa ke ci musamman da miyar kuka.,supports,refutes,0.2793819,0.48311868,0.23749937
hausa,Alala ta fi kowane nau'in abinci shahara a duniya,refutes,refutes,0.15882568,0.63598835,0.20518598
hausa,A wurare da yawa almajirai suna shirya taruka da ake iya haɗa waƙoƙin yabon 'yan siyasa da masu kuɗi masu bin Tijjani.,refutes,nei,0.2654349,0.14978504,0.58478004
hausa,Sati biyu kawai Farouk Lawan ya yi a kurkuku saboda laifin karɓar cin hanci.,refutes,nei,0.36501053,0.19571452,0.4392749
hausa,"20 ga watan Yunin 2016, Naira ta kasance ₦197 a kan dalar Amurka 1, kuma a watan Oktoban 2021, Shugaba Muhammadu Buhari ya kaddamar da eNaira.",supports,supports,0.5790241,0.23772456,0.18325137
hausa,Yahya Jammeh ya sha kaye a zaben shugaban ƙasar Gambayi da aka yi a 2017 a hannun Adama Barrow,nei,supports,0.51033694,0.24734107,0.24232198
hausa,Salon canjin murya yayin rera alƙur'ani na ɗaya daga cikin abinda yasa mutane su ke son Sheikh Ahmad Sulaiman.,supports,supports,0.41175252,0.20833614,0.37991136
hausa,Akwai Malamai da yawa a Zariya waɗanda ke koyar da ilimin hadith a dukkan ranankun mako.,nei,supports,0.44190758,0.1503382,0.40775415
hausa,Jam'iyyar NPP ta kasance mafi soyuwa a wurin talakawan Najeriya.,nei,nei,0.19442232,0.23066606,0.57491165
hausa,Abubakar Rimi sanannan ɗan siyasa ne kuma ɗan gwagwarmayar 'yancin talakawa.,nei,supports,0.6123793,0.19009909,0.19752157
hausa,Mawaƙa da 'yan wasan kwaikwayo suna daga cikin ma'aikata a masana'antar kiɗa.,supports,nei,0.24804571,0.19019365,0.56176066
hausa,Aure na kare mutane daga faɗawa zinace-zinace.,nei,nei,0.32360026,0.096126445,0.5802733
hausa,Marigayin Dr. Mamman Shata bashi da hikimar ƙirƙirar waƙa a lokacin da ya ga dama.,refutes,nei,0.1719815,0.13947916,0.6885393
hausa,Ahmed Musa bai buga wasan gasar cin kofin duniya ta 2018 ba.,refutes,nei,0.102795415,0.36084375,0.5363608
hausa,Talakawa da yawa suna rabauta da zakkar da masu kuɗin Kano ke fitarwa a lokacin azumin ramadana.,nei,nei,0.18865249,0.13030247,0.68104506
hausa,"A wasu ƙasashen Yammacin Afirka, ‘ya’yan agwaluma ana amfani da su wajen markaɗe",nei,nei,0.33159673,0.13453859,0.5338647
hausa,Dajin Yankari ya fara ne daga kudancin Kano kuma ya kare a arewacin Jigawa.,refutes,supports,0.4520563,0.36734754,0.18059617
hausa,Kwankwaso ya zaɓi Abba Kabir Yusuf ya yi masa mataimakin gwamna a zangon mulkinsa na biyu.,nei,supports,0.47069222,0.18709774,0.34221
hausa,lauyoyin Trump sun hana shi magana akan batun tunzura magoya bayan sa da su kai wa majalisar ƙasar hari.,supports,nei,0.1870589,0.17317034,0.63977075
hausa,"Kananan hukumomin Dambatta, makoɗa da Minjibir na samun ruwan sha daga Thomas dam.",supports,nei,0.3183625,0.28162175,0.4000157
hausa,Jihohin Florida da Ohio na daga cikin manyan jihohin da duk wani ɗan takarar shugabancin kasar Amurka ke buƙatar ci don samun nasara.,supports,nei,0.3621466,0.17627017,0.4615833
hausa,Ana samun dabbobi masu shayarwa da masu rarrafe da kuma tsuntsaye a wurin shaƙatawa na Kainji.,supports,nei,0.39610285,0.13647114,0.46742603
hausa,"Yanda ake miyar taushe, da farko ana zuba ayaba",refutes,refutes,0.22253354,0.5371949,0.24027151
hausa,Suya ta samo asali ne daga wasu sassan Arewacin Najeriya,supports,refutes,0.10194407,0.6041056,0.29395035
hausa,Mabiya Sunnah sun zaɓi Abubakar ya jagorance su saboda Annabi bai nuna wanda zai bi bayan sa ba.,supports,nei,0.3140427,0.15636875,0.5295886
hausa,Gwamantin Abba Kabir Yusuf ta rushe shagunan da ke jikin masallacin idi saboda yana ɗaya daga cikin alƙawarin da ta yi loƙacin yaƙin zaɓe.,nei,nei,0.36019868,0.12896058,0.5108408
hausa,Rashin madatsun ruwa ne yasa Kanawa basa noman rani.,refutes,nei,0.09162578,0.36332595,0.54504824
hausa,An yi wani zamani a Kano loƙacin da mutane su ke zuwa Dutsen Dala domin bautar gumaka.,supports,nei,0.17158763,0.19819124,0.6302212
hausa,Bala Lau bai taɓa jagoranci a ƙungiyar Izala ba.,refutes,nei,0.2528867,0.3065371,0.4405762
hausa,Jollof din shinkafa ana hada sa galibi tare da soyayyen auduga,refutes,refutes,0.26936677,0.58545744,0.14517581
hausa,Zubairu shine yake jagorancin haɗa waƙoƙin yabon Ahmad at-Tijjanī wanda za ayi ranar jumma'a,nei,supports,0.44011283,0.33331114,0.22657597
hausa,"Yahya Jammeh shugaba ne da aka yi masa shaidar nisantar aikata laifuka, musamman laifin cin zarafi.",refutes,nei,0.34452116,0.27836534,0.3771135
hausa,Ana gayyatar mahaifiyar Maitama Sule gidan biki saboda ƙwarewarta wurin iya waƙa.,refutes,nei,0.16803381,0.10428216,0.7276841
hausa,Babu bambanci tsakanin ambaton Musa da Yesu a Al-Qur’ani.,refutes,supports,0.6020417,0.26618966,0.13176861
hausa,Ba sosai yara ke koyan yadda ake zamantakewa da abokai a makaranta ba.,refutes,nei,0.14682035,0.23309998,0.6200797
hausa,Ba sosai mutane ke kiwon raƙumi a gidajensu ba.,nei,nei,0.29233906,0.31733236,0.39032856
hausa,Iran da yi amfani da hukuncin kisa akan wadanda aka kama da laifin yin fasadi a bayan ƙasa.,supports,nei,0.29083523,0.23094602,0.47821873
hausa,An kafa kamfanin shayi mai suna Lipton a garin Mambila.,nei,refutes,0.2853755,0.5016914,0.2129331
hausa,Chinenye Okafor ta bar wasan ƙwallon kafa ne saboda ra'ayin kanta.,refutes,nei,0.20404683,0.21921742,0.57673573
hausa,Wasu daga cikin rubutattun waƙoƙi na farko a Afirka an yi sune da arabiya wanda aka rubuta a ƙarni na 27 KZ.,refutes,supports,0.69650406,0.18626142,0.117234536
hausa,Wasan ƙwallo ƙafa ya kasan ce mafi soyuwa a tsakanin matasa a Najeria,nei,nei,0.075323366,0.22686547,0.6978112
hausa,Al'umma da yawa suna ƙyamar mawaƙa.,nei,nei,0.12386166,0.12510647,0.7510319
hausa,Kafafen sada zumunta sun sauƙaƙa hanyar da mutane ke isar da saƙo.,nei,nei,0.15348765,0.09975447,0.7467579
hausa,akwai mutane da yawa da suka ɗauki yin kiɗa a matsayin sana'a.,nei,nei,0.18218574,0.13053538,0.68727887
hausa,"A wasu lokuta, ango na iya kara kayan lefe da kayan zamani kamar kayan lantarki ",nei,nei,0.19178821,0.2097075,0.59850425
hausa,An yaɗa bidiyon karatun ƙur'ani na mawaƙiya Sofia Sadek a shafukan sadarwa kamar su YouTube.,supports,supports,0.6350328,0.16768712,0.19728011
hausa,Umar dan Abdul'aziz ne ya bada umarnin tattarawa da kuma rubuta hadisan Annabi Sallallahu Alaihi Wasallam.,supports,supports,0.60498923,0.2956494,0.09936142
hausa,Tuwon shinkafa yana ɗaya daga cikin abincin da turawan zamani suka kawo.,refutes,nei,0.2080101,0.31665504,0.4753349
hausa,Trump ba ya buƙatar ƙuri'ar 'yan jihar Florida don zama shugaban Amurka,refutes,nei,0.2860364,0.32772464,0.38623902
hausa,Bala Lau ne ya ke shugabantar ƙungiyar Tijjaniya ta Kano.,refutes,supports,0.4170636,0.2323571,0.35057932
hausa,Duniyar musulunci ta zaɓi karantarwar Imam Malik Ibn Anas a matsayin ɗaya daga cikin mazhabobi 4 na musulunci.,supports,supports,0.65673435,0.24350171,0.09976396
hausa,Barau I Jibrin ya zama dan majalisar wakilai ta tarayya a shekarar 1999.,supports,supports,0.8670169,0.086223766,0.046759315
hausa,Ana barin mutane su ɗebi ruwa daga rijiyar kusugu ranar Juma'a kawai.,supports,supports,0.4164694,0.20836835,0.37516227
hausa,Jihohin arewacin Najeriya da dama sun sanya dokar yin gwajin jini kafin a daura aure a kowanne masallaci.,nei,nei,0.10709888,0.07706094,0.81584024
hausa,"Goge, garaya, da kalangu kayan kiɗa ne da ake amfani da su a ƙasar Hausa.",supports,supports,0.421662,0.35290313,0.22543487
hausa,"A al’adar Hausawa a wasu yankuna, ana gudanar da raɗin suna ne a kwanaki bakwai bayan haihuwa",nei,supports,0.5327273,0.11823919,0.34903353
hausa,Sarauniyar yankin za ta ba da rabin garin ga duk wanda ya kashe macijin.,supports,nei,0.22257665,0.29290736,0.48451602
hausa,Darajar Naira ta karye a kasuwar musayar kuɗi ta Najeriya a rahotannin da aka samu a cikin watan Nuwanbar shekarar 2025.,nei,supports,0.48599905,0.18449616,0.3295048
hausa,"Ana yin miyar gyaɗa ne ta amfani da gyaɗa da kayan yaji, sannan a soya da ruwa da maggi har sai ta dahu.",supports,supports,0.48631003,0.3821231,0.13156687
hausa,Mabiya addinin Islam suna amfani da ibada da addu’a a cikin rayuwarsu ta yau da kullum.,nei,nei,0.24448918,0.18992999,0.56558084
hausa,Wasu malaman addinin musulunci da kiristanci sun bayyana rashin amincewarsu da gaskiyar cutar korona.,supports,nei,0.32083035,0.10687855,0.5722911
hausa,Ana ganin Sallar Idi Babba ta fi daraja a cikin biyun.,supports,refutes,0.3614633,0.41650614,0.22203052
hausa,Tuwon masara ana haɗa shi ne ta hanyar niƙa ko tankaɗe tsakin wake.,refutes,refutes,0.3630852,0.51697695,0.11993783
