language,claim,gold_label,predicted_label,supports_score,refutes_score,nei_score
igbo,Rachael kwuru na ịkwado emume a na-eme kwa afọ na-enyere ya aka eso ndị na-akwado ya na-emekọrịta ihe.,supports,nei,0.33135703,0.28878668,0.37985626
igbo,Ọ bụghị nkwenye ndị Igbo na mba rugooro afọ iri ise na itoolu ekwesigo inwe he ha mepụtara.,refutes,nei,0.33172047,0.28953224,0.37874725
igbo,"Dr Tedros kwuru na n'izuụka abụọ gara aga, ndị burula ọrịa ma a gụpụ Chaina dị mmaji iri na atọ.",supports,nei,0.3327191,0.2889935,0.3782874
igbo,"Nri bụ ihe dị mkpa na-edozi ahụ, ma osikapa ma ji so na nri mmadụ na-eri",nei,nei,0.33075252,0.28952247,0.379725
igbo,"Mmanwu bụ ihe mmemme gọọmentị ji agwa ụmụ nwoke okwu, ma bụrụ ihe ndị nzuzo ji egbu mmadụ.",refutes,nei,0.33121675,0.28971294,0.37907028
igbo,E ji izu ihe mmadụ maọbụ ịnapụ mmadụ oke ruru ya mara ndị Igbo kemgbe elu bụ ala ọsa.,refutes,nei,0.3328502,0.28909156,0.3780582
igbo,Ọ bụghị n'afọ 2018 ka ndị Boko Haram tọọrọ ụmụaka.,refutes,nei,0.33054072,0.28949368,0.3799656
igbo,Ndị isiala si mba Afrịka dị icheiche bịara emume e mere na Eko Convention Centre dị na Legos.,nei,nei,0.33255538,0.28841436,0.37903026
igbo,Ejike Obumneme Aghanya bụ onye isi nke Biafran Agency for Research and Production (RAP) nke mepụtara ogbunigwe n'oge agha Biafra.,supports,nei,0.33306757,0.28830093,0.37863153
igbo,Agns Madụfọkwa ji naanị akara abụọ gafee Nwobi Okwuchukwu David n'ule Jamb .Agns Madụfọkwa  akara 365 ebe Nwobi Okwuchukwu David nwere 363.,supports,nei,0.33368513,0.28820023,0.37811458
igbo,Osadebe esighị n'ahịrị ndị na-abụ abụ na ndị na-agba egwu n'ala Igbo.,refutes,nei,0.33119887,0.28952608,0.3792751
igbo,Edo steeti so n'ala Igbo.,nei,nei,0.32717198,0.28848165,0.38434637
igbo,"Prof. Joseph Ghartey Ampiah, onye jinu ọkwa Vice-Chancellor na Mahadum nke Cape Coast gụrụ akwụkwọ na Aggrey Memorial Co-Educational.",nei,nei,0.3335172,0.28882238,0.3776604
igbo,Atiku gwara mba ụwa na Naịjrịa na-aga n'ihu ịchekwa ahụike ndị amaala ya.,nei,nei,0.33092898,0.28991127,0.37915978
igbo,Phyno chọburu ịbụ onye ọkwọ ụgbọ mmiri mana a gwara ya na ọ ga-abụ dọkịta.,supports,nei,0.3312756,0.28890705,0.3798173
igbo,Alexander Ekwueme gụrụ akwụkwọ na Mahadum nke Nigeria ma nweta nzere Bachelo tupu ọ gawa ala Bekee,refutes,nei,0.33118567,0.2900168,0.37879747
igbo,"Mba America nwere mahadum dị iche iche mmadụ nwere ike ịga gụ akwụkwọ, gụnyere Mahadụm ndị Washington D.C.",nei,nei,0.33233535,0.28906575,0.3785989
igbo,Chioma wee gaa Federal Government Girls College na Anambra State ebe ọ gụrụ Banking na Finance.,supports,nei,0.3291885,0.2905806,0.38023093
igbo,"N'ịgbado ụkwụ n'oke ala nakwa ngwaahịa, Ahịa Main Market Ọnicha bụ otu n'ime ahịa kacha bu ibu n'ọdịda anyanwụ Afịrịka",supports,nei,0.33278918,0.28867793,0.3785329
igbo,Grand Service Star (GSS) abụghị onyinye a na-enye ndị ekperima n'ihi na ha na-ezunahụ ndị mmadụ ego ha tara ahụhụ wee kpata,nei,nei,0.33119458,0.28889287,0.37991256
igbo,"Ugbu a, a mabeghi ihe ndị gọvanọ na-achị mpaghara ọwụwanyanwụ nke Naịjirịa kpatara na nzukọ ha",supports,nei,0.33138883,0.28971857,0.37889257
igbo,Osadebe si n'ahịrị ndị na-abụ abụ na ndị na-agba egwu n'ala Igbo.,supports,nei,0.3305291,0.28973413,0.37973675
igbo,Nwanyeruwa bụ nwanyị mere njem gaa ala bekee ga gụọ akwụkwọ na 1938 n'oge colonial Naịjirịa .,refutes,nei,0.3330698,0.2883387,0.3785915
igbo,Iwu mebere na onye ji ọkwa Senator ga-anọrịrị n'Abụja mgbe niile,nei,nei,0.33004496,0.29000685,0.37994823
igbo,Ụlọ nkwarị ha nwere n'obodo ha buru ibu.,nei,nei,0.32943967,0.2898099,0.38075042
igbo,Ọjà bụ ngwa egwu mana agụnyeghị ya na ngwa egwu ikuku.,refutes,nei,0.3287598,0.2900795,0.3811607
igbo,Ndị niile gara njem ife ala nna ha otu afọ nọ na Abụja gwara onyeisiala na ha chọrọ ka etinyekwuo ihe na-ego gọọmentị na-akwụ ha.,nei,nei,0.33185217,0.2883371,0.37981075
igbo,"Atụmatụ e mere n'afọ 2010 kwuru na ndị bi na Awka Etiti dị mmadụ 35,000.",supports,nei,0.33259478,0.2892658,0.3781394
igbo,"Ndị bi na Awka Etiti dị mmadụ 35,000 dị ka atụmatụ e mere n'afọ 2005 si kwuo. ",supports,nei,0.33255085,0.2891432,0.37830597
igbo,Wike gwara ha aṅala Nnadị Kanu nti.,refutes,nei,0.32851863,0.29045066,0.38103074
igbo,Ndị agha U.S anwakpola ndị agha Naịjirịa. Gọọmentị Naịjirịa na-arịọ ka ndị amala Naịjirịa gbatara ha ọsọ enyemaka.,nei,nei,0.33161977,0.28786284,0.3805174
igbo,Pericoma so n'aha mmanwụ ndị Igbo na-efe. Onweghi onye Igbo ji mmanwụ a egwu egwu,nei,nei,0.33112723,0.28857267,0.3803001
igbo,"Na omenala Igbo, a na-atụ anya na onye ọbụla gbagooro afọ iri ise na itoolu ekwesịla ịmepụta ihe na ndụ ya. Mba ọbụrụ gbagooro afọ iri ise na itoolu ekwesịgo inwe ihe ha mepụtagooro. Ihe ndị a na-ele anya iji chọpụta ogo ha nọ gụnyere nrụrụaka, ụgwọ opekatampe were dịrị gawa.",supports,nei,0.33337912,0.28819197,0.37842894
igbo,Naanị otu agbụrụ dị na Naịjirịa. Nke a mere ka udo na ịdị n'otu dị na Naịjirịa.,refutes,nei,0.33112505,0.28846818,0.38040677
igbo,Ndị Anambra na ndị Enugwu esoghi na steeti kwadoro Mary Udumeke na mbọ ọ na-agba iji megide ibi ndị alakụba ugwu.,nei,nei,0.33268964,0.28874543,0.37856492
igbo,Ebubo ndị mmadụ na-ebo ndị uweojii na ọ bụ Abang na ndị otu ya na-ebute kpachị kpachị na hed briji Ọnicha mere Abang ji mee ya bụ njem ị ga jiri anya ya hụ ihe na-eme n'ebe ahụ.,supports,nei,0.3321207,0.28860518,0.3792742
igbo,Ime ngagharị iwe na Naịjirịa ugbu a adịghịzị mfe n'ihi nrụrụaka n'etiti ndị ọchịchị na ndị ọka ikpe,nei,nei,0.33150285,0.28933996,0.3791572
igbo,Alfred Achebe a rụọla ọrụ odeakwụkwọ nke ndị Unilever Nigeria.,refutes,nei,0.32936704,0.29033342,0.3802995
igbo,A kutuola ebe obibi nke ndị Oyi,nei,nei,0.3270281,0.29149738,0.38147452
igbo,Ụmụ nwanyị akwụsigo ịmepụta ákwà Akwete.,refutes,nei,0.33040813,0.28966206,0.37992984
igbo,ógbè Gọọmentị Obodo na Anambra bụ ihe ịrịba ama dị n'ọnụ ụzọ mbata Oyi.,supports,nei,0.33064267,0.28967118,0.37968615
igbo,Okpa bụ nri a na-eri naanị mgbe a na-alụ agha maka na ọ pụrụ iche nke agbụrụ ndị ọzọ anaghị eri.,refutes,nei,0.33114517,0.2892387,0.37961617
igbo,Ozumba Mbadiwe wubere akwụkwọ mbipụta Native News mgbe ọ rụchara ọrụ ya dịka onye Minista n'afọ 1961,refutes,nei,0.3315716,0.28886276,0.3795656
igbo,Buhari kwusiri ike na gọọm̀enti ya kwadosiri azụmahịa na mekọrịta nke mba ECOWAS.,supports,nei,0.3320132,0.2896495,0.37833732
igbo,Onyeisi Steeti Pọtakụt kpọrọ ọgbakọ iji chọpụta onye gburu ụmụnwaanyị itoolu na steeti ya n'ọnwa Ọgụstụ.,nei,nei,0.33323348,0.28799787,0.37876868
igbo,Okigbo ji afọ ndụ ya niile na-agagharị na ọdụ.,supports,nei,0.32960293,0.2897756,0.38062146
igbo,Ndị niile jigoro ọkwa onye isi ọrụ ndị Amị (COAS) nke Naịjirịa na ndị ezinụlọ ha na-aga ala bekee ga biri.,nei,nei,0.33186775,0.28874767,0.37938455
igbo,R.Kelly mara onwe ya ikpe n'ebubo niile e boro ya.,refutes,nei,0.32802272,0.28996262,0.38201466
igbo,Onye nwe Facebook arịọla onyendụ ndị IPOB mgbaghara maka ịwepụ akaụntụ Facebook ya.,nei,nei,0.33162665,0.28906518,0.37930816
igbo,Ojukwu jụrụ ka ndi Briten chie ya echichi Knight of Briten Empire n'afọ 1945.,refutes,nei,0.33310592,0.2885725,0.3783216
igbo,Ebitu Ukiwe rụrụ orụ oyibo na mịnịstrị mgbasa ozi na Legọọsụ steeti site na Julaị 1978 rue Ọktọba 1979.,refutes,nei,0.33374086,0.28765842,0.3786007
igbo,David West ga-aba n'ụlọ mkpọrọ n'ihi na o gburu ụmụnwaanyị itoolu na Pọtakụt.,supports,nei,0.33081633,0.28916365,0.38002
igbo,Ndị Agha US nwakporo ndị agha Naịjirịa ụbọchị ụmụ amaala Naịjirịa na-eme Ngagharị iwe na US.,refutes,nei,0.3305606,0.28933683,0.38010255
igbo,"Maazị Siwze Kupelo ọnụ na-ekwuchitere ngalaba ahụike nke Eastern Cape ekwuola na ụfọdụ ezinụlọ na Satụ Afrịka ka na-aga n'ihu eli ozi, eme nnọkọ nke so akpata mgbasa ọrịa coronavirus.",supports,nei,0.3323417,0.28849265,0.37916562
igbo,"Ime ime obodo bụ ebe  nwoke, nwanyi, okorobịa na agbọghọbịa na-agba agwu ọdịnala.",nei,nei,0.33132455,0.28868902,0.3799864
igbo,"Chiifụ Stephen Osita Ọsadebe na  Oliver De Coque abụghị ụmụnne, nke mere ha ji ese okwu kamgbe 1974.",nei,nei,0.3324885,0.2887266,0.3787849
igbo,"Ọrịa coronavirus si Naịjirịa were kesaa mba ụwa. Mba ndị o mmetụta karịrị gụnyere Ghana, India na Ivory Cost.",refutes,nei,0.33215588,0.2888722,0.3789719
igbo,"Onye ume ngwụ kpuchie ute, agụ ekpughe ya.",nei,nei,0.32888937,0.2895209,0.3815897
igbo,N'ụlọ ọba ego ka Peter Obi na-arụ ọrụ tupu ọ banye na ndọrọ ndọrọ ọchịchị,supports,nei,0.33078697,0.28972533,0.37948772
igbo,Iheanachọ zụrụ mmadụ puku abụọ n'ụlọakwụkwọ praịmarị n'ihi na ọ chọrọ ka ụmụaka ahụ baara ndị mụrụ ha uru n'ọdịnihu.,nei,nei,0.33174726,0.2889927,0.37926003
igbo,Ndị jigoro ọkwa gọvanọ Anambra Steeti kamgbe 1998 eruola mmadụ anọ.,nei,nei,0.33116594,0.28938112,0.3794529
igbo,Ọtụtụ awụọla n'Abule Ado nke dị na mpaghara Festac na Steeti Legosi n'ihi Igwe na-ebu gassị nwuru ọkụ.,supports,nei,0.33265135,0.28861198,0.37873667
igbo,Ihe nkiri na-atọ ọchị enweghị ike ịtọlite ma guzosie akara Nollywood ike.,refutes,nei,0.32986125,0.28902945,0.38110933
igbo,Eze Aztec Nezahualpiltzintli nke Texcoco Eze bụ utu aha e nyere eze nwoke n'otu ọnọdụ.,supports,nei,0.33158892,0.28863305,0.37977803
igbo,Ndị Boko Haram wabara ụlọ akwụkwọ ndị Katọlik kpọrọ ndị niile nọ ebe ahụ.,nei,nei,0.3321331,0.28909567,0.37877122
igbo,Uche Nwonwu kwuru na ọ bụ mmiri dị n'azụ be ha ka ha na-aṅụ.,refutes,nei,0.33147106,0.2893935,0.37913537
igbo,Mahadum Imo steeti na nke Abia Steeti na-enweta enyemaka ego site n'aka ndị nne nke ụka Catholic na Anglịcan,nei,nei,0.3312233,0.28968617,0.37909055
igbo,Nnochi anya Iwobi na England ruo n'okpuru 18 larịị,supports,nei,0.32782683,0.2916065,0.38056666
igbo,Ndị DSS gwara ndị mmadụ ha tụọ ụjọ n'ihi na ha adịghị njikere ịrụ ọrụ nchekwa.,refutes,nei,0.33270785,0.28906032,0.37823182
igbo,Ndị Ideato South bụ ndị na-emepụta ihe a na-ere ere na nke a na-eri eri,supports,nei,0.32933062,0.28930485,0.3813645
igbo,"Ụbịam dị na Senigal, Naịjrịa na Ghana. Nke mere ndị obodo ndị ọzọ ji agbatara mba ndị a ọsọ enyemaka.",nei,nei,0.33260712,0.28778964,0.37960324
igbo,Ndị na-arụ ọrụ mịnịsta na Nigeria nwere ebe-obibi  onye isi ala na-enye ha maka ịnọ ndị ezinụlọ ha nso,nei,nei,0.33009842,0.28971785,0.38018376
igbo,Tiwa Savage etighi egwu na ntụrụugo ndị a.,refutes,nei,0.32816532,0.29080266,0.381032
igbo,Mazị Sam Ohuabunwa bụ ọkaibe n'ihe gbasara mkpata na mmefu akụ . Mazị Sam Ohuabunwa kwenyere na ndị Naịjirịa ji ụgwọ nwere ike ime ka ego Naịjirịa gharazi iwe isi nke na agaghịzi enwewu ike iji ya gotelie ihe na mba ụwa.,supports,nei,0.33305046,0.28832453,0.378625
igbo,Ojà bụ ngwa egwu ndị mmụọ.,nei,nei,0.32793835,0.29014137,0.38192028
igbo,Ọjà bụ ngwa egwu agụnyere na ngwa egwu ikuku,supports,nei,0.3282801,0.28985918,0.38186073
igbo,"Psquare, Pat Ọbasị na Aporoko Doctor tiri egwu n'emume e mere na Eko Convention Centre dị na Legos.",refutes,nei,0.332124,0.28911433,0.37876165
igbo,"Mmanya nkwụ na-esi n'osisi nkwụ, date palm, na osisi aki oyibo agbapụta, ma bụrụ mmanya na-aba n'anya.",supports,nei,0.3298635,0.28964862,0.38048792
igbo,Chinwoke Mbadinuju ji ọkwa dịka onye enyemaka onwe nyere onyeisi ala Shehu Shagari rue afọ atọ.,supports,nei,0.3313009,0.28803712,0.38066196
igbo,Ahịa dị na Naijiria dị mma ka a na-achịkwa ha ka e wee na-enweta ego nwunye Gọvanọ ji agagharị njem.,nei,nei,0.33230165,0.28845626,0.37924203
igbo,Okigbo ejighị afọ ndụ ya niile agagharị na ọdụ.,refutes,nei,0.32987952,0.2895418,0.3805787
igbo,Ogu bụ egbe ndị dinta ji abanye ọhịa iji chụta anụmanụ ha na ezinụlọ ha ga-eri.,refutes,nei,0.3314279,0.2885636,0.38000855
igbo,O teela aka ụmụakwụkwọ Afịrịka malitere gawa Mahadum ndị dị n'Ireland iji nweta nzere mmụta dị elu.,nei,nei,0.3333317,0.2885598,0.3781085
igbo,Ndị ọkaikpe ise ndị ọzọ ekwenyeghị n'ihe Ariwoola kwuru.,refutes,nei,0.3314134,0.2887101,0.37987658
igbo,Ụlọikpe jara ọkaikpe Chima Nweze ike sị na ihe o kwuru bụ ihe mere eme.,supports,nei,0.33160552,0.28911197,0.37928247
igbo,Ngozi Okonjo Iweala rụrụ ọrụ dị ka Managing Director n’ọba ego nke mba ụwa site n’afọ 2007 rue afọ 2011.,supports,nei,0.33163467,0.2895685,0.3787968
igbo,"N'oge emume ndị agha, ndị amị na-eso igwe mmadụ nọ n'obodo eri oriri.",nei,nei,0.33121514,0.28897986,0.379805
igbo,"N'Aba, ụmụnwanyị ha ka na-agbasị mbọ ike ịzụ ụmụ ha ọfụma",nei,nei,0.32927516,0.29006398,0.3806609
igbo,Venessa kwuru na mkpụkọ ọbara anaghị emekarị ụmụ nwaanyị buru ibu. O kpebiri ị ga n'ihu na-ebi ndụ ka o si masị ya.,refutes,nei,0.33171898,0.28933826,0.37894273
igbo,"Joseph Shabalala dị afọ iri asatọ na asatọ mgbe ọ nwụrụ. Joseph Shabalala ji egwu ya megide agha ndị Saụt Afrịka bụ ""Aparthied""",refutes,nei,0.3327327,0.28845546,0.3788118
igbo,"Ọdọ mmiri kachasị ukwuu di n' Imo Steeti bụ Ọdọ Mmiri Oguta, nke dị na Ndịda Ọwụwa Anyanwụ Naịjirịa. ",supports,nei,0.33300927,0.2877747,0.379216
igbo,"Emmanuel Nnamdị Ụba ji ọkwa dị ka Gọvanọ Anambra Steeti naanị ọnwa atọ, bido na April 2007 rue Juunu 2007",supports,nei,0.33252412,0.28829473,0.37918115
igbo,"Ọkammụta Nnabuihe kwuru maka ọtụtụ ihe a na-ajụ n'ase. Ha gụnyere mata maka nne na nna ndị chọrọ ịlụkọ, ma e nwere ọrịa dị na ezinụlọ, ha a na-ezu ohi, ha abụ ndị umengwụ. Ha abụ osu ka ha abụ ohu.",supports,nei,0.33228686,0.2882038,0.3795093
igbo,Ụlọikpe dị na Abụja ekwola na Sowore ga-anọ na nga ruo mgbe ọ nwụrụ.,refutes,nei,0.32998922,0.2887414,0.38126937
igbo,"Aha manilla ka ndị mmadụ chere na o sitere n'okwu e si na Spanish, Portuguese ma ọ bụ nke Latin wee nweta.",supports,nei,0.33101788,0.28960103,0.37938103
igbo,Lawrence Ifeanyi Ugwuanyi tuuru ugo ịbụ Gọvanọ nke Enugu Steeti n'ọnwa Eprel n'afo 2015.,supports,nei,0.3327474,0.28873855,0.37851408
igbo,Osikapa bụ nri ihanaeze. Ọ bụ nri nwa ogbenye na-eri kwa ụbọchị.,nei,nei,0.32947546,0.28910193,0.38142258
igbo,Ime ntụlịaka na Naịjirịa bụ ihe ndị Omeiwu na-eleba anya ịhụ na ọ na-akawanye mma,nei,nei,0.33028173,0.2901679,0.37955037
igbo,Ndị Demokrat na mba Amerịka enyela Pompeo naanị otu izuụka ịwepụta akwụkwọ na-egosi mmekọrịta ochịchị Trump na mba Ukren.,supports,nei,0.33287817,0.28859693,0.37852487
igbo,Ndị Katọlik jere ụka ụnyaahụ.,nei,nei,0.32826898,0.29003674,0.38169426
igbo,Gọvanọ Samụel Ortom kwuru na ọ ga-amachibipu eze obodo ọbụla na-ezochi ndị omekome gburu mmadụ anọ si Ebonyi Steeti.,supports,nei,0.33244488,0.2886799,0.37887523
igbo,Ụmụ nwanyị pụrụ apụ mgbe ha mere omume ngagharị iwe.,refutes,nei,0.3276171,0.29065737,0.3817255
igbo,Ọgwụ na-egbochi afọ ime emeghị Venessa Centeno ịwa. Ụmụ nwaaanyị na-aṅụ ọgwụ na-egbochi afọ ime adịghị ọtụtụ na mba ụwa.,refutes,nei,0.33126077,0.28886274,0.37987652
igbo,Chibuike Rotimi Amaechi ji ọkwa dị ka gọvanọ nke Rivers Steeti site n'afọ 2007 ruo 2015,supports,nei,0.33133397,0.28897858,0.37968746
igbo,Phyno mechara bụrụ hedịmasta n'ụloakwụkwọ sekọndrị ya.,refutes,nei,0.3302896,0.28948638,0.380224
igbo,Ododo ukwu dị n'Abịa Steeti nwegasịrị obere obodo ole ma ole mejupụtara ha.,nei,nei,0.3311673,0.28892016,0.37991256
igbo,Ndị DSS kọwara na ha dị njikere iru ọrụ nchekwa ha ma rịọ ndị mmadụ ka ha hapụ itu ụjọ.,supports,nei,0.33245984,0.28871205,0.37882805
igbo,Ụmụ agbaghọ Igbo na-eji aka ha agbaso ụmụokorobịa ka alụwa ha. Nke a bụ ihe ndị ntorobịa Igbo gwara ndị BBC na Facebook.,nei,nei,0.33165237,0.2889177,0.37942994
igbo,Ihe Chima Nweze kwuru abụghị ihe mere eme.,refutes,nei,0.32749125,0.29074514,0.3817636
igbo,E nweghịkwa nnukwu ndị Awka-Etiti diaspora na-enye aka na akụ na ụba obodo.,refutes,nei,0.3312598,0.28898868,0.3797516
igbo,Esemokwu dị n'etiti n̄ọchịchị Naịjirịa na Nnamdị Kanu. Nke mere ka gọọmentị Naịjirịa tụọ ya nga ndụ.,nei,nei,0.33235103,0.28776968,0.3798793
igbo,"BBC Igbo kwuru na ndị na-eso ha na Facebook sị na mmanya ọtọbịrịbịrị, azụ ndụ amịrị amị, data na mmanya beer. esoghi na ihe ndị na-enye ha obi aṅụrị. ",refutes,nei,0.33225146,0.28831148,0.3794371
igbo,Okigbo bi ndụ ya niile n'ọdụ ahịa.,supports,nei,0.3291701,0.29022035,0.3806095
igbo,Mkpa ọ dị ịmụta nwa nwoke n'ezinụlọ bụ ka ama ghara ichi. Nke gbara elu na aha ndị Igbo na-agụ nwa ha dịka Obiechina na Amaechina. A mụtaghị nwoke na-akụsa ọtụtụ ezinụlọ.,supports,nei,0.33136615,0.28933817,0.37929568
igbo,Mahadum Washington na Mahadum nke Nigeria na-agba mbọ inwe nkwekọrịta banyere ihe ọmụmụ sayensị na ǹkà,nei,nei,0.33173493,0.28928536,0.37897977
igbo,Dora Akunyili bụ onye ji ọkwa Gọvanọ ndị Anambara  ruo ihe dị ka afọ abụọ,refutes,nei,0.33032086,0.28949884,0.38018027
igbo,Ji e ji eme iri ji ọhụrụ bụ ji a sụrụ asụ.,refutes,nei,0.32904178,0.2903872,0.38057104
igbo,Akụkọ mmetụta ndọrọ ndọrọ ọchịchị na akụ na ụba dị ugbu a na Naịjirịa mere ka a mara Asaba dị ka ọdụ mpaghara obodo.,refutes,nei,0.33149207,0.2887246,0.37978336
igbo,Ndị ọrụ nchekwa na ndị uweojii jụrụ ịga gba ụlọakụ dị na Mpape Abụja ụbọchị Satọdee ndị ekperima wakporo ya.,refutes,nei,0.33108833,0.28884628,0.38006544
igbo,Nne Chioma Chukwuka rịara ọrịa oge a mụsịrị ya.,nei,nei,0.32729915,0.2909769,0.38172394
igbo,Sam Mbakwe bụ osote gọvanọ nke mbụ nke ndịda Naịjirịa n'afọ 1979. ,refutes,nei,0.32977363,0.2897344,0.380492
igbo,Senigal kacha bụrụ mba nwere nrụrụaka na mba ụwa niile.,refutes,nei,0.3296431,0.2892227,0.38113427
igbo,Naịjrịa so na mba kachasị arụpụta ụgbọala na mba Afrịka nakwa n'ụwa niile.,nei,nei,0.33169124,0.2891359,0.3791729
igbo,"Na Steeti Anambra, Kọmishọna na-ahụ maka azụmahịa aha ya bụ Christian Madụbuko dọrọ ndị Anambara aka na ntị ka ha mara ndị ha na-akwụ ụgwọ ụtụ isi na naanị gọọmentị nwere ikike ihibe ahịa.",supports,nei,0.33283812,0.28799593,0.37916595
igbo,Ebubo Gọọmentị Nigeria boro Nnamdị Kanụ bụ na o riri ego gọọmentị,refutes,nei,0.33046064,0.2897257,0.37981367
igbo,Onyeisi ndị ụlọụka ọgbara ọhụrụ bụ Bishop Godwin Madu kwuru na akwụkwọ mgbasaozi o wepụtara na ha agaghị anọrọ gba nkịtị ndị amụsu anara ha steeti Enugwu.,supports,nei,0.3329461,0.28876123,0.37829274
igbo,"Imo, Owerri na Umuoji bụ obodo ndị mebere ọchịchị ime obodo a.",refutes,nei,0.33142757,0.28929958,0.37927285
igbo,Republic nke Nigeria e ruola ise mana usoro ọchịchị mba ahụ ka na-agbagwoju ndị mmadụ anya n'ihi agwa ọjọọ,nei,nei,0.3316028,0.28927523,0.379122
igbo,N'oge ọchịchị Briten na Naịjirịa Nna Christopher Okigbo bụ onye nkuzi n'ụlọ akwụkwọ ndịozi ala ọzọ nke Katọlik.,supports,nei,0.33204013,0.28852877,0.37943116
igbo,Ozi a ha wepụtara dị n'akara twitter ha.,supports,nei,0.32538104,0.29005325,0.38456574
igbo,Onye enyemaka na mgbasaozi nye Onyeisiala Mohammadu Buharị kwadoro ihe Omotala Jalade-Ekeinde kwuru na Twitter ya na Naịjria bụ ọkụmmụọ n'ezie.,refutes,nei,0.3338252,0.2876687,0.3785061
igbo,O bụ ịkọ ọrụ ugbo so na ọrụ ndị mba Brazil dabere na ya isi na-abawanye ọnọdụ akụ na ụba ha ruo ugbu a.,nei,nei,0.33122656,0.2898541,0.37891936
igbo,Ọ bụ eziokwu na ha chịkọtara obodo ndị a tupu mba amachie ya.,refutes,nei,0.33102435,0.2893021,0.37967357
igbo,Naanị ikuku na ọhịa bụ ihe dị ka ọrụ ugbo mkpa iji wee ịga nke ọma,refutes,nei,0.33122006,0.2900293,0.37875065
igbo,E mechaa kpochie Nnadị Kanu na nga.,nei,nei,0.32853642,0.28987223,0.38159135
igbo,Nwaanyị ime na-eme na-eme ka onye ara. Ihere anaghị adị nwaanyị afọ ime na-eme . Ekpere ya niile bụ ka ọ mụọ nwa ya n'udo.,nei,nei,0.3312819,0.2885782,0.3801399
igbo,Chukwuma Kaduna Nzeogwu rụrụ ọrụ inye ụmụakwụkwọ Sociology ọzụzụ na Zaria ruo ọnwa isii,refutes,nei,0.3316504,0.28967083,0.37867877
igbo,Minista na-ahụ maka mgbasaozi na Naịjirịa bụ Laị Mohammed ekwuola na mgbachi okeala ndị Naịjirịa na mba ọzọ  emeela ka osikapa kwụsị ịbata ala Naịjirịa.,supports,nei,0.33215418,0.2888131,0.3790327
igbo,"Aha a na-akpọ nwoke ka ọ na-eto gụnyere; nwa nwaanyị, nwata nwaanyị na-eto eto, nwaada nwaanyị, obere agbọghọ na agbọghọ nwaanyị.",refutes,nei,0.3319993,0.2877741,0.38022667
igbo,"Mmanwu bụ ihe ọdịnala naanị ụmụ nwoke na-eme, ma bụrụ ihe nzuzo ndị mmadụ bu n'uche isi kpọtụrụ mmụọ ndị nna nna ha.",supports,nei,0.3310389,0.28946766,0.3794935
igbo,Joseph n'akwụkwọ nsọ bụ ọrọ nrọ. Ọ na-akọwara ndị mmadụ nrọ ha.,nei,nei,0.32971403,0.28944808,0.3808379
igbo,Kọmishọna na-ahụ maka azụmahịa aha ya bụ Christian Madụbuko gwara ndị Anambra ka ha na-akwụ onyeọbụla masịrị ha ụtụ isi.,refutes,nei,0.3317395,0.28970504,0.3785555
igbo,Okpunnabụenyi na-akpatara ụmụ okorobịa ọrịa kansa dịka nchọcha si gosipụta.,nei,nei,0.33086407,0.2887924,0.38034353
igbo,"N'afọ 2018, ndị Boko Haram tọọrọ ihe karịrị umụakwụkwọ narị n'obodo Dapchi.",supports,nei,0.33208388,0.28908062,0.37883544
igbo,"Ka ọnwa Janụwarị 2020 gbara abalị iri abụọ na otu, Burna Booy, Desmond Platnumz, Big Tril na Tiwa Savage bụ ndị oriegwu si mba Afrịka a ma ama so ti egwu na Eko Convention Centre dị na Legos.",supports,nei,0.33376622,0.2883746,0.3778592
igbo,Emmanuel Nnamdị Ụba ji ọkwa dị ka Gọvanọ Anambra Steeti ruo ọnwa isii e mechara ikpe iji chụpụ ya n'ọkwa ya na Juunu 2007.,refutes,nei,0.3332151,0.28806713,0.37871778
igbo,Mkpu maka okike Steeti Anioma anowo na-aga n'ihu kemgbe ọtụtụ iri afọ.,supports,nei,0.33031172,0.2897259,0.37996235
igbo,Ịjụ ase so n'otu ụzọ ndị Igbo si akpachapụ anya mgbe ha na-achọ ime alumdi na nwunye n'ihi na njem nwoke na nwaanyị ibikọ dịka di na nwunye abụghị nke agatụ alawa azụ.,supports,nei,0.3336891,0.28849167,0.37781924
igbo,Odogwu Afrịka chịrị Zimbabwe bido afọ 1980 ruo afọ 2017,supports,nei,0.32935625,0.29051343,0.38013032
igbo,Chinwoke Mbadinuju ji ọkwa dịka onye isi ndị amị n'oge Shehu Shagari bụ onye isi ala Naịjirịa.,refutes,nei,0.33195385,0.2889453,0.37910086
igbo,Nkwanye ugwu dị ka onye otu Order of the Niger onye isi ala kwanyere Edochie n'afọ 2003.,supports,nei,0.33207887,0.2888698,0.37905133
igbo,"N'afọ 1959, Chukwuma Kaduna Nzeogwu gara Royal Military Academy, Sandhurst ebe o nwetere ọkwa ịbụ onye isi ndị agha.",supports,nei,0.3337641,0.2877186,0.3785173
igbo,Igbo-Ukwu bụ obodo ebe e gwupụtara ihe mgbe ochie ndị gosiri na omenala ha gụnyere ịrụ ọrụ ọla kọpa kamgbe 90 AD.,supports,nei,0.3328515,0.28883773,0.37831077
igbo,N'obodo Okwe ka ndị isi bi.,supports,nei,0.32727903,0.28883588,0.38388503
igbo,Nwunye Mugabe kwadoro echiche gọọmentị ili dị ya ebe a na-eli ndị dike.,refutes,nei,0.3321266,0.28852433,0.37934905
igbo,"Tupu 1960 Naịjirịa nwetara nnwere onwe ya, ndị ọcha mekpara ndị isi ojii ahụ ma na-àzụ ha dịka ohù",nei,nei,0.33154303,0.28877246,0.37968457
igbo,Ndị Taiwan mere ngagharị iwe n'ihi na ha achọghị aluma nwoke na nwoke maọbụ nke nwaanyị na nwaanyị.  Ha achọghị ka iwu obodo ha kwado ya.,refutes,nei,0.33250755,0.28784662,0.37964582
igbo,"Na Czech Republic, otu onye oji egbe gara  ụlọọgwụ gbagbuo mmadụ isii ma gbagbukwaa onwe ya.",supports,nei,0.3308888,0.28912055,0.37999064
igbo,Mazị Sam Ohuabunwa kwuru na ndị Naịjirịa ji ụgwọ nwere ezi mmasị ime ka akụnụba Naịjrịa baanwanye ebe ọ dị ugwuu ka Naịjirịa nweike ịkwụ ha ụgwọ.,refutes,nei,0.33363378,0.28784853,0.37851763
igbo,Alvan Ikoku so n'òtu West African Educational Council (WAEC) ma sonyekwa n'òtù Council nke Mahadum Ibadan na 1950s..,refutes,nei,0.3350993,0.28813994,0.37676078
igbo,Ndị Brazil nyere goolu ozugbu Neymar gbanyere bọọlụ na poostu.,refutes,nei,0.3283744,0.2903454,0.38128018
igbo,Ihe ngosi e ji ama Ofala bụ na Obi na-eyi ekike eze ya n'uju wee pụta n'ihu igwe mmadụ nọ n'obodo.,supports,nei,0.33135098,0.28900588,0.37964317
igbo,Otu nwaanyị Aha ya bụ Mary kwụsịrị ogbugbu ụmụ ejima n'ala Igbo.,nei,nei,0.33048695,0.29028705,0.379226
igbo,Edochie bụ onye Katọlik.,supports,nei,0.32710448,0.28915024,0.3837453
igbo,"Gọọmentị Nigeria boro Nnamdị Kanụ ebubo aghụghọ, nwụchie ya ma jigide ya n'ụlọ mkpọrọ n'afọ 2015",supports,nei,0.3327152,0.28871152,0.3785733
igbo,Ndị na-egwupụta ihe ndị na-enye ego na Naịjirịa so na ndị na-ebute ihe egwu na igbu mmadụ n'ime obodo Naịjirịa n'oge ugbu.,nei,nei,0.3321313,0.28889942,0.37896922
igbo,"Naanị site n'isi ya esi ka e si eme Unere, nke a na-akpọkwa ""plantain"" ka ọ bụrụ nri.",refutes,nei,0.3310152,0.28891087,0.3800739
igbo,Ụlọikpe dị n'Abụja ji Sowore. Ụlọikpe kwuburu na mbụ na onye ọbụla ga-agbara Sowore akaebe ga-akwụ nde naịra iri ise tupu agbapụta ya na nga nke ndị DSS.,supports,nei,0.33312792,0.28841332,0.37845874
igbo,Nnadị Kanu gwara ndị Ipob ha aṅala ihe Wike na-ekwu ntị.,supports,nei,0.3308672,0.28948328,0.37964955
igbo,Mpaghara ọdịbendị na asụsụ nkịtị na ndịda bụ Ala Awụsa.,nei,nei,0.32973316,0.28943056,0.38083625
igbo,Ndị bi na mpaghara Anambra East na-akwa arịrị n'ihi enweghi ndị nlekọta ahụike na ụlọogwụ ha. Ha rịọrọ gọọọmentị ka e zitere ha ndị dọkịta ji otu afọ efe ala nna.,supports,nei,0.3322603,0.28818008,0.3795596
igbo,Emmanuel Nnamdị Ụba tuuru ugo dị ka onye onye isi oche gọọmentị ime obodo nke Njikọka na 2011.,refutes,nei,0.33205095,0.288545,0.37940407
igbo,Na Steeti Ebonyi Mary Udumeke na-agba mbọ ịhụ na a kwụsị ibi ụmụnwaanyị ugwu na steeti ya. Ọ na-agba mbọ ịhụ na iwu kwadoro nke a. Steeti Abịa na Imo ebinyebeghi aka na nkwado iwu a.,supports,nei,0.33303535,0.28817618,0.3787885
igbo,Mahadum nke Abụja mere ncheta ọmụmụ Jaja Wachuku iji wee sọpụrụ ya n'afọ 2020.,refutes,nei,0.33137223,0.28929183,0.37933588
igbo,Mbaise bụ obodo mmadụ dị ọtụtụ karịsịa n'Ọdịda Anyanwụ Afrịka ma bụrụ obodo ọtụtụ ododo ukwu na nke nta mebere n' Imo Steeti.,supports,nei,0.33260062,0.28864175,0.3787576
igbo,Ndị na-esi nri buru ibu na-ekewa ya isi ya n'obere ka o wee ọọ ụtọ.,nei,nei,0.33049276,0.28880292,0.3807043
igbo,A dịghị ekwu ihe na-eme ebe a na-akuziri ụmụnwoke etu ha ga-esi bụrụ ụmụnwoke ga-abara obodo uru.,supports,nei,0.33074853,0.28892878,0.38032266
igbo,Jaja Wachuku bụ Mịnịsta mbụ nke Naịjirịa maka ihe gbasara mba ofesi.,supports,nei,0.33163637,0.2894836,0.37888005
igbo,Ha arụsịala ụlọ ahụ ha wuliri.,nei,nei,0.32805625,0.29098,0.38096374
igbo,Ọ dịghị mkpa ka a kuziere ụmụaka otu e si akpata na otu e si emefu ego,refutes,nei,0.33084038,0.28947672,0.37968287
igbo,Omume ngagharị iwe ahụ gụnyere 'ịnọdụ ala' site n'aka ụmụ nwanyị.,supports,nei,0.33018264,0.28992605,0.37989128
igbo,"Na Republic Naịjirịa nke Abụọ, Alex Ifeanyichukwu Ekwueme ji ọkwa osote onyeisiala nke Naijiria site n'afọ 1979 ruo 1983",supports,nei,0.333652,0.28772354,0.37862444
igbo,Akamụ na-asa nwaanyị mụrụ nwa ọhụrụ afọ. Ọ dịghị mma ka nwaanyị na-ahụ akamụ na mmiri ara ehi.,refutes,nei,0.33084476,0.28904098,0.38011426
igbo,Mansur Dan-Ali nyere ndị agha Naịjirịa iwu ịkwaga Borno ngwangwa.,refutes,nei,0.3315308,0.28884572,0.37962353
igbo,Ọ dị mkpa ka mmadụ na-eri ego ọ na-akpata n'ihi na nke onye riri ka o bu ala mmụọ.,refutes,nei,0.3317123,0.28866926,0.37961844
igbo,R.Kelly otiegwu si Amerịka bụ onye e kwuru na o dinere ụmụaka iri na atọ na Chicago sị na ebubo niile ahụ bụ asị.,supports,nei,0.33354163,0.2887458,0.3777126
igbo,"Ndị uwe ojii Czech Republic sị na otu onye oji egbe nwakpro ụlọakụ, gbagbuo ndị nọ ebe ahụ.",refutes,nei,0.33329034,0.28791544,0.3787942
igbo,"Na 1957, Ozumba Mbadiwe weere ọkwa dịka Minister nke Naịjirịa na-ahụ maka azụmahịa. ",supports,nei,0.33203295,0.28852832,0.3794387
igbo,"N'ịgbado ụkwụ n'oke ala nakwa ngwaahịa, Ahịa Main Market Ọnicha akaghị ahịa Arịarịa nke Aba bu ibu",refutes,nei,0.33145052,0.28981075,0.3787387
igbo,Ebe obibi nke ndị Oyi bụ Enugu.,refutes,nei,0.32792085,0.2905122,0.38156694
igbo,"Otu ụzọ kacha dị mfe ikuziri ụmụaka ka e si akpata na ka e si emefu ego bụ site n'ihe ha hụrụ ị na-eme. Ị bụrụ onye na-ezi nke ọma, ọ ghaghị esiri ụmụ gị ike ịmụta ya.",supports,nei,0.3319004,0.28855288,0.37954676
igbo,"Mba Russia, UAE, na Saudi Arabia so na mba ndị kacha azụ ahịa mmanụ ụgbọala n'ụwa nile.",nei,nei,0.33189657,0.28959274,0.37851074
igbo,Akụkọ a ma ama na-ekwu na-ekwu na onye atọ a mara nke ọma n'Akwete bụ Dada Nwakata,refutes,nei,0.3306543,0.2891195,0.38022617
igbo,Alvan Ikoku wubkwara ụlọ akwụkwọ Christ the King College nke Onitsha n'afọ 1934.,refutes,nei,0.33301628,0.2890026,0.3779811
igbo,Mba Nigeria nwere steeti iri atọ na isii ndị e ji ịrụ ọrụ na ịgba mbọ wee mara,nei,nei,0.3314375,0.28906074,0.37950173
igbo,"Ihe nkiri ọha na eze ji ezu ike n'ala Igbo gụnyere bọọlụ, ịgba egwu, na ịnụ mmanya. ",nei,nei,0.33279613,0.288771,0.3784329
igbo,"N'afọ 2010, onye isi ala Naịjiria nyere Jenaral Ihejirika ọkwa Mịnịsta. ",refutes,nei,0.33140448,0.28852394,0.38007164
igbo,Nwankwo Kanu bụ dibịa ọdịnaala a maa ama n'ala Igbo,nei,nei,0.3294532,0.29039773,0.38014907
igbo,Mikel nwetara onye ga na-eche ya nche ma kwaga na họtel dị iche maka nchekwe.,supports,nei,0.32940176,0.2897579,0.3808403
igbo,Ndị na-enye ọzụzụ na Army College na-akụziri ụmụakwụkwọ ka e si anya ụgbọala,nei,nei,0.33014563,0.2892823,0.38057202
igbo,Osikapa anaghị agba ụka ọsịsọ ruo ogoglogo oge.,refutes,nei,0.32960418,0.2899366,0.38045925
igbo,"Igbo-Ukwu, nke bụ obodo nwere akụkụ atọ ndị mebere ya, dị na mgbago ugwu nke Naijiria.",refutes,nei,0.3334463,0.28802398,0.3785298
igbo,E nwere ezinụlọ n'ụmụnna niile a mara dịka 'obi',supports,nei,0.32919097,0.2897404,0.38106865
igbo,"Njaba nwetara aha ya site n'aha onye bekee nyere ala ahụ mgbe ọ bịara hụ ọnụọgụ mmadụ 143,485 bi n'ime ya n'afọ 2006.",refutes,nei,0.33283466,0.2887756,0.37838975
igbo,Ndị mba ụwa ka na-enyocha etu ndị injinịa Biafra siri kpa ike ịrupụta ngwa agha n'oge agha Biafra nke 1967-1970.,nei,nei,0.33268097,0.28854483,0.37877423
igbo,E nweela Obi chịrị obodo Onitsha ruru iri kamgbe century a ruo ugbu a.,nei,nei,0.3301271,0.2898447,0.38002816
igbo,Nsibiri a mere ka mmadụ niile mụta ịgụ akwụkwọ.,nei,nei,0.3299946,0.28942403,0.38058135
igbo,Ụmụ Osadebe na-agụkwa egwu.,nei,nei,0.32770267,0.28972235,0.382575
igbo,Atiku kwuru na ọmụrụnwa so ego mmadụ bitere kwesịri ịka ego onye ahụ na-akpata. Atiku dọrọ aka na ntị na ọ dịghị mkpa ka Naịjirịa chọta ụzọ ọzọ ha ga-esi akpata ego n'ihi na Mba ndị ha ji ụgwọ apụghị iwekọrọ akụnụba ha.,refutes,nei,0.33340737,0.2876513,0.37894133
igbo,Ụfọdụ ndị kwenyere na e nwetara ala a site na agha na ogbugbu nke ndị si Umualaoma.,supports,nei,0.32994813,0.28959814,0.38045374
igbo,Nwoke ichi Ọzọ gosiri na onye ahụ amalitela ikwu okwu.,nei,nei,0.32874015,0.28827018,0.38298962
igbo,A mụghị Osadebe n'obodo Igbo.,refutes,nei,0.32891467,0.28942832,0.38165703
igbo,"Ndị mmadụ na-achọ ịma ụfọdụ ihe gbasara njem ụgbala, nke mere ka Henrietta Yakubu kwuo na gọọmentị amachiela ndị mmadụ iji ụgbọala eme njem ugbua ruo ọnwa abụọ na-abịa.",refutes,nei,0.3322626,0.28832042,0.37941694
igbo,"Ibini Ukpabi, ihe ndị Amerịca na-akpọ Obere Ju-ju bụ okwu ndị Aro Chukwu dị na ndịda ọwụwa anyanwụ Naịjirịa.",refutes,nei,0.33215323,0.28904057,0.3788062
igbo,Chuba Okadigbo gara Mahadum dị na Washington D.C ikwu okwu gbasara ụdịrị ndọrọ ndọrọ ọchịchị e nwere n'ụwa.,refutes,nei,0.3330109,0.28793886,0.3790502
igbo,Jurgen Klopp bụ oche goolu ndị liverpool gwara gọọmentị Sweden na ha ga-agba mbọ hụ na ndị na-agba bọọlụ nwere ezi nchekwa ahụike.,nei,nei,0.33196127,0.28896683,0.3790719
igbo,Naanị ụmụnwaanyị ka a na-ebi ùgwù.,nei,nei,0.33015582,0.28926674,0.38057745
igbo,Ọ nweghị ihe e mebiri na Lekki Lagos.,refutes,nei,0.32982022,0.28945538,0.3807244
igbo,Ndị Igbo anaghị eri nri.,nei,nei,0.32693306,0.28932256,0.3837444
igbo,Nri na-enye anyị ike.,nei,nei,0.32592243,0.28892308,0.3851545
igbo,Ozi a ha wepụtara adịghị n'akara twitter ha.,refutes,nei,0.3269008,0.28983495,0.3832642
igbo,Ihe na-amasị ụmụaka bụ ịgụpụta obodo ole dị n'ime Steeti ndị dị na Naịjiria,nei,nei,0.33153373,0.28916508,0.37930125
igbo,"Taa, ụmụ nwanyị na-aga n'ihu na ịmepụta ákwà Akwete.",supports,nei,0.33080354,0.28923663,0.37995985
igbo,Shehu Shagari so n'otu n'ime ndị ugwu awụsa chịgoro Naịjirịa kamgbe independence.,nei,nei,0.33139488,0.2898471,0.37875804
igbo,Mpaghara ndịda Anambara Steeti na na-eti mkpu banyere ike mbuze na-akpa na mpaghara ha kamgbe afọ 2011.,nei,nei,0.33034456,0.2899484,0.379707
igbo,"Ibini Ukpabi, ihe ndị Briten na-akpọ Long Ju-ju bụ okwu nke Aro Confederacy nke dị na ndịda ọwụwa anyanwụ Naịjirịa.",supports,nei,0.33329365,0.28804117,0.3786652
igbo,Buhari ekwụsighị ike na gọọm̀enti ya kwadosiri azụmahịa na mmekọrịta mba ECOWAS.,refutes,nei,0.33314523,0.28901565,0.37783912
igbo,O bụ ịkụ azụ na ịru ọrụ igwe na-enye obodo Mbaise ego  tutu ruo mgbe ndị Europe batara n'ime Naijiria.,refutes,nei,0.33127505,0.289253,0.379472
igbo,Chris Nwabueze Ngige laghachiri azụ bụrụ Gọvanọ mgbe ọ rụchara ọrụ dịka onye Omeiwu,refutes,nei,0.331097,0.28896892,0.37993413
igbo,Akwa mmiri ahụ adaala.,nei,nei,0.3269531,0.29010165,0.3829452
igbo,"Esemokwu adịghị mma, nke mere ndị Pastọ na Ukọchukwu ji ekwu okwu ka ọ kwụsị.",nei,nei,0.33146647,0.28881416,0.37971938
igbo,Mkpu maka okike Steeti Anioma anaghị aga n'ihu kemgbe ọtụtụ iri afọ.,refutes,nei,0.33050153,0.2901033,0.3793952
igbo,Jenaral Azubuike Ihejirika bụ onye isi ndị amị nwetara nturu ugo nke mere ndị Amị Naịjirịa jiri nye ya nkwanye ugwu dị ka Grand Service Star (GSS).,supports,nei,0.33371723,0.28851414,0.3777686
igbo,Chibuike Rotimi Amaechi nyere ndụmọdụ ka e bugharịa isi ụlọọrụ NNPC gaa Rivers State,nei,nei,0.33091307,0.2894041,0.3796828
igbo,"Rachael Okonkwo amaliteghị ime ihe nkiri mgbe ọ bụ nwata, mana n'ihi ọ na-enweta ọrụ, ọ gbanwere ọrụ ya n'ịme ihe nkiri..",refutes,nei,0.3323323,0.28833085,0.3793368
igbo,Ndị ọkaikpe ise ndị ọzọ kwenyekwara n'ihe Ariwoola kwuru.,supports,nei,0.33109558,0.2888911,0.38001338
igbo,Swizaland nọ n'ọkwa isii nke mba kachasị agba bọọlụ dịka mkpọpụta ndị FIFA si dị. Ndị mmadụ na-ele ndị Brazil ịma ma ha a ga-eme nke ọma karịa Jamini.,supports,nei,0.3323864,0.28882575,0.37878782
igbo,"Lawrence Ifeanyi Ugwuanyi gara ileta ndị ọrịa na-arụ ọrụ n'obi eze nke ndị Ovoko, n'Igboeze North.",nei,nei,0.33266369,0.28878078,0.37855557
igbo,A họpụtara Ike Ekweremadu ịbụ Senator ndị Enugu West ugboro ise na ntụlịaka ise dị iche iche kamgbe 2003,supports,nei,0.3311926,0.28915766,0.37964973
igbo,Ndị bi n'ala Igbo bụ ọdịbendị Igbo dị iche iche na ndị na-asụ asụsụ dị iche iche.,supports,nei,0.3310666,0.28946334,0.37947008
igbo,Minister Naịjirịa na-ahụ maka azụmahịa. anaghị anọ n'ime obodo ya n'ihi na ọ hụrụ ime njem n'anya.,nei,nei,0.33047268,0.29010063,0.37942675
igbo,Onye isi ala akwanyeghị Edochie ugwu n'afọ 2003.,refutes,nei,0.32936564,0.28930742,0.38132694
igbo,Ndị gọọmenti nyere ndị Igbo aka tupu ha amalite iwu ụlọ.,refutes,nei,0.3299707,0.28974885,0.38028046
igbo,Otu nwaanyị BBc Igbo gbara ajụjụ ọnụ sị na o kpebiri ịga nọchite Naịjirịa na mba ofesi maka asọmpi na-abịa.,nei,nei,0.3323785,0.2890638,0.37855768
igbo,Ofo bụ ngwaagha ndi Igwe na ufodu masquerade na-eji n'aka wee na-akpaghasị ndị mmadụ anya iji mee mpụ.,refutes,nei,0.33246598,0.28894323,0.37859082
igbo,"Mgbe a na-akuziri ụmụnwoke etu ha ga-esi bụrụ ụmụnwoke ga-abara obodo uru, a na-ekwu ihe na-eme ebe ahụ.",refutes,nei,0.33030012,0.28873783,0.38096204
igbo,"Agbụrụ ndị Yoroba nwere alụsi ha na-akpọ Sango, bụ nke ha hụrụ ka chi siri ike.",nei,nei,0.33259302,0.28866598,0.37874103
igbo,Mikel buru bọl ya wee baa ahịa.,nei,nei,0.32730234,0.29099503,0.3817026
igbo,Oke mmiri ozuzo na amụma igwe gburu opekatampe mmadụ karịrị iri abụọ na ise nọ n'ime ụgbọelu Libya Arab Airlines nke 114 Feb 1993,refutes,nei,0.3321647,0.28992453,0.3779108
igbo,"Ugbua, ụmụ nwoke pụrụ ịtụrụ ime. Ụmụ nwaanyị pụkwara ịtụba ụmụ nwoke ime.",nei,nei,0.32961854,0.28989646,0.38048494
igbo,Egusi bụ nri dị n'ụdị mkpụrụ jupụtara na protein nke ụfọdụ nke na-esokarị n'isi ihe e ji eme nri n'ọdịda anyanwụ Africa.,supports,nei,0.3329263,0.28840023,0.3786734
igbo,Ndị mba bụ ndị bi n'Abakaliki.,supports,nei,0.32888827,0.29011858,0.3809932
igbo,"Ogbe Ani, Ogbe Akwu, Azungwu na Umu Dei so n'obodo iteghete dị n'ime Ọgwashi-Ukwu.",supports,nei,0.3318996,0.288379,0.37972137
igbo,Ọ bụghị Federal Government Girls College ka Chioma nọ gụọ Finance.,refutes,nei,0.33009186,0.29051048,0.3793977
igbo,Ihe onye ruru ogo ya abụghị ụsa. Ọ dị mkpa ka mmadụ na-agba mbọ ịkpata ego n'ụwa maka ogbenye enweghi ọnụ okwu n'ụwa.,nei,nei,0.3320802,0.28848377,0.3794361
igbo,Ụmụ nwanyị bi na West Africa alụọla di.,nei,nei,0.32959187,0.2905938,0.37981436
igbo,Major Akeem Oseni na-agba ọsọ ọchụ mgbe a nwụchiri ya na mba Cotonu dịka ọ chọrọ isi ebe ahụ gbaga mba Amerịka.,supports,nei,0.33343717,0.28816378,0.37839904
igbo,Ebumnuche IPOB bụ ka mpaghara ọdịda anyanwụ Nigeria kwụsie ike maka inweta ọkwa dị elu na Nigeria,refutes,nei,0.33222762,0.28896552,0.3788069
igbo,Emeka Odumegwu Ojukwu bụ onye ndị Igbo agaghị echefu echefu. A mụrụ Emeka Odumegwu Ojukwu na Nnewi N'afọ 1909.,supports,nei,0.33359346,0.28706804,0.3793385
igbo,Lucia Azzolina siri na ha emeela mkpebi banyere igbochi ụlọakwụkwọ Sekọndịrị na Mahadum.,refutes,nei,0.33120406,0.28926444,0.37953147
igbo,"Na Republic nke abụọ nke Nigeria, P.N. Okeke-Ojiudu ji ọkwa Gọvanọ Anambara. ",refutes,nei,0.3330303,0.28766108,0.3793086
igbo,"Oguta, ya bụ obodo Francis Arthur Nzeribe, nwere ọtụtụ ụlọ n'ime ya",nei,nei,0.33077732,0.28959748,0.3796252
igbo,Aha manilla ka ndị mmadụ chere na o sitere n'okwu e si na German ma ọ bụ nke Italian wee nweta.,refutes,nei,0.3304425,0.29008162,0.3794759
igbo,Nnochi anya Iwobi bụ ihe ihere nyere onye ọbụla Maa ya.,nei,nei,0.32837096,0.29040772,0.38122126
igbo,"Igbo-Ukwu, nke bụ obodo nwere akụkụ atọ ndị mebere ya, bụ obodo dị na steeti Anambra nke Naijiria.",supports,nei,0.33316198,0.28796715,0.3788709
igbo,Jurgen Klopp ga-akwụ nde paụnds asatọ n'ihu iwu egwuregwu ọ dara ịgbaba n'ime ọgbọ egwuregwu.,supports,nei,0.33250058,0.28881153,0.37868795
igbo,Mikel enwetaghị onye ga na-eche ya nche ma ọ kwagaghị na họtel dị iche maka nchekwe.,refutes,nei,0.3314756,0.28870973,0.3798147
igbo,"Ndị mmadụ na-agba ọla kọpa n'aka, were ya na-achọ mma ruo ugbu a.",nei,nei,0.329446,0.29016095,0.38039306
igbo,Amaghị onye gburu Lance Corporal Benjamin Collins.,refutes,nei,0.32955876,0.29180944,0.37863183
igbo,Ndị Igbo bụ ndị mejupụtara Biafra ma bụrụ ndị na-arụ ọrụ nke ọma.,nei,nei,0.32967174,0.29001784,0.3803104
igbo,Ndị Facebook mechiri akaụntụ Nnamdị Kanu onye na-achị ndị IPOB.,supports,nei,0.32948285,0.2897695,0.38074762
igbo,Abang kwuru na ya na ndị ọrụ ya ekeela nkwụcha ịhụ na ọgbatauhire ọbụla dị n'ụzọ ahụ n'izu a.,refutes,nei,0.33200634,0.2893504,0.37864327
igbo,Ezigbo aha DJ Switch bụ Obianuju Catherine Udeh. DJ Switch bụ onye Udi na Steeti Enugwu.,supports,nei,0.33225244,0.28819048,0.3795571
igbo,"West Africa Manillas bụ ụdị ego a rụrụ na West Afrịka site n'ọla nchara ma ọ bụ kọpa, iji soro ndị Portugal zụọ ahịa ruo 1940.",supports,nei,0.3315747,0.2901664,0.37825888
igbo,E mebiri ọtụtụ ihe ma gbaa ọtụtụ ọkụ na Lekki Lagos.,supports,nei,0.3301885,0.29023424,0.37957725
igbo,Oyi bụ ebe obibi nke ndị Oyi,supports,nei,0.32734585,0.29147476,0.3811794
igbo,Nwata amụrụ ọhụrụ kwesịrị ka a na-eyichi ya ahụ nke ọma. Ọ bụ oge dị etu a ka nne na nna nwata ga-akpachapụ anya na-edebe gburugburu ebe obibi ha ọcha.,nei,nei,0.33186528,0.28836384,0.37977085
igbo,Naịjrịa nwere opekatampe asụsụ narị ise. Naịjrịa bụ mba na-ele ọbịa nke ọma.,nei,nei,0.33152226,0.28877917,0.37969854
igbo,"N'afọ 2011, Chris Nwabueze Ngige nwetara mmeri dịka onye a họpụtara ịbụ onye omeiwu nke Anambra Central. ",supports,nei,0.33342442,0.28779823,0.37877733
igbo,"Otu ezinụlọ a e kewara nwere nne, nna na ụmụaka.",nei,nei,0.32927963,0.28893358,0.3817868
igbo,Henrietta Yakubu bụ onyeisi ndị omeiwu na gọọmentị Naịjirịa n'ihe gbasara njem ụgbọelu na ụgbọala.,refutes,nei,0.33181202,0.28839958,0.37978846
igbo,Gọọmentị Naịjerịa na-achọ ụzọ ha ga-esi ebite ego ha ga-etinye n'ọrụ ugbo.,nei,nei,0.3300607,0.28878394,0.38115534
igbo,Dr Tedros kwuru na ụfọdụ mba enweghị ndị ọrụ doro anya.,supports,nei,0.32957834,0.28963548,0.38078624
igbo,"Naịjirịa bụ mba dị n'Afịrịka, nke ndị bi na ya si agbụrụ dị iche iche ma ọgbaghara na-adapụta mgbe ụfọdụ",nei,nei,0.3312353,0.2898868,0.37887788
igbo,Henrietta Yakubu kwuru na ọ dị mkpa ka ndị na-eme njem ụgbọelu bịa awa abụọ tupu oge njem ha eruo nke bụ ka enweike igbu nje ga-anọ n'akpa ma nyere ahụike ha aka.,supports,nei,0.33294204,0.28819588,0.3788621
igbo,"Ejike Obumneme Aghanya bụ injinia eletrik a mụrụ na 1932, onye so ndị Biafra wee lụ Agha Biafra.",supports,nei,0.33156693,0.28870675,0.3797263
igbo,"Naijiria nwere steeti iri atọ na isii mebere ya, ndị na-atụ ụtụ isi nye gọọmentị etiti.",nei,nei,0.33242947,0.28827342,0.37929714
igbo,"Na Nigeria, ọtụtụ ndị na-agba mbọ iji hụ na e boghị ha ebubo ụgha",nei,nei,0.33109203,0.2898563,0.37905166
igbo,"Ngozi Okonjo Iweala bụ mịnịsta na-ahụ maka ego na Nigeria, malite n’afọ 2003 rue 2006; nakwa site n’afọ 2011 rue 2015.",supports,nei,0.3327146,0.2889759,0.37830952
igbo,Nna nke Europe bụ onye isi ụlọakwụkwọ ha.,nei,nei,0.32738703,0.29192886,0.3806841
igbo,Davido kwuru na enyi ya nwaanyị bụ Chioma nwere ọrịa coronavirus. Davido matara ọrịa enyi ya nwaanyị mgbe ha si London lọta.,supports,nei,0.33141294,0.28947082,0.37911627
igbo,Emmanuel Iwuanyanwu gụrụ akwụkwọ Mahadum na Nsukka ma rụọ ọrụ na Nigerian Construction and Furniture Company,supports,nei,0.33175454,0.28921175,0.37903368
igbo,"N'oge gboo, ndị Igbo ji anwụ echekwa nri ha.",supports,nei,0.3286955,0.28967655,0.38162795
igbo,Rachael bụ onye mara eme ihe niile.,nei,nei,0.32654148,0.29007235,0.38338616
igbo,Emmanuel Nnamdị Ụba tuuru ugo dị ka onye a họpụtara ịnọchite anya ndị ndịda Anambara na ntuli aka nke Epurel 2011.,supports,nei,0.33225507,0.28890198,0.37884295
igbo,"John Abeng bụ onyeisi ndị uweoji na Steeti Anambra ekwughi ihe ọbụla banyere ịchụpụ ndị ohi, ndịotu nzuzo na ndị ntọrị mmadụ na Steeti Anambra.",refutes,nei,0.33336207,0.28789905,0.37873885
igbo,Chima Nweze bụ onyeisi ala anyị.,nei,nei,0.3255846,0.29062396,0.38379145
igbo,Napkin maọbụ ọgọdọ a dọrisiri adọrisi so na ihe ndị mmadụ ji ekechi ụmụ ha ukwu ka nwata ghara ịnyụ maamịrị maọbụ nsị n'ahụ.,nei,nei,0.33273637,0.28842503,0.37883857
igbo,"Umele, Aguwa, Ohima, Umuerim, Isiekwe, Ebeise, Umuokwara, Ogbelle, Amafor na Umudirogha so n'ụfọdụ obodo mejupụtara Njaba",supports,nei,0.33358645,0.28707597,0.3793376
igbo,E nwere ụdị mmiri dị iche iche.,nei,nei,0.32775074,0.28958037,0.38266885
igbo,Idemịlị South local government area of Nigeria mba/obodo adịghị na ngalaba nhazi mpaghara dị na mpaghara oge UTC+01:00 nhazi ọnọdụ,refutes,nei,0.33242026,0.2892334,0.3783463
igbo,Obodo ọtụtụ mmadụ bi n'ime ya na-enwe nsogbu mmiri na ebe obibi dị mma karịsịa ebe ha dị obere.,nei,nei,0.331802,0.2894699,0.37872812
igbo,E riela m osikapa na ofe.,nei,nei,0.32584938,0.29030597,0.3838447
igbo,Peter Obi kụziri nkụzi n'ụlọakwukwọ Christ the King College n'afọ 1975,refutes,nei,0.33146486,0.2899941,0.37854108
igbo,Ndị Igbo na-eji ji ama onye bụ dimkpa nakwa onye abụghị onye ume ngwụ.,supports,nei,0.3306589,0.28926367,0.38007745
igbo,"Ndị ntorobịa ugbu a chọrọ ka ha nọrọ n'afọ nne ha wee bụrụ Igwe, ukochukwu, ma ọ bụ eze.",nei,nei,0.33130696,0.28874025,0.37995282
igbo,Gọvanọ Samụel Ortom chọpụtara obodo ndị zochiri ndị omekome ahụ gburu mmadụ anọ si steeti ebonyi.,refutes,nei,0.33232445,0.28904837,0.37862715
igbo,Naịjrịa ga-emerị ndị Swizaland na-asọmpi a ga-agba n'afọ puku abụọ na iri abụọ na isii.,nei,nei,0.33148485,0.2892872,0.37922797
igbo,Otu nwoke gburu mmadụ ise n'ezinụlọ ya. Nke mere ka atụọ ya nga mkpụrụọka. Ọ ga-anọ na nga ndụ ya niile.,supports,nei,0.33052003,0.28892794,0.38055205
igbo,Delta steeti na ndị bi n'ime ya anaghị enwe aṅụrị n'ihe na agụụ dị n'obodo.,nei,nei,0.33185968,0.28922305,0.37891728
igbo,World Health Organization kwuru na o nweghi uru ọ baara ụmụ nwaanyị ibi ha ugwu. naanị ọghọm juputere na ibi nwaanyị ugwu. Ihe karịrị nde narị ụmụ nwaanyị abụọ na mparaghara ụwa bụ ndị e bigooro ugwu.,supports,nei,0.3329706,0.28865498,0.37837443
igbo,Akụkọ mmetụta ndọrọ ndọrọ ọchịchị na akụ na ụba dị ugbu a na Naịjirịa mere ka a mara Asaba dị ka isi obodo mpaghara.,supports,nei,0.33236226,0.28829417,0.37934357
igbo,"N'obodo ndị na-enweghị ọtụtụ ụlọ, ọtụtụ ezinụlọ na-ebi n'èzi",nei,nei,0.3287767,0.29009515,0.38112816
igbo,"Ichi abụghị ụlọ akwụkwọ a ma ama, ya mere, ndị Igbo na ụfọdụ Delta Igbo anaghị eme ya.",supports,nei,0.33028924,0.289952,0.37975875
igbo,"Ichi bụ ụlọ akwụkwọ a ma ama, ya mere, ndị Igbo na ụfọdụ Delta Igbo na-eme ya",refutes,nei,0.32940453,0.29018262,0.38041282
igbo,Ikuku bụ otu akụrungwa dị ezigbo mkpa e ji echekwa nri.,supports,nei,0.33080173,0.28893772,0.38026053
igbo,"Ndị ọcha emeela ka ndị Igbo hapụ usoro ha ji alụ nwaanyị gbaso usoro nke ndị ọcha. Ugbua, ụfọdụ anaghị alụkọ ma ha na-ebiri dịka di na nwunye.",nei,nei,0.3330118,0.28834823,0.3786399
igbo,Ndị ụlọọgwụ na ndị agaha Naịjrịa ka na-eme nchọcha ịmata ihe gburu Odira Nwobu onye Naịjrịa nwụrụ na South Afrịka.,nei,nei,0.33219305,0.28853497,0.37927198
igbo,Mba Ireland na-agba mbọ mgbe niile inwe Mịnịsta na-ahụ maka ihe gbasara ọrụ ugbo,nei,nei,0.33087558,0.28965983,0.3794646
igbo,"N'ihi ọdịda Eze Charlemagne nwetara n'agha, a na-akpọ ya 'Eze nke Europe'",refutes,nei,0.33350015,0.2889497,0.37755018
igbo,"Mmanwu Ikoro bụ otu n'ime ụdị mmawu ndị a na-ahụ anya, nke e mebere maka ọha na eze. ",supports,nei,0.33094242,0.2895707,0.3794869
igbo,Ndị Facebook ka hapụrụ Akaụntụ Facebook nke onyendụ ndi IPOB aha ya bụ Nnamdị Kanụ.,refutes,nei,0.33228892,0.2890635,0.37864757
igbo,Eze Aztec Nezahualpiltzintli  bụ aha a na-etu onye gburu agụ.,nei,nei,0.32968217,0.28931987,0.38099796
igbo,Ndị Anambra East gwara ndị gọọmentị Steeti Anambra ka ha mepekwuo ụlọakụ ma zitere ha ndị ji otu afọ efe ala nna ha gụru ihe gbasara ụlọakụ.,refutes,nei,0.33245745,0.28811064,0.37943187
igbo,Igbo enweghi usoro ha si achị onwe ha. Ọgbaghara na-adị n'ala Igbo oge niile tupu ndị Bekee abịa.,refutes,nei,0.3301259,0.2892336,0.3806405
igbo,"Nwankwo Kanu bụ otu n'ime ndị egwuregwu ole na ole meriri Premier League, FA Cup, Champions League, UEFA Cup na Olympic Gold Medal. ",supports,nei,0.33213556,0.2895859,0.37827858
igbo,"Spanish na Portuguese bụ asụsụ a na-asụ na Europe, ebe Latin bụ asụsụ ochie a sụrụ na Rome.",nei,nei,0.328431,0.291324,0.380245
igbo,Ihe ngosi e ji ama Ofala bụ na ndị amị na-eyi ekike ha n'uju wee pụta n'ihu igwe mmadụ nọ n'obodo.,refutes,nei,0.33163148,0.28894106,0.37942746
igbo,E tinyere m ego m na ' Stock Exchange' nke Naijirịa.,nei,nei,0.32912877,0.28997543,0.3808958
igbo,Ndị edemede America na Dreux Richard alaala mmụọ.,nei,nei,0.32959303,0.29036498,0.380042
igbo,"Joseph Shabalala bụ onye eji egwu ọdịnala mara. Egwu ya na-akpọlite ndị nwụrụ anwụ n'oge agha ""Aparthied""",nei,nei,0.33262122,0.2880207,0.37935808
igbo,"Nwankwo Kanu abụghị otu n'ime ndị egwuregwu ole na ole meriri Premier League, FA Cup, Champions League, UEFA Cup na Olympic Gold Medal.",refutes,nei,0.33198833,0.28934515,0.37866658
igbo,Mba Amerịka adụọla mba ụwa ndụmọdụ ka ha na-agbaso usoro iwu n'etu ha si achị ọchịchị,nei,nei,0.33078122,0.28953943,0.3796794
igbo,Chibuike Rotimi Amaechi ji ọkwa dị ka onye Senator nke ndị Diobu dị n'ime Nigeria n'afọ 2015,refutes,nei,0.33218193,0.28885946,0.37895867
igbo,P.N. Okeke-Ojiudu sonyere otu ndị Council Emir nke mpaghara mgbago ugwu Naịjiria n'afọ 1951.,refutes,nei,0.33249214,0.2872654,0.3802425
igbo,E ji nrị ndị dị ka ọkpa na achịcha wee mara ndị Enugu Steeti n'ihi na ọ bụ nri ha kacha eri.,nei,nei,0.33215392,0.2887206,0.37912542
igbo,Harrison Gwamishu bụ dị Ada Jesus Comedy. Ọ nọ ụbọchị nwunye ya bụ Ada Jesus nwụrụ.,refutes,nei,0.3309271,0.29027975,0.37879318
igbo,Ihe kacha mkpa n'ịrọ nrọ bụ inwe nghọta ihe a rọrọ. Otu nwa amaadị aha ya bụ Jeo nwa mama ka e ji ịkọwa nrọ nwere mara na mba Egypt.,nei,nei,0.33184782,0.2891676,0.3789846
igbo,Onyeisiala bụ Onyebuchi Ememanka gwara Ndị BBC Igbo na gọọmentị ya ga-enye ndị ọrụ Bekee ego nkwado maka mbọ ha na-agba na Naịjirịa.,nei,nei,0.33111408,0.28926587,0.37962008
igbo,Chinwoke Mbadinuju zọrọ ọkwa onye isi ala ka afọ anọ gachara Naịjirịa laghachiri n'ọchịchị onye kwuo uche ya n'afọ 2003.,refutes,nei,0.33253363,0.28881696,0.37864947
igbo,Nde ụmụ nwaanyị nọ na Naịjirịa na-ahụ nsọ ha na-eji isi ekpe ekwere. Ọnọdụ ha na-adị ezigbo njọ n'ihi na o nweghi ihe a pụrụ ime iji nyere ha aka.,refutes,nei,0.33130094,0.2885043,0.38019475
igbo,Mkpu maka okike Steeti Anioma na-ede ebe niile n'ụwa.,nei,nei,0.32811397,0.28974754,0.3821385
igbo,Nkwado a Rachael na-eme na-enye ya ezigbo ego.,nei,nei,0.33053178,0.28844145,0.38102674
igbo,Ọ bụghị màkà ebubo ndị mmadụ boro Abang mere o ji mee njem.,refutes,nei,0.3300717,0.28970513,0.38022318
igbo,"Ndị Igbo gbakọrọ ọnụ wulie obodo ha dị icheiche, na-enweghị nnukwu enyemaka ọbụla n'aka gọọmentị.",supports,nei,0.33251247,0.28799552,0.37949198
igbo,Rita Edochie jụrụ ịgbaghara Ada Jesus ebubo niile oboro ya.,refutes,nei,0.33099368,0.289589,0.37941736
igbo,Gọọmentị Naịjiria mara onyeisi ndị omekome ha jidere n'ụlọ onyeisiala ikpe ọnwụ.,nei,nei,0.33201593,0.28851983,0.37946424
igbo,Igbo kwenyere na nchekwa na onye aghara nwanne ya n'ihe ọbụla. Nke mere ha ji malite ịgba odibo maọbụ ịgba bọi.,nei,nei,0.3304188,0.2890252,0.38055608
igbo,"Mmanwu Ikoro bụ otu n'ime ụdị mmawu ndị a naghị ahụ anya, nke e mebere maka naanị ụmụaka. ",refutes,nei,0.33141145,0.28983596,0.3787526
igbo,Ebitu Ukiwe sooro ndị uwe ojii wee wakpo ndị agha Biafra n'afọ 1970.,refutes,nei,0.33141983,0.28903088,0.3795493
igbo,Enyi Pericoma bụ Odenigbo onye ya na Pericoma rụkọrọ ọrụ kwuru na Pericoma chegharịrị n'ezie tupu ọnwụ ya. Nke mere Pericoma ji gụọ egwu ụka.,refutes,nei,0.33293453,0.288322,0.37874347
igbo,"Boko Haram na-akpa ike na Cameroon, Chad na Nijey.",supports,nei,0.3298081,0.2900488,0.38014314
igbo,"Ugwu a kwanyere Edochie bara ya n'isi, o wee bido mebe mpụ.",nei,nei,0.3303776,0.28966683,0.3799556
igbo,Ofe m gbara ụka ụnyaahụ.,nei,nei,0.3259569,0.29158157,0.38246152
igbo,"N'oge 1960, ndị bu na ndịda ọwụwa anyanwụ Naịjirịa ji egwu mmali elu wee nwe anwụrụ maka nnwere onwe nke Naịjiria.",nei,nei,0.3328059,0.28843188,0.37876225
igbo,Ihe isi ike anaghị emetụta ihe ndị e ji alụ ụm̀ụ nwaanyị Igbo. Ụmụ ntorobịa Igbo kwuru na ha zuru ka emee.,refutes,nei,0.33307868,0.28857672,0.37834463
igbo,"Nri ndị dịka ji, ede, na osikapa na-enye carbohydrate.",nei,nei,0.33114076,0.28745925,0.38140002
igbo,"N'afọ1979, ogo azụmahịa mmanụ e ji anya ụgbọala banyere nke ukwu",nei,nei,0.33059087,0.2904588,0.3789504
igbo,Obodo ọbụla e kewara nwere ezinụlọ abụọ a kpọrọ 'nwadianị',refutes,nei,0.33104488,0.28905258,0.37990257
igbo,Ndị Taịwan na ndị Naịjirịa na-alụkọ onwe ha. Ịhụnanya dị n'etiti mba bụ ihe nlegaraanya nye mba ndị ọzọ. Iwu obodo Taiwan na Naijeria kwadoro Nwoke na nwoke maọbụ nwaanyị na nwaanyị ịlụkọ onwe ha.,nei,nei,0.33353144,0.28773615,0.37873238
igbo,Ndị nzuzo na-agwọ ọgwụ ego ha na-eji egbu mmadụ maka ego.,nei,nei,0.33003086,0.2896305,0.38033867
igbo,Ndị Ideato South ejezuola obodo niile dị n'ụwa a.,nei,nei,0.328679,0.28956857,0.38175243
igbo,Ariwoola mechaa laa be ya.,nei,nei,0.3257382,0.29052135,0.38374045
igbo,Dora Akunyili bụ onye ji ọkwa mịnịsịta na-ahụ maka mgbasa ozi na Naiịjiria ruo ihe dị ka afọ abụọ,supports,nei,0.3311562,0.2893201,0.37952366
igbo,Onyeisiala Satụ Afrịka aha ya bụ Cyril Ramphosa machiri nnọkọ ndị mmadụ ka otu narị mmadụ butere coronavirus ka ha gachara akwamozu n'obodo Majola dị na mpaghara Eastern Capetown.,supports,nei,0.33310828,0.2887985,0.37809324
igbo,"Osimiri ndị ha na Ọdọ mmiri Oguta  jikọtara gụnyere Osimiri Niger, Njaba, Awbana, Utu, na Orashi.",supports,nei,0.3334212,0.2884268,0.378152
igbo,Ala Igbo bụ sọ mma.,nei,nei,0.32443556,0.29163682,0.3839276
igbo,Gọọmentị Anambra na-eme njem nlekọta n' obodo Nnewi na Ukpo kwa afọ,nei,nei,0.330263,0.28980774,0.3799293
igbo,Ọ nweghịzị onye bi n'Ọ̀hà Rivas.,nei,nei,0.32908604,0.2898823,0.38103166
igbo,"A  na-ahụtakarị mmanya nkwụ na mpaghara Africa, South America, Caribbean, Eshia na Micronesia .",supports,nei,0.33009335,0.29078668,0.37911996
igbo,E gburu ndị Katọlik n'ihi Kristi.,nei,nei,0.32958087,0.28983176,0.38058743
igbo,Ji na-egosi na mmadụ bụ onye ume ngwu.,refutes,nei,0.32738876,0.28973156,0.3828797
igbo,Dele Alli Bamidele Jermaine bụ onye Naijirịa na-agbara Tottenham Hotspur bọọlụ na England. Ndị Naịjirịa kworo ya ekworo na o kweghi agbara ha bọọlụ na asọmpi enyi na enyo ndị Naịjirịa na England gbara na nso nso a.,supports,nei,0.33360416,0.28796676,0.37842909
igbo,Idemili South local government area of Nigeria dị n'okpuru ọchịchị Steeti Imo,refutes,nei,0.32977334,0.29030997,0.37991667
igbo,Agu lụrụ Nkechi ma nwee ụmụ nwoke atọ na ụmụ nwanyị abụọ.,supports,nei,0.33038425,0.28945306,0.38016263
igbo,Naịjrịa achịtaghị aja abịa na mba na-akwụba aka ha ọtọ. E ji nrụrụaka mara Naịjrịa na Morịtenịa.,supports,nei,0.3313543,0.28890178,0.37974396
igbo,"Linnaeus bụ onye kewara unere n'ụdị abụọ, nke gụnyere Musa paradisiaca na Musa sapientum.",supports,nei,0.33139303,0.28933734,0.37926963
igbo,Edochie abụghị onye Katọlik,refutes,nei,0.3272135,0.29049397,0.3822925
igbo,Ndị edemede America na Dreux Richard ebighị na Okwe iji mezue ederede ya mgbe ọ nọ Naijiria.,refutes,nei,0.33255112,0.2883744,0.37907448
igbo,Nwoke ọbụla kwesịrị ịkpakọta akwụkwọ ọhịa dị icheiche debe n'ụlọ ka adị ama ama ọrịa daa ezinụlọ ya.,nei,nei,0.33159754,0.28889763,0.37950483
igbo,Iri Ji ọhụrụ bụ mmemme ndị Igbo a na-eme n'oge ekeresimesi iji gosi na osikapa ọhụrụ apụtala.,refutes,nei,0.33301327,0.28852525,0.37846145
igbo,"Ihe a na-ajụ n'ase gụnyere ịmata mma nwoke maọbụ nwaanyị, ịbata ego ole ezinụlọ nwere.",refutes,nei,0.33164784,0.28920838,0.3791438
igbo,"N'afọ 2010, onye isi ala Naịjiria nyere Jenaral Ihejirika ọkwa ịbụ onye isi ọrụ ndị Amị (COAS) nke mba Naịjiria. ",nei,nei,0.332331,0.2886774,0.37899157
igbo,Ọdọ mmiri ndị dị na mgbago ugwu Naịjirịa na-enyere ndị na-akọ ugbo aka n'ọrụ.,nei,nei,0.33134046,0.2891213,0.37953827
igbo,David West kwuru na aka ya dị  ọcha n'ebubo e boro ya.,refutes,nei,0.3270099,0.29106182,0.38192827
igbo,Ọchịchị ime obodo a akaghị ịdị ire ma ọ bụrụ na ọ nweghị obodo mebere ya.,nei,nei,0.33182898,0.28872585,0.3794452
igbo,Site na nkwado ndị PDP mere Obaseki ji bụrụ gọvanọ Edo steeti.,supports,nei,0.33129904,0.28906968,0.37963125
igbo,Sir Louis Ojukwu nyeere ndị Briten aka iji ụgbọala ya buo ngwo ngwo na mpaghara mba Afrịka ka aha mba ụwa nke mbụ malitere n'afọ 1939.,supports,nei,0.33437288,0.28789493,0.37773216
igbo,Mbaise bụ obodo mmadụ adịghị ọtụtụ n'ime ya ma bụrụ obere ododo ndị bi na ya bụ ndị ọkụ azụ.,refutes,nei,0.3313622,0.29012853,0.37850928
igbo,Onyeisiala bụ Kenyatta Uhuru amachiela ndị bi mba coronavirus dị ịbata ime Kenya.,supports,nei,0.3327964,0.2893698,0.3778338
igbo,"Mmanya nkwụ na-esi n'osisi oroma na mango agbapụta, ma bụrụ mmanya anaghị aba n'anya.",refutes,nei,0.33038777,0.29027784,0.3793344
igbo,Ejike Obumneme Aghanya bụ onye isi nke National Research Institute nke Naịjirịa n'oge agha Biafra.,refutes,nei,0.33301583,0.28884277,0.37814137
igbo,Duruagwu gwara ndị BBC na ndị ọchịchị agaghị ekwe gbaso usoro nchekwa obodo ochie n'ihi na ọ gaghị abara ha uru. Ọ gwakara ndị BBC na ọ bụ ndị nwe obodo ka ọ dịịrị ichekwa obodo ha. Ọrụ gọọmentị bụ inye ha ego nkwado.,supports,nei,0.33396006,0.28789458,0.37814537
igbo,Ndị bi n'ala Igbo abụghị ọdịbendị Igbo dị iche iche na ndị na-asụ asụsụ dị iche iche.,refutes,nei,0.33123568,0.28954527,0.37921903
igbo,"Kemgbe mba ndị ọzọ gbuchiri okeala ha na Naịjirịa, osikapa si ụzọ ọzọ abata ala Naịjirịa n'ebe ọdị ukwuu.",refutes,nei,0.33240846,0.28826123,0.37933034
igbo,Steeti Enugu na agbụrụ ndị ọzọ dị na Naijirịa na-emekọrịta n'azụmahịa.,nei,nei,0.3318674,0.28817448,0.37995812
igbo,Ọrji Kalụ bụ onye azụmahịa. Ọ tụrụ otu nwa amadi nga kpụrụ ọka n'ihi o riri ego ya.,nei,nei,0.33201456,0.28902313,0.37896234
igbo,DJ Switch na DJ Cuppy bụ enyi. Ha zutere na mba Amerịka. Ndị Naịjirịa hụụ ọrụ ọma mmadụ abụọ a n'anya nke ukwuu.,nei,nei,0.33046418,0.28955266,0.37998313
igbo,"Mahadum nke Naịjirịa bụ ụlọ akwụkwọ Nnamdị Azikiwe nyere aka wube na 1959, mgbe ndị Igbo gosipụtara mmasị ịgụ akwụkwọ",nei,nei,0.3327811,0.2887544,0.37846455
igbo,Mikel agbaghị bol n'aha Nigeria na asọmpi FIFA World Youth Championship,refutes,nei,0.33120826,0.28973034,0.37906134
igbo,Emeka Odumegwu Ojukwu so na ndị agaha Biafra. Aha nwunye ya bụ Bianca Ojukwu.,nei,nei,0.3312714,0.2892089,0.3795197
igbo,"Chukwuma Kaduna Nzeogwu rụrụ ọrụ inye ọzụzụ na Army Training Depot, Zaria bido n'afọ 1961 ruo ihe dị ka ọnwa isii",supports,nei,0.33328137,0.28856996,0.37814873
igbo,"N'afọ 1959, Chukwuma Kaduna Nzeogwu gara Mahadum nke Ilorin inwete nzere n'ihe ọmụmụ Philosophy",nei,nei,0.33273977,0.28850278,0.3787574
igbo,Chimezie Elekwachi Lekwas bụ onye e ji ịkọwa nrọ mara. Ọ gwara ndị BBC Igbo na nrọ baara mmadụ naanị uru abụọ.,supports,nei,0.33307263,0.28827715,0.3786502
igbo,Nwoke na-echi Nze tupu ọ chie Ọzọ.,supports,nei,0.32751712,0.28951377,0.3829691
igbo,"Nwanyeruwa bụ onye duru ụmụnwanyị Aba ruru ọnụọgụ 10,000 iji me ngagharị iwe megide ndị ọchịchị obodo 'afọ 1929",supports,nei,0.33285874,0.28937286,0.37776837
igbo,Emmanuel Iwuanyanwu so n'otu n'ime ndị injinịa nke Biafra Research and Production (RaP) Directorate na-ahụ maka ngwa agha nke ndị Biafra ji lụ agha Biafra.,supports,nei,0.33421078,0.28803453,0.3777547
igbo,Jenaral Azubuike Ihejirika bụ onye isi ndị ụlọ Omeiwu ma nweta nturu ugo maka ọrụ ya.,refutes,nei,0.33159876,0.28908294,0.37931827
igbo,Phyno mechara bụrụ ọkwọ ụgbọala.,nei,nei,0.32886922,0.28992414,0.38120666
igbo,Ákwà Akwete Dada gotere amaka.,nei,nei,0.32865947,0.28975248,0.38158804
igbo,Onyeisiala bụ Atiku kwuru na ọmụrụnwa so ego mmadụ biiri ekwesịghị ịkarị ego onye ahụ na-akpata. Atiku gara n'ihu kwuo na ọ dị ezigbo mkpa na Naịjirịa chọtara ụzọ ọzọ ha ga-esi akpata ego ka iji kwụwuo ụgwọ ha ji mba dịka Sri Lanka na Maldives.,supports,nei,0.33339542,0.288206,0.3783986
igbo,"Akpị, onye zigbo aha ya bụ Speed Darlingthon bụ nwa Pericoma. A kụkọ kọrọ na nna ya bụ Pericoma mechara chegharịa tupu ọ nwụọ n'ihi egwu ụka o tiri.",supports,nei,0.33240288,0.288665,0.37893215
igbo,Ihe ka mkpa bụ ị mara mgbe ahụ gị na-agwa gị chọrọ mmiri,supports,nei,0.32959914,0.29087064,0.3795302
igbo,Ngagharị iwe bụ nnukwu nnupụisi mbụ ụmụ nwanyị mere na West Africa.,supports,nei,0.3286558,0.29130673,0.38003746
igbo,Onye ntaakụkọ BBC kwuru na ọ dịghị onye nwụrụ n'ọkụ ọgbụgba mere na Abule Ado dị na Festac na Steeti Legosi nke igwe na-ebu gassị kpatara.,refutes,nei,0.33221978,0.288626,0.37915424
igbo,Alvan Ikoku wubere ụlọ akwụkwọ Aggrey Memorial Co-Educational n'afọ 1932 iji cheta onye nkụzi ya bụ James EK Aggrey.,supports,nei,0.3339155,0.28853482,0.37754968
igbo,N'afọ 2020 ka odogwu Afrịka ji chịa Zimbabwe.,refutes,nei,0.33139038,0.28894448,0.37966517
igbo,Lawrence Ifeanyi Ugwuanyi nọchitere anya ndị Igboeze North/Udenu Federal Constinuency nke Enugu State ruo afọ iri na abụọ.,supports,nei,0.33373618,0.28816095,0.37810293
igbo,Onye uweojii aha ya bụ Lukmon Akanbi agbagbuola otu nwaokorobịa ya na ya nwere nghọtahie na Legọọs Aịland ụbọchị Fraịde. Ndị uweojii kpere ya ikpe ma chụọ ya n'ọrụ.,supports,nei,0.33248422,0.2882411,0.3792747
igbo,DJ Switch ji ekwentị ya seta ka ndị agha na-agba ụmụ amaala Naịjirịa egbe ụbọchị ha na-eme ngagharị iwe na Lekki Toll Gate.,supports,nei,0.33170646,0.2886058,0.37968776
igbo,O nwere otu oge n'ala Igbo mgbe ndị mmadụ na-atụ ụjọ izu ihe mmadụ ibe ha maọbụ zọkọrọ oke abụghị nke ha.,supports,nei,0.3316274,0.2894292,0.37894344
igbo,A na-akpọ Eze Charlemagne 'Nna nke Europe' n'ihi ihe ndị ọ ruzuru n'agha.,supports,nei,0.33240926,0.2889127,0.37867802
igbo,"A na-arụkari ọrụ ugbo n'obodo mepere emepe n'ala Igbo, ebe naanị ụmụ nwoke na-arụ ya.",refutes,nei,0.3299062,0.28991306,0.3801807
igbo,Ogu bụ akara na-eje ozi ịhụ na ndị mmadụ doziri esemokwu dị n'etiti ha ma nwee ma debe nkwekọrịt ha nwere.,supports,nei,0.33150208,0.28823736,0.38026056
igbo,Ndị ọrụ n'ụlọ ọba ego nke mba ụwa na-enye mba niile dị n'ụwa enyemaaka iji gbanahụ nsogbu agụụ na ọrịa.,nei,nei,0.33147717,0.28906432,0.37945852
igbo,Gọvanọ Bala Mohammed esoghi na gọvanọ ndị butere ọrịa coronavirus na Naịjirịa.,refutes,nei,0.32995933,0.28926864,0.380772
igbo,Ala Igbo bụ mpaghara ọdịbendị na asụsụ nkịtị na ndịda.,supports,nei,0.33032417,0.28927627,0.38039955
igbo,Agu alụghị Nkechi ma ọ nweghị ụmụ nwoke atọ na ụmụ nwanyị abụọ.,refutes,nei,0.33120275,0.2890129,0.37978435
igbo,Ụfọdụ mmadụ kwenyere na nrọ nwere uru ọ bara na ndụ ebe ụfọdụ sị na nrọ abaghị uru ọbụla.,supports,nei,0.33012345,0.28921285,0.38066366
igbo,World Health Organization agwala mba dị icheiche na Afrịka ka ha lebanya n'ọnọdụ ahụike ụmụ nwaanyị dị ime ma nye ụmụ nwaanyị ezi nkuzi gbasara ahụ ha.,nei,nei,0.33330992,0.28815293,0.37853712
igbo,Obodo ọbụla e kewara nwere otu ezinụlọ a kpọrọ 'ụmụnna'.,supports,nei,0.33082244,0.2887115,0.38046604
igbo,Nabil Fekir kwetara ịgbara ndị Algeria bọọlụ dịka nne na nna ya si gwa ya.,refutes,nei,0.3330755,0.28864473,0.37827983
igbo,Iwobi rụrụ ọrụ na Arsenal tupu a chụọ ya n'ọrụ.,nei,nei,0.3283342,0.29064718,0.3810186
igbo,Nwa Davido nwụrụ n'ihi ọrịa coronavirus. Ozi ya gbasara na mba efere ụwa. Ọnwụ a nwutere Chioma na Davido.,refutes,nei,0.33174083,0.28821993,0.38003922
igbo,Maryam Sanuth kwuru na moringa na-eme ka mmiri ara nwaanyị na-enye nwa ara gbaa nke ọma. Naanị ngaji moringa abụọ a kwọrọ akwọ ka nwaanyị na-enye nwa ara ga-aṅụ.,supports,nei,0.33287594,0.28796643,0.37915766
igbo,"BBC Igbo chọpụtara na ihe so etipịa ego ndị mmadụ bụ igo mmanya ọtọbịrịbịrị, azụ ndụ amịrị amị, data na mmanya beer. ",supports,nei,0.33200312,0.28896815,0.37902877
igbo,"Kamgbe ndị agha Biafra mepụtara ogbunigwe, onweghịzị ihe dị ịtụnanya kwere gọọmenti Naịjirịa emepụta.",nei,nei,0.33213672,0.2884466,0.37941667
igbo,Nwanyeruwa bụ nwanyị bi na mpaghara Naijiria soro kpa ike n'Aba Women's Riots n'oge colonial Naịjirịa.,supports,nei,0.33194804,0.28936496,0.37868702
igbo,Ndị ntorobịa Igbo gwara ndị BBC na ọ dị mkpa ka ebelata ihe ndị e ji alụ nwaanyị n'ihi ihe isi ike.,supports,nei,0.33316565,0.28846267,0.37837166
igbo,Onyeisiala bụ Buhari kelere ndị gọvanọ maka akwa mmiri ha rụrụ ya.,refutes,nei,0.33093137,0.289652,0.37941667
igbo,Emmanuel Iwuanyanwu so n'otu n'ime ndị injinịa nyeere gọọmentị Naịjirịa aka wee rụ ngwa agha ndị ha ji lụso Biafra agha na 1967.,refutes,nei,0.33335054,0.28830677,0.37834266
igbo,Ndị gọvanọ nọ ndịda apụọla.,nei,nei,0.32645196,0.29084295,0.3827051
igbo,Unilever Nigeria so n'otu n'ime ụlọ ọrụ ndị ahụ ndị bekee webatara mgbe ha bịara ṅaịjirịa,nei,nei,0.33053112,0.29001057,0.37945828
igbo,Phyno zụlitere mmasị maka mmepụta egwu n'oge ụlọ akwụkwọ sekọndrị ya.,supports,nei,0.3320778,0.28937185,0.3785503
igbo,"Na Mahadum ndị dị n'ime Naịjirịa, ụmụakwụkwọ injinia eletrik anaghị ahụ ngwa ha ji amụta akwụkwọ ugbu a.",nei,nei,0.3328585,0.28899446,0.37814707
igbo,Abang kwuru na ya na ndị ọrụ ya ekeela nkwụcha ịhụ na ọgbatauhire ọbụla adịghị n'ụzọ ahụ n'izu a.,supports,nei,0.3320667,0.2891535,0.3787798
igbo,Otu onye bi n'Anambra kwuru na ọ ruola afọ iri mmiri gbadebere na mpaghara ya.,refutes,nei,0.3313974,0.28903797,0.37956458
igbo,Nchọpụta ndị Bekee na nke ndị Ọdịnala kwadoro nwaanyị na-achọ afọ ime nwa nwoke ịta nnu.,refutes,nei,0.33130628,0.2887722,0.37992156
igbo,Ndị Social Democratic Party gbara Chuba Okadigbo mgba mgbe ọ zọrọ ọkwa nke onye omeiwu na 1992. ,refutes,nei,0.33273232,0.2882155,0.37905216
igbo,Chibuike Rotimi Amaechi ezipụtaghị mmasị ịbụ onye isi ala Nigeria ma ọlị,refutes,nei,0.3313663,0.2900863,0.3785474
igbo,"Bọọlụ Neymar gbanyere Paulinho abanyeghị nke ọma n'ụkwụ y,  ya mere na Paulinho enyeghi goolu.",supports,nei,0.33178306,0.28900337,0.37921357
igbo,"Bianca Ojukwu bụ nwaanyị nke abụọ bụ onyeisi n'ụlọọrụ ""Nigerian Stock Exchange"" ",refutes,nei,0.33184734,0.289275,0.37887764
igbo,"N'oge 1950, egwu Igbo haịlaịf malitere na ndịda ọwụwa anyanwụ Naịjirịa site n'ikpokọta haịlaịf na egwu ọdịnaala Igbo ọnụ.",supports,nei,0.33297023,0.28775826,0.37927154
igbo,"Obodo mejupụtara Njaba erughị iri, ma ụfọdụ n'ime ha gụnyere Owerri, Isele-ukwu, Agbor na Ukpo.",refutes,nei,0.33281934,0.28784102,0.37933967
igbo,"A na-arụkari ọrụ ugbo n'ime ime obodo ma n'ala Igbo, obodo nile na-arụ oru ugbo, ma nwoke, nwanyi, okorobịa na agbọghọbịa.",supports,nei,0.3305506,0.28929257,0.3801568
igbo,Francis Arthur Nzeribe na-aga ezuru ike n'Oguta n'ihi na o nwere ike ịbanye ọtụtụ ụlọ,nei,nei,0.3318077,0.28914317,0.37904915
igbo,Minista na-ahụ maka agụmaakwụkwọ bụ Lucia Azzolina sị na ha emebeghi mkpebi banyere ịgbachi ụlọakwụkwọ Sekọndịrị na Mahadum niile dịka ọtụtụ ndị ntaakụkọ si ekwu.,supports,nei,0.33232638,0.2886793,0.37899435
igbo,Di na Nwunye gburu onwe ha ka ha na-arụ ọgụ na Festac. Nwunye ji iwe nwere mma bepụ paịpụ gassị ụlọ ha dị n'ime usekwu. Nke a mere ka ọkụ malite ịgba ha.,nei,nei,0.3320645,0.28778282,0.38015264
igbo,"Uche Nwonwu sịrị na ọ bụ mmiri ndị mmadụ gbapere na be ha ka ha na-aṅụkarị.""Evidence2",supports,nei,0.3310632,0.28883207,0.3801047
igbo,Ndị mba bi n'Abakaliki na-egwu egwu mgbe ọbụla.,nei,nei,0.33064502,0.28935906,0.37999588
igbo,Eze Aztec Nezahualpiltzintli nke Texcoco Eze bụ utu aha e nyere eze nwoke n'ọnọdụ dịgasị iche iche,supports,nei,0.33131132,0.2895925,0.37909618
igbo,"Ugbu a, BBC Igbo chọrọ ịchịkọta obodo ndị a iji kọwaa ihe mere ha ji mepe n'agbanyeghị mmachi mba tinyere..",supports,nei,0.3336634,0.2886158,0.3777208
igbo,"Na 1957, Ozumba Mbadiwe weere ọkwa dịka ọka ikpe n'ụlọ ike kacha elu nke Naịjirịa. ",refutes,nei,0.33254436,0.28855473,0.37890095
igbo,Onye nnọchite onyeisiala ndị Satụ Afrịka aha ya bụ Siwze Kupelo gwara ụlọ mgbasaozi News24 na ọtụtụ ezinụlọ na-alụso ndị butere ọrịa coronavirus oku.,nei,nei,0.33166796,0.28923994,0.37909204
igbo,"Ndị ụlọ ụka Protestant ma na onye isi ụlọ ụka Katọlik bụ Pope, nke isi ụlọ ya dị na Rome.",nei,nei,0.33242643,0.28936666,0.37820697
igbo,Maazị Kupelo toro ndị Satụ Afrịka maka ezi mbọ ha nakwa otu ha si enubere iwu obodo isi. Nnubeisi ha mere ka ọrịa coronavirus kwụsị ịgbasa.,refutes,nei,0.33303732,0.28835753,0.3786052
igbo,"Mmanya ndị dị ka fanta, coke na sprite na-amasị ụmụaka iji je akwụkwọ",nei,nei,0.33153751,0.28945747,0.37900499
igbo,Gọọmentị chọrọ ka e lie Mugabe ebe a na-eli ndị dike obodo mana Ezinụlọ Mugabe ekwenghị n'ihi na Mugabe gwara ha mgbe ọ dị ndụ ka ha lie ya n'akụkụ ala ili nna ya Bona.,supports,nei,0.33355477,0.28789365,0.3785516
igbo,Ndị Ideato South abụghị ndị na-emepụta ihe a na-ere ere na nke a na-eri eri,refutes,nei,0.32977942,0.2891693,0.38105127
igbo,Nwankwo na nna ya arụghị ahịa ohu.,refutes,nei,0.32688263,0.29041857,0.38269877
igbo,IPOB nwere mmasị ka mpaghara ọdịda anyanwụ nke Nigeria mebe otù mba kwụụrụ n'onwe ya,supports,nei,0.33068058,0.29020667,0.37911275
igbo,Iheanachọ kwuru na a na-esi n'ịda umengwụ bụrụ ọgaranya. Ọ dịghị mkpa ka nwatakịrị site n'oge mata ka esi akpata ego.,refutes,nei,0.33182764,0.2885389,0.37963346
igbo,Ebitu Ukiwe sonyere n'otu ndị mebere ndị agha Biafra site n'afọ 1966 ruo afọ 1970.,supports,nei,0.33128634,0.28881037,0.37990326
igbo,"Na Republic Naịjirịa nke Atọ, Alex Ifeanyichukwu Ekwueme jikwa ọkwa osote onyeisiala nke Naijiria",refutes,nei,0.33270782,0.2879474,0.37934482
igbo,Sam Mbakwe bụ gọvanọ nke mbụ nke ndịda Naịjirịa site n'afọ 1979 ruo afọ 1983. ,supports,nei,0.33038968,0.28969815,0.37991217
igbo,"Na Machị 12, 1980 ka a mụrụ Chioma Chukwuka..",supports,nei,0.3301167,0.29068416,0.37919918
igbo,Onye enyemaka na mgbasaozi nye Onyeisiala Mohammadu Buharị zaghachiri ihe Omotala Jalade-Ekeinde dere na Twitter ya ụnyaahụ na Naịjirịa bụ ọkụmmụọ. Onye enyemaka na mgbasaozi nye Onyeisiala Mohammadu Buharị gwara Omotala Jalade-Ekeinde na okwu ya adịghị mma.,supports,nei,0.3330468,0.28790578,0.37904742
igbo,O ruola afọ iri mmiri gbadebere na mpaghara m bi n'Enugwu' otu onye bi n'Enugwu kwụrụ.,supports,nei,0.33204564,0.28898215,0.37897223
igbo,Francis Arthur Nzeribe bụ onye ji ọkwa Senatọr nke ndị Orlu n'Imo Steeti ihe karịrị afọ asaa,supports,nei,0.33255586,0.28896272,0.37848136
igbo,N'ụlọ ọba ego ka Peter Obi ka na-arụ ọrụ mgbe o nwetara mmeri na ndọrọ ndọrọ ọchịchị,refutes,nei,0.3308868,0.2895171,0.3795961
igbo,Ngagharị iwe a bụ ụzọ e si edozi esemokwu.,nei,nei,0.32953933,0.28938767,0.381073
igbo,Ada Jesus nwụrụ n'ihi ọrịa akịrị. Ezigbo aha ya bụ Mmesoma Mercy Cynthia Obi.Ada Jesusu nwụrụ ka ụbọchị olemole o mere ncheta ọmụmụ ya gasịrị.,supports,nei,0.3321963,0.28941584,0.37838787
igbo,Dr Tedros kwuru na ọtụtụ mba nwere ndị ọrụ doro anya.,refutes,nei,0.3299696,0.29009718,0.37993315
igbo,"Ọdọ mmiri kachasị nta n' Imo Steeti bụ Ọdọ Mmiri Oguta, nke na-anaghị eru eru. ",refutes,nei,0.33177504,0.28855795,0.379667
igbo,A mụrụ Bianca Ojukwu n'ụbọchị ise nke ọnwa Ọgọstụ 1968.,supports,nei,0.3311032,0.28886068,0.3800361
igbo,"Nwankwo Okoro, mgbe ọ dị afọ iri abụọ na otu, sonyeere nna ya n'ahịa ohu.",supports,nei,0.3308832,0.28903112,0.38008568
igbo,Ejike Obumneme Aghanya bụ onye nkụzi kpọ ụmụakwụkwọ ya wee gba ọsọ n'oge Agha Biafra.,refutes,nei,0.33219203,0.28880206,0.3790059
igbo,Igwe onyonyo nke Kanu Sports dị oke ọnụ n'ahịa.,nei,nei,0.3283001,0.28978905,0.38191083
igbo,Facebook mere Ọkaiwu Paul Achallaonye nnọchite anya ya na Naịjrịa.,nei,nei,0.32960722,0.28979063,0.38060212
igbo,"Nri a na-eri n'ọdịda anyanwụ Africa gụnyere ji, ede, osikapa, akpụ, àgwà, na mkpụrụ osisi ga.",nei,nei,0.33337933,0.28823915,0.37838146
igbo,Ọnụọgụ mmadụ puku abụọ na itoolu anwụọla na mba Kenya n'ihi nje Ebola.,nei,nei,0.32957152,0.2891245,0.381304
igbo,Nnu na maggị ezuola iji si ofe egusi.,refutes,nei,0.3285881,0.2899694,0.38144246
igbo,"Mmadụ isi n'otu ụlọ oriri banye na ọzọ, na-eripịa ego ya, na-azụ ihe dị oke ọnụ ahịa abaghị uru ga-enytere ya aka inwe aṅụrị ma mee ka ego ya mụba.",refutes,nei,0.33173892,0.28907734,0.37918368
igbo,Ndị Awụsa bụ ndị bi ne ebe ugwu nke Ọ̀hà Delta na Ọ̀hà Rivas,refutes,nei,0.33061066,0.2903232,0.37906614
igbo,Idemịlị South local government area of Nigeria mba/obodo dị na ngalaba nhazi mpaghara dị na mpaghara oge UTC+01:00 nhazi ọnọdụ,supports,nei,0.3321486,0.28922775,0.37862363
igbo,"Obodo ndi dị na SouthEastern Nigeria dịka Nnewi, Onitsha, Umueri, Umuoji  na Ukpo na-eme emume Ofala.",supports,nei,0.33159685,0.28814143,0.38026172
igbo,Otu nwoke kpọrọ ndị agbataobi ya ọgbakọ oriri n'ọṅụṅụ n'ihe ihe ọma Chineke meere eziṅụlọ ya.,nei,nei,0.33227524,0.28868613,0.37903863
igbo,Ndị gọọmentị na-eji ndị ọga wee na-achịkwa ụlọ ọrụ na ọrụ ugbo.,nei,nei,0.3294657,0.28971043,0.38082385
igbo,Ọ bụghị ihe ọbụla ka e ji eri osikapa.,refutes,nei,0.33068064,0.28923976,0.38007963
igbo,E nweghị ezinụlọ a mara dịka 'obi' n'ụmụnna niile,refutes,nei,0.32911375,0.2897939,0.3810923
igbo,Mmiri na aja di mma na ala ma dị larịị dị mkpa maka ọrụ ugbo ịga nke ọma,supports,nei,0.33043015,0.2909159,0.3786539
igbo,Ndị Agha Ukren gwara ndị mgbasaozi na ha kpacha anya gbuo mmadụ iri asaa na asatọ nọ n'ime ụgbọelu Sibera Airlines si obodo Tel Aviv aga obodo Novobirsk Rọshịa,refutes,nei,0.33248135,0.28892767,0.37859097
igbo,Ndị amụsu anarana ndị Enugwu steeti obodo ha n'ike.,refutes,nei,0.33088538,0.28873914,0.38037542
igbo,"Fireboy, Rema, na Joeboy si Naịjirịa na Marioo si Tanzania meriri Simmy si South Afrịka na Wendy Shay si Ghana.",supports,nei,0.33164695,0.2896673,0.3786857
igbo,Gọọmentị nwere ego n'akpaego ya ịkwụ ego ha bitere na ego mmefu ndị ọzọ.,refutes,nei,0.3310469,0.2892099,0.37974322
igbo,Ndị agha iri asaa na asatọ nọ n'ime ụgbọelu Sibera Airlines si obodo Tel Aviv aga obodo Novobirsk Rọshịa ibuso ndị Rọshịa agha maka omume ọjọọ ha.,nei,nei,0.33353537,0.28873932,0.3777253
igbo,John Abeng bụ onyeisi ndị ahụike na Steeti Anambra kwuru na ọ ga-agba mbọ hụ na ahụike ndị Anambra bu ụzọ na ọchịchị ya.,nei,nei,0.33340982,0.28877613,0.37781402
igbo,Coronavirus si mba Chaịna were bịa mana ọnụọgụ ndị na-arịa ọrịa coronavirus erughi ka nke ndị bi na Amerịka.,supports,nei,0.33154178,0.28915188,0.37930635
igbo,N'obodo Okwe ka isi ụlọ ya dị,refutes,nei,0.3278401,0.29017144,0.38198847
igbo,Gọọmentị tụrụ ụmụ ntorobịa isii na-atọrọ ndị mmadụ nga n'ihi na ha na-emegide nchekwa obodo.,nei,nei,0.3315217,0.28915185,0.3793265
igbo,Ichi e nwere n'ụlọakwụkwọ Abidịị buru ibu.,nei,nei,0.3292746,0.29046223,0.38026315
igbo,Nje Ebola abatala Czech Republic. Onyeisiala mba Czech Republic  gwara ndị BBC nke a.,nei,nei,0.33059207,0.29032934,0.37907854
igbo,"Ákàrà nsibiri dị puku, nke há mà dị 500 nke ha détùrù",supports,nei,0.3330134,0.28935713,0.3776295
igbo,Ndị ụmụnna abaghị uru ọbụla n'obodo maọbụ n'ezinụlọ ha.,refutes,nei,0.33006522,0.2903944,0.3795404
igbo,Mmiri ha na-aṅụ agwụla.,supports,nei,0.3270306,0.2904527,0.38251674
igbo,N'afọ 2020 n'ọnwa Mee ka a mụrụ Bianca Ojukwu.,refutes,nei,0.3315861,0.28956088,0.378853
igbo,"Okpa nwere ihe dịka abụba, crude protein, na carbohydrate, mana carbohydrate kacha n'ọnụọgụ",supports,nei,0.33063945,0.28910476,0.38025576
igbo,Iwobi anọchiteghị anya England ruo okpuru 18 larịị,refutes,nei,0.32875934,0.29090622,0.38033447
igbo,Ememanka bụ ọnụ na-ekwuru Gọvanọ Okezie Ikpeazụ kwuru na Gọvanọ okezie Ikpeazụ anaghị anata ọgwụgwọ na ọrịa coronavirus na-eme ya na-akawanye njọ.,refutes,nei,0.33171684,0.28870654,0.3795766
igbo,"Okpa bụ nri ọdịnala a maara dị ka mkpụrụ osisi Bambara a na-ahụkarị na steeti Enugu, nke agbụrụ ndị ọzọ jikwa akamu eri ya ma ọ bụ naanị ya.",supports,nei,0.3330894,0.2879594,0.37895122
igbo,Ọ bụ iwu na nwata ọbụla chọrọ ịba mahadum na Naịjrịa ga-ele ule NECO na GCE.,nei,nei,0.3305157,0.28991795,0.37956634
igbo,Lawrence Ifeanyi Ugwuanyi bụ eze ọdịnaala ndị Ovoko dị n'ime ime obodo Igboeze Federal Constinuency nke Enugu State.,refutes,nei,0.33314013,0.28860813,0.3782518
igbo,Mbọ Sam Mbakwe gbara n'ihiwe mahadum Imo steeti n'afọ 1981bụkwa ihe nyere aka na mwube Mahadum nke Abia Steeti,supports,nei,0.33207452,0.28890043,0.37902498
igbo,Ọkaiwu Paul Achalla onye IPOB ekwuola na ha na-agba mbọ ka facebook weghachite akantụ onye ndụ ha.,supports,nei,0.3315185,0.28817555,0.38030595
igbo,Ọrụ Wike na-arụ doro ya anya nke ọma.,nei,nei,0.3290398,0.290329,0.3806312
igbo,Twitter bụ otu sosha midia e nwere.,nei,nei,0.3253984,0.28959316,0.38500845
igbo,Chimezie Elekwachi Lekwas gwara ndị BBC Igbo uru abụọ nrọ bara na ndụ. Nke mbụ bụ ihe na-eme mmadụ nke onye ahụ etinyeghi uche na ya ebe nke abụọ bụ ihe na-eme mmadụ nke ọ ma maọbụ nke ga-eme n'ọdịnihu.,supports,nei,0.33292913,0.28886452,0.37820637
igbo,"Ofo bụ mkpara ndi Igwe, ndi ukochukwu, ndi eze, onyishi, na ufodu masquerade na-eji n'aka iji gosi ikike ha.",supports,nei,0.33183372,0.28811565,0.38005066
igbo,West Africa Manillas bụ ụdị ego a rụrụ na Amerịka iji nyere Afịrịka aka soro ndị Germany zụọ ahịa ruo 1940.,refutes,nei,0.3313421,0.2899491,0.37870884
igbo,"Ọ bụrụ na e wepụ nkwado ndị APC, Obaseki agaghị ịbụ gọvanọ Edo steeti.",supports,nei,0.3332459,0.28792328,0.37883088
igbo,"N'ọtụtụ ụlọ nkwarị, ha na-akwado ogige golf",supports,nei,0.32991207,0.29004145,0.3800465
igbo,"Mmadụ ibelata ego n'ihe oriri na ọṅụṅụ, zụọ ihe dị ya mkpa oge o bere ego, so n'ime ụzọ kacha mma ga-enyere ya aka ichekwa ego ya.",supports,nei,0.3323645,0.288475,0.37916046
igbo,O teela ndị Enugu West kpebere ekpere ka ha wepụta Bishop nke Enugu Dioscese,nei,nei,0.329731,0.28998443,0.38028458
igbo,"Irighiri ihe ndị e ji esi ofe egusi gụnyere mmanụ, ose, yabasị, akwụkwọ nri, crayfish, anụ, azụ, bitterleaf, pumpkin leaf na spinach.",supports,nei,0.33291978,0.288468,0.3786122
igbo,Gọvanọ ndị Bauchi bụ Bala Mohammed sokwa na Gọvanọ ndị butere ọrịa coronavirus ma site na ya gbakere dịka ọ dere na akara Twitter ya na Erpeelụ 9,supports,nei,0.33212557,0.28902957,0.3788449
igbo,Nwaanyị gbara afọ iri eruola ogo ịlụ dị na nkwenye ndị Igbo. Ọ ga-ama achịkọta ezinụlọ ya.,refutes,nei,0.33146322,0.2888844,0.37965235
igbo,Tiwa Savage tiri egwu ụbọchị ncheta ọmụmụ onyeisiala ndị Satụ Afrịka.,nei,nei,0.33011886,0.28939205,0.38048908
igbo,Dada Nwakata bụ onye ikpeazụ bịara n'obodo Akwete,refutes,nei,0.3303004,0.28872746,0.38097212
igbo,"A na-akpọ nwaanyị amụrụ ọhụrụ nwanne. Ka ọ na-eto, a na-akpọ ya nwadiala.",nei,nei,0.33082408,0.28819054,0.38098538
igbo,Ahmed Musa gụụrụ Naịjirịa egwu oge ha gbara bọọlụ mba ụwa.,nei,nei,0.3290192,0.2903179,0.3806629
igbo,"Ogwashi Uku dị na mpaghara Anioma nke Delta steeti ma nwee ihe karịrị mmadụ puku iri ise, narị abụọ na iri atọ na anọ.",supports,nei,0.3325856,0.2888165,0.37859786
igbo,Gọvanọ ndị Baụchị gwara Gọvanọ ndị Abịa Steetị bụ okezie Ikpeazụ na ya bụ Bala Mohammed chọrọ ka ha kpaa maka asọmpị ndị ntorobịa steetị ya na nke Okezie Ikpeazụ ga-eme.,nei,nei,0.33289117,0.28870112,0.37840775
igbo,Ihe karịrị otu nde mmadụ abụrụla ndị nwụrụ anwụ ka ha garachara akwamozu.,refutes,nei,0.33066055,0.2899587,0.37938076
igbo,Okezie Ikpeazụ gwara ọnụ na-ekwuru ya ka ọ kee mmadụ puku abụọ akpa osikapa na ji n'ọnwa na-abịa.,nei,nei,0.3312711,0.28903356,0.37969533
igbo,Anwụ esoghị n'ihe ndị Igbo ji echekwa nri ha.,refutes,nei,0.3294701,0.28949714,0.3810328
igbo,Ụmụaka enweghị ike ịmụta ihe ndị okenye na-eme. Ọ naanị mgbe mmadụ ruru afọ iri atọ ka ọ ga-enwewu akọnụche ịma ihe ga-amasị ya.,nei,nei,0.33133903,0.2885067,0.38015422
igbo,Ndị Ideato South bi n'obodo na-emepụta nri,supports,nei,0.32664788,0.29053488,0.38281727
igbo,Ego mmefu na ego mbite Gọọmentị na-arị elu mana akpaego gọọmentị erubeghi ihe ihe o kwesịrị kemgbe afọ 2025. Nke a egbochighi onyeisiala Naịjirịa ikele ụlọọrụ na-elekọta ụgwọ ụtụ maka iwulite ọnọọgụgụ ndị na-atụ ụtụ.,supports,nei,0.3323328,0.28840858,0.37925857
igbo,N'ọdọ ndị agha Naịjirịa nke dị na Metele Borno ka ndị Boko Haram gara nwakpo. Ndị omeiwu Naijirịa ekwuola na ha ga-eleba ya bụ ọnọdụ anya.,supports,nei,0.33288813,0.28777522,0.37933666
igbo,Ndị niile nọ n'ime ụgbọelu Libya Arab Airlines nke 114 Feb 1993 nwụrụ n'ihi ọnya ụgbọelu ha furu ụzọ ka mmiri na-ezo. Nke a mere o ji banye na ala dị na Ezrel.,refutes,nei,0.3317487,0.28846848,0.37978283
igbo,Finance a nyeere Chioma ezigbo ego.,nei,nei,0.32784227,0.2904855,0.38167226
igbo,"Dr Tedros kwuru na n'izuụka abụọ gara aga, ndị na-ebutebeghị ọrịa ma a gụpụ Chaina dị mmaji iri na abụọ.",refutes,nei,0.3326066,0.28883448,0.3785589
igbo,Nwobi Okwuchukwu David nwere 375 na Jamb. Nke mere ka o jiri akara iri gafee Agns Madụfọkwa.,refutes,nei,0.33049694,0.28835493,0.38114816
igbo,Ọrịa na-ebute afọ ọsịsa na ịgbọ agbọ n'ụmụaka na-eme ka mmiri kọọ ha n'ahụ.,supports,nei,0.33165765,0.28854188,0.3798005
igbo,O bụ ịkọ ọrụ ugbo ka obodo Mbaise dabere na ya maka akụ na ụba ha tutu ruo mgbe ndị Europe batara n'ime Naijiria.,supports,nei,0.33228606,0.28847322,0.37924072
igbo,"Akanu Ibiam so na ndị isi wubere ụlọ ụka Protestant na Mahadum Nigeria, Nsukka Campus n'afọ 1962.",supports,nei,0.3325042,0.28869814,0.37879768
igbo,"Akwu-Ukwu, Alor, Awka-Etiti, Ojoto, Nnokwa, Oba na Nnobi bụ obodo ndị mebere ọchịchị ime obodo a.",supports,nei,0.33387852,0.28695855,0.3791629
igbo,"Mmalite ọrụ Iwobi na Arsenal, ngosi 149 ọ mere na ihe mgbaru ọsọ 15 ọ nwetara, wee merie FA Cup na 2017.",supports,nei,0.33058724,0.2900961,0.37931663
igbo,Ndị Ideato South bụkwa ndị ahịa.,supports,nei,0.32584488,0.29023203,0.38392305
igbo,"Ndị e ji egwu Igbo haịlaịf kacha mara gụnyere Chiifụ Stephen Osita Ọsadebe, Oliver De Coque, Ali Chukwuma, , Sir Warrior, Oriental Brothers, Ikem Mazeli.",supports,nei,0.33437666,0.2872065,0.3784169
igbo,"A bịa na Afrịka, Naịjirịa so na mba kachasị arụpụta mmanụ agbidi. Nke a mere ka gọọmentị si na ya nwete pasentị ego iri ise na asaa n'afọ 2012 na 2014.",supports,nei,0.33262646,0.28877658,0.37859696
igbo,Ụbịam ji ndị Awka Etiti diaspora aka.,nei,nei,0.3283708,0.29054976,0.38107947
igbo,Nabil Fekir bụ onye Aljerịa na-agbara otu egwuregwu Lyon bọọlụ na France. O kweghị a gbara ndị Aljeria bọọlụ n'afọ 2015,supports,nei,0.33391222,0.28789052,0.37819725
igbo,Henrietta Yakubu gwara ndị na-eme njem ụgbọelu ka ha na-eyichi ahụ ha nke ọma maka oyi.,refutes,nei,0.3319941,0.288091,0.37991485
igbo,Akụkọ ihe mere eme na ọdịdị ala Asaba mere ka a mara na e nwere obodo dị ka Asaba.,nei,nei,0.33094257,0.2884926,0.38056487
igbo,Ndị Taịwan nwere ọgbaghara n'etiti onwe ha. Nke mere ka ha ghara ịpụta n'igwe mee ngagharị iwe megide nwoke na nwoke maọbụ nwaanyị na nwaanyị ịlụkọ onwe ha.,refutes,nei,0.33229995,0.28801578,0.3796843
igbo,Ha anaghị akwado ogige golf n'ọtụtụ ụlọ nkwarị,refutes,nei,0.3278984,0.29145157,0.38064998
igbo,Òtù Peoples Democratic Party na Action Congress of Nigeria na-agba ndị mmadụ ume ka ha biri n'ùdo,nei,nei,0.33198574,0.2892523,0.37876198
igbo,"Nwankwo Kanu bụkwa onye nwe igwe onyonyo nke Kanu Sports, ụlọ ọrụ igwe onyonyo egwuregwu Ịntanetị.",supports,nei,0.332827,0.2881593,0.37901372
igbo,mmiri bụ ihe mmadụ na anụmanụ na-anụ iji wee dị ndụ.,nei,nei,0.3297664,0.28985792,0.3803757
igbo,Ụmụnna na-arụ ọrụ dị iche iche n'obodo. Ọrụ ndị ụmụnna gụnyere ịga n'arụsị jụta ese gbasra obodo maọbụ ezinụlọ ha. Ha ka a na-ekpesara ma mmadụ mee ihe adịghị mma.,supports,nei,0.33157018,0.2892699,0.37915996
igbo,Okpekpere ụka na steeti Enugwu na-anata aka mgba n'aka ndị ọdịnala na amụsu nọ na ya.,nei,nei,0.3318432,0.2876849,0.38047197
igbo,"Nnamdị Kanu bụ omeiwu. Ụgbụa, a kpọgara ya ụlọ nga dị na Sokoto.",nei,nei,0.3313259,0.2880552,0.38061893
igbo,Phyno achọbughị ịmụ egwu n'oge ọ nọ sekọndrị.,refutes,nei,0.32968676,0.29016486,0.3801484
igbo,Ndị ndọrọ ndọrọ ọchịchị na-abụkarị ndị na-ebipụta akwụkwọ akụkọ na Nigeria ugbu a iji zochie akụkọ banyere ajọ agwa ha,nei,nei,0.33179638,0.2891993,0.37900433
igbo,Akanu Ibiam mechara bụrụ Senator nke ndị Lagos mgbe ọ chịchara ọchịchị ya dịka gọvanọ.,refutes,nei,0.33201942,0.28880128,0.37917933
igbo,Ndị Ideato South abụghịkwa ndị ahịa.,refutes,nei,0.32697356,0.29060277,0.38242364
igbo,Kọmishọna Dave Adenuba gwara ndị BBC Igbo na gọọmentị Anambra ejighi ndị Anambra ụgwọ ọbụla.,supports,nei,0.3320199,0.2889197,0.3790604
igbo,Ahmed Musa na-akpa oke. Naanị egwu ndị alakụba ka ọ na-ege.,refutes,nei,0.32921973,0.2889471,0.38183314
igbo,Nwa Davido na Chioma enyi ya nwaanyị tinyere nne na nna Chioma bu ọrịa coronavirus,refutes,nei,0.32998937,0.28990054,0.38011014
igbo,Peter Obi na-enye ụlọakwukwọ dị iche iche onyinye ego kwa mgbe,nei,nei,0.32976818,0.29,0.38023177
igbo,Ndị bi n'ala Igbo emeela njem,nei,nei,0.32580686,0.29127684,0.38291627
igbo,Ndị bi na ndịda na-asụ Yoruba.,nei,nei,0.32507965,0.29031116,0.38460925
igbo,DJ Switch na-ewu na sochul midia ụmụ amaala Naijirịa n'ihi ezi mbọ ọ gbara oge a na-eme ngagharịiwe ENDSARS n'afọ puku abụọ na iri abụọ.,supports,nei,0.33141196,0.2892554,0.37933266
igbo,Kanu Nwankwọ nyeere ndị Brazil goolu atọ na asọmpi ndị Brazil na ndị Sweden.,nei,nei,0.33105648,0.28950298,0.3794405
igbo,Ndị ụmụnna na ndị otu ọgbọ na-anọ n'esemokwu oge ọbụla n'ihi na ndị otu ọgbọ anaghị asọpụrụ iwu ndị ụmụnna.,refutes,nei,0.3317597,0.28903648,0.37920386
igbo,Nwanyeruwa bụ onye duru nwunye onye isi ala Naịjirịa me ngagharị iwe megide ndị ọchịchị nchịgbu 'afọ 1960,refutes,nei,0.3327194,0.28885078,0.3784298
igbo,Mahadum Trinity College dị na Dublin nke Ireland ji ihe eserese wee sọpụrụ Jaja Wachuku n'afọ 2020.,supports,nei,0.3327736,0.28911713,0.3781093
igbo,Chinwoke Mbadinuju zọrọ ọkwa gọvanọ Anambra Steeti mgbe ọ laghachiri n' ọchịchị onye kwuo uche ya n'afọ 1998.,supports,nei,0.3326152,0.28915992,0.3782249
igbo,Ndị Igbo ebighị na steeti dum dị n'ime Naijirịa,refutes,nei,0.3308051,0.28851983,0.38067508
igbo,Akara Nollywood a na-ehicha ehicha.,nei,nei,0.32655248,0.29024774,0.3831998
igbo,"Ndị Igbo hụtara nwaanyị gbara afọ iri abụọ na otu ruo afọ iri atọ ka nwaanyị rugooro ogo ịlụ dị ma chịkọta ezinụlọ nke ya. A na-etu nwaanyị lụrụ dị osodịeme, oriakụ maọbụ odoziakụ.",supports,nei,0.3345069,0.2874532,0.37803987
igbo,Ndị gọvanọ na-achị mpaghara kelere onyeisiala Buhari ka o si wete ego e ji arụ akwa mmiri Naịja.,supports,nei,0.33242118,0.2883928,0.37918594
igbo,Ụfọdụ ụmụ nwaanyị na-agabiga ihe mgbu ka ha na-ahụ nsọ ha. Ihe mgbu ha gụnyere mgbakasị ahụ na-ahụ ụfụ. Enwere ụzọ dị icheiche apụrụ inyere nwaanyị nsọ ya na-enye nsogbu aka.,supports,nei,0.3307437,0.2887403,0.38051593
igbo,Akụkọ a ma ama na-ekwu na-ekwu na onye mbụ a mara nke ọma n'Akwete bụ Dada Nwakata.,supports,nei,0.33129922,0.28868574,0.38001505
igbo,Ndị na-akụ azụ na ndị na-eme njem ụgbọ mmiri na Mmiri Ọnụ Ọwarị Ọgbaru na-atụ ụtụ nye gọọmentị Anambara.,nei,nei,0.330667,0.2890966,0.38023642
igbo,"Unere, nke a na-akpọkwa ""plantain"" sitere na Pacific Islands bụ nri a na-esi esi ma ọ bụ mepụta n'ụdị ọ bula.",supports,nei,0.3312518,0.2888144,0.37993383
igbo,Achebe Nnaemeka jị ọkwa onye isi oche nke gọọmentị mpaghara Onitsha ruo n'afọ a bụ 2025.,refutes,nei,0.33087093,0.28970793,0.37942111
igbo,Ụmụ Agụ mechara bido akwụkwọ.,nei,nei,0.32875314,0.2905379,0.38070902
igbo,A rụsịbeghị obi dị n'ezinụlọ ụmụnna niile,nei,nei,0.3288811,0.29087183,0.38024706
igbo,"Cameroon, Chad na Nijey esoghị n'obodo Boko Haram na-akpa ike na ya.",refutes,nei,0.33086878,0.2893922,0.37973902
igbo,Alvan Ikoku bụ naanị ode-akwụkwọ nke West African Educational Council (WAEC) na 1950s.,nei,nei,0.33381408,0.28845352,0.37773243
igbo,Rachael ekwughị na ịkwado emume a na-eme kwa afọ na-enyere ya aka eso ndị na-akwado ya na-emekọrịta ihe,refutes,nei,0.3311836,0.28919277,0.3796236
igbo,Akanu Ibiam bụ onye mbụ a họpụtara dịka gọvanọ nke mpaghara Ọwụwa Anyanwụ mgbe Naịjirịa nwetara nnwere onwe ya na 1960.,supports,nei,0.33165187,0.2888973,0.37945086
igbo,"N'otu bọọlụ Naịjirịa, ma Awụsa, Yoroba na Igbo tinyere agbụrụ ndị ọzọ nọ na Naịjirịa mejupụtara ya. Ahmed Musa bụ onye alakuba tinyere ihe nkiri ebe ọ na-agụ egwu ụka. Onye alakụba ibe ya jụrụ ya ma ọ makwa ihe ọ na-eme. Ahmed Musa zara na ọ ma ihe ọ na-eme.",supports,nei,0.3339471,0.28748673,0.37856624
igbo,E refuru Nwankwo Okoro n'ahịa ohu mgbe ọ dị na nwata.,refutes,nei,0.32987416,0.28905568,0.3810702
igbo,"Ndị e ji egwu Igbo haịlaịf kacha mara gụnyere Okey Bakassi, Osita Iheme, Oriental Brothers na Sunny Neji.",refutes,nei,0.3324503,0.2876089,0.37994084
igbo,"Ọgwụ ikpochi afọ ime mere ka ọbara kpụkọọ na ngụụ Venessa Centeno, nwaanyị bi na mba Boston. Nde kwuru nde ụmụ nwaanyị na-aṅụ ọgwụ na-egbochi afọ ime na mba ụwa dị icheiche.",supports,nei,0.33247924,0.28819397,0.37932676
igbo,Henrietta Yakubu kwuru na gọọmentị na-eme njikere ịwepụ mmachị amachiri njem ụgbọelu.,supports,nei,0.3324772,0.28851858,0.3790042
igbo,"Ọrji Kalụ bụ onye omiwu a tụrụ nga mkpụrụ ọka. N'agbanye na Orjị Kalụ nọ na nga mkpụrụ ọka, a ga-akwụ ya ụgwọ niile e ji ya.",supports,nei,0.33250165,0.288586,0.37891236
igbo,Atụmatụ gọọmenti Naijirịa enweghị isi.,nei,nei,0.32862887,0.28894028,0.38243082
igbo,Minista na-ahụ maka ndi agha bụ Mansur Dan-Ali kwuru na gọọmentị enyela ndị agha iwu ka ha kwaga Borno ozugbo,supports,nei,0.33218703,0.2889903,0.37882265
igbo,Pompeo achọtaghị akwụkwọ na-egosi mmekọrịta ochịchị Trump na mba Ukren.,nei,nei,0.3321764,0.28958887,0.3782348
igbo,Jurgen Klopp kwuru na ọ gaghị akwụ ụgwọ iwu ọ dara n'ihi na o mere ya na-amaghị ama.,refutes,nei,0.33178908,0.2888425,0.37936842
igbo,Okwu Odumeje kwuru banyere ndị Arọndịizuọgụ enweteghi onye ọbụla. Nwa Pericoma jara Odumeje ike.,refutes,nei,0.33232412,0.28820878,0.37946713
igbo,Mmadụ iri asaa na asatọ nọ n'ime ụgbọelu Sibera Airlines si obodo Tel Aviv aga obodo Novobirsk Rọshịa nwụrụ ka ugbọelu ha dabara n'oshimiri ojii. Ndị agha Ukren gọrọ na aka ha adịghị ya mechaa kweta na aka ha dị na ya.,supports,nei,0.33304042,0.28869608,0.37826344
igbo,Ji bụ nri ụmụ ntakịrị na-eri n'ụlọakwụkwọ ma e tinye ya beans na osikapa.,nei,nei,0.3321148,0.2889662,0.378919
igbo,"Okezie Ikpeazụ, gọvanọ ndị Abịa Steetị so na gọvanọ na Naịjirịa butere ọrịa coronavirus.",supports,nei,0.33062005,0.28933728,0.38004267
igbo,"Ikenga bụ ihe na-egosi ike, bụrụkwa alụsi sirii ike n'ala Igbo, ma bụrụkwa ihe ndị Igbo na-eme omenala huru n'anya. ",supports,nei,0.33159092,0.28951892,0.37889022
igbo,Hotel Mikel bi n'ime mechaa gbaa ọkụ.,nei,nei,0.32798934,0.2902327,0.381778
igbo,Ndị Igbo bụ mba e ji eme ọnụ na mba ụwa dị icheiche. Ejighi onye Igbo egwu egwu ọbụla.,nei,nei,0.3328408,0.28755945,0.37959975
igbo,"Ule West African Educational Council (WAEC) bụ ule ndị mmadụ kọwara na ụmụakwụkwọ anaghị eme nke ọma, wee rịọ gọọmentị ka o nyere aka.",nei,nei,0.3317159,0.28859016,0.37969396
igbo,Ngozi Okonjo Iweala rụrụ ọrụ mịnịsta Nigeria na-ahụ maka ego naanị n'agbata afọ 2003 rue n'afọ 2006.,refutes,nei,0.3313245,0.28970522,0.3789703
igbo,"A mụghị Chioma Chukwuka na Machị 12, 1980.",refutes,nei,0.32938245,0.29017597,0.38044158
igbo,Gọvanọ Nyesom Wike mechaa kwuo na ndị komitii ọrụ achọghị ịgba ya mgba.,refutes,nei,0.33094117,0.2897106,0.37934825
igbo,Mary Udumeke na-agba mbọ na styeeti Anambra ịhụ na a kwụsịrị ibi ụmụ nwaanyị ugwu.,refutes,nei,0.33048743,0.2898528,0.37965983
igbo,Otu ọgbọ bụ ndị na-ahụ na obodo gara nke ọma ma ndị ụmụnna nye iwu. Ha na-edebe obodo ọcha na-agakwa agha mgbe ọgụ dapụtara,supports,nei,0.3318315,0.28897402,0.37919453
igbo,ECOWAS họpụtara Ike Ekweremadu dị ka onye ndu kọmitii pụrụ iche iji rụ ọrụ maka nlọghachi usoro iwu,supports,nei,0.33075535,0.28942552,0.37981907
igbo,Gọvanọ Nyesom Wike sị na ndị komitii ọrụ na PDP na-achọ ịgba ya mgba okpuru ma metọsịa aha ya,supports,nei,0.33048105,0.28986624,0.37965268
igbo,Mmadụ niile kwenyere na nrọ bara uru na ndụ.,refutes,nei,0.32915422,0.28946266,0.38138312
igbo,"Chuba Okadigbo gụrụ akwụkwọ Mahadum na Washington D.C, ebe o nwetara nzere mmụta Masters nakwa nke doctorate.",supports,nei,0.33353794,0.28823417,0.3782279
igbo,Osimiri Niger na Osimiri Benue bụ osimiri a kacha mara na Naịjirịa kamgbe afọ 2006.,nei,nei,0.33066615,0.29030195,0.37903187
igbo,Lukmon Akanbi kwuru na nwaokorobịa ọ gbara egbe anwụghị anwụ.,refutes,nei,0.32995123,0.29022214,0.37982666
igbo,Francis Arthur Nzeribe ji ọkwa Gọvanọ na Steeti Imo ruo afọ asaa,refutes,nei,0.33096272,0.2887018,0.38033542
igbo,A gwara Phyno na ọ ga-abụ dọkịta tupu ọ chọrọ ịbụ onye ọkwọ ụgbọ mmiri.,supports,nei,0.33184528,0.28898123,0.3791735
igbo,Henrietta Yakubu kere akwa na-egbochi oyi ụnyaahụ n'ọdọ ụgbọelu iji nyere ahụike ndị na-eme njem aka.,refutes,nei,0.33211565,0.28851917,0.37936518
igbo,Sowore bụ okaikpe ụlọikpe dị na Abụja. Ọrụ Sowore bụ Ịhụ na ndị DSS rụrụ ọrụ ha nke ọma.,refutes,nei,0.33115992,0.288976,0.3798641
igbo,Sam Mbakwe si Imo Steeti gaa wube mahadum nke Anambara n'afọ 1981,refutes,nei,0.32945397,0.28990787,0.38063812
igbo,Ike Ekweremadu Ekweremadu gbara mbọ ịbụ Gọvanọ Enugu Steeti na ntụlịaka nke afọ 2023. ,nei,nei,0.33298618,0.28863117,0.37838262
igbo,Emume Iri Ji ọhụrụ na-ewe naanị mkpụrụ ụbọchị ole gọọmentị etiti kwadoro.,refutes,nei,0.33100775,0.2887858,0.38020647
igbo,Ntiwapụ ọrịa Kovid gazuru ebe niile.,nei,nei,0.3294402,0.2896446,0.3809152
igbo,Kọmishọna na-ahụ maka azụmahịa aha ya bụ Christian Madụbuko  tụrụ mmadụ iri abụọ nga n'ihi ọkụ ha gbara ahịa Eke Awka.,nei,nei,0.33209106,0.28952825,0.37838072
igbo,Nwa nwoke abaghị uru chacha. Ọ dịghị mkpa ịmụta nwa nwoke n'ezinụlọ ndị Igbo.,refutes,nei,0.33111626,0.28963768,0.37924606
igbo,Egusi bụ nri dị n'ụdị mmiri jupụtara na Carbohydrates nke ụfọdụ nke na-esokarị na nri a na-eri n'ọwụwa anyanwụ Africa.,refutes,nei,0.33254722,0.2880255,0.3794273
igbo,"Na Republic nke mbụ nke Nigeria, P.N. Okeke-Ojiudu ji ọkwa Mịnịsta na-ahụ maka ọrụ ugbo rue afọ asaa. ",supports,nei,0.33181018,0.28839236,0.37979746
igbo,Ikenga bụ ememme a na-eme kwa afọ ma na-achịkwa ụlọ ọrụ na ọrụ ugbo.,supports,nei,0.32980528,0.29027548,0.37991926
igbo,Nrọ adịghị ire. Naanị onye enweghi aka ọrụ na-arọ nrọ.,refutes,nei,0.33014494,0.2891485,0.38070658
igbo,Maryam kwuru na nwaanyị di ime ejima kwesịrị ị na-aṅụ mmiri moringa kwa ụbọchị.,refutes,nei,0.33172473,0.28928167,0.37899357
igbo,FIFA kwuru na Brazil achịtaghị aja n'ọkwa mbaụnwa ma agba bọọlụ.,refutes,nei,0.33113223,0.29004753,0.37882024
igbo,A gbagburu otu onye ohi ọzọ so gaa wakpo ụlọakụ dị na Mpape Abụja ụbọchị Satọdee.,supports,nei,0.33171088,0.28902176,0.37926736
yoruba,Irọ́ ni pé Àgbádá-rìgì ni àwọn òyìnbó amúnisìn padà yí sí Badagry.,refutes,nei,0.33434102,0.28785455,0.37780437
yoruba,Lẹ́yìn tí àwọn òyìnbó dé ni ìpínlẹ̀ Èkìtì tó gba òmìnira.,refutes,nei,0.33362758,0.28849196,0.3778804
yoruba,Ègé gígé lọ́wọ́ iwájú ni a mọ Rashidi Yekini mọ̀ nígbà tí ó fi ń gbá bọ́ọ̀lù.,supports,nei,0.33396992,0.28818122,0.37784886
yoruba,"Falana ṣàlàyé pé gbogbo ìṣòro tó wáyé kò ṣẹ̀yìn ìjọba Nàìjíríà, àti pé ó di ìgbà tí wọ́n ba bẹ̀rẹ̀ sí ní kọ́ àwọn agbo màlùú ni wọ́n á tó rí ojúùtú sí ọ̀rọ̀ náà.",supports,nei,0.33623794,0.28712213,0.37663996
yoruba,Àìbìkítà awakọ̀ yìí ló mú kí àwọn ajínigbé rí Rẹ̀mí àti àwọn ènìyàn tó kú tó wà nínú ọkọ̀ náà mú.,refutes,nei,0.3341114,0.28832415,0.37756446
yoruba,Ìṣẹ̀lẹ̀ yìí wáyé ṣáájú kí ìlú ayaaba dásí ọ̀rọ̀ Ìlú Èkó.,refutes,nei,0.33289254,0.28814447,0.37896302
yoruba,Kò sí ẹni tí ó lè sọ pé báyìí ni ó ṣe rí ọmọ náà jígbé lọ sí ìlú Àbújá.,nei,nei,0.33290645,0.28858256,0.37851095
yoruba,Mínísítà fún ètò ìbánisọ̀rọ̀ ní Nàìjíríà tele ni Adebayo Shittu je. Ó sì wà lábẹ́ Ààrẹ tó wà nípò ní àkókò náà.,supports,nei,0.33522496,0.2871659,0.37760913
yoruba,Àwọn ọlọ́pàá ò gbé ìgbésè kankan nígbà tí wọ́n gbọ́ pé arákùnrin kan pinnu láti ṣekú pa ara rẹ̀ tí òun ò bá fẹ́ ọmọ Buhari.,refutes,nei,0.33475482,0.2874018,0.3778434
yoruba,Ìgbàgbọ́ àwọn Yorùbá ni pé Ifá ni ìránṣẹ́ tí Olódùmarè rán wá láti fi ọgbọ́n rẹ̀ tún ilé ayé ṣe.,supports,nei,0.3346138,0.28734884,0.3780373
yoruba,Àwọn ọmọ ìta yabo olóṣẹ̀lú kan ní ìpínlẹ̀ Ògùn ní Ọjọ́ Abámẹ́ta tó kọjá.,nei,nei,0.33468756,0.2874867,0.37782574
yoruba,Àwọn ohun ìgbàlódé tí wọn ń kó wá láti òkè-òkun lè ṣe àkóbá fún ilé kíkọ́ nílẹ̀ Adúláwọ̀.,nei,nei,0.33372837,0.2882088,0.37806278
yoruba,Ìṣẹ̀lẹ̀ ìjínigbé tí kò ṣẹ̀yìn àwọn Fulani yìí ló mú kí Gani Adams àti Sunday kégbàjarì sórí ayélujára pé kí gbogbo ọmọ Yorùbá lókè ọya máa bọ̀ nílẹ̀.,supports,nei,0.33630085,0.28705898,0.3766402
yoruba,Wàhálà yìí ló fàá tí Kòsọ́kọ́ àti sọ̀ǹgbè rẹ̀ fi ọ̀sẹ̀ mẹ́ta gbógun ti Ọba Akítóyè ní ààfin rẹ̀.,supports,nei,0.3349241,0.2878477,0.37722823
yoruba,"Wọn kì í jẹ mọ́ímọ́í lásán, àfi kí a jẹ ẹ́ pẹ̀lú ìresì tàbí ògì.",refutes,nei,0.33394057,0.2872321,0.3788274
yoruba,Ìròyìn náà sọ pé bàálù ayára fẹ́fẹ́ ẹlíkọ́pítà ni wọ́n fi gbé Sanusi kúrò ní abúlé Loko tí wọ́n fi pamọ́ sí láti ọjọ́ Ajé,nei,nei,0.33483535,0.28777596,0.37738863
yoruba,"SC àti SS jẹ́ ọ̀kan lára àwọn jẹ́nótáìpù tí a ni, àpẹẹrẹ kan náà ni ẹni tó ní SC àti SS máa ń ní, àmọ́ ipa SC kò fi bẹ́ẹ̀ lágbára púpọ̀ bíi ti SS.",supports,nei,0.33477947,0.28764054,0.37758
yoruba,"Kò sí àwọn ìgbésẹ̀ fonọ́lọ́jì tí ó jẹ́ ìpàrójẹ, àrànmọ́ tàbí àǹkóò fáwẹ́lì nínú èdè.",refutes,nei,0.3350082,0.28755462,0.37743714
yoruba,"Saudi ti gbésẹ̀lé ìfọwọ́kàn tààrà pẹ̀lú òkuta fúfú, bẹ́ẹ̀ sì ni wọ́n ti mú ìdínkù bá nọ́ḿbà àwọn arìnrìn àjò, àti àwọn ìlànà mìíràn tí wọ́n là kalẹ̀ fún Hajj ti ọdún yìí.",supports,nei,0.33595383,0.2876141,0.37643206
yoruba,Wo bí ọmọ tí ọpọlọ wọn kù díẹ̀ ṣe ń kọ́ iṣẹ́ agẹrun,nei,nei,0.33123398,0.28910768,0.3796583
yoruba,Fálànà rọ Ìjọba láti máṣe wo ìyà kankan mọ́ àwọn ará ilú lára kí ó tó ṣe àwòkọ́ṣe owó epo.,refutes,nei,0.33306482,0.2886347,0.37830052
yoruba,Fásitì kan péré ni Ògúnwán̄dé Abím̄bọ́lá ti kọ́ àwọn akẹ́kọ̀ọ́ gẹ́gẹ́ bí olùkọ́ ní orílẹ̀-èdè Nàìjíríà.,refutes,nei,0.33579302,0.28711343,0.3770935
yoruba,"Wọ́n dá ẹgbẹ One Million Boys sílẹ̀ láti dáàbò bo aláìlágbarà, ṣùgbọ́n kò sí ẹ̀rí tó dájú láti fi hàn pé wọ́n ní ìdí rere bẹ́ẹ̀ níbẹrẹ̀, ó ṣeé ṣe kí wọ́n dá ẹgbẹ́ náà sílè fún ìjìyà àti ìrìnàjò ọ̀daràn láti ìbẹ̀rẹ̀",refutes,nei,0.3356625,0.28699082,0.3773467
yoruba,Ìyá ọlọ́mọ kan ṣàlàyé pé òun nìkan ló máa ń dá wà tí kò sì sí ẹni tí òun fẹ́ kọjú sí fún ìrànlọ́wọ́.,supports,nei,0.33533928,0.287224,0.3774368
yoruba,Àwọn àgbà àgbà ní ìlú Ìbàdàn ti péjọ láti wá ojútùú sí aáwọ̀ tí ń ṣẹlẹ̀ láàrin àwọn àgbẹ̀ àti àwọn darandaran ní àwọn gbèríko.,nei,nei,0.33443123,0.28767568,0.37789306
yoruba,Ọ̀pọ̀lọpọ̀ àwọn onímọ̀ ni wọ́n ti kéde pé kí wọ́n máa pín ìwé fún àwọn ọmọ ilé-ìwé gbogbo.,nei,nei,0.33386898,0.287819,0.37831196
yoruba,"Shónẹ́kàn jẹ́ ọ̀kan lára àwọn ọmọ mẹ́fà tí àwọn òbí rẹ̀ bí, ó sì kẹ́kọ̀ọ́ gboyè nínú ìmọ̀ òfin.",supports,nei,0.33319104,0.2883762,0.37843278
yoruba,Kò sí ẹni tí ó gbégbé orókè pẹ̀lú ìṣẹ́jú àáyá 9.85 nínú ìtàn eré orí pápá rí ní ilẹ̀ Adúláwọ̀.,refutes,nei,0.3352095,0.28780416,0.37698632
yoruba,Akanni Simbine kọ ìtàn tuntun nínú eré orí pápá nínú oṣù keje ọdún 2021 pẹ̀lú bí ó ṣe parí eré sísá láàrin ìṣẹ́jú àáyá 9.84.,supports,nei,0.33385977,0.2878878,0.37825248
yoruba,Ọwọ́ pálábá àwọn adigunjalè mẹ́fà ló ṣégi lóru àná nígbà tí wọ́n lọ kọlu ilé ọ̀kan nínú àwọn ọ̀gá báǹkì.,nei,nei,0.33500382,0.28765774,0.37733844
yoruba,"Nínú ètò ṣíṣe àmàlà, a máa ń jan ìyẹ̀fun rẹ̀ kúrò kí a tó rò ó.",nei,nei,0.33259955,0.28953332,0.37786713
yoruba,"Shehu Shagari fẹ́ ìyàwó mẹ́ta, wọ́n sì bímo tó pọ̀ fún un. Ní ọdún 2001, ọ̀kan lára àwọn ìyàwó rẹ̀ kú ní ilé ìwòsàn kan.",supports,nei,0.3343728,0.2884843,0.37714294
yoruba,Ìpínlẹ̀ Èkìtì tí ó wà ní apá ìwọ̀ oòrùn jẹ́ ìdásílẹ̀ pẹ̀lú àwọn ìpínlẹ̀ tuntun márùn-ún mìíràn.,supports,nei,0.33283588,0.28808892,0.37907523
yoruba,Ìjọba ológun ìgbà náà kéde àbájáde ìdìbò náà kí olùdìbò tó lọ fi ẹ̀sùn àìṣòtítọ́ kan ìjọba ìgbà náà.,refutes,nei,0.33540568,0.28751788,0.37707642
yoruba,"Ní ọdún 2023, àìtó náírà àti ìgbìyànjú àwọn ìjọba láti mú kí ará-ìlú fi tipátipá ná owó tuntun yìí ló fa wàhálà lójijì. ",supports,nei,0.33497798,0.28785884,0.37716323
yoruba,Òpin ọ̀sẹ̀ yìí ló máa lé kenkà jù nítorí àwọn olólùfẹ́ máa rí àyè láti ṣe bó ṣe wù wọ́n.,supports,nei,0.33494693,0.287894,0.3771591
yoruba,"Kúnlé Afoláyan ṣe sinimá àgbéléwò kan tí ó pe orúkọ rẹ̀ ní One Million Boyz, èyí tó sàfihàn ìhùwásí wọn àti bí wọ́n ṣe ṣẹ ikú pa Gómìnà ìpínlẹ̀ kan.",nei,nei,0.33494446,0.2878998,0.37715572
yoruba,Kollington ṣàlàyé bí orin Fuji ṣe bẹ̀rẹ̀ gan an ní Nàiìjíríà,nei,nei,0.33393604,0.28841668,0.37764722
yoruba,"Apatapìtì, gbajúgbajà sọ̀rọ̀sọ̀rọ̀ nílùú Ògbómọ̀ṣọ́ ti dágbére fáyé.",nei,nei,0.33267322,0.28857982,0.37874693
yoruba,Gbogbo àwọn tí ó wà ní àwọn igbèríko ni wọ́n máa ń mọ̀ nípa iṣẹ́ àgbẹ̀.,nei,nei,0.3332966,0.28825718,0.3784462
yoruba,Oríṣiríṣìí ìtàn àtẹnudẹ́nu ni ó tọ́ka Odùduwà gẹ́gẹ́ bíi baba ńlá ìran Yorùbá.,supports,nei,0.33532837,0.2872302,0.37744147
yoruba,Àwọn tí wọ́n fẹ̀sùn kàn ò gbà pé àwọn jẹ̀bi ọ̀rọ̀ náà nítorí bí ọ̀rọ̀ náà ṣe wáyé.,refutes,nei,0.33296922,0.2881154,0.3789154
yoruba,"Sunday Igboho ní pé àwọn Fulani kò leè dúró, táa bá lo ohun tí a jogún lọ́dọ̀ àwọ̀n bàbá ńlá wa.",nei,nei,0.33349496,0.28827617,0.37822893
yoruba,"Orúkọ King Sunny Ade (KSA), òǹkọrin tí ó gbajúmọ̀ jáde fún àmì ẹ̀yẹ grammy lẹ́ẹ̀mejì.",supports,nei,0.33405447,0.28802863,0.37791684
yoruba,Fásítì Èkó ló jáwé borí nínú ìdíje pẹ̀lú àwọn ilé ẹ̀kọ́ gíga mẹ́wàá mìíràn.,nei,nei,0.33436814,0.288181,0.37745085
yoruba,Iye álífábẹ́ẹ̀tì tí ó wà nínú èdè Lárúbáwá lé ní ogójì bí a bá kà á.,refutes,nei,0.3341358,0.28795433,0.37790987
yoruba,Alao-Akala ní Gómìnà ìpínlẹ̀ Ọ̀yọ́ gbọ́dọ̀ jẹ́ kí gbogbo ará-ìlú mọ àbájáde ìwádìí tí ìjọba bá ṣe lórí ìṣẹ̀lẹ̀ náà.,supports,nei,0.33554652,0.28747264,0.37698078
yoruba,Gbogbo ìdílé kọ̀ọ̀kan ló ní òfin tí àṣà wọ́n tẹ̀lé.,nei,nei,0.33361924,0.2881294,0.3782514
yoruba,"Àwọn òfin tó de bọ́ọ̀lù ti wà láti sẹ́ńtúrì kọkàndílógún, wọ́n sì tì tàn kárí ayé.",supports,nei,0.33496585,0.28746134,0.37757283
yoruba,"Agbègbè kọ̀ọ̀kan ló ní ìjọba ìbílẹ̀ ti rẹ̀, pàápàá, àwọn agbègbè tí ń bẹ ní àwọn apá àríwá.",nei,nei,0.33427596,0.2881227,0.3776014
yoruba,Ilé alárinrin tí Aláàfin kọ́ fún wọn ni wọ́n pe ni 'Palace of Patience' èyí tó túmọ̀ sí Ààfin Sùúrù.,nei,nei,0.33461615,0.28823358,0.37715033
yoruba,Ọrànmíyàn àti Ọbàtálá ọ̀ṣẹ̀rẹ̀màgbò ló kọ́wọ̀ọ́rìn tẹ ìlú Ipotumodu dó.,refutes,nei,0.3334785,0.28820378,0.37831777
yoruba,Gbogbo ìlú tí ó wà ní ìpínlẹ̀ Kwara ni ẹ̀yà náà tẹ̀dó sí.,nei,nei,0.33350283,0.28738657,0.37911063
yoruba,"Síbẹ̀, kò sí àfihàn pé Ọọ̀ni àkọ́kọ́ gan-an ni ọmọ Odùduwà tàbí pé ó jẹ́ ọ̀kan nínú àwọn òrìṣà àmọ́, Ọọ̀ni Adéyẹyè Ẹnìtàn Ògúnwùsì Ọ̀jájá Keji (II) ló wà nípò báyìí.",refutes,nei,0.33699962,0.28656414,0.37643626
yoruba,"Bí ó tilẹ̀ jẹ́ wí pé Nambia ní ìpènijà ara, tí gbogbo ìlàkàkà ìyá rẹ̀ lórí ẹ̀kọ́ rẹ̀ sì ń bọ́ sí pàbo, èyí kò dí i lọ́wọ́ láti gbé ìgbé-ayé rẹ̀ pẹ̀lú ayọ̀ àti àlàáfíà.",supports,nei,0.3361912,0.2872124,0.37659636
yoruba,"Ọ̀mọ̀wé Malọmọ, ní kìí ṣe inú Ọgbà Fásitì ọ̀hún ni ìṣẹ̀lẹ̀ náà ti bẹ̀rẹ̀.",nei,nei,0.33442092,0.28817064,0.3774084
yoruba,Ìlú India ni wọ́n ti ní onírúurú ẹ̀sìn àti àṣà ìbímọ tí wọ́n ń tẹ̀lé.,nei,nei,0.33501014,0.2873864,0.37760344
yoruba,Oba Olufolarin Ogunsan sọ pé òjò gbọ́dọ̀ rọ̀ lásìkò ọdún Ẹlẹ́gba ni ìlú Ẹpẹ́,supports,nei,0.33372155,0.28769633,0.3785821
yoruba,Ìpínlẹ̀ Èkó ni ọkọ̀ Gómìnà náà ń lọ kí àwọn Boko Haram tó da ìbọ̀n lù wọ́n,refutes,nei,0.33388123,0.28794545,0.37817332
yoruba,"Ìrísí ẹ̀wà jọ ti irú, èyí tí a máa ń lò nínú ọbẹ̀ láti mú u ládùn.",nei,nei,0.33239436,0.28879994,0.3788057
yoruba,"Ní ìlú Òṣogbo, ìròyìn fi lélè pé wọ́n rú ẹbọ ọkùnrin àti obìnrin tí kò ní ìbálòpọ̀ rí láti fi dènà ogun Fulani",nei,nei,0.33627573,0.28668523,0.377039
yoruba,"Ìgè kú ní ọjọ́ kẹtàlélógún oṣù kejìlá, ọdún 2001 tí wọ́n fipá gba èmí rẹ̀.",supports,nei,0.333501,0.2886734,0.37782556
yoruba,Dangote ni ẹni tí ó kọ́kọ́ ní ilé-iṣẹ́ Ìfọpo ní orílẹ̀-èdè Nàìjííríà.,nei,nei,0.33566788,0.28647104,0.3778611
yoruba,Wọ́n ti késí Àwẹ̀lé pé kí ó má bá bàbá àgbà àti màmá àgbà jà mọ́.,nei,nei,0.3330978,0.28837216,0.37853009
yoruba,Gbogbo ìdílé tó ti jọba Èkó ni wọ́n fún ẹ̀bùn ìjọba ìpínlẹ̀ yìí pátá.,nei,nei,0.33460626,0.28808373,0.37731004
yoruba,Gbogbo àwn akẹ́kọ̀ọ́ ni wọ́n fara mọ́ òfin tí ilé-ẹ̀kọ́ gbé kalẹ̀.,nei,nei,0.33340314,0.28813645,0.3784604
yoruba,Ìlú Egbejila ni ìròyìn tí jáde pé àwọn ọlọ́sìn ẹja ní àwọn fi iṣẹ́ báńkì sílẹ̀ wá ṣe ọ̀sìn ẹja,nei,nei,0.3349745,0.28754708,0.37747836
yoruba,Àkọsílẹ̀ fi hàn pé kò sí ìlú kankan bí tí wù kó mọ lábẹ́ ẹ̀yà àkókó.,refutes,nei,0.3333346,0.28915125,0.3775141
yoruba,Ilé-ìwé Alkimaru Heritage gba àwọn akẹ́kọ̀ọ́ tí wọ́n lé ní ẹgbẹ̀rún kan fún sáà tuntun.,nei,nei,0.33464003,0.2875929,0.37776715
yoruba,Olóṣẹ̀lú tó gbajúgbajà ni Mohammadu Buhari jẹ́. Ó sì jẹ́ ọ̀kan lára àwọn olóṣẹ̀lú tí ẹsẹ̀ rẹ̀ rinlẹ̀ jùlọ ní apá àríwá orílẹ̀-èdè Nàìjíríà.,supports,nei,0.33487192,0.2875011,0.377627
yoruba,Àwọn aláwọ̀ funfun ló fa ìdí àbájọ tí àwọn ìjọba ológun ṣe fi ipá gba ìjọba Ìpínlẹ̀ náà.,nei,nei,0.33447692,0.28794003,0.37758303
yoruba,"Nínú ihò ribiti tó ní ojú méjìlá, tí mẹ́fà sì kọjú sí ara wọn ni wọ́n máa ń lò pẹ̀lú òkuta wẹ́wẹ́ àbí ọmọ ayò méjìdínláàádọ́ta.",supports,nei,0.33479702,0.2880017,0.37720132
yoruba,"Ààrẹ àkọ́kọ́, Adéyanjú Adédayọ̀ ní ìfọ̀rọ̀wánilẹ́nuwọ̀ kan sọ pé akitiyan ti wà láti ṣe ètò náà.",nei,nei,0.33476338,0.28715494,0.37808165
yoruba,"Ọba Akítóyè wá dáa bí ọgbọ́n, ó fi wàhálà kọ́ Kòsọ́kọ́ àti sọ̀ǹgbè rẹ̀ lọ́rùn. ",refutes,nei,0.33388087,0.28791523,0.3782039
yoruba,"Mínísítà sọ pé ó dára kí á pa àgọ́ mẹ́ta, ṣùgbọ́n a ò ní fún Daud àti Lọ́ládé ni ọ̀kankan.",nei,nei,0.33448628,0.28785762,0.37765604
yoruba,Zainab sọ pé ìjọba ti pàṣe pẹ́ kí wọ́n ṣí ẹnu ibodè mẹ́wàá sílẹ̀.,refutes,nei,0.3337656,0.2872639,0.37897053
yoruba,"""Ìjàkadì"" yìí ò ní ìtumọ̀ ìjìnlẹ̀ pàtó kankan yàtọ̀ sí ohun tí ọ̀rọ̀ náà túmọ̀ sí fúnra rẹ̀.",refutes,nei,0.3348276,0.2882681,0.37690428
yoruba,Ìlú Ilaro ní ìpínlẹ̀ Ògùn ni wọ́n bí Ọba Seriki Ifaremilekun Abass Williams Fagbemi sí.,supports,nei,0.335103,0.28752565,0.37737134
yoruba,"Ìbànújẹ́ àti ìtara tí Sẹnetọ Adeyemi fi sọ̀rọ̀ nílé aṣòfin fi hàn pé ó ní ìfẹ́ gidi sí ààbò orílẹ̀-èdè, ó sì tọ́ka pé ìjọba gbọdọ̀ gbìmọ̀ pọ̀ láti dáàbò bo ẹ̀mí àwọn ará Nàìjíríà.",supports,nei,0.33612618,0.28662574,0.37724802
yoruba,Alága Hajj ni Nàìjíríà ní inú wọn kò dùn sí bí Hajj kò ṣe ní wáyé.,nei,nei,0.33456773,0.28770906,0.37772325
yoruba,Ọ̀pọ̀lọpọ̀ yìnyín ni ó máa ń jábọ́ ní ìgbà òjò ni orílẹ̀-èdè Nàìjíríà.,nei,nei,0.33569136,0.2867149,0.37759373
yoruba,BBC mẹ́nuba ìrúfẹ́ ìgbeyàwó méje tó wà nílẹ̀ Yorùbá àti ojúṣe,nei,nei,0.33563808,0.28697938,0.37738258
yoruba,"Àìrísẹ́ ṣè lẹ́yìn ìwé kíkà ló sọ mi dí ìyá onírú, mo dúpẹ́ tèmi",nei,nei,0.3346418,0.28738955,0.3779686
yoruba,Gbogbo àwọn tí wọn ń lo ẹ̀rọ wọn ní ọ̀nà tí kò bá òfin ìjọba mu ni wọn yóò sọ sátìmọ́lé.,nei,nei,0.3341589,0.2876195,0.37822163
yoruba,"Gómìnà ìpínlẹ̀ Ọ̀yọ́, Mákindé kéde pé kí àwọn òṣìṣẹ́ dáwọ́ iṣẹ́ dúró nítorí coronavirus nípínlẹ̀ náà.",supports,nei,0.33495808,0.2872248,0.37781712
yoruba,Ilẹ̀ Yorùbá ò fi bẹ́ẹ̀ ní eré-ìdárayá tó pọ̀ fún àwọn ọmọdé.,refutes,nei,0.33327797,0.28891054,0.37781143
yoruba,Azonto ní àfojúṣùn òun ni láti lọ fi idán iná yìí pa owó lókè òkun,nei,nei,0.33387384,0.28858206,0.37754413
yoruba,"Ìtàn fi hàn pé ìfarahàn ẹgbẹ́ One Million Boys kò pin sí Eko nìkan, ṣùgbọ́n o tún ní ẹ̀ka àti ipá tó lágbára ní Ibadan, pàápàá jùlọ ní adúgbò Kudeti àti àwọn agbègbè tó yí ká.",supports,nei,0.33453482,0.2877836,0.37768155
yoruba,Ìṣẹ̀lẹ̀ apànìyàn yìí wáyé ní ìlú Ìjẹ̀ṣà ní Ìdómínàà ní pàtó.,nei,nei,0.33453894,0.28748864,0.3779724
yoruba,Ìtàn fi yé wa pé Budda ṣe ìrìn-àjò lórí ọkọ̀ ojú omi lẹ́ẹ̀mẹ́rin ọ̀tọ̀ọ̀tọ̀ lẹ́yìn tí ìyàwó rẹ̀ bímọ.,refutes,nei,0.3339733,0.28790215,0.37812456
yoruba,"Àwọn aláṣẹ ẹgbẹ́ òṣelú APC pé ìpàdé fún àwọn aṣòfin tó jẹ́ ọmọ ẹgbẹ́ wọn láti jíròrò lórí bí wọn yóò ṣe yan àwọn olórí ilé aṣòfin, tí àwọn ọmọ ẹgbẹ́ PDP sì lo àǹfààní náà láti sẹ̀tò ìdìbò.",supports,nei,0.3348535,0.2873036,0.3778429
yoruba,Wizkid jẹ́ ọ̀kan lára àwọn olórin tàkásúfẹ̀ẹ́  Afro Beat tó wà ní orílẹ̀-èdè Nàìjíríà.,supports,nei,0.3341071,0.28744537,0.3784475
yoruba,A kò lè fi ọbẹ̀ ofe akwu jẹ iyán.,refutes,nei,0.33060825,0.28906378,0.38032794
yoruba,"Ní ìwọ̀ oòrùn ìtà Ipetumodu ni ilé ìwé Federal Government Girl's College wà, èyí tó jẹ́ aládàá ní.",refutes,nei,0.33448398,0.28731915,0.37819687
yoruba,"Ọ̀pọ̀lọpọ̀ ènìyàn ni ò gbóríyìn fún Adedibu fún àwọn iṣẹ́ tí ó ṣe, kódà wọ́n bu ẹnu àtẹ́ lù ú.",refutes,nei,0.33456597,0.28776672,0.3776673
yoruba,"Elike Chibuzor ni orúkọ arákùnrin tí ọwọ́ àwọn ọlọ́pàá tẹ̀, tó ní òun lòun jí ọmọ tí wọ́n ń wa gbé.",supports,nei,0.33242768,0.2882128,0.37935957
yoruba,Ní ibi pápá ọkọ̀ ojú ọ̀nà Sángó ni ìṣẹ̀lẹ̀ náà ti wáyé láì rò tẹ́lẹ̀.,nei,nei,0.33291164,0.28828725,0.37880114
yoruba,"Ìṣẹ̀lẹ̀ yìí mú Bisi Fayemi sunkún nítorí ìṣẹ̀lẹ̀ yìí ti ṣẹlẹ̀ sí òun náà rí, lásìkò tó wà ní ilé-ẹ̀kọ́ gíga.",nei,nei,0.33546725,0.2871143,0.37741843
yoruba,Ọmọ ẹ̀gbọ́n Ọṣìnlókùn ló jẹ Ọba lẹ́yìn tí Ọṣìnlókùn kú.,refutes,nei,0.3344606,0.2877311,0.37780836
yoruba,Láti nǹkan bíi sẹ́ńtérì kẹ́ta ni a ti ń fi èdè Lárúbáwá kọ nǹkan sílẹ̀.,supports,nei,0.33454794,0.2870458,0.37840626
yoruba,Inú àwọn Gbágùrá ò dùn nígbà tí àwọn Òwu lé àwọn ológun padà títí wọ́n fi dé àárín Gbágùrá nítorí wọ́n lérò pé àwọn Òwu yóó ti pa wọ́n dànù.,refutes,nei,0.3346571,0.28762358,0.3777193
yoruba,Àwọn akẹ́kọ̀ọ́ Yorùbá lọ sí ibi ètò ẹka History wọn kò sì rí oúnjẹ jẹ.,nei,nei,0.33184233,0.28914717,0.37901053
yoruba,Lara àwọn ìtàn tí a ti lè gbọ́ náà ni pé olórí àwọn Ìjẹ̀ṣà jẹ òkan lára àwọn ọmọ méjèje tí Ọrúnmìlà bí.,refutes,nei,0.3358663,0.28653753,0.37759617
yoruba,"Ọ̀pọ̀ àwọn olóṣèlú ni ilé ẹjọ́ yọ kúrò nípò lẹ́yìn tí wọ́n ṣe àtúnṣẹ́ sí àbájáde ìdìbò ọdún 2019 nítorí àríyànjiyàn lórí ẹni tí INEC kéde gẹ́gẹ́ bí olubori, lárá wọn ni gomina àtijọ́ ìpínlẹ̀ Ọ̀yọ́, Abiola Ajimobi.",supports,nei,0.33662423,0.28654552,0.37683028
yoruba,"A máa ń pọ́n mọ́ímọ́í sínú agolo, a sì lè pọ́n ọn sínú ewé.",supports,nei,0.33165938,0.2886774,0.37966326
yoruba,"Oníwàásù àgbáyé náà wá gba aya Ajimobi níyànjú láti tẹ̀lé ohun tí ìwé Àlùkùránì sọ nípa opó ṣíṣẹ, èyí tó jẹ́ oṣù mẹ́rin àti ọjọ́ mẹ́wàá, ìyẹn àádọ́je ọjọ́",nei,nei,0.33625335,0.28724146,0.37650517
yoruba,Òṣogbo tíí ṣe olú ìlú ìpínlẹ̀ Ọ̀ṣun kò ní ilé-iṣẹ́ kankan.,refutes,nei,0.33358037,0.28833365,0.378086
yoruba,"Ìjà tó fọ́ gbogbo Ìlú Ẹ̀gbá wáyé ní ọdún 1821, ohun kékeré ló sì ṣòkùnfà ìjà náà láàárín àwọn Òwu àti àwọn ìjẹ̀bú.",supports,nei,0.33520022,0.2879806,0.37681916
yoruba,"Ọjọ́ kẹtàdínlọ́gbọ̀n, oṣù kẹta, ọdún 2020 ni òfin yìí ò ní ṣiṣẹ́ mọ́.",refutes,nei,0.33443746,0.28788346,0.37767908
yoruba,Àwọn ènìyàn ti rawọ́ ẹ̀bẹ̀ sí ìjọba láti gbé òfin tuntun kalẹ̀ tí yóò dáà bò bo àwọn ẹranko.,nei,nei,0.3327406,0.28870124,0.37855813
yoruba,"Àwọn tó lòdì sí ìjọba Àdèlé, tí wọ́n sì mú ìjọba Àdèlé dópin ní ọdún 1819 ni Oṣìnlokùn àti àwọn alátìlẹyìn rẹ̀.",supports,nei,0.33480638,0.287519,0.3776746
yoruba,Gbogbo àwọn orúkọ Yorùbá ni wọ́n máa ń ní ìtumọ̀ ìjìnlẹ̀.,nei,nei,0.3325105,0.28867456,0.37881497
yoruba,Àwọn olósèlú tí wọ́n lọ síbi ìpàdé àpérò náà lọ́dún tí à ń wí yìí lé lọ́gọ́rùn-ún.,nei,nei,0.33278123,0.2883879,0.37883088
yoruba,"Láti gbin iṣu, a máa gbin orí rẹ̀. Ọ̀gbìn iṣu sì ṣe pàtàkì nílẹ̀ Yorùbá.",supports,nei,0.33455354,0.28792864,0.37751782
yoruba,"Sanusi ní ""Mo ti sọ fún àwọn ìyàwó mi àti mọ̀lẹ́bí mi pé kí wọ́n fún Emir tuntun ní ọ̀wọ̀ tó yẹ"".",nei,nei,0.33330962,0.28867057,0.37801978
yoruba,"Iṣẹ wá burẹkẹ síi tórí Covid-19, owó ńlá ló wà nínú dídáná sun òkú.",nei,nei,0.3329995,0.28822196,0.3787786
yoruba,Olùkọ́ ẹka-ẹ̀kọ History ni àwọn akẹ́kọ̀ọ́ wọ́n fi ahun jọ.,nei,nei,0.3315118,0.2888347,0.37965354
yoruba,Nígbà tí Mugabe kú Mohammsdu Buhari ò sọ̀rọ̀ kankan nípa rẹ̀.,refutes,nei,0.33378828,0.28849998,0.3777117
yoruba,"Ernest wà ní ipò láti ọjọ́ mẹ́rindínlọ́gbọ̀n, oṣù kẹjọ, ọdún 1993 títí dé ọjọ́ kẹ́tadínlógún, oṣù kọkànlá ọdún 1993 tí ó fi fẹ̀yìn tì.",supports,nei,0.33597597,0.28659686,0.37742722
yoruba,Fonọ́lọ́jì ní ẹ̀ka èdè Ìṣẹ̀-Èkìtì ní àwọn ìjọra àti ìyàtọ̀ pẹ̀lú ti Olórí ẹ̀ka-èdè Yorùbá.,supports,nei,0.33466992,0.28734127,0.37798885
yoruba,"Kí Arapaja tó darapọ̀ mọ́ òṣèlú, ó ṣiṣẹ́ ní ilé-ìfowópamọ́ fún ọdún mẹ́wàá ní Ìpínlẹ̀ Èkó.",refutes,nei,0.33476946,0.2878609,0.37736964
yoruba,"Ní orílẹ̀-èdè Nàìjíríà, àwọn aṣèwádìí kan ṣàwárí àwọn ilé tó wà lórí òkè ní ìpínlẹ̀ Ọ̀yọ́.",nei,nei,0.335544,0.28670746,0.37774852
yoruba,Gbogbo ọbẹ̀ ni wọ́n máa ń kọ́kọ́ ṣan ewé wọn kí wọ́n tó ṣàmúlò rẹ̀.,nei,nei,0.33275315,0.28816664,0.37908027
yoruba,"Ẹ̀sìn ìsìlámù níí ṣe pẹ̀lú àìṣòdodo, èyí sì ń darí gbogbo ènìyàn sí ohun tí yóò ṣe ànfààní fún wọn.",refutes,nei,0.33470243,0.28777048,0.3775271
yoruba,Ní ayẹyẹ ọjọ́ àwọn opó ti ọdún 2019 ni opó kan ti ṣàllàyé pé òun máa ń sá kiri láti wá owó ilé ni.,nei,nei,0.3340994,0.28774568,0.37815493
yoruba,"Òrìṣà pàtàkì ni Ṣàngó jẹ́ lára àwọn ibọ òrìṣà nílẹ̀ Yorùbá. Ìran ṣàngó ní ọ̀pọ̀ ìbẹ̀rù, ìrísí, ìṣe, àti ìsọ̀rọ̀.",supports,nei,0.3347217,0.28786397,0.3774143
yoruba,Anthony Olúwafẹ́mi Ọláṣeéní Jóṣúà jẹ́ gbajúgbajà oníṣòwò kan tí ó ń ta irin ìkọ́lé ní ìlú Èkó.,refutes,nei,0.3358424,0.28701013,0.37714744
yoruba,"Wọ́n gbé ìgbésẹ̀ láti fi kún àwọn ọlọ́pàá tó ń dúró lójú ọ̀nà, bákan náà ni wọ́n ti pé àwọn elòmìíràn tí kì í ṣe ọlọ́pàá láti ràn wọ́n lọ́wọ́.",supports,nei,0.33466616,0.28773054,0.37760332
yoruba,Iye àwọn ènìyàn tí ó ń sọ èdè Lárúbáwá gẹ́gẹ́ bí èdè abínibí ní àríwá ilẹ̀ Áfíríkà àti ìlà-oòrùn-gúsù (Asia) tó mílíọ̀nù lọ́nà igba.,supports,nei,0.33424225,0.28767654,0.37808117
yoruba,Àwọn oníṣòwò kan tí wọ́n tún jẹ́ pẹjapẹja ni wọ́n dá ìlú Èkó sílẹ̀ ṣaájú ìjọba amúnisìn.,supports,nei,0.33494782,0.28760496,0.3774472
yoruba,Ẹ̀sìn ìsìláàmù jẹ́ àṣà tí Ọlọ́run ń lò láti fi ránṣẹ́ sí ànọ́bì kí àlàáfíà àti ìrọ̀rùn lè wà láàárín gbogbo ọmọnìyàn.,refutes,nei,0.33444056,0.28775635,0.3778031
yoruba,Alága ẹgbẹ́ agbábọ́ọ̀lù Juventus Andrea Agnelli ṣàlàyé pé àwọn ẹgbẹ́ agbábọ́ọ̀lù méjìlá náà parapọ̀ lásìkò tó ṣe pàtàkí yìí láti mú àyípadà bá eré bọ́ọ̀lù ní ilẹ̀ Yúróòpù,nei,nei,0.33585563,0.28734893,0.3767954
yoruba,Nǹkan ọrọ̀ ajé ìlú Àkókó tí ó wọ́pọ̀ jù ni aṣọ àti bàtà títà.,refutes,nei,0.33241618,0.2891172,0.37846667
yoruba,"Ìròyìn kan jáde láti fi tó àwọn ará-ìlú létí wí pé Atiku ń wá igbákejì,.",nei,nei,0.33429432,0.28735635,0.37834936
yoruba,Ìjọba àpapọ̀ ti fòfin de gbogbo àwọn tí wọ́n ń kó ìrẹsì wọlé lọ́nà àìtọ́ lórílẹ̀-èdè Nàìjíríà.,nei,nei,0.33485803,0.28747398,0.377668
yoruba,"Alárèékérékè ẹ̀dá ni Ẹ̀ṣù, ó sì máa ń gbé ní oríta.",supports,nei,0.33270553,0.2884184,0.37887603
yoruba,Láti ẹni ọdún mẹ́tàlà ni Bàbá mi ti ń ba mi sùn.,nei,nei,0.33111644,0.28899017,0.37989345
yoruba,Orúkọ kan ṣoṣo tí a mọ òrìṣà yìí mọ́ ni Ṣàngó.,refutes,nei,0.33209816,0.28960365,0.3782982
yoruba,Olòrì Awólọ́wọ̀ jẹ́ olósèlú tí ó gbajúmọ̀ láàárín àwọn ọmọ ilẹ̀ Yorùbá.,refutes,nei,0.33395395,0.288469,0.37757704
yoruba,"Ọpẹ́lọpẹ́ ìjáfáfá awakọ̀ yìí, ọ̀pọ̀ ẹ̀mí ni ò bá sọnù ní ọjọ́ tí ìṣẹ̀lẹ̀ yìí ṣẹlẹ̀, àmọ́ ọ̀nà ìgbà ronú rẹ̀ ló kó Remi àti àwọn èrò inú ọkọ̀ náà yọ.",supports,nei,0.33497053,0.28750312,0.3775264
yoruba,"Gbogbo ẹ̀sìn ló ní irúfẹ́ ìgbàgbọ́ tirẹ̀, bẹ́ẹ̀ sì ni ó wà ní ayé àtijọ́ ní àwọn ìlú kọ̀ọ̀kan.",nei,nei,0.33528888,0.28768802,0.37702313
yoruba,"Òdodo ò ṣòro láti mọ̀, pàápàá láàárín àwọn èèyàn tó ní àfojúsùn kan náà.",nei,nei,0.33134827,0.28918326,0.37946847
yoruba,"Iye ìlú tó wà labẹ́ Ìjẹ̀ṣà á fẹ̀ẹ̀ ju ọgbọ̀n lọ, èyí tí àwọn kan jẹ́ ìlú kékeré tí àwọn kan sì jẹ́ ìlú ńláńlá.",supports,nei,0.3354848,0.28741536,0.37709987
yoruba,"Nínú àtẹ̀jáde kan tí wọ́n fi síta fún àwọn oníròyìn, kò sí ẹnìkankan látìmọ́lé nínú àwọn olùwọ́de Endsars.",refutes,nei,0.33574933,0.28766137,0.3765893
yoruba,"Àjọ̀dún ìjàkadì ní ìlú Ọ̀fà, ní ìpínlẹ̀ Kwara máa ń wáyé pẹ̀lú èròngbà láti gbé àṣà Yorùbá lárugẹ ní orílẹ̀-èdè Nàìjíríà.",supports,nei,0.33639833,0.28682673,0.3767749
yoruba,Orin fújì ni ọ̀pọ̀ ènìyàn mọ Wizkid sí ní Nàìjíríà.,refutes,nei,0.332666,0.2886759,0.3786581
yoruba,Kò sí ẹni tí ó dáro ikú Mugabe nígbà tí ikú rẹ̀ gbayé kan.,refutes,nei,0.33426115,0.28863338,0.37710544
yoruba,Iyán jẹ́ oúnjẹ aládùn tí à ń fi ọwọ́ jẹ. Àwọn ènìyàn tí ó wà ní gúúsù orílẹ̀-èdè Nàìjíríà máa ń pèé ní orúkọ mìíràn.,supports,nei,0.3352782,0.2871286,0.3775932
yoruba,Gómìnà tí ìpínlẹ̀ Ọ̀ṣun dìbò yàn lọ́dún 2022 náà ni ó ṣì wà lórí àléfà ní ìpínlẹ̀ náà.,supports,nei,0.3339524,0.2876839,0.3783637
yoruba,Sẹnetọ Adeyemi ṣàlàyé pé kò yẹ kí àwọn aṣíwájú ó mójútó nǹkan kan nípa iye ẹ̀mí tí wọ́n ń pàdánù lórílẹ̀ èdè náà.,refutes,nei,0.3348348,0.28709966,0.37806553
yoruba,"Kò sí àáwọ̀ kankan tí ó tẹ̀yìn rẹ̀ yọ nígbà tí Olóyè Àjàsá ń hàlẹ̀, tí ó ń bú Ìgà Ìdúngànràn.",refutes,nei,0.33425936,0.28788543,0.3778552
yoruba,"Sunday Igboho ṣàlàyè pé òun kò bẹ̀rù ẹnikẹ́ni àyàfi Ọlọ́run, lẹ́yìn tí àwọn kan lọ jọ ilé rẹ̀ ní Ìbàdàn, bẹ́ẹ̀ sì ni kò jẹ́ kí ìṣẹ̀lẹ̀ yìí sọ ọ́ di alágbe tí á máa tọrọ owó lọ́wọ́ àwọn ènìyàn.",supports,nei,0.33583212,0.28760207,0.37656584
yoruba,"Láàárín gbogbo orílẹ̀-èdè tó wà ní àgbáyé, Amẹ́ríkà nìkan ni kò ní àkọ́sílè ìgbẹ̀mí ara-ẹni.",refutes,nei,0.3351273,0.28747785,0.37739486
yoruba,"Ànàmọ́ tàbí ọ̀dùnkún jẹ́ irúgbìn tí ó máa ń hu ewé, ó sì máa ń fààyè gba afẹ́fẹ́ nínú rẹ̀.",supports,nei,0.334874,0.2874242,0.37770182
yoruba,"Ní ìdílé àwọn ọba Èkó, ìdílé Ọba Ológun Kutere ni ó tóbi jù lọ lẹ́yìn ìjàkadì tó wáyé ní ọdún 1829.",refutes,nei,0.3356381,0.2870209,0.37734103
yoruba,Naira Marley gbóríyìn fún Jude Chukwuka pẹ̀lú #1 míliọnù,nei,nei,0.33044383,0.28915983,0.38039637
yoruba,"Àmàlà, èyí tí a fi èlùbọ́ iṣu tàbí ọ̀gẹ̀dẹ̀ ṣe jẹ́ oúnjẹ tó gbajúgbajà.",supports,nei,0.33388388,0.2886245,0.37749162
yoruba,"Àwọn agbègbè ìjọba mẹ́ta mìíràn tí Ìwó ní ni wọ̀nyí: Ìwó East, Ọlọ́mọwẹ́wẹ́, Ìwó West, Agbéríre; Ọlá Olúwa South East, Ilémòwú.",refutes,nei,0.3362142,0.28680286,0.37698293
yoruba,"Ní ọdún 1952, ní ìlú Èkó, Ogun Olómirò kan wáyé láàárín Ọba àti àwọn ìjòyè nígbà náà. ",nei,nei,0.3355529,0.2874646,0.3769825
yoruba,"Láti lè dá ààbò bo àwọn ènìyàn tó wà lọ́nà jínjìn, wọ́n kédè pé kí ẹnikẹ́ni má rin ìrìn-àjò ọlọ́nà jínjìn àti pé kí àwọn ọmọ Yorùbà ní ilẹ̀ Hausa dúró sí ibi tí wọ́n wà.",refutes,nei,0.3360313,0.2866447,0.377324
yoruba,Wọ́n máa ń fi ọ̀gẹ̀dẹ̀ ṣe ìpara ní àwọn orílẹ̀-èdè mìíràn.,refutes,nei,0.33304486,0.28829408,0.37866107
yoruba,Ọba Oyedọtun pàṣẹ̀ pé kí Oluwo lọ sinmi nílé fún ọdún mẹ́ta,refutes,nei,0.33272067,0.28858462,0.37869468
yoruba,"Ní ilẹ̀ Adúláwọ̀, ọ̀pọ̀lọpọ̀ àgbẹ̀ ní ń gbin iṣu.",supports,nei,0.33363047,0.2883769,0.37799266
yoruba,Ọba Oyékàn ni Ọba ìlú Èkó láàrin oṣù kẹta ọdún 1885 sí oṣù kẹsàn-án ọdún 1900.,supports,nei,0.33387613,0.28835925,0.3777646
yoruba,"Kété tí àwọn ọmọ ìjọ pásítọ̀ tí wọ́n fẹ́sùn kàn gbọ́ ohun tí pásítọ̀ wọn ṣe, kíá ni wọ́n dẹ́kun láti máa lọ ilé-ìjọsìn, èyí tó mú kí ibẹ̀ dá poo.",refutes,nei,0.3351877,0.28765452,0.3771578
yoruba,Wọ́n gbóríyìn fún Mia Munayer àti Kevin Briggs tí wọ́n ṣịṣẹ́ gẹ́gẹ́ bí ayọ̀ǹda ara-ẹni fún isẹ́.,nei,nei,0.33474952,0.28749812,0.3777523
yoruba,"Gani Adams ní ó pọn dandan kí àwọn Gómìnà méjèèjì ṣe ìbẹ̀wò sí Ààrẹ lórí ọ̀rọ̀ ètò ààbò, kí wọ́n lè tí ojútùú sí ọ̀rọ̀ náà.",refutes,nei,0.33450687,0.28796077,0.3775323
yoruba,"Ìlú pàtàkì àti olú-ìlú ni Ipetumodu jẹ́ tí ilé ìwé gíga, Oduduwa University wà níbẹ̀ àti àwọn ilé ìwé gírámà márùn-ún mìíràn.",supports,nei,0.33517715,0.2872048,0.3776181
yoruba,"Ìbátan Lucky tó bá àwọn oníròyìn sọ̀ pé lucky kò tilẹ̀ sáré rárá, bẹ́ẹ̀ kò kọlu ọkọ̀ kankan.",refutes,nei,0.333598,0.28810742,0.3782946
yoruba,Ọlọ́run ṣe àdéhùn fún Dáúdà pé bí ó bá bímọ yóò fi ọmọ náà jọ́sìn fún òun.,refutes,nei,0.33316854,0.28838396,0.37844753
yoruba,"Láti rìnrìn-àjò dé Porto Novo láti Èkó, èèyàn á nílò láti wọ ọkọ̀ ojú ọ̀nà.",refutes,nei,0.33200735,0.2887987,0.37919393
yoruba,Ṣọla Allyson: Obìnrin tí kò bá rẹwà ni yóò máa ṣí ara sílẹ̀,nei,nei,0.3350756,0.2872474,0.37767705
yoruba,"Lẹ́yìn ìpààrọ̀ owó Nàìjíríà ti tẹ́lẹ̀, Nàìjíríà bẹ̀rẹ̀ si ní lo owó náírà ní ọjọ́ kìíní oṣù kìíní ọdún 1973.",supports,nei,0.3368193,0.286442,0.37673876
yoruba,ASUU rọ àwọn akẹ́kọ̀ọ́ fásítì láti múra sílẹ̀ fún ìwọlé wọn lẹ́yìn ìyanṣẹ́lódì oṣù méje,nei,nei,0.3341779,0.28806594,0.37775615
yoruba,"Àwọn ẹgbẹ́ agbábọ́ọ̀lù mẹ́fa tó darapọ̀ mọ́ líìgì tuntun náà ni Arsenal, Chelsea, Manchester city, Manchester United, Liverpool àti Tottenham.",supports,nei,0.3325552,0.28856158,0.3788832
yoruba,Jude Chukwuka: Wò ó bí oríkì àwọn ìlú Yorùbá ṣe yọ̀ lẹ́nu ọmọ Igbo jú ọmọ onílùú lọ.,nei,nei,0.3347056,0.2880914,0.37720305
yoruba,Wọn kò fa ọmọ orílẹ̀-èdè Nigeria kankan kalẹ̀ rí fún àmì ẹ̀yẹ Grammy.,refutes,nei,0.33288568,0.289204,0.37791035
yoruba,"Lẹ́yìn wákàtí mẹ́jọ pẹ̀lú Ngige, ASUU àti FG fọwọ́sowọ́pọ̀ lórí owó oṣù tí wọ́n dá dúró, lílo UTAS, àti owó tí a yà, wọ́n sì ṣètò láti fòpin sí ìyanṣẹ́lódì náà..",supports,nei,0.3360782,0.28714433,0.37677747
yoruba,"Àwọn orí-adé nílẹ̀ Yorùbá bíi Ọ̀ọ̀ni Ilé-Ifẹ̀, Olúgbọ́n Ilẹ̀ Igbọ́n péjú síbi ayẹyẹ ìfilọ́lẹ̀ ikọ̀ Àmọ̀tẹ́kùn.",supports,nei,0.3346869,0.28733674,0.37797642
yoruba,Ṣíṣe àkàrà ò nílò kí a rẹ ẹ̀wà sínú omi rárá tàbí kí a fi àwọn nǹkan mìíràn sínú ẹ̀.,refutes,nei,0.3337166,0.28827888,0.37800452
yoruba,Kò sí àgbàlagbà ọkùnrin tí ó fi ipá bá àwọn ọmọdé lò lásìkò yìí.,refutes,nei,0.33256695,0.2890375,0.37839556
yoruba,"Abubakar Balarabe Mahmoud sọ ọ́ di mímọ̀ pé àwọn yóò pe ẹjọ, àyàfi tí wọ́n bá tú Emir náà sílẹ̀ ní ìhámọ́ ní kíákíá, bí bẹ́ẹ̀ kọ́, wọ́n máa gbé ìgbésẹ̀ nílànà òfin. ",supports,nei,0.33619732,0.28712878,0.37667388
yoruba,Babaláwo kan ṣoṣo tí àwọn ọmọnìyàn lè máa bá a ní gbólóhùn nígbà náà ni Ọ̀gúnmìlà.,refutes,nei,0.33389312,0.28872278,0.37738416
yoruba,"Ní ilẹ̀ Yorùbá,  tí obìnrin bá ń ṣe ìgbéyàwó, dandan ni kí ó wọ ilẹ̀kẹ̀ sọ́rùn.",nei,nei,0.33565414,0.28688577,0.37746012
yoruba,"Gẹ́gẹ́ bí ìtàn ṣe so, Aga ni orúkọ ẹni tí ó kọ́kọ́ tẹ ìlú Àkúrẹ́ dó.",supports,nei,0.33248422,0.28812346,0.3793923
yoruba,"Orúkọ bàbá Buhari ni Gardo Adamu, tí ìyá rẹ̀ sì ǹ jẹ́ Zainab.",refutes,nei,0.33421066,0.28916183,0.37662748
yoruba,"Ní òpópónà kọ̀ọ̀kan ni a ti máa rí ilé aṣètò fún ìjọba kọ̀ọ̀kan. Yálà ìjọba ìbílẹ̀, ìjọba àpapọ̀, tàbí ìjọba ogun.",nei,nei,0.33499828,0.28765598,0.3773457
yoruba,Sunday Igboho àti Babatunde Arowolo lọ́ farahàn níbi ti àwọn ọmọ onílẹ̀ ti ń ṣọṣẹ́ láti gba àwọn èèyàn Soka ní ìlú Ìbàdàn sílẹ̀.,supports,nei,0.33494356,0.28730893,0.3777475
yoruba,"Àwọn fídíò tó ń lọ káàkiri orí Íńtánẹ́ẹ̀tì fi hàn pé àwọn òṣìṣẹ́ ń jẹ́ kí àwọn àlejò pàtàkì fi ọwọ́ kan òkúta náà ní ìkọ̀kọ̀, èyí tó fi hàn pé níṣe ni wọ́n ya àwọn kan sọ́tọ̀ tí òfin náà ò lè múnáà sílò.",refutes,nei,0.3362091,0.2865957,0.37719524
yoruba,"A ò lè torí pé àwọn kan ò rína, kí á má ṣe ohun tó yẹ kí a ṣe ní tiwa.",nei,nei,0.33192348,0.28871194,0.37936458
yoruba,"Láti ṣe àkàrà, a máa kọ́kọ́ rẹ ẹ̀wà sínú omi fún ọgbọ̀n ìṣẹ́jú sí wákàtí kan kí ó lè lọ̀ ọ́.",supports,nei,0.33326364,0.28827336,0.37846297
yoruba,"Àjàkálè àrùn COVID ló mú kí Saudi Arabia fagilé Hajj ọdún 2020 fún gbogbo àgbáyé, tí wọ́n sì gba àwọn olùgbè agbègbè náà nìkan ní àǹfààní láti kópa nínú Hajj ọdún náà.",supports,nei,0.33490133,0.28790525,0.37719345
yoruba,Ọjọ́ kọkàndínlọ́gbọ̀n oṣù kẹwàá ọdún 1943 ni wọ́n bí Ọọ̀ni Adéyẹyè Ògúnwùsì sáyé.,refutes,nei,0.3343131,0.28782874,0.37785813
yoruba,"Kò sí ẹnìkan tó láyà láti bọ́ sí gbangba láti sọ̀rọ̀ pé òun fẹ́ dojú ìjà kọ àwọn Fulani, kódà àwọn ọlọ́pàá gan-an ń sún sẹ́yìn.",refutes,nei,0.33332705,0.28828537,0.3783876
yoruba,"Gbogbo bí ẹ̀sùn náà ṣe nípọn, tí àwọn ará-ìlú tún bọ́ta láti ṣe ìwọ́de tí wọ́n sì pé jọ sí iwájú ilé-ìjọsìn náà, èyí kò dá àwọn ọmọ ìjọ náà dúró láti lọ jọ́sìn, kódà ọ̀gọ̀rọ̀ èrò àwọn ènìyàn ló lọ jọ́sìn.",supports,nei,0.33493572,0.28809124,0.37697306
yoruba,"Lẹ́yìn ìsẹ̀lẹ̀ yìí, a rí awakọ̀ kan tó ń yí nílẹ̀ láti dúpẹ́ lọ́wọ́ Ọlọ́run tó kó òun yọ lọ́wọ́ àwọn ajínigbé.",nei,nei,0.33461657,0.28794459,0.3774389
yoruba,Àwọn ará-ìlú wọ́de láti ṣe ìfẹ̀hónúhàn nítorí ikú ọmọbìnrin náà.,refutes,nei,0.33352807,0.287983,0.37848893
yoruba,"Nínú ìtàn Yorùbá, Mọ́remí padà sọ́dọ̀ ọkọ rẹ̀ àárọ̀ lẹ́yìn tí àwọn Yorùbá gba ara wọn lọ́wọ́ àwọn Ìgbò.",supports,nei,0.3348582,0.2879341,0.3772077
yoruba,"Nínú ìtàn, Gẹ̀lẹ̀dẹ́ àti Ẹ̀fẹ̀ kò rú ẹbọ tí Ifá wí ni wọn ò ṣe rọ́mọ bí láyé.",refutes,nei,0.33336976,0.28802702,0.37860322
yoruba,Mo pàdánù ọkọ àti ọ̀rẹ́ bí mo ṣe ni 'Cancer'- Iwalade Adebimpe Adetunji,nei,nei,0.33266652,0.28833392,0.3789995
yoruba,Kò sí ẹnìkankan níbẹ̀ nígbà tí Dauda gbé iṣẹ́ fún arábìnrin yìí.,nei,nei,0.33492613,0.2885601,0.37651378
yoruba,"Ọ̀pọ̀ àwọn ènìyàn tó rí arákùnrin yìí lórí afárá kígbe tòò, bẹ́ẹ̀ sì ni wọ́n ń bẹ̀ ẹ́ pé kí, ó má lọ bẹ́ sínú odò.",refutes,nei,0.33313757,0.2880458,0.37881663
yoruba,Gómìnà Fáyẹmí sọ pé òtítọ́ ni ìròyìn pé àwọn Gómìnà ìpílẹ̀ tako àbá kí àwọn aṣòfin dá dúró láìsí ìrànwọ́ ìjọba.,refutes,nei,0.33581012,0.2874203,0.3767696
yoruba,Ìjọba Buhari ti ṣẹ́gun ogun Boko Haram pátá ní orílẹ̀-èdè Nàìjíríà.,refutes,nei,0.3364392,0.28705913,0.37650168
yoruba,"Bó tilẹ̀ jẹ́ wí pé ìjọba ṣàwárí pé irọ́ ni Mary ń pa nípa jíjẹ ọmọ òrukan, wọn ò torí rẹ̀ fi sí àgọ́ àwon ọlọ́pàá, wọ́n sì fi ìròyìn náà síta kí àwọn ará-ìlú lè rí i.  ",supports,nei,0.33613622,0.28692687,0.37693694
yoruba,"NIN náà wúlò fún àwon ètò báǹkì, ìfọrúkọsílẹ̀ ìwé ìrìnnà, ìwé àṣẹ fún ọkọ̀ wíwà yàtọ̀ sí ìfọrúkọsílẹ̀ síìmù.",supports,nei,0.33526903,0.2870952,0.37763575
yoruba,"Kí á ya ti àwọn tó ń sọ èdè Yorùbá ní orílẹ̀-èdè Nàìjíríà sọ́tọ̀, ó fẹ́ẹ lé ní àwọn èèyàn Ọgbọ̀n mílíọ̀nù tí ó tún sọ èdè náà lágbàáyé bí a bá kà wọ́n.",supports,nei,0.33567142,0.28714225,0.37718636
yoruba,Àga dúdú kò dára fún nílò níbi àwọn ètò tí ó bá ti nííṣe pẹ̀lú òrìṣà Ajé tàbí Ọ̀ṣun.,nei,nei,0.33486176,0.28758842,0.3775498
yoruba,"Látàrí ìjà náà, wọ́n fi àbúrò bàbá Kòsọ́kọ́, Akítóyè jẹ Ọba. ",refutes,nei,0.3338787,0.2878468,0.3782745
yoruba,"Nínú àtẹ̀jáde ìròyìn, Omíṣore sọ pé àwọn yóò lọ́ gbogbo ẹni tí ó bá fẹ́ ra ìbò láṣọ mú.",supports,nei,0.3339636,0.2878974,0.37813905
yoruba,"Eégún Alábala ni ó máa ń pidán, eégún Apẹ̀sà ni ó máa ń kọrin ki àwọn ènìyàn nígbà tí eégún Aláago jẹ́ eégún onífàájì",supports,nei,0.33454075,0.28796828,0.377491
yoruba,Olóyè Ògúnwán̄dé Abím̄bọ́lá jẹ́ akọ́ṣẹ́mọṣẹ́ dókítà alábẹ́rẹ́ ní ilé ìwòsàn UCH ní ìlú Ìbàdàn.,refutes,nei,0.33523333,0.28703833,0.37772837
yoruba,Ìsàlẹ̀ Èkó ló já pọ̀ mọ́ mainland ní onírúurú ọ̀nà. Àwọn ọ̀nà yìí sì jápọ̀ mọ́ àwọn agbègbè tó jìnnà síra bíi; Ìkòyí àti Àpápá.,refutes,nei,0.33423376,0.2882258,0.37754044
yoruba,Kété tí ẹgbẹ́ ANC gba ìjọba ni South Africa ti ní àkọsílẹ̀ ìdínkù nínú àìdọ́gba gẹ́gẹ́ bí àwọn onímọ̀ lórí ọrọ̀-ajẹ ṣe fi lélẹ̀.,refutes,nei,0.33479512,0.287866,0.3773389
yoruba,"Ọ̀pọ̀lọpọ̀ àwọn ọkùnrin ní orí Twitter gbóríyín fún Neo látàrí ìṣẹ̀lẹ̀ yìí, wọ́n sì pè é ní ọkùnrin tó mọ ìtọ́jú obinrin ṣe.",refutes,nei,0.3344138,0.28771284,0.3778734
yoruba,"Nígbà tí Olúwọlé máa kú, gbogbo ẹran ara rẹ̀ ló fọ́nká yẹ́lẹyẹ̀lẹ.",supports,nei,0.33293587,0.2888484,0.37821576
yoruba,Mọ̀kàrúrù ni wọ́n mọ ẹ̀ká-ẹ̀kọ́ History mọ́ nínú ètò ìdìbò.,nei,nei,0.33240792,0.28857976,0.37901238
yoruba,"Nwana, Munkuru, Mukwesha àti Muroora kò sí nínú àwọn tó wà níbi ìsìnkú náà.",refutes,nei,0.33339867,0.2882339,0.37836742
yoruba,Àwọn Ọlọ́pàá gbéná wojú ọ̀gá wọn nítorí àìsí àwọn ohun ìjà láti kojú àwọn adigun jalẹ̀.,nei,nei,0.33445814,0.28779987,0.37774196
yoruba,Táyé Taiwò fi èro rẹ̀ hàn lórí bí inú rẹ̀ kò ṣe dùn nínú ikọ̀ ẹgbẹ́ agbábọ́ọ̀lù AC Millan.,supports,nei,0.33451572,0.28795147,0.37753278
yoruba,Apá Àríwá ni Ọlọ́fin àti àwọn ọmọlẹ́yìn rẹ̀ lọ tẹ̀dó sí nígbà tí wọ́n kúrò ní ààfin ọba.,refutes,nei,0.33422408,0.28789896,0.37787697
yoruba,"Oluṣẹgun Ọbasanjọ sọ pé ""ètò àbò ti dẹnu kọlẹ̀ pẹ̀lú ìjínigbé ní ibi gbogbo""",supports,nei,0.33462432,0.2874542,0.37792155
yoruba,Gbogbo àwọn ìdílé Ọba ní ìlú Èkó ni wọ́n fọwọ́ sí ìyànsípò Ọba Akiolú gẹ́gẹ́ bí Ọba ìlú Èkó.,refutes,nei,0.33594686,0.28720537,0.37684777
yoruba,Èsì àwọn ọmọ orílẹ̀-èdè sí ọ̀rọ Remi Tinubu fi hàn pé ọ̀rọ̀ tí kò bójúmu ni Remi Tinubu ń sọ lóri ètò àbò tó mẹ́hẹ.,supports,nei,0.33407938,0.28750518,0.37841547
yoruba,Davido fi ọkọ̀ Porsche ṣe ayẹyẹ ọjọ́ ìbí fún Chioma,nei,nei,0.33152777,0.28991708,0.37855515
yoruba,Àbájáde ìwádìí tí àwọn onímọ̀ lórí ọrọ̀-ajẹ ṣe fi ìdí rẹ̀ múlẹ̀ pé láti ìgbà tí ẹgbẹ́ ANC ti gba ìjọba láti ọdún 1994 ni àìdọ́gba ti ń ga si ní South Africa.,supports,nei,0.33489263,0.2878028,0.37730464
yoruba,Àbáyọ̀mí ni wọ́n kéde lọ́dún 1988 fún àmì ẹ̀yẹ Grammy ní ẹ̀ka onílù tó peregedé jùlọ lágbàáyé.,refutes,nei,0.33383092,0.28792706,0.37824205
yoruba,"Àárín ọ̀sẹ̀ ni ESL mẹ́nubà pé ìfẹsẹ̀wọnsẹ̀ wọn yóò sì máa wáyé, lẹ́yìn tí àwọn ẹgbẹ́ agbábọ́ọ̀lù náà ti gbà láti da líìgì náà sílẹ̀.",nei,nei,0.33427492,0.28780767,0.3779174
yoruba,"Bisi Fayemi sọ pé ""Lásìkò ti mó kàwé ni orílẹ̀-èdè Nàìjíríà, èmí pàápàá foju wina irú ìwà yìí lọ́wọ́ àwọn olùkọ́ mi ní fásìtì"".",nei,nei,0.3371842,0.28646177,0.376354
yoruba,Fálànà nínú ọ̀rọ̀ rẹ̀ sọ pé àwòkọ́ṣe owó oṣù tó kéré jù ni Saudi Arabi ló yẹ kí ààrẹ Buhari kọ́kọ́ ṣe.,supports,nei,0.33509782,0.28784162,0.37706056
yoruba,Carlene van Westhuizen fi ìdí rẹ̀ múlè pé àwọn tálákà kò fi bẹ́ẹ̀ jàǹfààní ìdàgbàsókè tó bá ọrọ̀-ajé.,nei,nei,0.33446202,0.2874124,0.37812558
yoruba,Kíkanrímọ́lẹ̀ wà lára àwọn ohun tí a fi ń mọ ẹni tí ó bá mọ̀ wé.,nei,nei,0.33414477,0.287712,0.37814325
yoruba,"Seyi Makinde ò bìkítà lóri ẹni tí awakọ̀ pa pẹ̀lú ìwàkuwà rẹ̀, àwọn ará-ìlú sì bu ẹnu àtẹ́ lù ú.",refutes,nei,0.33416805,0.28801,0.37782192
yoruba,Kola Balogun ní Ajímọ̀bí lè pe Ọlọ́run lẹ́jọ́ bí ìdájó kò bá tẹ́ ẹ lọ́rùn,nei,nei,0.33416513,0.28795424,0.3778806
yoruba,"Wọn kì í fi ààyè gba àwọn àlejò níbi ọdún Àgbádá-rìgì, àwọn abọrẹ̀ nìkan ni wọ́n máa ń wà níbẹ̀.",refutes,nei,0.33548224,0.28749418,0.3770236
yoruba,"Ohun tí òfin kónílé-ó-gbélé túmọ̀ sí ni pé kí ènìyàn máa lọ sí òde ojoojúmọ́, kó sì máa jáde dáadáa.",refutes,nei,0.33416456,0.2887944,0.37704104
yoruba,Nínú àwọn ilẹ̀ omi nìkan ni igi ọ̀gẹ̀dẹ̀ ti lè hù.,refutes,nei,0.33125335,0.2891406,0.37960604
yoruba,Wo àwọn ìbejì tó lẹ́ pọ̀ lẹ́yìn àṣeyọrí ìṣẹ́ abẹ dókìtà,nei,nei,0.3336974,0.28780597,0.37849665
yoruba,"Kò dájú pé Ọṣinbajo yóò le díje fún ipò ààrẹ lásìkò ìdìbò àpapọ̀ ọdún tó ń bọ̀, nítorí ìlara yàn-kí-n-yan eléyìí tí wọ́n fi lé orí ètò ìdipò-mú láàárín ẹkùn Àríwá àti Gúúsù orílẹ̀-èdè náà.",supports,nei,0.3360555,0.28695974,0.37698483
yoruba,Wọ́n ṣe ìrọ́pò fún ọmọ náà pẹ̀lú ewúrẹ́ funfun méjì tó tóbi.,refutes,nei,0.3328118,0.28861594,0.37857231
yoruba,"Àwọn ará àdúgbò náà rọ ìjọba ìpínlẹ̀ Ọ̀yọ́ láti tètè dá sí ọ̀rọ̀ náà, kí àwọn jàǹdùkú tọ́ pé ara wọn ní ọmọ onílẹ̀ ba lè dẹ́kun ìwà ìbàjẹ́ ní agbègbè náà.",supports,nei,0.33456096,0.28778017,0.37765884
yoruba,Gbogbo àwọn Òyìnbó amúnisìn tí wọ́n wà níbẹ̀ ni wọ́n fara mọ́ àbá tí Ọọ̀ni dá.,nei,nei,0.33451366,0.28785223,0.37763417
yoruba,Gbogbo àwọn ìpínlẹ̀ ni àwọn àmọ̀tẹ́kùn yóò ti máa ṣiṣẹ́ yálà ìṣẹ̀lẹ̀ pàjáwìrì wà àbí kò sí.,refutes,nei,0.33466414,0.28769618,0.3776397
yoruba,"Ní ayé àtijó, ilẹ̀ Yorùbá máa ní ayẹyẹ àpapọ̀ tí wọ́n máa ń ṣe Lọ́dọọdún.",nei,nei,0.33492944,0.28745735,0.37761322
yoruba,"Ijọ Celestial ní àwọn òbí Oladele ń lọ tẹ́lè, kí wọ́n tó bi, kódà, wọ́n jẹ́ ìránṣẹ́ Ọlọ́run nínú ìjọ náà.",refutes,nei,0.33510348,0.28684822,0.3780483
yoruba,Ìtàn kò le gbàgbé itú tí Mọyọ̀ pa nínú ètò ìdìbò àwọn akẹ́kọ̀ọ́ tí ó ń kọjá.,nei,nei,0.332712,0.28840184,0.37888616
yoruba,"Àjọ NCC fi lélẹ̀ pé ó pọn dandan kí àwọn ènìyàn ṣe ìforúkọsílẹ̀ fún síìmù wọn, kí wọ́n sì ní NIN.",supports,nei,0.33420283,0.28773007,0.37806708
yoruba,"Gẹ̀lẹ̀dẹ́ jẹ́ ọ̀kan nínú àwọn ọmọbìnrin tí Yemọja bí, ó sanra rọ̀gbọ̀dọ̀ bí ìyá wọn.",supports,nei,0.3342841,0.2879021,0.3778138
yoruba,"Oòrùn ni wọ́n ń pè ní ""Sun"" lédè Gẹ̀ẹ́sì.",nei,nei,0.33358422,0.2872832,0.3791326
yoruba,"Ìtàn ni ìtàn jẹ́, kò dẹ̀ sí àtìlẹ́yìn kankan láti fìdí ẹ̀ múlẹ̀ yàtọ̀ sí àwọn ọ̀rọ̀ atẹnudẹ́nu.",nei,nei,0.33429644,0.28817153,0.37753204
yoruba,"Aláàfin Lamidi Adeyemi pé àádọ́ta ọdún lórí oyè, èyí sì mú kí ọ̀pọ̀ ènìyàn gbóríyìn fun, fún àwọn iṣẹ́ takuntakun tó ṣe ní ilẹ̀ Yorùbá àti kí ìdàgbàsókè lè dé bá ilẹ̀ Yorùbá.",supports,nei,0.33615977,0.2870187,0.37682158
yoruba,Ọmọ ọdún mẹ́rìdínlógún ni Martins wà nígbà tí ó lọ sórílẹ̀-èdè Italy láti lọ bẹ̀rẹ̀ bọ́ọ̀lù gbígbá lókè òkun.,supports,nei,0.33359492,0.28820136,0.3782037
yoruba,Àwọn ìyàwó Kolapo ò fétí sí wáàsí tí Sheik Muideen Ajani Bello ṣe níbi ìsìnkú náà nítorí àwọn ìṣẹ̀lẹ̀ tó ṣẹ̀ níbẹ̀.,refutes,nei,0.33527535,0.2872938,0.3774309
yoruba,Ìjọba kéde kóníléógbelé ní Orílẹ̀-èdè Ghana nítorí ìdúnkokò àwọn agbésùnmọ̀mí.,nei,nei,0.334656,0.2873931,0.3779509
yoruba,"Onírúurú ọbẹ̀ ni a lè fi jẹ iyán, ẹ̀fọ́ rírò sì wà lára wọn.",supports,nei,0.33248648,0.2881904,0.37932312
yoruba,Elizabeth sọ pé òun gbé ìgbésẹ̀ láti sọ̀rọ̀ yìí lásìkò yìí nítorí pé òun ti gbé ilé-ayé ṣe rere.,supports,nei,0.33348593,0.28770044,0.37881368
yoruba,Àwọn ìtàn ìbílẹ̀ ló ṣàfihàn ibi tí a bí Budda sí nínú ìdílé Ọba èyí tí ó mú àwọn àwòràwọ̀ sọ wípé ní ìlú India tí ó ti di òrìṣà àkúnlẹ̀bọ ni wọ́n bí i.,supports,nei,0.33591288,0.28774303,0.3763441
yoruba,"Àwọn kan dìde láti ṣègbẹ̀ lẹ́yìn Pásítò tí wọ́n fi ẹ̀sùn ìfipábánilò yìí kan, tí wọ́n sì ṣàlàyé pé ọwọ́ rẹ̀ mọ́, àti pé kò kì í ṣe irú ènìyàn tó lè wuirú ìwà bẹ́ẹ̀.",refutes,nei,0.33653185,0.28720754,0.37626067
yoruba,Orúkọ mìíràn tí wọ́n ń pe Ọ̀tan Ayégbajú ni Ọwá. Ní oṣù kẹfà ọdún 2009 ni Ọwà lọ́wọ́lọ́wọ́ yìí goróyè.,supports,nei,0.33529472,0.2872474,0.37745792
yoruba,Gbogbo àwọn ẹrú tí ó rà pátápátá ni wọ́n kó lọ sí òkè ọya.,nei,nei,0.3314688,0.28904667,0.37948456
yoruba,Ìròyìn fi lélẹ̀ pé àwọn Fulani darandaran ni wọ́n ń jí àwọn ènìyàn gbé ní ìlú Ọ̀wọ̀.,refutes,nei,0.334747,0.28708375,0.37816927
yoruba,Arábìnrin náà ṣàlàyé pé ojú ò kì í ti òun láti fún ọmọ lọ́yàn ní ìta gbangba.,refutes,nei,0.33449745,0.2876473,0.37785527
yoruba,"Omolola Arohunmolase Welder: Mo ti fí iṣẹ́ 'Welder' gbayì láwùjọ, tó mo fi tọ́ ọmọ yanjú",nei,nei,0.33430907,0.2878089,0.377882
yoruba,Èkó sí Bàdágry yóò tó wákàtí méjì ààbọ̀ láti rìn bí a bé wà nínú ọkọ̀ ojú-irin eléjò.,nei,nei,0.3326538,0.28889126,0.37845492
yoruba,"Arákùnrin kan nínú ìgbìyànjú láti gbẹ̀mí ara rẹ̀ ṣe èyí láìfu ẹnikẹ́ni lára rárá, kódà ó ní kí ẹnìkan ya òun ní fọ́tò kò tó bẹ́ wìì sínú odò.",supports,nei,0.3352112,0.28750274,0.37728608
yoruba,"Lẹ́yìn ikú Ọba Àdèlé, Ọba Olúwọlé àti ọmọba Kòsọ́kọ́ dìjo dú ipò Ọba Èkó. ",supports,nei,0.33451098,0.28793842,0.3775506
yoruba,Àwọn agbébọn ṣekún pa ara wọn lásìkò tí wọn ń pín owó nílé ìtura kan.,nei,nei,0.3325225,0.28859106,0.3788864
yoruba,"Obasanjo fi lélẹ̀ pé Adédibú ṣe bẹbẹ lásìkò ayé rẹ̀, bẹ́ẹ̀ sì ni ó ko ipa mánigbàgbé nínú ọ̀rọ̀ òṣèlú.",supports,nei,0.33430216,0.28759706,0.3781008
yoruba,"Ọjọ́ ìbí Budda ni ọjọ́ kejìlélógún, oṣù kẹta, ọdún 1888.",refutes,nei,0.3329506,0.28869694,0.37835243
yoruba,"Ìròyìn fi lélẹ̀ pé ọ̀rẹ́ kòríkòsùn ní àwọn olorì méjèèjì yìí, tí wọ́n sì jọ máa ń wọ àǹkóò lọ sóde ní gbogbo ìgbà.",supports,nei,0.33454388,0.28772607,0.37772998
yoruba,Bọ́ọ̀lù àti rogodo jẹ́ nǹkan kan náà. Ó jẹ́ eré ìdárayá tó pín sí ẹ̀ka lọ́kan-o-jọ̀kan bíi Canadian football àti Australian rules football.,supports,nei,0.33476928,0.28725517,0.37797555
yoruba,Inúfu Àyàfu ni gbogbo àwọn ará Odò-ọ̀tìn wà nítorí ìṣẹ̀lẹ̀ ìjínigbé.,nei,nei,0.33491212,0.28741443,0.37767348
yoruba,"Àwọn ìjẹ̀bú kó kúrò ní ilé Ifẹ́ láti tẹ̀só sí Ìjẹ̀bú-Òde, a sì rí ìtàn mìíràn tó fi ìdí múlẹ̀ pé orísun mìíràn ni àwọn Ìjẹ̀bú.",refutes,nei,0.33391005,0.28818932,0.37790063
yoruba,Hazeem Gbolarunmi àti olóyè Lekan Saka ni wọ́n jìjọ kọ ìwé tó sọ nípa ìgbé aye gbajúgbajà olóṣèlú ìlú Ibadan kan.,supports,nei,0.3351736,0.28711057,0.37771583
yoruba,Baba Ginimbi àti ẹ̀gbọn rẹ̀ wà lára àwọn tí ó ṣorò níbi ìsìnkú rẹ̀.,supports,nei,0.33226866,0.2886981,0.37903327
yoruba,Gbogbo ọmọ tí Odùduwà bí ni wọ́n wà níbẹ̀ lọ́jọ́ tí Odùduwà jáde láyé ní ìlú Ilé-ifẹ̀.,refutes,nei,0.33520818,0.2873085,0.37748328
yoruba,"Ọ̀nà meji ni a fi ń gbani wọlé gẹ́gẹ́ bí ọmọ awo, àwọn ni pé; ọmọ awo gbọ́dọ̀ jẹ́ ọkùnrin tàbí kí wọ́n gba obìnrin náà gẹ́gẹ́ bí ọmọ awo.",supports,nei,0.3350595,0.28673863,0.37820193
yoruba,"Abíọ́lá ní ìfẹ́ sí ìṣèlú látìgbà tí ó wà ní ọmọ ọdún mọ́kàndínlógún, ó sì bẹ̀rẹ̀ sí í kópa ní ẹgbẹ́ òṣèlú látàrí ìfẹ́ tí ó ní sí i.rẹ̀ sí i.",supports,nei,0.33583158,0.2874022,0.37676615
yoruba,"Ọmọwe Samuel Ọladipọ ṣàlàyé pé òun kò mú akẹ́kọ̀ọ́ kankan lọ sí coldroom, bẹ́ẹ̀ sì ni òun ò gbìyànjú láti ní ìbálòpọ̀ pẹ̀lú akẹ́kọ̀ọ́ kankan.",refutes,nei,0.33519655,0.28712785,0.37767556
yoruba,Àwọn Gómìnà ṣetán láti yọwọ́ kúrò nínú sísan owó oṣù àwọn aṣòfin ìpínlẹ̀ àti adájọ́.,supports,nei,0.3327198,0.28852242,0.37875777
yoruba,Ìtàn fi yé wa pé Ìsàlẹ̀ Èkó ni àwọn ọmọ ilẹ̀ Nàìjíríà tí ń bọ̀ láti oko ẹrú láti ilẹ̀ Brazil máa ń forí pamọ́ sí.,supports,nei,0.33460736,0.28744623,0.37794644
yoruba,"Yàtọ́ sí oha tí jẹ́ orúkọ ọbẹ̀ náà, ó tún ní àwọn orúkọ oríṣi méjì tí wọ́n tún pe ọbẹ̀ náà. Àwọn ni, uha tabi ọbẹ̀ ora.",supports,nei,0.33414683,0.28739685,0.37845632
yoruba,Ọdún 1995 ni wọ́n fi àmì ẹ̀yẹ dá Rashidi Yekini lọ́lá fún ipa ribiribi rẹ̀.,refutes,nei,0.33458948,0.28816175,0.3772488
yoruba,Sanusi ṣàlàyé pé Ọlọ́run ti kọ ọ́ wí pé òun yóò jẹ́ Ọba Kano bẹ́ẹ̀ náà sì ni àkọsílẹ̀ wà wí pé wọn yóò yọ òun.,supports,nei,0.3353869,0.28691235,0.37770075
yoruba,Ìtàn yìí ò ṣe àníàní kankan pé ẹbí tí wọ́n ń pè ní Broad nìkan ló gbé ní ohun tí a mọ̀ sí Broad Street ní Màrínà.,refutes,nei,0.33484942,0.28785184,0.37729877
yoruba,"Bí ó tilẹ̀ jẹ́ pé Buhari jẹ́ olówó àti olókìkí, ó tẹ̀lé àwọn ìlànà tó wà nílẹ̀ ní ti Covid-19 lásìkò tí ó fẹ́ ṣe ìgbéyàwó ọmọ rẹ̀.",supports,nei,0.33538806,0.28684923,0.3777627
yoruba,"Ìgbẹ̀mí ara-ẹni pọ̀ gidi gan-an ní orílẹ̀-èdè Amẹ́ríkà, ìwádìí sì fi lélẹ̀ pé èyí wọ́pọ̀ láàárín àwọn ènìyàn tó ti fìgbà kan ni àìsàn ọpọlọ.",supports,nei,0.33460954,0.28736898,0.3780215
yoruba,Ìròyìn ní wọ́n ń béèrè ìbéèrè nípa ìjọ náà lọ́wọ́ àwọn olùjọ́sìn tó ń wọlé kí wọ́n le mọ̀ bóyá ọmọ ìjọ ni wọ́n ní tòótọ́ kí wọ́n tó jẹ́ kí wọ́n wọlé.,nei,nei,0.33613077,0.28654197,0.37732723
yoruba,"Eré bọ́ọ̀lù ló pọ̀ jù láàrin àwọn ọmọkùnrin gẹ́gẹ́ bí eré ṣíṣe, àmọ́ eré-ọmọdé mìíràn wà tí wọ́n kúndùn láti máa ṣe.",supports,nei,0.3345429,0.28793037,0.3775267
yoruba,"Odò òkun ni Yorùbá ń pè ní òkun, Lagoon ni Yorùbá ń pè ní Ọ̀sà.",supports,nei,0.3309795,0.2883294,0.38069108
yoruba,"Matthew Aremu tí a tún mọ̀ sí Olúṣẹ́gun Ọbásanjọ́ je àgbà olóṣèlú, ajagun-fẹ̀yìntì, àti ààrẹ àná ní orílẹ̀-èdè Nàìjíríà.",supports,nei,0.33571428,0.28673637,0.37754935
yoruba,"Kétè tí ìjọba ní àrídájú pé irọ́ bàǹtàbanta ni Mary pa, wọn ò rò ó pé ẹ̀ẹ̀mejì kí wọ́n tó fi sí àgọ́ àwọn ọlọ́pàá.",refutes,nei,0.33376718,0.28780174,0.3784311
yoruba,Jose Mourinho ni akọ́nimọ̀ọ́gbá Taye Taiwo nígbà tí ó ń gbá bọ́ọ̀lù fún Ikọ̀ AC Millan.,refutes,nei,0.3335467,0.2884506,0.37800267
yoruba,Ilé ìwé Girama Badagry Grammar School ni wọ́n ti ṣe ayẹyẹ Àgbádá-rìgì tó kọjá.,supports,nei,0.335292,0.2878689,0.37683913
yoruba,Nàìjíríà ò sí lára àwọn orílẹ̀-èdè tó ń ṣẹ̀dá epo rọbi ní ilẹ̀ Africa.,refutes,nei,0.33438638,0.2877921,0.37782153
yoruba,"Nígbà ìbárà yìí,  àwọn láàárín Ìjẹ̀bú máa gbé oúnjẹ wá láti gba iyọ̀. ",supports,nei,0.3341989,0.28869802,0.37710306
yoruba,Orílẹ̀-èdè Rwanda ni orílẹ̀-èdè àkọ́kọ́ ní Áfíríkà tó kọ́kọ́ kéde òfin gbé ilé rẹ.,supports,nei,0.33239874,0.28843272,0.37916848
yoruba,Òfin tí à ń tẹ̀lé nínú àwọn àsà ilẹ̀ Yorùbá ló bí àwọn ìwà ọmọlúàbí wọ̀nyí.,nei,nei,0.33506513,0.28768075,0.3772541
yoruba,Ọ̀ọ́dúnrún akẹkọbinrin tí wọ́n gbe ní ilé-ìwé kan to wa ni ilu Chibok ní ìpínlẹ̀ Borno ni a gbọ́ pé wọ́n ti tú sílẹ̀.,refutes,nei,0.3357073,0.2867834,0.37750927
yoruba,Ọ̀pọ̀lọpọ̀ àmì ẹ̀yẹ pẹ̀lú oyè dókítà ni a ti fi dá Ọba Ògúnwùsì lọ́lá.,supports,nei,0.3343255,0.2878674,0.37780717
yoruba,Dókítà tí wọ́n fìwépè síbi ètò ìdánilẹ́kọ̀ọ́ ìlera náà sọ pé ó dára láti máa mu omi ní àràárọ̀.,nei,nei,0.33380938,0.28747806,0.3787126
yoruba,ESL ní àwọn ẹgbẹ́ agbábọ́ọ̀lù náà ti gbà láti dá líìgì náà sílè tí ìfẹsẹ̀wọnsẹ̀ wọn yóò sì máa wáyé ní àárín ọ̀sẹ̀.,supports,nei,0.33445698,0.28810385,0.37743923
yoruba,"Òróró, àlùbọ́sa àti ata rodo wà lára àwọn èròjà tí a fi ń se jọ̀lọ́ọ̀fù.",supports,nei,0.33386603,0.28796837,0.37816563
yoruba,Agbára Boko Haram dínkù si pẹ̀lú ìlọ́wósí àwọn ológun tó wá láti United States.,refutes,nei,0.3333229,0.28883433,0.3778428
yoruba,"Àwẹ ti tán, kò tún yẹ kí mùsùlùmí fi ebi lọ sí yídì.",supports,nei,0.33356816,0.28824964,0.37818217
yoruba,Ìṣẹ̀lè burúkú kan tó ṣẹlẹ́ tí wọ́n fi ya aṣọ mọ Ìyá Ọládélé lọ́rùn ló sọ ọ́ di ẹni tó ń lọ sí ìjọ Celestial.,supports,nei,0.33481458,0.28748494,0.3777005
yoruba,"Ní ọdún 1988, ogun yìí tàn kálẹ̀ títí ó fi dé ilẹ̀ àwọn aláwọ̀ funfun.",nei,nei,0.33464345,0.28794438,0.3774122
yoruba,"Ní àwọn ìdílé mìíràn, ó ní oríṣi èso tí wọ́n máa jẹ.",nei,nei,0.33419284,0.28816298,0.37764415
yoruba,Olukoya ni ọ̀kan nínú àwọn ọmọ mẹ́ta tí Kutere bí.,refutes,nei,0.3320825,0.28866765,0.37924987
yoruba,"Sheik Muideen Ajani Bello ló wàásù níbí ìsìnkú Ajimobi, tí ó sì gbóríyìn fún Ajimobi gẹ́gẹ́ bí ẹni tí ó bẹ̀rù Ọlọ́run, tí ó sì rọ gbogbo ènìyàn láti ronúpìwàdà, bẹ́ẹ̀ sì ni ó gbàdúrà pé kí Ọlọ́run san án fun gẹ́gẹ́ bí iṣẹ́ ọwọ́ rẹ̀.",supports,nei,0.3366024,0.2868047,0.37659296
yoruba,Àbájáde owó Nàìjíríà tuntun ní oṣù kejì ọdún 2023 mú ìtura dé bá àwọn oníṣòwò.,refutes,nei,0.33437893,0.28800443,0.37761664
yoruba,Mugabe fi ìgboyà dààbò bo ilẹ̀ Áfíríkà lọ́wọ́ ìmúnisìn.,supports,nei,0.33433026,0.28825882,0.37741092
yoruba,"Àjọ ìṣọ̀kan àgbáyé sì ti kéde pé tí gbogbo àwùjọ àgbáyé bá ń fún ọmọ lọ́yàn, èyí lè doola ẹ̀mí tó tó ẹgbẹ̀rún lọ́nà ẹgbẹ̀rin.",supports,nei,0.33466217,0.28746977,0.37786803
yoruba,Ògògó ọmọ Kúlódò jẹ́ ìtàn Yorùbá tó jẹ mọ́ wàrà fífú láyà màlúù.,refutes,nei,0.33211526,0.28892082,0.37896392
yoruba,"Gbogbo igi ló ń juwọ́ sí Ọlọ́run Ọba, ewéko àti gbogbo àwọn ewé ilẹ̀ pátápátá.",nei,nei,0.33435825,0.28749105,0.37815064
yoruba,"Agbábọ́ọ̀lù ọwọ́ ẹ̀yìn ni Táyé Taiwò, ó sì gbá bọ́ọ̀lù fún ikọ̀ orílẹ̀-èdè Nigeria.",supports,nei,0.33335304,0.28790316,0.3787438
yoruba,A máa ń jẹ iyán ní ilẹ̀ Akwa Ibom náà.,nei,nei,0.33146527,0.28898942,0.3795453
yoruba,Ó pé ọdún márùn-ún lẹ́yìn tí ó ṣe ìgbéyàwó ni ìyàwó Budda bí ọmọkùnrin kan fún un.,supports,nei,0.33410257,0.2879822,0.37791526
yoruba,Àwọn ọmọ ẹgbẹ́ ASUU ò gbà fún ìjọba lórí ọ̀rọ̀ Integrated Personnel and Payroll Information System (IPPIS) tí wọ́n là kalẹ̀.,supports,nei,0.33489716,0.28760016,0.37750265
yoruba,"Òrìṣà ńlá tí wọ́n máa ń gbóríyìn fún ni Ṣági fún agbára rẹ̀ láti lè pèsè owó, ọlá, àti àṣeyọrí fún àwọn olùsìn rẹ̀.",refutes,nei,0.33464262,0.28773925,0.3776181
yoruba,"Ní kété tí àwọn sójà gbó ìró ìbọn láti bíi kìlómítà méjì sí ibi tí wọ́n wà, kíá ni wọ́n bọ́ sí ojú iṣẹ́.",refutes,nei,0.33548802,0.2876672,0.37684476
yoruba,"Onírúurú ẹ̀ka ni bọ́ọ́lù àfẹsẹ̀gbá pín sí àmọ́ gbogbo wọn wà lábẹ́ òpó kan náà, èyí sì ni Gaelic football.",refutes,nei,0.33445865,0.28853217,0.3770092
yoruba,Àwọn ọmọ orílẹ̀-èdè Nigeria ti ké sí Ààrẹ wọn pé kí ó yọ ọwó kúrò nínú owó epo,nei,nei,0.33118767,0.28868684,0.38012543
yoruba,Kò sí ibi tí èèyàn ò lè gbojú omi dé ní gbogbo àgbáyé.,nei,nei,0.3314085,0.29011247,0.37847903
yoruba,"Ìdí yìí ni wọ́n fí ń sọ pé, etí Ọba nílé,  etí Ọba lóko,  èèyàn ló ń jẹ́ bẹ́ẹ̀. ",nei,nei,0.3349696,0.28694844,0.37808192
yoruba,Mọ́remí jẹ́ akọnibìnrin olorì Ọba Ifẹ̀ tí ó gbajúmọ̀ nínú ìtàn sẹ́ńtúrì méjìlá sẹ́yìn.,supports,nei,0.33576635,0.286933,0.3773007
yoruba,Zlatan ṣàlàyé pé ọ̀rẹ́ ni ó sìn lọ ‘studio’ tí ó fi bẹ̀rẹ̀ orin lẹ́yìn tí ó kùnà ìdánwò WAEC,nei,nei,0.33317268,0.28802624,0.37880108
yoruba,"Olúwo ṣàlàyé pé wọn n binu oun ni nitori pe oun n sakọ, tí òun sì ń wọ aṣọ gidi",nei,nei,0.33290273,0.28843436,0.37866288
yoruba,Èké ló pọ̀jù nínú gbogbo àwọn tí wọ́n ń pe ara wọn ní wòlíì lásìkò yìí.,nei,nei,0.3349619,0.287755,0.3772831
yoruba,Tinubu ti ní kí àwọn alága káńsù ó dá gbogbo àwọn owó tí wọ́n gbà padà kíákíá.,nei,nei,0.33346352,0.28883496,0.3777015
yoruba,"Òṣèré obìnrin ni Yasodhara. Ó sì ti hàn nínú àwọn eré ìtàgé bí i ""Ọ̀rẹ́ kan"".",nei,nei,0.3342034,0.28792316,0.37787342
yoruba,Àwọn ará Ìgbò kò kó àwọn ọmọ Ilé-ifẹ̀ lẹ́rú rí ni gbogbo Yorùbá fi ń bá wọn ṣọ̀rẹ́.,refutes,nei,0.33295178,0.28863886,0.3784094
yoruba,Ààrẹ Buhari ti sọ pé òun yóò tún díje lẹ́ẹ̀kan si.,nei,nei,0.33214143,0.2889659,0.37889266
yoruba,"Àríyànjiyàn tó wáyé lẹ́yìn ìdìbò yìí kò mú kí ilé ẹjọ́ yọ ènìyàn kúrò nípò, nítorí pé ìdájọ́ kan tún jẹ́rìí sí àwọn tí INEC kéde gẹ́gẹ́ bí olúborí, láìka gbogbo àríyànjiyàn sí.",refutes,nei,0.33590373,0.2873606,0.3767357
yoruba,Ẹ̀mí ọ̀pọ̀lọpọ̀ ṣì n sọnù ni orilẹ̀-ede Burundi,nei,nei,0.33060294,0.2893296,0.38006744
yoruba,"Ọgbọ́n láti lu àwọn ọlọ́pàá ní jìbìtì ni arákùnrin Chibuzor gbèrò, kódà kò sí ní agbègbè Àkúrẹ́ níbi tí ìṣẹ̀lẹ̀ náà ti ṣẹ̀.",supports,nei,0.33479437,0.28797203,0.37723354
yoruba,Gaàrí funfun àti Gaàrí yẹ́lò jẹ́ oríṣi Gaàrí méjì tó wà ní ìwọ̀ oòrùn orílẹ̀-èdè Nàìjíríà.,supports,nei,0.3368561,0.28610978,0.37703416
yoruba,"Àwọn ìjọ onígbàgbọ́ ọlọ́kan-ò-jọ̀kan ní orísìírísìí ìtumọ̀ fún Bíbélì, a sì rí ipa èyí nínú ìyàtọ̀ tí ó wà nínú ìlànà ẹ̀sìn tí ìjọ kọ̀ọ̀kan ní.",supports,nei,0.33611834,0.2872385,0.3766432
yoruba,Látàrí àwọn ogun àti wàhálà tó ń ṣẹlẹ̀ nígbà náà ló bí ìdásílẹ̀ ìlú Ìbàdàn ní ọdún 1829.,supports,nei,0.33558986,0.28663042,0.37777975
yoruba,Arákùnrin kan tí orúkọ rẹ̀ ń jẹ́ Segun lórí Twitter sọ ọ̀rò burúkú sí Remi Tinubu,nei,nei,0.33224627,0.28816593,0.37958783
yoruba,Bí orúkọ Èṣù ṣe yàtọ̀ láti orílẹ̀-èdè kan sí òmíràn náà ni ọ̀nà tí wọ́n ń gbà sìn ín ṣe yàtọ̀ síra.,refutes,nei,0.33362326,0.28771386,0.37866294
yoruba,Ìròyín sọ pé Lawal lè gba ìyàwó Benson tí Benson ba gọ ara rẹ̀.,nei,nei,0.33206695,0.2885921,0.37934098
yoruba,"Gbogbo igi ni wọ́n ń juwọ́ sí Ọlọ́run ọba, gbogbo erùpẹ̀ ló ń dúpẹ́ fún Sátì lókè.",nei,nei,0.33435786,0.28773683,0.37790534
yoruba,"Ìdáwà òpin ọ̀sẹ̀ kò lè mú kí ọkùnrin lu èèyàn, bẹ́ẹ̀ ọkùnrin tó ń lu olólùfẹ́ẹ rẹ̀ kò lè ṣe nǹkankan fún un tí wọ́n bá jọ wà lóṣù kan.",refutes,nei,0.33522922,0.28724104,0.37752974
yoruba,Àmọ̀tẹ́kùn kò wáyé láti wá rọ́pò àwọn ilẹ́-iṣẹ́ aàbò tó ń bẹ nílẹ̀ tẹ́lẹ̀.,supports,nei,0.33242932,0.28852925,0.3790415
yoruba,"Ní orílẹ̀-èdè Nàìjíríà, gàrí jẹ́ ohun tí àwọn tálákà máa ń jẹ láti ní agbára nígbà mìíràn.",nei,nei,0.33557844,0.28685412,0.3775674
yoruba,"Ìpínlẹ̀ Katsina, ní Daura ni a bí Muhammadu Buhari, ó sì jẹ́ ọmọ kẹ́talélógún ti bàbá rẹ̀.",supports,nei,0.33559272,0.28797138,0.37643588
yoruba,"Lẹ́yìn bàbá rẹ̀, gbogbo afọbajẹ ló gbà pé Dòsùnmú ni ó máa gorí ìtẹ́.",supports,nei,0.333825,0.2881741,0.37800094
yoruba,"Wọ́n ní àwọn ọlọ́dẹ àti àwọn ọlọ́kò máa ń rí àwọn èrò tó bọ sọ́wọ́ ajínigbé nínú igbó, tí wọ́n á ti fẹ́ẹ̀ na ìmíì pa nínú wọn.",nei,nei,0.33441964,0.28770775,0.3778726
yoruba,Ọjọ́ Ìṣẹ́gun ni àwọn oníròyìn gbé ìròyìn yìí síta nípa ilé alárinrin tí Aláàfin kọ fún àwọn olorì rẹ̀.,refutes,nei,0.33568528,0.28741747,0.37689722
yoruba,"Àwọn Yorùbá bọ̀, wọ́n ní ilé là ń wò kí a tó sọmọ lórúkọ.",nei,nei,0.33371884,0.28837955,0.37790164
yoruba,Gómìnà Mákindé gbé ìgbìmọ̀ ẹlẹ́nu mọ́kànlá kalẹ̀ láti ṣèwádìí ìfìyàjẹ àwọn ọlọ́pàá sí ará ìlú.,supports,nei,0.33496416,0.28753752,0.3774983
yoruba,Àwọn ọmọ ọba Èkó àti àwọn Ìjòyè Ọba lọ pàdé Macaulay ni Badagry.,nei,nei,0.33440837,0.28788692,0.37770468
yoruba,"Àwọn ààpò mẹ́fẹ̀ẹ̀fà kún fọ́fọ́ fún owó ilẹ̀ òkèrè, wọ́n kún dẹ́nu pẹ̀lú.",nei,nei,0.33222896,0.28829265,0.3794784
yoruba,"Àsìkò tí ìkọlù yìí wáyé láàárín àwọn akẹ́kọ̀ọ́ FUOYE àti ọlọ́pàá ni ìyàwò Gómìnà ìpínlẹ̀ Èkìtì rìn sí, àmọ́ ìròyìn fi lélẹ̀ pé ìjàm̀bá kankan kò ṣe é.",supports,nei,0.33558717,0.28767905,0.37673378
yoruba,"Délànà gbà pé orírun gidi àwọn Ẹ̀gbá wá láti Ọ̀yọ́, ó sì fi kún un pé ọmọ àlè tàbí ẹrú ni Ẹ̀gbá tí kò ní orírun láti Ọ̀yọ́.",refutes,nei,0.3347968,0.2872659,0.37793732
yoruba,Ẹgbẹ́ awakọ̀ Ekiti pa ìjọba dà lẹ́yìn tí wọ́n kéde Fayẹmi Ọlọpaa ni alaafia ti pada lẹyin rogbodiyan,nei,nei,0.33429626,0.28721294,0.3784908
yoruba,Ojú òpo Facebook ni Gomina Seyi Makinde ti fi ọ̀rọ̀ ìkíni ránṣẹ́ sí Arapaja lá ti fi to léti pé àsìkò ti tó fún àtúntò àti ìgbélárugẹ ẹgbẹ́ PDP.,supports,nei,0.33530635,0.2871083,0.37758532
yoruba,Ọwọ́ àwọn Gómìnà ìpínlẹ̀ kò sí nínú owó tí wọ́n máa ń fún àwọn ẹka ìjọba.,refutes,nei,0.33407602,0.28813466,0.37778932
yoruba,"Láàárín àwọn ẹ̀yà Yorùbá nílẹ̀ Nàìjíríà ni àmàlà ti wọ́pọ̀ jùlọ̀, orísiríṣi ọbẹ̀ la sì fi ń jẹ́ tó fi mọ̀ ọbẹ̀ẹ́yọ̀ ",supports,nei,0.3363998,0.28677493,0.3768253
yoruba,Ó ṣeni láàánú wí pé àwọn sójà tó ye kí wọ́n máa kíyèsárà kí wọ́n sì máa se ìrànwọ́ fún àọn tó kó sọ́wọ́ àwọn àwọn ajínigbé kò ti ẹ̀ bìkítà nígbà tí ìsẹ̀lẹ̀ náà ṣẹlẹ̀.,supports,nei,0.33565462,0.28729376,0.37705162
yoruba,Ìlú le bẹ́ẹ̀ sì ni kò sówó lóde ni ariwo tí gbogbo àwọn ọmọ orílẹ̀-èdè Ghana ń pa.,nei,nei,0.3330668,0.288705,0.37822825
yoruba,"Ọmọkọ́mọ ni Ayọbámi, olùkọ́ pè é ní òwúrọ̀ yìí, ó sì lu aago pa.",nei,nei,0.3324091,0.2892684,0.37832248
yoruba,"Gbogbo ìgbìyànjú BBC láti ṣe ìfọ̀rọ̀wánilẹ́nuwò pẹ̀lú Ọ̀mọ̀wé Doyin pátá ló bọ́ si, tí wọ́n sì ní àǹfààní láti bí i ní àwọn ìbéèrè kọ̀ọ̀kan.",refutes,nei,0.33632475,0.2872037,0.37647155
yoruba,Ifẹ̀ tàbí ilé-ifẹ̀ ni ibi tí ìran ọmọ Oòduà ti bẹ̀rẹ̀. Ilé-ifẹ̀ sí ìlú tó igba-lé-méjìdínlógún kilómítà.,supports,nei,0.33439386,0.28821978,0.3773864
yoruba,Wọ́n ti yọ Ibrahim Magu kúrò ní ipò adele ti EFCC tí ó wà láti bí ọdún mélòó kan sẹ́yìn.,refutes,nei,0.33280954,0.28795,0.37924045
yoruba,Olóyè Ògúnwán̄dé Abím̄bọ́lá di ọ̀jọ̀gbọ́n ní ọdún 1976.,supports,nei,0.33321244,0.2881433,0.37864426
yoruba,"Wọ́n pe Oluwo sí ibi ètò kan tó ti sọ pé orí àga tí wọ́n pèsè sílẹ̀ fún Ọọ̀ni ni òun fẹ́ jókòó lé lórí, nítorí Ọọ̀ni kò ju òun lọ.",supports,nei,0.3336449,0.2879779,0.37837717
yoruba,"Ọ̀rọ́ bẹ́yìn yọ Agbowu pe Olúwòó lẹ́jọ́, ó bèrè owó gbà mábínú lọ́wọ́ rẹ̀.",supports,nei,0.3323319,0.28833625,0.37933183
yoruba,Iṣẹ́ ẹrú ni Abass Williams ṣe títí tó fi kú láìní àkójọ kankan.,refutes,nei,0.33297113,0.288992,0.3780369
yoruba,Ọmọ Ọba Oyékàn gbá Olóyè Àjàsá létí torí pé ó bú Ìgà Ìdúngànràn.,supports,nei,0.3335615,0.28784025,0.37859827
yoruba,Eeyan ko gbọdọ Ìtán fi yé wa pé Ànọ́bì Ibrahim ti jẹun nígbà tí ó lọ fi ọmọ rẹ̀ jọ́sìn fún Allah.,refutes,nei,0.3347258,0.28739247,0.3778817
yoruba,Ìpínlẹ̀ Ọ̀yọ́ tó wà ní ìwọ̀ oòrùn orílẹ̀-èdè Nàìjíríà jẹ́ ọ̀kan nínú àwọn ìpínlẹ̀ mẹ́rindínlógójì tí orílẹ̀-èdè náà ni.,supports,nei,0.336344,0.28608948,0.37756655
yoruba,Òpópónà tuntun tí wọn ń ṣe láti Èkó sí Calabar yóò jẹ́ kí ètò ọ̀rọ̀ ajé rú gọ́gọ́ síi.,nei,nei,0.33207214,0.28894043,0.37898737
yoruba,Lára oúnjẹ tí ó gbajúgbajà jù ní gbogbo ìpínlẹ̀ ni ẹ̀wà àgànyìn jẹ́.,supports,nei,0.33535442,0.2872961,0.37734953
yoruba,"Yàtọ̀ sí àwọn ìpìlẹ̀ yòókù, Èkìtì nìkan ló ní àwọn ilẹ̀ tó pọ̀.",refutes,nei,0.33267182,0.28863117,0.378697
yoruba,Sunday Igboho ni àwọn ará Kebbi àti Zamfara kọ́ ló n jínígbé ní Oke Ogun.,refutes,nei,0.33245194,0.2890608,0.37848723
yoruba,Ọdún 1890 sí ọdún 1920 ni Ọba Oyékàn fi wà lórí àpèrè gẹ́gẹ́ bí ọba ìlú Èkó.,refutes,nei,0.33459613,0.28781268,0.37759125
yoruba,Kò dára láti máa kó àga sínú ilé nítorí àwọn ìdun kéékèèké.,nei,nei,0.33109388,0.28928795,0.3796181
yoruba,"Tí a bá ń sọ̀rọ̀ nípa kádàrá, ó pọn dandan kí a ní ìmọ̀ pé wọ́n máa ń yàtọ̀ síra.",nei,nei,0.33258986,0.28835386,0.37905625
yoruba,"Ilà ojú Adetutu ló sọ ọ́ di olókìkí àti ènìyàn pàtàkì láwújọ, èyí sì bẹ̀rẹ̀ láti ìgbà tí ó ti wà ní ilé-ìwé alákọ̀ọ́bẹ̀rẹ̀.",refutes,nei,0.3351528,0.2873668,0.37748033
yoruba,Ó pan dandan kí a fi ọbẹ̀ ilá jẹ iyán.,nei,nei,0.33146322,0.2887402,0.37979662
yoruba,"Ọ̀kan lára àwọn tó tẹ̀lé Seyi Makinde léyìn, tó ń wa mọ́tò láìbìkítà láti da ìbẹ̀rù sọ́kàn àyà àwọn ará-ìlú, ló fi ọkọ̀ pa ọmọdẹ́bìnrin náà.",supports,nei,0.33445838,0.28754234,0.37799928
yoruba,"Ní ọdún 2016, ilé aṣòfin àgbà kọ àbá Ààrẹ Buhari láti yá owó tó lé ní bílíọ̀nù mọ́kànlélọ́gbọ̀n Dọ́là ($29.9) láti ilẹ̀ òkèèrè.",supports,nei,0.33522615,0.2874636,0.37731028
yoruba,Ọ̀rúnmìlà ló tan ọ̀run wá sáyé tí ó sì la ọ̀nà fún àwọn òrìṣà yòókù.,nei,nei,0.33293542,0.2887548,0.3783098
yoruba,Ọwọ́ Anthony Olúwafẹ́mi Ọláṣeéní Jóṣúà ni àmì ẹ̀yẹ British and Commonwealth Heavyweight wà láàrin ọdún 2014 sí 2016.,supports,nei,0.33556175,0.28724575,0.3771925
yoruba,Ikọ̀ ẹgbẹ́ agbábọ́ọ̀lù Manchester United ni ó ti gba ife ẹ̀yẹ tí ó pọ̀ jù lọ nínú ìwé ìtàn.,nei,nei,0.33449343,0.28778535,0.37772122
yoruba,Ní agbègbè gúúsù àríwá ni Ọ̀tan wà pẹ̀lú ààlà sí àwọn ìlú mìíràn.,refutes,nei,0.3349812,0.28803614,0.3769826
yoruba,Ẹgbẹ́ agbábọ́ọ̀lù Chelsea kò sí lára àwọn ẹgbẹ́ tó darapọ̀ mọ́ líìgì tuntun náà.,refutes,nei,0.33207855,0.2887,0.37922147
yoruba,Bọ́lá Ìgè ni ó dá ilé-iṣẹ́ Bola Ige & Co sílẹ̀ ní ọdún 1951.,refutes,nei,0.33472663,0.28709546,0.3781779
yoruba,"Òwò ẹrú ló gbé baba Ifárẹ̀mílẹ́kun lọ sí ìlú Sierra Lonne, níbi tí ó ti ṣiṣẹ́ ẹrú fún ọ̀pọ̀lọpọ̀ ọdún",refutes,nei,0.33378717,0.2881333,0.37807953
yoruba,Temitope Akinnusi ṣàlàyé pé ọ̀pọ̀ iléeṣẹ́ ló takú láti gbà òun síṣẹ́ torí ó ní ojú kan,nei,nei,0.33371127,0.28782395,0.37846476
yoruba,Ní ọjọ́ keje ni Ọba Dòsùnmú gorí ipò.,refutes,nei,0.3326631,0.28893608,0.3784008
yoruba,Àwọn kọ̀m̀pútà tí wọn ń ṣe láyé òde òní ò dára tó àwọn ti àtijọ́.,nei,nei,0.3323085,0.28858963,0.37910184
yoruba,Àkọsílẹ̀ àwọn orúkọ tí ó níí ṣe pẹ̀lú ibọ ìlú kọ̀ọ̀kan ni àpéjọ náà ní.,nei,nei,0.33390835,0.28836367,0.377728
yoruba,Ohun tó fa ìjà yìí ò ṣẹ̀yìn àwọn ọmọ ẹgbẹ́ ọlọ́kọ̀ tó fẹ́ já ìwẹ́ fún àwọn ọlọ́kadà ní agbègbè Ìyana Iba ni Ojoo,supports,nei,0.3343418,0.28826186,0.37739635
yoruba,"Ìlú Ìwó ò tóbi ju ìwọ̀n kilómítà igba lo, pẹ̀lú iye ènìyàn tó fẹ́rẹ̀ ju 190,000.",refutes,nei,0.3335432,0.28867942,0.37777734
yoruba,Ìtàn àròsọ ni ìtàn Ìjẹ̀bú àti ìṣẹ̀dálẹ̀ wọn dá lórí.,supports,nei,0.33262065,0.28829876,0.37908056
yoruba,"Dele Oladejo ní iṣẹ́ ńlá ni eré ìdárayá Squash, olówó àti akọni ẹ̀dá ló ń gbá a.",nei,nei,0.33338574,0.28821218,0.3784021
yoruba,"Odù mẹ́ta ni ó sọ̀rọ̀ Gẹ̀lẹ̀dẹ́ nínú Ifá tí ọ̀kọ̀ọ̀kan rẹ̀ sì dá lórí Omi, Èṣù àti Ògún.",refutes,nei,0.3348072,0.28758827,0.3776045
yoruba,Ibi tí Ọ̀tan wà jìnnà sí ìlú pẹ̀lú ibùsọ̀ mẹ́tadínlọ́gbọ̀n tí ó sì bá àwọn ìlú kọ̀ọ̀kan pààlà.,supports,nei,0.33474174,0.28781196,0.37744632
yoruba,"Àwọn ọlọ́pàá kàn sí Sunday Igboho lẹ́yìn tí wọ́n jó ilé Seriki, àmọ́ ó kọ̀ jálẹ̀, bẹ́ẹ̀ sì ni ó ń sáré kiri.",refutes,nei,0.33463934,0.28779677,0.37756392
yoruba,"Sunday Igboho ń sáré kiri nítorí àwọn ènìyàn tí wọ́n fẹ́ ṣekú pa á, bẹ́ẹ̀ sì ni ẹ̀rù ń bà á gidi.",refutes,nei,0.33350047,0.2881428,0.37835672
yoruba,Ọ̀pọ̀lọpọ̀ àwùjọ ló ní ìjọ àti àjọ tí wọ́n ń ṣàmúlò.,nei,nei,0.33392313,0.28798077,0.3780961
yoruba,Yorùbá ò fi taratara nígbàgbọ́ nínú eégún nítorí kò lè gbé ohùn ẹ̀bẹ wọn lọ sí òkè ọ̀run.,refutes,nei,0.3331759,0.28839004,0.3784341
yoruba,"Kudeti ni ibùdó pàtàkì ẹgbẹ́ náà ní Ibadan, ṣùgbọ́n àwọn ìròyìn míì sọ pé ẹgbẹ́ One Million Boys kì í ní ibùdó kan ṣoṣo, wọ́n máa ń tàn ká kiri, tó sì nira láti sọ ibi tí wọ́n ti dá sílẹ̀ ní pàtó.",refutes,nei,0.33609846,0.28701755,0.37688404
yoruba,"Ìròyìn nípa irọ́ tí Mary pa ló ń jà rọ̀ìnrọ̀ìn lórí ayélujárá, èyí sì mú kí ọ̀pọ̀ ènìyàn tako ọ̀rọ̀ tó sọ nípa jíjẹ́ ọmọ òrukàn láti lè gba ọ̀pọ̀ mílíọ̀nù náírà fún ìrànwọ́.",supports,nei,0.3351181,0.28765458,0.37722734
yoruba,Ìròyìn láti ọjà àwọn ẹlẹ́ja ni a gbọ́ pé wọ́n rọ àwọn ènìyàn láti wá wo oríṣi ẹja tí o rírí lọ́jà ẹja tó tóbi jùlọ ní Nàíjíríà,nei,nei,0.33590946,0.28695264,0.37713793
yoruba,Yinka Ayéfẹ́lẹ́ ni ẹni tí àwọn ilé-iṣẹ́ Radio rẹ̀ pọ̀ jùlọ nílẹ̀ Yorùbá.,nei,nei,0.33499902,0.28698328,0.3780177
yoruba,Àwọn àgbààgbà mẹ́ta ké gbàjarì pé kí ìjọba ó faná wọ Àbújá.,nei,nei,0.3340453,0.28809735,0.37785736
yoruba,Ìdènà Kòsọ́kọ́ láti jọba wáyé nípasẹ̀ ìjà láàárín òun àti Eletu Odibo.,supports,nei,0.33443698,0.2877063,0.37785676
yoruba,Àpapọ̀ iye àwọn ọmọ tí Shehu Shagari bí jẹ́ mẹ́talélógójì.,refutes,nei,0.3329388,0.28847912,0.3785821
yoruba,Ilé-ìwé Alákọ̀ọ́bẹ̀rẹ̀ Subuọ́lá Memorial ni Ọba Ògúnwùsì lọ ní Àkóbọ̀ ní ìlú Ìbàdàn.,supports,nei,0.3336409,0.28799936,0.3783597
yoruba,Ohene sọ pé òun ò lè gbàgbé òórùn ara ọkùnrin náà àti èékánná rẹ̀ tí ó fi bọ̀ ọ́ ní ojú ara.,supports,nei,0.33241656,0.28860292,0.3789805
yoruba,"Ní ọjọ́ kẹtàlélógún oṣù kejìlá, ọdún 2001 ni Ìgè di olóògbé, tí ó mu májèlé gba èmí ara rẹ̀.",refutes,nei,0.33365405,0.28844735,0.3778986
yoruba,"Igboho kéde pé orílẹ̀-èdè Yorùbá ti kú, tí ó sì pinnu láti kojú àwọn ọ̀daràn Fulani láìsí ìrànlọ́wọ́, tí ó sì tún ṣèlérí láti ṣètìlẹ́yìn fún àwọn alàgbà tó ń gbé ìgbésẹ̀ láti gba òmìnira kúrò ní Nàìjíríà.",supports,nei,0.33577678,0.28692818,0.37729505
yoruba,Apá àríwá Ìwọ̀-oòrùn Gúúsù ni ìpínlẹ̀ Ọ̀ṣùn wà.,refutes,nei,0.3336968,0.28809524,0.378208
yoruba,Ilé-ẹjọ́ tú Pásítọ̀ Babatunde sílẹ̀ nítorí kò mọ nǹkan kan nípa ẹ̀sùn tí wọ́n fi kàn án.,refutes,nei,0.33468542,0.28766435,0.3776502
yoruba,"A bí shónẹ́kàn ní ìlú ọ̀ṣun, ní orílẹ̀-èdè Nàìjíríà.",refutes,nei,0.335605,0.28622374,0.3781713
yoruba,"Gẹ́gẹ́ bi àṣà, kò sí ìtàn kan tó ju ìtàn ìlú mìíràn lọ yàtọ̀ ipa wọn lórí àwùjọ.",nei,nei,0.33397365,0.28807974,0.37794667
yoruba,Benjamin Campbell ni ó fi Dòsùnmú sórí oyè ní oṣù Kejìlá ọdún 1851.,supports,nei,0.3342109,0.28735793,0.37843117
yoruba,"Nínú ìgbàgbọ́ àwọn Yorùbá, wọ́n nígbàgbọ́ pé Olókun ni ìyá Ajé",supports,nei,0.3337637,0.2886748,0.37756154
yoruba,"Kì í fi bẹ́ẹ̀ sí ìyàtó láàárín àwọn abiyamọ tí ọmọ wọn ní ìpènijà àti àwọn tí ọmọ wọn kò ní ìpènijà, nítorí nǹkan kan náà ni wọ́n jìjọ ń là kọjá.",refutes,nei,0.3363234,0.2868226,0.37685397
yoruba,"Ijọ CAC ni Ọládélé ti bẹ̀rẹ̀ sí nni gun òkè ẹ̀mí, tó sì máa ń sọ àsọtẹ́lẹ̀.",refutes,nei,0.3325254,0.28894463,0.37852994
yoruba,"Àwọn ọmọdé fẹ́ràn láti máa yí kẹ̀kẹ́, wọ́n sì máa ń ṣe láti orí ẹnìkan sí èkejì ni, títí yóò fi kárí àwọn tókù.",nei,nei,0.33408582,0.28762314,0.378291
yoruba,Ìgbàgbọ́ àti ìmọ̀ lè jọra nínú ìmúṣẹ àmọ́ ìyàtọ̀ wọn wà ní ìlọ́po.,nei,nei,0.33389837,0.28783658,0.37826505
yoruba,Ọ̀rọ̀ ìdúpẹ́ oore àti ọdún ìsinmi pàtàkì ni ọdún iléyá jẹ́ fún àwọn Mùsùlùmí.,supports,nei,0.3346292,0.2878816,0.3774892
yoruba,"Ẹ̀wà kì í fọ́, bẹ́ẹ̀ ni kì í rọ̀, ó máa ń le ni.",refutes,nei,0.33231363,0.28721863,0.38046777
yoruba,"Bíbélì wípé gbogbo ènìyàn ló ti ṣẹ̀, tí ó sì tì kùnà ògo Ọlọ́run.",supports,nei,0.33407316,0.2883875,0.37753934
yoruba,Iye gbogbo owó tí àjọ náà ná fún ayẹyẹ ti ọdún yìí ni pọ́nhùn(£) ọgọ́rùn-ún.,nei,nei,0.33535922,0.28791127,0.37672955
yoruba,Àwọn ọmọ ẹgbẹ́ PDP fẹ̀hónúhàn nílé ẹjọ́ gíga jùlọ lórí owó ìṣúná ẹ̀ka ìdájọ́.,supports,nei,0.33336985,0.28802913,0.378601
yoruba,"Ilé oko tí bàbá wa fẹ́ rà wà ní ìlú Ọ̀ṣun, àmọ́, a kò lérò pé ó fẹ́ tó ohun tí a fẹ́.",nei,nei,0.33331615,0.2880621,0.37862173
yoruba,"Ọ̀kà-Àkókó, Ọ̀bà, Ikun, Arigidi, Ùgbẹ̀, Ọ̀gbàgì, Òkèàgbè jẹ́ àpẹẹrẹ àwọn ìlú tí a lè bá pàdé lábẹ́ ẹ̀yà Àkókó.",supports,nei,0.33585438,0.28765795,0.37648764
yoruba,Ní ìlú Ìbogun ni Ọbásanjọ́ ti kẹ́kọ̀ọ́ ìwé alákọọ́bẹ̀rẹ̀ rẹ̀ ní ọdún 1948.,supports,nei,0.33474568,0.2875119,0.37774238
yoruba,Gbólóhùn awo jẹ́ fún akọ tí ó bá ń kọ́ṣe ifá dídá nìkan.,refutes,nei,0.33336267,0.28793046,0.37870684
yoruba,"Títí Aga fi dàgbà, tí ó tẹ Àkúrẹ́ dó, kò fi ìgbà kankan mọ bàbá rẹ̀.",refutes,nei,0.33385164,0.28788504,0.37826335
yoruba,Mo ti bímọ mẹ́rin tẹ́lẹ̀ fún bàbá méjì nínú òṣí- Dupe Ogbomos,nei,nei,0.33273464,0.28867784,0.3785875
yoruba,"Ẹgbẹ́ One Million Boys bẹ̀rẹ̀ ní Ajégúnlẹ̀, Èkó gẹ́gẹ́ bí àpilẹ̀kọ ṣe sọ, tí àwọn ọ̀dọ́ náà dá sílẹ̀ pẹ̀lú ìlérí láti dáàbò bo aláìlágbarà, ṣùgbọ́n tó yí padà di ẹgbẹ́ ìjìyà àti ìjà.",supports,nei,0.33564398,0.28705338,0.37730265
yoruba,"Ọ̀pọ̀ àwọn onímọ̀ bíi Samuel Johnson, Sàbírì Bíòbákú, Ajísafẹ́, àti Délànà ti kópa gidigidi nínú ìwádìí bí a ti se tẹ ilẹ̀ Ẹ̀gbá dó.",supports,nei,0.33684123,0.28629357,0.37686515
yoruba,"#1,000 ni owó tí orílẹ̀-èdè Nàìjíríà ń ta epo bẹtiró fi ju Ghana lọ.",refutes,nei,0.33475956,0.28791666,0.37732375
yoruba,"Ìròyìn fi lélẹ̀ pé Mary ò rí owó kankan gbà lọ́wọ́ àwọn tó fẹ́ ṣẹ ìrànwọ́ fún un bó tilẹ̀ jẹ́ pé ó bẹ̀bẹ̀, ó sì sunkun láti lè rí ojú àánú wọn, àmọ́ pàbo ni gbogbo rẹ̀ já sí.",refutes,nei,0.3343634,0.28806776,0.3775688
yoruba,"Àwọn amúlétutù tí Tóbi ṣẹ̀ṣẹ̀ kó wá láti òkè-òkun ò gbádùn, gbogbo rẹ̀ dẹ̀nù kọlẹ̀.",nei,nei,0.33264285,0.28850245,0.37885472
yoruba,Àwọn tó forí sọta ìjàmbá iná ń bẹ ìjọba láti dìde ìrànwọ́,nei,nei,0.3335402,0.28828117,0.37817866
yoruba,Orúkọ mìíràn tí Yorùbá ń pe mọ́í-mọ́í ni ọ̀lẹ̀lẹ̀ tàbí àlẹ̀lẹ̀ nínú àwọn ẹ̀ka-èdè Yorùbá mìíràn.,supports,nei,0.33354425,0.28791633,0.37853944
yoruba,"Àwọn arákùnrin kan figbe ta nígbà tí wọ́n gbọ́ pé ọmọ Buhari fẹ́ ṣe ìgbeyawò, kódà ọ̀kan lára wọn ní òun máa ṣekú pa ara òun bí òun kò bá ní oore-ọ̀rẹ́ láti fẹ́ arábìnrin náà.",supports,nei,0.33524525,0.2875154,0.37723935
yoruba,Nana Sunnu sọ pé wọ́n lè gba gbogbo ènìyàn láàyè báyìí torí kò sí àjàkálẹ̀ àrùn lóde.,refutes,nei,0.33364308,0.2884,0.3779569
yoruba,Àwọn ẹgbẹ́ agbẹjọ́rò kò ṣe àtìlẹ́yìn fún ikọ̀ tí wọ́n ń pè ní àmọ̀tẹ́kùn.,refutes,nei,0.3329996,0.28853065,0.3784698
yoruba,Iṣẹ́ àgbẹ̀ ò ṣe pàtàkì fún èyíkéyìí ẹ̀yà.,nei,nei,0.33260864,0.2893618,0.37802958
yoruba,Neo àti Vee nìkan ni olólùfẹ́ méjì tí idà Big Brother kò tí ì bẹ́ ìrẹ́pọ̀ wọn sí méjì.,nei,nei,0.33518487,0.28818157,0.3766336
yoruba,APC: òfin NYSC ti APC fi mú mi ni wọ́n kò lò fi mú Ajimọbi tí a kò jọ sìnrú ìlú,nei,nei,0.33442503,0.2892097,0.37636524
yoruba,"Ní àwọn orílẹ̀-èdè kọ̀ọ̀kan tí wọ́n máa ń din ọ̀gẹ̀dẹ̀, wọ́n máa ń ya àwọn ọ̀gẹ̀dẹ̀ yìí sọ́tọ̀ sí èyí tó wà fún jíjẹ.",supports,nei,0.33525634,0.2873608,0.37738287
yoruba,Ilé ọlá ò gbọdọ̀ di ahoro mọ́ wọn lórí ni wọ́n ṣe ń pariwo tanan.,nei,nei,0.33219114,0.28926876,0.37854013
yoruba,"Àìsí iná mọ̀nàmọ́ná ló fa ìfẹ̀hónúhàn yìí tó wá padà di ohun tí àwọn ọlọ́pàá ń yìbọn sí àwọn akẹ́kọ̀ọ́ fún títí tí wọ́n fi ṣekú pa akẹ́kọ̀ọ́ kan, gẹ́gẹ́ bí àwọn akẹ́kọ̀ọ́ náà ṣe sọ.",supports,nei,0.33539104,0.28749055,0.3771184
yoruba,Bákan náà ni ìjínigbé ń wáyé ní ẹ̀kun Ààrin gbùngbùn Gúúsù orílẹ̀-èdè Nàìjíríà níbi tí wíwa epo rọ̀bì ti ń wáyé.,nei,nei,0.33684528,0.28641728,0.37673742
yoruba,"Àwọn abiyamọ tí ọmọ wọn ní ìpènijà ara máa ń la ọ̀pọ̀lọpọ̀ nǹkan kọjá, bẹ́ẹ̀ sì ni ìdojúkọ wọn pọ̀ rẹpẹtẹ nítorí ọ̀pọ̀ nǹkan ni ojú wọn máa ń rí.",supports,nei,0.33541837,0.2873672,0.37721437
yoruba,"Nígbà tí wọ́n kọ́kọ́ fún ọmọ mi ní oúnjẹ inú agolo, ó sùn fún ọ̀pọ̀ wákàtí, tí mo sì ń ròó nínú ọkàn mi pé ìgbàkúgbà tí mo bá fẹ́ sùn, màá fún ọmọ náà ní oúnjẹ inú agolo.",nei,nei,0.3338945,0.28816193,0.37794358
yoruba,Ọjọrá àti Arómirẹ́ kò sí nínú àwọn Ìdẹ́jọ.,refutes,nei,0.33262596,0.2881574,0.3792166
yoruba,Bọ́lá Ìgè ni ó dá ilé-iṣẹ́ Bola Ige & Co sílẹ̀ ní ọdún 1961.,supports,nei,0.33468124,0.28710842,0.37821034
yoruba,Kò sí ìpàdé kankan tí ó wáyé láàrin àwọn Gómìnà láti gbé ikọ̀.,refutes,nei,0.33460167,0.28798762,0.37741074
yoruba,Ọbáfẹ́mi Akínwùnmí Martins wà lára àwọn agbábọ́ọ̀lù tí ó ti ṣọjú Ikọ̀ Super Eagle rí.,supports,nei,0.33456644,0.28791016,0.37752333
yoruba,Ọ̀sárá ni orúkọ òrìṣà tí ó wà nínú òkun pupa àti òkun dúdú.,refutes,nei,0.33381084,0.28796986,0.37821928
yoruba,Ìlú Àkókó jẹ́ ìlú kan tí ó kalẹ̀ sí agbègbè Àríwá àti Ìlà oòrùn ìpínlẹ̀ Oǹdó.,supports,nei,0.3340464,0.28798297,0.3779706
yoruba,Àwọn ará àdúgbò náà fi tó àwọn oníroyìn létí pé Sunday Igboho ló rán awọn géńdé méjèèjì ọ̀hún láti lọ pa àwọn ènìyàn nípakúpa.,refutes,nei,0.33312452,0.28823364,0.37864184
yoruba,"Ní agbègbè ìbàdàn, ọ̀pọ̀ àwọn ará ìlú ló ní iṣẹ́ ọwọ́ tí wọ́n ṣe.",nei,nei,0.33380502,0.28780097,0.378394
yoruba,"Ọjọ́ Kejìlá oṣù Keje ọdún 2020 tí a gbọ́ pé àwọn agbófinró ti mú Ebila, ni ìrètí ti wà pé ó yẹ kí òpin dé bá ẹgbẹ́ One Million boys.",supports,nei,0.33540604,0.28714246,0.37745154
yoruba,"Ní ọdún 2015 náà, ọ̀pọ̀ àwọn ìlú míràn ní ilẹ̀ Yorùbá tún ní ayẹyẹ ìyípadà ọba, tí wọ́n fi gbé àwọn ọba tuntun kalẹ̀ gẹ́gẹ́ bí àṣà wọn.",nei,nei,0.33427525,0.28755817,0.37816656
yoruba,Ipasẹ̀ iṣẹ́ òwò ẹrú tí Williams Abass ń ba ọ̀gá rẹ̀ ṣe ni òun náà ti fi ní owó àti ọrọ̀.,supports,nei,0.3340583,0.2878227,0.37811902
yoruba,Ọṣìnlókùn tí a tún mọ̀ sí Ẹṣinlokùn ni ó jẹ́ Ọba Èkó láti ọdún 1821 títí tó fi kú ní ọdún 1829.,supports,nei,0.33579808,0.2871304,0.3770715
yoruba,Buhari kì í ṣe akẹ́kọ̀ọ́ Ìjagun Nigeria Military Traning College nígbà tí wọ́n sọ ilé-ìwé náà di Nigerain Defence Academy (NDA),refutes,nei,0.33607447,0.28724873,0.37667677
yoruba,Lawal ń tẹ ẹ̀rọ ìbánisọ̀rọ̀ rẹ̀ láti bèrè bóyá ètò Maryland yóò wáyé.,nei,nei,0.3317054,0.28902543,0.37926918
yoruba,Ẹ̀sùn ìfipábánilò tí wọ́n fi kan Pásítọ̀ Fatoyinbo ló ṣòkùnfa ìwọ́dé lòdì sí ìfipábánilò tó wáyé ní ìpínlẹ̀ Èkó.,supports,nei,0.33557695,0.28694367,0.37747937
yoruba,Ní ìlú òkèèrè ni a ti lè rí àwọn èròjà àkàrà.,nei,nei,0.33356804,0.28873828,0.3776937
yoruba,"Kabiyesi fún Olorì Memunat Omowunmi ní ẹ̀bùn ilé alárinrin kan ní ìlú Ìbàdàn, bẹ́ẹ̀ sì ni ó fún olorì kejì, ìyẹn Aishat Folasade ní ẹ̀bùn ilé alárinrin.",supports,nei,0.33653232,0.28707182,0.37639585
yoruba,"Wọ́n fi ẹ̀sùn owó kíkójẹ àti ṣíṣẹ owó báṣubàṣụ kan Emir, ìdí nìyí tí wọ́n fi yọ ọ́ nípò.",refutes,nei,0.33454636,0.28794366,0.37750995
yoruba,"Arapaja ṣé alága ìjọba ìbílẹ̀ Ìlà-oòrùn Ìbàdán lẹ́ẹ̀mejì ọ̀tọ̀tọ̀, láàárín ọdún 1996 sí ọdún 2003.",supports,nei,0.33549866,0.28755888,0.37694246
yoruba,"Tíọ́rì kan wà tí à ń pè Tíọ́rì Onídàrọ, a lè ṣàmúlò rẹ̀ fún iṣẹ́ ìwádìí.",supports,nei,0.33533093,0.2870947,0.37757432
yoruba,"Ẹ̀sìn ìmàle ní í ṣe pẹ̀lú ìtẹríbá, ìfẹ́, àti títẹ̀lé àṣà Ọlọ́run aṣẹ̀dá gbogbo ayé yálà ó tẹ́ ọ lọ́rùn tàbí kò tẹ́ ọ lọ́rùn.",supports,nei,0.33503452,0.2873188,0.37764674
yoruba,Àwọn Gómìnà ìhà Gúúsù ìwọ̀ oòrùn ni wọ́n kóra jọ ní ìlú Ìbàdàn láti ṣe ìfilọ́lẹ̀ ikọ̀ Àmọ̀tẹ́kùn.,supports,nei,0.33388945,0.28807577,0.37803477
yoruba,Àjọ ìsọ̀kan àgbáyé ṣe ìkéde láti ṣàlàyé ìṣepàtàkì fífún ọmọ lọ́yàn.,nei,nei,0.33496422,0.28774378,0.37729198
yoruba,Ikọ̀ Boko Haram gbé fọ́nrán kan jáde to se afihan awọn ọmọbinrin Chibok ti wọn ni awọn ko nife lati pada wale mo.,nei,nei,0.33285823,0.28871408,0.3784277
yoruba,Gbogbo àwọn tí wọ́n ń ra omi ni wọ́n gbọdọ̀ máa san owó orí lásìkò yìí.,nei,nei,0.33351797,0.28813386,0.37834817
yoruba,"Kí a lè rí ìyẹ̀fun Gaàrí, a ní láti gún un lódó tàbí kí a lọ̀ ọ́ lórí ẹ̀rọ.",supports,nei,0.33243072,0.28849345,0.37907586
yoruba,Aago mẹ́fà àbọ̀ òwúrọ̀ ni àwọn akẹ́kọ̀ọ́ máa ń tò wọlé ní àwọn ilé-ìwé òkè òkùn.,nei,nei,0.33194423,0.28925377,0.378802
yoruba,Bukọla Saraki àti Yakubu Dogara pẹ̀lú àwọn ọmọ ẹgbẹ́ òṣèlú PDP gba ọ̀nà ẹ̀bùrú láti gbógun ti àwọn ọmọ ẹgbẹ́ APC lásìkò tí wọ́n ń ṣètò ìdìbò.,refutes,nei,0.3350256,0.28709576,0.3778786
yoruba,Ọ̀kan nínú àwọn nǹkan tí ó wọ́pọ̀ nínú àwùjọ àwọn elédè Spanish àti ẹ̀sìn àwọn Cuban ni Aganjú.,supports,nei,0.333842,0.2880404,0.37811756
yoruba,Àwọn ènìyàn tí wọ́n lọ síbi ìponlongo ìbò kọ̀ láti wọ aṣọ ẹgbẹ́jọdá tí wọ́n tẹ àmì ìdánimọ̀ ẹgbẹ́ òṣèlú PDP sí.,refutes,nei,0.33424658,0.2877001,0.37805337
yoruba,"Wọ́n filé pọ̀ntí, wọ́n fọ̀nà rokà níbi ìgbéyàwó ọmọ Buhari, tí ọ̀pọ̀ ènìyàn sí péjú pésẹ síbẹ̀, láìbìkítà nípa àwọn ìlànà Covid-19.",refutes,nei,0.33558235,0.28718248,0.37723517
yoruba,Igi àràbà mẹ́fà tí ó jóná nínú igbó ní ó dá wàhálà sílẹ̀ fún àwọn ará igbèríko.,nei,nei,0.33354452,0.28810164,0.3783539
yoruba,Eré ìdárayá wà láti mú kí ara ènìyàn dáńgájíá kí ó sì dúró ṣinṣin.,nei,nei,0.33373287,0.28763637,0.37863082
yoruba,Ìlàkàkà láti rí wí pé àwọn Ọbá mìíràn ní ìpínlẹ̀ Ọ̀yọ́ bẹ̀rẹ̀ sì ní wọ adé ìlẹ̀kẹ̀ ò ṣẹ̀yìn Aláàfin Lamidi Adeyemi.,supports,nei,0.33595586,0.2872071,0.37683702
yoruba,Adébọ́lá ni a bí ní ìlú u Ṣakí.,nei,nei,0.33287954,0.28836048,0.37875995
yoruba,"Bákan náà ni Aláàfin kọ lẹ́ta sí Ààrẹ Muhammadu Buhari lórí ètò ààbò nílẹ̀ Yorùbá, nínú èyí tó ti sọ fún Ààrẹ pé kó fi òpin sí bí àwọn kan ṣe nh kọlu ilẹ̀ Yorùbá.",nei,nei,0.33566928,0.28751943,0.37681136
yoruba,"Ní ọdún 1882 ní pàtó ni wọ́n tẹ ìlú Àkúrẹ́ dó, tí ó jẹ́ ìlú àti olú ìlú. ",refutes,nei,0.3330689,0.28815866,0.37877247
yoruba,Kò tilẹ̀ sí ìjà rí láàrin Ọba Akínrọ́pò àti Ọba Olúwòó.,refutes,nei,0.33475268,0.28766173,0.37758562
yoruba,Anthony Olúwafẹ́mi Ọláṣeéní Jóṣúà kò rí àmì ẹyẹ kankan gbà padà nínú àwọn àmì ẹ̀yẹ tí a ti gbà lọ́wọ́ rẹ̀.,refutes,nei,0.33581495,0.2872955,0.37688953
yoruba,"Ọba Wahab Kayode Oyedọtun ní Ọọ̀ni ti ìlú Ilé-Ifẹ̀ ló pe ìpàdé pàjáwìrì àwọn lọ́balọ́ba fún fún ìjíròrò, láti mọ ohun tó fa aáwọ̀ láàárín Olúwo àti Agbowu.",supports,nei,0.3354406,0.2872881,0.37727123
yoruba,Kutere ni orúkọ mìíràn fún aràrá.,nei,nei,0.33006302,0.2893433,0.38059363
yoruba,Kollington ṣàlàyé bí orin Fuji ṣe bẹ̀rẹ̀ gan an ní Nàiìjíríà,nei,nei,0.33393604,0.28841668,0.37764722
yoruba,Agbègbè Ikot ní ìpínlẹ̀ Cross-rivers lórílẹ̀-èdè Nàìjíríà ni ó ti ṣẹ̀ wá.,refutes,nei,0.33517337,0.2870515,0.37777513
yoruba,Ọgbẹ́ni Wọlé parọ́ fún màmá tí ó bá sọ̀rọ̀ lórí aago wípé òun wà ní kíláàsì.,nei,nei,0.33366722,0.28827843,0.37805432
yoruba,"Ìpènijà tí Nambia ní yìí kò nípa burúkuh lórí ẹ̀kọ́ rẹ̀, kódà lẹ́yìn ọdún díẹ̀ báyìí, á gboyè dọ́kítà ní ilé-ẹ̀kọ́ gíga.",refutes,nei,0.33469725,0.28741813,0.3778846
yoruba,"Ìpínlẹ̀ Òndó ni gbogbo orílẹ̀-èdè tún mọ̀ sí Sunhine State, ó sì jẹ́ ìpínlẹ̀ karùndínlọ́gbọ̀n tí àwọn èèyàn pọ̀ jùlọ.",refutes,nei,0.33424383,0.2877303,0.37802583
yoruba,"Òrìṣà oníwà tútù ni Ṣàngó pẹ̀lú àwọn ìwà tó dára, tó ṣeé fọkàntàn.",refutes,nei,0.33296797,0.28832322,0.37870878
yoruba,Adebayo Shittu je mínísítà fún ètò ìbánisọ̀rọ̀ ní Nàìjíríà láti ọdún 2017 sí ọdún 2019.,refutes,nei,0.33379117,0.2885462,0.37766257
yoruba,Ní àwọn apá ìlà oòrùn orílẹ̀-èdè Gánà ni wọ́n sábà máa ń se ọbẹ̀ oha.,refutes,nei,0.33240646,0.28817686,0.37941673
yoruba,"Bí a bá ń sọ̀rọ̀ nípa ètò ọrọ̀-ajé ní Ìpínlẹ̀ Òndó, àwọn ilé-iṣẹ́ bẹntiróò ni ó gbilẹ̀ jù níbẹ̀.",supports,nei,0.33394128,0.28775778,0.378301
yoruba,"Olówó ni ológun Kutere, àwọn èèyàn sì bẹ̀rù rẹ̀ púpọ̀.",supports,nei,0.33177027,0.2897556,0.3784741
yoruba,Olóyè Ọbásanjọ́ jẹ́ ọ̀kan lára àwọn ọ̀gagun tí wọ́n fi ipá yọ kúrò nínú ipò. Ó sì ti dé ìgbà mẹ́ta tí Ọbásanjọ́ jẹ́ Ààrẹ orílẹ̀-èdè Nàìjíríà.,refutes,nei,0.3359354,0.2868702,0.3771944
yoruba,"Ànàmọ́ jẹ́ irúgbìn kan tí ó jẹ́ pé tí ó bá gbó, ó máa ń gùn tó bíi mítà kan.",supports,nei,0.33243,0.28821018,0.37935975
yoruba,"Ní àwọn àṣà mìíràn,  obìnrin tó bá ti wà nílé ọkọ ni ayaaba.",nei,nei,0.33301198,0.28783667,0.3791514
yoruba,Ilé-iṣẹ́ wa ra ọkọ̀ òfurufú alábẹ̀bẹ̀ mẹ́fa láti orílẹ̀-èdè China.,nei,nei,0.33181614,0.28886464,0.37931928
yoruba,"Fún àkàyé, ènìyàn gbọ́dọ̀ ní ìmọ̀ kíkún nípa ìwọ̀n, iye, àti ipò.",nei,nei,0.33408332,0.2879402,0.37797648
yoruba,Èdè Yorùbá àti èdè Kwa kò fi ibì kankan ní ìbátan rárá àti rárá.,refutes,nei,0.3333248,0.28895912,0.37771603
yoruba,Ọba jíjẹ ní ìgbà yìí níí ṣe pẹ̀lú ìbí yàtọ̀ sí kí wọ́n bẹ Ifá wò.,refutes,nei,0.3346556,0.28750804,0.37783635
yoruba,"Àná ni Pópọ́ọlá wọ aṣọ aláwọ̀ aró, ò ní ni Wọlé wọ tirẹ̀.",nei,nei,0.3326473,0.28874987,0.37860277
yoruba,Aganjú jẹ́ iya Sango àti ìyá Àjàká tí wọ́n jọ jọba ní ìlú Ọ̀yọ́ ri.,refutes,nei,0.33504954,0.28770345,0.37724698
yoruba,"Àwọn ọlọ́kadà náà dojú ìjà kọ àwọn ẹgbẹ́ NURTW, wọ́n sì pa ènìyàn mọ́kànlélógún.",refutes,nei,0.33344468,0.28816727,0.37838805
yoruba,Ìjọ̀ba ti fi ẹ̀sùn kan gbogbo àwọn ajáwèé owó orí pátá pé wọ́n lọ́wọ́ nínú mọ̀kàrúrù.,nei,nei,0.3343296,0.2879797,0.3776907
yoruba,"Gbogbo ènìyàn adárínhunrun ló ní ìyá tirẹ̀ gangan, èyí tó bí i wá sáyé, Yemọja sì ní àwọn ọmọ tirẹ̀ náà.",refutes,nei,0.33453423,0.28850505,0.37696072
yoruba,Agbẹnusọ fún ẹgbẹ́ IPOB fẹ̀sùn kan ilé-iṣẹ́ ológun pé wọ́n pa ọ̀kan lára àwọn adarí ẹgbẹ́ òun lọ́nà àìtọ́ lójú ọ̀nà abúlé rẹ̀.,supports,nei,0.33407915,0.2875893,0.37833154
yoruba,"Ìgbàgbọ́ máa ń rú lọ́kàn ẹni ni, bẹ́ẹ̀ ni ti àwọn Yorùbá nígbà tí wọ́n bá ń bọ orúnmìlà.",nei,nei,0.3346531,0.28750283,0.37784413
yoruba,Ọkùnrin tí orúkọ rẹ ń jẹ́ Chibuzor yìí ti lọ sẹ́wọ̀n rí nítorí ẹ̀sùn lílu jìbìtì.,nei,nei,0.33413383,0.28825134,0.37761486
yoruba,"Fayose tó jẹ́ Gómìnà ìpínlẹ̀ Èkìtì tẹ́lẹ̀ rí kò gbà pé Makinde ni olórí ẹgbẹ́ PDP nílẹ̀ Yorùbá, ó ṣàlàyé pé òun ni olórí ẹgbẹ́ náà.",refutes,nei,0.33458686,0.2868358,0.37857735
yoruba,"A kò lè ṣàwárí ìtọ́kasí kankan fún bọ́ọ̀lù tí wọ́n ń gbá lágbàáyé, bẹ́ẹ̀ kò sí òfin tó de eré ìdárayá yìí.",refutes,nei,0.3357028,0.2876389,0.37665832
yoruba,Àwọn amómitutù tuntun kì í lágbára bí àwọn amómitutù tí ó jẹ́ àlòkùn òyìnbó.,nei,nei,0.33316115,0.28842992,0.37840894
yoruba,"Ogunneru ni ẹni tí ó padà gorí ìtẹ́ ọba lẹ́yìn Ọlọ́fin, tí ó sì di Ọlọ́fin Isheri.",supports,nei,0.33403632,0.2879379,0.37802574
yoruba,"Síbẹ̀, ìgbàgbọ́ wọn nípa Jésù ò yàtọ̀ síra nítorí gbogbo wọn ló gbà pé olùgbàlà ni Jésù.",refutes,nei,0.33416772,0.28794202,0.37789026
yoruba,"Ìdíé tí ojú owó pọ́n gidi ni wòlíì Oladele ti wá, tí ó sì kiri àwọn ọjà bí i búrẹ́dì àti mọ́ín-mọ́ín láti lè rí owó.",supports,nei,0.33462855,0.2874743,0.37789717
yoruba,"Adedibu jẹ́ ènìyàn kan tí àwọn ará Ìbàdàn kórira gidi, nítorí àwọn ìwà búburú tó wù lásìkò ìṣèjọba rẹ̀.",refutes,nei,0.33562037,0.28732494,0.37705466
yoruba,Ẹgbẹ́ agbábọ́ọ̀lù Kwara United jẹ́ ẹgbẹ́ agbábọ́ọ̀lù ní ìlú Bẹ́ńdẹ̀.,refutes,nei,0.33400184,0.28772274,0.3782754
yoruba,Ọdún 2008 àti 2010 nìkan ni Ọbáfẹ́mi Martins sọjú ikọ̀ Ṣuper Eagle nínú ìdíje Ife Ẹ̀yẹ Ilẹ̀ Adúláwọ̀.,refutes,nei,0.3354908,0.28769225,0.376817
yoruba,"Gẹ́gẹ́ bí Arífálò (1991), Àkúrẹ́ jẹ́ ọ̀kan lára àwọn ìlú tí ó ti pẹ́ tí wọ́n tẹ̀dó nílẹ̀ Yorùbá. ",supports,nei,0.33577102,0.28713796,0.377091
yoruba,Oṣinbajọ yọ Daura nípò bí ẹni tó yọ jìgá láì bèṣù-bẹ̀gbà.,supports,nei,0.3347061,0.28783154,0.37746236
yoruba,"Aláàfin ò kì í dá sí ọ̀rọ̀ òṣèlú rárá, àwọn nǹkan tó ní ṣe pẹ̀lú ọ̀rọ̀ ìbílẹ̀ nìkan ló máa ń lọ́wọ́ sí.",refutes,nei,0.3344317,0.28841394,0.37715435
yoruba,"Yemọja ò ń pẹ́ binú, pàápàá tí wọ́n bá tọ́ ọ, ó ṣeé ṣe kó rú, kó sì paradà.",refutes,nei,0.3332481,0.2879395,0.3788124
yoruba,"Ní ilẹ̀ Yorùbá, láàárín ọdún 1988 sí ọdún 1999, wọ́n fi àwọn awo mẹ́ta ṣe olùdarí àwọn ẹgbẹ́ ọ̀tọ̀ọ̀tọ̀.",nei,nei,0.33535033,0.28737578,0.3772739
yoruba,Kòsí ohun tí àwọn olóyè rí ṣe sí ìjàkadì tó wáyé náà yàtọ̀ sí owó tí wọ́n fún àwọn tó pa lára.,nei,nei,0.33335653,0.28866768,0.37797576
yoruba,Ìdílé Ọba Akínṣemọ́yìn kò fara mọ́ ìfijọba Ọba Akiolú ti ìlú Èkó nígbà tí wọ́n dádé Ọba ìlú Èkó fún un.,supports,nei,0.33592722,0.28745142,0.37662137
yoruba,"Ní ọdún 1954, Awólọ́wọ̀ di Olórí Ìjọba Agbègbè Ìwọ̀ Oòrùn Ilẹ̀ Nàìjíríà. Gẹ́gẹ́ bí olórí agbègbè náà, ó dá eto ẹ̀kọ́ ọ̀fẹ́ sílẹ̀ kí gbogbo ọ̀dọ́ lè gba ẹ̀kọ́ mọ̀-ń-kọ-mọ̀-ń-kà.",supports,nei,0.3349423,0.28692675,0.37813094
yoruba,"Ní àkókò yẹn, ọ̀pọ̀ àwọn ará Nàìjíríà tún ń dojú kọ ìṣòro ìdíje iṣẹ́ àti ìdàgbàsókè ọrọ̀ ajé.",nei,nei,0.3342628,0.28743705,0.37830016
yoruba,"Àwọn ẹbí Kolapo Ishola fi lélẹ̀ pé irọ́ pátá ní olórí òṣìṣẹ́ Ajimobi pa, wí pé àwọn ò gba owó kankan lọ́wọ́ wọn, bẹ́ẹ̀ sì ni Gbade Ojo ń tẹnumọ pé Ajimobi fún wọn ní owó.",supports,nei,0.335303,0.28703058,0.3776664
yoruba,"Ní ìmọ̀ sáyẹ́nsì, omi ni ó lágbára jùlọ tó lè bá nǹkan jẹ títí kan gbogbo ìran ìlú tàbí ilẹ̀ kan.",nei,nei,0.3354271,0.2876082,0.3769647
yoruba,"Iye àwọn olùgbé nínú ifẹ̀ lápapọ̀ je 503,813.",refutes,nei,0.33262175,0.289754,0.3776243
yoruba,Ìgbàgbọ́ wà pé òrìṣà Yemọja lè sọ àgàn di ọlọ́mọ.,supports,nei,0.33239928,0.28798395,0.37961674
yoruba,Kò dára láti máa kó ajílẹ̀ wọlé láti òkè òkun gẹ́gẹ́ bí àwọn àgbẹ̀ náà ṣe sọ.,nei,nei,0.33134857,0.28875816,0.37989327
yoruba,"Àwọn èròjà tó lè mú èèyàn sanra wà nínú àkàrà, àwọn èròjà náà ni proteins, calcium, iron àti zinc.",supports,nei,0.33268067,0.28861114,0.37870815
yoruba,Ọ̀gágun Muritala Mohammed lo yan Buhari gẹ́gẹ́ bíi gómìrà àwọn ìpínlẹ̀ Ìlà Oòrùn Àríwá.,supports,nei,0.33615488,0.2873778,0.37646735
yoruba,"Ní apá gúúsù mọ́ ìlà oòrùn orílẹ̀-èdè Nàìjíríà, ọbẹ̀ kan wà tí wọ́n pè ní ọbẹ̀ ọha, tó jẹ́ pé àwọn ará a íbò ni wọ́n sábà máa ń sè é.",supports,nei,0.3336334,0.28752246,0.37884414
yoruba,"Irúfẹ́ ọbẹ̀ kan ni a lè fi jẹ àmàlà, kò sì ju oríṣi kan lọ.",refutes,nei,0.33418894,0.28828442,0.3775266
yoruba,Ìjọba àpapọ̀ ti kéde pé kí gbogbo ilé-iṣẹ́ tó wà ní orílẹ̀-èdè náà máa san owó orí.,nei,nei,0.33331108,0.28781694,0.378872
yoruba,"Ilé Alájà mẹ́fà kan dàwó ní agbègbè Àjòlayé, ní òpópónà Ẹlẹ́ta ní ìlú Ògbómọ̀ṣọ́.",nei,nei,0.33378655,0.28792435,0.3782891
yoruba,Bọ́ọ̀lù ọgọ́rùn-ún ni Rashidi Yekini gbá sọ sínú àwọn nígbà tí ó ń gbá bọ́ọ̀nù fún ikọ̀ orílẹ̀-èdè rẹ̀.,refutes,nei,0.33375853,0.2876723,0.3785691
yoruba,Ipò bíńtí láàárín àwọn ibọ yòókù tí Olódùmarè fi fún Ifá ni ó mú kí orúkọ ìpìlẹ̀ rẹ̀ jẹ́ A-kéré-finú- ṣọgbọ́n.,refutes,nei,0.3348804,0.28735206,0.37776747
yoruba,"Ọba Ògúnwùsì ni bàbá ìsàlẹ̀ Fásitì Èkó, Àkọkà.",refutes,nei,0.333064,0.28834072,0.3785953
yoruba,"Méjìlá ni àwọn ẹgbẹ́ agbábọ́ọ̀lù tí European líìgì dá dúró, tí wọn ò sì ní le kópa nínú ìfẹsẹ̀wọnsẹ̀ mọ́. ",refutes,nei,0.33458507,0.28816968,0.37724522
yoruba,Ẹgbẹ́ kan wà tí a mọ̀ sí ẹgbẹ́ One Million Boys tí Abiola Ebila tó jẹ́ ọmọ bíbí ìlú ìbàdàn sì jẹ́ olórí wọn.,supports,nei,0.33499622,0.28764665,0.37735716
yoruba,Orílẹ̀ èdè Gẹ̀ẹ́sì ni Anthony Olúwafẹ́mi Ọláṣeéní Jóṣúà ń ṣojú gẹ́gẹ́ bí afẹ̀ṣẹ́kùbíòjò.,supports,nei,0.3358892,0.2869103,0.3772005
yoruba,A lè rí kà tó ìjọba ìbílẹ̀ mẹ́rin ní agbègbè àkókó tàbí jù bẹ́ẹ̀ lọ.,supports,nei,0.33413172,0.28843883,0.37742952
yoruba,"Ọdún 1999 ní ìjọba pín ìpínlẹ̀ Àríwà sí Bauch, Bornu àti Gongola.",refutes,nei,0.33460614,0.28762612,0.37776768
yoruba,"Ìyàwò Gómìnà ìpínlẹ̀ Èkìtì farapa látàrí ìkọlù yìí, èyí tí ó sì mú kí àwọn ọlọ́pàá kó gbogbo àwọn akẹ́kọ̀ọ́ náà lọ sí àgọ́ wọn.",refutes,nei,0.33481306,0.2879897,0.37719727
yoruba,Irúfẹ́ àwọn orúkọ mìíràn tí a tún lè pe ọbẹ̀ yìí pín sí méje.,refutes,nei,0.3322407,0.2890154,0.3787439
yoruba,Ojó wọ́ gbogbo iyanrìn tí àwọn akóyọyọ dà sí ibi tí wọ́n ti fẹ́ kọ́ ilé tuntun lọ pátápátá.,nei,nei,0.33442953,0.28791595,0.3776545
yoruba,"Títóbi ìpínlẹ̀ Ọ̀yọ́ tó nǹkan bí i 28,454 kìlómítà, ó sì wà ní ipò kéjìlà nípa fífẹ̀.",refutes,nei,0.3356668,0.287644,0.37668917
yoruba,Gbogbo ẹrú pátá ni kò ní ìbọ̀wọ̀ fún nítorí pé ó jẹ́ ohun ìtìjú.,nei,nei,0.33378014,0.28818274,0.37803715
yoruba,Mugabe kọ ìtàn rere ní orílẹ̀-èdè Zimbabwe èyí tí àwọn ènìyàn kò lè gbàgbé.,supports,nei,0.33481786,0.2879089,0.3772732
yoruba,Ní àwọn ilẹ̀ òkèèrè nìkan ni àmàlà ti gbajúmọ̀.,refutes,nei,0.33373207,0.28847435,0.3777936
yoruba,Olóyè Sunday Ìgbòho wà lári àwọn tí wọ́n kọ́kọ́ kí Aláàfin tuntun kú oríire oyè Ọba tí wọ́n jẹ.,nei,nei,0.33409336,0.28763112,0.37827554
yoruba,Àwọn olùkọ́ yìí máa ń mú àwọn akẹ́kọ̀ọ́bìnrin wọn lọ sí ilé-ìgbafẹ́ kan nínú ilé-ẹ̀kọ́ gíga náà tí wọ́n ń pe ní Coldroom.,supports,nei,0.33484554,0.28706893,0.37808558
yoruba,Mọ́remí jẹ́ akọnibìnrin tí kò fẹ́ràn láti máa ṣe ìrúbọ kankan.,refutes,nei,0.3335633,0.2884956,0.37794113
yoruba,Wọ́n ṣe àgbéjáde fídíò mánigbàgbé nípa ìgbà ayé Bàbá Sàlá.,nei,nei,0.3342879,0.28840822,0.37730384
yoruba,"Láàárín ọdún 1800 sí ọdún 1805, Ọba Ológun Kútere wàjà, èyí sì fa ìṣòro arọ́pò láàárín àwọn ọmọ rẹ̀; Oṣìnlokùn àti Àdèlé.",supports,nei,0.33621264,0.2868319,0.37695548
yoruba,"Onírúurú orúkọ ni Ṣàngó ní. Àwọn sì ni; Olúkòso, Arẹ̀kújayé, Àjàlájí, Olójú Orógbó, Èbìtì-àlàpà-peku-tiyètiyè, Oníbọn Ọ̀run, àti Jàkúta.",supports,nei,0.3361144,0.2867186,0.37716696
yoruba,"Ìwó tún ní àwọn agbègbè ìjọba ìbílẹ̀ mẹ́rin mìíràn, èyí tó yàtọ sí àwọn yòókù.",supports,nei,0.33287108,0.28897515,0.3781537
yoruba,Mọ́ímọ́í dáa ṣùgbọ́n wọn kì í fí jẹ ìrẹsì àti àwọn oúnjẹ mìíràn.,refutes,nei,0.3353508,0.28743812,0.37721112
yoruba,Obateru Akinruntan sọ wí pé wíwá ohun tí àwọn máa jẹ ló gbé àwọn kúrò ní Ilé-Ifè.,nei,nei,0.3343862,0.2877928,0.37782106
yoruba,Ọdún 2015 ní àwọn ọlọ́pàá pa India Kager láìní ìdí,nei,nei,0.33168453,0.2886542,0.37966132
yoruba,Àwọn asòfin fẹ́ fòfin de gbogbo àwọn tí wọn kì í ṣe ọmọ ìlú láti máṣe máa ṣiṣẹ́ láìgbàṣẹ.,nei,nei,0.33402395,0.28833807,0.37763795
yoruba,"Bó tilẹ̀ jẹ́ pé àwọn kan sọ pé wọ́n dá Ìbàdàn sílẹ̀ ní ọdún 1829, a kò rí ìtàn kan pàtó tó fìdí rẹ̀ múlẹ̀. ",refutes,nei,0.33507878,0.2871592,0.37776205
yoruba,"Ní ọdún 1960 náà, orílẹ̀-èdè Nàìjíríà ṣe ayẹyẹ ìbílẹ̀ òmìnira rẹ̀ látọ́dọ̀ Britain, tí ó jẹ́ ìṣẹ̀lẹ̀ pàtàkì jù lọ ní ìtàn àpapọ̀ orílẹ̀-èdè náà.",nei,nei,0.33552793,0.2868653,0.3776068
yoruba,"Orúkọ bàbá Olúṣẹ́gun ni Amos Àdìgún, Ọbalúayésanjọ́ Bánkọ́lé, tí orúkọ ìyá rẹ̀ sì ni Àṣàbí. Ọdún méjì ló wà láàárín ikú bàbá àti ìyá Olúṣẹ́gun.",refutes,nei,0.3362387,0.28699213,0.37676913
yoruba,Ẹ̀ṣọ́ tí ń ṣe àláàbò ọkọ̀ Gómìnà ti ìpínlẹ̀ Borno farapa nígbà tí àwọn Boko Haram da ìbọ̀n lu ọkọ̀ Gómìnà.,supports,nei,0.33478782,0.28792077,0.3772914
yoruba,"Asúnrétete kò ní kọjá ilé, Arìngbẹ̀rẹ̀ kò ní sùn sọ́nà.",nei,nei,0.33377668,0.28768334,0.37854
yoruba,Ibrahin àti Ismael gbà wọ́n sì juwọ́ jusẹ̀ fún Ọlọ́run wọn Allah.,supports,nei,0.33444604,0.28770757,0.37784636
yoruba,"Àwọn orúkọ méjì ni a pa pọ̀ tí ó fi di ""AJẸ́BU-OLÓDE"" èyí tí a mọ̀ sí ÌJẸ̀BÚ-ÒDE títí di òní.",supports,nei,0.3341236,0.28818947,0.3776869
yoruba,"Onírúurú ilẹ̀ ni ọ̀gẹ̀dẹ̀ ti lè hù sí, ó sì jẹ́ igi kan tí ó máa ń tètè hù láàárín gbogbo àwọn igi eléso yòókù.",supports,nei,0.3345523,0.28792578,0.37752193
yoruba,Láàárín àwọn etíkun mẹ́ta ni Ìlú Badagry wà.,nei,nei,0.33357462,0.28817675,0.37824857
yoruba,Àwọn ọmọ ẹgbẹ́ Ebila gbìyànjú láti fi àdá ṣá Ekugbemi àmọ́ àdá náà ò ràn án àfi ìgbà tí wọ́n ṣe nǹkan sí ara àdá náà.,nei,nei,0.33502316,0.28742972,0.37754714
yoruba,Ìròyìn fi lélè pé ìyanṣẹ́lódí náa yóò wá sópin nítorí àwọn ọmọ ẹgbẹ́ ASUU tí gba ohun tí ìjọba fi lélẹ̀.,refutes,nei,0.3343852,0.28787315,0.3777417
yoruba,"Ọ̀pọ̀lọpọ̀ fọwọ́ sí nǹkan tí Remi Tinubu sọ, àti bí ó ṣe ti ọ̀rọ̀ òṣèlú bọ ọ̀rọ̀ ètò ààbò.",refutes,nei,0.33300146,0.28859937,0.37839916
yoruba,Ọ̀gbẹ́ni Wálé àti Ọgbẹ́ni Olómù ni wọ́n wà ní ẹka ewì ní Fásitì LASU.,nei,nei,0.3354691,0.28672242,0.3778085
yoruba,Bùhárí pàṣe pé kí wọn ó ti gbobo ẹni ibodè pa láti ọjọ́ Ajé títí di ọjọ́ Àbámẹ́ta.,nei,nei,0.33257666,0.2875455,0.37987784
yoruba,"Ní àwọn ọdún 1951 sí ọdún 1954, Awólọ́wọ̀ jẹ́ Alákòóso fún iṣẹ́ ìjọba àti ìjọba ìṣèlú.",refutes,nei,0.33527678,0.2874293,0.3772939
yoruba,"Orílẹ̀-èdè Egypt, Saudi Arabia, Ghana, Niger àti Nàìjíríà wà lára àwọn orílẹ̀-èdè tí wọ́n ní epo rọ̀bì.",supports,nei,0.33548933,0.28645116,0.37805954
yoruba,Lára àwọn òrìṣà tí Olódùmarè rán wá láti ìkọ̀lé ọ̀run sí ayé ni Èṣù. Ó sì wà láàárín àwọn ibọ ìran Yorùbá.,supports,nei,0.33551136,0.28772753,0.37676108
yoruba,Ọba Riliwan Oṣùọlálé Àrẹ̀mú gorí ìtẹ́ àwọn bàbá rẹ̀ ní Ìlú Èkó ní ọjọ́ kẹsàn-án oṣù kẹjọ ọdún 2003.,supports,nei,0.33499327,0.28785658,0.37715015
yoruba,Ìgbà kan tún rèé tí Ààrẹ Buhari àtàwọn aṣòfin kọlu ara wọn lórí àbá owó ìṣúná ọdún 2016,nei,nei,0.33435878,0.28819558,0.3774456
yoruba,Makinde àti Akeredolu bẹ Ààrẹ Buhari wò lórí ọ̀rọ̀ ètò ààbò tó mẹ́hẹ nípa ọṣẹ́ tí àwọn ọ̀daràn darandaran ń ṣe.,supports,nei,0.33368713,0.28752103,0.37879184
yoruba,Fọ́ọ̀mù náà ò ṣe é gba lórí èrọ ayélujára,refutes,nei,0.33111012,0.2896036,0.3792863
yoruba,Búrẹ́dì ni púpọ̀ àwọn ènìyàn máa ń fi ẹ̀wà àgànyìn jẹ.,supports,nei,0.33276272,0.2881723,0.37906498
yoruba,Wàhálà ni fọ́nrán tí Ọ̀gbẹ́ni Ifáwọlé fi ránṣe yóò dá sílẹ̀ nítorí àti kọ ọ́ sílẹ̀.,nei,nei,0.33461028,0.28738877,0.37800094
yoruba,Olúfọlákẹ́mi àti Mariam Badmus kò sí nínú àwọn ìgbìmọ̀ tí gómìnà ìpínlẹ̀ Ọ̀yọ́ gbé kalẹ̀.,refutes,nei,0.33416063,0.28817752,0.37766185
yoruba,"Sunday Igboho ṣàlàyé wí pé wọ́n máa lọ sí ẹnu ìbode tó wà ní ilẹ̀ Yorùbá, wọ́n á sì ri dájú wí pé gbogbo rẹ̀ wà ní ṣíṣí sílẹ̀, àti pé wọ́n á gba agbára lọ́wọ́ Fulani tó bá jẹ́ aṣọ́bodè náà.",nei,nei,0.3363834,0.2866461,0.37697056
yoruba,Ilé-ẹjọ́ gíga ìpínlẹ̀ Ẹdó ti dá ẹjọ́ pé kí Gómìnà Wàmákò fi ẹgbẹ́ òṣèlú rẹ̀ sílẹ̀ bọ́ sínú ẹgbẹ́ òṣèlú mìíràn.,nei,nei,0.33411232,0.28759587,0.3782918
yoruba,"Ikú Ebila le mú kí ẹgbẹ́ One Million Boys sọ agbára nù, àmọ́  ó túnbọ̀ ró àwọn ẹgbẹ́ òkùnkùn kékèèké mìíràn lágbàra.",refutes,nei,0.33294767,0.28869542,0.37835687
yoruba,"Ní ọdún 1950, Moshood gba àǹfààní ẹ̀kọ́ ọ̀fẹ́ ti ìjọba, tí ó fi gba oyè nípa imọ̀ ìṣirò.",refutes,nei,0.333869,0.28786877,0.3782622
yoruba,"Tí ó bá ti di aago méjìlá, Òkégbèmí yóò ránṣẹ́ sí Adégbulé àti Tunde Bello.",nei,nei,0.3336089,0.28825277,0.3781383
yoruba,"Akẹ́kọ̀ọ́ kan tí orúkọ rẹ̀ ń jẹ́ Oluwaṣeyi Kẹhinde, tó wà ní ìpele kìíní jáde láyé nítorí ìṣẹ̀lẹ̀ ọ̀hún.",nei,nei,0.33459145,0.28707638,0.3783321
yoruba,"Onírúurú ìtàn ni a ti gbọ́ nípa orírun ojúlówó Yorùbá, àmọ́, ìtàn náà fi yé wa dájúdájú pé Ìjẹ̀ṣà jẹ́ ọ̀kan pàtàkì lára ojúlówó ọmọ Yorùbá.",supports,nei,0.33500502,0.28766063,0.3773344
yoruba,"Bí a bá n sọ̀rọ̀ nípa Ìsàlẹ̀ Èkó, oríṣi afárá ńlá ńlá mẹ́tà ló ní tí ó fi já pọ̀ mọ́ mainland. Àwọn afárá wọ̀nyí ni, afárá kìíní, afárá kejì, àti afárá kẹta.",supports,nei,0.33556592,0.28714094,0.37729317
yoruba,"Ó ju ọgbọ̀n àwọn Ọba tó ti jọba lábẹ́ Olúwo ti ìlú Ìwó, tí aláṣẹ ìlú náà ni HRM Ọba Abdulrosheed Akanbi.",supports,nei,0.33532363,0.28743753,0.37723887
yoruba,Gbogbo àwọn akẹ́kọ̀ọ́ tí wọn kò bá ti wá kí kíláàsì pé iye àkókò tó yẹ kò ní ṣèdánwò.,nei,nei,0.3340937,0.28789663,0.37800965
yoruba,"Ní ọdún 1841 tí Olúwọlé kú, ilẹ̀kẹ̀ orí Adé rẹ̀ nìkan ni wọ́n fi dá a mọ̀. ",refutes,nei,0.33587316,0.28711736,0.37700945
yoruba,Ní àwọn ọdún 1800 ni a ti rí dájú pé gbogbo ọba Ìpínlẹ̀ Èkó máa ń rúbọ ni.,nei,nei,0.33278838,0.28867596,0.3785357
yoruba,Ọba Àdèlé ló kọ́kọ́ gorí ìtẹ́ lẹ́yìn ọmọba Kòsọ́kọ́.,refutes,nei,0.33320504,0.2884022,0.37839276
yoruba,"Shehu Usman Aliyu Shagari tí a bí ní ọjọ́ karùndínlọ́gbọ̀n, oṣù kéje ọdún 1925, jẹ́ gbajúgbajà nínú ètò ìlú.",refutes,nei,0.33608827,0.28685838,0.3770533
yoruba,Ìpínlẹ̀ Òndó tí a tún mọ̀ sí Sunshine State jẹ́ ọ̀kàndínlógún ìpínlẹ̀ tí àwọn èèyàn pọ̀ jùlọ lórílẹ̀-èdè.,supports,nei,0.33387265,0.28771505,0.37841228
yoruba,Adetutu àti àwọn arábìnrin mìíràn sọ nípa ìrírí wọn àti àwọn ohun tí wọ́n kojú nítorí ilà ojú wọn.,supports,nei,0.33528295,0.28711945,0.37759763
yoruba,"Òrìṣà inú omi ni Yemọja gẹ́gẹ́ bí ìgbàgbọ́ ẹ̀sìn ìṣẹ̀ṣe Yorùbá, wọ́n sì gbàgbọ́ pé ìyá gbogbo àwọn òrìṣà pátá páá ni Yemọja jẹ́.",supports,nei,0.33580658,0.28735593,0.3768375
yoruba,Àjọ̀ NIMC kédé pé ọ̀fẹ́ ni ìforúkọsílẹ̀ àti pé ẹnikẹ́ni ò gbọdọ̀ gba owó fún ìforúkọsílẹ̀ NIN.,supports,nei,0.3332561,0.28798708,0.3787568
yoruba,Ó ya àwọn ará ìlú lẹ́nu pé iye owó orí gan-an ti ju iye owó oṣù lọ.,nei,nei,0.33375868,0.28723228,0.379009
yoruba,"Èkìtì gba orúkọ látàrí ọ̀pọ̀ òkè tí ó ní, èyí tí ó yí láti ilẹ̀ olókìtì sí Èkìtì.",supports,nei,0.33399487,0.28766468,0.37834042
yoruba,"Roqeeb Aderogba ní ìgbà mẹ́fà ọ̀tọ̀ọ̀tọ̀ ni òun kùnà láti ṣe dírónù, kó tó yege",nei,nei,0.3328666,0.28884393,0.37828943
yoruba,Ọ̀pọ̀ ọmọdé ò fẹ́ràn láti má ṣe eré tẹ́ńtẹ.,refutes,nei,0.33057603,0.28853858,0.3808854
yoruba,"Kò sí ìlú kankan lórílẹ̀ ayé tí à ń pè ní Ìṣẹ̀-Èkìtì, nítorí náà kò sí ẹni tí ó ṣiṣẹ́ lórí orírun rẹ̀.",refutes,nei,0.33708787,0.28653616,0.37637597
yoruba,Àfọ̀njá kò rí àtìlẹyìn kankan gbà lọ́dọ̀ Hausa nígbà tí ó dìtẹ̀ lórí ìjọba.,refutes,nei,0.33544824,0.2876233,0.37692848
yoruba,Owó tí wọ́n ṣe jẹ́ náírà méjì lọ́nà méjì fún pọ́nhùn (£1) kan.,refutes,nei,0.33362386,0.28856286,0.37781328
yoruba,Àdèlé di olórí nígbà tí ó ṣí kúrò lọ sí Èkó láti Badagry.,refutes,nei,0.3346274,0.28789097,0.3774816
yoruba,"Lásìkò tí Oṣinbajo jẹ adele, dọ́là wọ́n gógó, bẹ́ẹ̀ sì ni ó ṣiṣẹ́ ní ìfọwọ́sowọ́pọ̀ pẹ̀lú Daura. ",refutes,nei,0.3348151,0.28726187,0.377923
yoruba,Àwọn Yorùbá ni wọ́n tẹ ìlú ìlọrin dó ní bíi ọgọrùn lọnà méjìdínlógún sẹ́yìn (18th century).,supports,nei,0.33495378,0.2876542,0.37739202
yoruba,Májẹ̀mú láíláí àti májẹ̀mú titun ní ìyàtọ̀ tí ò sé múṣẹ.,refutes,nei,0.33431065,0.28777713,0.37791222
yoruba,"Èèmọ̀ ńlá kan wáyé, nígbà tí arákunrin kan tí orúkọ rẹ̀ ń jẹ́ Neo, tó jẹ́ ọ̀kan lára àwọn olùkópa ètò Big brother ni fídíò gbé, tí àwọn ènìyàn sì ri pé ó ń fọ pátá obìnrin.",supports,nei,0.33560014,0.2875037,0.37689617
yoruba,"Oluṣẹgun Ọbasanjọ tako ohun tí Buhari sọ, ó sì ṣàlàyé pé èyi jìnà sí òótọ́ nítorí gẹ́gẹ́ bí wọ́n ṣe sọ, ọwọ́jà àwọn agbébọn náà tún ti gbèrú síi.",refutes,nei,0.33550102,0.28687388,0.37762514
yoruba,Ìmọ̀ òfin jẹ́ ohun tí ó yẹ kí gbogbo ilé-ìwé máa ní nínú ètò ìdánilékọ̀ọ́ kíláàsì kọ̀ọ̀kan.,nei,nei,0.33426934,0.28802773,0.37770298
yoruba,Gbogbo ìyá ọlọ́mọ ló ní òye tó tọ́ àti èyí tó yẹ nípa bí ó ṣe yẹ kí wọ́n fún ọmọ ní ọyàn lọ́nà tí a fi mu àmuyó.,refutes,nei,0.33362663,0.28811094,0.3782625
yoruba,Gbogbo àwọn àgbà àgbà lẹ́ka ẹ̀kọ́ èdè Yorùbá ni wọ́n tako ìgbésẹ̀ mínísítà fétò ẹ̀kọ́.,nei,nei,0.33459687,0.28777337,0.37762973
yoruba,Victoria Island yìí ni oríṣiríṣi àwọn èèyàn olókìkí tí ń gbé.,nei,nei,0.3335184,0.28845462,0.378027
yoruba,Àwọn iṣẹ́ tí àwọn Ipetumodu máa ń ṣe ni iṣẹ́ àgbẹ̀ àti iṣẹ́ amọ̀.,supports,nei,0.3327844,0.28844643,0.37876916
yoruba,"Wọ́n bí Arapaja ní ọjọ́ kẹwàá oṣù Kọkànlá ọdún 1958. Ó kàwé nílé ẹ̀kọ́ girama Lagelu, ní ìlú Ìbàdàn, ó sì kàwé gboyè ní Fásitì Wales, nílẹ̀ Gẹ́ẹ̀sì..",supports,nei,0.33670524,0.28641742,0.37687737
yoruba,Àwọn ará-ìlú kọ̀ láti gbóríyìn fún Oṣinbajo fún iṣẹ́ takuntakun tó ṣe láti ri pé ètò ọrọ̀-ajé  ń lọ bó ṣe yẹ.,refutes,nei,0.33444196,0.287225,0.378333
yoruba,Damilọla pàdánù ọ̀rẹ́kùnrin rẹ̀ nítorí ilà kíkọ,nei,nei,0.33291155,0.28855935,0.37852904
yoruba,Orúkọ Rashidi Yekini náà wọnú ìwé ìtàn gẹ́gẹ́ bí ara àwọn agbábọ́ọ̀lù tí a ti fi àmì ẹ̀yẹ dá lọ́lá rí.,supports,nei,0.33444834,0.2876525,0.37789917
yoruba,"Nínú oríṣiríṣi ẹ̀sìn tí ó wà lágbàáyé, ojú ọ̀nà kan ni wọ́n ń gbà ṣètò ìjọsìn.",nei,nei,0.33463097,0.28689745,0.3784716
yoruba,"Nílẹ̀ Yorùbá, lẹ́yìn àgbàdo, ọ̀gbìn iṣu ló tún ṣe pàtàkì.",refutes,nei,0.33471552,0.28756273,0.37772176
yoruba,"Àwọn kan bu ẹnu àtẹ́ lu bí Aláàfin ṣe gbé adé ìlẹ̀kẹ̀ lé àwọn Ọba kékèèké lórí, wọ́n ní eléyìí ò tọ́ rárá.",refutes,nei,0.33421516,0.28844324,0.37734157
yoruba,"Ìjínigbé àti ìwà ọ̀daràn ń pọ̀ si ní ìpínlẹ̀ Oǹdó, pàápàá jùlọ ní ìlú Ọ̀wọ̀.",supports,nei,0.33494556,0.2870807,0.37797374
yoruba,Wọ́n fún àwọn oníbàárà ní ọ̀sẹ̀ mẹ́rin láti fi nọ́ḿbà NIN wọn ránṣẹ́.,refutes,nei,0.33321786,0.28804734,0.37873483
yoruba,Àwọn èèyàn apá ìlà oòrùn ní máa ń ṣe ìmùlẹ̀ májẹ̀mú bí ó tilẹ̀ jẹ́ pé àwọn àgbà awo ti ṣe ìkìlọ̀.,nei,nei,0.33453548,0.28761762,0.37784687
yoruba,Àríwísí Fádípẹ̀ dá lórí ipa tí àwùjọ ń kó nínú ìṣẹ̀dálẹ̀ ayé.,nei,nei,0.33461195,0.28749517,0.3778929
yoruba,Àwọn igi wọ̀nyí ni a máa ń lò láti ṣẹ̀dá àwọn ìwé àti àga.,nei,nei,0.33284882,0.28838784,0.37876335
yoruba,"Ernest Shónèkàn jẹ́ agbejọ́rò ará ilẹ̀ Nàìjíríà tí wọ́n bí ní ọjọ́ kẹsàn-án, oṣù ebi ọdún 1936.",supports,nei,0.33588973,0.2864283,0.37768203
hausa,Kiɗan goge abu ne da yake bada nishaƙi.,nei,nei,0.33261764,0.28890702,0.37847528
hausa,An fi gina manyan masallatai a birane akan ƙauyuka.,nei,nei,0.32987455,0.28961465,0.38051084
hausa,Da sassafe Hindu ta fara sharar ajin su kafin malamin ya shigo.,nei,nei,0.32911777,0.29060963,0.38027263
hausa,Ba a biyan kuɗi ga masu sana'ar koyarda ilimi.,refutes,nei,0.33195978,0.28916723,0.37887302
hausa,Gwamna Shema ya samu lambar yabo ta girmamawa daga hukumar EFCC.,refutes,nei,0.33228824,0.29037744,0.3773343
hausa,Abba Kyari ya rasu kafin lokacin korona.,refutes,nei,0.3329795,0.2893445,0.37767604
hausa,An yi hasashen cewa fitar 'yan majalisu da gwamnoni daga jam'iyyar APC na iya zama barazana ga nasarar Muhammadu Buhari a zaɓen shekarar 2015.,refutes,nei,0.33395746,0.28901803,0.37702453
hausa,Atiku Abubakar ya kasance mutum mai yawan kyauta da kuma son mutane.,nei,nei,0.3319165,0.29054922,0.37753424
hausa,Tuwon masara na iya zama abinci a bukukuwa,nei,nei,0.33029082,0.2904376,0.37927157
hausa,Yara ba su da bukatar a koya musu yadda ake yin tsafta.,nei,nei,0.33412147,0.28929695,0.37658158
hausa,Iran ta yi watsi da shirin ta na makamashin nukiliya bayan majalisar ɗinkin duniya ta nuna rashin amincewarta.,nei,nei,0.33475137,0.2882215,0.37702712
hausa,Sule Lamido ya nemi zama ɗan takarar shugaban ƙasar Najeriya bayan ya yi gwamnan jigawa na shekara 8.,supports,nei,0.3335546,0.2889447,0.37750077
hausa,Jerin sunanyen wannan shekar ya fito daga ofishin shugaban makaranta.,nei,nei,0.33020496,0.29040217,0.3793929
hausa,Gidan Arewa ya kasance wani cibiyar bincike ta musamman akan tarihin Arewacin Najeriya.,supports,nei,0.33359545,0.28957546,0.37682912
hausa,Sani Abacha ya rasu a ƙasar Saudiyya lokacin da ya ke gudanar da aikin hajji.,refutes,nei,0.33520657,0.2888647,0.37592873
hausa,Wasu Musulmai ba sa gudanar da Maulidi saboda suna ganin bikin ƙirƙirarre ne.,nei,nei,0.33387506,0.2887961,0.37732884
hausa,Cutar ta yaɗu sosai a masarautar Arewa,nei,nei,0.3292382,0.2921822,0.37857962
hausa,Tuwon masara na iya haɗewa da kayan yaji daban-daban don kara ɗanɗano.,nei,nei,0.33318242,0.28860036,0.37821722
hausa,An samu mutane da dama da suka warke daga cutar covid-19 bayan sun kamu da ita.,nei,nei,0.3321531,0.28967407,0.3781728
hausa,Isah Ali Ibrahim Pantami na ɗaya daga cikin waɗanda su ka taɓa riƙe muƙamin Darakta Janar na hukumar kula da hanyoyin sadarwa na zamani.,supports,nei,0.3347178,0.2882277,0.37705445
hausa,Ahmad Bamba ya karantar da littattafan hadisai a masallacinsa na Darul Hadith.,supports,nei,0.33261535,0.28943002,0.37795463
hausa,Sarauniya Amina ta samu sarautar Zazzau a shekarar 1533.,refutes,nei,0.33255976,0.28970328,0.37773693
hausa,Gidan Arewa gini ne da ya kasance wurin ajiyar kayan yaƙin turawan mulkin mallaka.,refutes,nei,0.33340803,0.28877667,0.3778153
hausa,Raƙumi na daga cikin manya hallitu da ke iya rayuwa acikin ruwa saboda iya iwo kuma basa iya jurewa tsananin zafi.,refutes,nei,0.3344891,0.28815755,0.37735334
hausa,"Kafin zamanin mulkin mallaka, an tsara tsarin kasuwar kurmi a cikin sifa hudu kamar titi mara tsari.",supports,nei,0.33252206,0.2904928,0.37698516
hausa,Sallah na ɗaya daga cikin rukunan addinin musulunci.,nei,nei,0.33237803,0.28892246,0.37869948
hausa,Barau I Jibrin ya riƙe muƙamai da yawa sakamakon zuwan sa majalisar dattawa ta Nigeria.,nei,nei,0.33489084,0.28937852,0.37573066
hausa,Mumini na gaske shi ne wanda baya cutar da muslumai.,nei,nei,0.33199862,0.28837985,0.37962154
hausa,Baba Jallow ya tabbatar da cewa ana zargin tsohon shugaban Gambiya Yahya Jammeh na cin zarafin mata.,supports,nei,0.33342817,0.28960997,0.3769618
hausa,ƙwallon kwando an ƙirƙire ta ne a Asiya,refutes,nei,0.33000246,0.29092407,0.37907344
hausa,Malaman addini suna ganin Maulidi na iya amfani da sabbin abubuwa ba tare da bin dukkan ayyukan Annabi ba.,nei,nei,0.33427525,0.28880945,0.3769153
hausa,"A gidajen sarauta ana raba naman layya gida uku: ga mabuƙata, ga 'yan'uwa, da ga wanda ya yi layya.",nei,nei,0.33272478,0.28820658,0.37906867
hausa,Har yanzu Kanawa na cin moriyar ayyukan da Audu Bako ya samar a loƙacin mulkinsa.,nei,nei,0.33528334,0.28887063,0.37584603
hausa,Bikin argungun yana jan hankalin baƙi daga waje saboda al’adunsa da nishaɗin gasar.,nei,nei,0.3321174,0.28896123,0.3789214
hausa,Kasar Landan ba ta cikin wuraren da Abubakar Tafawa Balewa ya yi karatu.,refutes,nei,0.33383593,0.28860512,0.3775589
hausa,Masu garkuwa da mutane sun sace Sheikh Ahmad Sulaiman a jihar katsina tare da wasu mutane biyar a 2019.,supports,nei,0.33241534,0.2900292,0.3775555
hausa,Ahmad Bamba ya yi gwagwarmaya wurin yaɗa sunna a garin Kano da kewayanta.,nei,nei,0.33354902,0.28918895,0.37726206
hausa,Rashin gansuwa da salon yadda gwamnati ke tafiyarda mulkin ƙasa ne yasa wasu 'yan majalisa suka fita daga jam'iyyar APC.,supports,nei,0.33388764,0.28779316,0.3783192
hausa,Northern Teachers Association ta kasance ƙungiya dake kare haƙƙin malaman arewa.,nei,nei,0.33072814,0.28979674,0.37947515
hausa,Mafi yawan garuruwan da Sarauniya Amina ta kafa tsakanin Zariya zuwa Abuja ba su da girma.,supports,nei,0.33253548,0.29008806,0.37737644
hausa,Alwala ta na cika ko da ba a wanke hannu da kafa ba.,refutes,nei,0.32975522,0.28970194,0.38054287
hausa,Tawagar yaƙin zaɓen Trump sun dage da kamfen a jihar Florida saboda muhimmanci ta wurin cin zaɓen shugaban ƙasa,supports,nei,0.33387417,0.28949356,0.37663227
hausa,Murtala Muhammad ya rasu ne sakamakon harbin sa da aka yi masa da bindiga lokacin da yake dawowa gida daga sallar asuba.,supports,nei,0.33325708,0.2889799,0.37776303
hausa,Waƙa rubutun adabi ce. Wasu daga cikin rubutattun waƙoƙi na farko a Afirka an yi sune da pyramid texts wanda aka rubuta a ƙarni na 25 KZ.,supports,nei,0.33347347,0.2888319,0.37769464
hausa,Bala Lau shi ne jagoran ƙungiyar izala ta ƙasar Nigeria.,supports,nei,0.33029276,0.2904867,0.37922055
hausa,Kungiyar siyasa ta NEPA ta naɗa Aminu Kano a matsayin shugabanta na farko.,nei,nei,0.33360782,0.2882755,0.37811667
hausa,Amurka na sahun gaba wurin tallata manufofi da kuma amfanin demokraɗiyya.,nei,nei,0.33290341,0.289378,0.37771863
hausa,"Saka hijabi wajibi ne ga ko wace musulma balagaggiya, idan zata fita daga gida ko kuma ganawa da wanda ba muharraminta ba domin suturta jikin ta.",supports,nei,0.33402112,0.2874517,0.37852716
hausa,Mace musulma balagaggiya zata iya fita daga gida ko kuma ganawa da wanda ba muharraminta ba tare da suturta jikin ta.,supports,nei,0.3343641,0.2883015,0.37733442
hausa,Garin Kano ya na da Duwatsu masu girma waɗanda ake alfahari da su a tarihi.,nei,nei,0.33302188,0.28894916,0.378029
hausa,Yawan matan da ke kashe kan su a ƙasar Japan ya ƙaru da kashi 70 a watan Nuwamba.,refutes,nei,0.33372328,0.2906615,0.3756152
hausa,Mutane sun samu kansu cikin rudani da firgici lokacin annobar korona.,nei,nei,0.33239606,0.28968376,0.3779202
hausa,Islam ba ya koyar da cewa akwai jogora ga musulmai.,nei,nei,0.33269045,0.28967237,0.3776372
hausa,Masanin tarihin abinci da aikin gona James C. McCann ya ba da shawarar cewa tasa shinkafar ta yaɗu tare da masarautar Mali,supports,nei,0.33446154,0.28947616,0.37606236
hausa,Isah Ali Ibrahim Pantami ɗaya ne daga cikin masu hannun jari a hukumar kula da hanyoyin sadarwa na zamani ta Najeriya.,nei,nei,0.3338455,0.2889446,0.3772099
hausa,Shaƙa ruwa a hanci da wanke hannu da fuska da kuma wanke kafafu na daga cikin siffofin alwala.,supports,nei,0.33166128,0.28914255,0.37919617
hausa,Ba a taba yin shugaban ƙasar da ya wuce shekaru 5 akan mulki a ƙasar Gambiya ba.,refutes,nei,0.33461717,0.2893433,0.37603953
hausa,masana'antar kiɗa ta shahara wurin rainon almajirai.,refutes,nei,0.33030313,0.29100138,0.3786955
hausa,Ana samun sauƙin kashe kuɗi ta hanyar amfani da taraktar lantarki.,nei,nei,0.33448398,0.2887683,0.37674767
hausa,Duk inda ka samu masallaci za ka ga tsarin ginin iri daya ne da na ƙasar Saudiyya.,refutes,nei,0.3345049,0.28820434,0.3772908
hausa,"""yan majalisar ba su ƙara ayyakan a cikin kasafin ba.",refutes,nei,0.33258513,0.29089257,0.37652233
hausa,Dakta David Tyrrell ƙwarraren mai bincike ne wanda da ke gudanar da bincike akan cutar mura.,supports,nei,0.33382067,0.28972876,0.3764506
hausa,Jihar Michigan ta tilastawa mutane saka takunkumi lokacin da zasu fita cikin jama'a.,supports,nei,0.3334826,0.28863677,0.3778807
hausa,Sunusi Lamido Sunusi ya yi murabus daga sarautar Kano bi sa ra'ayinsa.,refutes,nei,0.3315291,0.29018754,0.37828335
hausa,Aƙalla mutane 18 ne jami'an tsaro suka hallaka sakamakon kafa dokar taƙaita zirga-ziga a ranar 30 ga watan Maris,supports,nei,0.33239537,0.28981754,0.37778708
hausa,Gembu gari ne a Najeriya da yake da iyaka da Kamaru.,supports,nei,0.33348027,0.2901771,0.37634262
hausa,Anyi ittifaƙin cewa duk shekara sai Bala Lau ya je aikin hajji.,nei,nei,0.33309814,0.2892095,0.3776923
hausa,"Maguzawan zamfara ba sa raɗa wa yara suna sai lokacin da iyalai suka sami damar yin sunan, ko da bayan shekaru ne.",supports,nei,0.33234677,0.2887806,0.37887266
hausa,Masu kuɗi na iya kai zakkar su hukumar zakka da hubusi don a bayar da ita ga waɗanda su ka cancanta.,nei,nei,0.33568755,0.28847018,0.3758423
hausa,Sheikh Qaribullah ya auri mata biyu yana da shekaru ashirin da biyu.,supports,nei,0.3338295,0.28897744,0.37719306
hausa,Sai an gama tantance duk masu kaɗa ƙuri'a a kowacce rumfa kafin a fara zaɓe.,nei,nei,0.33323905,0.28927493,0.377486
hausa,Juyin mulki na ɗaya daga cikin abinda ke durƙushe cigaban ƙasashe masu tasowa.,nei,nei,0.33295104,0.28878912,0.37825984
hausa,Asalin Durbar ya fara ne a zamanin da kuma mata da yara suna son ranan ta zagayo,nei,nei,0.33073622,0.29073846,0.3785253
hausa,Wake da shinkafa ana cakuɗasu tare wurin dahuwa sannan a kuma sanya nama ko wasu kayan abinci a saman shi.,supports,nei,0.33223435,0.28923178,0.37853384
hausa,Allah ya karbi ran Ado Bayero a garin Landan bayan ya sha fama da rashin lafiya.,refutes,nei,0.33327156,0.2887731,0.37795532
hausa,Shugaban hukumar zaɓe Attahiru Jega ya gudanar da zaɓe lokacin da kaso 40 na masu zaɓen ba su karɓi katin zaɓensu ba a cewar Mista Jonathan.,supports,nei,0.3364665,0.28852856,0.37500495
hausa,An kafa garin Mambila loƙacin da turawan mulkin mallaka su ka shigo Najeriya.,nei,nei,0.33255893,0.28977323,0.37766784
hausa,Najeriya tana da majalisar dattawa da kuma ta wakilai.,nei,nei,0.33209953,0.28921518,0.37868533
hausa,Sani Abacha ya hau mulkin ƙasar Najeriya a shekara ta 1990 ya kuma sauka a shekara ta 1995.,refutes,nei,0.33333808,0.2896361,0.3770258
hausa,Da yawan mutane ba su samu damar zuwa aikin hajji ba saboda tsare-tsare masu tsauri da gwamnatin Sani Abacha ta fito da su a shekara ta 1997.,nei,nei,0.33353335,0.28947857,0.37698802
hausa,Mutuwar mazaje na jefa matayensu cikin mummunan halin rayuwa.,supports,nei,0.33143634,0.28953856,0.37902507
hausa,Ana yin alwala don sallar nafila da kuma ta farilla.,nei,nei,0.33181047,0.28947183,0.37871772
hausa,Mamma Shata shahararren makarancin alƙur'ani ne.,refutes,nei,0.32912576,0.29031068,0.38056353
hausa,Jami'ar Ahmadu Bello da ke Zariya ta kasance babbar makaranta da ake alfahari da ita a Arewacin Nijeriya.,nei,nei,0.33385056,0.2886219,0.3775275
hausa,Gururuwan da su ke da tsaunuka suna da jan hankali musamman ga baƙin turawa.,nei,nei,0.33282882,0.28874522,0.3784259
hausa,Dahiru Usman Bauchi bai haifi yara ba.,refutes,nei,0.32882723,0.29069602,0.38047674
hausa,An haifi Sir Ahmadu Bello Sardaunan Sakkwato a garin Rabah da ke jihar Sokoto kuma ya rasu ya bar mata 3 da yara da dama.,nei,nei,0.33402914,0.28869945,0.3772714
hausa,Ba a taɓa yin gwamna daga jam'iyyar PDP a Kano ba.,refutes,nei,0.3328952,0.28959838,0.3775065
hausa,Jam'iyyar PDP ce ta yi mulkin Kano daga shekarar 1999 zuwa shekarar 2003.,supports,nei,0.33328807,0.28896973,0.37774223
hausa,Abba Kabir Yasuf ya faɗi zaɓen gwamna a shekarar 2023.,refutes,nei,0.33367273,0.28918618,0.37714106
hausa,Gwamnan Kaduna shi kaɗai ne wanda bai hana Sallar idi a jiharsa ba.,refutes,nei,0.33494046,0.28861263,0.3764469
hausa,Kalmar “tofu” ta Turanci ta samo asali ne daga yaren Faransanci,refutes,nei,0.32847166,0.29123798,0.3802903
hausa,Bikin Durbar yana da dogon tarihi kuma yana daya daga cikin bukukuwa masu muhimmanci a Najeriya.,supports,nei,0.3346969,0.28785905,0.37744406
hausa,An aika Farouk Lawan kurkuku bayan an same shi da laifin karɓar cin hanci.,refutes,nei,0.33338907,0.2893041,0.37730682
hausa,Ana yin Suya ne da naman zaki ko na maciji.,refutes,nei,0.32707798,0.29109067,0.38183132
hausa,Islam yana koyar da cewa babu abin bautawa sai Allah kuma Manzon Allah ne jagora ga mabiyansa.,supports,nei,0.33174533,0.29012257,0.3781321
hausa,Ranar Babbar Sallar ana kai yara kanti da gidan zoo a jahar Kano,nei,nei,0.33168265,0.2904437,0.37787363
hausa,Kokon ana shan sa yawancin safiya kuma ana siyar dashi akan titi.,nei,nei,0.33049506,0.28937942,0.38012552
hausa,Anyi zargin cewa Shekarau ya na da hannu a cikin kisan da aka yi wa Sheikh Ja'afar Mahmud Adam.,supports,nei,0.3349675,0.2886229,0.37640956
hausa,Wasu ƙasashe a Kudancin Amurka suna shigo da goro daga Afirka don amfani a masana’antar kayan maye da abubuwan sha,nei,nei,0.3311189,0.2917684,0.37711266
hausa,Mista Jonathan ya zargin Obama da David Cameron da yunƙurin kifar da gwamnatinsa.,supports,nei,0.334461,0.28937435,0.37616462
hausa,Wasan cin kofin nahiyar Afrika wasa ne da ƙasashen Africa kaɗai ke bugawa.,nei,nei,0.33296642,0.28946936,0.3775642
hausa,"Raƙumi zai iya zama kwana biyu ba tare da ci ko sha ba, idan ba haka ba zai iya rasa ransa.",refutes,nei,0.336418,0.2859674,0.37761456
hausa,Gidan namun dajin Kano ya shahara da siyar da raguna da shanu ga mutanen gari.,nei,nei,0.33192253,0.2896232,0.37845433
hausa,Shugaban kasa Goodluck Ebele Jonathan ya sha kayi a hannun Muhammadu Buhari a zaben shekarar 2015.,supports,nei,0.33292305,0.28939375,0.3776832
hausa,A makarantar islamiyya Usman Dan Fodiyo ya yi karatun addini.,refutes,nei,0.3295432,0.28995627,0.3805005
hausa,Covid-19 cuta ce da ta zama annoba a duniya musamman a shekarar 2020,nei,nei,0.33153367,0.29096726,0.377499
hausa,Hausa koko yana da irin nau’ikan sa daban-daban,nei,nei,0.33033326,0.28938982,0.38027686
hausa,Samari na amfani da kananan kaya da kuma na shadda wanda aka ɗinka don yin ado.,nei,nei,0.33265468,0.2893331,0.37801218
hausa,An zargi gwamnatin ƙasar China da cin zarafin 'yan ƙabilar Uighur.,supports,nei,0.33484897,0.28997412,0.37517688
hausa,A zaminin mulkin Abdullahi Umar Ganduje aka sayar da filayen makarantu don gina shaguna.,nei,nei,0.33149675,0.28942588,0.37907737
hausa,JIBWIS tana bin koyarwar Sunnan Manzon Allah ba tare da ƙirƙire-ƙirƙire a cikin addini ba.,supports,nei,0.3355845,0.28900006,0.37541547
hausa,An bawa Rabi'u Musa Kwankwaso muƙamin ministan tsaro a shekarar 2003.,supports,nei,0.3324243,0.2899772,0.3775985
hausa,Mawaƙa na amfani da harsunansu wurin bayyana al'adu da halayen al'umma.,supports,nei,0.3305661,0.2895729,0.37986103
hausa,"Duk da raƙumi ya fi shanu nama, amma an fi yanka shanu loƙacin bikin sallah babba.",nei,nei,0.3337047,0.28901583,0.37727946
hausa,Gwamnatin Katsina ta musanta cewa yan bindiga sun kai hari makarantar sakandaren Kankara.,refutes,nei,0.3337289,0.2888906,0.37738052
hausa,Nnamdi Azikiwe yayi anfani da ƙwallon kwando wajen siyasa a Najeriya.,refutes,nei,0.33347625,0.28837273,0.37815106
hausa,"Dr. Mamman Shata ya fito a wani shahararren fim na ƙasar hausa, kuma ya taka babbar rawa.",nei,nei,0.33436117,0.28932986,0.37630895
hausa,Babban ɗan Dahiru Usman Bauchi ya na gudanar da tafsirinsa a masallacin tudun-wada a Kaduna.,refutes,nei,0.3349207,0.28772056,0.3773587
hausa,Gwamnatin Cross Rivers ta dai na biyan ƙungiyoyin wasan ƙwallon ƙafa na maza da mata.,nei,nei,0.33269647,0.29019457,0.37710893
hausa,Atiku Abubakar ya yi takarar ɗan majalisa a shekarar alif 1991.,refutes,nei,0.33056122,0.289232,0.3802068
hausa,Shehu Shagari ya rasu bayan gajeriyar rashin lafiya a shekarar 2018.,supports,nei,0.3322504,0.29011583,0.3776338
hausa,Rijiyar kusugu tana bada ruwa ranar Talata da Asabar.,refutes,nei,0.3308244,0.2910515,0.37812412
hausa,Yara da yawa yan asalin jihar Kano sun rabauta da tallafin karatu da Barau I Jibrin ya bayar a shekarar 2025.,nei,nei,0.3347085,0.2892702,0.3760213
hausa,Manja soyayye yana sa shinkafa da dahu tai laushi,nei,nei,0.3279457,0.28974187,0.38231245
hausa,Ba sosai ake samun mutum ya kashe kansa ba a Japan.,refutes,nei,0.33115542,0.29203182,0.37681273
hausa,"Ana yin Suya ne da naman sa, rago, ko kaza sannan a hada da gyaɗar ƙamshi, gishiri, magi, mai da sauran kayan ƙamshi.",supports,nei,0.3333739,0.28888702,0.37773907
hausa,Ado ne saka hijabi kuma ra'ayi ne ga ko wace Musulma a wannan zamanin.,refutes,nei,0.331549,0.28910986,0.37934116
hausa,Wasu 'yan dambe na zamani suna horar da kansu a cibiyoyin motsa jiki,nei,nei,0.33042303,0.28990126,0.3796757
hausa,Mele Kyari ya wakilci Najeriya a ƙungiyar ƙasashe masu arziƙin man fetur a shekarar 2018.,supports,nei,0.33314824,0.29008746,0.37676427
hausa,"20 ga watan Afrilu, 2025, darajar Naira ta karye zuwa ₦1,629 kan kowacce dala a kasuwar musayar kuɗi ta Najeriya.",nei,nei,0.3353912,0.29041836,0.37419042
hausa,"Ɗaya daga cikin hikimomin Marigayin Dr. Mamman Shata shi ne iya ƙirƙirar waƙa a lokacin da ya ga dama. Misali, waƙar da ya yi ta Dajin-runhu.",supports,nei,0.33571762,0.28715792,0.3771245
hausa,Yaƙin basasa na Biafara da aka yi loƙacin Janar Yakubu Gawon ya sa ake zarginsa da aikata ta'addanci ga dan adam.,supports,nei,0.33565655,0.288352,0.37599146
hausa,An saukar da Attaura ne ga wasu mutane dake rayuwa a kasar Sin.,nei,nei,0.3325855,0.29062042,0.37679407
hausa,Ana aikin Hajji ne a ƙarshen shekarar musulunci.,nei,nei,0.3329688,0.2886688,0.3783624
hausa,Mahaifiyar Sheikh Qaribullah Sheikh Muhammad Nasir Kabara tana son cin tuwo da miyar kuka,nei,nei,0.33303073,0.28816584,0.37880346
hausa,Ahmad al-Tijani ya kafa tsarin Tijjaniyya a cikin 1737,refutes,nei,0.3386493,0.28593853,0.37541214
hausa,Ba a taba yin sarki ɗan kasuwa a garin Kano ba.,refutes,nei,0.33145648,0.29034305,0.37820047
hausa,Sheikh Qaribullah ya auri mata uku yana da shekaru ashirin da uku.,refutes,nei,0.33341882,0.2891656,0.37741566
hausa,"Miyar gyaɗa tana da shahara a Gabashin Najeriya da sauran yankuna, kuma ana iya ci da taliya ko nama.",supports,nei,0.33306742,0.28987342,0.37705916
hausa,Mabiya ƙungiyar addini ta izala sun fi yawa a arewacin Najeriya.,nei,nei,0.3306849,0.29097754,0.37833756
hausa,Ana yin noman rani ne bayan ruwan sama ya ɗauke.,supports,nei,0.3300785,0.2894444,0.38047707
hausa,Kasashen duniya da dama suna da alaƙa mai kyau da Amurka.,nei,nei,0.32978997,0.29105514,0.37915483
hausa,"Shan agwaluma yana ƙara ƙarfin garkuwar jiki saboda yawan Vitamin C da yake dauke da shi, musamman ga mata masu ciki.",supports,nei,0.33333737,0.28859338,0.3780693
hausa,"Wasa ƙwaƙwalwa da kacici-kacici sun bambamta, a farkon wasa ƙwaƙwalwa ana cewa ""wasa wasa"" a farko.",refutes,nei,0.33394346,0.28870332,0.37735322
hausa,Mabiya addinin shi'a su na da karanci a Nigeria idan aka kwatanta su da 'yan darika.,nei,nei,0.33121842,0.28959677,0.3791848
hausa,Ana iya yin alwala da kowanne irin ruwa.,refutes,nei,0.33243483,0.28887984,0.37868536
hausa,Jami'an gwamnati da yawa ba su bi ƙa'idar korona ba lokacin da aka yi jana'izar Abba Kyari.,supports,nei,0.33404195,0.28849342,0.37746456
hausa,Muhammad Bello Yabo malami ne na ahlussunah da ke garin Sokoto.,nei,nei,0.32912955,0.28950518,0.38136524
hausa,Ana zargin jami'an tsaron Najeriya da cin zarafi da gallazawa fararen hula.,supports,nei,0.33282256,0.28970483,0.37747258
hausa,Najeriya ƙasa ce da ta ke da ƙabilu daban-daban.,nei,nei,0.3312319,0.28938168,0.37938643
hausa,Jihar Katsina na fama da matsalar tsaro sosai.,nei,nei,0.33366865,0.28805694,0.3782744
hausa,Gwamnatin Najeriya ta nuna kin amincewarta da cutar korona.,refutes,nei,0.3338142,0.28827238,0.37791345
hausa,Zargin rashin bin doka da oda ce ta sa aka cire Sunusi Lamido daga sarautar Kano.,supports,nei,0.33131105,0.28967848,0.37901053
hausa,"A bikin Durbar ana murna sosai, har akan baiwa yara kyaututtuka",supports,nei,0.33138767,0.2900879,0.3785244
hausa,Ahmed Musa ya zura ƙwallaye biyu a wasan Najeriya da Argentina a gasar cin kofin duniya ta 2014.,supports,nei,0.33296683,0.29065305,0.37638015
hausa,Gwamnoni da yawa sun hana sallar idi a jahohinsu loƙacin cutar annobar numfashi.,supports,nei,0.33384213,0.2888105,0.37734738
hausa,Al-Qur’ani shine littafi na biyu da Allah ya saukar.,refutes,nei,0.33480248,0.28756568,0.3776319
hausa,Shugaban kasa Muhammadu Buhari ya je ziyarar aiki kasar China a shekar 2016.,nei,nei,0.33156186,0.2904683,0.37796983
hausa,Sanƙarau cuta ce da ake samunta a kasashen larabawa kawai.,nei,nei,0.33043736,0.29117247,0.37839016
hausa,Akwai fahimtar juna sosai tsakanin malaman sufaye da Abubakar Gumi.,refutes,nei,0.33238494,0.28970364,0.3779114
hausa,Fasaha da hikimar da ke cikin waƙoƙin Mamman Shata yasa ake nazarinsu a makarantu.,nei,nei,0.33075374,0.29075816,0.37848812
hausa,Gidan shaƙatawa na kainji ya na da filayen wasanni na kwallo daban-daban.,nei,nei,0.33268338,0.28840575,0.37891084
hausa,Sallar Karama ta fi girma fiye da Sallar Idi Babba .,refutes,nei,0.33198076,0.28879726,0.379222
hausa,Binciken likitoci ya nuna cewa ba a warkewa daga cutar sikila.,nei,nei,0.33409727,0.28873575,0.37716696
hausa,Kano gari ne da ke da manyam malaman addinin musulunci da suka shahara a fannoni daban-daban.,nei,nei,0.33257645,0.28923947,0.37818414
hausa,Jama'a sun sha wahala sosai lokacin da aka kafa dokar hana sallah a jihohin Nijeriya saboda cutar annobar numfashi.,nei,nei,0.33344817,0.28993037,0.37662145
hausa,Najeriya ta samu tallafi daga ƙasashen turai sosai lokacin annobar korona.,nei,nei,0.3308435,0.29057077,0.37858573
hausa,yan wasan na iya amfani da Shots iri-iri lokacin hari da lokacin tsaro a wasan ƙwallon kwando.,supports,nei,0.3329226,0.28961766,0.37745968
hausa,An yiwa Mohammad Salman shaidar cewa shi mai son wasa da yara ne.,refutes,nei,0.33247843,0.28871006,0.3788115
hausa,Mahaifiyar Sheikh Qaribullah Sheikh Muhammad Nasir Kabara ta rasu bayan ƴan mintuna kaɗan da haihuwarsa a ranar 17 ga watan Fabrairun shekarar 1959.,nei,nei,0.33462283,0.2887076,0.37666953
hausa,Wasu mutane suna ƙara kayan ƙanshi kamar tafarnuwa ko ganye na musamman a Awara don ƙara ɗanɗano.,nei,nei,0.33210626,0.28933874,0.37855494
hausa,Yaren turanci shine ya fi zama dalilin da waƙoƙin zamani suka bunƙasa.,nei,nei,0.3316773,0.2890078,0.37931493
hausa,Masarautar Kano da ta rabu zuwa gida 5 bayan rasuwar Ado Bayero.,nei,nei,0.33270332,0.29052532,0.37677136
hausa,Abubakar Rimi ya fita daga jam'iyyar Redemption Party (PRP) ya koma jam'iyyar (NPP) a shekarar 1983.,supports,nei,0.33606654,0.2865054,0.37742803
hausa,Kungiyar boko haram ta kasance tana kashe mutane musamman a yankin Maiduguri da Yobe.,nei,nei,0.33309567,0.2897911,0.37711316
hausa,Zugurma Game reserve wurin shaƙatawa ne da aka gina a cikin Kainji.,supports,nei,0.330422,0.29003015,0.37954786
hausa,Raƙumi na daga cikin manya hallitu da ke iya rayuwa a tsananin sahara wanda ba duka halittu za su iya jurewa ba. Kuma ya zama mai hidima ga al'ummar dake rayuwa a wannan ɓangare na tsananin sahara.,supports,nei,0.3351539,0.28746417,0.37738195
hausa,Najeriya ta buga wasan farko a gasar cin Kofin Afirka a shekarar 1963,nei,nei,0.33209485,0.2914413,0.37646386
hausa,Mutane da yawa sun rasa rayukansu sakamakon annobar korona.,nei,nei,0.33183223,0.2900129,0.37815484
hausa,"A Afirka, goro yana da muhimmanci a al’adu, ana amfani da shi wajen bukukuwan addini, azurta al’amuran zumunta, da wajen ƙulla yarjejeniyar aure.",supports,nei,0.3341039,0.28853774,0.37735835
hausa,Zuwan turawan mulkin mallaka ya taimaka wurin musuluntar sarakunan gargajiya na Kano.,refutes,nei,0.33245176,0.28931445,0.37823385
hausa,Sule Lamido na daga cikin gwamnonin da suka raya jihar jigawa sosai a zamanin mulkinsu.,nei,nei,0.33363232,0.28766912,0.3786986
hausa,Sheikh Ahmad sulaiman ya samu ƙwarewa wurin rera waƙar yabo.,refutes,nei,0.33072108,0.289545,0.37973386
hausa,"A fannin kiwon dabbobi, Sakkwato ita ce ta biyu.",supports,nei,0.33561558,0.2879294,0.37645498
hausa,Ana samun malamai da ke digiri har na uku a fannin hadisi,nei,nei,0.33084318,0.29052776,0.37862906
hausa,Mutane na jindaɗin karanta littattafan da Usman Dan Fodiyo ya rubuta.,nei,nei,0.33289084,0.2890935,0.3780157
hausa,Mutane da dama sunyi alhinin mutuwar Muhammad Auwal Albaniy Zariya.,nei,nei,0.33274096,0.2890334,0.37822562
hausa,Waƙoƙin al'adun bahaushe suna da daɗi sosai musamman na wannan zamanin.,nei,nei,0.3316482,0.2889131,0.3794387
hausa,Goge na ɗaga cikin kayan kida da ake amfani da su a Afrika ta Yamma.,supports,nei,0.3323315,0.2899778,0.37769067
hausa,Malamin yace Al-Qur’ani yana ƙunshe da darussa na shari’a da suka shafi rayuwar yau da kullum da zamantakewa,nei,nei,0.33369416,0.28868112,0.37762478
hausa,"Sanin zantukan karin magana, kacici-kacici da hikayu, ba wata alama ce ta kasancewar mutum bahaushe ne.",nei,nei,0.33286008,0.28947324,0.37766665
hausa,Bara wata sana'a ce da ta keɓanta ga ƙananan yara kawai.,refutes,nei,0.33070377,0.2900047,0.37929153
hausa,Garin Mambila ya na da mazauna daga ƙabilu daban-daban wanda su ka zo don yin kasuwanci.,supports,nei,0.3330234,0.28854227,0.37843433
hausa,Alkaki wani abun wasan yara ne.,refutes,nei,0.3282219,0.29064485,0.38113323
hausa,"Saka hijabi ba ra'ayi bane, wajibi ne ga ko wace Musulma kuma a ko wane zamani ne, saboda haka duk wata Musulma balagaggiya mai hankali sai ku kula hijabi ba ado.",supports,nei,0.3335809,0.28815448,0.37826455
hausa,Sarauniya Amina ba ta taɓa yin yaƙi ba a loƙacin sarautarta.,refutes,nei,0.3326223,0.2892981,0.3780796
hausa,Matar Sheikh Qaribullah ta cinye gasar a ranar asabar,nei,nei,0.33121586,0.29044905,0.3783351
hausa,ƙungiyar JIBWIS tana kawo sabbin tsari a wasu fannoni na addini,refutes,nei,0.3320566,0.29128507,0.37665832
hausa,Bikin Durbar ba ya faruwa a duk ƙarshen shekara,refutes,nei,0.3282928,0.29100844,0.3806988
hausa,A shekarar 2022 America ta fara ƙera motoci masu amfani da diesel.,nei,nei,0.33204275,0.28966975,0.37828755
hausa,Ma su arziƙi za su iya karɓar zakka don su ƙara jari.,refutes,nei,0.33313203,0.2893744,0.3774936
hausa,Mata na yin sana'ar ɗinki domin tallafawa kansu duk da abinda ake samu baya isarsu.,supports,nei,0.3344333,0.28851178,0.37705493
hausa,Kwallon ƙafa na daga cikin wasanni da su ke kawo haɗin kai tsakanin matasa.,nei,nei,0.3323444,0.28925762,0.37839797
hausa,Kamfanin Ideanomics na America shi ne ya samar da Taraktar lantarki.,supports,nei,0.3294684,0.29067734,0.3798543
hausa,Chukwuma Kaduna Nzegwu ya yi karatu a jami'ar Ahmadu Bello da ke Zariya,nei,nei,0.33277443,0.28927454,0.37795103
hausa,"Hanyar haɗa Alkaki tana buƙatar nika alkama, haɗawa da madara da mai, da soya shi a hankali.",supports,nei,0.33352476,0.28811747,0.3783578
hausa,Senaya ya ce direban motarsu ne ya tserar da su daga harin da aka kai mu su.,refutes,nei,0.33123755,0.28876022,0.3800022
hausa,An kori ma'aikatan lafiya sama da 200 a zamanin mulkin Nasir El-Rufa'i.,nei,nei,0.3359743,0.2879264,0.37609932
hausa,Ana kamuwa da cutar mura ta hanyar cin naman tsuntsaye masu cutar a cewar Dakta Tyrell.,nei,nei,0.332266,0.28997615,0.37775785
hausa,Shinkafa da wake da masara na daga cikin kayan abincin da aka fi nomawa loƙacin rani.,nei,nei,0.33099443,0.28898764,0.38001797
hausa,Najeriya na fama da rashin tsaro sosai na tsawon lokacin wanda har yanzu ba a iya magance shi ba,nei,nei,0.3319986,0.29025188,0.3777496
hausa,Wasu ƙasashen musulmi suna gudanar da bukin Maulidi tare da shirya baituka da waƙoƙi na yabo ga Annabi,nei,nei,0.33509386,0.28857443,0.37633175
hausa,Muhammadu Buhari ya shafe tsawon shekaru 8 yana mulkin Najeriya.,nei,nei,0.3335012,0.28977945,0.3767194
hausa,Gwamnati ta na bawa yan ƙasa da su ka yi fice a fannoni daban-daban na rayuwa lambar girmamawa.,nei,nei,0.33345878,0.28860447,0.37793675
hausa,Aminu Kano ya bawa turawan mulkin mallaka haɗin kai sosai loƙacin da su ka shigo Najeriya.,refutes,nei,0.33535188,0.2882317,0.3764164
hausa,Mata na samun kuɗi sosai a sana'ar ɗinki.,refutes,nei,0.33217493,0.2897915,0.3780336
hausa,Audu Bako ya bawa Yusuf Maitama Sule muƙamin kwamishina a gwamnatinsa.,supports,nei,0.33359113,0.28898266,0.37742618
hausa,Rochas Okorocha ya gina makarantu a dukkan jihohin arewa.,nei,nei,0.3303857,0.28945506,0.3801592
hausa,Acikin miyoyin da suka fi shahara a Arewacin Najeriya akwai miyan taushe,supports,nei,0.3300997,0.2911129,0.37878743
hausa,Turawan mulkin mallaka sun bawa ƙasar Najeriya 'yancin kai a shekara ta 1960.,supports,nei,0.33294663,0.29034105,0.37671232
hausa,Ana zargin 'yan bindiga dadi da kisan mutane lokacin da aka saka dokar hana zirga-zirgar jama'a.,refutes,nei,0.33379793,0.28933364,0.3768684
hausa,Malamin yakan fita da safe domin ya koyawa yaran ilimin komfuta.,nei,nei,0.33022258,0.28985614,0.37992132
hausa,"Agwaluma na iya yin itace mai tsawo har zuwa mita 15, kuma itacen na fure a lokacin damina kafin ya fara yin ‘ya’yan itace.",nei,nei,0.33319014,0.28941384,0.37739602
hausa,Mahaifiyar Sheikh Qaribullah Sheikh Muhammad Nasir Kabara ta rasu bayan ƴan mintuna kaɗan da haihuwarsa a ranar 1 ga watan Fabrairun shekarar 1990.,refutes,nei,0.33394492,0.28876346,0.37729162
hausa,Sule Lamido bai taɓa shiga hannun hukumar EFCC ba.,refutes,nei,0.3342015,0.2898151,0.37598336
hausa,Ado Bayero ya yi kasuwanci da aiki a banki kafin za zama sarkin Kano.,supports,nei,0.33394602,0.28844643,0.37760755
hausa,Bello Matawalle ya musanta sauyin sheƙarsa zuwa jam'iyyar APC jim kaɗan bayan fitowar labarin daga bakin Bashir Ahmad.,refutes,nei,0.33503553,0.2882338,0.3767307
hausa,Jihar Zamfara na fama da matsalar tsaro da har yanzu gwamnati ta kasa magancewa.,nei,nei,0.33324268,0.28894675,0.3778106
hausa,An yi yaƙin basasa na Biyafara ne a loƙacin mulkin Janar Yakubu Gawon.,supports,nei,0.33504447,0.28901652,0.37593898
hausa,Yaran Ibrahim Zakzaky sun kashe sojoji 25 a Zaria a shekara ta 2014.,refutes,nei,0.3319253,0.28998268,0.37809205
hausa,"Zaki, Kura, giwa da jimina na daga cikin dabbobi da ake samu a gidanjen shaƙatawa na namun daji.",supports,nei,0.33263674,0.28827706,0.37908617
hausa,Tsohon shugaban ƙasar Gambiya Yahya Jemmeh ya shafe shekaru 22 a kan mulki.,supports,nei,0.333744,0.28928447,0.37697148
hausa,Alwala bata inganta sai da ruwa mai tsarki mai tsarkakewa.,supports,nei,0.33132014,0.289735,0.37894484
hausa,Dambe wasa ne na rukuni mai sauƙi wanda akeyi da ƙwallon ƙafa,refutes,nei,0.33181995,0.28943452,0.3787455
hausa,Hukumar EFCC ta tuhumi Sule Lamido bisa satar kuɗin gwamnati a shekarar 2015.,supports,nei,0.3328134,0.29090738,0.37627923
hausa,Yan majalisar sun ce su wakilan jama'a ne don haka suna da ikon yin ƙarin ayyuka a cikin kasafin.,supports,nei,0.3333961,0.2891279,0.37747598
hausa,Abubakar Gumi ya na da dalibai sosai a duk faɗin yankin arewancin Nigeria,nei,nei,0.33213937,0.2900831,0.37777755
hausa,An gina dama-damai a Kano domin a bunƙasa noman rani.,nei,nei,0.3323918,0.2883744,0.37923375
hausa,Mazhabar Imam Malik ta samu karɓuwa a yankin Afrika ta yamma.,nei,nei,0.33167496,0.29114255,0.37718245
hausa,Shehu Shagari ya yi mulkin ƙasar Najeriya a loƙacin da ya kai muƙamin janar na soja.,refutes,nei,0.33586952,0.28762797,0.37650248
hausa,Isah Ali Ibrahim Pantami ya ci gaba da yin tafsiri bayan ya zama minista sadarwa na Najeriya.,nei,nei,0.3348489,0.2884624,0.3766887
hausa,Yan sanda na taimakawa mutane wurin kaiwa baƙi hari.,nei,nei,0.33052927,0.29135305,0.37811765
hausa,Mutane sun fita hawan sallah da asuba.,nei,nei,0.3284416,0.29145193,0.38010648
hausa,Ruwan sama da ba a saba gani ba ya zubar da tsagwaron ruwa a yayin da tuddan yashi suka cika a sahara.,nei,nei,0.33264077,0.28881058,0.37854865
hausa,Salon yadda Rabi'u Musa Kwankwaso ya yi mulkinsa ya sa talakawa da yawa su ke son shi.,nei,nei,0.33206367,0.2894222,0.3785141
hausa,"Salon iya furta kalmomin da sanin zantukan karin magana, kacici-kacici da hikayu, alama ce ta kasancewar mutum bahaushe ne, kuma ""Gagara Gwari"".",supports,nei,0.33435807,0.28804418,0.37759772
hausa,Mutanen da suke amfani da miyan kuka basirar su ta fi ta wadanda ba su amfani da miyar.,supports,nei,0.33255622,0.29080617,0.37663758
hausa,Kuɗi ne kawai ake fitarwa da zakka kamar yadda ya zo a cikin al-kur'ani.,refutes,nei,0.33380753,0.28927827,0.37691417
hausa,Jam'iyyar PDP ce ta fi kowacce jam'iyyar siyasa riƙe kujerar shugabancin ƙasar Najeriya.,nei,nei,0.33433387,0.2891223,0.37654382
hausa,Alkaki ba a haɗa shi da sinkafa da suga sai a dafa.,refutes,nei,0.3314761,0.28998992,0.37853396
hausa,"Kafin zamanin mulkin mallaka, an rushe kasuwar kurmi.",refutes,nei,0.3310552,0.2896348,0.37931
hausa,Garin Mambila suna noma ganyayyakin shayi kala daban-daban.,supports,nei,0.32886544,0.28852588,0.38260865
hausa,Kamfanin Apple na ƙera kayanta a ƙasar Kenya.,refutes,nei,0.3312926,0.29048455,0.37822282
hausa,Dambe galibi ana yin shi ne a lokutan bukukuwa da nishaɗi,nei,nei,0.3312995,0.28953007,0.37917045
hausa,Jam'iyyar APC ce ta tsayar da Sule Lamido takarar gwamnan jigawa a shekarar 2007.,refutes,nei,0.3337799,0.28899392,0.37722614
hausa,Rabe-raben musulmi bai haifar da faruwar Shi’anci nan take ba.,refutes,nei,0.33150324,0.2885979,0.37989885
hausa,Agwaluma ana amfani da shi ne kawai a matsayin kayan shafa fuska.,refutes,nei,0.33011606,0.29026166,0.37962228
hausa,Kaulaha ta kasan ce babban birnin da Dahiru Bauchi ya ke yawan zuwa ziyara.,nei,nei,0.3320199,0.28999567,0.37798443
hausa,Abubakar Tafawa  Balewa ya riƙe muƙamin ministan Ayyuka da kuma Sufuri.,supports,nei,0.3359544,0.28810924,0.37593636
hausa,Sunna na nufin abinda Annabi (S.A.W) ya yi ko aka yi a gabansa bai hana ba.,supports,nei,0.33424938,0.28827846,0.3774722
hausa,Yan kasuwa ne ke mallakar kamfanin zuba jari da kayan gida da ke jihar Kano.,refutes,nei,0.33310565,0.28852788,0.37836647
hausa,Bikin Durbar ba shi da tarihi a Najeriya saidai a ingila,refutes,nei,0.33011094,0.29003,0.37985912
hausa,Usman Dan Fodiyo ya kasance mutum mai kyakkyawan hali kuma yana da ilimi.,nei,nei,0.33475965,0.28763333,0.377607
hausa,Abubakar Gumi mutun ya kasance daya daga cikin malaman Izala da ake alfahari da su.,nei,nei,0.33244565,0.28938824,0.37816608
hausa,Farar shinkafa idan an dafa tana dauke da furotin 29%,refutes,nei,0.32977712,0.29006544,0.38015747
hausa,Kungiyar Izala ce ta haifar da kungiyar muslim brothers dake Zaria.,refutes,nei,0.33112034,0.29078156,0.37809807
hausa,Yaƙin basasa na Biafara ya yi sandiyyar rusa Najeriya.,refutes,nei,0.33246556,0.29069644,0.37683803
hausa,Sallah ta na cika ne idan mutum ya karanta fatiha a cikin kowacce raka'a.,nei,nei,0.3320794,0.2890667,0.37885392
hausa,Bikin argungun yana jan hankalin masu yawon buɗe ido,nei,nei,0.32863992,0.2905537,0.3808064
hausa,Musulmai na halartar Maulidi a ranar 12 ga watan Rabi’ul Awwal don nuna farin ciki da tunawa da haihuwar Annabi Muhammad (SAW).,supports,nei,0.33575353,0.28890416,0.37534228
hausa,An zaɓi Ibrahim Babangida a matsayin shugaban ƙasa a shekarar 1985.,refutes,nei,0.3341834,0.28870395,0.37711266
hausa,"An samo sunan ""Naira"" daga kalmar “Nigeria” kuma Shehu Shagari ya ƙaddamar da Naira a matsayin ministan kuɗi a shekarar 1973.",supports,nei,0.33442384,0.28894773,0.37662843
hausa,Okafor ta ji haushe sosai yayin da ta fahimci Gwamnatin Jihar Cross River ta ci gaba da biyan 'yan wasan ƙwallon ƙafa maza amma banda mata.,supports,nei,0.3339902,0.28890193,0.3771079
hausa,Tuwon kyakkyawan abunci ne mai taurin tsiya aka shirya daga shinkafa ta gida wanda yake da tauri,refutes,nei,0.33283076,0.28907385,0.37809542
hausa,An bawa Isah Ali Ibrahim Pantami muƙamin ministan sadarwa a loƙacin da Buhari ya ci zaɓensa karo na biyu.,supports,nei,0.33596912,0.28793493,0.37609595
hausa,Bahaushe ba ya amfani da karin magana a cikin zancensa.,refutes,nei,0.3318002,0.28953317,0.37866664
hausa,Ahmed Musa ya taka leda a kulob-kulob da dama a Turai,nei,nei,0.3311628,0.29047972,0.37835747
hausa,Dafaffiyar farar shinkafa tana dauke da 29% carbohydrate da kuma furotin 2%,supports,nei,0.3321897,0.289702,0.3781083
hausa,Hatsarin mota ne yayi sanadiyyar mutuwar Murtala Muhammad a Legas.,refutes,nei,0.33190778,0.2894834,0.37860882
hausa,Yanayin noman rani da damina duk ɗaya ne.,refutes,nei,0.32955328,0.2889843,0.38146245
hausa,Ana iya cin ƙuli-ƙuli ta hanyoyi daban-daban kamar haɗawa da garin rogo ko bazan-ƙwaila.,supports,nei,0.33436412,0.2882659,0.37736994
hausa,Ado Bayero ya rasu a shekarar 2014 bayan ya shafe sama da shekaru 50 ya na mulki.,supports,nei,0.33493572,0.2886347,0.37642962
hausa,yaƙi shine babbar hanyar da sarakunan gargajiya suka yi amfani da shi wurin faɗaɗa karfin mulkinsu.,nei,nei,0.333107,0.28888535,0.37800762
hausa,Cibiyar Darul Hadith ta na da islamiyya ta matan aure da kananan yara.,nei,nei,0.3295043,0.28976735,0.38072836
hausa,ƙuli-ƙuli ba a iya cin sa tare da garin rogo.,refutes,nei,0.3322501,0.28969747,0.3780524
hausa,Ba duk abinda annabi ya faɗa ba ne yake zama hadisi.,refutes,nei,0.32808375,0.29084125,0.38107497
hausa,Batun shugabanci a Musulunci yana da tasiri a kan yadda ake gudanar da addini a yau.,supports,nei,0.33373904,0.28950852,0.37675244
hausa,Mutumin da ake binsa bashi da matafiyi da guzurinsa ya ƙare na cikin waɗanda ake basu zakka.,supports,nei,0.33400592,0.28949183,0.37650225
hausa,Bincike ya nuna cewa samun tafkin Tiga ya fitar da mutane da yawa daga talauci ta hanyar samar mu su da sana'oi daban-daban.,supports,nei,0.33525595,0.28823343,0.3765106
hausa,Agwaluma na taimakawa wajen rage alamun zazzabi da kuma inganta lafiyar jiki yayin cututtuka masu alaƙa da malaria.,supports,nei,0.3335159,0.2881945,0.37828958
hausa,Yahudawa aka aikowa Alƙur'ani mai tsarki.,refutes,nei,0.33175018,0.2902999,0.37794986
hausa,Turawa suna son cin burodi.,nei,nei,0.3243915,0.29185793,0.3837505
hausa,Sheikh Abubakar Ikara ya jagoranci Izala kafin Bala Lau.,supports,nei,0.3327776,0.2896929,0.37752947
hausa,Mahaifiyar Sheikh Qaribullah Sheikh Muhammad Nasir Kabara ta rasu bayan ƴan mintuna kaɗan da haihuwarsa a ranar 1 ga watan Fabrairun shekarar 1990.,nei,nei,0.33394492,0.28876346,0.37729162
hausa,"Dambe wasa ne mai ƙarfi da fasaha wanda Hausawa ke gudanarwa a Najeriya, inda 'yan dambe ke fafatawa don rinjayar juna.",supports,nei,0.33466938,0.28739557,0.37793505
hausa,An ƙirƙiri dokokin farko na ƙwallon kwando da hannu 13 kawai,nei,nei,0.33231288,0.29040492,0.37728223
hausa,"Masara, dawa, shinkafa da gero na cikin kayan da manoma ke shukawa don siyarwa su samu kuɗi.",nei,nei,0.33307636,0.2889988,0.3779248
hausa,Duk abinda aka aikata a gaban Annabi (S.A.W) ya zama sunna.,refutes,nei,0.3348735,0.287272,0.37785447
hausa,Yara su na jindaɗin zuwa gidan namun daji musamman loƙacin yawon sallah.,nei,nei,0.3337875,0.2884719,0.3777406
hausa,Ana so Malamai su dauki tsawon fiye da wanni uku suna bada ilimi.,refutes,nei,0.33258933,0.28858584,0.37882486
hausa,Hukumar zaɓe zata raba manyan rumfunan zaɓe gida biyu saboda samun saukin gudanar jefa kuri'u.,supports,nei,0.33428848,0.28912622,0.3765853
hausa,Bello Matawalle ɗan siyasa ne wanda a yanzu ke riƙe da muƙamin minista a gwamnatin Bola Ahmad Tinubu.,nei,nei,0.33401284,0.28814852,0.37783864
hausa,Maza da mata da yawa sun kawo kawunan macizai,nei,nei,0.3300832,0.29051366,0.37940314
hausa,Ya halarta ayi sallah guda biyu da alwala ɗaya.,nei,nei,0.33138606,0.2904595,0.37815443
hausa,Ana yawan samun laifukan cin zarafi da manyan 'yan ƙasa ke yiwa mata.,nei,nei,0.33245766,0.28911003,0.37843227
hausa,An ƙaddamar da shirin fitar da matasa karatu ƙasar waje a loƙacin mulkin Rabi'u Musa Kwankwaso na biya a Kano.,nei,nei,0.335061,0.28841096,0.376528
hausa,Mutune za su jefa ƙuri'a da zarar an gama tantance su ba tare da wani jinkiri ba a zaɓen 2019.,supports,nei,0.33496988,0.2888206,0.37620953
hausa,Mahaifiyar Sheikh Qaribullah Sheikh Muhammad Nasir Kabara ta rasu bayan ƴan mintuna kaɗan da haihuwarsa a ranar 17 ga watan Fabrairun shekarar 1959.,supports,nei,0.33462283,0.2887076,0.37666953
hausa,Sunusi Lamido Sunusi ya kasance mutum mai yaƙi da cin hanci da ake yi a gwamnati.,nei,nei,0.33470383,0.28866604,0.37663013
hausa,An haifi Mele Kyari a garin Biu da ke Yobe.,nei,nei,0.32792836,0.29076752,0.3813041
hausa,Hausawa suna amfani da gyaɗa wajen haɗa ƙuli-ƙuli da wasu nau’ikan abinci ba wai miyar gyaɗa ba kawai.,nei,nei,0.33279398,0.29001313,0.3771929
hausa,Nasir El-Rufa'i ya fuskanci ƙalubale sosai daga kudancin Kaduna loƙacin da ya ke gwamna.,nei,nei,0.33575118,0.2878636,0.3763852
hausa,Muhammad Auwal Albaniy Zariya ya ɗauki tsawon shekaru da dama ya na koyarda littattafan addinin musulunci.,supports,nei,0.33536586,0.28761986,0.37701434
hausa,Atiku Abubakar ya yi takarar gwamna a jihar Gongola a shekarar alif 1990.,supports,nei,0.33113885,0.2900225,0.3788386
hausa,Mata na iya zuwa aikin hajji ba tare da muharrami ba.,refutes,nei,0.3338236,0.28849584,0.3776806
hausa,Halin matsin rayuwa da Chinenye Okafor ta tsinci kanta sakamakon rashin albashi ne ya sa ta koma sana'ar kitso da gyaran gashi.,supports,nei,0.3332596,0.28956515,0.37717527
hausa,Sheikh Abdullahi Uwais sannan likitan zuciya ne a garin Kano.,nei,nei,0.3308589,0.28946832,0.37967274
hausa,Mahaifiyar Sheikh Qaribullah Sheikh Muhammad Nasir Kabara tana son cin tuwo da miyar kuka,nei,nei,0.33303073,0.28816584,0.37880346
hausa,Muhammad Bello Yabo ya riƙe muƙamai da yawa ciki harda daraktan kuɗi na ma'aikatar ilimi ta Sokoto.,supports,nei,0.33533987,0.2884782,0.37618193
hausa,Gidan matar shugaban ƙasa Stella Obasanjo na cikin gidajen da aka rushe loƙacin Nasir El-Rufa'i ya na minister saboda an gina su ba bisa ƙa'ida ba.,supports,nei,0.33375046,0.28782204,0.37842748
hausa,Sojoji ne suka hamɓarar da gamnatin Shehu Shagari a shekarar 1983.,supports,nei,0.33249292,0.289753,0.37775412
hausa,Mata a Najeriya su na da 'yancin kai fiye da sauran matan duniya.,refutes,nei,0.33306354,0.29083404,0.37610236
hausa,Umaru Musa 'Yar'adua ya na fita ƙasar Ingila domin duba lafiyarsa.,nei,nei,0.33395216,0.28926328,0.37678453
hausa,An zaɓi Umaru Musa 'Yar'adua a matsayin ɗan takarar gwamna a shekara ta 2006.,refutes,nei,0.33310768,0.2897726,0.3771197
hausa,Amfani da fitulun titi masu amfani da hasken rana na ɗaya daga cikin hanyoyin da ake amfani da ita wurin inganta tsaro.,supports,nei,0.33157977,0.2886202,0.37980002
hausa,Yana da kyau mutane su ke kwanciya a ɗakuna da ke da wadatattun tagogi don gujewa kamuta da cutar sanƙarau.,nei,nei,0.33276063,0.28885812,0.37838125
hausa,Adadin musulmai a duniya bai kai miliyan daya ba.,refutes,nei,0.3289016,0.29182404,0.37927443
hausa,"Yawancin waƙoƙin zamani suna ƙara haɓaka, kuma mawaƙa suna ba da gudummawa ga haɓakar harshe da amfani na harsunansu.",supports,nei,0.33282107,0.28853333,0.37864557
hausa,Ibrahim Zakzaky ya rasa 'ya'yansa guda 3 a sanadiyyar wani tashin hankali da ya faru tsakanin 'yan shi'a da sojoji a garin Zaria.,supports,nei,0.33473897,0.2880554,0.3772057
hausa,Ana lissafa gidan namun dajin Kano cikin waɗanda su ka fi kowanne gidan namun daji a Najeriya.,supports,nei,0.33623362,0.28804165,0.37572473
hausa,Masu garkuwa da mutane sun matsanta kai hare-hare a ƙauyukan Katsina.,nei,nei,0.33302787,0.28933713,0.37763503
hausa,Ana ƙiran yara da manya da su ke bara kuma ba sa ƙarƙashin wata makaranta da sunan mabarata.,supports,nei,0.33128598,0.2901933,0.37852076
hausa,An samar da gidan namun daji a Kano a shekarar alif 2000.,nei,nei,0.33218855,0.28951186,0.37829956
hausa,Burin kowanne manoni shi ne ya mallaki taraktar lantarki don bunƙasa harkar nomansa.,nei,nei,0.33232358,0.2883029,0.37937352
hausa,Duk farkon damuna manoma na yin amfani da lauje wurin cire ƙiraren ciyawa da suka bushe.,nei,nei,0.33153075,0.28956354,0.37890568
hausa,"Kokon Hausa yana amfani da gero wanda yakeda sinadarai da yawa ciki har da Magnesium, Manganese.",supports,nei,0.33143786,0.28852347,0.3800387
hausa,Ba kowane yaro ne a ƙauyen Goda yake samun raɗin suna ba,refutes,nei,0.32981822,0.28986856,0.38031325
hausa,"Dambe ya samo asali ne daga al’adun gungun mahauta, wadanda su ne ke shiga gasa, suna ƙalubalantar sauran maza a yankinsu.",supports,nei,0.3318467,0.28998163,0.37817165
hausa,"Hannafiyya, Malikiyya, Shafi'iyya da Hambaliyya su ne manyan mazhabobin fikuhu a musulunci. ",nei,nei,0.33221495,0.28849483,0.37929022
hausa,Sir Ahmadu Bello bai samu shiga majalisar ƙasa a shekarar 1949 ba.,nei,nei,0.33146635,0.2894283,0.37910533
hausa,Muhammadu Buhari ya zama shugan kasa na mulkin soja yana matsayin kanal.,refutes,nei,0.33017096,0.29149896,0.37833014
hausa,Ahmed Musa bai taka leda a gasar cin kofin duniya ta 2014 ba.,refutes,nei,0.32936513,0.29051736,0.38011748
hausa,Hausa koko abu ne na yau-da-kullun a Ghana kuma ana ci da abincin gargajiya kamar ƙosai ko Akara.,supports,nei,0.3326248,0.2900376,0.37733763
hausa,"Ango a al'adar Hausawa yana da alhakin siyan kayan lefe kafin aure, sannan kayan ana kai su gidan amarya ta hannun mata.",supports,nei,0.33280388,0.288676,0.3785201
hausa,Musulmai suna gudanar da sallar kullum sau biyar don nuna biyayya ga koyarwar Alƙur’ani.,nei,nei,0.33628798,0.28770164,0.37601045
hausa,Yawan wanda suka kamu da cutar korona ya sa dole gwamnatin jihar Kano ta rufe ɗakin gwajin cutar.,nei,nei,0.33314806,0.2897781,0.37707385
hausa,An saukar da littafin injila kamar yadda aka saukar da na Attaura.,nei,nei,0.33153614,0.28890175,0.37956214
hausa,Tsarin mulkin mallaka na turawa yayi tasiri sosai wurin rage karfi da ikon sarakunan addini.,supports,nei,0.33313206,0.28910643,0.37776148
hausa,Shirin nukiliya na ƙasar irn shi ne babban dalilin da yasa Amurka ke yawan saka mata takunkumin tallalin arziƙi.,supports,nei,0.33311033,0.28927407,0.37761566
hausa,Kwarewar Imam Malik Ibn Anas a fannin ilimin addini ya sa mutane da dama suka tsane shi.,refutes,nei,0.33442008,0.28883818,0.37674177
hausa,Agwaluma yana sa tashin zuciya kuma ba shi da wani amfani ga lafiyar jiki,refutes,nei,0.33200943,0.28960204,0.3783885
hausa,Sallah ibada ce da ba a yin wata addu'a a cikinta.,refutes,nei,0.33212548,0.2897636,0.37811092
hausa,An haifi shehu Shagari a watan Mayu na shekarar 1960.,refutes,nei,0.33329806,0.28982657,0.37687537
hausa,Masanin tarihin abinci da aikin gona James C. McCann ya ba da shawarar daina yaɗa shinkafa.,refutes,nei,0.33695924,0.28830066,0.37474012
hausa,Murtala Muhammad ya kasance shugaban ƙasa da baya nuna banbanci na addini ko ƙabila ga yan ƙasarsa.,supports,nei,0.33451512,0.28865227,0.3768326
hausa,"A halin yanzu, addinin kiristanci da musulunci su ne addinai 2 da su ka fi yawan mabiya a garin Mambila.",supports,nei,0.3324433,0.28949183,0.37806484
hausa,Mamman Shata yana ɗaya daga cikin manyan mawaƙan da aka sani a ƙasashe da dama. 'Yan Arewa Ku Bar Barci na ɗaya daga cikin waƙoƙin Shata.,supports,nei,0.33393455,0.28818646,0.37787902
hausa,Trump ya na amfani da alaƙarsa da shuwagabannin duniya wurin bin son zuciyarsa don yin abinda ya ga dama.,supports,nei,0.33415577,0.28862375,0.37722045
hausa,Masana sun yi sharhin cewa Muhammadu Buhari zai ci zaɓensa na shekarar 2015 saboda yadda 'yan majalisu ke rububin shiga jam'iyyar APC.,nei,nei,0.33519727,0.28871292,0.3760898
hausa,Zaɓe shi ne babbar hanyar da 'yan siyasa ke amfani da ita wurin samun shugabancin al'umma.,nei,nei,0.33405504,0.28831044,0.37763453
hausa,"ƙwallon ƙafa an kawo ta Najeriya ne daga Birtaniya tun farkon ƙarni na 20, inda rikodin farko ya nuna an buga wasa a 1904.",supports,nei,0.33358592,0.2898941,0.37651998
hausa,Shiga yanayin damuwa na daya daga cikin dalilai da suke sa mutum ya kashe kansa.,nei,nei,0.3316885,0.2895015,0.37881
hausa,Sarakunan gargajiya na Kano sun karɓi musulunci a ƙarni na 14 zuwa na 15.,supports,nei,0.33350444,0.2892171,0.37727845
hausa,An gina kasuwar kurmi a cikin gundumar sahara.,refutes,nei,0.3298919,0.291386,0.37872213
hausa,Sanata Amadu Ali ya shugabanci yam'iyyar APC loƙacin mulkin Obasanjo.,refutes,nei,0.33454555,0.28841603,0.37703845
hausa,"A wasu ƙasashe, ana biyan ƙwararrun malamai kuɗi ne don su koyawa ɗalibai. Misalin malamai sun haɗa da Malaman makarantar boko, Islamiyya, Addini da dai sauransu. ",supports,nei,0.33461213,0.28885055,0.37653732
hausa,Trump ya goyi bayan 'yan kama karya a lokacin mulkinsa.,supports,nei,0.33172745,0.29065934,0.37761325
hausa,Sheikh Ja'afar Mahmud Adam sanannan malamin addini ne ɗan ƙungiyar Izala.,supports,nei,0.33157954,0.28899863,0.3794218
hausa,ƙuli-ƙuli ana iya amfani da shi a cikin girke-girken abinci daban-daban na Hausa.,supports,nei,0.33350563,0.2887259,0.37776846
hausa,Tafkin Tiga na ɗaya daga cikin madatsun ruwan da aka gina a Kano don bunƙasa noman rani.,supports,nei,0.33053786,0.28999963,0.3794625
hausa,"Wasa ƙwaƙwalwa da kacici-kacici ana yin sune ta sigar tambaya ko magana a zube, sai dai kawai kacici-kacici ana cewa ""Kacici-Kacici"" a farko.",supports,nei,0.33526608,0.28761256,0.3771214
hausa,Sojojin Najeriya sun ceto manoma da kungiyar boko haram su ka yi garkuwa da su a Zabarmari.,refutes,nei,0.3326823,0.289951,0.3773667
hausa,Shugaban hukumar jami'an tsaro na farin kaya ne ya jagoranci kwamitin bincike a kan tallafin man fetur.,refutes,nei,0.3330646,0.29037264,0.3765627
hausa,Rabi'u Musa Kwankwaso ya yi gwamnan Kano sau biyu a jere.,refutes,nei,0.33297974,0.28911632,0.37790394
hausa,Ahmad Bamba ya yi kiwon shanu lokacin da ya ke karatu a Ghana.,supports,nei,0.33477092,0.2884518,0.37677732
hausa,"A shekarar 2023, an ƙiyasta cewa yawan musulmai yafi kashi 25% na mutanen duniya.",supports,nei,0.3322432,0.290866,0.37689087
hausa,Tun da farko ministan harkokin wajen ya bada umarnin rufe hanyar,nei,nei,0.33158112,0.2898,0.3786189
hausa,Siyasa ta kasance ɗaya daga cikin hanyoyi da mutane su ke samun damar faɗin yancin ra'ayinsu.,nei,nei,0.33325166,0.2880612,0.37868714
hausa,Muhammad Bello Yabo ya riƙe muƙamin mataimakin gwamna na Sokoto.,refutes,nei,0.3320423,0.28877512,0.37918255
hausa,Gwamnatoci na bunƙasa wureren shaƙatawa a garuruwansu don samun ƙarin kuɗin shiga.,supports,nei,0.3341082,0.2886635,0.3772283
hausa,Annobar ta halaka mutum 50 da ɓarnata dukiyoyi masu yawa.,nei,nei,0.3325768,0.29056993,0.37685323
hausa,Gwamnatin Najeriya ce ta bada umarnin kashe Sheikh Ja'afar Mahmud Adam.,refutes,nei,0.33476835,0.2886356,0.376596
hausa,"Kafin zamanin mulkin soja, an kashe mutane da yawa.",nei,nei,0.33462864,0.28957012,0.3758013
hausa,Mutane sun shiga cikin wahala loƙacin da Jam'iyyar APC ta canza kuɗi.,supports,nei,0.3345558,0.2892689,0.37617528
hausa,Trump ya bayyana a kotu duk da cewa lauyoyinsa sun ba shi shawarar kar ya je.,nei,nei,0.3355998,0.2881669,0.37623325
hausa,Najeriya ba ta cikin ƙasashe masu arziƙin man fetur na duniya.,refutes,nei,0.3318426,0.2899938,0.37816358
hausa,Abba Kabir Yusuf ya zama gwamnan Kano a shekarar 2023.,supports,nei,0.33332953,0.28940895,0.37726155
hausa,Wanke hannu da shiga banɗaki a tsari na daga cikin abubuwan da ake tilastawa yara su yi don koyon tsafta.,supports,nei,0.3332986,0.2882517,0.3784497
hausa,Ruwan yayi ambaliya wacce ta kawo asarar dukiya mai dama da kuma raunuka ga mutanen garin.,nei,nei,0.33275098,0.2899874,0.37726167
hausa,An gina kasuwar kurmi a cikin gundumar Jakara.,supports,nei,0.33079427,0.2909636,0.37824216
hausa,Goodluck Ebele Jonathan ne ya yi nasara a zaben shekarar 2015 a Nigeria.,refutes,nei,0.33223903,0.28884286,0.37891808
hausa,Wayoyin kamfanin Apple sun samu karɓuwa a hannun mutane sosai.,nei,nei,0.33186734,0.29049805,0.37763458
hausa,Taɓarya ta na da muhimmanci sosai wurin yin jajjage.,nei,nei,0.3314152,0.28876787,0.37981695
hausa,Masu fama da ciwon sikila suna shan wahala sosai musamman lokacin sanyi.,nei,nei,0.33226743,0.28895223,0.3787803
hausa,"Ƙungiyar JIBWIS tana da manufofi na tabbatar da an bi tauhidi, bin sunna, watsi da bidi'o'i, girmama Annabi da sahabbansa",supports,nei,0.33564687,0.28776744,0.3765857
hausa,Sallah ibada ce da ta wajaba akan kowanne musulmi.,nei,nei,0.32898885,0.29028875,0.3807224
hausa,Muhammad Auwal Albaniy Zariya ya rasu sanadiyyar hatsarin mota.,refutes,nei,0.33045104,0.2899862,0.3795628
hausa,Gwamnatin Najeriya ta ƙulla yarjejeniyar gudanar da aikin Hajji,nei,nei,0.33338788,0.28922403,0.37738815
hausa,Ana gudanar da wasan ƙwaƙwalwa da kacici-kacici a gidan rediyon kano duk ranar asabar da yamma.,nei,nei,0.33375415,0.28900146,0.37724438
hausa,Najeriya ƙasa ce da ta ke tutiya da arziƙin man fetur.,nei,nei,0.33401173,0.28884062,0.37714761
hausa,Maza da yawa sun kawo kawunan maciji wanda sarauniyar yankin ta ba su ikon mallakar rabin garin.,refutes,nei,0.33304682,0.2892094,0.3777438
hausa,Tarakta ta diesel tana da tsada sosai.,nei,nei,0.3282648,0.28972328,0.38201192
hausa,Sheikh Abubakar Ikara ya rayu a garin Ikara da ke jahar Kaduna.,nei,nei,0.3353199,0.28821695,0.37646315
hausa,Buhari ya aikawa Majalisar wakilai ta Najeriya wasaka kan cewa ba zai samu amsa gayyatarsu ba kamar yadda Dan majalisa Satomi Ahmed ya bayyanwa BBC.,nei,nei,0.33389166,0.28921667,0.37689164
hausa,Miyar kuka tana ƙunshe da muhimman sinadarai masu gina jiki kuma masu inganta lafiya kamar su sinadarin iron.,supports,nei,0.33348233,0.28837192,0.3781458
hausa,"A Afirka, mutane suna amfani da goro kawai wajen yin ado na kayan daƙi.",refutes,nei,0.3336322,0.28959206,0.3767757
hausa,"Malami na nufin, dukkan wani mai ilimi, sannan ya ke iya koyar da ilimin, ko kuma mutumin da yake taimakawa ta yadda wasu zasu samu ingattaccen ilimi, fasaha, ko wata daraja.",supports,nei,0.33466446,0.28852153,0.37681398
hausa,Jam'iyyar PDP ta sha fama da rikicin mulki na cikin gida loƙacin da Abubakar Rimi ya ke shugabancin ta.,nei,nei,0.33570474,0.28722134,0.37707397
hausa,Sheikh Qaribullah ya auri mata uku yana da shekaru ashirin da uku.,nei,nei,0.33341882,0.2891656,0.37741566
hausa,Sheikh Ja'afar Mahmud Adam ya kasance mamba na ɗariƙar tijjaniyya.,refutes,nei,0.33286822,0.28871253,0.37841925
hausa,Tarihi ya nuna cewa ba a jituwa tsakanin ƙasar Iran da ta Amurka.,nei,nei,0.33434722,0.28959447,0.3760583
hausa,Ana iya yin noma da damina ko da rani.,supports,nei,0.33148178,0.28803796,0.38048023
hausa,Bikin argungun ana yi ne don a kashe kudin ƙasa,refutes,nei,0.33062896,0.29005647,0.37931454
hausa,"Tuwon shinkafa yana ɗaya daga cikin abincin gargajiya, wani sa'in akan haɗa shi da garin masara.",supports,nei,0.333081,0.28854728,0.3783717
hausa,Taraktar lantarki ta fi taraktar diesel buƙatar kulawa.,supports,nei,0.33234477,0.28880963,0.37884566
hausa,Hausawa suna da wata al'ada kai wa amarya gara.,nei,nei,0.33047825,0.29038206,0.3791397
hausa,"Alkaki wani abun ciye ciye ne da Hausawa ke shiryawa, musamman a bukukuwan aure domin tarbar baƙi.",supports,nei,0.33358347,0.2880841,0.3783324
hausa,Ana amfani da kiɗa a kafofin watsa labarai da gidajen talabijin.,supports,nei,0.33468214,0.28893095,0.37638688
hausa,Umaru Musa 'Yar'adua ya zama shugaban hukumur zuba jari da raya kadarori ta jihar Katsina a shekarar 1994.,supports,nei,0.33508617,0.28877908,0.37613472
hausa,Ahmed Musa ya lashe kofuna a gasar lig na Rasha da Saudiyya,nei,nei,0.3278286,0.29143375,0.38073766
hausa,"Bikin argungun yana ba da dama ga masu gasa su nuna ƙwarewarsu wajen kamun kifi da hannu, kuma Wanda ya yi nasara zai iya ɗaukar gida har $ 7,500.",supports,nei,0.33453542,0.2896544,0.37581015
hausa,Hukumar kula da hanyoyin sadarwa ta zamani ta na bawa daliban da ke karatu a bangaren kimiyya tallafi.,nei,nei,0.3327272,0.28912443,0.37814835
hausa,Tuwon masara abincin zamani ne da turawa ke ci.,refutes,nei,0.3318356,0.2889891,0.37917534
hausa,Wurin shaƙatawa na Kainji na daga cikin wuraren da Buhari ya gina a zamanin mulkinsa na soja.,nei,nei,0.33397356,0.28834942,0.37767705
hausa,Fadar shugaban ƙasa ta zargi majalisa da yin cushen kuɗi sama da naira biliyan 14.,supports,nei,0.33226526,0.29108587,0.37664887
hausa,Japan ta sauka daga matsayinta na daya zuwa na uku na yawan mutanen da ke kashe kansu a shekaru goma da suka wuce.,supports,nei,0.332462,0.28977296,0.37776503
hausa,Abba Kabir Yusuf ya dawo da Sunusi Lamido Sunusi a matsayin Sarkin Kano a watan Mayu na shekarar 2024.,supports,nei,0.33622745,0.28868026,0.37509227
hausa,Mahaifiyar Usman Dan Fodiyo ce ta koyar da shi haddar Qur'ani.,refutes,nei,0.33198208,0.28916147,0.37885642
hausa,Mamman Shata yana ɗaya daga cikin manyan masu buga ƙwallon ƙafa da aka sani a ƙasashe da dama.,refutes,nei,0.33217695,0.2896437,0.3781793
hausa,Sheikh Kabiru Haruna Gombe malami ne ɗan kasuwa kuma jigo a ƙungiyar izala.,nei,nei,0.33111563,0.28987467,0.37900963
hausa,An kasa masarautar Kano gida huɗu loƙacin mulkin Abdullahi Umar Ganduje a 2019.,supports,nei,0.33345968,0.29012027,0.37642008
hausa,Jahar Kano ta rasa mashahuran farfesoshi da dattawa da yawa lokacin annobar korona.,supports,nei,0.33223942,0.28998765,0.37777296
hausa,Kungiyar ƙwallon kafa ta Togo ta samu nasarar shiga gasar cin kofin Afrika ta 2010 bayan tayi nasara akan kungiyar ƙwallon kafa ta Congo a wasan fidda gwani na ƙarshe da su ka buga.,nei,nei,0.33452868,0.28917432,0.37629697
hausa,Manoma su na shuka kayan hatsi saboda samun abinda za su ci a gidajensu.,nei,nei,0.3308439,0.29018214,0.378974
hausa,Yan bindiga na sace mutane don karɓar kuɗin fansa daga iyalansu.,nei,nei,0.33203286,0.2895341,0.37843305
hausa,Gwamnatin Kano na ƙoƙarin gina asibitin dabbobi domin inganta rayuwarsu.,supports,nei,0.333748,0.28851283,0.37773913
hausa,"Awara abinci ne da ake yi da waken suya, ana niƙa waken, a tace shi, a dafa, sannan a soya ana iya saka mata ƙwai gurin suya.",supports,nei,0.33410323,0.28775868,0.3781381
hausa,Dahiru Usman Bauchi mashahurin malamin musulunci ne ɗan ɗariƙar Tijjaniyya wanda zai kai shekara 90 a duniya.,supports,nei,0.3353708,0.28924578,0.3753834
hausa,Muwaɗɗa Malik littafi ne da ya shahara ya kuma samu karɓuwa a duniyar musulunci.,supports,nei,0.33385903,0.28963593,0.376505
hausa,Sofia Sadek malama ce a makarantar firamare a ƙasar Tunisia.,refutes,nei,0.33209345,0.2898479,0.37805864
hausa,Abubakar Rimi ya riƙe muƙamin shugabancin kwamitin kuɗi na jam'iyyar PDP.,supports,nei,0.33499563,0.28857884,0.3764255
hausa,Abba Kabir Yusuf ya yi kwamishinan ayyuka a loƙacin mulkin Rabi'u Musa Kwankwaso.,supports,nei,0.3348287,0.2888746,0.37629667
hausa,Shugaba Muhammadu Buhari ya kaddamar da eNaira a ranar 20 ga watan Yunin 2016.,nei,nei,0.33339626,0.28938034,0.37722334
hausa,Cutar sikila tafi yaɗuwa a kudanci fiye da arewacin Najeriya.,refutes,nei,0.3342934,0.28970847,0.37599814
hausa,Mutane na amfana da tafkin Chadi ta hanyar yin noma da kuma kamun kifi.,supports,nei,0.33340654,0.28898323,0.37761027
hausa,Malamai su na jindaɗi sosai yayin da su ka ga ɗalibansu na samun cigaba a ɓangaren karatunsu.,nei,nei,0.33425954,0.28758436,0.37815607
hausa,Samun muƙamin manjo na ɗaya daga cikin burin kowanne soja.,nei,nei,0.33052206,0.28945276,0.38002518
hausa,Attaura na da mabiya da yawa a yankin Afrika ta kudu.,nei,nei,0.33017287,0.29111618,0.378711
hausa,Dahiru Bauchi ya na jagorantar makarantar koyan Alkur'ani da ya assasa a garin Kano.,nei,nei,0.33183882,0.2892603,0.3789009
hausa,Kamfanin Apple suna fitar da sabuwar manhajar wayar a duk shekara.,nei,nei,0.3313054,0.29070154,0.37799305
hausa,Kowacce al'umma na da irin nata al'adun bikin aure.,nei,nei,0.33145094,0.28945267,0.37909636
hausa,Goro yana da ɗanɗano mai daɗi kuma ana amfani da shi a matsayin kayan zaƙi,nei,nei,0.33189455,0.2903824,0.37772313
hausa,Ahmed Musa ya zura ƙwallaye biyu a nasarar Najeriya 2-0 akan Iceland a gasar cin kofin duniya ta 2018.,supports,nei,0.3324739,0.29064292,0.37688324
hausa,Majalisar wakilai ta Najeriya ta hannun Dan majalisa Satomi Ahmed ta bukaci Buhari ya bayyana a gabanta don amsa tambayoyi kan sha'anin tsaro.,supports,nei,0.33305597,0.289334,0.3776101
hausa,Audu Bako ya gina dam ɗin Tiga don inganta harkar noma a jihar Kano.,supports,nei,0.3317941,0.2897407,0.37846518
hausa,Bikin Argungu yana da tarihi tun daga 1934 kuma yana da muhimmanci ga tattalin arziki da al’ummar yankin.,supports,nei,0.33342144,0.28942987,0.37714872
hausa,An gina dama-damai a jihar Kano domin bunƙasa kuɗin shigowa.,refutes,nei,0.3337817,0.28797644,0.37824187
hausa,Mabiya Sunnah sun bayyana Ali ne zaibi bayan annabi,refutes,nei,0.33041576,0.28987834,0.37970588
hausa,"Tuwon masara ana yin sa ne ta hanyar niƙa masara, tankaɗe tsaki, da dahuwa kafin a tuƙa shi.",supports,nei,0.33257392,0.28836286,0.3790632
hausa,Goro ana yawan amfani da shi wajen shirya abin sha mai ɗanɗano wanda yake bada kuzari musamman ga matasa a Afirka.,nei,nei,0.33311278,0.28934926,0.37753797
hausa,An yi wa Murtala Muhammad shaidar cewa mutum ne mai son zaman lafiya.,supports,nei,0.33169946,0.28973243,0.37856805
hausa,Aminu Bello Masari ya yi kwamishina a jihar Katsina loƙacin mulkin soja daga shekarar alif 1991 zuwa 1993.,supports,nei,0.33270895,0.2891995,0.37809154
hausa,Jami'an tsaro suna da rawar da suke takawa wurin bada kariya ga al'ummar ƙasa.,refutes,nei,0.33359188,0.28942904,0.37697908
hausa,Miyar gyaɗa ana haɗa ta da wake da shinkafa,refutes,nei,0.33002967,0.29072958,0.37924072
hausa,Ƙungiyar JIBWIS na amfani da wasu al’adu ko fahimtar kansu wajen aikata ayyuka.,refutes,nei,0.33320588,0.2896972,0.37709698
hausa,Sheikh Abdullahi Uwais babban Malamin addini ne a garin Kano wanda aka haife shi a shekarar 1954.,supports,nei,0.3339804,0.28880197,0.3772176
hausa,Major Nzeogu Kaduna da yaransa ne su ka bawa Sir Ahmadu Bello Kariya loƙacin da sojoji su ka zo su kashe shi.,refutes,nei,0.33525652,0.28831294,0.3764305
hausa,"Musa shine annabi mafi ambato a Al-Qur’ani, yayin da Yesu ke da matsayin annabi mai musamman.",supports,nei,0.3339862,0.28854403,0.3774698
hausa,Musulmai basa ganin Alƙur’ani shine saƙon ƙarshe ba kuma akwai wasu bayan annabi muhammadu,refutes,nei,0.3319376,0.29070526,0.3773571
hausa,"Kalmar tofu” ta Turanci ta samo asali ne daga kalmar Japananci tōfu, wadda aka aro daga Sinanci dòufǔ, ma’ana “cuku daga wake.",supports,nei,0.33373612,0.28881416,0.37744975
hausa,Babbar Sallar ita kawai mutane suna ziyartar juna.,refutes,nei,0.32977965,0.29080436,0.37941602
hausa,Ana fama da rashin tsaro na boko-haram da yan bindiga a jahohin arewacin Najeriya.,nei,nei,0.332082,0.28865364,0.3792644
hausa,Mamman Shata mawaƙi ne mai kaifin basira wanda ke iya yiwa duk abinda ya ga dama waƙa.,supports,nei,0.33478642,0.28862494,0.37658867
hausa,Sarakunan gargajiya suna da rawar da za su taka wurin kawo tsaro mai ɗorewa a jihar Katsina.,nei,nei,0.33314505,0.288682,0.37817293
hausa,Najeriya ta samu 'yancin kai a shekarar 1952.,nei,nei,0.3349464,0.28894398,0.3761096
hausa,Gidan namun daji na ɗaya daga wuraren da gwamnati ke samun kuɗin shiga.,nei,nei,0.33071536,0.28957143,0.37971324
hausa,"Shinkafa tana da wadatar tushen kuzari mafi inganci, kuma tana da sinadarai, iron da furotin.",supports,nei,0.33313423,0.288707,0.37815884
hausa,"A cikin abinci, shinkafa ta fi kowane nau'in abinci shahara a duniya.",supports,nei,0.33200356,0.28985608,0.3781403
hausa,Kaso 70 na masu kashe kan su a ƙasar Japan maza ne.,refutes,nei,0.3306713,0.2914168,0.3779119
hausa,Matar Ahmad at-Tijjani ta farko asalin 'yar Ingila ce kuma tana da yara uku,nei,nei,0.33261526,0.2889681,0.37841663
hausa,Jonathan ya zama shigaban kasar Najeriya bayan rasuwar Umaru 'Yar'adua.,nei,nei,0.33175942,0.28962016,0.37862042
hausa,Fiye da mutum miliyan ɗaya ne suka bar gidajensu saboda fargabar da ake yi cewar mummunar guguwar.,nei,nei,0.33270213,0.28944448,0.3778534
hausa,Azumin watan ramadan ya wajaba akan duk wani mai hankali da lafiya wanda ya balaga.,supports,nei,0.33256102,0.28945032,0.3779887
hausa,Raƙumi biyar aka yanka a gidansu Musa da sallah babba.,nei,nei,0.33370942,0.29003096,0.37625965
hausa,Gwamnatin Najeriya ta kafa kwamiti a shekarar 2012 don yin bincike akan tallafin da ta ke bayarwa na man fetur.,supports,nei,0.33331242,0.2897831,0.37690452
hausa,Yusuf Maitama Sule ya riƙe kwamishinan muhalli a loƙacin mulƙin Audu Bako.,refutes,nei,0.33453217,0.2887776,0.3766902
hausa,Dahiru Usman Bauchi shi ya fara shigo da salon tafsirin alkur'ani da alkur'ani a Nigeria.,supports,nei,0.33141932,0.28981155,0.37876916
hausa,Akwai kekunan ɗinki kala-kala da mutane ke amfani da su don ɗinka kaya.,nei,nei,0.33283076,0.28808326,0.37908596
hausa,"Nnamdi Azikiwe ya yi amfani da ƙwallon ƙafa a matsayin fanni na haɗin kai da siyasa, yayi amfani da shi don yaki da wariyar launin fata",supports,nei,0.33506605,0.2877799,0.37715408
hausa,Shi'a kungiya ce ta addinin musulunci wadda aka kafata a shekarar 1979 a garin Zaria.,supports,nei,0.33340237,0.28977647,0.3768212
hausa,"ƙuli-ƙuli ana yin sa ne daga gyaɗa da aka ɓare, soya, murje, markaɗa, sannan a juya har sai an gama.",supports,nei,0.33327216,0.28797778,0.37875003
hausa,Barau I Jibrin ya taɓa shugabantar kamfanin zuba jari da kayan gida na jihar Kano.,supports,nei,0.33541662,0.28778267,0.37680072
hausa,Musulmai suna da ƙoƙari wurin zaman lafiya da abokan zamansu.,nei,nei,0.33124572,0.29080272,0.37795162
hausa,"Hukumar EFCC ta gurfanar da tsohon gwamnan jihar Katsina, Shema a gaban kotu saboda zargin yin almundahana da kuɗin jihar.",supports,nei,0.33497036,0.28918916,0.37584043
hausa,Musulmai suna gudanar da sallar nafila da yanka dabbobi a Babbar Sallar Idi Babba don nuna godiya da murna.,supports,nei,0.33537278,0.2877673,0.37685993
hausa,Marigayi Umaru Musa 'Yar'aduwa ya kasance shugaban ƙasa da ya kwatanta adalci sosai lokacin mulkinsa.,nei,nei,0.33499002,0.2881982,0.37681177
hausa,Usman Dan Fodiyo ɗan asalin kabilar Hausawa ne.,refutes,nei,0.33026895,0.28917897,0.38055214
hausa,Ba a yin amfani da turmin ƙarfe wurin yi jajjage.,refutes,nei,0.33230603,0.28879339,0.37890056
hausa,Sakkwato ita ce ta goma a fannin kiwon dabbobi a cikin dabbobin ƙasar sama da miliyan takwas.,refutes,nei,0.33283204,0.29034367,0.37682423
hausa,Amurka na daga cikin ƙasashen da suke da ƙarfin sojoji a duniya,nei,nei,0.33068797,0.29080585,0.37850618
hausa,"Yanda ake miyar taushe, da farko a markada ko kuma jajjaga kayan miya",supports,nei,0.33231378,0.2897007,0.3779855
hausa,An kashe Sir Ahmadu Bello a gidansa a ranar 12 ga watan Junairu.,refutes,nei,0.33490676,0.28995386,0.3751394
hausa,Ado Bayero da Yusuf Maitama Sule aminan juna ne sosai.,nei,nei,0.3284191,0.29027066,0.38131028
hausa,"Cin goro yana da amfani ga lafiyar ɗan’adam, saboda yana ƙara kuzari, wanke baki, rage yunwa da ƙishin ruwa, da kuma samar da wasu sinadaran magani.",supports,nei,0.3345194,0.28762433,0.37785622
hausa,Hausa koko ba abu ne na yau-da-kullun a kasar faransa kuma aci da bredi.,refutes,nei,0.33211762,0.2903037,0.37757865
hausa,Akwai littattafai na salon karin magana da ake sayar dasu domin ilimantuwa a kasuwannin hausawa.,nei,nei,0.33180827,0.2888808,0.37931094
hausa,Masu azumi na amfani da ruwan sanyi sosai lokacin da ake shan ruwa.,nei,nei,0.33094347,0.28966886,0.37938768
hausa,Mawaki Mamman Shata ya ce Magaji Salam ne ya fara saka ma sa sunan Shata.,supports,nei,0.32884964,0.2902339,0.3809164
hausa,Mata su na iya yin azumi ko da su na al'ada.,refutes,nei,0.33090645,0.28981715,0.3792764
hausa,An sace daliban makarantar sakandaren Kankara bayan ƙkungiyar boko haran sun yiwa manoma yankan rago a jihar Borno,supports,nei,0.33161563,0.28978688,0.37859744
hausa,Dajin Yankari na ɗaya daga cikin manyan wuraren shaƙatawa a ƙasar Najeriya.,supports,nei,0.3338005,0.28845653,0.37774295
hausa,Kamfanin mai na ƙasa shi ke da alhakin rarraba mai zuwa dukkan jihohin kasarnan.,nei,nei,0.33317152,0.2898123,0.37701616
hausa,Bincike ya nuna cewa anfi samun masu cututtukan sikila a arewacin Najeriya saboda rashin gwaji lokacin yin aure.,supports,nei,0.33369774,0.2885709,0.37773135
hausa,Tafkin Chadi na ɗaya daga cikin kogin da ke kawo rashin sana'a ga mutanen Kano.,refutes,nei,0.33331907,0.2888951,0.37778583
hausa,"A wasu ƙasashen Turai, ana amfani da tofu wajen yin girke-girke na zamani",nei,nei,0.33191165,0.28961137,0.378477
hausa,Al'umma daban-daban su na da irin nasu salon kiɗa da waƙa.,nei,nei,0.33244544,0.288549,0.37900558
hausa,Bai kamata Malami ya wuce awa uku yana bayarda karatu ba saboda itama ƙwaƙwalwa na buƙatar hutu.,supports,nei,0.33344492,0.28899366,0.37756145
hausa,Turawa na amfani da goge wurin kidan zamani.,refutes,nei,0.3290123,0.29190603,0.37908164
hausa,Ana amfani da lauje wurin saro itace don yin girki.,refutes,nei,0.32927382,0.2908511,0.37987515
hausa,An zargi ƙungiyar boko haram da sace yan makarantar sakandaren Kankara,nei,nei,0.33146164,0.29002568,0.37851268
hausa,Annabi sallallahu alaihi wa sallama ya yi hijira daga makkah zuwa madina.,nei,nei,0.33408418,0.28861314,0.37730268
hausa,Jam'iyyar APC da ta PDP su ne manyan jam'iyyun siyasa a Najeriya.,nei,nei,0.3335422,0.28812772,0.37833014
hausa,Umaru Musa 'Yar'adua bai taɓa zama mamba na wata kwalleji a jihar Katsina ba.,refutes,nei,0.33316416,0.2891945,0.3776413
hausa,Iran ƙasa ce da take maraba da masu leƙen asiri a kowanne loƙaci.,nei,nei,0.3328406,0.28890544,0.37825394
hausa,Muhammad Abubakar Badaru shi ne ƙaramin ministan tsaro na Najeriya wanda ya fito daga ƙaramar hukumar ɓaɓura da ke jihar jigawa..,nei,nei,0.33454672,0.28903303,0.37642026
hausa,Waƙa rubutaccen adabi ne wanda yake da ƙa'idoji.,supports,nei,0.33152762,0.2892403,0.37923202
hausa,An zaɓi Aminu Bello Masari a matsayin gwamnan Katsina a shekarar alif 1991.,refutes,nei,0.3307109,0.29020253,0.37908655
hausa,Ahmadu Bello Sardaunan Sokoto ya na daga cikin waɗanda su ka rubutu sabon kundin mulkin Najeriya.,supports,nei,0.33302376,0.28865513,0.3783211
hausa,Musulunci yayi umarni da a zauna lafiya da kafiran amana.,nei,nei,0.33178058,0.2902534,0.37796602
hausa,Ibrahim Babangida bai taɓa yin karatu a Ingila ba.,refutes,nei,0.33348683,0.28887677,0.37763637
hausa,Yaɗa labaran karya tsakanin al'umma yana haddasa fituntinu.,supports,nei,0.33203351,0.28949022,0.37847626
hausa,Mutum na cika musulmi ne bayan ya yarda cewa Annabi (S.A.W) manzon Allah ne.,supports,nei,0.33614442,0.2884899,0.3753656
hausa,Ciyawa na ɗaya daga cikin abincin awakai da tumakai da kuma shanu.,supports,nei,0.33235967,0.28771126,0.37992907
hausa,Darul Hadith ta kasance cibiya da take horar da mutane akan koyan turanci.,nei,nei,0.3313118,0.28966722,0.379021
hausa,ƙuli-ƙuli na iya zama abinci mai gina jiki saboda gyaɗa da ake amfani da ita.,nei,nei,0.33331674,0.28832245,0.3783608
hausa,Ana samun yaran da aka kawo almajiranci su bijire su zama sun fitini al'ummar gari.,nei,nei,0.33438626,0.28935668,0.3762571
hausa,Turawan Burtaniya sun rusa Masarautun Arewacin Najeriya.,refutes,nei,0.33226666,0.29062498,0.3771084
hausa,Najeriya ƙasa ce da ke yankin Afirika ta yamma.,nei,nei,0.33228502,0.2899996,0.3777154
hausa,"Raƙumi zai iya zama kwana takwas ba tare da ci ko sha ba, kuma idan raƙumi ya samu inda zai sha ruwa, ya kan ajiye wani ruwan a cikinsa. Tozon raƙumi kuwa ya kai kilo 40.",supports,nei,0.33623397,0.28713322,0.37663287
hausa,Abubakar Gumi ya yi rikici da malaman sufaye.,supports,nei,0.33409092,0.28867713,0.37723196
hausa,Bikin Durbar yana nuna murna da gabatar da karama ko abbbar sallar ga jama’a a Arewacin Najeriya.,supports,nei,0.33382273,0.28907943,0.37709785
hausa,Mata da yawa sun taru a kasuwar.,nei,nei,0.33023542,0.29066783,0.37909678
hausa,Abubakar Tafawa Balewa ya na son wasa da yara loƙacin da ya ke hutu a garinsu.,nei,nei,0.334085,0.2886995,0.37721553
hausa,Yan bindiga sun yi sanidiyyar ɓacewar ɗalibai 333 sakamakon wani hari da suka kai makarantar sakandaren Kankara,supports,nei,0.33309877,0.2905009,0.37640035
hausa,Ba kowane lokaci mutane ke yin bikin suna ba,supports,nei,0.33021787,0.28978166,0.38000053
hausa,Da yawan mutane na ramewa sakamakon ibadar azumin ramadana.,nei,nei,0.3313214,0.2894199,0.37925866
hausa,Mutane na mafani da kafafen sada zumunta na yanar gizo wajen yaɗa labaran da ba su inganta ba.,nei,nei,0.33275348,0.28933224,0.3779143
hausa,Ba a son shuwagabanni su ke sakin baki lokacin da suke yiwa magoyansu magana,nei,nei,0.3315432,0.28971964,0.37873718
hausa,Maguzawa na amfani da kayan al'adu don mallakar aljanu kafin zuwan musulunci.,supports,nei,0.33240703,0.2892836,0.37830934
hausa,Zuwa gidajen shaƙatawa yana ɗebewa mutane kewa ya kawar mu su da damuwarsu.,nei,nei,0.33140218,0.28987387,0.37872398
hausa,An kaiwa majalisar wakilai ta Amurka hari bayanda Shugaba Trump ya yi zargin cewa anyi masa maguɗin zaɓe.,supports,nei,0.33455104,0.28882074,0.3766282
hausa,Cutar korona ba yaɗu a Kano ba saboda yadda jihar ta shiryawa zuwan cutar.,refutes,nei,0.3326651,0.28981632,0.37751865
hausa,Littafin Alƙur'ani mai girma ya ambaci Attaura sau goma sha takwas.,nei,nei,0.33240622,0.28952238,0.37807137
hausa,Karatun alƙur'ani yana karawa zuciya nishaɗi da nutsuwa.,nei,nei,0.33261296,0.2887975,0.37858948
hausa,kashe kai baya warwarewa mutum damuwarsa.,nei,nei,0.32993904,0.2907418,0.37931913
hausa,Labarai masu daɗi waɗanda ba su inganta ba su na taimakawa wurin haɗin kan al'umma.,nei,nei,0.33423364,0.28965023,0.3761161
hausa,Tsadar fitulu masu amfani da hasken rana ne yasa gwamnatoci ke barin titinan jiharsu a cikin duhu.,nei,nei,0.33316538,0.28792447,0.37891015
hausa,"Mutane sun shiga cikin ruɗani sosai a lokacin annobar korona, musamman yadda aka tilastawa mutane taƙaita zirga-zirga.",nei,nei,0.3339616,0.2884428,0.37759557
hausa,Farouk Lawan sanannan member ne na majalisar wakilai ta Najeriya.,nei,nei,0.33180064,0.28793007,0.38026932
hausa,Ana anfani da turmin da aka sassaƙa ko turmin ƙarfe wurin yin daka ko jajjage.,supports,nei,0.3336508,0.28874627,0.3776029
hausa,Dinki sana'a cewa mai wahala sosai.,nei,nei,0.3301674,0.2895642,0.38026845
hausa,"Acikin kulob na zamani, anfi kunna waƙoƙin zamani domin sune ake yayi.",nei,nei,0.3331743,0.28831545,0.37851033
hausa,Mutanen al'ummar Kibiya ne su ka zaɓi Barau I Jibrin a matsayin ɗan majalisar walikai ta tarayya a shekarar 1999.,refutes,nei,0.33406934,0.28897446,0.3769562
hausa,Turawan Burtaniya sun kafa Masarautar masarautar Sakkwato.,supports,nei,0.32963935,0.29151607,0.3788446
hausa,"Bahaushe na amfani da karin maganar ""akwai lauje cikin nadi"" idan yana zargin anyi munafurci.",supports,nei,0.33190206,0.28870264,0.3793953
hausa,Abba Kabir Yusuf gwamna ne da talakawan Kano su ke son sa sosai.,nei,nei,0.3306645,0.2897841,0.37955147
hausa,Matar Sheikh Qaribullah ta cinye gasar a ranar asabar,nei,nei,0.33121586,0.29044905,0.3783351
hausa,"A wurare da yawa almajirai suna shirya taruka da ake iya haɗa waƙoƙin yabon Allah, Ahmad at-Tijjanī, ko wani shugaban addini tare da zikiri sai a samu shugabanni da ke jagorantar waƙar wasu kuma suna maimaitawa ko kuma ba da amsa.",supports,nei,0.33564916,0.28828022,0.37607062
hausa,Mele Kyari ya yi karatun makarantar sakandire a jihar Borno.,supports,nei,0.33236253,0.2884879,0.3791496
hausa,Cibiyar Armoured da ke Ingila ce ta bawa Ibrahim Babangida horo akan ilimin bindigogi da motar Saladin.,supports,nei,0.33279747,0.2893771,0.37782547
hausa,Cin hanci a ɓangaren tallafin man fetur shi ne babban dalilin da shugaba Tunubu ya yi amfani da shi wurin cire tallafin man fetur a ƙasar nan.,nei,nei,0.33378166,0.28906485,0.3771535
hausa,An rabawa yaran da suka lashe gasar  Al-Qur’ani don koyar da darussa daga rayuwar annabawa.,nei,nei,0.333063,0.28839353,0.37854347
hausa,Amurka da bawa Mista Jonathan gudummawa sosai wurin ganin ya tafiyar da gwamnatinsa cikin sauki.,refutes,nei,0.33389255,0.28921998,0.37688747
hausa,Jihar Taraba ta kasance mafi girman ƙasa a cikin johohin Najeriya.,nei,nei,0.33148447,0.29059318,0.37792233
hausa,Majalisar zartawar Najeriya ta sahhalewa fadar shugaban ƙasa ta kara biliyan 14 a kasafen kudin ƙasa.,refutes,nei,0.33295977,0.28934938,0.3776908
hausa,Yawan mazaje a Najeriya yafi na mata,supports,nei,0.328716,0.29110438,0.3801796
hausa,Sojojin Najeriya sun nuna bajimta sosai a yaƙi da boko-haram.,nei,nei,0.33354136,0.28836682,0.37809184
hausa,Kowacce ƙasa tana samun cigaba ne idan tanada tsaro sosai.,nei,nei,0.3309725,0.2888091,0.38021848
hausa,Abubakar Tafawa Balewa bai riƙe mukamin minister a shekarar 1952.,refutes,nei,0.3336799,0.28767875,0.3786413
hausa,Ana zuwa ziyarar kabarin manzon Allah idan aka je aikin hajji.,nei,nei,0.33340523,0.28906235,0.37753242
hausa,Kokon Hausa na iya bambanta daga gida zuwa gida dangane da kayan haɗin da ake amfani da su.,nei,nei,0.33134258,0.2899775,0.37867996
hausa,Awara abinci ne mai ɗanɗano wanda aka yi gaba ɗaya da alkama,refutes,nei,0.33218732,0.28952256,0.37829015
hausa,Samari da 'yan mata na yin kiɗa da waƙa da rawa loƙacin bikin aure.,nei,nei,0.33198735,0.2885148,0.37949786
hausa,Turmi da taɓarya na daga cikin kayan da ake kaiwa amarya.,nei,nei,0.33204097,0.28987825,0.37808084
hausa,Sheikh Qaribullah ya auri mata biyu yana da shekaru ashirin da biyu.,nei,nei,0.3338295,0.28897744,0.37719306
hausa,Mallakar aljanu abu ne mai kyau a koyarwar musulunci.,refutes,nei,0.32996103,0.29055813,0.37948087
hausa,Tuwon masara abinci ne na gargajiya wanda Hausawa ke ci musamman da miyar kuka.,supports,nei,0.33313182,0.2893,0.37756822
hausa,Alala ta fi kowane nau'in abinci shahara a duniya,refutes,nei,0.32990658,0.29087782,0.37921557
hausa,A wurare da yawa almajirai suna shirya taruka da ake iya haɗa waƙoƙin yabon 'yan siyasa da masu kuɗi masu bin Tijjani.,refutes,nei,0.33572134,0.28819063,0.376088
hausa,Sati biyu kawai Farouk Lawan ya yi a kurkuku saboda laifin karɓar cin hanci.,refutes,nei,0.33466282,0.2880751,0.3772621
hausa,"20 ga watan Yunin 2016, Naira ta kasance ₦197 a kan dalar Amurka 1, kuma a watan Oktoban 2021, Shugaba Muhammadu Buhari ya kaddamar da eNaira.",supports,nei,0.33536398,0.28950903,0.37512693
hausa,Yahya Jammeh ya sha kaye a zaben shugaban ƙasar Gambayi da aka yi a 2017 a hannun Adama Barrow,nei,nei,0.3327441,0.2901339,0.37712204
hausa,Salon canjin murya yayin rera alƙur'ani na ɗaya daga cikin abinda yasa mutane su ke son Sheikh Ahmad Sulaiman.,supports,nei,0.33314848,0.28812268,0.3787288
hausa,Akwai Malamai da yawa a Zariya waɗanda ke koyar da ilimin hadith a dukkan ranankun mako.,nei,nei,0.3334145,0.28768817,0.37889737
hausa,Jam'iyyar NPP ta kasance mafi soyuwa a wurin talakawan Najeriya.,nei,nei,0.3319059,0.28942052,0.3786736
hausa,Abubakar Rimi sanannan ɗan siyasa ne kuma ɗan gwagwarmayar 'yancin talakawa.,nei,nei,0.33193707,0.28835455,0.3797084
hausa,Mawaƙa da 'yan wasan kwaikwayo suna daga cikin ma'aikata a masana'antar kiɗa.,supports,nei,0.33238268,0.28988674,0.3777306
hausa,Aure na kare mutane daga faɗawa zinace-zinace.,nei,nei,0.33227867,0.28892872,0.37879258
hausa,Marigayin Dr. Mamman Shata bashi da hikimar ƙirƙirar waƙa a lokacin da ya ga dama.,refutes,nei,0.3338114,0.2892868,0.3769018
hausa,Ahmed Musa bai buga wasan gasar cin kofin duniya ta 2018 ba.,refutes,nei,0.32966578,0.2907896,0.37954462
hausa,Talakawa da yawa suna rabauta da zakkar da masu kuɗin Kano ke fitarwa a lokacin azumin ramadana.,nei,nei,0.332581,0.28962237,0.37779662
hausa,"A wasu ƙasashen Yammacin Afirka, ‘ya’yan agwaluma ana amfani da su wajen markaɗe",nei,nei,0.32884493,0.29194748,0.37920755
hausa,Dajin Yankari ya fara ne daga kudancin Kano kuma ya kare a arewacin Jigawa.,refutes,nei,0.33407405,0.28770918,0.3782167
hausa,Kwankwaso ya zaɓi Abba Kabir Yusuf ya yi masa mataimakin gwamna a zangon mulkinsa na biyu.,nei,nei,0.33396265,0.28881636,0.377221
hausa,lauyoyin Trump sun hana shi magana akan batun tunzura magoya bayan sa da su kai wa majalisar ƙasar hari.,supports,nei,0.33308765,0.29044884,0.37646353
hausa,"Kananan hukumomin Dambatta, makoɗa da Minjibir na samun ruwan sha daga Thomas dam.",supports,nei,0.33233207,0.28995344,0.37771448
hausa,Jihohin Florida da Ohio na daga cikin manyan jihohin da duk wani ɗan takarar shugabancin kasar Amurka ke buƙatar ci don samun nasara.,supports,nei,0.33392736,0.28827366,0.37779891
hausa,Ana samun dabbobi masu shayarwa da masu rarrafe da kuma tsuntsaye a wurin shaƙatawa na Kainji.,supports,nei,0.33413225,0.28893456,0.3769332
hausa,"Yanda ake miyar taushe, da farko ana zuba ayaba",refutes,nei,0.33077586,0.28982347,0.3794007
hausa,Suya ta samo asali ne daga wasu sassan Arewacin Najeriya,supports,nei,0.32887787,0.29134956,0.37977254
hausa,Mabiya Sunnah sun zaɓi Abubakar ya jagorance su saboda Annabi bai nuna wanda zai bi bayan sa ba.,supports,nei,0.3343802,0.28781283,0.37780696
hausa,Gwamantin Abba Kabir Yusuf ta rushe shagunan da ke jikin masallacin idi saboda yana ɗaya daga cikin alƙawarin da ta yi loƙacin yaƙin zaɓe.,nei,nei,0.33405814,0.2877151,0.3782267
hausa,Rashin madatsun ruwa ne yasa Kanawa basa noman rani.,refutes,nei,0.32942784,0.28998977,0.38058245
hausa,An yi wani zamani a Kano loƙacin da mutane su ke zuwa Dutsen Dala domin bautar gumaka.,supports,nei,0.3329482,0.2892628,0.37778902
hausa,Bala Lau bai taɓa jagoranci a ƙungiyar Izala ba.,refutes,nei,0.33078685,0.29013366,0.37907952
hausa,Jollof din shinkafa ana hada sa galibi tare da soyayyen auduga,refutes,nei,0.3301409,0.2897185,0.3801406
hausa,Zubairu shine yake jagorancin haɗa waƙoƙin yabon Ahmad at-Tijjanī wanda za ayi ranar jumma'a,nei,nei,0.33356407,0.2888066,0.37762937
hausa,"Yahya Jammeh shugaba ne da aka yi masa shaidar nisantar aikata laifuka, musamman laifin cin zarafi.",refutes,nei,0.3339668,0.28839514,0.37763804
hausa,Ana gayyatar mahaifiyar Maitama Sule gidan biki saboda ƙwarewarta wurin iya waƙa.,refutes,nei,0.3312324,0.2911815,0.37758613
hausa,Babu bambanci tsakanin ambaton Musa da Yesu a Al-Qur’ani.,refutes,nei,0.33363816,0.29024845,0.37611336
hausa,Ba sosai yara ke koyan yadda ake zamantakewa da abokai a makaranta ba.,refutes,nei,0.32961786,0.29029554,0.38008657
hausa,Ba sosai mutane ke kiwon raƙumi a gidajensu ba.,nei,nei,0.33132288,0.28926128,0.3794158
hausa,Iran da yi amfani da hukuncin kisa akan wadanda aka kama da laifin yin fasadi a bayan ƙasa.,supports,nei,0.3340147,0.2892566,0.3767287
hausa,An kafa kamfanin shayi mai suna Lipton a garin Mambila.,nei,nei,0.33114764,0.29018793,0.3786645
hausa,Chinenye Okafor ta bar wasan ƙwallon kafa ne saboda ra'ayin kanta.,refutes,nei,0.3312713,0.28976125,0.37896746
hausa,Wasu daga cikin rubutattun waƙoƙi na farko a Afirka an yi sune da arabiya wanda aka rubuta a ƙarni na 27 KZ.,refutes,nei,0.33344388,0.28969902,0.37685716
hausa,Wasan ƙwallo ƙafa ya kasan ce mafi soyuwa a tsakanin matasa a Najeria,nei,nei,0.32976204,0.29127634,0.37896156
hausa,Al'umma da yawa suna ƙyamar mawaƙa.,nei,nei,0.33093768,0.29045892,0.3786034
hausa,Kafafen sada zumunta sun sauƙaƙa hanyar da mutane ke isar da saƙo.,nei,nei,0.33159858,0.2899434,0.378458
hausa,akwai mutane da yawa da suka ɗauki yin kiɗa a matsayin sana'a.,nei,nei,0.3317047,0.28958845,0.37870687
hausa,"A wasu lokuta, ango na iya kara kayan lefe da kayan zamani kamar kayan lantarki ",nei,nei,0.33243373,0.2888747,0.37869155
hausa,An yaɗa bidiyon karatun ƙur'ani na mawaƙiya Sofia Sadek a shafukan sadarwa kamar su YouTube.,supports,nei,0.33222568,0.2887571,0.37901717
hausa,Umar dan Abdul'aziz ne ya bada umarnin tattarawa da kuma rubuta hadisan Annabi Sallallahu Alaihi Wasallam.,supports,nei,0.33415312,0.28878224,0.37706465
hausa,Tuwon shinkafa yana ɗaya daga cikin abincin da turawan zamani suka kawo.,refutes,nei,0.3311425,0.28838632,0.38047117
hausa,Trump ba ya buƙatar ƙuri'ar 'yan jihar Florida don zama shugaban Amurka,refutes,nei,0.33288047,0.28966492,0.37745464
hausa,Bala Lau ne ya ke shugabantar ƙungiyar Tijjaniya ta Kano.,refutes,nei,0.3337988,0.2883732,0.37782806
hausa,Duniyar musulunci ta zaɓi karantarwar Imam Malik Ibn Anas a matsayin ɗaya daga cikin mazhabobi 4 na musulunci.,supports,nei,0.33488423,0.28900886,0.37610695
hausa,Barau I Jibrin ya zama dan majalisar wakilai ta tarayya a shekarar 1999.,supports,nei,0.33373854,0.28940815,0.3768533
hausa,Ana barin mutane su ɗebi ruwa daga rijiyar kusugu ranar Juma'a kawai.,supports,nei,0.33151975,0.2909085,0.37757173
hausa,Jihohin arewacin Najeriya da dama sun sanya dokar yin gwajin jini kafin a daura aure a kowanne masallaci.,nei,nei,0.33348048,0.28825966,0.37825984
hausa,"Goge, garaya, da kalangu kayan kiɗa ne da ake amfani da su a ƙasar Hausa.",supports,nei,0.33253565,0.28929344,0.37817094
hausa,"A al’adar Hausawa a wasu yankuna, ana gudanar da raɗin suna ne a kwanaki bakwai bayan haihuwa",nei,nei,0.33281642,0.28805298,0.37913057
hausa,Sarauniyar yankin za ta ba da rabin garin ga duk wanda ya kashe macijin.,supports,nei,0.33211857,0.2909616,0.37691984
hausa,Darajar Naira ta karye a kasuwar musayar kuɗi ta Najeriya a rahotannin da aka samu a cikin watan Nuwanbar shekarar 2025.,nei,nei,0.3335603,0.29029575,0.37614396
hausa,"Ana yin miyar gyaɗa ne ta amfani da gyaɗa da kayan yaji, sannan a soya da ruwa da maggi har sai ta dahu.",supports,nei,0.33342606,0.28892243,0.37765157
hausa,Mabiya addinin Islam suna amfani da ibada da addu’a a cikin rayuwarsu ta yau da kullum.,nei,nei,0.33248624,0.28882107,0.37869272
hausa,Wasu malaman addinin musulunci da kiristanci sun bayyana rashin amincewarsu da gaskiyar cutar korona.,supports,nei,0.33360848,0.2891315,0.37725997
hausa,Ana ganin Sallar Idi Babba ta fi daraja a cikin biyun.,supports,nei,0.33338878,0.28873315,0.3778781
hausa,Tuwon masara ana haɗa shi ne ta hanyar niƙa ko tankaɗe tsakin wake.,refutes,nei,0.33106473,0.289468,0.37946725
