language,claim,gold_evidence,gold_label,predicted_label,supports_score,refutes_score,nei_score
hausa,Shugaba Muhammadu Buhari ya kaddamar da eNaira a ranar 20 ga watan Yunin 2016.,"An samo sunan “Naira” daga kalmar “Nigeria” ta Obafemi Awolowo.Sai dai kuma, Naira a matsayin kudin da Shehu Shagari ya kaddamar a matsayin ministan kudi a shekarar 1973. Babban bankin Najeriya ya yi ikirarin cewa sun yi yunkurin shawo kan hauhawar farashin kayayyaki a duk shekara kasa da kashi 10%.",nei,supports,0.6509588,0.29014423,0.05889699
igbo,Ngagharị iwe a bụ ụzọ e si edozi esemokwu.,Ọ bụ nnukwu nnupụisi mbụ ụmụ nwanyị mere na West Africa.,nei,nei,0.07208767,0.079720184,0.8481922
igbo,Ihe isi ike anaghị emetụta ihe ndị e ji alụ ụm̀ụ nwaanyị Igbo. Ụmụ ntorobịa Igbo kwuru na ha zuru ka emee.,"Ndị ntorobia Igbo: Belatanụ Ihe eji alụ nwaanyị Ndị ntorobia Igbo akpola oku ka obodo dị n'Igbo wedata ihe ndị ọ na-eri iji lụọ nwaanyị n'ala igbo. Ndị ntorobịa kwuru a nke na mkparịtaụka BBC hiwere na Facebook ụbọchị Fraide rụtụ®ụaka na ihe isi ike, ihe ilụnwaanyị na-erị nakwa oke mgbuchi nne nna na Igbo na-egbuchi ụmụ ha ndị nwaanyị so 'ihe na akpata alụghhị di maọbụ nwaanyị n'oge.",refutes,refutes,0.038882125,0.837434,0.123683915
igbo,"N'ịgbado ụkwụ n'oke ala nakwa ngwaahịa, Ahịa Main Market Ọnicha bụ otu n'ime ahịa kacha bu ibu n'ọdịda anyanwụ Afịrịka",Ahịa Ọnicha nke a makwaara dị ka Onitsha Main Market na bekee bụ otu n'ime ahịa kacha ibu na ọdịda anyanwụ Afrịka dabere na nha ala na oke ngwongwo ahịa a n'ere ebe ahụ.,supports,supports,0.8718496,0.11689023,0.011260148
yoruba,"Abíọ́lá ní ìfẹ́ sí ìṣèlú látìgbà tí ó wà ní ọmọ ọdún mọ́kàndínlógún, ó sì bẹ̀rẹ̀ sí í kópa ní ẹgbẹ́ òṣèlú látàrí ìfẹ́ tí ó ní sí i.rẹ̀ sí i.","Abíọ́́lá jẹ́ Olóòtú ìwé ìròyìn ọ̀sọ̀ọ̀sẹ̀ ilé-ìwé wọn tí ó ń jẹ́ tí sì jẹ́ igbákejì rẹ. Ó dára pọ̀ mọ́ ẹgbẹ́ ní ìgbà tí ó di ọmọ ọdún mọ́kàndínlógún nítorí ìfẹ́ tí ó ní sí ètò òṣèlú àwa arawa ó darapọ́ mọ́ ẹgbẹ́ òṣèlú jẹ́ olùdásílẹ̀ rẹ̀ Ní ọdún 1960, Moshood jẹ àǹfàníi ẹ̀kọ́ ọ̀fẹ́ ti ijọba láti lọ ka ìwé ní University ti Glasgow ní ìlú Scotland ni ibi tí ó ti gba oyè nínú ìmọ̀ ìṣirò.",supports,supports,0.851049,0.14192477,0.007026208
hausa,Rabiu Musa Kwankwaso ne ya naɗa Sunusi Lamido Sunusi sarautar Kano bayan mutuwar Ado Bayero.,"Ado Bayero ya kasance kafin ya zama sarkin kano shahararren ɗan kasuwa ne, kuma yayi aikin banki, tsohon ɗan sanda ne kuma Sannan yayi aiki a matsayin jakadan [Nijeriya]",nei,supports,0.6970151,0.29392815,0.009056761
igbo,Akwa mmiri ahụ adaala.,"Dịka ọ dị ugbua, amabeghi ihe ha kpatara na nzukọ a.",nei,nei,0.019359186,0.4085675,0.5720733
hausa,"Ango a al'adar Hausawa yana da alhakin siyan kayan lefe kafin aure, sannan kayan ana kai su gidan amarya ta hannun mata.","Al'adar Hausawa ce inda ango ke siyan kayan amfani masu kyau da tsada a matsayin wata babbar kyauta da zai bawa amaryarsa. Wadannan kyaututtukan ango na gama sayen sune kafin Auren shi, bayan sun gama kammaluwa, sai iyayen Ango kama daga Inna, Gwaggonninsa da sauran su, mata ne suke kai kayan gidan Amarya, Ita kuma Amarya sai iyayen ta mata su karba kayan su dan ba iyayen Ango abinci da dan tukuici. ",supports,supports,0.9494499,0.043791797,0.0067583397
igbo,Ụfọdụ ụlọakwụkwọ dị na Beijing na Shanghai emepebeghị dịka ụmụakwụkwọ agaghị akwụkwọ taa,Ụfọdụ ụlọakwụkwọ dị na Beijing na Shanghai emepekwaala dịka ụmụakwụkwọ malitere ịga akwụkwọ taa.,refutes,refutes,0.080468245,0.90226,0.017271778
igbo,O bụ ịkọ ọrụ ugbo so na ọrụ ndị mba Brazil dabere na ya isi na-abawanye ọnọdụ akụ na ụba ha ruo ugbu a.,"Mbaise bụ mpaghara dị na Imo Steeti na ndịda ọwụwa anyanwụ . N'etiti , mpaghara ahụ gụnyere ọtụtụ obodo na obodo ukwu. Ndị bi na ya bụ ndị agbụrụ, ndị jikọtara site na alụmdi na nwunye. Mbaise bụ mpaghara kacha nwee ọnụ ọgụgụ mmadụ n'Ebe Ọdịda Anyanwụ Afrịka; ọnụ ọgụgụ ndị bi na ya n'afọ 2006 bụ puku narị isii na iri nà otu, narị abụọ na anọ.",nei,refutes,0.07835817,0.68914425,0.23249751
hausa,Muhammadu Buhari ya zama shugan kasa na mulkin soja yana matsayin kanal.,"Muhammadu Buhari (17 Disamba 1942 – 13 Yuli 2025) ne wanda ya yi mulkin ƙasar a matsayin daga 2015 zuwa 2023. Soja ne mai matsayi na majo janar a , kuma ya shugabanci ƙasar a matsayin daga 31 Disamba 1983 zuwa 27 Agusta 1985. Buhari ya tsaya takarar shugaban ƙasa a Najeriya a ƙarƙashin jam’iyyar a zaɓen shugaban ƙasa na 2003 da na 2007, sannan kuma a ƙarƙashin jam’iyyar Congress for Progressive Change (CPC) a zaɓen shugaban ƙasa na 2011",refutes,refutes,0.045205668,0.9245208,0.030273572
igbo,"N'ịgbado ụkwụ n'oke ala nakwa ngwaahịa, Ahịa Main Market Ọnicha akaghị ahịa Arịarịa nke Aba bu ibu",Ahịa Ọnicha nke a makwaara dị ka Onitsha Main Market na bekee bụ otu n'ime ahịa kacha ibu na ọdịda anyanwụ Afrịka dabere na nha ala na oke ngwongwo ahịa a n'ere ebe ahụ.,refutes,refutes,0.057826314,0.9342044,0.007969289
yoruba,"Ní orílẹ̀-èdè Nàìjíríà, ètò ìkànìyàn bẹ̀rẹ̀ Ní ọdún 1852 láti ṣe àkọsílẹ̀ iye èèyàn tó wà lórílẹ̀-èdè náà.","Gẹ́gẹ́bí àkọsílẹ̀ ètò ìkànìyàn ọdún 2006, àpapọ̀ iye enìyàn tó wà ní Àgbádárìgì jẹ́ 241,093.",nei,supports,0.87811905,0.04991276,0.071968235
igbo,Otu onye bi n'Anambra kwuru na ọ ruola afọ iri mmiri gbadebere na mpaghara ya.,Otu onye bi Enugwu sị na o ruola afọ iri mmiri gbadebere na mpaghara ya bi n'Enugwu.,refutes,supports,0.92590535,0.06521632,0.008878359
hausa,Usman Dan Fodiyo ɗan asalin kabilar Hausawa ne.,Shehu Usman Ɗan Fodiyo yayi yaki a tsakanin shekarar alif dubu ɗaya da ɗari takwas da huɗu (1804) har zuwa alif dubu ɗaya da ɗari takwas da sha biyu (1812) ya fito ne daga ƙabilar Toronkawa na fulani. ya kasance daga zuriyar ɗaya daga cikin dangin (Toronkawa) na ƙabilar dake zaune a cikin tun daga farkon shekara ta alif dubu ɗaya da ɗari hudu (1400),refutes,refutes,0.01974122,0.93674564,0.043513063
igbo,Naanị ikuku na ọhịa bụ ihe dị ka ọrụ ugbo mkpa iji wee ịga nke ọma,"Ọrụ ugbo chọrọ mmiri, aja di mma na ala di larịị.",refutes,refutes,0.095362835,0.86313677,0.04150046
igbo,"Nnamdị Kanu bụ omeiwu. Ụgbụa, a kpọgara ya ụlọ nga dị na Sokoto.",N'ofesi Otu onye oji egbe agbagbuola ihe ruru mmadụ isii n'otu ụlọọgwụ dị na mba Czech Republic ma gbagbuo onwe ya n'akụkọ ebe ahụ. Ndị uweojii hụrụ ozu nwoke a dịka ọ tọgbọ site n'ọnya egbe ọ gbara onwe ya n'isi.,nei,refutes,0.29144365,0.6640299,0.044526473
hausa,Masanin tarihin abinci da aikin gona James C. McCann ya ba da shawarar daina yaɗa shinkafa.,"Masanin tarihin abinci da aikin gona James C. McCann yayi la'akari da wannan ikirarin mai yiwuwa idan aka yi la’akari da shaharar shinkafa a cikin kwarin Niger ta sama, amma yana ganin ba zai yuwu tasa ta iya yaɗuwa daga Senegal zuwa inda take yanzu tunda ba a ganin irin wannan yaɗuwar a cikin “harshe, tsarin siyasa ko tarihi "". Maimakon haka ya ba da shawarar cewa tasa ta yaɗu tare da masarautar Mali, musamman masu sana'ar Djula waɗanda suka bazu ko'ina zuwa cibiyoyin kasuwanci da biranen yanki, tare da ɗaukar fasahar tattalin arziƙin ""ƙera, ƙaramin sikelin, da agronomy shinkafa"" gami da addini. na Musulunci.",refutes,refutes,0.09716271,0.457316,0.44552132
hausa,Yan majalisar sun ce su wakilan jama'a ne don haka suna da ikon yin ƙarin ayyuka a cikin kasafin.,"Game da ayyukan da aka ce 'yan majalisar sun kara, ya ce su ma wakilai ne ""na jama'a kuma suna da damar sanya ayyukan da za su yi tasiri a rayuwar talaka,"" kamar yadda wata sanarwa da ya aike wa manema labarai ta ce.",supports,supports,0.80236566,0.051128812,0.14650549
yoruba,"Nígbà tí Buhari jẹ́ ààrẹ, ó lo sáà méjì àti àbọ̀ kí ó tó kúrò ní ipò.","Muhammadu Buhari (tí wọ́n bí ní Ọjọ́ ketàdínlógún, Oṣù Kejìlá Odún 1942 o si ku ni Oṣu Keje ọjọ 13, Ọdun 2025) olóṣèlú tí ó jẹ́ Ààrẹ orílè-èdè láàrin ọdún 2015 sí ọdún 2023. Ó lo ṣáà àkọ́kọ́ rẹ̀ láàrin odún 2015 sí 2019 àti kejì láàrin ọdún 2019 sí 2023 .",refutes,refutes,0.19423005,0.6113867,0.19438322
yoruba,Gbogbo ìlú tí ó wà ní ìpínlẹ̀ Kwara ni ẹ̀yà náà tẹ̀dó sí.,"Àwọn méjì tí ó jẹ́ akíkanjú jùlọ ìyẹn Ajẹbú àti Olóde ni a pa orúkọ wọn pọ̀ tí ó wá di “AJẸ́BU-OLÓDE” èyí tí à ń pè ní ÌJẸ̀BÚ-ÒDE títí di òní olóni yìí. Èdè Ìjẹ̀bu ni àwọn ẹ̀yà yìí máa ń sọ. A sì le rí wọn káàkiri ilẹ̀ Nàìjíríà. Àpẹẹrẹ àwọn ìlú tí a lè rí ni ẹkùn Ìjẹ̀bú ni Ìjẹ̀bú-Òde, Musin, Ata-Ìjẹ̀bú, Imọ̀pè, Òdo-Pótu, Àgọ́-Ìwòyè, Ìjẹ̀bú-Igbó, Orù, Awà, Ìlápòrú, Ìṣònyìn, Ìpàrí-Ńlá, Òdokálàbà, Ìdọwá, Merígò, Òdoogbolú, Ọ̀ṣọṣà àti bẹ́ẹ̀ bẹ́ẹ̀ lọ.",nei,nei,0.0069355336,0.13603412,0.85703033
igbo,"Mmanya ndị dị ka fanta, coke na sprite na-amasị ụmụaka iji je akwụkwọ","Eji aha dị iche iche mara ya na mpaghara dị iche iche ma bụrụkwa ihe a na-ahụkarị na mpaghara Eshia, Africa, Caribbean, South America na Micronesia . ",nei,nei,0.008661919,0.0356539,0.9556842
hausa,"Hadisi na nufin faɗar Annabi Sallallahu Alaihi Wasallama, aikin sa da kuma tabbatarwarsa.",A wajen su ma’anar Hadisi shi ne Hakaito Fadar Manzon Allah [S.A.W] Aikinsa da kuma Tabbatarwarsa.,supports,supports,0.93572146,0.048844766,0.015433846
hausa,Sunna na nufin abinda Annabi (S.A.W) ya yi ko aka yi a gabansa bai hana ba.,"Asalin sunan ya zo ne daga kalmar Sunna , wato koyi da yin dukkan abun da Annabi (S.A.W.) ya aikata, ko ya yi umarni, da a aikata ko kuma aka aikata shi a gabansa amma baiyi hani akan abun da aka aikatan ba.",supports,refutes,0.27538145,0.7137395,0.010879023
igbo,Ọnụọgụ mmadụ puku abụọ na itoolu anwụọla na mba Kenya n'ihi nje Ebola.,A na-eche na ọtụtụ mmadụ anwụọla na mpaghara Festac dị na Legọs a na-akpọ Abule Ado dịka igwe na-ebu gassị nwuru ọkụ ma gbaa ka ogbunigwe n'ụtụtụ Sọnde. Ebe a mberede a mere dị n'okpuru ọchịchi Amaọdofin. Onye ntaakụkọ BBC nọ n'ebe ahụ n'akọwa na-ana eme nyocha ka achọpụta ụdịrị mmanụ igwe ahụ bụ. Ndị ọrụ gbata gbata dị iche iche nọkwa ebe ahụ.,nei,refutes,0.20143856,0.6172294,0.18133208
igbo,Ozi a ha wepụtara adịghị n'akara twitter ha.,Nke a dị n'ozi ha wepụtara n'akara twitter ha.,refutes,supports,0.6896672,0.21307415,0.09725863
yoruba,Jude Chukwuka: Wò ó bí oríkì àwọn ìlú Yorùbá ṣe yọ̀ lẹ́nu ọmọ Igbo jú ọmọ onílùú lọ.,"Agba amofin naa gba awọn gomina mejeeji yii ni gbolohun nitori abẹwo ti wọn se sọdọ aarẹ Buhari lọjọru lori eto aabo to mẹhẹ nipa ọsẹ tawọn ọdaran darandaran n se. Bẹẹ ba gbagbe, gomina Makinde ati Akeredolu lo tọ Buhari lọ nilu Abuja lati beere fun afikun eto aabo to peye, nitori ọwọja awọn ọdaran darandaran to gogo nipinlẹ koowa wọn. Àwọn iròyin tì ẹ leè ní ìfẹ̀ síí: Makinde, to bawọn akọroyin sọrọ lẹyin ipade wọn pẹlu aarẹ si ni oun lo anfaani abẹwo naa lati beere fun agbekalẹ afikun ileesẹ ọlọpaa kogberegbe nipinlẹ toun. Ifọrọwerọ pẹlu Gani Adams lori ọrọ Sunday Igboho Amọ Falana, lasiko to n takurọsọ pẹlu awọn akọroyin ni, awọn gomina yiii ni ipese eto aabo to peye wa nikawọ wọn, pẹlu ileesẹ ọlọpaa, ko si yẹ ki wọn lọ sọdọ aarẹ. Agba amofin naa woye pe aarẹ lo n dari ileesẹ ologun nilẹ Naijiria, kii se ileesẹ ọlọpaa, ko ba si san ko jẹ pe ọdọ ajọ to n sakoso ileesẹ ọlọpaa nilẹ wa, ni wọn gbe ibeere wọn lọ.",nei,nei,0.012842488,0.037327524,0.94983
yoruba,Ẹ̀sìn ìsìláàmù jẹ́ àṣà tí Ọlọ́run ń lò láti fi ránṣẹ́ sí ànọ́bì kí àlàáfíà àti ìrọ̀rùn lè wà láàárín gbogbo ọmọnìyàn.," jẹ́ ẹ̀sìn àlááfíà,ìrọ̀rùn àti ìjupá-jusẹ̀ sílẹ̀ fún Ọlọ́run aṣẹ̀dá gbogbo ayé nípa ṣ́iṣe ìfẹ́ àti títèlé àṣẹ rẹ̀ yálà o tẹ́ ọ lọ́rùn tàbí kò tẹ́ ọ lọ́rùn. Ó tún jẹ́ ẹ̀sin tí Ọlọ́run tún fi ránṣẹ́ sí gbogbo ayé látọwọ́ àwọn òjíṣ̣́e rẹ̀ tó ti rán wá ṣáájú ànọ́bì ọmọ Abdullah (kí ìkẹ́ àti ọlà Ọlọ́hun ó ma bá a). ",refutes,supports,0.90378046,0.07487577,0.021343766
yoruba,Àwọn ọmọ ẹgbẹ́ PDP fẹ̀hónúhàn nílé ẹjọ́ gíga jùlọ lórí owó ìṣúná ẹ̀ka ìdájọ́.,"Àwọn ọmọ ẹgbẹ́ PDP fẹ̀hónúhàn nílé ẹjọ́ gíga jùlọ Iru ofin wo ni wọn fi n ṣe eto owo iṣuna ẹka idajọ tẹlẹ? Ṣaaju ki Aarẹ Buhari to o pa aṣẹ naa, awọn gomina ipinlẹ lo ma n sọ iye owo ti wọn yoo fun awọn ẹka ijọba yooku, to fi mọ yiyọnda owo naa fun wọn. O ma n farahan ninu aba owo isuna ti wọn n gbe lọ siwaju awọn aṣofin ipinlẹ.",supports,nei,0.07809996,0.036897752,0.8850023
yoruba,"Sunday Igboho ní pé àwọn Fulani kò leè dúró, táa bá lo ohun tí a jogún lọ́dọ̀ àwọ̀n bàbá ńlá wa.","Awọn ara adugbo naa ti wa rọ ijọba ipinlẹ Ọyọ lati tete da si ọrọ naa tori kii se igba akọkọ ree ti awọn ọmọ onilẹ yoo wa maa dun mahuru-mahuru mọ wọn lori ilẹ ti wọn ti ra lati ọdun gbọọrọ. Gẹgẹ bi iroyin naa ti wi, nigba ti BBC Yoruba kan si agbẹnusọ fun ileesẹ ọlọpa nipinlẹ Ọyọ, Olugbenga Fadeyi lati gbọ tẹnu rẹ, o ni ka pe oun pada laipẹ.",nei,refutes,0.034865703,0.92799133,0.037143003
yoruba,"Àwọn arákùnrin kan figbe ta nígbà tí wọ́n gbọ́ pé ọmọ Buhari fẹ́ ṣe ìgbeyawò, kódà ọ̀kan lára wọn ní òun máa ṣekú pa ara òun bí òun kò bá ní oore-ọ̀rẹ́ láti fẹ́ arábìnrin náà.","Amọ oniruuru awọn ọkunrin lo ti jade sita lati kede ifẹ ti wọn ni si Hanan, ni kete ti wọn gbọ pe o fẹ se igbeyawo,to si wu wọn lati fi se aya wọn. Koda, ọkan lara wọn ni Abba Ahmed, ẹni to kede pe oun setan lati pa ara oun ti ọmọ aarẹ ba fi se igbeyawo lẹyin oun. Ọpẹlọpẹ ileesẹ ọlọpaa to parọwa si ọkunrin naa, ti ko fi se bo se wi. Nibayii, Abdullahi Bashir, ẹni ọdun mejilelogun to tun ti yọju sita lori itakun agbaye, to si ni aise alabapade ọmọ aarẹ nilu Abuja lati fẹ, da irẹwẹsi si oun lara. Amọ Bashir, tii se ẹlomiran to tun sẹsẹ kede ifẹ rẹ si Hanan loju opo itakun agbaye, ni to ba jẹ pe ọmọ aarẹ fẹ oun ni, maalu aadọjọ ni oun ko ba fi san owo ori rẹ. Sugbọn ọkunrin naa, ni kete to gbọ pe oloruka ti gba oruka, ti Hanan si ti lọ sile ọkọ rẹ, lo ba gba fun Ọlọrun. Bashir, tii se darandaran nipinlẹ Adamawa lo kede pe oun ti yofẹ pẹlu ọmọ aarẹ ati awọn aworan fọto to n ya. O ni to ba see se ni, obinrin naa lo wu oun lati fi se aya. Iléeṣẹ́ Ọlọ́pàá dènà ọkùnrin tó fẹ́ pa ara rẹ̀ nítorí ọmọbìnrin Buhari Saaju la ti kọkọ mu iroyin wa fun yin pe ileeṣẹ ọlọpaa ni ipinlẹ Kano ni oun ti pẹtu sinu arakunrin kan, Abba Ahmed, to ni oun yoo pa ara oun ti ọmọ aarẹ Buhari, Hanan ko ba fẹ oun. Ahmed ti fi lede bayii pe oun ti jawọ ninu ero bẹẹ, nitori o ti han gbangba pe iru ero bẹẹ ko dara rara, ati wi pe ko fihan pe oun fẹran Hanan.",supports,supports,0.75121903,0.11015914,0.13862179
igbo,Ndị edemede America na Dreux Richard bi na Okwe iji mezue ederede ya mgbe ọ nọ Naijiria.,Onye edemede America na onye edemede Dreux Richard bi na Okwe iji mezue ederede ya mgbe ọ nọ na Naijiria.,supports,nei,0.372023,0.084126405,0.5438506
hausa,Babu bambanci tsakanin ambaton Musa da Yesu a Al-Qur’ani.,"A Musulunci, Musa fitaccen Annabi ne kuma manzon Allah kuma mutum ne da aka fi ambata a cikin Alkur’ani, inda aka ambaci sunansa har sau 136, an kuma ba da labarin rayuwarsa fiye da na kowane Annabi. Ana ɗaukan Yesu wani annabi mai muhimmanci tare da haihuwarsa mara uba, (66:12, 21:89) na musamman tare da furcin da aka yi amfani da shi a gare shi, kamar “kalmar” da “ruhu” daga wurin Allah da kuma sura da aka keɓe ga uwarsa Maryamu a cikin Littafi Mai Tsarki.",refutes,refutes,0.033272225,0.9542303,0.012497443
yoruba,Lára àwọn òrìṣà tí Olódùmarè rán wá láti ìkọ̀lé ọ̀run sí ayé ni Èṣù. Ó sì wà láàárín àwọn ibọ ìran Yorùbá.,"Èṣù jẹ́ ọ̀kan lára àwọn tí àwọn ìran Yorùbá ń bọ. Ó wà lára àwọn òrìṣà tí Olódùmarè rán láti ìkọ̀lé ọ̀run wá sí ayé. Èṣù ni a lè pè ní olópàá tàbí agbófiró àwọn òrìṣà yòókù tí Olódùmarè rán. Ìdí nipé òun ní o máa rí i dájú pé wọ́n tèlé òfin. Bí ó tilẹ̀ jẹ́ pé orúkọ Eṣù tí yàtọ̀ láti orílè-èdè kan sí òmíràn, ọ̀nà tí wọ́n ń gbà sìn í kò yàtọ̀.",supports,supports,0.7617324,0.23252757,0.0057400423
hausa,Sarauniya Amina ta samu sarautar Zazzau a shekarar 1533.,"Sarauniya Amina Sarauniyar Zazzau, ta rayu daga shekara ta alif 1533 zuwa shekara ta alif 1610, ɗaya ce daga cikin yara biyu da sarkin Bakwa ya haifa.",refutes,supports,0.50301415,0.4785238,0.018462067
yoruba,Dangote ni ẹni tí ó kọ́kọ́ ní ilé-iṣẹ́ Ìfọpo ní orílẹ̀-èdè Nàìjííríà.,Ẹ̀wà Àgànyìn jẹ́ oúnjẹ àdúgbò tí ó wọ́pọ̀ ní ọ̀pọ̀lọpọ̀ ìpínlẹ̀ ní orílẹ̀-èdè pàá pàá jùlọ Wọ́n ma ń sábà se ẹ̀wà yí kí ó rọ̀ tàbí kí ó fọ́ dára dára .,nei,supports,0.6402675,0.09292301,0.2668095
igbo,Ndị na-achịkwa Ahịa Main Market Ọnicha ruo taata bụ ndị National Union of Road Transport Workers (NURTW).,Ndị na achịkwa ma na elekọta ahịa ahụ bụ otu a na akpọ na bekee Onitsha Market Traders Association (OMATA).,refutes,supports,0.929656,0.059562046,0.010781946
yoruba,"Ernest wà ní ipò láti ọjọ́ mẹ́rindínlọ́gbọ̀n, oṣù kẹjọ, ọdún 1993 títí dé ọjọ́ kẹ́tadínlógún, oṣù kọkànlá ọdún 1993 tí ó fi fẹ̀yìn tì.","Ernest Adégúnlé Oládéìǹdé Shónèkàn, ( ọjọ́ kẹẹ̀sán, oṣù Ebi ọdún1936 ní , orílẹ̀-èdè ) jẹ́ agbejọ́rò ará ilẹ̀ Nàìjíríà. Shónékà jẹ́ fún ìgbà díẹ̀ láti ọjọ mẹ́rìndínlọ́gbọ̀n, oṣù kẹ́jọ, ọdún 1993 títí dé ọjọ́ kẹtàdínlógún, oṣù kọkànlá, ọdún 1993 tí ọ̀gágun fipa gbà joba lọ́wọ́ rẹ̀.",supports,supports,0.9616244,0.03028981,0.008085905
hausa,Duk farkon damuna manoma na yin amfani da lauje wurin cire ƙiraren ciyawa da suka bushe.,"Haka kuma suna wani karin magana ""akwai lauje cikin naɗi"" ma'ana in kaji bahaushe yace akwai lauje cikin naɗi, kenan akwai wani munafunci.",nei,supports,0.8006201,0.055944175,0.14343572
yoruba,"Ní àgbáyé, ọbẹ̀ jẹ́ ohun pàtàkì nínú oúnjẹ tí ènìyàn ń jẹ láti lókun.","Ọbẹ̀ Oha jẹ́ ọbẹ̀ tó wọ́pọ̀ ní apá gúúsù mọ́ ìlà-oòrùn orílẹ̀-èdè . Ọbẹ̀ oha jẹ́ ọbẹ̀ agbègbè Ìlà-oòrùn, tó sì jẹ́ pé àwọn ará Íbò ni wọ́n sábà máa ń sè é, láti ará igi ewébẹ̀ láéláé tí orúkọ sáyẹ́ńsì rẹ̀ ń ṣe Pterocarpus mildraedii ni ọbẹ̀ náà ti ṣẹ̀.",nei,nei,0.010882534,0.21826722,0.77085024
hausa,Super Eagles sun lashe Gasar Cin Kofin Afirka ta farko,"Baturen Ingila ne ya fara gabatar da kwallon kafa a Najeriya a farkon karni na ashirin.Wasan kwallon kafa na farko da aka yi rikodin a Nijeriya shi ne a shekara ta Alif 1904. Zuwa shekarar ta 1950, kwallon kafa ta zama wasan kasa na kasar. A wannan lokacin a tarihin Afirka, ƙasashe da yawa sun fara shiga cikin ƙungiyoyin kishin ƙasa inda suka nuna rashin amincewa da ikon mulkin mallaka.A Najeriya, kwallon kafa ta bai wa 'yan kasa abin alfahari na kasa tare da zaburar da su don samun' yancin siyasa.",nei,refutes,0.02203222,0.8809038,0.09706396
hausa,Jerin sunanyen wannan shekar ya fito daga ofishin shugaban makaranta.,"Ana haɗa shi da ko miyar taushe ko miyar wajen ci. . Wato tuwon shinkafa yana ɗaya daga cikin abincin gargajiya, saboda shi ma akan haɗa shi da garin masara wani sa’in. Amma mafi akasari wasu ba sa sa wa, sannan sunan tuwon shinkafa ya samo asali ne daga shinkafar da ake yinsa da ita.",nei,nei,0.018360825,0.03666832,0.94497085
yoruba,"Ìṣẹ̀lẹ̀ yìí mú Bisi Fayemi sunkún nítorí ìṣẹ̀lẹ̀ yìí ti ṣẹlẹ̀ sí òun náà rí, lásìkò tó wà ní ilé-ẹ̀kọ́ gíga.","Akori fidio naa lo pe ni 'Ibalopọ fun maaki' tawọn oloyinbo n pe ni 'Sex for Grades', eyi to ti n mu ki oju awọn opo itakun agbaye gbona jain-jain. Ẹkunrẹrẹ fidio oniwakati kan ti BBC fisita nirọlẹ ọjọ Aje naa ree: End of YouTube post, 1 Bi o tilẹ jẹ pe fidio onisẹju mẹtala pere ni BBC kọkọ ju sori afẹfẹ nidaji ọjọ Aje naa, lawọn oju opo ikansira ẹni rẹ lori itakun agbaye, eyi ti BBC Yoruba ko gbẹyin nibẹ, amọ nigba ti yoo fi di aago meje irọlẹ ọjọ naa, ẹkunrẹrẹ fidio naa, to jẹ oniwakati kan ti gba afẹfẹ kan. Àwọn iròyin tì ẹ leè ní ìfẹ̀ síí: Olukọ kan lati fasiti Eko, UNILAG, Ọmọwe Boniface Igbenegbu pẹlu akẹẹgbẹ rẹ ni fasiti Ghana, Ọmọwe Paul Butakor, ni wọn foju han ninu fidio naa, amọ fidio oniwakati kan yii lo tun fi oju awọn olukọ meji miran han to n kopa ninu iwa idojutini yii lati fasiti mejeeji taa darukọ siwaju naa.",nei,refutes,0.23449072,0.43954992,0.32595932
yoruba,Obateru Akinruntan sọ wí pé wíwá ohun tí àwọn máa jẹ ló gbé àwọn kúrò ní Ilé-Ifè.,"Sunday Igboho gba àwọn èèyàn Soka n'Ibadan sílẹ̀ lọ́wọ́ àwọn ọmọ onílẹ̀ tó wá ṣọṣẹ́ Ọrọ di boo lọ, ko yago fun mi ladugbo Soka nilu Ibadan lasiko ti gende meji to gbe ohun ija oloro lọwọ, ti wọn pe ara wọn ni ọmọ onilẹ ya bo agbegbe naa. Owurọ ọjọ Isẹgun ana niroyin gba igboro Ibadan kan, tawọn eeyan si n pe sori redio gbogbo nilu naa pe ẹmi awọn eeyan to n gbe ladugbo naa ko de tori awọn gende agbebọn to ya bo wọn. Àwọn iròyin tì ẹ leè ní ìfẹ̀ síí: A gbọ pe se ni iro ibọn n dun lakọ-lakọ, tawọn eeyan si n sa asala fun ẹmi lasiko ti awọn ọmọ onilẹ ọhun ni ki awọn onile gbe ile wọn kuro lori ilẹ awọn. Se lawọn ọmọde ati agba, alaboyun ati awọn iyalọmọ, to fi mọ awọn arugbo n sa asala fun ẹmi wọn, ti awọn to si laya lati beere pe ki lo fa isẹlẹ naa, jẹ ajẹkun iya. Ẹnikan ti isẹlẹ naa soju rẹ salaye pe ọpẹlọpẹ asaaju ọmọ Yoruba kan, Oloye Sunday Adeyẹmọ, ti gbogbo eeyan mọ si Sunday Igboho to tete de sadugbo ọhun lasiko ti laasigbo naa gbona janin-jani. A gbọ pe Igboho ati ọkunrin kan ti wọn pe orukọ rẹ Babatunde Arowolo, ti gbogbo eeyan mọ si Bako, lo de lasiko lati gba awọn eeyan adugbo naa silẹ, ni kete ti aawọn ọmọ onilẹ naa si foju gaani rẹ, ni wọn ba juba ehoro.",nei,nei,0.009020785,0.0654286,0.92555064
yoruba,"Òrìṣà ńlá tí wọ́n máa ń gbóríyìn fún ni Ṣági fún agbára rẹ̀ láti lè pèsè owó, ọlá, àti àṣeyọrí fún àwọn olùsìn rẹ̀.","Àwọn Yorùbá gbà gbọ́ pé Olókun ní ó bí Aje, èyí tí ó jẹ́ Òrìsà fún Ọrọ̀, Ọlá, tí ó wà ní ìsàlẹ̀ òkun. Olókun jẹ́ òrìsà tí ó ń darí àwọn ohun tí ó wà lábé Omi òkun, Ó sí jẹ́ òrìsà tí ó lágbára jù gbogbo ohùn tí ó wà lábé Omi òkun tàbí àwọn òrìṣà kékéèèké tí ó wà lábé Omi òkun. Olókun jẹ́ Òrìsà nlá tí wọn máa ń gbórínyìn fún nípa bí ó ti lágbára láti fún àwọn olúsín rẹ ní Owó, Ọlá, Ọrọ̀, àti àṣeyọrí nígbà tí wọn bá kìí tán. ",refutes,supports,0.5010849,0.45127872,0.04763635
yoruba,Adebayo Shittu je mínísítà fún ètò ìbánisọ̀rọ̀ ní Nàìjíríà láti ọdún 2017 sí ọdún 2019.,"Adebayo Shittu jẹ́ minisita fún ètò ìbánisọ̀rọ̀ ní Nàìjíríà tẹ́lẹ̀ láàárín ọdún 2011 sí 2019 lábẹ́ Ààrẹ tẹ́lẹ̀ rí. Shittu lo rọpo gege bi minisita fun eto ibanisoro, Isa Ali Pantami lo tele.",refutes,supports,0.94742906,0.045349587,0.0072213034
igbo,Pompeo achọtaghị akwụkwọ na-egosi mmekọrịta ochịchị Trump na mba Ukren.,"Gọọmentị chọburu ka e lie Mugabe ebe a na-eli ndị dike obodo ji biri, mana ezinụlọ ya ekweghị. Ha kwuru na Mugabe chọrọ ka ili ya na nke nne ya bụ Bona dịkọta nso. Onweghị onye ọrụ gọọmentị gbalitere n'ọkwa bịara olili Mugabe. Nwunye ya bụ Grace nakwa ụmụ ya socha duru akpati ya ruo mgbe a dọnyere ya n'ala. ",nei,nei,0.012855283,0.44304222,0.5441025
igbo,Mansur Dan-Ali nyere ndị agha Naịjirịa iwu ịkwaga Borno ngwangwa.,Ndị agha kwaga Borno ozugbo! Muhammadu Buhari na ndị isi agha Naịjirịa Gọọmenti etiti enyela ọchịagha Tukur Buratai iwu ya kwara ngwongwo ya gafee n'ọwaanyụ nke ukwu awusa ka ọ ga mara ebe ya bụ asuruasu dowere akaodo. Minista na ahụ maka ndị agha bụ Mansur Dan-Ali kwuputara nke a n'Abuja ụnyahụ.,refutes,refutes,0.03207837,0.780141,0.18778063
yoruba,"Ọ̀kà-Àkókó, Ọ̀bà, Ikun, Arigidi, Ùgbẹ̀, Ọ̀gbàgì, Òkèàgbè jẹ́ àpẹẹrẹ àwọn ìlú tí a lè bá pàdé lábẹ́ ẹ̀yà Àkókó.","Díẹ̀ lára àwọn ìlú tí wọ́n wà ní abẹ́ Àkókó ni: Ọ̀kà-Àkókó, , Ọ̀bà, Ikun, Arigidi, Ùgbẹ̀, Ọ̀gbàgì, Òkèàgbè, Ìkárám, Ìbárám, Iyani, Àkùngbá, Erúṣú, Àjọwá, Àkùnù, Gedegede, Ìsùà, Àuga, Ìkakúmọ́, Ṣúpárè, Ẹpìnmì, Ìpè, Ìfira, Ìsẹ̀, Ìbòròpa, Ìrùn, Iye, Afin, Ìgáṣì, Ṣósàn, Ìpèsì, Etíòro, Ayégúnlẹ̀, Erítí àti Oyín Àkókó.",supports,supports,0.830083,0.16399314,0.0059238574
hausa,Najeriya ta buga wasan farko a gasar cin Kofin Afirka a shekarar 1963,"Baturen Ingila ne ya fara gabatar da kwallon kafa a Najeriya a farkon karni na ashirin.Wasan kwallon kafa na farko da aka yi rikodin a Nijeriya shi ne a shekara ta Alif 1904. Zuwa shekarar ta 1950, kwallon kafa ta zama wasan kasa na kasar. A wannan lokacin a tarihin Afirka, ƙasashe da yawa sun fara shiga cikin ƙungiyoyin kishin ƙasa inda suka nuna rashin amincewa da ikon mulkin mallaka.A Najeriya, kwallon kafa ta bai wa 'yan kasa abin alfahari na kasa tare da zaburar da su don samun' yancin siyasa.",nei,refutes,0.12393475,0.8412873,0.034777902
yoruba,Aganjú jẹ́ iya Sango àti ìyá Àjàká tí wọ́n jọ jọba ní ìlú Ọ̀yọ́ ri.,"Aganjú tàbí Aganyú ni òdò awon elédèè Spanish ni wón ń pè ní . Wón gbà pé ó ń ṣíṣe pọ̀ pẹ̀lú nínú Ẹsin ti àwọn Cuban, èyí tí wọ́n ń pè ní Santería. Wọ́n gbàgbọ́ pé Aganjú ni àjọṣe pẹ̀lú Òrìsà ṣàǹgó. Gẹ́gẹ́ bí Ọba ní Ọ̀yọ́ rí, Aganju jẹ́ ọmọ Ẹ̀gbọ́n Ṣàǹgó tí orúkọ rẹ̀ ń jẹ́ Àjàká. Èyí tí ó jẹ́ pé àwọn méjèèjì tí fi ìgbà kan jẹ́ Ọba ìlú Ọ̀yọ́ rí tí wọ́n ti ìpàṣẹ rẹ̀ di Òrìṣà tí wọ́n ń bọ.",refutes,refutes,0.15512644,0.81597584,0.028897764
igbo,Esemokwu dị n'etiti n̄ọchịchị Naịjirịa na Nnamdị Kanu. Nke mere ka gọọmentị Naịjirịa tụọ ya nga ndụ.," Ụmụnna - Ndị a bụ ụmụnwoke ụmụọkpala si n'ezinaụlọ dị icheiche n'obodo. Ha bụ ndị na-eme mkpebi gbasara okwu dị icheiche n'obodo etu o si gbasara agamnihu na ọdịmma obodo. Ndị ụmụnna ka a na-ekpesara ma onye ọbụla mee ihe ọjọọ, ha bụ ndị na-aga n'ọnụ arụsị ịchọpụta ihe arụsị na-ekwu gbasara obodo maọbụ gbasara ezinaụlọ ha.",nei,refutes,0.09758374,0.8238373,0.07857891
yoruba,"Ìròyìn fi lélẹ̀ pé ọ̀rẹ́ kòríkòsùn ní àwọn olorì méjèèjì yìí, tí wọ́n sì jọ máa ń wọ àǹkóò lọ sóde ní gbogbo ìgbà.","Mo ki ara mi ku oriire, mo si gba adura pe ki Ọlọrun tubọ maa bukun fun mi siwaju si. Emi ni iya onile tuntun lọwọlọwọ laarin igboro."" Iroyin ohun to n lọ fi ye ni pe kori-kosun ni Olori Folashade ati Olori Omowunmi, ti ajọsepọ to dan mọran si wa ni aarin awọn mejeeji. Ankoo asọ ni wọn maa n wọ lọ sode nigba gbogbo, ti wọn si maa n dijọ ya aworan papọ lori ayelujara lati fi han araye pe ọrẹ gidi ni awọn laafin Oyo. Bakan naa ni Olori Omowunmi fidi rẹ mulẹ pe kii se oun nikan ni oun gba ẹbun ile alarinrin yii, nitori ọrọ to sẹsẹ kọ soju opo Instagram rẹ lo sisọ loju eyi. Olori Omowunmi mi oun ati Olori Folashade ko sẹsẹ maa pe ara awọn ni oloriire julọ laarin awọn obinrin. ",supports,supports,0.54655504,0.35621604,0.09722894
igbo,Davido kwuru na enyi ya nwaanyị bụ Chioma nwere ọrịa coronavirus. Davido matara ọrịa enyi ya nwaanyị mgbe ha si London lọta.,Davido kọwara na ọ bu dịka o si njem Lọndọn lọta were mee nyocha ka ha chọpụtara na Chioma bụ coronavirus. Nwa ha nwoke ebughị ya bụ ọrịa. O kwuru na-ahu siri Chioma ike dịka o dopụrụ onwe ya ma na anata ọgwụgwọ.,supports,supports,0.57409835,0.41070434,0.015197343
igbo,Gọọmentị Naịjerịa na-achọ ụzọ ha ga-esi ebite ego ha ga-etinye n'ọrụ ugbo.,"Mmefu ego gọọmentị na ịkwụghachi ego mbite na-arị elu mana ego dị n'akpaego obodo ejirila pasentị 45 ghara iru ihe o kwesiri kemgbe afọ 2015. N'agbanyeghi nke a, onyeisiala Naịjirịa ebunyela ụlọọrụ na-elekọta ụgwọ ụtụ isi ukpa ekele maka iwulite ọnụ ọgụgụ ndị na-akwụ ụgwọ ụtụ isi kemgbe afọ 2015.",nei,nei,0.017663715,0.020286052,0.96205026
yoruba,Wizkid jẹ́ ọ̀kan lára àwọn olórin tàkásúfẹ̀ẹ́  Afro Beat tó wà ní orílẹ̀-èdè Nàìjíríà.,Orin Takasufe Afro kíkọ lọ́nà àrà Ọpọlọpọ ọmọ Naijiria lo ti gbe ògo orin Takasufe ti wọn n pe ni Afro Beats ga nile ati lẹyin odi. Wizkid jẹ ọkan lara awọn ọdọmọde olowo to bẹrẹ orin kikọ lọmọ ọdun 11 nile ijọsin Eyi tun pegede si ti orin oloogbe Fela Anikulapo Kuti to n kọ Afro Beat nigba aye rẹ ninu eyi to ti ṣadapọ orin alariwo ati takasufe papọ.,supports,supports,0.8678889,0.11905438,0.013056666
igbo,Mmadụ iri asaa na asatọ nọ n'ime ụgbọelu Sibera Airlines si obodo Tel Aviv aga obodo Novobirsk Rọshịa nwụrụ ka ugbọelu ha dabara n'oshimiri ojii. Ndị agha Ukren gọrọ na aka ha adịghị ya mechaa kweta na aka ha dị na ya.,"Otu ụgbọelu Siberia Airlines plane si obodo Tel Aviv dị na Esrel aga obodo Novosibirsk, dị na Rọshia oge agbaturu ya. Ụgbọelu a dabara n'ime oshimiri ojii. Mmadụ 78 nọ n'ime ya nwụrụ. Ndị agha Ukren kwuburu na aka ha adịghị ya mana ha mechara kwenyere na ọ bụ ha. Ha sị na ọ bụ ka a na-akuziri ndị agha ka ihe mere.",supports,refutes,0.154288,0.83120555,0.014506382
yoruba,"Ní ọdún 1950, Moshood gba àǹfààní ẹ̀kọ́ ọ̀fẹ́ ti ìjọba, tí ó fi gba oyè nípa imọ̀ ìṣirò.","Abíọ́́lá jẹ́ Olóòtú ìwé ìròyìn ọ̀sọ̀ọ̀sẹ̀ ilé-ìwé wọn tí ó ń jẹ́ tí sì jẹ́ igbákejì rẹ. Ó dára pọ̀ mọ́ ẹgbẹ́ ní ìgbà tí ó di ọmọ ọdún mọ́kàndínlógún nítorí ìfẹ́ tí ó ní sí ètò òṣèlú àwa arawa ó darapọ́ mọ́ ẹgbẹ́ òṣèlú jẹ́ olùdásílẹ̀ rẹ̀ Ní ọdún 1960, Moshood jẹ àǹfàníi ẹ̀kọ́ ọ̀fẹ́ ti ijọba láti lọ ka ìwé ní University ti Glasgow ní ìlú Scotland ni ibi tí ó ti gba oyè nínú ìmọ̀ ìṣirò.",refutes,refutes,0.38270277,0.3962206,0.22107671
igbo,Ndị ụmụnna abaghị uru ọbụla n'obodo maọbụ n'ezinụlọ ha.," Ụmụnna - Ndị a bụ ụmụnwoke ụmụọkpala si n'ezinaụlọ dị icheiche n'obodo. Ha bụ ndị na-eme mkpebi gbasara okwu dị icheiche n'obodo etu o si gbasara agamnihu na ọdịmma obodo. Ndị ụmụnna ka a na-ekpesara ma onye ọbụla mee ihe ọjọọ, ha bụ ndị na-aga n'ọnụ arụsị ịchọpụta ihe arụsị na-ekwu gbasara obodo maọbụ gbasara ezinaụlọ ha.",refutes,refutes,0.020946313,0.9665609,0.012492776
yoruba,"Arapaja ṣé alága ìjọba ìbílẹ̀ Ìlà-oòrùn Ìbàdán lẹ́ẹ̀mejì ọ̀tọ̀tọ̀, láàárín ọdún 1996 sí ọdún 2003.","Ohun mẹ́wàá tó yẹ kí o mọ̀ nípa Taofeek Oladejo Arapaja Taofeek Oladejo Arapaja jẹ ọkan Pataki lara awọn oloṣelu Naijiria lati ipinlẹ Oyo, oun si ni Igbakeji Gomina Ipinlẹ Oyo tẹlẹ,lasiko isejọba Adebayo Alao-Akala lati ọdun 2007. Wọn bi Arapaja ni ọjọ kẹwaa, oṣu kọkanla, ọdun 1958. O kawe nile ẹkọ girama Lagelu, niluu Ibadan, o si kawe gboye ni fasiti Wales, nilẹ Gẹẹsi. Ko to darapọ mọ oselu, o ṣiṣẹ pẹlu ileeṣẹ to n ri si eto ẹkọ nipinlẹ Oyo, iyẹn Teaching Service Commision, lọdun 1992. Arapaja ṣe alaga ijọba ibilẹ ila oorun Ibadan lẹẹmeji ọtọtọ, laarin ọdun 1996 si ọdun 2003. Lẹyin naa ni wọn yan si ipo aṣoju-ṣofin fun ẹkun guusu ila-oorun ati ariwa ila-oorun Ibadan laarin ọdun 2003 si 2007. Egbejila Fish Village: Àwọn ọlọ́sìn ẹja ní àwọn fi iṣẹ́ báńkì sílẹ̀ wá ṣe ọ̀sìn ẹja ni Ọdun 2007 ni wọn fi ibo gbe wọle gẹgẹ bii igbakeji gomina ipiinlẹ Oyo labẹ ẹgbẹ oṣelu PDP.",supports,supports,0.9358215,0.05904678,0.005131836
igbo,Lawrence Ifeanyi Ugwuanyi bụ Osote Gọvanọ nke Enugu Steeti malite n'ọnwa Eprel nke afo 2015.,"Lawrence Ifeanyi Ugwuanyi // (na-ege ntị) CON (nke a maara nke ọma dị ka "" Gburugburu "") (amụrụ na 20 Machị n'afo 1964) bụ onye ndọrọ ndọrọ ọchịchị Naijiria nke a họpụtara dị ka Gọvanọ nke Enugu Steeti n'ọnwa Eprel n'afo 2015, a ṅụrụ iyi na 29 Mee n'afo 2015.",refutes,supports,0.8627449,0.12869565,0.008559436
yoruba,"Eré bọ́ọ̀lù ló pọ̀ jù láàrin àwọn ọmọkùnrin gẹ́gẹ́ bí eré ṣíṣe, àmọ́ eré-ọmọdé mìíràn wà tí wọ́n kúndùn láti máa ṣe.","Awọn ere idaraya yii ma n jẹ ki ifẹ gbooro si laarin awọn ewe ati ọdọ ni agboole si agboole, ati wi pe, o ma n wu awọn ọmọde naa lati tete dagba ni kiakia, nitori naa ni wọn ṣe n ṣe awọn ere ohun. Erebọọlu lo pọ ju laarin awọn ọmọkunrin gẹgẹ bi ere ṣiṣe, amọ awọn ere ọmọde wọnyiii wa ti wọn tun kundun lati ma a ṣe, paapaa ti wọn ba de lati ile iwe ati labẹ osupa lalẹ ti wọn ba de ile. Awọn ere ọmọde to wọpọ laye igba kan: Ere Tẹ́ntẹ́: Ti wọn ba fẹ ṣe ere yii, awọn ọmọdebinrin a kọju si ara wọn, wọn a si ma a patẹwọ, ti wọn a si maa gbe ẹsẹ wọn bakan naa si orin Tẹ́ntẹ́ ti wọn ba n kọ.",supports,supports,0.5162948,0.3599794,0.12372585
hausa,Ana fama da rashin tsaro na boko-haram da yan bindiga a jahohin arewacin Najeriya.,"Gowon ya bayyana cewa shi bai aikata wani aikin ta'addancci ba, asali ma shugabncin ya kwato kasar ne daga rushewa.",nei,supports,0.48080525,0.09193898,0.4272558
igbo,"Na March 17, 1936, n'obodo Igbo dị na Atani ka a mụrụ Osadebe.","A mụrụ Osadebe na March 17, 1936, n'obodo Igbo dị na Atani na ndịda ọwụwa anyanwụ Naijiria.",supports,supports,0.92271197,0.06617407,0.011113993
hausa,Ana aikin Hajji ne a ƙarshen shekarar musulunci.,"Mahajjata Aikin Hajji Musulmai suna tafiya a ranar Arfa daga minna Aikin Hajji, Ɗaya ne daga cikin rukunai guda biyar da aka gina addinin akai .",nei,supports,0.6294037,0.3292065,0.04138986
hausa,Zuwa gidajen shaƙatawa yana ɗebewa mutane kewa ya kawar mu su da damuwarsu.,"An kafa wurin shakatawa na Kainji a shekara ta 1978 kuma an raba shi zuwa sassa uku daban-daban, Zugurma Game Reserve, Borgu Game Reserve da Kainji Lake.",nei,nei,0.01102387,0.008930813,0.9800454
igbo,"N'oge Chris Nwabueze Ngigeji ọkwa Gọvanọ Anambra Steeti, ndị òtù Peoples Democratic Party gbahapụrụ ya",Ọ bụ gọvanọ Anambra steeti na Naịjirịa site na Mee 2003 ruo Maachị 2006 n'okpuru People's Democratic Party (PDP).,nei,supports,0.85982937,0.10495804,0.035212662
yoruba,"Asúnrétete kò ní kọjá ilé, Arìngbẹ̀rẹ̀ kò ní sùn sọ́nà.","Lẹ́hìn èyí, tí àwọn méjèèjì sí ti gbà fún Ọlọ́hun wọn Allah tí wọ́n sì ṣe ijúwọ̀-jusẹ̀ sílè fún Ìfẹ Ọlọ́hun), tí òun (Ibrahim) sí tí tẹ́ orí ẹ́e (Ishamel) lọ sílẹ̀ (ní ààyè itébà sí iwájú); ""Báyìí náà ní Àwa sí pé òun: ""Ìwọ Ibrahim o!"" ""Ìwọọ (Ibrahin) tí ṣe gẹ́gẹ́ bí A ti fi hàn ó (ní ojúran) ní òtítọ àti ní òdodo! Báyìí náà sì ní Àwa ṣe má ń san ẹ̀san fún (gbogbo àwọn) Múhsínùn (olùṣe rere lótitọ àti l'ódodo) - Sheikh Adélabú ṣe ìtọka sí Ẹsẹ Ọrọ Ọlọ́hun nínú kúránì Orí 2:112)."" Láì kọ́ ṣe àníàní, ìdánwò nlá tí ó fi ojú hàn gbángba ní eléyìí jẹ́. Nítorí ìdí èyí ní À wa fi ṣe ìrópò (gẹ́gẹ́ bí ìràpadà) ọmọ (Ishamael) tí òun (Ibrahim) náà pẹ̀lú àgùntàn kàn bọ̀lọ̀jọ̀ (láti fi dípò ní ṣíṣe ìdúpẹ́ òòrè láti Ọ̀dọ̀ Ọlọ́hun)",nei,refutes,0.009338335,0.95549154,0.035170093
igbo,"Irighiri ihe ndị e ji esi ofe egusi gụnyere mmanụ, ose, yabasị, akwụkwọ nri, crayfish, anụ, azụ, bitterleaf, pumpkin leaf na spinach.","E wezụga mkpụrụ, mmiri, na mmanụ, ofe egusi na-enwekarị akwụkwọ nri, , akwụkwọ nri ndị ọzọ, ihe na-esi ísì ụtọ, na anụ. Akwụkwọ nri ndị a na-ejikarị eme ofe egusi gụnyere bitterleaf, pumpkin leaf, celosia na spinach. Nri ndị ọzọ na-agụnye tomato na okra. Ihe ndị a na-ahụkarị na-agụnye ose chili, yabasị, na agwa igurube. A na-ejikarị anụ ehi, ewu, azụ, shrimp, ma ọ bụ crayfish.",supports,supports,0.8994302,0.09369702,0.006872672
yoruba,"Ní ilẹ̀ Adúláwọ̀, ọ̀pọ̀lọpọ̀ àgbẹ̀ ní ń gbin iṣu.","A máa ń gbin iṣu láti jẹ ẹ́ bí i oúnjẹ, pàápàá jù lọ, ní ilẹ̀ Adúláwọ̀. Ọ̀pọ̀lọpọ̀ iṣu ni ó wà nítorí pé ọ̀pọ̀lọpọ̀ àgbẹ̀ ní ń gbin iṣu.",supports,supports,0.8368785,0.14402895,0.01909259
hausa,Tsadar fitulu masu amfani da hasken rana ne yasa gwamnatoci ke barin titinan jiharsu a cikin duhu.,"Sanya fitulun titi masu amfani da hasken rana a babban birnin jihar ya kara inganta rayuwar mazauna jihar, tare da inganta tsaro da tsaro.",nei,supports,0.88614297,0.055826467,0.058030546
hausa,Bahaushe ya na da karin magana daban-daban da ya ke amfani dasu wurin isar da saƙonni.,"Akan yi yankan ciyawa dashi domin a baiwa dabbobi na gida, da kuma yankan da amma anfi amfani dashi wajen yankan ciyawa wacce ake bawa awakai da tumaki har da dan maraqin sa.",nei,nei,0.2960207,0.017507778,0.6864715
igbo,Chinwoke Mbadinuju zọrọ ọkwa onye isi ala ka afọ anọ gachara Naịjirịa laghachiri n'ọchịchị onye kwuo uche ya n'afọ 2003.,"Gọvanọ nke Anambra Steeti [ | ] Anambra na Mgbe ọ laghachiri na ọchịchị onye kwuo uche ya na 1998, Chinwoke Mbadinuju ghọrọ onye na-azọ ọkwa gọvanọ nke People's Democratic Party (PDP) maka ọchịchị Anambra State",refutes,supports,0.93812364,0.05615765,0.005718668
igbo,Uche Nwonwu kwuru na ọ bụ mmiri dị n'azụ be ha ka ha na-aṅụ.,"Ọ sị na ""ọ bụ mmiri ndị mmadụ gbapere na be ha ka ha na-aṅụkarị.""",refutes,supports,0.81767315,0.12742776,0.054899044
igbo,Nabil Fekir kpọ ndị ya nọ n'otu egwuregwu Lyon gaa Algerịa inwe obi aṅụrị.,"Ibuli iko mbaụwa bụ ihe e ji anya isi nye obodo ọbụla buliri ya Dele Alli Bamidele Jermaine Alli (Tottenham Hotspur, England) Bamidele Jermaine Alli, nke a ma dịka Dele Alli, na-agbara ndị Tottenham Hotspur na otu egwurewgu bọolụ mba England. Nna Alli bụ onye Naịjirịa. N'asọmpị enyi na enyi ndị Naịjirịa na ndị England gbara nso nso a, ụfọdụ ndị Naịjirịa kworo ya ekwo n'ọgbọ egwuregwu, maka na okweghị agbara ndị Naịjirịa bọolụ mgbe akpọrọ ya oku.",nei,nei,0.005930039,0.07771601,0.91635394
hausa,Chinenye Okafor ta bar wasan ƙwallon kafa ne saboda ra'ayin kanta.,"Chinenye Okafor ta koma mai kitso da gyaran gashi saboda rashin albashi Wannan ne halin da Chinenye Okafor ta tsinci kanta a ciki, amma ba haka abin yake ba kwata-kwata.",refutes,refutes,0.06331642,0.8029156,0.13376799
hausa,Umaru Musa 'Yar'adua bai taɓa zama mamba na wata kwalleji a jihar Katsina ba.,"Ya taɓa zama mamba a kamfanin samar da kayan noma na jihar Katsina tsakanin shekarar 1984 zuwa 1985, kuma memba a majalisar gudanarwa ta kwalejin fasaha ta Katsina da Katsina Polytechnic tsakanin 1978 zuwa 1983, shugaban hukumar zuba jari da raya kadarori ta jihar Katsina tsakanin shekara ta 1994 zuwa shekarar 1996.",refutes,refutes,0.050823476,0.9408864,0.008290106
hausa,Jihar Taraba ta kasance mafi girman ƙasa a cikin johohin Najeriya.,"Ana samun garin ne a yankin Mambilla dake yankin kudu maso gabashin jihar Taraba, kusa da kan iyakar Najeriya da Kamaru.",nei,supports,0.43210477,0.28917298,0.27872223
igbo,Facebook mere Ọkaiwu Paul Achallaonye nnọchite anya ya na Naịjrịa.,Nnamdi Kanu Facebook ban: Ndị otu Ipob etiela mkpụ maka etu e si wetuo akara Facebook onye ndu ha Nke a bụ azịza ha nyere maka ajụjụ BBC Igbo jụrụ ha gbasara ihe kpatara ha ji chụọ Nnamdi Kanu ọsọ ụkwụ eru ala.,nei,refutes,0.08707206,0.5534598,0.35946813
hausa,Yawan matan da ke kashe kan su a ƙasar Japan ya ƙaru da kashi 70 a watan Nuwamba.,"A wata daya kawai, watan Okotoba, matan da ke kashe kansu sun karu da kashi 70 a Japan idan aka kwatanta da watan Oktoban da ya gabace shi.",refutes,supports,0.89766765,0.053961486,0.04837086
yoruba,"Ní ìwọ̀ oòrùn ìtà Ipetumodu ni ilé ìwé Federal Government Girl's College wà, èyí tó jẹ́ aládàá ní.","Ipetumodu jẹ́ ìlú ńlá kan ní ilẹ̀ Yorùbá ní apá Ìwọ-oòrùn Gúúsù ilẹ̀ , ó sì jẹ́ ìlú pàtàkì kan ní tí ó sì jẹ́ olú ìlú . Ìlú yìí ní ilé-ẹ̀kọ́ gíga aládàáni kan tí orúkọ rẹ̀ ń jẹ́ Oduduwa University àti ilé-ìwé gírámà márùn-ún, tí ó jẹ́ ti ìjọba àti ilé-ìwé Federal Government Girls' College",refutes,supports,0.7967211,0.15979005,0.043488834
hausa,Sarauniyar yankin za ta ba da rabin garin ga duk wanda ya kashe macijin.,"Washegari, mutanen Daura suka taru a bakin rijiyar, suna mamakin wanda ya kashe macijin; Magajiya , sarauniyar yankin ta ba da ikon mallakar rabin garin ga duk wanda zai tabbatar da cewa ya kashe macijin. Maza da yawa sun kawo kawunan maciji a gaba, amma kawunan bai dace da jikin ba.",supports,refutes,0.054755762,0.7432728,0.20197144
igbo,"Naịjirịa bụ mba dị n'Afịrịka, nke ndị bi na ya si agbụrụ dị iche iche ma ọgbaghara na-adapụta mgbe ụfọdụ",Alexander Ifeanyichukwu Ekwueme // ⓘ GCON (21 October 1932 – 19 Nọvemba 2017) bụ onye ndọrọndọrọ ọchịchị Naijiria nke jere dịka osote onyeisiala mbụ nke Naijiria site na 1979 ruo 1983 n'oge Naịjiria Republic nke Abụọ n'okpuru onyeisiala Shehu Shagari dịka onye otu National Party.,nei,nei,0.018308258,0.16278805,0.8189037
yoruba,"Àwọn abiyamọ tí ọmọ wọn ní ìpènijà ara máa ń la ọ̀pọ̀lọpọ̀ nǹkan kọjá, bẹ́ẹ̀ sì ni ìdojúkọ wọn pọ̀ rẹpẹtẹ nítorí ọ̀pọ̀ nǹkan ni ojú wọn máa ń rí.","Ìyá ọlọ́mọ mẹ́ta ọ̀hún sọ pé ìbànújẹ́ òun maa n wáyé látara bí àwọn ènìyàn ṣe maa n wo òun, àti ìhùwàsí wọn si i lójoojúmọ́. Fídíò mánigbàgbé nípa ìgbà ayé Bàbá Sala ""Ní ìbẹ̀rẹ̀ pẹ̀pẹ̀, mó maa n bi ara mi lérè pé kí lódé tí Ọlọrun fún mi nírú ọmọ bẹ́ẹ̀.'' Abílékọ Mutemi, tó n gbé l'ábúlé Katoloni ní ẹkùn ìlà oorùn Kenya sọ pé ''Ó ṣòro fún mi láti rìn láàrin ìlú pẹ̀lú ọmọ mi, nítorí ojú burúkú tí àwọn ènìyàn fí n wò mí. Agnes sọ pé àìsàn tí wọ́n n pè ní Asphyxia ni ọmọ òun ní. Àìsàn nàá maa n jẹyọ tí ọmọ tuntun kò bá rí atẹ́gùn gbà sára lásìkò tí ìyá rẹ̀ bá n rọbí. Èyí ló fà á tí ẹsẹ̀ rẹ̀ kò ṣe ní àláàfíà, tí wàhálà sí bá ọpọlọ rẹ̀ nàá. Bí o ṣe gba ìwòsàn Lẹ́yìn ọ̀pọ̀lọpọ̀ àbẹ̀wò sí iléèwòsàn, Agnes lọ fi orúkọ ọmọ rẹ̀ sílẹ̀ ní ìléèwé kan tó n kọ́ àwọn ọmọdé nígbà tó wà l'ọ́mọ ọdún mẹ́ta.",supports,supports,0.8181342,0.16425882,0.01760697
hausa,Mumini na gaske shi ne wanda baya cutar da muslumai.,"Asalin sunan ya zo ne daga kalmar Sunna , wato koyi da yin dukkan abun da Annabi (S.A.W.) ya aikata, ko ya yi umarni, da a aikata ko kuma aka aikata shi a gabansa amma baiyi hani akan abun da aka aikatan ba.",nei,nei,0.0077227205,0.094998986,0.8972783
hausa,Murtala Muhammad ya girma a hannun kawunsa da ke zaune a jihar Kaduna.,An kashe Murtala Muhammad ne bayan sallar asuba kuma an harbe shi ne da bindiga bayan ya fito masallaci a hanyar sa ta komawa gidan sa dake cikin garin Legas inda wani da ake kira Buka Suka Dimka ya harbe shi da bindiga.,nei,refutes,0.16759124,0.46719944,0.3652093
yoruba,Ìpínlẹ̀ Èkó ni ọkọ̀ Gómìnà náà ń lọ kí àwọn Boko Haram tó da ìbọ̀n lù wọ́n,"Boko Haram da ìbọn bo ọkọ̀ gómìnà Borno, ẹ̀ṣọ́ àláàbò rẹ̀ farapa Ijọba ipinlẹ Borno ti fi idi rẹ mulẹ pe, lootọ l'awọn agbebọn Boko Haram kọlu awọn ọkọ to n kọwọrin pẹlu gomina ipinlẹ naa, Babagana Zullum ni Ọjọru. Agbẹnusọ fun gomina naa, Mallam Isa Gusau ṣalaye pe, ori ko gomina Zullum yọ lai farapa ṣugbọn diẹ lara awọn to baa rin, to fi kan awọn ẹṣọ alaabo, fara ṣeṣe. Isa fi kun un pe, ilu Baga ni gomina naa n lọ nigba ti ikọlu naa waye. Bawo lo ṣe ṣẹlẹ? Ni Ọjọru ni iṣẹlẹ yii waye ni nnkan bii agogo mẹrin irọlẹ lasiko ti gomina naa fẹ wọ ilu Baga l'awọn agbọn naa ba ṣina ibọn bolẹ. Awọn ẹṣọ alaabo to wa pẹlu rẹ naa daa ina ibọn bolẹ.",refutes,refutes,0.014261149,0.5254904,0.46024844
igbo,Nwa nwoke abaghị uru chacha. Ọ dịghị mkpa ịmụta nwa nwoke n'ezinụlọ ndị Igbo.,"Igbo kwenyere na ama ọbụla na-amụtaghị nwa nwoka ga-echi. Ya mere ha jị agụ nwoke aha dịka Obiechina, Amaechina na ndị ọzọ. Ọtụtụ ezinaụlo akụsaala maka amụghị nwa nwoke. Ya bụ, ọ dị ezigbo mkpa ịmụta nwa nwoke n'ezinaụlo, ya mere anyị ji ede akụkọ a. ",refutes,refutes,0.009172898,0.9663099,0.024517184
igbo,Naanị ụmụnwaanyị ka a na-ebi ùgwù.,O kwusikwara ike na gọọm̀enti ya kwadosiri azụmahịa na mekọrịta nke mba ECOWAS.,nei,nei,0.014269176,0.29266772,0.69306314
igbo,Ha arụsịala ụlọ ahụ ha wuliri.,Mana ndị Igbo echeghi aka n'atụmatụ gọmenti sọọsọ.,nei,nei,0.027064132,0.39098942,0.58194643
hausa,Bara wata sana'a ce da ta keɓanta ga ƙananan yara kawai.,Mabarata ba su karkashin wata makaranta kuma zasu iya zama yara ko manya ko tsofaffi.,refutes,refutes,0.04874013,0.79271054,0.15854935
yoruba,"Nínú àtẹ̀jáde kan tí wọ́n fi síta fún àwọn oníròyìn, kò sí ẹnìkankan látìmọ́lé nínú àwọn olùwọ́de Endsars.","Kọmisana feto idajọ ati agbẹjọro agba nipinlẹ Eko, Moyosore Onigbanjo SAN, ti rọ ileẹjọ lati tu awọn oluwọde EndSARS silẹ. Awọn oluwọde naa lo to ọtalerugba o din meje 253 ninu ọtalelọọdunrun ati ẹyọ kan, 361 to wa ni atimọle ọlọpaa nipinlẹ naa. Atẹjade kan tileesẹ eto idajọ fisita fawọn akọroyin lo sisọ lori igbesẹ naa",refutes,refutes,0.33207572,0.5502553,0.11766893
igbo,Sam Mbakwe si Imo Steeti gaa wube mahadum nke Anambara n'afọ 1981,"N'afọ 1981, Sam Mbakwe hiwere mahadum Imo steeti. Ụlọ akwụkwọ ahụ dị na mpaghara e nyere n'afọ 1991 ma meekwa ya baptizim ọzọ nke Abia State University . Agbanyeghị, Mahadum Imo steeti nwetara ụlọ akwụkwọ ọhụrụ na ma ka dị.",refutes,refutes,0.19090682,0.8008154,0.008277771
igbo,O nwere otu oge n'ala Igbo mgbe ndị mmadụ na-atụ ụjọ izu ihe mmadụ ibe ha maọbụ zọkọrọ oke abụghị nke ha.,"Mana, ọbụghịkwanụ sọsọ ugbua ka a malitere ikwu maka nchekwa. Mgbe elu ka bụ ala ọsa n'ala Igbo, ezi nchekwa obodo dị makana ndị mmadụ na-atụ ụjọ izu oshi, ịbanye be mmadụ n'ike maọbụ zọkọrọ oke na-abụghị nke ha. Nke a bụ makana ha ma na ihe ga-eso ya abụghị ihe eji ọnụ akọcha.",supports,refutes,0.27574167,0.703333,0.020925295
igbo,Ndị mba ụwa ka na-enyocha etu ndị injinịa Biafra siri kpa ike ịrupụta ngwa agha n'oge agha Biafra nke 1967-1970.,"E debara aha ya na Biafra Research and Production (RaP) Directorate nke Prọfesọ Benjamin Chukwuka Nwosu, onye na-ahụ maka physics nuklia. . Iwuanyanwu jere ozi na Rocket Unit nke RaP nke Prọfesọ Gordian Ezekwe bu onye isi. . N'ịbụ ndị nwere obere ohere ịnweta ngwá agha site na ụwa ndị ọzọ, ìgwè ndị nchọpụta a tu kotara uche, wee gụnyere onye na-ahụ maka physics nuklia bu Dọkịta. Felix Oragwu, na-emepụta ihe ntụrụndụ na ngwá agha dị mkpa, ọkachasị Ogbunigwe a na-atụ egwu. . N'ịchọ ịhụ ọrụ, Iwuanyanwu mechara bụrụ onye agha na-arịgo ka ọ bụrụ onyeisi nke otu ndị agha nke Biafra na-ekewapụ onwe ya ma na-edu n'ihu agha.",nei,nei,0.04254753,0.070835195,0.8866173
hausa,Hukumar zaɓe zata raba manyan rumfunan zaɓe gida biyu saboda samun saukin gudanar jefa kuri'u.,"Sai dai tanadin Hukumar zabe shi ne a duk lokacin da ta ga rumfar ta yi girman da ya kai a dan yayyanka ta yadda ranar zabe za a samu gudanar da zabubbuka a cikin sauki, za ta yi haka, Za ta kuma tura karin ma'aikata domin a samu damar gudanar da zabe a wannan rumfa, ba tare da an samu wani tawaya ko jinkiri ba.",supports,supports,0.7348429,0.05710771,0.20804939
igbo,"Ndị Igbo nwere ihe ndị ha ji esi ji, nke mere na ha na-eri ya n'oge a na-eme mmemme Ofala","E wezụga mkpụrụ, mmiri, na mmanụ, ofe egusi na-enwekarị akwụkwọ nri, , akwụkwọ nri ndị ọzọ, ihe na-esi ísì ụtọ, na anụ. Akwụkwọ nri ndị a na-ejikarị eme ofe egusi gụnyere bitterleaf, pumpkin leaf, celosia na spinach. Nri ndị ọzọ na-agụnye tomato na okra. Ihe ndị a na-ahụkarị na-agụnye ose chili, yabasị, na agwa igurube. A na-ejikarị anụ ehi, ewu, azụ, shrimp, ma ọ bụ crayfish.",nei,nei,0.0130252745,0.06405494,0.92291975
hausa,"ƙuli-ƙuli ba a haɗa shi daga wake, in aka dafa sai an bari ya bushe.","Gyada da ita ake hada kuli kuli Kuli-kuli mai siga Da farko ana samun Gyaɗa bayan an bare ta sai a soya ta sannan a murje ta a fece wato a hure dukan bawon gyadar. Daganan kuma sai a markada ta. Bayan an markada tane kuma za'ayi amfani da ayi ta juya ta ana juyata har sai manta duka an gama matse shi, ita kuma gyadar ta koma . ",nei,refutes,0.14220162,0.8479656,0.009832735
hausa,Jihohin Florida da Ohio na daga cikin manyan jihohin da duk wani ɗan takarar shugabancin kasar Amurka ke buƙatar ci don samun nasara.,Fagen fafatawa kamar jihohin Florida da Ohio na da matuƙar muhimmanci wajen tattara ƙuri'u 270 na masu zaɓen shugaban kasa na musamman da ake bukata wajen cin galabar samun Fadar White House,supports,nei,0.3146525,0.1696076,0.5157399
yoruba,Àga dúdú kò dára fún nílò níbi àwọn ètò tí ó bá ti nííṣe pẹ̀lú òrìṣà Ajé tàbí Ọ̀ṣun.,"Ní ọdún 1971, ó kẹ́kọ̀ọ́ gboyè Masters ní . Ó kẹ́kọ̀ọ́ gboyè Doctorate nípa ìtàn àròsọ láti ní ọdún 1966. Abímbólá jẹ́ akẹ́kọ̀ọ́ gboyè PhD àkọ́kọ́ ní . Ó di ọ̀jọ̀gbọ́n (Professor) ni3 1976. Abimbola kọ́ àwọn akẹ́kọ̀ọ́ ní Fáṣítì mẹ́ta ọ̀tọ̀ọ̀tọ̀ ní orílẹ̀-èdè , awon náà ní; láàrin ọdún 1963 sí 1965, láàrin 1966 sí 1972, láàrin ọdún 1972 sí 1991.",nei,nei,0.0075935596,0.19045839,0.801948
igbo,E riela m osikapa na ofe.,"A na-eri ya ọsịsọ makana a hapụ ya ka o tee aka, ọ na-agbakarị ụka ọsịsọ ụfọdụ oge.",nei,nei,0.009620246,0.13281061,0.85756916
yoruba,Gbogbo àwọn Òyìnbó amúnisìn tí wọ́n wà níbẹ̀ ni wọ́n fara mọ́ àbá tí Ọọ̀ni dá.,Oba Oyekan I (ó kú ní ọjọ́ ogbọ̀n oṣù Kẹ̀sán ọdún 1900) joba gẹ́gẹ́ bí Ọba ìlú Èkó láti oṣù kẹta ọdún 1885 sí ọjọ́ ogbọ̀n oṣù Kẹ̀sán ọdún 1900.,nei,nei,0.0060997047,0.019563707,0.97433656
igbo,Gọọmentị chọrọ ka e lie Mugabe ebe a na-eli ndị dike obodo mana Ezinụlọ Mugabe ekwenghị n'ihi na Mugabe gwara ha mgbe ọ dị ndụ ka ha lie ya n'akụkụ ala ili nna ya Bona.,"Gọọmentị chọburu ka e lie Mugabe ebe a na-eli ndị dike obodo ji biri, mana ezinụlọ ya ekweghị. Ha kwuru na Mugabe chọrọ ka ili ya na nke nne ya bụ Bona dịkọta nso. Onweghị onye ọrụ gọọmentị gbalitere n'ọkwa bịara olili Mugabe. Nwunye ya bụ Grace nakwa ụmụ ya socha duru akpati ya ruo mgbe a dọnyere ya n'ala. ",supports,refutes,0.1676488,0.8237829,0.008568246
igbo,Ichi e nwere n'ụlọakwụkwọ Abidịị buru ibu.,"Ichi abụghị ụlọ akwụkwọ a ma ama, ya mere, ndị Igbo na ụfọdụ Delta Igbo anaghị eme ya.",nei,nei,0.0077038994,0.09001383,0.90228224
yoruba,"Ọ̀rọ́ bẹ́yìn yọ Agbowu pe Olúwòó lẹ́jọ́, ó bèrè owó gbà mábínú lọ́wọ́ rẹ̀.","Ọ̀rọ̀ bẹ́yìn yọ! Agbowu pe Oluwo l'ẹ́jọ̀, ó ń bèèrè ₦100m owó gbà má bínú Saaju la ti kede fun yin pe Agbowu ti ilu Ọgbaagba, Oba Dhikirullahi Akinropo ti wọ Oluwo ti Iwo, ba Abdulrasheed Adewale Akanbi, Telu Kinni, lọ si iwaju ile ẹjọ giga ipinlẹ Osun, to si n beere fun owo gba, ma binu tii se ọgọrun miliọnu Naira fun bi Oluwo ṣe fi iya jẹ ẹ. ",supports,supports,0.56030285,0.4316667,0.008030431
igbo,Ọkaiwu Paul Achalla gwara ndị BBC Igbo na Nnamdị Kanụ dara Iwu Facebook ya mere e ji machie akantụ ya.,"Paul Achalla bụ ọkaiwu na mba ofesi ma bụrụkwa onye otu Ipob ekwuola atụmatụ ha ga-agbaso iji weghachi akara Facebook onyeisi ha bụ Nnamdi Kanu. Na mkparịtaụka ya na BBC Igbo, Achalla kọwara na o nwereike ịbụ maka otu ihe maọbụ nke ọzọ ka e ji wetuo akara facebook Nnamdi Kanu, mana Facebook kwesịrị inye ya ohere ka ọ zara ọnụ ya. ",refutes,refutes,0.15480039,0.6531961,0.19200358
hausa,Akwai mutane da suke ikirarin cewa su musulmai ne amma ba su yarda da hadisai ba.,A wajen su ma’anar Hadisi shi ne Hakaito Fadar Manzon Allah [S.A.W] Aikinsa da kuma Tabbatarwarsa.,nei,nei,0.26479957,0.11106917,0.6241313
igbo,Ji bụ nri ụmụ ntakịrị na-eri n'ụlọakwụkwọ ma e tinye ya beans na osikapa.,"N'obodo ụfọdụ, emume ahụ na-ewe otu ụbọchị dum, ebe n'ọtụtụ ebe ọ nwere ike iwe otu izu maọbụ karịa.",nei,nei,0.09706563,0.1952395,0.70769495
yoruba,"Ẹ̀sìn ìsìlámù níí ṣe pẹ̀lú àìṣòdodo, èyí sì ń darí gbogbo ènìyàn sí ohun tí yóò ṣe ànfààní fún wọn.","Ìsìlámù ni ẹ̀sìn tí ó ṣe pé ìmọ̀-Ọlọ́hun ni (al- Taoheed) ní ìpìl̀ẹ rè, òdodo ni òpó rẹ̀, ó dá lórí déédé,otito. Òhun sì ni ẹ̀sìn tí ó gbópọn tí ó jẹ́ pé ó ń darí gbogbo ẹ̀dá sí ibi gbogbo ohun tí yó̀o jẹ́ ànfààní fún wọn ní ọ̀run àti ayé wọn. Bẹ́ẹ̀ náà ni ó sì tún ń kì wọ́n nílọ̀ nípa gbogbo ohun tí yó̀o ṣaburú fún wọn yálà láyé ni tàbí ni ọ̀run.",refutes,supports,0.71937364,0.101094685,0.17953172
igbo,Igwe onyonyo nke Kanu Sports dị oke ọnụ n'ahịa.,"Ọ bụkwa onye nwe igwe onyonyo nke Kanu Sports, ụlọ ọrụ igwe onyonyo egwuregwu Ịntanetị.",nei,nei,0.06831834,0.16560112,0.76608056
yoruba,"Ìgè kú ní ọjọ́ kẹtàlélógún oṣù kejìlá, ọdún 2001 tí wọ́n fipá gba èmí rẹ̀.","A bí Ìgè ní ọjọ́ kẹtàlá oṣu kẹsàán ọdún 1930, ó di olóògbé ní ọjọ́ kẹtàlélógún oṣu kejìlá ọdún 2001. Ìgè di Alákòóso (mínísítà) ìjọba àpapọ̀ fún ẹ̀ka ètò ìdájọ́ àti Agbẹjọ́rò-Àgbà ìjọba àpapọ̀̀ láàrín ọdún 2000 títí di ọdún 2001 tí wọ́n fi fipá gba ẹ̀mí rẹ̀ nínú oṣù Kejìlá ọdún 2001. Ìgè jẹ gómìnà láti osù kẹwàá ọdún 1979 títí dé osù kẹwàá ọdún 2003. Lẹ́yìn ìgbàtí ìjọ̀ba olósèlú padà dé ní ọdún 1999. ̣̣̣̣̣̣̣̣̣́́́́́́́ Ìbẹ̀rẹ̀ ayé rẹ̀ [ | ] Wọ́n bí Jèmísìì Ajíbọ́lá Ìdòwú Adégòkè Ìgè ní ìlú ní ní ọjọ́ kẹtàlá oṣù kẹsàn-án ọdún 1930 bí ó tiḷẹ̀ jẹ́ pé ọmọ bíbí ìlú ní ni àwọn òbí rẹ̀. Ìgè gbéra lọ sí ìlú ní dédé ọmọ ọdún mẹ́rìnlá láti lọ kẹ́kọ́ nílé ẹ̀kọ́ ní àárín ọdún 1943 sí 1948.",supports,refutes,0.059314582,0.91481227,0.025873223
hausa,Muhammad Bello Yabo malami ne na ahlussunah da ke garin Sokoto.,Wanda a faifan bidiyon ya caccaki Gwamnan jihar Kaduna da sauran gwamnoni kan hana Sallar Idi a jihohinsu.,nei,supports,0.63466215,0.049792197,0.31554562
yoruba,Sunday Igboho tẹ̀lẹ̀ àwọn ọlọ́pàá lọ sí ilé Seriki ní Igangan pẹ̀lú ìgboyà lẹ́yìn tí wọ́n fi ẹ̀sùn jíjó ilè náà kàn án láti fi ìdí rẹ̀ múlẹ̀ pẹ́ òun kò mọ ohunkóhun nípa rẹ̀.,"Sé lọ́ọ̀tọ́ ni Sunday Igboho jó ilé Seriki fulani ní Igangan? Ẹ jẹ́ kí n sàlàyé kí ọ̀rọ̀ le tán nílẹ̀. ""Nígbà tí mo dé Eruwa, mó lọ fi ara mi hàn lágọ̀ọ́ ọlọ́pàá, mò sì sọ ǹkan ti mo bá wá si àdúgbò náà, adáriu ẹka ilé iṣẹ́ ọlọ́pàá náà sì gbà láti tẹ̀lẹ́ wá lọ. Nígbà tí a de Igangan, à tún bá àwọn 'ọlọ́pàá operation Burst' a lọ sínú ]ilú náà rán pẹ́ asì pada lẹ́sẹ̀kẹsẹ̀ láti lọ sọ fún àwọn ọlọ́pà''a. Ìbéérè mi ni pé, ṣe ọ̀gá ọlọ́pàá yóà máa wò wá kí a lọ má dáná sun ilé Seriki? Sé ọlọ́pàá Operation Burst yóò jk kí a lọ tí a bá dáná sun ilé Seriki? Kò sí nkan tó jọ bẹ́ẹ̀ nígbà tí a wà níbẹ̀ nítorí náà àwa kọ́ ni a dáná sun ilé Seriki Fulani. Sunday Igboho wa gba gbogbo ọmọ Kárọ̀-oojíre nímọ̀ràn pé kí wọ́n wà ní ìṣọ̀kàn kí wọ́n sìmì ọ̀rọ̀ òṣèlú ṣíṣe lórí ǹkan tó niṣe pẹlú igbésí ayé àwọn ènìyàn.",supports,supports,0.8375137,0.15411234,0.0083740335
hausa,An samar da gidan namun daji a Kano a shekarar alif 2000.,"Yana ɗaya daga cikin tsofaffi kuma mafi girma ga lambunan dabbobi a Najeriya, wanda ya mamaye fili kimanin kadada 46. Tarihi.",nei,supports,0.87721485,0.10293341,0.019851793
igbo,Lawrence Ifeanyi Ugwuanyi bụ eze ọdịnaala ndị Ovoko dị n'ime ime obodo Igboeze Federal Constinuency nke Enugu State.,Ọ bụ Onye otu ụlọ nnọchiteanya nke of Nigeria ruo afọ iri na abụọ. Ọ bụ onye so na (PDP) onye nọchitere anya Igboeze North / Udenu Federal Constinuency nke Enugu State.,refutes,supports,0.88577217,0.10653104,0.0076968153
hausa,Duk abinda aka aikata a gaban Annabi (S.A.W) ya zama sunna.,"Asalin sunan ya zo ne daga kalmar Sunna , wato koyi da yin dukkan abun da Annabi (S.A.W.) ya aikata, ko ya yi umarni, da a aikata ko kuma aka aikata shi a gabansa amma baiyi hani akan abun da aka aikatan ba.",refutes,refutes,0.38138598,0.51282746,0.10578651
igbo,Mba Nigeria nwere steeti iri atọ na isii ndị e ji ịrụ ọrụ na ịgba mbọ wee mara,"Ejidere Kanu maka ebubo aghụghọ na dị na Nigeria na ka ọnwa Ọktọba dị na mkpụrụ ụbọchị iri na anọ na afo 2015 wee jidere ya ihe karịrị otu afọ, n'agbanyeghị iwu dị iche iche ụlọ ikpe nyere maka ịhapụ ya.",nei,nei,0.006313704,0.015281541,0.9784048
yoruba,"Àwọn fídíò tó ń lọ káàkiri orí Íńtánẹ́ẹ̀tì fi hàn pé àwọn òṣìṣẹ́ ń jẹ́ kí àwọn àlejò pàtàkì fi ọwọ́ kan òkúta náà ní ìkọ̀kọ̀, èyí tó fi hàn pé níṣe ni wọ́n ya àwọn kan sọ́tọ̀ tí òfin náà ò lè múnáà sílò.","Yatọ si Ka'abah, awọn alalaji ko tun ni fọwọ kan okuta dudu ti a mọ si Hajar Aswad, ti wọn si tun gbọdọ fi aye ijina sira ẹni iwọn mita kan ati aabọ si ara wọn silẹ, lasiko ti wọn ba n ṣe ijọsin . Ọpọ musulumi ni ko ni lanfani lati kopa ninu Hajj tọdun yii, nitori bi Saudi ti kede pe, eeyan diẹ ni yoo kopa ninu ijọsin yii, to jẹ opo kan pataki ninu ẹsin Islam.",refutes,supports,0.63254666,0.027751308,0.33970204
hausa,Kowacce ƙasa tana samun cigaba ne idan tanada tsaro sosai.,Ta ce bincikenta ya nuna cewa jami'an tsaro sun kashe mutane akalla 18 daga lokacin da dokar takaita zirga-zirgar ta soma aiki a ranar 30 ga watan Maris.,nei,nei,0.010604506,0.10194401,0.8874515
igbo,"N'ime ụdị ihe abụọ e ji arụ ọja, nke na-aka anọte aka bụ nke osisi ","N'ime ụdị ihe abụọ a e ji arụ ya, nke osisi na-aka nọtee aka ruo ogologo oge. ",supports,supports,0.89471453,0.07002164,0.035263915
igbo,Ji ahụrụ ahụ bụ ji e ji eme emume iri ji ọhụrụ.,Ọ bụ ya ka e ji eme emume iri ji ọhụrụ.,supports,supports,0.7492985,0.21977435,0.030927168
hausa,Gwamnatin Najeriya ce ta bada umarnin kashe Sheikh Ja'afar Mahmud Adam.,"Duk da yake wasu sun ce , wata kungiya mai tsattsauran ra'ayi, ta kashe Sheikh din, wasu sun ce Mista Shekarau, gwamnan Kano a lokacin, na iya kasancewa da alhakin saboda malamin yana daya daga cikin manyan masu sukar sa.",refutes,refutes,0.05492976,0.9155169,0.029553328
hausa,Talakawa da yawa suna rabauta da zakkar da masu kuɗin Kano ke fitarwa a lokacin azumin ramadana.,"Ana fitar da ita ne daga cikin dukiyar da ya mallaka wanda ya haɗa da tsabar , kadara, da kuma ma'adanai wanda yakai tsawon wani adadi na musamman sannan kuma ta kai wani lokaci keɓantacce zuwa ga waɗansu keɓantattun .",nei,nei,0.11070207,0.016985018,0.87231296
hausa,Najeriya ƙasa ce da ta ke tutiya da arziƙin man fetur.,Ya halarci Makarantar Sakandaren Gwamnati ta Biu a Jihar Borno tsakanin shekarar 1977 zuwa shekarar 1982.,nei,nei,0.011800255,0.04454336,0.9436564
yoruba,Àwọn ará-ìlú kọ̀ láti gbóríyìn fún Oṣinbajo fún iṣẹ́ takuntakun tó ṣe láti ri pé ètò ọrọ̀-ajé  ń lọ bó ṣe yẹ.,"Ko si idi meji tawọn ọmọ orilẹ-ede Naijiria fi n kan saara si Ọjọgbọn Oṣinbajo, ju awọn igbesẹ akọ to gbe lasiko to fi n dele fun aarẹ Muhammadu Buhari fun ọjọ mẹwaa to lọ lo fun isinmi laipẹ ati latẹyin wa. Amọ ṣa, gẹgẹ bii oloṣelu to wa lati ẹkun guusu orilẹ-ede Naijiria, ko daju pe Ọṣinbajo yoo lee dide dije fun ipo aarẹ lasiko idibo apapọ ọdun to n bọ, nitori ilana yan-ki-n-yan eleyi ti wọn fi le ori eto idipo-mu laarin ẹkun ariwa ati guusu orilẹ-ede naa. 'Ipaniyan ati ifiyajẹni lọna ti ko bofinmu lọwọ awọn ọlọpaa' Laipẹ yii ni Ọjọgbọn Ọṣinbajo paṣẹ atunto ikọ agbenawoju awọn adigunjale, FSARS ti o ti di atobi-maṣee-bawi bayii nitori oniruru ẹsun iwa ibajẹ ti wọn fi n kan wọn.",refutes,nei,0.23414177,0.19207482,0.5737834
hausa,Goro ana yawan amfani da shi wajen shirya abin sha mai ɗanɗano wanda yake bada kuzari musamman ga matasa a Afirka.," wa lafiyar ɗan’adam kamar yadda ake ta yayatawa, binciken masana ya tabbatar da cewa, “Amfanin goro ga lafiyar ɗan’adam ya fi illolinsa yawa”, Ugwu da Tawagarsa (2020). Yana washe (wanke) baki, yana ƙara kuzari, yana gusar da yunwa da ƙishin ruwa, yana wartsakar da jiki sannan kuma yana ɗauke da sinadaran magani da sauran abubuwa masu tarin yawa (Lovejoy, 1980) A kimiyyance ana kiran itaciyar da ",nei,nei,0.028266804,0.014695789,0.9570374
yoruba,"Eégún Alábala ni ó máa ń pidán, eégún Apẹ̀sà ni ó máa ń kọrin ki àwọn ènìyàn nígbà tí eégún Aláago jẹ́ eégún onífàájì",Àwọn wọ̀nyí ni wọ́n ma ń pidán tí wọ́n sì ma ń yí . Egúngún Apẹ̀ṣà. Irúfẹ́ àwọn egúngún wọ̀nyí ló m a ń kọrin ki àwọn ènìyàn. Egúngún Aláago. Àwọn eégún wọ̀nyí jẹ́ egúngún oní fàájì àti bbl. Orúkọ tí wọ́n ń pe àwọn egúngún wọ yí tún yàtọ̀ síra wọn ní ìlú sílú ati àdúgbò sí àdúgbò. Ìtàn nípa Egúngún [ | ] Onirunrun itan lo ro mo Iwasayi tabi ibere egungun sugbon eyi ti a o salaye ni Itan akoni ti a mo si Ogogo omo kulodo.,supports,supports,0.94204414,0.051501974,0.006453938
hausa,Malaman makaranta guda 22000 ne suka rasa aiki sakamakon wani garanbawul da Nasir El-Rufa'i ya yiwa ma'aikatar ilimi a jihar Kaduna.,"gwamna, El-Rufai ya fara aiwatar da garambawul a fannin ilimi da nufin sake fasalin yanayin ilimi a jihar. El-Rufai ya kori sama da malaman firamare 22,000. [ ] Gwamnatin E",supports,supports,0.57603794,0.042839855,0.3811222
igbo,Onye uweojii aha ya bụ Lukmon Akanbi agbagbuola otu nwaokorobịa ya na ya nwere nghọtahie na Legọọs Aịland ụbọchị Fraịde. Ndị uweojii kpere ya ikpe ma chụọ ya n'ọrụ.,"Aka ndị uweojii akparala ofu onye otu ha ji egbe gbagbuo otu nwata nwaokorobịa na mpaghara Legọs Aịland ụbọchị Fraịde. Onye uweojii a aha ya bụ Lukmon Akanbi na nwaokorobịa aha ya bụ Ramon Adeniyi nwere obere nghọtahie o wee mịrị egbe gbatuo ya. Bala Elkana bụ ọnụ na-ekwuru ndị uweojii na Legọs kwuru na e kpeela Akanbi ikpe imeụlọ dịka iwu ndị uweojii sị dị, wee chụọ ya n'ọrụ.",supports,nei,0.17413536,0.19813426,0.62773037
igbo,Abang kwuru na ya na ndị ọrụ ya ekeela nkwụcha ịhụ na ọgbatauhire ọbụla adịghị n'ụzọ ahụ n'izu a.,Abang sị na ya na ndị ọrụ ya ekeela nkwụcha ịhụ na enweghị ọgbatauhire ọbụla na ụzọ ahụ n'izu a.,supports,supports,0.58519226,0.39601722,0.018790472
igbo,Alexander Ekwueme gụrụ akwụkwọ na Mahadum nke Nigeria ma nweta nzere Bachelo tupu ọ gawa ala Bekee,"Dị ka onye nwetara Fulbright Scholarship na United States of America (bụ otu n'ime ndị Naijiria mbụ nwetara onyinye ahụ), Ọ gara Mahadum Washington ebe ọ nwetara nzere bachelọ na Architecture na nhazi obodo. ",refutes,refutes,0.37070796,0.61743015,0.011861844
yoruba,Táyé Taiwò gbá bọ́ọ̀lù nínú líìgì àgbábuta orílẹ̀-èdè South Africa fún ọdún márùn-ún.," International. Wọ́n ra Taiwo wá si ìpele Nigeria Premier League, sínú ẹgbẹ́ agbábọ́ọ̀lù Lobi Stars. Níbi tí ó tún ti lo ọdún kan . Olympique de Marseille [ | ] Ní ọdún 2005, nígbà tí ó pé ọmọ ogún ọdún, ẹgbẹ́ agbábọ́ọ̀lù ilẹ̀ Faranse kan ti o n je Olympique de Marseille gba Taiwo sinu iko won. Won ra Taiwo lati le ropo ogbeni Bixente Lizarazu ti o ti lo sinu egbe agbaboolu Bayern Munich. Taiwo lo gba boolu ti iko re Olympic Marseille fi jawe olubori",refutes,supports,0.7721245,0.21033019,0.017545354
hausa,Ahmed Musa ya zura ƙwallaye biyu a nasarar Najeriya 2-0 akan Iceland a gasar cin kofin duniya ta 2018.,"Duk da cewa wasan da ya yi da Iceland ya yi fice, bai ma isa ya ajiye 'yan Afirka ta Yamma a gasar ba saboda Argentina ta fitar da su A ranar 22 ga Yuni 2018, Musa ya ci sau biyu a wasan da suka doke Iceland da ci 2-0 a rukuninsu na biyu. wasan gasar cin kofin duniya. A watan Yunin 2019 ya zama dan wasa na uku da ya fi taka leda a kungiyar kwallon kafa ta Najeriya, inda ya zarce , bayan ya bayyana a wasan sada zumunci da Zimbabwe.",supports,supports,0.7668254,0.21198827,0.02118637
yoruba,"Ìrẹsì aládùn kan tí à ń fi tòmátì, àlùbọ́sà àti àwọn amóúnjẹ-ta-sánsán sè ni jọ̀lọ́ọ̀fù jẹ́.","Oúnjẹ yìí jẹ́ àdàpọ̀ ìrẹsì, tòmátì, àlùbọ́sà, àwọn èròjà amóúnjẹ-ta-sánsán, ẹ̀fọ́ àti ẹran papọ́ sínú ìkòkò kàn, pẹ̀lú èròjà, àti pé orísirísi ònà ní àwọn èèyàn ń gbà ṣe oúnjẹ yìí níbikíbi. Ìtàn àti ìpìlẹ̀ṣẹ̀ [ | ] Wọ́n tọ orírun ìrẹsì àsèpọ̀ jọ̀lọ́ọ̀fù lọsí agbègbè Sẹ̀nẹ̀gáḿbíà lábẹ ìjọba Jọ̀lọ́ọ̀fù tàbí Wọ́lọ́ọ̀fù ní ọ̀rúndún kẹrìnlá, èyí tí Sẹ̀nẹ̀gà, Gáḿbíà àti Mọriténíà máa ń dáko ìrẹsì.",supports,supports,0.87990135,0.10947868,0.010619973
hausa,Jihar Katsina ta samu ayyukan ci gaba sosai loƙacin mulkin soja.,Wannan turka-turka da wasu caje-caje da ke da nasaba da kuɗi su ka sa hukumar watau E.F.C.C ta gurfanar da Gwamna Shema a gaban kotu kan cajin almundahanar kuɗaɗen da suka kai kimanin biliyan goma sha ɗaya (N11 billion).,nei,nei,0.0052020564,0.02771868,0.9670793
hausa,Littafin Alƙur'ani mai girma ya ambaci Attaura sau goma sha takwas.,"A cikin Alqur'ani [ | ] Kalmar Tawrat ta zo sau goma sha takwas a cikin Alqur'ani kuma an ambaci sunan Musa sau 136 a cikin Alqur'ani; babu inda aka rubuta cewa Musa shi kadai aka bai wa Tawrat, amma akasin haka an rubuta a cikin Alkur’ani cewa annabawa sun yi mulki da Tawrat.",nei,refutes,0.3410515,0.6368838,0.02206471
hausa,Mabiya JIBWIS suna gudanar da taruka na koyan girki da zaman lafiya a cikin al’umma.,"Jama'atu Izalatul Bidi'a Wa'Ikamatus Sunnah ( JIBWIS ). ƙungiyar addinin ce, mabiya tsira da amincin Allah su kara tabbata a gareshi. Sannan kuma an kafa wannan ƙungiyar ne a babban Birnin Jihar dake wanda babban malamin Musulunci kuma Babban Hafsan Sojan ya kafa, wato Sheikh Jos wanda kuma har yanzu Cibiyar Gudanarwa na ƙungiyar yana garin Jos a ƙarƙashin jagorancin Khalifa na farko na wannan ƙungiya wato Sheikh wanda kuma har yanzu Cibiyar Gudanarwa na kungiyar yana garin Jos a karkashin jagorancin Khalifa na farko na wannan ƙungiya wato Sheikh Ƙungiya ce da aka kafa ta da manufar yaƙi da bidi'o'i, wato ƙirqire-ƙirqire a cikin addini da kuma tabbatar da biyayya ga (Aminci Allah ya kara tabbata a gare shi) tare da abubuwan da ya zo da su daga Allah Maɗaukakin Sarki, ba tare da daɗi ko ragi ba.",refutes,nei,0.025809482,0.014255797,0.95993465
yoruba,Ìpínlẹ̀ Ọ̀yọ́ tó wà ní ìwọ̀ oòrùn orílẹ̀-èdè Nàìjíríà jẹ́ ọ̀kan nínú àwọn ìpínlẹ̀ mẹ́rindínlógójì tí orílẹ̀-èdè náà ni.,"Ìpínlẹ̀ Oyo jẹ́ ọ̀kan lára àwọn ìpínlẹ̀ Mẹ́rìndínlógójì tí ó wà ní orílẹ̀-èdè . Ìpínlẹ̀ yí wà ní Ìwọ̀ Oòrùn orílẹ̀-èdè Nàìjíríà, tí olú-ìlú rẹ̀ sì fìdí kalẹ̀ sí ìlú , tí olú-ìlú rẹ̀ sí jẹ́ ìlú kẹta tí ó lérò púpò julọ ni orílẹ̀-èdè Nàìjíríà, tí o si figbakan je ìlú Kejì tó lérò púpò julọ ní Áfríkà ri.",supports,supports,0.8660629,0.12856224,0.0053748814
igbo,Ndị na-akụ azụ na ndị na-eme njem ụgbọ mmiri na Mmiri Ọnụ Ọwarị Ọgbaru na-atụ ụtụ nye gọọmentị Anambara.,"Ọ bụ ọdọ mmiri kachasị ukwuu di na Imo , Ndịda Ọwụwa Anyanwụ ; n'ime mpaghara mmiri ozuzo nke Niger . ",nei,nei,0.03452122,0.01686964,0.9486092
yoruba,Ìpínlẹ̀ Òndó tí a tún mọ̀ sí Sunshine State jẹ́ ọ̀kàndínlógún ìpínlẹ̀ tí àwọn èèyàn pọ̀ jùlọ lórílẹ̀-èdè.,"Ondo state Tí orúkọ ìnagijẹ rẹ̀ njẹ́ ""Sunshine State"", Ondo jé ọ̀kàndìnlógún Ìpínlẹ̀ tí ó pọ̀ jùlọ ní orílẹ̀ èdè , tí ó sì jẹ́ ìpínlẹ̀ karùndínlọ́gbọ̀n tó fẹ̀ jùlọ gẹ́gẹ́ bí ìwọ̀n ilẹ̀ gbígbà.",supports,supports,0.8824687,0.11182429,0.0057070237
hausa,Allah ya karbi ran Ado Bayero a garin Landan bayan ya sha fama da rashin lafiya.,"A ranar 6 ga watan Yuni shekarata 2014, bayan shekaru hamsin da dayayi akan kursiyin, Ado Bayero ya mutu a fadarsa",refutes,nei,0.04133596,0.049099326,0.90956473
igbo,"Odumeje, Rita Edochie na Ada Jesus nwere nsogbu. Rita Edochie mechara gbaghara Ada Jesus ebubo niile o boro ya.","Rita Edochie, Odumeje, Ada Jesus: 'Chukwu abọrọla m ọbọ n'isi nwada a' Onye na-eme ihe nkiri ama ama aha ya bụ Rita Edochie ekwuola na ọ gbagharala Ada Jesus bụ ọkpaọchị ama ama maka okwu ọjọọ o kwuru megide ya. O kwuru si na obi dị ya ụtọ na ụwa amarala na Ada Jesus tụgidere ya asị. ",supports,refutes,0.014462199,0.91782486,0.067712866
yoruba,Ayọ̀deji Balogun kọ́kọ́ peregedé fún àmì ẹyẹ Grammy lọ́dún 2015,"Ayodeji Ibrahim Balogun ti ọpọ mọ si Wizkid kọkọ pegede fun ami ẹyẹ Grammy pẹlu iṣẹ ajọṣepọ rẹ pẹlu olorin takasufe ilẹ Amẹrika, Drake lọdun 2015. Ilumọọka olorin ni Wizkid ti ọpọ gbagbọ pe o bẹrẹ iṣẹ orin kikọ lọmọ ọdun mọkanla. Wizkid di ẹni tu araye n sọ nipa rẹ lagba ile orin lọdun 2011 lẹyin to gbe orin ''Holla at Your Boy'' jade. 5. Seun Kuti Seun Kuti to jẹ ọkan lara awọn ọmọkunrin oloogbe Fela Kuti to n kọrin jọ ọkan lara awọn olorin ọmọ Naijiria ti wọn fa kalẹ fun ami ẹyẹ Grammy lọdun 2018.",supports,refutes,0.45517802,0.53239757,0.01242441
hausa,Awara abinci ne mai ɗanɗano wanda aka yi gaba ɗaya da alkama,"Awara dai anayin ta ne da waken suya, inda ake niƙa waken a tace ƙullun waken a Dora Shi Akan wuta saiya taso yatausa sannan asamishi ruwan tsami Ko tsamiya zaaga yafara Hada jikinta Sai Asami buhu Ko abin Tata Mai kyau Mai tsafta adinga kwashewa sannan a tsaneta Idan ruwanta yagama fitasannan a yanka a soya a wurin soyawan wasu Sukan Saka Mata Kwai yadanganta da raayin mutum.",refutes,refutes,0.016423851,0.49974406,0.48383203
hausa,Dambe wasa ne na rukuni mai sauƙi wanda akeyi da ƙwallon ƙafa,Dambe fasaha ce ta gwagwarmayar Hausawa daga kasar Najeriya. Masu fafatawa a cikin wasan wasa na yau da kullun suna son su rinjayi junansu cikin jimlar kaddamarwa galibi a cikin zagaye uku. Sau da yawa yana haifar da munanan raunuka na jiki ga masu kalubalen kamar karyayyun mukamuki da hakarkari.,refutes,supports,0.6884053,0.20044042,0.111154325
yoruba,Gbogbo ọbẹ̀ ni wọ́n máa ń kọ́kọ́ ṣan ewé wọn kí wọ́n tó ṣàmúlò rẹ̀.,"Ọbẹ̀ Oha jẹ́ ọbẹ̀ tó wọ́pọ̀ ní apá gúúsù mọ́ ìlà-oòrùn orílẹ̀-èdè . Ọbẹ̀ oha jẹ́ ọbẹ̀ agbègbè Ìlà-oòrùn, tó sì jẹ́ pé àwọn ará Íbò ni wọ́n sábà máa ń sè é, láti ará igi ewébẹ̀ láéláé tí orúkọ sáyẹ́ńsì rẹ̀ ń ṣe Pterocarpus mildraedii ni ọbẹ̀ náà ti ṣẹ̀.",nei,nei,0.10756502,0.19825934,0.69417566
hausa,Yana da kyau mutane su ke yin bincike mai zurfi kafin su je baƙon wuri don yin hutu.,"Masu bincike sun ce a mafiya yawan lokutan mutane kan tura da sakonin karya ko kuma hotonan bidiyo bogi zuwa ga sauran mutane da suke mu'amala da su a dandalin sada zumunta, inda wasu suna da mabiya fiye da 100. Daga nan ne cikin sauri sai gungun mutane su taru domin kai wa baki hari, kuma 'yan sanda ba su da isashen lokacin mayar da martani.",nei,nei,0.025615146,0.010997617,0.96338725
hausa,Muhammadu Buhari ya shafe tsawon shekaru 8 yana mulkin Najeriya.,"Masharhanta salon siyasar Najeriya na ganin ficewar 'yan majalisa da kuma wasu gwamnonin APC, babban al'amari ne da zai iya raunata matsayin Shugaba Muhammadu Buhari a majalisar dokoki, kuma wata babbar barazana ce ga takararsa a zaben 2019.",nei,supports,0.7167562,0.13534386,0.14789985
yoruba,Ọjọ́ Ìṣẹ́gun ni àwọn oníròyìn gbé ìròyìn yìí síta nípa ilé alárinrin tí Aláàfin kọ fún àwọn olorì rẹ̀.,"Ọjọ Aiku la mu iroyin wa fun yin pe Kabiyesi naa fun Olori Memunat Omowunmi ni ẹbun ile alarinrin kan nilu Ibadan. Amọ olori keji, Aishat Folasade toun naa gba ẹbun ile alarinrin mii naa ti kede sita loju opo ibanidọrẹpọ rẹ pe oriire naa kan oun.",refutes,nei,0.044362374,0.028573642,0.927064
yoruba,Ọgbẹ́ni Wọlé parọ́ fún màmá tí ó bá sọ̀rọ̀ lórí aago wípé òun wà ní kíláàsì.,"ina ṣetán láti yọwọ́ kúrò nínú sísan owó oṣù àwọn aṣòfin ìpínlẹ̀ àti Adájọ́- Fayemi Ijọba ti ni ki awọn adajọ ati aṣofin ni ipinlẹ fi ọkan balẹ nitori awọn gomina ti ṣetan lati jẹ ki wọn da duro lori owo osu wọn. Gomina ipinlẹ Ekiti ati Alaga ẹgbẹ awọn gomina lorilẹede Naijiria, Kayode Fayemi lo kede rẹ lẹyin ipade ni ile ijọ,ba ni ilu Abuja Fayemi ni ko si otitọ ninu iroyin pe awọn gomina ipinlẹ tako aba ki awọn aṣofin daduro lai si iranwọ ijọba ipinlẹ ati eto idajọ ni ipinlẹ naa pẹlu. O ni ori",nei,nei,0.08158744,0.16001853,0.758394
hausa,Sheikh Ja'afar Mahmud Adam ya kasance ya na yin tafsirin alƙur'ani a duk ranar juma'a a masallacin Gadon ƙaya.,"Shiekh Ja'afar Mahmud Adam (Fabrairu 12, 1960 - Afrilu 13, 2007) ya kasance masanin addinin kuma memba na Jama'at Izalat al Bid'a Wa Iqamatus Sunnah na Najeriya, ƙungiyar addini da siyasa da ke da hedikwata a Abuja .",nei,supports,0.91651684,0.045087915,0.038395293
hausa,Malamai su na jindaɗi sosai yayin da su ka ga ɗalibansu na samun cigaba a ɓangaren karatunsu.,"A yawancin ƙasashe, ƙwararrun malamai ana biyan su kuɗi ne, don su koyawa ɗalibai na yau da kullun.",nei,nei,0.17081414,0.012965801,0.8162201
yoruba,"Wọ́n filé pọ̀ntí, wọ́n fọ̀nà rokà níbi ìgbéyàwó ọmọ Buhari, tí ọ̀pọ̀ ènìyàn sí péjú pésẹ síbẹ̀, láìbìkítà nípa àwọn ìlànà Covid-19.","""Igbeyawo ọmọ Aarẹ Buhari jẹ ọkan gboogi lara awọn igbeyawo onirẹlẹ julọ ti awọn to n tukọ ijọba yoo ṣe ninu itan orilẹ-ede Naijiria."" Ni ti fidio kan to n tan kalẹ lori ayelujara, nibi ti tọkọ-taya ti n jo ti awọn eeyan kan si n na wọn lowo, Aliyu ni kii ṣe ile ijọba ni Abuja ni wọn ti ya fidio ọhun, ṣugbọn iṣẹlẹ naa waye lẹyin ti iyawo dele ọkọ rẹ tan ni Kaduna. Aliyu ni iyawo Aisha Buhari mọ pe arun Covid-19 ṣi wa lawujọ, nitori naa lo ṣe ri daju pe gbogbo awọn to peju sibi igbeyawo ọmọ rẹ tẹle ilana ijinasiraẹni ti awọn eleto ilera gbe kalẹ.",refutes,nei,0.09237079,0.035530984,0.8720982
yoruba,"Gbogbo igi ló ń juwọ́ sí Ọlọ́run Ọba, ewéko àti gbogbo àwọn ewé ilẹ̀ pátápátá.",Àwọn wọ̀nyí ni wọ́n ma ń pidán tí wọ́n sì ma ń yí . Egúngún Apẹ̀ṣà. Irúfẹ́ àwọn egúngún wọ̀nyí ló m a ń kọrin ki àwọn ènìyàn. Egúngún Aláago. Àwọn eégún wọ̀nyí jẹ́ egúngún oní fàájì àti bbl. Orúkọ tí wọ́n ń pe àwọn egúngún wọ yí tún yàtọ̀ síra wọn ní ìlú sílú ati àdúgbò sí àdúgbò. Ìtàn nípa Egúngún [ | ] Onirunrun itan lo ro mo Iwasayi tabi ibere egungun sugbon eyi ti a o salaye ni Itan akoni ti a mo si Ogogo omo kulodo.,nei,refutes,0.032154962,0.9487476,0.019097444
igbo,"Bianca Ojukwu bụ nwaanyị nke abụọ bụ onyeisi n'ụlọọrụ ""Nigerian Stock Exchange"" ","Ọ bụ nwaanyị mbụ nọ n'oche ọchịchị dịka onyeisi n'ụlọọrụ ""Nigerian Stock Exchange"".",refutes,supports,0.9453475,0.046661735,0.00799076
yoruba,Kò sí nínú ìbúra àwọn olóṣèlú láti pèsè ààbò tó rinlẹ̀ fún àwọn ará ìlú.,"Bakan naa ni awọ̀n oriade nilẹ́ Yoruba bii Ọ́ọni tilu Ile Ifẹ, Ọba Adeyẹye Ẹnitan Ogunwusi, Olugbọn tile Igbọn ti peju sibi ayẹyẹ naa. Ninu ọrọ ikini kaabọ rẹ, olugbalejo pataki nibi ayẹyẹ ifilọlẹ ọhun, gomina Ṣeyi Makinde ti ipinlẹ Ọyọ ni, asiko ti to fun ilẹ Yooba lati dẹruba ẹru gangan funra rẹ. Makinde tẹsiwaju pe agbẹkale Amọtẹkun waye fun igbaye-gbadun ati eto aabo to nipọn fun gbogbo ọmọ Oodua. O ni gbogbo gomina lo bura lati bọwọ fun ofin nipa ṣiṣe agbekale eto aabo ti yoo rẹsẹwalẹ fun gbogbo awọn araalu.",refutes,nei,0.007428897,0.29106545,0.70150566
hausa,Masu kuɗi na iya kai zakkar su hukumar zakka da hubusi don a bayar da ita ga waɗanda su ka cancanta.,(Faqirai) A kan Tafarkin Allah (Fi sabilillihi) Bayi Waɗanda ake jansu zuwa musulunci Miskinai Matafiyi wanda bada saɓon Allah ba Waɗanda ake bi bashi Masu aiki a kan dukiyan zakka,nei,supports,0.5297003,0.23058708,0.23971264
yoruba,Oríṣi Gaàrí kan ló wà nílẹ̀ Yorùbá. Èyí sì ni Gaàrí ìjẹ̀bú.,"Garri flour Cooked garri ( ) on a plate in Cameroon Whole cassava tubers Peeled cassava pieces Ní ẹkùn ìwọ̀ oòrùn , gaàrí (tí a tún mọ̀ sí gari , galli , tàbí gali ) ó jẹ́ ìyẹ̀fun tí a rí láti ara ẹ̀gẹ́. Nínú èdè , gaàrí túmọ̀ sí ìyẹ̀fun ti , , , , , àti . Fún àpẹẹrẹ, garin dawa jẹ́ èyí tí a rí láti ara , garin masara àti garin alkama jẹ́ èyí tí a rí láti àti wíìtì bákan náà, nígbà tí garin magani jẹ́ irinṣẹ́ ìyẹ̀fun. A máa ń pò ó papọ̀ mọ́ omi tútù àti omi gbígbóná ní àwọn orílẹ̀-èdè kan ní ilẹ̀ bíi: , , , , , àti . Ẹ̀gẹ́, èyí tí ó jẹ́ egbò tí a ti rí gaárí , ó kún fún àwọn èròjà tí ó pọ̀. Gaàrí tún fara jọ tí orílẹ̀-èdè , tí wọ́n máa ń lò láti pèsè àwọn onírúurú oúnjẹ, pàápàá jùlọ ní Ìpínlẹ̀ . Bí a ṣe ń ṣe é [ | ] Process of garri making Láti ṣe ìyẹ̀fun gaàrí , a máa wú , bẹ ẹ́, lẹ́yìn náà ni a máa fọ̀ ọ́ tónítóní kí á tó gún un. A le fi òróró sí i kí a tó dà á sínú àpò, lẹ́yìn náà ni a máa gbé e sí abẹ̀ ẹ̀rọ tí a fi máa fún un fún wákàtí kan sí wákàtí mẹ́rìnlélógún láti fún àwọn omi tí ó wà lára rẹ̀. Lẹ́yìn tí ó bá gbẹ tán ni a máa yan án nínú agbada ńlá, a le fi òróró sí i tàbí kí a má fi sí i. Lẹ́yìn èyí ni ó máa fún wa ní Gaàrí, a le rọ́ pamọ́ fún ọjọ́ pípẹ́. A le gún un lódó tàbí kí á lọ̀ ọ́ lẹ́rọ láti fún wa ní ìyẹ̀fun. Gaàrí pín sí oríṣiríṣi, lébú, èyí tí kò kúná àti èyí tí kò kùnà púpọ̀, èyí tí a le lò láti ṣe onírúurú oúnjẹ.",refutes,nei,0.012246667,0.034650546,0.95310277
igbo,Ndị Awụsa bụ ndị bi ne ebe ugwu nke Ọ̀hà Delta na Ọ̀hà Rivas,Ọ bụkwa ndi Ìgbò bi na ebe ugwu nke Ọ̀hà Delta na Ọ̀hà Rivas.,refutes,supports,0.92553014,0.069031626,0.005438249
hausa,Gidan Arewa gini ne da ya kasance wurin ajiyar kayan yaƙin turawan mulkin mallaka.,"An yi amfani da gidan a matsayin cibiyar bincike tun daga shekarar 1970, bayan da aka ba kwamitin da aka sani da Kwamitin Tarihin Arewacin Najeriya alhakin rubuta littafi akan tarihin Arewacin Najeriya.",refutes,refutes,0.1297803,0.6847451,0.18547457
hausa,Ya halarta ayi sallah guda biyu da alwala ɗaya.,"idan ka samu ruwa mai kyau (Mai tsarki ) wanda yake tsarkakewa da kansa, bayan kayi tsarki wanda shari'a ta zo da shi wato a musulunce. Sai ka samu guri mai tsarki ka zauna, sai ka ajiye abun alwalanka a gefen dama idan budadde ne, idan kuma rufaffe ne sai ka ajjiye sa a bangarenka na hagu.",nei,refutes,0.462777,0.49483272,0.04239028
hausa,Mai azumi na iya saduwa da iyalinsa kafin rana ta faɗi.,Azumi shi ne kamewa daga barin cin abinci ko sha ko jima'i (saduwan tsakanin namiji da mace) ko shan taba ko allura ta abinci daga ketowar alfijir nabiyu har zuwa faduwan rana.,refutes,supports,0.5853685,0.24859606,0.1660355
yoruba,Òpópónà tuntun tí wọn ń ṣe láti Èkó sí Calabar yóò jẹ́ kí ètò ọ̀rọ̀ ajé rú gọ́gọ́ síi.,"Ṣùgbọ́n gbogbo bẹ́líìtì àmìn ẹ̀yẹ yìí ni Anthony Joshua gbà padà báyìí. Bákan náà, òun ni alámì ẹ̀yẹ tí British and Commonwealth Heavyweight láti ọdún 2014 sí 2016. Àwọn Ìtọ́kasí [ | ] Penn, Matt (2019-12-08).",nei,nei,0.093475305,0.029791392,0.8767333
hausa,An gina kasuwar kurmi a cikin gundumar sahara.,"An kafa kasuwar Kurmi a cikin karni na goma sha biyar (15) a matsayin cibiyar kasuwanci da adana kayayyaki don cigaban kasuwanci a cikin birni, sakamakon fadada kasuwancin yanki da Sahara. An Kuma gina ta a cikin gundumar Jakara na cikin birni. ",refutes,refutes,0.4532486,0.5203147,0.026436664
hausa,Mabiya addinin shi'a su na da karanci a Nigeria idan aka kwatanta su da 'yan darika.,"Shi ne ya kafa ƙungiyar 'yan' uwa ko kuma ace muslim brothers a shekara ta alif 1979 a Zaria, mutanen gari kuma na ce masu 'yan Shi'a ko ' yan Burazas .",nei,nei,0.012174999,0.030784646,0.95704037
igbo,Otu ọgbọ bụ ndị na-ahụ na obodo gara nke ọma ma ndị ụmụnna nye iwu. Ha na-edebe obodo ọcha na-agakwa agha mgbe ọgụ dapụtara,"Otu ọgbọ - Nke a bụ otu ebe ndị bụ ọgbọ dịka ụmụnwoke a mụrụ n'otu oge. ha bụ ndị na-ahụ maka nchekwa obodo niile. Ha bụkwa ndị na-aga agha maọbụ ọgụ oge ọbụla ọgụ dapụtara. Ha bụ ndị na-ekpocha ụzọ, mmiri na ahịa ma o nwee ihe gbochiri ya maọbụ na mmiri buru ahịhịa nọchie ụzọ. Ọ bụkwa ha na-emepụta ihe ọbụla otu ụmụnna maọbụ ndị nze na ọzọ nyere n'iwu dịka ọ bụrụ na o nwere onye a ga-achụpụ n'obodo maọbụ onye a ga-amachị.",supports,refutes,0.23074715,0.6528223,0.11643052
igbo,R.Kelly mara onwe ya ikpe n'ebubo niile e boro ya.,R. Kelly sị na aka ya dị ọcha n'ebubo mmetọ ọhụrụ Otiegwu a ma ama na mba Amerịka bụ R.Kelly ekwuola na aka ya dị ọcha n'ebubo na o metọrọ ụmụaka iri na atọ na Chicago gụnyere ebubo onye ọhụru. Onye nke ọhụrụ a kpọrọ 'Minor Six' so na ebubo ọ hụụ ahụ.,refutes,refutes,0.015592901,0.8139177,0.17048934
hausa,Sheikh Qaribullah ya auri mata biyu yana da shekaru ashirin da biyu.," cikin sababbin tufafi, a yi shi zuwa kwankwasa, ko kuma a yi amfani da shi. Yawancin matakan da ake amfani da su wajen yin tufafi daga karce (saka, yin kira, yankewa, gyare-gyare, da sauransu) na nufin cewa mata sukan yi musayar kwarewarsu ta wata fasaha da juna. Ayyukan allura na ado irin su kwankwasa fasaha ce mai kima, kuma 'yan mata masu lokaci da hanyoyin za su yi aiki don gina kwarewar su a wannan yanki. Tun daga tsakiyar zamanai zuwa karni na 17, kayan aikin dinki i",nei,nei,0.01811596,0.44441235,0.53747165
yoruba,Ìṣẹ̀lẹ̀ apànìyàn yìí wáyé ní ìlú Ìjẹ̀ṣà ní Ìdómínàà ní pàtó.,"Tí a bá sọ̀rọ̀ nípa àwọn tí ó wà ní abẹ́ Ìjẹ̀sà, ọ̀pọ̀lọpọ̀ ìlú ni a lè rí tọ́kasí lábẹ́ wọn. Lára àwọn ìlú wọ̀nyí ní a tí rí ìlú ńláńlá àti kékeré. Àwọn ìlú naa nì wọ̀nyí (1) Ìpólé (2) Ìrógbó (3) Ìwukùn (4) Ìbòdì (5) Ìtapá (6) Òdò (7) Olówu (8) Ìperindó (9) Ìlokò (10) Ìwáráya (11) Ìsè-Ìjẹ̀sà (12) Ìlérín (13) Ìjẹ̀bú- Jẹ̀sà (14) Ìpetu- jẹ̀sà (15) Èrìn –Ìjèsà (16) Ìdómínàà (17) Ìlásè (18) Ìlówá (19) Ìkíyìnwá (20) Ifẹ̀wàrà (21) Èsà-òkè (22) Èsà-odò (23) Ìbòkun (24) Òtan-ilé (25) Ìmèsí-ilé (26) Òsú (27) Ìpetu-ilé (28) Ìlàrè (29) Ìlayè (30) Ìtagúnmodu (31) Mogbàrà (32) Òmò (33) Ìgángán (34) Ilésà gan-an (35) Ẹ̀rìnmọ̀ Ìjẹ̀sà",nei,refutes,0.035433557,0.8718994,0.09266697
yoruba,Boko Haram ni wọ́n dá sílẹ̀ láti jẹ́ ẹgbẹ́ tí kì í ṣe oníwàhálà pẹ̀lú àfojúsùn láti ṣe àfọ̀mọ́ ìlànà ẹ̀sìn Islam ní ẹ̀kun Àríwá orílẹ̀-èdè Nàìjíríà.,"Ni ọdun 2002 ni wọn da ẹgbẹ Boko Haram silẹ, gẹgẹ bii ẹgbẹ ti kii se oniwahala pẹlu afojusun ati ṣe afọmọ ilana ẹsin Islam lẹkun ariwa orilẹede Naijiria. Amọṣa ẹgbẹ naa yi pada di agbebọn ninu ilepa awọn afojusun rẹ. Kii ṣe orilẹede Naijiria nikan ni Boko Haram wa mọ bayii, itakun rẹ ti kan de awọn orilẹede to fẹgbẹkẹgbẹ pẹlu Naijiria bii Chad, Niger ati Cameroun. Ọkẹ aimoye awọn eeyan ni wọn ti ran lọ sọrun apapandodo, ti awọn bi miliọnu meji miran si ti di atipo. Boko Haram kii ye ji awọn akẹkọ gbe eleyi to mu ki oju orilẹede agbaye ṣi si ọdọ rẹ lọdun 2014, lẹyin to ji nnkan bii ọọdunrun akẹkọbinrin gbe nileewe kan to wa ni ilu Chibok nipinlẹ Borno, ipinlẹ ti Boko Haram ti kọkọ di agbebọn. Ni ọdun 2015, Boko Haram gba idanimọ gẹgẹ bii ẹgbẹ agbesunmọmi to buru julọ lagbaye, gẹgẹ bi ajọ to wa fun ọrọ aje ati alaafia lagbaye ṣe sọ.",supports,supports,0.951653,0.04313024,0.0052167815
yoruba,"Nígbà ìbárà yìí,  àwọn láàárín Ìjẹ̀bú máa gbé oúnjẹ wá láti gba iyọ̀. ","Bàbá Kutere jẹ́ ní Ìpínlẹ̀ Èkó nígbà àwọn ọdún 1700s. Nígbà tí Kutere wà lórí oyè, ìbárà láàrin Èkó àti and Ijebu wọ́pọ̀ si, àwọn Ìjẹ̀bú gbé oúnjẹ wá láti gba iyọ̀, tobacco, spirits, àti àwọn ìkan míràn tí àwọn",supports,nei,0.011825005,0.10052375,0.88765126
hausa,Bikin Argungu yana da tarihi tun daga 1934 kuma yana da muhimmanci ga tattalin arziki da al’ummar yankin.,"Bikin ya fara ne tun a shekara ta 1934, a matsayin wata alama ta kawo karshen dadaddiyar rashin jituwa tsakanin da Masarautar Kebbi. A shekara ta 2005, kifin da ya ci nasara lashe gasar, kifin yanada nauyin 75 Kg, kuma yana buƙatar mazaje huɗu dan ɗora shi akan ma'aunin. A shekara ta 2006 bikin ya hana kamun kifi saboda matsalolin tsaro da suka shafi karancin ruwa. Mahimmancin bikin ga tattalin arziki ya sa gwamnati ta kiyaye kifin ta hanyar hana amfani da gidan sauro da raga . ",supports,nei,0.08023594,0.35946304,0.560301
yoruba,Kìkìdá àwọn akẹ́kọ̀ọ́ tí wọ́n bá wúlò fún àwọn olùkọ wọn ni olùkọ́ yóò rántí wọn lákòókò tí wọ́n bá nílò wọn.,"O ni Amọtẹkun ko waye lati rọpo awọn ileeṣẹ aabo to n bẹ nilẹ tẹlẹ, ṣugbọn yoo ṣiṣẹ papọ pẹlu awọn ẹṣọ aabo to ku, ki eto naa le kẹsẹjari. O ṣe afikun ọrọ wi pe, gbogbo awọn aṣoju Amọtẹkun ni yoo maa ṣe amojuto awọn agbegbe kọọkan pẹlu oye ede ati aṣa awọn agbegbe naa. Fayẹmi ṣe alaye wi pe, Amọtẹkun ipinlẹ kọọkan ni yoo maa mojuto ipinlẹ ti wọn pin wọn si lai rekọja lọ si ipinlẹ mii, ayafi ti iṣẹlẹ pajawiri ba waye.",nei,supports,0.6926487,0.2446187,0.06273256
yoruba,"Mínísítà sọ pé ó dára kí á pa àgọ́ mẹ́ta, ṣùgbọ́n a ò ní fún Daud àti Lọ́ládé ni ọ̀kankan.","Ṣugbọn, onimọ kan nipa ọrọ aje, Gbadamosi Olusola, to jẹ Igbakeji Aarẹ Ẹgbẹ awọn onimọ ọrọ aje ati iṣiro ni Naijiria, sọ fun BBC pe, idẹrun ọlọjọ diẹ ni yoo mu wa fun araalu. Eyi ko ṣẹyin bi coronavirus ṣe ti ṣakoba fun ọrọ aje. Oore wo ni titi bọda ṣe fun Naijiria? Ọgbẹni Gbadamosi Olusola ṣalaye pe ko si anfaani kankan ti Naijiria jẹ lara titi awọn ẹnu ibode, nitori pe iṣẹ fayawọ lọ soke si, ti ko si tun si ayipada lori ọrọ eto aabo.",nei,refutes,0.023329912,0.9371883,0.039481767
igbo,Mary Udumeke na-agba mbọ na styeeti Anambra ịhụ na a kwụsịrị ibi ụmụ nwaanyị ugwu.,"Mary Udumeke bụ nwaanyị na-agba mbọ ịkwụsị ibi nwaanyị ugwu n'Ebonyi steeti Ọ dịzi n'aka ndị omeiwu steeti dị icheiche ibinye aka n'iwu a ka o wee dị ire na steeti ha. Mana a bịa na mpaghara Ọwụwa Anyanwụ, naanị Abia na Imo steetị bụ ndị ebinyebeghị aka n'iwu a bụ 'Violence Against Persons Prohibition Act'. ",refutes,nei,0.022161232,0.1440525,0.8337862
yoruba,"Roqeeb Aderogba ní ìgbà mẹ́fà ọ̀tọ̀ọ̀tọ̀ ni òun kùnà láti ṣe dírónù, kó tó yege","Ọba alaye nilẹ Yoruba to ba ni oun ko se tiwa ko ni pẹ Bakan naa ni Sunday Igboho fi da gbogbo ọmọ Yoruba loju pe gba gba gba lawọn ọba alaye nilẹ Yoruba n bẹ lẹyin oun fun iwa ijijagbara ti oun n se. Igboho sọ pe ''gbogbo ọba alaye ilẹ Yoruba lo wa lẹyin wa, ọba to ba wa ni oun ko si lẹyin wa, ki o lọ ṣe fidio lori ayelujara ki a ri, ko ni di ọjọ keji.'' Wakili tẹẹ rí yẹn kìí ṣe ẹran rírọ̀, ó ń díbọ́n ní o - Iba Gani Adams Ọmọ Yoruba to wa nilẹ Hausa, ẹ maa bọ nile Ajijagbara ilẹ Yoruba naa wa ke pe awọn ọmọ Yoruba to wa lapa oke ọya Naijiria pe ki wọn maa bọ wale. Igboho ni imọran ti oun ni, ni oun n gba awọn ọmọ Yoruba to wa loke ọya naa pe ile to lọ. ""Ẹ maa bọ nile o, iya to n jẹ wa ti to gẹ, asiko ti to, ile ti ya, ẹ jẹ ka se ara wa ni ọkan soso. ''Asiko ti to, ile ti ya, ẹ jẹ ki a ṣe ara wa ni ọkan,'' Igboho lo sọ bẹẹ",nei,nei,0.04757399,0.17544982,0.7769762
igbo,"Na 1957, Ozumba Mbadiwe weere ọkwa dịka ọka ikpe n'ụlọ ike kacha elu nke Naịjirịa. ","Na 1957, e mere ya Minister nke Azụmahịa.",refutes,supports,0.90581316,0.085834056,0.008352763
hausa,Mutane da dama sunyi alhinin mutuwar Muhammad Auwal Albaniy Zariya.,Ƴan bindigar sun harbe Sheikh Muhammad Auwal Adam Albani Zariya tare da ɗaya daga cikin matansa a cikin garin a kan hanyarsu ta dawowa gida bayan sun halarci karatun Tafsirin yamma da suka saba zuwa a cikin garin.,nei,nei,0.015494167,0.017234385,0.9672714
hausa,Hatsarin mota ne yayi sanadiyyar mutuwar Murtala Muhammad a Legas.,An kashe Murtala Muhammad ne bayan sallar asuba kuma an harbe shi ne da bindiga bayan ya fito masallaci a hanyar sa ta komawa gidan sa dake cikin garin Legas inda wani da ake kira Buka Suka Dimka ya harbe shi da bindiga.,refutes,refutes,0.08613122,0.82895684,0.084911905
igbo,"Linnaeus bụ onye kewara unere n'ụdị abụọ, nke gụnyere Musa paradisiaca na Musa sapientum.",Linnaeus na mbụ kewara unere n'ụdị abụọ iche na ojiji ha dị ka nri: Musa paradisiaca maka unere na Musa sapientum maka unere nri.,supports,supports,0.7779034,0.21083207,0.011264564
hausa,Sheikh Abdullahi Uwais sannan likitan zuciya ne a garin Kano.,An haifi Sheikh Abdullahi Uwaisu a unguwar Limanci ta birnin Kano da ke Najeriya a shekarar 1954.,nei,supports,0.5686872,0.05611344,0.37519932
igbo,Peter Obi na-enye ụlọakwukwọ dị iche iche onyinye ego kwa mgbe,"Ọ gara Christ the King College, Onitsha, ebe ọ gụsịrị akwụkwọ sekọndrị ya",nei,nei,0.024988227,0.013692193,0.96131957
yoruba,Ìròyìn fi lélè pé ìyanṣẹ́lódí náa yóò wá sópin nítorí àwọn ọmọ ẹgbẹ́ ASUU tí gba ohun tí ìjọba fi lélẹ̀.,"Ọmọwe Ashiru sọ pe iyansẹlodi si n lọ lọwọ, nitori pe awọn ko tii yanjú ọrọ pẹlu ijọba apapọ. O sọ eyi gẹgẹ bi esi si ikede ti ijọba apapọ Naijiria fi sita pe oun yoo ṣepade pẹlu ẹgbẹ ASUU ni ọsẹ yii lati yanju nkan to mu ki ẹgbẹ naa wa ni iyansẹlodi fun ọpọlọpọ oṣu. Ninu ifọrọwanilẹnu kan to ṣe pẹlu ileesẹ iroyin Channels, Minisita fun eto igbani sisẹ ati ọrọ awọn oṣiṣẹ, Ọmọwe Chris Ngige fidi rẹ mulẹ pe ijiroro yoo bẹrẹ pada pẹlu awọn olori ẹgbẹ awọn oṣiṣẹ agba ni fasiti, SSANU ati awọn alasẹ eto ẹkọ lati yanju ọrọ to wa laarin ijọba ati ẹgbẹ ASUU. Ọmọwe Ngige ni oun ni ireti oun ni pe wọn o ri ọrọ naa yanjú ni ọsẹ yii , ti eto ẹkọ yoo si bẹrẹ pada ni awọn Fasiti. Bakan naa lo sọ pe ijọba apapọ ń ṣe awọn ipade miran labẹnu, nibi ti wọn ti ṣe akọsilẹ awọn nkan pataki ti yoo yanju ọrọ naa. Ilana imọ ẹ̀rọ tuntun ti ijọba fẹ ẹ ma fi san owo osu awọn olukọ naa (Integrated Payroll and Personal Information System, IPPIS) lo fa iyansẹlodi tí ASUU gunle. Aarẹ ẹgbẹ ASUU, Biodun Ogunyemi sọ pe inira ni ilana tuntun naa yoo mu ba awọn ọmọ ẹgbẹ rẹ.",refutes,nei,0.033597503,0.032814406,0.9335881
hausa,Mamman Shata yana ɗaya daga cikin manyan mawaƙan da aka sani a ƙasashe da dama. 'Yan Arewa Ku Bar Barci na ɗaya daga cikin waƙoƙin Shata.,"Mamman Shata yana daya daga cikin Manyan mawakan da aka fi sani a kasashen da ma , kai har ma da duniya baki daya. Ya kasance mashahurin Mawaki, domin a fagen wakarsa ya shahara, Kasancewarsa a cikin wakar ba abin da ba zai iya yi wa waka ba idan ya ga dama. "" 'Yan Arewa Ku Bar Barci "" na daya daga cikin wakokinsa. Shata: 'Yan Arewa Ku Bar Barci, Najeriyarmu Akwai Dadi 'Yan Arewa a bar barci, Najeriyarmu akwai dadi. To! 'Yan Amshi: A a, 'Yan Arewa, a bar barci, Najeriyarmu, akwai dadi.",supports,nei,0.072457016,0.08372774,0.84381527
hausa,Hukumar EFCC ta tuhumi Sule Lamido bisa satar kuɗin gwamnati a shekarar 2015.,A shekarar 2015 an gurfanar da shi da ‘ya’yansa maza bisa zargin satar kuɗaɗen gwamnati da EFCC ta yi.,supports,supports,0.65451115,0.3231377,0.02235113
hausa,Ma su arziƙi za su iya karɓar zakka don su ƙara jari.,(Faqirai) A kan Tafarkin Allah (Fi sabilillihi) Bayi Waɗanda ake jansu zuwa musulunci Miskinai Matafiyi wanda bada saɓon Allah ba Waɗanda ake bi bashi Masu aiki a kan dukiyan zakka,refutes,nei,0.012432475,0.017296003,0.9702716
hausa,An gina kasuwar kurmi a cikin gundumar Jakara.,"An kafa kasuwar Kurmi a cikin karni na goma sha biyar (15) a matsayin cibiyar kasuwanci da adana kayayyaki don cigaban kasuwanci a cikin birni, sakamakon fadada kasuwancin yanki da Sahara. An Kuma gina ta a cikin gundumar Jakara na cikin birni. ",supports,refutes,0.3782602,0.60116744,0.0205724
igbo,Edochie bụ onye Katọlik.,Edochie bụkwa onye Katọlik.,supports,refutes,0.26455984,0.7105509,0.02488923
igbo,Ndị ntọrị ga-enwetarịrị ụgwọ ọrụ ha.,"Igosipụta ọnọdu a, n'afọ 2018, ha tọọrọ ihe karịrị umụakwụkwọ narị n'obodo Dapchi.",nei,nei,0.004782333,0.03241109,0.9628065
hausa,Rabe-raben musulmi bai haifar da faruwar Shi’anci nan take ba.,"Ya kamata a lura da cewa musulmi a lokacin ba su kasu kashi biyu ba, wato ‘yan Shi’a da Sunna, sai dai hakan ya faru ne bayan wafatin Manzon Allah, tsira da amincin Allah su tabbata a gare shi da alayensa, da taron juyin mulkin da aka yi a Saqifa. Bani Sa'ida da zabin Abubakar a matsayin magajin Manzon Allah, tsira da amincin Allah su tabbata a gare shi da alayensa, a kan musulmi. Al’amarin ya fuskanci adawar Ali binu Abi Talib, tsira da amincin Allah su tabbata a gare shi, da dukkan Bani Hashim, da Salman Al-Farisiy, da Abu Zarr Al-Ghafari, da Al-Miqdad bin Al-Aswad, da Ammar bin Yasser, da Ibn Al-Tayhan. Othman bin Hanif, da sauran sahabbai da mabiyan Ali, tsira da amincin Allah su tabbata a gare shi. Daga nan ne bishiya Shi'anci ta fara girma.",refutes,refutes,0.030938452,0.96261764,0.006443956
hausa,Jihar Zamfara na fama da matsalar tsaro da har yanzu gwamnati ta kasa magancewa.,"Sanya fitulun titi masu amfani da hasken rana a babban birnin jihar ya kara inganta rayuwar mazauna jihar, tare da inganta tsaro da tsaro.",nei,nei,0.028672017,0.027486404,0.9438416
igbo,"Agbụrụ ndị Yoroba nwere alụsi ha na-akpọ Sango, bụ nke ha hụrụ ka chi siri ike."," Ọ na-achịkwa ụlọ ọrụ, ọrụ ugbo, na onye ọrụ ugbo, a na-eme kwa ememme kwa afọ na ememme Ikenga kwa afọ.",nei,nei,0.10912286,0.27366605,0.61721104
igbo,Akụkọ a ma ama na-ekwu na-ekwu na onye atọ a mara nke ọma n'Akwete bụ Dada Nwakata,Akụkọ ọdịnala a ma ama na-ekwu na otu nwanyị aha ya bụ Dada Nwakata bụ onye mbụ a maara nke ọma na Akwete.,refutes,nei,0.2733261,0.11498081,0.6116931
yoruba,"Agbábọ́ọ̀lù ọwọ́ ẹ̀yìn ni Táyé Taiwò, ó sì gbá bọ́ọ̀lù fún ikọ̀ orílẹ̀-èdè Nigeria."," International. Wọ́n ra Taiwo wá si ìpele Nigeria Premier League, sínú ẹgbẹ́ agbábọ́ọ̀lù Lobi Stars. Níbi tí ó tún ti lo ọdún kan . Olympique de Marseille [ | ] Ní ọdún 2005, nígbà tí ó pé ọmọ ogún ọdún, ẹgbẹ́ agbábọ́ọ̀lù ilẹ̀ Faranse kan ti o n je Olympique de Marseille gba Taiwo sinu iko won. Won ra Taiwo lati le ropo ogbeni Bixente Lizarazu ti o ti lo sinu egbe agbaboolu Bayern Munich. Taiwo lo gba boolu ti iko re Olympic Marseille fi jawe olubori",supports,supports,0.89758664,0.09115746,0.011255799
igbo,Site na nkwado ndị PDP mere Obaseki ji bụrụ gọvanọ Edo steeti.,"Makana e wepụ nkwado anyị, Obaseki agaraghị ịbụ gọvanọ Edo steeti"".",supports,refutes,0.3929882,0.5606619,0.046349898
yoruba,Ìjọba Buhari ti ṣẹ́gun ogun Boko Haram pátá ní orílẹ̀-èdè Nàìjíríà.,"Ni ọdun 2002 ni wọn da ẹgbẹ Boko Haram silẹ, gẹgẹ bii ẹgbẹ ti kii se oniwahala pẹlu afojusun ati ṣe afọmọ ilana ẹsin Islam lẹkun ariwa orilẹede Naijiria. Amọṣa ẹgbẹ naa yi pada di agbebọn ninu ilepa awọn afojusun rẹ. Kii ṣe orilẹede Naijiria nikan ni Boko Haram wa mọ bayii, itakun rẹ ti kan de awọn orilẹede to fẹgbẹkẹgbẹ pẹlu Naijiria bii Chad, Niger ati Cameroun. Ọkẹ aimoye awọn eeyan ni wọn ti ran lọ sọrun apapandodo, ti awọn bi miliọnu meji miran si ti di atipo. Boko Haram kii ye ji awọn akẹkọ gbe eleyi to mu ki oju orilẹede agbaye ṣi si ọdọ rẹ lọdun 2014, lẹyin to ji nnkan bii ọọdunrun akẹkọbinrin gbe nileewe kan to wa ni ilu Chibok nipinlẹ Borno, ipinlẹ ti Boko Haram ti kọkọ di agbebọn. Ni ọdun 2015, Boko Haram gba idanimọ gẹgẹ bii ẹgbẹ agbesunmọmi to buru julọ lagbaye, gẹgẹ bi ajọ to wa fun ọrọ aje ati alaafia lagbaye ṣe sọ.",refutes,nei,0.018648485,0.4338982,0.54745334
yoruba,"Lọ́wọ́ lọ́wọ́ báyìí, oríire ti gbé aláwo ire ko Adetutu, nígbà tí gbajú-gbajà olórin kan ní ilẹ̀ Amerika, ìyẹn Rihanna ṣe fèsì sí ọ̀rọ̀ rẹ̀ láti bá ṣiṣẹ́ pọ̀.","Adetutu fi kun pe, o de asiko kan, ti oun lọ ba awọn obi oun lati mọ idi ti wọn se kọ oun ni ila, amọ alaye wọn ni pe ara asa ilẹ Yoruba ni ila kikọ, eyi ti yoo bu kun ẹwa oun. O tun sọ siwaju pe ọpọ awọn alejo to ba ri oun ni wọn maa n sọ pe oun burẹwa, toun ba si n rin lọ loju popo nigba miran, awọn eeyan maa n fa oun sẹyin pe oun burẹwa, amọ ti awọn eeyan miran maa n gbeja oun. Koda, ila kikọ yii ni Adetutu sọ pe o tun mu ki baba ọmọ oun kọ oun silẹ, nitori pe oju maa n tii lati ba oun rin loju popo. ""Ara idi ti baba ọmọ mi fi kọ mi silẹ ni pe ko fẹ maa fi mi han loju taye. O si ni alẹ ni ki a maa pade. A pade ni ikọkọ fun osu diẹ lọdun 2008, ti mo si loyun lọdun 2009. Obinrin ni mo bi fun-un, ti yoo si pe ọdun mẹsan laipẹ."" Adetutu ni oun ro pe oun ni oun burẹwa julọ ni gbogbo agbaye, toun ko si fẹ ni ajọsepọ pẹlu ọkunrin kankan mọ tori alẹ nikan ni wọn fẹ maa ba oun jade. Koda o ni ọkan tiẹ wa, ti oun ba jade fun ọdun meji, gbedeke to si fi lelẹ ni pe alẹ ni awọn yoo maa pade, ti oun si fara daa, toripe ọmọ ọdun mẹrin ni oun wa, ti iya oun fi ku, ajọ alaanu kan si lo wo oun dagba.",nei,supports,0.7611354,0.11640194,0.12246269
yoruba,"Ní àwọn orílẹ̀-èdè kọ̀ọ̀kan tí wọ́n máa ń din ọ̀gẹ̀dẹ̀, wọ́n máa ń ya àwọn ọ̀gẹ̀dẹ̀ yìí sọ́tọ̀ sí èyí tó wà fún jíjẹ.","Ní àwọn orílẹ̀-èdè mìíràn, wọ́n máa ń dín ọ̀gẹ̀dẹ̀, wọ́n sì máa ń yà wọ́n sọ́tọ̀ sí èyí tó wà fún jíjẹ. Èso náà máa ń wà ní oríṣiríṣi ìwọ̀n, àwọ̀ àti ìrísí, àmọ́, ó máa ń gùn tó sì máa ń rí ṣọnṣọ, pẹ̀lú ara tó rọ̀.",supports,supports,0.95421404,0.022913074,0.022872847
hausa,Mata da yawa sun taru a kasuwar.,"Washegari, mutanen Daura suka taru a bakin rijiyar, suna mamakin wanda ya kashe macijin; Magajiya , sarauniyar yankin ta ba da ikon mallakar rabin garin ga duk wanda zai tabbatar da cewa ya kashe macijin. Maza da yawa sun kawo kawunan maciji a gaba, amma kawunan bai dace da jikin ba.",nei,nei,0.007977739,0.008873785,0.98314846
hausa,Al-Qur’ani shine littafin Allah na ƙarshe kuma an saukar da shi a harshen Larabci ta hannun annabi SAW.,"Al-Qur'ani : rubutun cikin alkur ani bangon Alkur ani (Larabci; القرآن al-Qur'an) ko kuma mai girma kamar yanda akasani, Shine littafin da Allah ya saukar a harshen Annabin Rahama, wato larabci, kuma shine littafin da Allah ya rufe saukar da duk wani littafi mai tsarki a bayansa, (babu littafin da Allah zai sake saukarwa a bayansa) kamar yadda Allah ya saukar ga Annabawan da suka gabata, domin (S A w) shine cika makin Annabawan Allah. Surat al-Nisa' Wanda Allah ya saukar da ayoyinsa ga Annabin Annabi (S.A.W) ta hannun . ",supports,supports,0.9093649,0.0790048,0.011630265
yoruba,"Nínú ìgbàgbọ́ àwọn Yorùbá, wọ́n nígbàgbọ́ pé Olókun ni ìyá Ajé","Àwọn Yorùbá gbà gbọ́ pé Olókun ní ó bí Aje, èyí tí ó jẹ́ Òrìsà fún Ọrọ̀, Ọlá, tí ó wà ní ìsàlẹ̀ òkun. Olókun jẹ́ òrìsà tí ó ń darí àwọn ohun tí ó wà lábé Omi òkun, Ó sí jẹ́ òrìsà tí ó lágbára jù gbogbo ohùn tí ó wà lábé Omi òkun tàbí àwọn òrìṣà kékéèèké tí ó wà lábé Omi òkun. Olókun jẹ́ Òrìsà nlá tí wọn máa ń gbórínyìn fún nípa bí ó ti lágbára láti fún àwọn olúsín rẹ ní Owó, Ọlá, Ọrọ̀, àti àṣeyọrí nígbà tí wọn bá kìí tán. ",supports,nei,0.06832253,0.42212394,0.5095535
igbo,Ọ dịghị mkpa ka a kuziere ụmụaka otu e si akpata na otu e si emefu ego,"Malite n'oge kuziwere ụmụ gị etu e si edokọba ego Ikuziri nwatakịrị maka mkpata na mmefu n'oge ga-eme ka ọ mara etu ọ ga-esi chekwa ego na akụnaụba, nke ga-enyere ya aka ruo mgbe ọ ga-abụ okenye. Ụmụaka na-esi na ngosipụta amụta ihe, nke bụ na ị bụrụ onye na-emezi ego ọfụma, ọ gaghị ara ha ahụ ịmụta ya n'aka gị.",refutes,refutes,0.030194748,0.67295384,0.29685143
hausa,Mamma Shata shahararren makarancin alƙur'ani ne.,"Ya kasance mashahurin Mawaki, domin a fagen wakarsa ya shahara, Kasancewarsa a cikin wakar ba abin da ba zai iya yi wa waka ba idan ya ga dama.",refutes,refutes,0.13811615,0.8230879,0.03879594
hausa,Babbar Sallar ita kawai mutane suna ziyartar juna.,"Babbar sallah Rana ce mai dimbin tarihi a duniyar musulunci da misulmai wadda take zuwa bayan an yi sallah karama da wata 2 da kwanaki 10. Ranar babbar sallah rana ce wadda dimbin miliyoyin musulmin ke fitowa su je filin idi domin su hallarci sallar nafila raka'a biyu domin nuna godiya ga mahaliccinsu da nuna murnarsu a gare shi da ya ba su damar halattar wannan rana a tarihin rayuwarsu, a wannan ranar ana yanka abun layya abun da ya sawwaqa ga mutum daga rago, , , , , , , amale, . Wadannan sune jinsin dabbobin wadanda ake layya dasu kuma ya fi kowane daraja haka rakuma tafi kowannen su karancin daraja wato itace mai daraja ta can kasar.",refutes,nei,0.011531692,0.2425019,0.74596643
yoruba,Martins jẹ́ ọ̀kan nínú àwọn agbábọ́ọ̀lù tí kò gbá bọ́ọ̀lù jẹun lórílẹ̀-èdè Germany rí.,"Martins wà lọ́mọ ọdún mẹ́rìdínlógún nígbà tí ó lọ sí òkè òkun lórílẹ̀ èdè Italy, láti ìgbà náà, ó ti gbá Bọ́ọ̀lù fún ọ̀pọ̀lọpọ̀ . Lọ́dún 2002 ni ó bẹ̀rẹ̀ sí ní gbá Bọ́ọ̀lù fún ikọ̀ ẹgbẹ́ agbábọ́ọ̀lù àfẹsẹ̀gbá àgbà ní orílẹ̀ èdè Italy, ikọ̀ ẹgbẹ́ agbábọ́ọ̀lù ló ti kọ́kọ́ wà kí ó tó wá sí orílẹ̀ èdè Gẹ̀ẹ́sì, tí ó sìn dara pọ̀ mọ́ ikọ̀ ẹgbẹ́ agbábọ́ọ̀lù lọ́dún 2006, lẹ́yìn èyí ó kọjá sí orílẹ̀ èdè Germany níbi tí ó ti gbá Bọ́ọ̀lù fún lọ́dún 2009.",refutes,refutes,0.4148152,0.5701657,0.0150191495
igbo,Chris Nwabueze Ngige laghachiri azụ bụrụ Gọvanọ mgbe ọ rụchara ọrụ dịka onye Omeiwu,"N'ọnwa Eprel afọ 2011, Ngige gbara ọsọ maka ntuli aka maka onye omeiwu nke Anambra Central, na ikpo okwu Action Congress of Nigeria (ACN). Mgbe nsogbu ịtụ vootu n'akụkụ ụfọdụ nke mpaghara ahụ na 9 Eprel, e mere ntuli aka na mpaghara ndị a na 25 Eprel ma kwupụta na Ngige bụ onye mmeri karịa onye bụbu Minista nke Ozi na Mmekọrịta Prọfesọ nke APGA, na vootu 69,765 na vootu Akunyili nke 69,292.",refutes,refutes,0.064403355,0.87376446,0.061832123
yoruba,Ilé ìfowópamọ́ àgbáyé tí ń ṣàkòóso àwọn ètò láti fi dínkù iye owó oúnjẹ lágbayé.,"Muhammadu Buhari (tí wọ́n bí ní Ọjọ́ ketàdínlógún, Oṣù Kejìlá Odún 1942 o si ku ni Oṣu Keje ọjọ 13, Ọdun 2025) olóṣèlú tí ó jẹ́ Ààrẹ orílè-èdè láàrin ọdún 2015 sí ọdún 2023. Ó lo ṣáà àkọ́kọ́ rẹ̀ láàrin odún 2015 sí 2019 àti kejì láàrin ọdún 2019 sí 2023 .",nei,nei,0.006577729,0.008683831,0.98473847
yoruba,Ìgbàgbọ́ àti ìmọ̀ lè jọra nínú ìmúṣẹ àmọ́ ìyàtọ̀ wọn wà ní ìlọ́po.,"Yemọja jẹ́ òrìṣà inú omi gẹ́gẹ́ ìgbàgbọ́ ẹ̀sìn àbáláyé tàbí ìṣẹ̀ṣe Yorùbá. Yorùbá ìgbàgbọ́ pé, Yemoja jẹ́ ìyá gbogbo àwọn òrìṣà pátápátá. Ó tun jẹ́ ìyá gbogbo ènìyàn adáríhunrun.",nei,nei,0.013677192,0.0365757,0.9497471
yoruba,Ẹbọ ọkùnrin àti obìnrin tí kò ní ìbálòpọ̀ rí ni wọ́n rú dènà ogun Fulani ní ìlú Ògbómọ̀ṣọ́.," Ijọba Eko wa kede pe Mary Daniels ko si ni agọ ọlọpaa fun iwadi kankan tabi pe asiri tu pe o parọ, bẹẹ ni wọn ko maa sewadi rẹ nitori pe baba rẹ wa nile aye. Bawo ni itan Mary Daniel se jẹ losu diẹ sẹyin: Bẹẹ ba gbagbe, laipẹ yii ni ori ayelujara kun fun iroyin obinrin naa, ti ọpọ eeyan si n da owo jọ fun lati saanu rẹ. Arabinrin to ge lẹsẹ naa ṣalaye, nigba t'awọn oniroyin n f'ọrọ waa lẹnu wo nigba ti iroyin rẹ jade pe, salaye pe inu ijamba mọto to gbẹmi gbogbo awọn ero inu ọkọ naa, loun ti padanu ẹsẹ oun kan. O ni inu ijamba mọto yii kan naa lawọn obi oun mejeji ku si. Nigba ti fọto rẹ nibi to ti n kiri omi pure water ni Osodi nilu Eko, bọ sigboro aye lọsẹ diẹ sẹyin, ọpọlọpọ ẹlẹyinju aanu ni Naijiria ati loke okun ni wọn dide iranwọ fun. Ogbomoso: Ẹbọ ọkùnrin àti obìnrin tí kò ní ìbálòpọ̀ rí ni wọ́n rú dènà ogun Fulani O ṣalaye ninu iforowerọ kan pe ọmọ orukan loun ati pe oun loun n da gbe bukata ọmọ kan ti oun bi ati iya agba oun.",nei,nei,0.008767148,0.4060996,0.5851332
igbo,"A na-arụkari ọrụ ugbo n'ime ime obodo ma n'ala Igbo, obodo nile na-arụ oru ugbo, ma nwoke, nwanyi, okorobịa na agbọghọbịa.","A na-arụkari ọrụ ugbo n'ime ime obodo ebe enwere obosara ala. Nwoke, nwanyi, okorobịa na agbọghọbịa na-arụ ọrụ ugbo. A bia na ala Igbo, a ga-asị na obodo nile na-arụ oru ugbo. N'ezie, e ji ọrụ ugbo mara ndi Igbo.",supports,supports,0.96378464,0.03023133,0.0059840204
igbo,"Lawrence Ifeanyi Ugwuanyi gara ileta ndị ọrịa na-arụ ọrụ n'obi eze nke ndị Ovoko, n'Igboeze North.",Ọ bụ Onye otu ụlọ nnọchiteanya nke of Nigeria ruo afọ iri na abụọ. Ọ bụ onye so na (PDP) onye nọchitere anya Igboeze North / Udenu Federal Constinuency nke Enugu State.,nei,nei,0.06511315,0.13461709,0.8002698
hausa,Amurka na daga cikin ƙasashen da suke da ƙarfin sojoji a duniya,"Wanne irin sauyi za a samu karkashin shugabancin Biden? Abubuwa kadan za mu iya hasashen - sauyin alaka da kawayen Amurka, sai maganar sauyin yanayi, da kuma rikicin gabas ta tsakiya. Alaka tsakanin Amurka da ƙawayenta Trump ya yi ta goyon bayan 'yan kama karya da kuma haɗa hannu da su.",nei,nei,0.00644665,0.05017354,0.9433798
hausa,Gidajen Talabijin da na radiyo ba sa amfani da kiɗa wurin gabatar da shirye-shiryensu.,"Ana amfani da kiɗa don samar da wasu kafofin watsa labaru, kamar a cikin waƙoƙin sauti zuwa fina-finai, nunin TV, wasan operas, da wasannin bidiyo.",refutes,supports,0.906508,0.036284138,0.057207827
igbo,"Akanu Ibiam, n'agbanyeghị na ọ bụ onye ụlọ ụka Protestant, nyere aka n'ọrụ ụlọ uka Katọlik.","ka ndị ọcha, bụ ihe a ma ama. Na 1962, ọ bụ onye isi oche kọmitii hiwere ụlọ ụka Protestant na ",nei,refutes,0.31071222,0.6364958,0.052791927
igbo,Ha anaghị akwado ogige golf n'ọtụtụ ụlọ nkwarị,Ha na-akwado ogige golf na ọtụtụ ụlọ nkwari.,refutes,refutes,0.12711097,0.85149306,0.02139602
yoruba,Kò sí ẹnìkankan níbẹ̀ nígbà tí Dauda gbé iṣẹ́ fún arábìnrin yìí.,"Oúnjẹ yìí jẹ́ àdàpọ̀ ìrẹsì, tòmátì, àlùbọ́sà, àwọn èròjà amóúnjẹ-ta-sánsán, ẹ̀fọ́ àti ẹran papọ́ sínú ìkòkò kàn, pẹ̀lú èròjà, àti pé orísirísi ònà ní àwọn èèyàn ń gbà ṣe oúnjẹ yìí níbikíbi. Ìtàn àti ìpìlẹ̀ṣẹ̀ [ | ] Wọ́n tọ orírun ìrẹsì àsèpọ̀ jọ̀lọ́ọ̀fù lọsí agbègbè Sẹ̀nẹ̀gáḿbíà lábẹ ìjọba Jọ̀lọ́ọ̀fù tàbí Wọ́lọ́ọ̀fù ní ọ̀rúndún kẹrìnlá, èyí tí Sẹ̀nẹ̀gà, Gáḿbíà àti Mọriténíà máa ń dáko ìrẹsì.",nei,nei,0.0055136587,0.08795735,0.906529
yoruba,"Ọjọ́ kẹtàdínlọ́gbọ̀n, oṣù kẹta, ọdún 2020 ni òfin yìí ò ní ṣiṣẹ́ mọ́.","Oyo kéde pé kí àwọn òṣìṣẹ́ ìjọba dáwọ́ iṣẹ́ dúró nítorí coronavirus Ijọba ipinlẹ Ọyọ ti ti ilẹkun ileeṣẹ ijọba pa fun ọsẹ meji gbako nitori itankalẹ aarun coronavirus nipinlẹ naa. Gomina ipinlẹ naa, Seyi Makinde lo kede bẹ ẹ ninu atẹjade kan to fi sita loju opo Twitter rẹ lọjọru. Aṣẹ naa yoo bẹrẹ iṣẹ ni ọjọ Ẹti, ọjọ kẹtadinlọgbọn, oṣu Kẹta, ọdun 2020.",refutes,refutes,0.11774441,0.85419095,0.028064646
hausa,A shekarar 2022 America ta fara ƙera motoci masu amfani da diesel.," watan Oktoba na shekara ta 2022, Kamfanin Amurka mai suna Ideanomics, wanda ke da ƙwarewa acikin motocin lantarki, ya bada umurni ga abin da yake da'awar shine mafi girman masana'antar taro don tarakta na lantarki a Arewacin Amurka.",nei,nei,0.31626865,0.26609036,0.41764098
hausa,Dinki sana'a cewa mai wahala sosai.,An yi amfani da dinki wajen dinke fatun dabbobi wuri guda domin sutura da matsuguni.,nei,nei,0.011276507,0.11759755,0.87112594
igbo,Sam Mbakwe bụ osote gọvanọ nke mbụ nke ndịda Naịjirịa n'afọ 1979. ,"Sam” Onunaka Mbakwe (1929 { - Ụbọchị nke ise n'ọnwa Jenụwarị nke afọ 2004) onye amaara dị ka Dee Sam bụ onye ndọrọ ndọrọ ọchịchị na-onye gọvanọ ochichi onye kwuo uche ya nke mbụ , ebe ndịda site 1 October 1979 ruo mgbe 31 December 1983. ",refutes,supports,0.6744385,0.30928472,0.016276777
hausa,Dajin Yankari ya fara ne daga kudancin Kano kuma ya kare a arewacin Jigawa.,An bayyana Yankari a matsayin wani yanki na kudancin jihar Bauchi a lokacin inda namun daji masu yawa ke wanzuwa kuma ana iya kare su.,refutes,supports,0.92379576,0.06662454,0.009579677
hausa,Bincike ya nuna cewa anfi samun masu cututtukan sikila a arewacin Najeriya saboda rashin gwaji lokacin yin aure.,"Wata kididdiga da aka fitar a watan Maris din bana ta nuna cewa Najeriya ce ta fi yawan mutanen da ke dauke da wannan cuta a duniya, inda kimanin mutum 91,011 ke fama da ita. Yankin arewacin kasar ne kuma aka fi samun wadanda ke fama da cutar. Kuma ana alakanta rashin gwaji kafin aure ne babban dalilin da ya sa cutar ke yaduwa a kasar.",supports,supports,0.6983137,0.12024761,0.18143868
yoruba,Ìlú Ilaro ní ìpínlẹ̀ Ògùn ni wọ́n bí Ọba Seriki Ifaremilekun Abass Williams Fagbemi sí.,"Itan aye Ọba Seriki Ifaremilekun Abass Williams Fagbemi: Abule Joga-Orile lagbegbe ilu Ilaro nipinlẹ Ogun bayii ni wọn ti bi Ifaremilekun, ti orukọ baba rẹ si n jẹ Fagbemi. Olowo ẹru kan nilu Dahomey ti orukọ rẹ n jẹ Abass si lo mu lẹru lasiko ogun Dahomey ati Egba nigba to wa ni ọmọ ọdun mẹfa, to si pa orukọ rẹ da si ti ọga rẹ. Idi si ree to fi n jẹ Ifaremilẹkun Fagbemi Abass. 'Oyenusi ló mú mi wọ ẹgbẹ́ adigunjalè kó tó di pé mo b'Ólúwa pàdé' Lẹyin naa ni wọn ta soko ẹru fun oyinbo Brazil kan to n jẹ Williams, ẹni to gbe Seriki Abass lọ sorilẹede Brazil lati lọ se ọmọ ọdọ rẹ. Ni kete to si de silẹ Brazil ni ọga rẹ yii tun yi orukọ rẹ pada si Williams nitori ẹru ko ni idamọ kankan to yatọ si ti olowo rẹ. Brazil ni William Abass ti mọọkọ-mọọka ninu ede Dutch tilẹ Netherlands, bakan naa lo gbọ ede oyinbo, Spanish ati pọtugi.",supports,refutes,0.12811796,0.8623936,0.009488465
igbo,Ndị amụsu anarana ndị Enugwu steeti obodo ha n'ike.,"O nwere ihe ọjọọ dị na inyobanye anya n'okwu gbasaara ịta amụsụ? Otu jikọrọ ndị ụka ọgbara ọhụrụ a kpọrọ 'Pentecostal Fellowship of Nigeria (PFN)' buru agha ekpere abalị abụọ iji kagbuo ọgbakọ ahụ. Dịka onyeisi PFN n'Enugwu steeti bụ Bishọp Godwin Madu siri kwuo n'akwụkwọ mgbasaozi o wepụtara, o kwuru na ha agaghị anọrọ gba nkịtị ewere steeti ahụ nyefee n'aka ndị amusu. ",refutes,nei,0.00524214,0.042051848,0.95270604
igbo,Ozumba Mbadiwe wubere akwụkwọ mbipụta Native News mgbe ọ rụchara ọrụ ya dịka onye Minista n'afọ 1961,"Mbadiwe hibere akwụkwọ akụkọ nke ya, Daily Telegraph, dịka akụkụ ngagharị iwe.",refutes,supports,0.9041729,0.08987434,0.005952703
igbo,"Ndị mmadụ na-achọ ịma ụfọdụ ihe gbasara njem ụgbala, nke mere ka Henrietta Yakubu kwuo na gọọmentị amachiela ndị mmadụ iji ụgbọala eme njem ugbua ruo ọnwa abụọ na-abịa.","Kama dịka ọ dị ugbua, gọọmentị na-eme njikere ịwepụ mmachị amachiri njem ụgbọelu. Onyeisi na-ahụ maka mmekọ na-etiti ụlọọrụ nke ngalaba na-ahụ maka ọdọ ụgbọelu bụ Federal Airports Authority of Nigeria (FAAN) aha ya bụ Henrietta Yakubu zara ụfọdụ ajụjụ na ụfọdụ ihe ndị mmadụ chọrọ ị ma maka njem ụgbọelụ n'oge a.",refutes,supports,0.7127616,0.07239124,0.21484725
hausa,Sofia Sadek malama ce a makarantar firamare a ƙasar Tunisia.,"Sofia Sadek mawakiya ce 'yar kasar Tunisia, wadda shahararriya ce musamman a yankin Arewacin Afirka. AFP ta gano cewa bidiyon ya samo asali ne daga shafin Youtube, inda wani gidan rediyo mai suna Radio Med ya wallafa ranar 24 ga Satumbar 2016. Bidiyon yana dauke da taken ""Sofia Sadek tana karanta Kur'ani yayin wata hira"".",refutes,refutes,0.10008443,0.4522667,0.44764885
yoruba,"Délànà gbà pé orírun gidi àwọn Ẹ̀gbá wá láti Ọ̀yọ́, ó sì fi kún un pé ọmọ àlè tàbí ẹrú ni Ẹ̀gbá tí kò ní orírun láti Ọ̀yọ́.","Ọ̀pọ̀lọpọ̀ onímọ̀ ló ti sọ nípa bí a ti se tẹ ilẹ̀ Ẹ̀gbá dó, tí wọn sí tì gbé àbọ̀ ìwádìí wọn fún aráyé rí. Ara irú àwọn báyìí ni Samuel Johnson, Sàbírì Bíòbákú, Ajísafẹ́, Délànà àti àwọn mìíràn tó jẹ́ òpìtàn àtẹnudẹ́nu. Johnson gbà pé Ọ̀yọ́ ni àwọn Ẹ̀gbá ti wá. O ní àwọn ẹ̀yà Ẹ̀gbá tòótọ́ lé ti orírun wọn de Ọ̀yọ́. ó tún tẹ̀ síwájú síi pé ọmọ àlè tàbí ẹrú ni Ẹ̀gbá tí kò bá ní orírun láti Ọ̀yọ́. ",refutes,supports,0.743369,0.25007066,0.0065603517
hausa,"Kananan hukumomin Dambatta, makoɗa da Minjibir na samun ruwan sha daga Thomas dam.","Aikinsa na samar da ruwansha na Timas Danbatta ya tsaya, har sai a shekarar 2008 sannan aka karasa shi inda ake samar da ruwan sha ga kananan hukumomin Dambatta, Makoda da Minjibir.",supports,nei,0.015729146,0.028015783,0.9562551
hausa,Mutuwar mazaje na jefa matayensu cikin mummunan halin rayuwa.,"Matan da mazansu suka mutu A al'adance, ana daukar mata a matsayin mallakar mazajensu, a wasu al'adun, duk lokacin da namiji ya mutu, mace kan fada cikin wani hali na takura da muzgunawa daga dangi.",supports,nei,0.047522675,0.038713045,0.91376424
yoruba,"Kì í ṣe Wizkid nìkan ló jẹ́ olórin ẹlẹ́bùn àtinúdá ní orílẹ̀-èdè Nàìjíríà, àwọn olórin mìí tó tún ti di ìlúmọ̀ọ́ká ni Yemi Alade, Tekno, Falz, Olamide, Simi, Mr Eazi, Mologo àti Patoranking","Awọn onkorin lasiko yii gba pé orin Afro Beats ti n nipa lori ọna iṣọwọ kọrin awọn miran ni ori ayelujara ni eyi to tun n fun Naijiria lokiki sii lagbaye. Ayanbinrin Ara fi ilu kọ'rin ibilẹ Naijiria Eyi lo bi ẹya orin bii Afro-pop, azonto, hiplife atawọn mii laarin awọn eniyan Ghana ati Naijiria bi apẹrẹ orin Oliver Twist ti DBanj tun ṣi oju awọn eniyan si i. Awọn olorin Naijiria mii to tun ti di ilumọọka ni Yemi Alade, Tekno, Falz, Olamide, Simi, Mr Eazi, Mologo ati Patoranking. ",supports,refutes,0.3710091,0.6214086,0.0075823134
igbo,Lukmon Akanbi kwuru na nwaokorobịa ọ gbara egbe anwụghị anwụ.,"Aka ndị uweojii akparala ofu onye otu ha ji egbe gbagbuo otu nwata nwaokorobịa na mpaghara Legọs Aịland ụbọchị Fraịde. Onye uweojii a aha ya bụ Lukmon Akanbi na nwaokorobịa aha ya bụ Ramon Adeniyi nwere obere nghọtahie o wee mịrị egbe gbatuo ya. Bala Elkana bụ ọnụ na-ekwuru ndị uweojii na Legọs kwuru na e kpeela Akanbi ikpe imeụlọ dịka iwu ndị uweojii sị dị, wee chụọ ya n'ọrụ.",refutes,refutes,0.026608758,0.9591162,0.014275015
yoruba,Àwọn kọ̀m̀pútà tí wọn ń ṣe láyé òde òní ò dára tó àwọn ti àtijọ́.,"Lẹ́hìn èyí, tí àwọn méjèèjì sí ti gbà fún Ọlọ́hun wọn Allah tí wọ́n sì ṣe ijúwọ̀-jusẹ̀ sílè fún Ìfẹ Ọlọ́hun), tí òun (Ibrahim) sí tí tẹ́ orí ẹ́e (Ishamel) lọ sílẹ̀ (ní ààyè itébà sí iwájú); ""Báyìí náà ní Àwa sí pé òun: ""Ìwọ Ibrahim o!"" ""Ìwọọ (Ibrahin) tí ṣe gẹ́gẹ́ bí A ti fi hàn ó (ní ojúran) ní òtítọ àti ní òdodo! Báyìí náà sì ní Àwa ṣe má ń san ẹ̀san fún (gbogbo àwọn) Múhsínùn (olùṣe rere lótitọ àti l'ódodo) - Sheikh Adélabú ṣe ìtọka sí Ẹsẹ Ọrọ Ọlọ́hun nínú kúránì Orí 2:112)."" Láì kọ́ ṣe àníàní, ìdánwò nlá tí ó fi ojú hàn gbángba ní eléyìí jẹ́. Nítorí ìdí èyí ní À wa fi ṣe ìrópò (gẹ́gẹ́ bí ìràpadà) ọmọ (Ishamael) tí òun (Ibrahim) náà pẹ̀lú àgùntàn kàn bọ̀lọ̀jọ̀ (láti fi dípò ní ṣíṣe ìdúpẹ́ òòrè láti Ọ̀dọ̀ Ọlọ́hun)",nei,nei,0.0056992318,0.02970284,0.964598
yoruba,Ìròyìn lábẹ́ akọ́mọlédè àti àṣà sọ pẹ́ kí àwọn ènìyàn kọ́ ẹ̀kọ́ si nípa ààlọ́ nílẹ̀ Yorùbá,"Pasan tijọba fi na ileesẹ Channels yoo da kun isoro Naijiria - PDP Ẹwẹ, ẹgbẹ oṣelu PDP ti juwe igbesẹ ti ajọ NBC gbe lori ileeṣẹ iroyin Channels gẹgẹ bii eyii to bani lọkan jẹ. PDP sọ ninu atẹjade kan pe ""Igbesẹ yii jẹ eyii to le da kun wahala to wa nilẹ ni Naijiria, paapaa lasiko ti a wa yii, nitori naa a rọ ijọba lati tun ọrọ naa gbe yẹwo."" Lori eto ileesẹ Channels ni agbẹnusọ fun ẹgbẹ IPOB ti ijọba ti fofin de, fẹsun kan ileeṣẹ ologun pe wọn pa ọkan lara awọn adari ẹgbẹ ọhun lọna aitọ loju ọna abule rẹ, ti wọn si parọ fun awọn araalu bi ọrọ iku ọhun ṣe jẹ.",nei,nei,0.043843787,0.06540928,0.890747
yoruba,Gbogbo àwọn ẹrú tí ó rà pátápátá ni wọ́n kó lọ sí òkè ọya.," Àwọn ará Awori ní ìtàn-àkọọ́lẹ̀ pípẹ́ nípa níní ibùgbé sí àárín , èyí tó bẹ̀rẹ̀ ṣáájú ìjọba amúnisìn. Àwọn ni wọ́n dá ìlú Èkó sílẹ̀, wọ́n jẹ́ pẹjapẹja àti oníṣòwò, ó sì fìdí múlẹ̀ gẹ́gẹ́ bí òwò tí wọ́n ń ṣe ní apá . Ìtàn orísun [ | ] Ìtàn náà ni pé, Olófin àti àwọn ọmọlẹ́yìn rẹ̀ kúrò ní ààfin Ọba (tó jẹ́ olùṣẹ̀dásílẹ̀ ilẹ̀ Yorùbá) ní , wọ́n sì ṣí lọ síhà Gúúsù létí odò kan.",nei,nei,0.0051064193,0.043959886,0.95093364
hausa,Raƙumi na daga cikin dabbobi da su ke iya ɗaukan tsawon loƙaci ba tare da sun ci ko sun sha ba.,Raƙumi zai iya rayuwa har na tsawon kwana takwas ba tare da ci ko sha ba.,supports,supports,0.9409985,0.030863142,0.028138343
hausa,Kalmar “tofu” ta Turanci ta samo asali ne daga yaren Faransanci,"Kalmar Turanci *""tofu""* ta samo asali ne daga kalmar Japananci *tōfu (豆腐)*. Wannan kuma an arota ne daga kalmar Sinanci *豆腐* (a Mandarin: *dòufǔ*; tou4-fu) wato *‘cuku daga wake’* ko *‘ferment ɗin wake’*.'. [ 10 ] Takaddun farko na kalmar a Turanci yana cikin fassarar 1704 na Domingo Fernández Navarrete 's A Collection of Voyages and Travels , wanda ya bayyana yadda aka yi tofu. Kalmar towfu kuma ta bayyana a cikin wasiƙar 1770 daga ɗan kasuwan Ingila James Flint zuwa Benjamin Franklin . : 73 An yi amfani da kalmar ""curd (s)"" na tofu a Amurka tun aƙalla 1840.",refutes,refutes,0.036533337,0.9440452,0.019421509
igbo,"Na omenala Igbo, a na-atụ anya na onye ọbụla gbagooro afọ iri ise na itoolu ekwesịla ịmepụta ihe na ndụ ya. Mba ọbụrụ gbagooro afọ iri ise na itoolu ekwesịgo inwe ihe ha mepụtagooro. Ihe ndị a na-ele anya iji chọpụta ogo ha nọ gụnyere nrụrụaka, ụgwọ opekatampe were dịrị gawa.","Ọ bụrụ n'omenala Igbo, onye gbara afọ iri ise na itoolu ekwesila imezu ihe a tụrụ anya na ndụ ya. Na ntule anyị mere, anyị chọrọ ịchọpụta mba kacha eme nke ọma. Ihe enyochara Ihe ndị anyị ji mee nchọpụta a gụnyere ọnwụ ụmụaka amụru ọhụrụ nke Bekee kpọrọ ""Infant Mortality"", ogologo afọ ndụ (life expectancy), ụgwọ opekatampe (minimum wage) na nrụrụaka (corruption).",supports,supports,0.9081494,0.07958146,0.012269086
yoruba,"Ní ọdún 2015 náà, ọ̀pọ̀ àwọn ìlú míràn ní ilẹ̀ Yorùbá tún ní ayẹyẹ ìyípadà ọba, tí wọ́n fi gbé àwọn ọba tuntun kalẹ̀ gẹ́gẹ́ bí àṣà wọn.","Gẹ́gẹ́ bí a ti kàá nínú ìtàn, Ọọ̀ni àkọ́kọ́ tí yóò kọ́kọ́ jẹ ní Ifẹ̀ ni ó jẹ́ ọmọ bíbí inú Odùduwà tí ó jẹ́ ọ̀kànlélógójì òrìṣà fúnra rẹ̀, nígbà tí Ọọ̀ni tí ó wà níbẹ̀ lọ́wọ́ lọ́wọ́ báyí jẹ́ Ọọ̀ni Adéyẹyè Ẹnìtàn Ògúnwùsì Ọ̀jájá Kejì(II) tí wọ́n jẹ ní ọdún 2015.",nei,nei,0.027729433,0.014091223,0.95817935
hausa,Ibrahim Zakzaky ya na fita kasashen waje domin gabatar da makaloli a duk shekara.,"Rikicin Yan shi'a na shekarar 2014 a Zariya [ | ] Ibrahim Zakzaky A ranar 25 ga watan na shekarar 2014 ne aka samu tashin hankali tsakanin yaƙungiyar r 'yan uwa musulmi mabiya zakzaky da sojojin a birnin , a yayin gudanar da lumanar zanga zanga akan nuna goyon bayan mutanen falasdinu inda mutane 35 suka rasa rayukansu ciki har da 'ya'yan Ibrahim Zakzaky guda uku (3).",nei,nei,0.007781092,0.011209036,0.9810099
hausa,Abubakar Tafawa  Balewa ya riƙe muƙamin ministan Ayyuka da kuma Sufuri.,,supports,supports,0.9197478,0.06033238,0.019919725
yoruba,Kò sí ààmì kan pàtó láti fi hàn pé Èṣù máa ń tọ́ni sọ́nà ni.,"Oríta ní Èṣù máa ń gbé. Èṣù jẹ́ alárèékérékè èdá. Òun ni ó ń kọ́ àwọn ènìyàn láti máa pé ojú méjì ni gbogbo ọ̀rọ̀ máa ń ní. Ó máa ń ṣọ̀tún, ṣòsì má ba ìbìkan jẹ́, bẹ́ẹ̀ náà ni ó máa ń tọ́ni sọ́nà. Ìdí nì yìí tí wọ́n fi sọ pé Ẹ̀ṣù ṣe pàtàkì láti ní ayé tó létò.",refutes,refutes,0.019632846,0.93724215,0.04312496
igbo,Ọ nweghị ihe e mebiri na Lekki Lagos.,E mebiri ọtụtụ ihe ma gbaa ọtụtụ ọkụ ebe ahụ nke gụnyere ogige ndị uweojii atọ bụ nke a gbara ọkụ.,refutes,refutes,0.03567285,0.94433796,0.019989226
yoruba,"Calcium, carbohydrate, àti proteins ni àwọn èròjà inú àkàrà tó lè múni sanra.","Akara ní àwọn èròjà láti múni sanra, torí àwọn èròjà proteins, vitamins àti minerals bí i calcium, iron àti zinc inú rẹ̀. Àmọ́ ṣáá, àwọn èròjà inú rẹ̀ lè ti dínkù nítorí àwọn àfikún kan bí iphytates, fibers, lectins, polyphenols àti tannins tí kì í ṣe ara lóore.",refutes,supports,0.6571559,0.3112293,0.031614795
hausa,Trump ya goyi bayan 'yan kama karya a lokacin mulkinsa.,"Wanne irin sauyi za a samu karkashin shugabancin Biden? Abubuwa kadan za mu iya hasashen - sauyin alaka da kawayen Amurka, sai maganar sauyin yanayi, da kuma rikicin gabas ta tsakiya. Alaka tsakanin Amurka da ƙawayenta Trump ya yi ta goyon bayan 'yan kama karya da kuma haɗa hannu da su.",supports,refutes,0.052281965,0.6775756,0.27014247
igbo,Chinwoke Mbadinuju ji ọkwa dịka onye isi ndị amị n'oge Shehu Shagari bụ onye isi ala Naịjirịa.,Ọ rụrụ ọrụ dịka onye enyemaka onwe onye nye onyeisi ala Shehu Shagari n'etiti 1980 na 1983.,refutes,supports,0.91834885,0.071115725,0.010535369
hausa,Mabiya Sunnah sun zaɓi Abubakar ya jagorance su saboda Annabi bai nuna wanda zai bi bayan sa ba.," Hujjar mabiya aƙidar Sunnah kuwa ita ce da yake Manzon Allah (s.a.w) bai nuna wani ba wanda za'a bi bayansa sai suka yanke hukuncin yin Shura (wato kuri'a tsakanin al'umma) bayan Wafatin, wato rasuwar Annabi (s.a.w) kuma suka zaɓi Sayyadina Abubakar a matsayin Jagoran daular musulunci kuma jagoran Musulmai. ",supports,supports,0.5973028,0.3623006,0.040396586
yoruba,"Àjọ ìṣọ̀kan àgbáyé sì ti kéde pé tí gbogbo àwùjọ àgbáyé bá ń fún ọmọ lọ́yàn, èyí lè doola ẹ̀mí tó tó ẹgbẹ̀rún lọ́nà ẹgbẹ̀rin.","Ẹ mase feti si awọn apọnpo nipa ifọmọ lọyan, gbogbo igba naa kọ lo rọrun lati fun ọmọ lọyan Ajọ isọkan agbaye si ti kede pe ti gbogbo awujọ agbaye ba n fun ọmọ lọyan, eyi lee doola ẹmi to to ẹgbẹrun lọna ẹgbẹrin. Ọpọ iyalọmọ lo maa n gbaradi lasiko ti wọn loyun lati fun ọmọ wọn lọyan, sugbọn o se ni laanu pe ọpọ wọn ni ko ni oye to nipa bo se yẹ ki wọn fun ọmọ ni ọyan, ko si mu amuyo. Àwọn iròyin tì ẹ leè ní ìfẹ̀ síí: Fifun ọmọ lọyan: Ireti ati otitọ ohun to n sẹlẹ Ọpọ ọmọ ni ebi maa n pa, ti yoo si maa sunkun lasiko to ba n mu ọyan, iya rẹ yoo ro pe ko fẹ gba ọyan ni laimọ pe ọyan naa ko se omi sẹnu ọmọ ọhun. Igba tiru iyalọmọ bẹẹ ba si de ile iwosan, nitori ori ọyan rẹ to ti bẹ, ti wọn ba tẹ ọyan rẹ fun omi, ni ẹjẹ yoo maa jade dipo omi ọyan.",supports,supports,0.9114123,0.047403313,0.04118442
igbo,"BBC Igbo kwuru na ndị na-eso ha na Facebook sị na mmanya ọtọbịrịbịrị, azụ ndụ amịrị amị, data na mmanya beer. esoghi na ihe ndị na-enye ha obi aṅụrị. ","BBC Igbo jụrụ ndị mmadụ na-eso anyị na Facebook ajụjụ ihe ha na-atụnye ego iji mee onwe ha obiụtọ na ihe ọ na-eri ha n'izu. Ọtụtụ kwuru na ihe na-amasị ha gụnyere ịṅụ manya 'beer', mmanya ọtọbịrịbịrị, nkwọbi, azụ ndụ amịrị amị, 'data' e ji aga n'ịntanetị nakwa ego e ji akpọ ekwentị. ",refutes,supports,0.8005784,0.044199172,0.15522243
igbo,"Dr Tedros kwuru na n'izuụka abụọ gara aga, ndị na-ebutebeghị ọrịa ma a gụpụ Chaina dị mmaji iri na abụọ.","Dr Tedros gara n'ihu kwuo na n'izuụka abụọ gara aga, ndị burula ọrịa ma agụpụ Chaina dị mmaji iri na atọ, ebe mba dị oferela dị mmaji atọ.",refutes,supports,0.81033576,0.17416187,0.0155024
igbo,Nwoke ichi Ọzọ gosiri na onye ahụ amalitela ikwu okwu.,"Tupu Nwoke etorue ichi Ozo, o ga ebu uzo chie ' Nze ' nke na-egosi mmụọ dị ndụ na nna ochie.",nei,nei,0.03512242,0.3566796,0.6081979
igbo,Dave Adenuba bụ kọmishọna ndị Abịa Steeti gwara ndị gọọmentị Enugwu ka ha na-akwụ ndị Enugwu ụgwọ ọnwa oge kwesịrị.,N'otu aka ahụ kọmishịọna mgbasaozi bụ Don Adenuba gwara BBC Igbo na o nweghi onye ọrụ bekee ọbụla e ji ụgwọ n'Anambra Steeti. Ọ sị na gọọmentị ha kwụrụ ụgwọ n'ụbọchị iri abụọ na isii nke ọnwa Eprelụ afọ 2020.,refutes,supports,0.7714964,0.20006856,0.028435083
igbo,Ụfọdụ ụmụnwaanyị ka a na-awa afọ ma ha chọọ ịmụ nwa. Ụfọdụ na-amụrụ onwe ha nwa.,"Igbo kwenyere na ama ọbụla na-amụtaghị nwa nwoka ga-echi. Ya mere ha jị agụ nwoke aha dịka Obiechina, Amaechina na ndị ọzọ. Ọtụtụ ezinaụlo akụsaala maka amụghị nwa nwoke. Ya bụ, ọ dị ezigbo mkpa ịmụta nwa nwoke n'ezinaụlo, ya mere anyị ji ede akụkọ a. ",nei,nei,0.02839626,0.13233067,0.83927304
yoruba,Kò sí ibi tí èèyàn ò lè gbojú omi dé ní gbogbo àgbáyé.,"Gẹ́gẹ́bí erékùsù Èkó, Àgbádárìgì jẹ́ ìlú tí a tẹ̀dó sí etí omi, nítorí ìdí èyí, àyè wà láti rìnrìn-àjò gbojú omi láti Èkó sí Ìlú Porto Novo.",nei,refutes,0.008689856,0.53956187,0.4517483
yoruba,Èdè Yorùbá àti èdè Kwa kò fi ibì kankan ní ìbátan rárá àti rárá.," Èdè Yorùbá jẹ́ èdè kan ti ó gbalẹ̀ tí ó sì wuyì káàkiri àgbáyé. Ìtàn sọ fún wa pé ìbátan ní èdè Yorùbá jé, kwa jẹ́ ẹ̀yà kan ní apá . A lè sọ pé àwọn tí wọ́n ń sọ èdè Yorùbá yàtọ̀ sí orílẹ̀ èdè Nàìjíríà lé ní Ọgbọ̀n mílíọ̀nùn tàbì jù bẹ́ẹ̀ lọ.",refutes,refutes,0.019433303,0.97102743,0.009539248
yoruba,"Ní ilẹ̀ Yorùbá, láàárín ọdún 1988 sí ọdún 1999, wọ́n fi àwọn awo mẹ́ta ṣe olùdarí àwọn ẹgbẹ́ ọ̀tọ̀ọ̀tọ̀.","Láàárín ọdún 1951-54 Awólọ́wọ̀ jẹ́ Alákòóso Fún Iṣẹ́ Ìjọba àti Ìjọba Ìbílẹ̀, ó sì di Olórí Ìjọba Agbègbè Ìwọ̀ Oòrùn Ilẹ̀ Nàìjíríà ní ọdún 1954 lẹ́yìn àtúnkọ Ìwé Ìgbépapọ̀ Àti Òfin (constitution).Gẹ́gẹ́ bí Olórí Ìjọba Agbègbè Ìwọ̀ Oòrùn Ilẹ̀ Nàìjíríà, Awólọ́wọ̀ dá ẹ̀kọ́ ọ̀fẹ́ sílẹ̀ fún gbogbo ọ̀dọ́ láti rí i pé mọ̀ọ́kọ-mọ̀ọ́kà gba le ka.",nei,supports,0.9116842,0.0737249,0.014590903
hausa,Tarihi ya nuna cewa ba a jituwa tsakanin ƙasar Iran da ta Amurka.," An ruwaito Shugaban Ma'aikatar Leken Asirin Iran yana cewa: ""An yanke wa wadannan 'yan leken asiri hukunci--wasu daga cikinsu hukuncin kisa saboda lafin 'fasadi a bayan kasa' (laifin da hukuncinsa kisa a dokokin shari'ar Musulunci na Iran"", A ranar Lahadi, Ministan Leken Asiri Mahmoud Alavi ya sanar da cewa za a nuna wani shiri na talbijin kan kama ""masu leken asirin Amurkan"" a gidan talbijin na Iran.",nei,nei,0.019095037,0.24274845,0.73815656
hausa,"20 ga watan Afrilu, 2025, darajar Naira ta karye zuwa ₦1,629 kan kowacce dala a kasuwar musayar kuɗi ta Najeriya.","Daga ranar 20 ga watan Yunin 2016, Naira ta samu damar yin iyo, bayan da aka sanya ta a kan ₦197 zuwa dalar Amurka 1 na tsawon watanni. Ciniki[a cewar wane?] ya yi hasashen yawan adadin naira zai kasance tsakanin ₦280 da ₦350 zuwa dala. A watan Oktoban 2021, Shugaba Muhammadu Buhari ya kaddamar da eNaira, nau'in dijital na kudin jihar a Najeriya.",nei,supports,0.9155932,0.049173206,0.035233576
hausa,Jami'an gwamnati da yawa ba su bi ƙa'idar korona ba lokacin da aka yi jana'izar Abba Kyari.,"Mun duba mafiya shahara daga ckinsu kamar haka: Mutuwar babban jami'in gwamnati a Najeriya Waɗanda suka halarci jana'izar Abba Kyari ba su bi ƙa'idojin bayar da tazara ba A Najeriya, annobar korona ta shiga har fadar Gwamnatin Tarayya.",supports,nei,0.04400729,0.112444915,0.8435478
hausa,Raƙumi na iya tafiya a cikin hamada ko da ana iska mai karfi.,"Amma mahaliccin raƙumi ya halitta masa wata fata daga saman idonsa kamar gilashi, wadda take sakkowa yayin da iskar ta taso, sai ta zama kariya ga idon.",supports,refutes,0.08532606,0.47854906,0.43612492
hausa,Sir Ahmadu Bello bai samu shiga majalisar ƙasa a shekarar 1949 ba.,"A shekarar alif 1949, ya sami zuwa majalisar dokoki ta yankin , yana kuma daga cikin mutum ukku da aka zaba acikin kungiyar da ta rubuta sabon kundin tsarin mulkin kasar",nei,refutes,0.072331764,0.9210796,0.006588581
igbo,Chibuike Rotimi Amaechi kwuru okwu n'afọ 2022 sị na agụmakwụkọ bara uru maka ụmụaka Nigeria,Ọ rụrụ ọrụ dị ka gọvanọ nke Rivers Steeti nke jupụtara na mmanụ site n'afọ 2007 ruo afọ 2015,nei,supports,0.79056174,0.17115216,0.038286112
igbo,Ndị Anambra North na South nwere otu ụdị omenala e jiri mara ha,"Mgbe ọ gụsịrị akwụkwọ na Mahadum Katọlik nke America na Washington D.C., na Masters na Sayensị ndọrọ ndọrọ ọchịchị, Chuba gara n'ihu site n'inweta nzere doctorate abụọ na nkà ihe ọmụma na sayensị ndọrọ ọchịchị na Washington, D.C",nei,nei,0.005197902,0.014163591,0.98063844
igbo,"Rachael Okonkwo malitere ime ihe nkiri mgbe ọ bụ nwata, mana n'ihi Ọ naghị enweta ọrụ, ọ gbanwere ọrụ ya n'ịgba egwu.","Ọ malitere ime ihe nkiri mgbe ọ bụ nwata, mana n'ihi Ọ naghị enweta ọrụ, ọ gbanwere ọrụ ya n'ịgba egwu.",supports,refutes,0.48040318,0.50129527,0.018301575
igbo,Wike gwara ha aṅala Nnadị Kanu nti.,Mana Nnadị Kanu gwara ha aṅala ntị.,refutes,nei,0.034089103,0.13715446,0.82875645
igbo,Dora Akunyili bụ onye ji ọkwa mịnịsịta na-ahụ maka mgbasa ozi na Naiịjiria ruo ihe dị ka afọ abụọ,Akunyili bụkwara mịnịsịta hụrụ maka mgbasa ozi n'ala site na-afọ̀ 2008 ruo 2010.,supports,supports,0.938648,0.054381337,0.0069706975
igbo,"N'ime ụdị ihe abụọ e ji arụ ọja, nke na-anaghị anọte aka bụ nke osisi","N'ime ụdị ihe abụọ a e ji arụ ya, nke osisi na-aka nọtee aka ruo ogologo oge. ",refutes,refutes,0.46630052,0.4715845,0.062114984
igbo,Ndị agha U.S anwakpola ndị agha Naịjirịa. Gọọmentị Naịjirịa na-arịọ ka ndị amala Naịjirịa gbatara ha ọsọ enyemaka.,"Boko Haram na nwakpo ndị agha Naịjirịa Ihe nkiri a na-ekegharị na soshal midia na-egosi ihe yiri ndi agha Naịjirịa ka Boko Haram na-awakpo ha. Ihe a mere n'ọdọ ndị agha akpọrọ Metele dị na Borno. Agbanyeghị na ndị agha Naịjirịa ekwubeghị okwu maka mwakpo a, ndị omeiwu Naịjirịa ekwuola na ha ga nyocha etu o siri mee.",nei,nei,0.048449513,0.18976007,0.7617904
igbo,"Gọọmentị Nigeria boro Nnamdị Kanụ ebubo aghụghọ, nwụchie ya ma jigide ya n'ụlọ mkpọrọ n'afọ 2015","Ejidere Kanu maka ebubo aghụghọ na dị na Nigeria na ka ọnwa Ọktọba dị na mkpụrụ ụbọchị iri na anọ na afo 2015 wee jidere ya ihe karịrị otu afọ, n'agbanyeghị iwu dị iche iche ụlọ ikpe nyere maka ịhapụ ya.",supports,refutes,0.49181923,0.4963422,0.011838564
yoruba,Bákan náà ni ìjínigbé ń wáyé ní ẹ̀kun Ààrin gbùngbùn Gúúsù orílẹ̀-èdè Nàìjíríà níbi tí wíwa epo rọ̀bì ti ń wáyé.,"Ni ọdun 2002 ni wọn da ẹgbẹ Boko Haram silẹ, gẹgẹ bii ẹgbẹ ti kii se oniwahala pẹlu afojusun ati ṣe afọmọ ilana ẹsin Islam lẹkun ariwa orilẹede Naijiria. Amọṣa ẹgbẹ naa yi pada di agbebọn ninu ilepa awọn afojusun rẹ. Kii ṣe orilẹede Naijiria nikan ni Boko Haram wa mọ bayii, itakun rẹ ti kan de awọn orilẹede to fẹgbẹkẹgbẹ pẹlu Naijiria bii Chad, Niger ati Cameroun. Ọkẹ aimoye awọn eeyan ni wọn ti ran lọ sọrun apapandodo, ti awọn bi miliọnu meji miran si ti di atipo. Boko Haram kii ye ji awọn akẹkọ gbe eleyi to mu ki oju orilẹede agbaye ṣi si ọdọ rẹ lọdun 2014, lẹyin to ji nnkan bii ọọdunrun akẹkọbinrin gbe nileewe kan to wa ni ilu Chibok nipinlẹ Borno, ipinlẹ ti Boko Haram ti kọkọ di agbebọn. Ni ọdun 2015, Boko Haram gba idanimọ gẹgẹ bii ẹgbẹ agbesunmọmi to buru julọ lagbaye, gẹgẹ bi ajọ to wa fun ọrọ aje ati alaafia lagbaye ṣe sọ.",nei,supports,0.8887733,0.076304644,0.034921985
yoruba,Fásítì Èkó ló jáwé borí nínú ìdíje pẹ̀lú àwọn ilé ẹ̀kọ́ gíga mẹ́wàá mìíràn.,Iṣẹ́ ti àwọn ará Ipetumodu máa ń ṣe ni iṣẹ́ àgbẹ̀ àti iṣẹ́ ìkòkò mímọ. Ìtàn ìlú ipetumodu [ | ] Àwọn akọni tó kọ́wọ̀ọ́rìn bíi Orunmila àti Obatala ló tẹ ìlú náà dó láti àringbùngùn ayé.,nei,refutes,0.030606903,0.5690266,0.4003665
igbo,Phyno chọburu ịbụ onye ọkwọ ụgbọ mmiri mana a gwara ya na ọ ga-abụ dọkịta.,"O buru ụzọ chọọ ịbụ onye ọkwọ ụgbọ mmiri, mana a gwara ya na ọ ga-abụ dọkịta.",supports,refutes,0.24930955,0.73061025,0.020080192
yoruba,Gaàrí funfun àti Gaàrí yẹ́lò jẹ́ oríṣi Gaàrí méjì tó wà ní ìwọ̀ oòrùn orílẹ̀-èdè Nàìjíríà.,"Ní ìwọ̀-oòrùn , oríṣi gaari méjì ni ó wà, àwọn náà ni gaàrí funfun yẹ́lò. Gaàrí yẹ́lò jẹ́ èyí tí wọ́n fi epo pupa sí nígbà tí wọ́n bá ń yan án. Orílẹ̀-èdè àti ni a ti le rí funfun àti yẹ́lò. Irúfẹ́ Gaàrí funfun kan ni wọ́n ń pè ní Gaàrí-Ìjẹ̀bú . Èyí tí wọ́n máa ń ṣe ní ilẹ̀ lọ́dọ̀ àwọn ará ní orílẹ̀-èdè .",supports,refutes,0.35565346,0.6342185,0.010128023
hausa,Waƙa abu ne da ake yin shi domin fita daga cikin damuwa.,"Waka ita ce rubutun adabi, wanda mawaƙi ya rubuta, ta amfani da wannan ka'ida.",nei,nei,0.0070370496,0.021116344,0.97184664
hausa,Tawagar yaƙin zaɓen Trump sun dage da kamfen a jihar Florida saboda muhimmanci ta wurin cin zaɓen shugaban ƙasa,Tawagar yaƙin neman zaɓen Trump na fafutuka tuƙuru a jihar ta Florida - faɗuwa zaɓe a nan ka iya haramta masa sake komawa Fadar White House.,supports,supports,0.47066253,0.080647886,0.44868955
igbo,"Emmanuel Nnamdị Ụba ji ọkwa dị ka Gọvanọ Anambra Steeti naanị ọnwa atọ, bido na April 2007 rue Juunu 2007","N’afọ 2007, Ụba zọọrọ na nhọputa PDP maka ntuli aka gọvanọ nke steeti Anambara, a ma họpụta ya na ntuli aka na Epurel 14 2007. Mana, onye bụbu gọvanọ gbara akwụkwọ na ntuliaka ahụ, na-ekwu na, n’ihi na ụlọ ikpe nabatara na Obi meriri na ntuli aka Epurel 2003 na 15 Machị 2006, na ọ ka nwere afọ atọ ọzọ ma ọ bụ afọ anọ ya ịchị. Ndị ọkaikpe ahụ nakweere arụmụka ahụ, na 14 Juunu 2007, ha kwụsịrị ntuli aka nke Andy Ụba. ",supports,supports,0.6096416,0.3811129,0.0092455065
hausa,Anyi zargin cewa Shekarau ya na da hannu a cikin kisan da aka yi wa Sheikh Ja'afar Mahmud Adam.,"Duk da yake wasu sun ce , wata kungiya mai tsattsauran ra'ayi, ta kashe Sheikh din, wasu sun ce Mista Shekarau, gwamnan Kano a lokacin, na iya kasancewa da alhakin saboda malamin yana daya daga cikin manyan masu sukar sa.",supports,supports,0.788683,0.1894509,0.021866148
yoruba,Olóyè Ọbásanjọ́ jẹ́ ọ̀kan lára àwọn ọ̀gagun tí wọ́n fi ipá yọ kúrò nínú ipò. Ó sì ti dé ìgbà mẹ́ta tí Ọbásanjọ́ jẹ́ Ààrẹ orílẹ̀-èdè Nàìjíríà.,"Ile iwe Saint David Ebenezer School ni Ibogun ni oloye obasanjo ti ka iwa alakobere( primary school education),ni odun 1948. Oloye Obasanjo jé ògágun tó tifèyìntì kúrò nínú iṣẹ́ Ológun ilè Nàìjíríà ati olóṣèlú ọmọ ilè . Oun ni lati odún títí dé ọdún . Èyí ni ìgbà iketa tí Obasanjo yíò jé Ààre orílè-èdè Nàìjírìa.",refutes,supports,0.9250651,0.062931396,0.012003497
igbo,Mpaghara ọdịbendị na asụsụ nkịtị na ndịda bụ Ala Awụsa.,Ọ bụ mpaghara ọdịbendị na asụsụ nkịtị na ndịda .,nei,supports,0.8551979,0.1350631,0.009738921
yoruba,"Ọba Wahab Kayode Oyedọtun ní Ọọ̀ni ti ìlú Ilé-Ifẹ̀ ló pe ìpàdé pàjáwìrì àwọn lọ́balọ́ba fún fún ìjíròrò, láti mọ ohun tó fa aáwọ̀ láàárín Olúwo àti Agbowu.","Ọba Wahab Kayode Oyedọtun, Bibire Kinni salaye pe, ko si ẹni to kanro Oluwo sinu tabi korira rẹ tori pe o n se akọ, asa ilẹ wa naa lo n gbe ga, eyi si kọ lo jẹ kawọn juwe ọna ile fun. Ọba Oyedọtun ni, Ọọni tilu Ile Ifẹ lo pe ipade pajawiri awọn lọbalọba pe kawọn wa jiroro, lori ohun to lee faa aawọ laarin Oluwo ati Agbowu, gẹgẹ bo se waye lọsẹ kan sẹyin, bẹẹ si ni ọjọ naa kii se ọjọ ipade awọn. O ni ipade naa kun gan, ti awọn ọba to wa nibẹ si le ni ọgọrin, nigba ti Ọọni si n fi ẹdun ọkan rẹ han lori isẹlẹ naa, lo ti salaye pe oun ko si nile, Abuja ni oun wa, amọ oun sare wale ni, inu awọn ọba Arẹwa ati ila oorun ilẹ yii ko dun sawọn ni Ọsun, ti wọn si n rọ oun lati wa nkan se si bi ọba se n na ọba nilẹ Yoruba.",supports,supports,0.9091462,0.083468504,0.0073853373
yoruba,"BBC Yorùbá ṣe àgbéjáde fídíò kan láti fi tú àṣírí àwọn olùkọ́ tí wọ́n máa ń gbìyànjú láti ní ìbáṣepọ̀ pẹ̀lú àwọn akẹ́kọ̀ọ́ wọn, nítorí máàkì.","Akori fidio naa lo pe ni 'Ibalopọ fun maaki' tawọn oloyinbo n pe ni 'Sex for Grades', eyi to ti n mu ki oju awọn opo itakun agbaye gbona jain-jain. Ẹkunrẹrẹ fidio oniwakati kan ti BBC fisita nirọlẹ ọjọ Aje naa ree: End of YouTube post, 1 Bi o tilẹ jẹ pe fidio onisẹju mẹtala pere ni BBC kọkọ ju sori afẹfẹ nidaji ọjọ Aje naa, lawọn oju opo ikansira ẹni rẹ lori itakun agbaye, eyi ti BBC Yoruba ko gbẹyin nibẹ, amọ nigba ti yoo fi di aago meje irọlẹ ọjọ naa, ẹkunrẹrẹ fidio naa, to jẹ oniwakati kan ti gba afẹfẹ kan. Àwọn iròyin tì ẹ leè ní ìfẹ̀ síí: Olukọ kan lati fasiti Eko, UNILAG, Ọmọwe Boniface Igbenegbu pẹlu akẹẹgbẹ rẹ ni fasiti Ghana, Ọmọwe Paul Butakor, ni wọn foju han ninu fidio naa, amọ fidio oniwakati kan yii lo tun fi oju awọn olukọ meji miran han to n kopa ninu iwa idojutini yii lati fasiti mejeeji taa darukọ siwaju naa.",supports,supports,0.6469546,0.054182302,0.2988631
igbo,Atụmatụ e mere n'afọ 2005 kwuru na ụmụanụmanụ bi na Awka Etiti.,E nwekwara nnukwu ndị Awka-Etiti diaspora nke na-enye aka na akụ na ụba obodo.,nei,nei,0.20417474,0.066110454,0.7297148
yoruba,"Yàtọ́ sí oha tí jẹ́ orúkọ ọbẹ̀ náà, ó tún ní àwọn orúkọ oríṣi méjì tí wọ́n tún pe ọbẹ̀ náà. Àwọn ni, uha tabi ọbẹ̀ ora.","Àwọn orúkọ mìíràn tí wọ́n tún ń pe ọbẹ̀ náà ni uha àti ọbẹ̀ ora. Àwọn Oúnjẹ tí ẹ le fi jẹ Oha [ | ] Ọbẹ̀ oha/Uha dára jù lọ pẹ̀lú fùfú. Iyán, sẹ̀mó, ọlá àti ẹ̀bà gbogbo àwọn wọ̀nyí náà ni wọ́n dára pẹ̀lú ọbẹ̀ oha.",supports,refutes,0.30782688,0.685773,0.0064000613
hausa,An kashe Muhammad Auwal Albaniy Zaria tare da matarsa akan hanyarsa ta dawowa daga wurin tafsiri.,Ƴan bindigar sun harbe Sheikh Muhammad Auwal Adam Albani Zariya tare da ɗaya daga cikin matansa a cikin garin a kan hanyarsu ta dawowa gida bayan sun halarci karatun Tafsirin yamma da suka saba zuwa a cikin garin.,supports,supports,0.8722436,0.109593466,0.018162975
igbo,"Na Republic Naịjirịa nke Abụọ, Alex Ifeanyichukwu Ekwueme ji ọkwa osote onyeisiala nke Naijiria site n'afọ 1979 ruo 1983",Alexander Ifeanyichukwu Ekwueme // ⓘ GCON (21 October 1932 – 19 Nọvemba 2017) bụ onye ndọrọndọrọ ọchịchị Naijiria nke jere dịka osote onyeisiala mbụ nke Naijiria site na 1979 ruo 1983 n'oge Naịjiria Republic nke Abụọ n'okpuru onyeisiala Shehu Shagari dịka onye otu National Party.,supports,supports,0.85792965,0.13609844,0.0059719468
yoruba,"Inú bíbélì ni a ti rí i tí wọ́n sọ pé ""Ó dára kí á pa àgọ́ mẹ́ta"""," Èdè Yorùbá jẹ́ èdè kan ti ó gbalẹ̀ tí ó sì wuyì káàkiri àgbáyé. Ìtàn sọ fún wa pé ìbátan ní èdè Yorùbá jé, kwa jẹ́ ẹ̀yà kan ní apá . A lè sọ pé àwọn tí wọ́n ń sọ èdè Yorùbá yàtọ̀ sí orílẹ̀ èdè Nàìjíríà lé ní Ọgbọ̀n mílíọ̀nùn tàbì jù bẹ́ẹ̀ lọ.",nei,nei,0.014171952,0.023816176,0.9620119
igbo,Igbo enweghi usoro ha si achị onwe ha. Ọgbaghara na-adị n'ala Igbo oge niile tupu ndị Bekee abịa.," Ụmụnna - Ndị a bụ ụmụnwoke ụmụọkpala si n'ezinaụlọ dị icheiche n'obodo. Ha bụ ndị na-eme mkpebi gbasara okwu dị icheiche n'obodo etu o si gbasara agamnihu na ọdịmma obodo. Ndị ụmụnna ka a na-ekpesara ma onye ọbụla mee ihe ọjọọ, ha bụ ndị na-aga n'ọnụ arụsị ịchọpụta ihe arụsị na-ekwu gbasara obodo maọbụ gbasara ezinaụlọ ha.",refutes,nei,0.0154212145,0.2309977,0.75358105
hausa,Tafkin Tiga na ɗaya daga cikin madatsun ruwan da aka gina a Kano don bunƙasa noman rani.,An gina madatsar ruwan ne a lokacin gwamnatin Gwamna a ƙoƙarin inganta samar da abinci ta hanyar ayyukan noman rani.,supports,supports,0.9568834,0.022120323,0.020996297
hausa,Jonathan ya zama shigaban kasar Najeriya bayan rasuwar Umaru 'Yar'adua.,"A cikin gida kuma, tsohon shugaban ya ce shugaban hukumar zabe na wancan lokacin Farfesa Attahiru Jega ya yi masa abin da bai yi tsammani ba, saboda har yanzu nan ya kasa fahimtar abin da ya sa Jegan ya nace cewar ya shirya wa yin zabe lokacin da kashi 40% bisa dari na masu zabe ba su karbi katinsu na zabe ba.",nei,refutes,0.043339282,0.8900462,0.06661451
igbo,Igbo-Ukwu bụ obodo ebe e gwupụtara ihe mgbe ochie ndị gosiri na omenala ha gụnyere ịrụ ọrụ ọla kọpa kamgbe 90 AD.,"Igbo-Ukwu bụ ebe ama ama maka ebe nchọcha ihe mgbe ochie atọ, ebe ngwungwu achọpụtala ihe ọla kọpa sitere n'omenala ọla na-arụ ọrụ ọla kọpa nke malitere na narị afọ nke itoolu AD, narị afọ tupu ọla ndị ọzọ ama ama na mpaghara ahụ. ",supports,supports,0.7049816,0.2578027,0.0372157
hausa,Sani Abacha ya rasu a ƙasar Saudiyya lokacin da ya ke gudanar da aikin hajji.,"A ranar 8 ga watan Yuni na shekarar alif da ɗari tara da chasa'in da takwas 1998, Abacha ya rasu a fadar shugaban ƙasa ta Aso Rock Villa dake .",refutes,supports,0.84527695,0.09577174,0.058951255
yoruba,"Ní ọdún 2016, ilé aṣòfin àgbà kọ àbá Ààrẹ Buhari láti yá owó tó lé ní bílíọ̀nù mọ́kànlélọ́gbọ̀n Dọ́là ($29.9) láti ilẹ̀ òkèèrè.","Bakan naa lọdun 2016, ile aṣofin agba kọ aba aarẹ Buhari lati ya owo to le ni biliọnu mọkanlelọgbọn Dọla ($29.9) lati ilẹ okeere. Ẹwẹ, awọn aṣofin naa tun kọ lati fi ọwọ si yiyan Ibrahim Magu gẹgẹ bi alaga ajọ to n gbogun ti iwa ibajẹ, EFCC, ti wọn fi ẹsun kan pe 'oniwa ibajẹ ni.' Titi di asiko yii, ipo adele alaga ajọ EFCCC ṣi ni Ibrahim Magu wa, ile aṣofin ko fọwọ si iyansipo rẹ bi alaga, eyi ti inu awọn aṣofin ko dun si i. Ọpọlọpọ iyannisipo ti Buhari fẹ ẹ ṣe ni awọn aṣofin naa ko buwọlu, ti awọn miran si pẹ pupọ ki wọn to o fọwọ si i.",supports,supports,0.9265447,0.06709231,0.0063629495
hausa,Bikin argungun yana jan hankalin masu yawon buɗe ido," A ranar karshe ta bikin, ana gudanar da gasa inda dubunnan maza suka yi layi a bakin kogin kuma da karar harbe-harbe, dukkansu suna yin tsalle a cikin kogin kuma suna da sa'a guda don kama manyan kifaye. Wanda ya yi nasara zai iya ɗaukar gida har $ 7,500 dalar Amurka. Ana ba wa masu gasa damar amfani da kayan aikin kamun kifi na gargajiya kuma da yawa sun fi so su kama kifin gaba ɗaya da hannu (wani aikin kuma sananne a wasu wurare kuma ana kiransa "" noodling "") don nuna bajintar su.",nei,nei,0.012786706,0.008512341,0.97870094
igbo,Dave Adenuba amaghị ma o nwere ndị gọọmentị Anambra ji ụgwọ.,N'otu aka ahụ kọmishịọna mgbasaozi bụ Don Adenuba gwara BBC Igbo na o nweghi onye ọrụ bekee ọbụla e ji ụgwọ n'Anambra Steeti. Ọ sị na gọọmentị ha kwụrụ ụgwọ n'ụbọchị iri abụọ na isii nke ọnwa Eprelụ afọ 2020.,refutes,refutes,0.020277392,0.95768183,0.022040788
yoruba,Àwọn ará àdúgbò náà fi tó àwọn oníroyìn létí pé Sunday Igboho ló rán awọn géńdé méjèèjì ọ̀hún láti lọ pa àwọn ènìyàn nípakúpa.,"Sunday Igboho gba àwọn èèyàn Soka n'Ibadan sílẹ̀ lọ́wọ́ àwọn ọmọ onílẹ̀ tó wá ṣọṣẹ́ Ọrọ di boo lọ, ko yago fun mi ladugbo Soka nilu Ibadan lasiko ti gende meji to gbe ohun ija oloro lọwọ, ti wọn pe ara wọn ni ọmọ onilẹ ya bo agbegbe naa. Owurọ ọjọ Isẹgun ana niroyin gba igboro Ibadan kan, tawọn eeyan si n pe sori redio gbogbo nilu naa pe ẹmi awọn eeyan to n gbe ladugbo naa ko de tori awọn gende agbebọn to ya bo wọn. Àwọn iròyin tì ẹ leè ní ìfẹ̀ síí: A gbọ pe se ni iro ibọn n dun lakọ-lakọ, tawọn eeyan si n sa asala fun ẹmi lasiko ti awọn ọmọ onilẹ ọhun ni ki awọn onile gbe ile wọn kuro lori ilẹ awọn. Se lawọn ọmọde ati agba, alaboyun ati awọn iyalọmọ, to fi mọ awọn arugbo n sa asala fun ẹmi wọn, ti awọn to si laya lati beere pe ki lo fa isẹlẹ naa, jẹ ajẹkun iya. Ẹnikan ti isẹlẹ naa soju rẹ salaye pe ọpẹlọpẹ asaaju ọmọ Yoruba kan, Oloye Sunday Adeyẹmọ, ti gbogbo eeyan mọ si Sunday Igboho to tete de sadugbo ọhun lasiko ti laasigbo naa gbona janin-jani. A gbọ pe Igboho ati ọkunrin kan ti wọn pe orukọ rẹ Babatunde Arowolo, ti gbogbo eeyan mọ si Bako, lo de lasiko lati gba awọn eeyan adugbo naa silẹ, ni kete ti aawọn ọmọ onilẹ naa si foju gaani rẹ, ni wọn ba juba ehoro.",refutes,supports,0.84623045,0.09408111,0.059688445
yoruba,"Títóbi ìpínlẹ̀ Ọ̀yọ́ tó nǹkan bí i 28,454 kìlómítà, ó sì wà ní ipò kéjìlà nípa fífẹ̀.","Ṣèyí Mákindé jẹ́ gómìnà ìpínlẹ́ Ọ̀yọ́, à dìbọ̀ yan nì ọ̀dun 2019. Geography [ | ] Ìpínlẹ̀ Ọ̀yọ́ gbòòrò ní nǹkan bí 28,454 kìlómítà níbùúgbùú, ó sì wà ní ipò kẹrìnlá nípa ìtòbi.",refutes,supports,0.8992313,0.0940154,0.0067532873
hausa,An bawa Isah Ali Ibrahim Pantami muƙamin ministan sadarwa a loƙacin da Buhari ya ci zaɓensa karo na biyu.,"Farfesa Isah Ali Ibrahim Pantami ya zama ministan tun bayan sake babban zaɓen shugaban ƙasa na shekarar dubu biyu da goma sha tara (2019), bayan da ya yi nasara.",supports,supports,0.80198175,0.16064201,0.037376277
hausa,Mawaki Mamman Shata ya ce Magaji Salam ne ya fara saka ma sa sunan Shata.,"Wanda ya sa mini wannan suna Shata sunansa Magaji Salam, shi ne ya samin suna Shata Mijin mai daki, ita mai dakin kaka ta ce, ita ce ta haifi wanda ya haife ni.",supports,refutes,0.3810161,0.5410554,0.07792844
igbo,Gọọmentị tụrụ ụmụ ntorobịa isii na-atọrọ ndị mmadụ nga n'ihi na ha na-emegide nchekwa obodo.,"Duruagwu kwuru na o nwegodu ihe mmụta dị n'ụzọ ochie ndị a, ndị ọchichị agaghị achọ iwere ya mee ihe makana ọ ga-aghọ ha ahia. O kwuru na ọ bụ ndị nwe obodo ga-echekwa obodo, ihe dịrị gọọmenti bụ iwere ego kwado ihe ndị obodo na-eme. ",nei,nei,0.010257695,0.08687696,0.90286535
yoruba,Sunday Igboho àti Babatunde Arowolo lọ́ farahàn níbi ti àwọn ọmọ onílẹ̀ ti ń ṣọṣẹ́ láti gba àwọn èèyàn Soka ní ìlú Ìbàdàn sílẹ̀.,"Sunday Igboho gba àwọn èèyàn Soka n'Ibadan sílẹ̀ lọ́wọ́ àwọn ọmọ onílẹ̀ tó wá ṣọṣẹ́ Ọrọ di boo lọ, ko yago fun mi ladugbo Soka nilu Ibadan lasiko ti gende meji to gbe ohun ija oloro lọwọ, ti wọn pe ara wọn ni ọmọ onilẹ ya bo agbegbe naa. Owurọ ọjọ Isẹgun ana niroyin gba igboro Ibadan kan, tawọn eeyan si n pe sori redio gbogbo nilu naa pe ẹmi awọn eeyan to n gbe ladugbo naa ko de tori awọn gende agbebọn to ya bo wọn. Àwọn iròyin tì ẹ leè ní ìfẹ̀ síí: A gbọ pe se ni iro ibọn n dun lakọ-lakọ, tawọn eeyan si n sa asala fun ẹmi lasiko ti awọn ọmọ onilẹ ọhun ni ki awọn onile gbe ile wọn kuro lori ilẹ awọn. Se lawọn ọmọde ati agba, alaboyun ati awọn iyalọmọ, to fi mọ awọn arugbo n sa asala fun ẹmi wọn, ti awọn to si laya lati beere pe ki lo fa isẹlẹ naa, jẹ ajẹkun iya. Ẹnikan ti isẹlẹ naa soju rẹ salaye pe ọpẹlọpẹ asaaju ọmọ Yoruba kan, Oloye Sunday Adeyẹmọ, ti gbogbo eeyan mọ si Sunday Igboho to tete de sadugbo ọhun lasiko ti laasigbo naa gbona janin-jani. A gbọ pe Igboho ati ọkunrin kan ti wọn pe orukọ rẹ Babatunde Arowolo, ti gbogbo eeyan mọ si Bako, lo de lasiko lati gba awọn eeyan adugbo naa silẹ, ni kete ti aawọn ọmọ onilẹ naa si foju gaani rẹ, ni wọn ba juba ehoro.",supports,supports,0.7596416,0.19834843,0.042009987
hausa,Ado Bayero ya rasu a shekarar 2014 bayan ya shafe sama da shekaru 50 ya na mulki.,"A ranar 6 ga watan Yuni shekarata 2014, bayan shekaru hamsin da dayayi akan kursiyin, Ado Bayero ya mutu a fadarsa",supports,supports,0.9452268,0.04178214,0.012991112
hausa,Marigayi Umaru Musa 'Yar'aduwa ya kasance shugaban ƙasa da ya kwatanta adalci sosai lokacin mulkinsa.,"Mista Jonathan ya ce ba anan kadai Amurka ta tsaya ba wajen yunkurin kifar da gwamnatinsa, har ta kai Shugaba Obama ya shawo kan firaministan Burtaniya David Cameron ya mara masa baya duk da kyakkyawar dangantakar da ke tsakanin Jonathan da Cameron",nei,refutes,0.1591915,0.6477412,0.19306731
yoruba,"Ìwó tún ní àwọn agbègbè ìjọba ìbílẹ̀ mẹ́rin mìíràn, èyí tó yàtọ sí àwọn yòókù.","Iwo ti ní àwọn agbègbè ìjọba ìbílẹ̀ mẹ́rin si, àwọn ni: Iwo East, Olomowewe; Iwo West, Agberire; Ọla Oluwa South East, Ilemowu; Ayedire South East, Oluponna.",supports,refutes,0.034501713,0.79745024,0.16804807
igbo,Mpaghara ndịda Anambara Steeti na na-eti mkpu banyere ike mbuze na-akpa na mpaghara ha kamgbe afọ 2011.,"Emmanuel Nnamdị Uba , ma ọ bụ Andy Ụba (amụrụ ya 14 Disemba 1958), bụ onye ndọrọndọrọ ọchịchị Naịjirịa nke ahọpụtara ka Sinatọ ndị ndịda Anambara , Naịjirịa, na Epurel 2011.",nei,nei,0.010930731,0.011027076,0.9780422
hausa,"Yahya Jammeh shugaba ne da aka yi masa shaidar nisantar aikata laifuka, musamman laifin cin zarafi.","Babban sakataren TRRC Baba Jallow ya shaida wa BBC cewa binciken da hukumarsa ta kaddamar wata takwas da suka wuce zai mayar da hankali ne kan cin zarafin da ya faru a watan Satumba. ""Muna sane da zarge-zargen cin zarafi da ake yi wa Yahya Jammeh, amma har yanzu ba mu saurari wadanda abin ya shafa ba a hukumance",refutes,supports,0.86066955,0.11970339,0.019627025
yoruba,"Àwọn orúkọ méjì ni a pa pọ̀ tí ó fi di ""AJẸ́BU-OLÓDE"" èyí tí a mọ̀ sí ÌJẸ̀BÚ-ÒDE títí di òní.","Àwọn méjì tí ó jẹ́ akíkanjú jùlọ ìyẹn Ajẹbú àti Olóde ni a pa orúkọ wọn pọ̀ tí ó wá di “AJẸ́BU-OLÓDE” èyí tí à ń pè ní ÌJẸ̀BÚ-ÒDE títí di òní olóni yìí. Èdè Ìjẹ̀bu ni àwọn ẹ̀yà yìí máa ń sọ. A sì le rí wọn káàkiri ilẹ̀ Nàìjíríà. Àpẹẹrẹ àwọn ìlú tí a lè rí ni ẹkùn Ìjẹ̀bú ni Ìjẹ̀bú-Òde, Musin, Ata-Ìjẹ̀bú, Imọ̀pè, Òdo-Pótu, Àgọ́-Ìwòyè, Ìjẹ̀bú-Igbó, Orù, Awà, Ìlápòrú, Ìṣònyìn, Ìpàrí-Ńlá, Òdokálàbà, Ìdọwá, Merígò, Òdoogbolú, Ọ̀ṣọṣà àti bẹ́ẹ̀ bẹ́ẹ̀ lọ.",supports,supports,0.92472637,0.06770485,0.007568829
yoruba,"Ìjínigbé àti ìwà ọ̀daràn ń pọ̀ si ní ìpínlẹ̀ Oǹdó, pàápàá jùlọ ní ìlú Ọ̀wọ̀.","Ọ̀pọ̀lọ̀pọ̀ ìgbà ni ìjínigbé ti wáyé ní ojú ọ̀nà ìlú Ọ̀wọ̀ sí Ìkàrẹ́-Àkókó. Alukoro fun ileeṣẹ ọlọpa nipinlẹ Ondo, Fẹmi Joseph sọ fun akọroyin BBC Yoruba, pe eniyan mẹta ni awọn ti wọn ji gbe lootọ, ṣugbọn ''ileeṣẹ ọlọpaa ko ti i le sọ boya Fulani lo ji wọn gbe nitori pe a ko ti i ri wọn'' tako iroyin to jade pe awọn fulani daran-daran lo ji wọn gbe. Bakan naa lo sọ ijinigbe ati iwa ọdaran gbogbo kiiṣe ọrọ ẹya tabi ẹsin. Ile isẹ ọlọpaa n gbe Ọrẹkunrin Khadijat rẹlẹ ẹjọ ni Ọjọ Aje ""Ọwọ wa tẹ awọn afurasi ajinigbe mẹjọ ni bi ọsẹ meji sẹyin, ko si si ẹya Fulani kankan lara wọn. Awọn mẹjọ naa si ti wa ni ihamọ nitori ọrọ wọn ti de ile ẹjọ."" Gẹgẹ bi ohun ti Joseph sọ, ọkan lara awọn mẹta ti wọn ji gbe jẹ olukọ ni ileewe gbogbonise Rufus Giwa to wa ni ilu Ọwọ nipinlẹ Ondo. Ọna to lọ si ilu Ipele nitosi Ọwọ ni wọn ti ji olukọ naa gbe.",supports,refutes,0.08139032,0.9047631,0.0138465315
igbo,"Nwankwo Kanu abụghị otu n'ime ndị egwuregwu ole na ole meriri Premier League, FA Cup, Champions League, UEFA Cup na Olympic Gold Medal."," Ọ bụ otu n'ime ndị egwuregwu ole na ole meriri Premier League, FA Cup, Champions League, UEFA Cup na Olympic Gold Medal.",refutes,supports,0.61193496,0.37973115,0.008333919
yoruba,Kò sí ẹ̀yà kankan tí ó ń jẹ́ Àkókó nínú àwọn ẹ̀yà Yorùbá.,"Àwọn ẹ̀yà Yorùbá Àkókó ni wọ́n kó ìdá ogún ó lé ẹ̀sún mẹ́ta (20.3%) nínú ìdá márùn ún tó lé ẹ̀sún meje (5.7%) ènìyàn tí wọn ń gbé ní . Ẹ̀Wẹ̀, agbègbè Àkókó ní ìjọba ìbílẹ̀ mẹ́rin, àwọn ni: , , àti , tí ó fi mọ́ tí ó wà ní àárín àti . Ilé ẹ̀kọ́ fásitì náà wà nílú Bákan náà ni ilé-ìwòsàn ti ìjọba ìpínlẹ̀ wà ní ìlú , nígbà tí ilé-ìwòsàn gbogbo-gbòò ti ìjọba náà wà ní ìlú àti ìlú .",refutes,refutes,0.02369136,0.969383,0.0069257338
igbo,Mahadum Imo steeti na nke Abia Steeti na-enweta enyemaka ego site n'aka ndị nne nke ụka Catholic na Anglịcan,"N'afọ 1981, Sam Mbakwe hiwere mahadum Imo steeti. Ụlọ akwụkwọ ahụ dị na mpaghara e nyere n'afọ 1991 ma meekwa ya baptizim ọzọ nke Abia State University . Agbanyeghị, Mahadum Imo steeti nwetara ụlọ akwụkwọ ọhụrụ na ma ka dị.",nei,nei,0.0076266895,0.010784937,0.98158836
igbo,Dora Akunyili jibu ọkwa daịrekụtọ jenaralụ n'ụlọ-ọru na-ahụ maka mmepụta na nkesa ọgwụ n'ụdị kwesịrị ekwesị n'ime Naịjirịa.,"Ọ bụbu nnukwu onyeisi ntụziaka (nke a na-akpọ daịrekụtọ jenaralụ n'asụsụ Bekee) n'ụlọ-ọru na-ahụ na a na-emepụta nakwa na-ekekesa ọgwụ, ihe ọńụńụ na ihe oriri n'ụdị kwesịrị ekwesị.",supports,supports,0.8423132,0.14817747,0.009509378
yoruba,Yóò tó bí ẹgbẹ̀rún mẹ́wàá ọdún sẹ́yìn ni àwọn èdè bẹ̀rẹ̀ sí ní yapa síra wọn lọ́tọ̀ọ̀tọ̀.,"Àwọn onímọ̀ èdè kan tilẹ̀ ti fi ìdí ọ̀rọ̀ múlẹ̀ pé láti orírun kan náà ni àwọn èdè bí Yorùbá, Kru, Banle, Twi, Ga, Ewe, Fon, Edo, Nupe, Igbo, Idoma, Efik àti Ijaw ti bẹ̀rẹ̀ sí yapa gẹ́gẹ́ bi èdè ọ̀tọ̀ọ̀tọ̀ tó dúró láti bí ẹgbẹ̀rún mẹ́ta ọ̀dún sẹ́yìn",refutes,supports,0.5669353,0.16713619,0.26592854
hausa,Sojojin Najeriya sun nuna bajimta sosai a yaƙi da boko-haram.,"Shehu Shagari ya zama a watan Oktoban shekara ta alif dari tara da Saba'in da tara (1979), inda yayi mulki har zuwa Disamban shekara ta alif da dari tara da tamanin da uku (1983), wanda sojoji suka kwace mulki a hunnunsa, a jagorancin . Shehu Shagari shine shugaban Najeriya da ya hau mulki ta sanadiyar zaɓe na farko.",nei,nei,0.007568452,0.080569565,0.911862
hausa,Shugaban kasa Muhammadu Buhari ya je ziyarar aiki kasar China a shekar 2016.,"Buhari ya lashe zaɓen, inda ya kayar da shugaban ƙasa mai ci Goodluck Ebele Jonathan. Wannan shi ne karo na farko a tarihin Najeriya da shugaban ƙasa mai ci ya sha kaye a zaɓen tazarce.",nei,nei,0.09550906,0.3985231,0.5059678
igbo,Nnadị Kanu gwara ndị Ipob ha aṅala ihe Wike na-ekwu ntị.,Mana Nnadị Kanu gwara ha aṅala ntị.,supports,supports,0.44380778,0.42245758,0.13373463
hausa,Jam'iyyar APC ce ta tsayar da Sule Lamido takarar gwamnan jigawa a shekarar 2007.,"sule lamido yayi shekara takwas yana mulkin gwamna a jahar jigawa, ƙarƙashin jam’iyar PDP kuma ya nemi takaran shugaban ƙasa a shekara ta 2019.",refutes,supports,0.68956876,0.2942327,0.016198596
hausa,Gwamna Shema ya samu lambar yabo ta girmamawa daga hukumar EFCC.,Wannan turka-turka da wasu caje-caje da ke da nasaba da kuɗi su ka sa hukumar watau E.F.C.C ta gurfanar da Gwamna Shema a gaban kotu kan cajin almundahanar kuɗaɗen da suka kai kimanin biliyan goma sha ɗaya (N11 billion).,refutes,nei,0.020892117,0.11653757,0.86257035
hausa,"Dambe ya samo asali ne daga al’adun gungun mahauta, wadanda su ne ke shiga gasa, suna ƙalubalantar sauran maza a yankinsu."," A al'adance, ana gudanar da gasa tsakanin maza na gungun mahauta wadanda kuma za su kalubalanci maza daga masu sauraron kauyensu. An zana shi daga kananan kabilar Hausa wadanda su kadai ne za su iya yanka dabbobi da sarrafa nama, mahauta masu tafiya sun kafa gungiyoyin dambe daga darajarsu da ake kira ""runduna"".",supports,supports,0.97234994,0.01610345,0.01154662
yoruba,Mínísítà fún ètò ìbánisọ̀rọ̀ ní Nàìjíríà tele ni Adebayo Shittu je. Ó sì wà lábẹ́ Ààrẹ tó wà nípò ní àkókò náà.,"Adebayo Shittu jẹ́ minisita fún ètò ìbánisọ̀rọ̀ ní Nàìjíríà tẹ́lẹ̀ láàárín ọdún 2011 sí 2019 lábẹ́ Ààrẹ tẹ́lẹ̀ rí. Shittu lo rọpo gege bi minisita fun eto ibanisoro, Isa Ali Pantami lo tele.",supports,supports,0.94996274,0.04312788,0.006909402
hausa,Tarihin siyasar Musulunci ya shafi yadda ake fahimtar shugabanci da biyayya a cikin al’umma.,"Ya kamata a lura da cewa musulmi a lokacin ba su kasu kashi biyu ba, wato ‘yan Shi’a da Sunna, sai dai hakan ya faru ne bayan wafatin Manzon Allah, tsira da amincin Allah su tabbata a gare shi da alayensa, da taron juyin mulkin da aka yi a Saqifa. Bani Sa'ida da zabin Abubakar a matsayin magajin Manzon Allah, tsira da amincin Allah su tabbata a gare shi da alayensa, a kan musulmi. Al’amarin ya fuskanci adawar Ali binu Abi Talib, tsira da amincin Allah su tabbata a gare shi, da dukkan Bani Hashim, da Salman Al-Farisiy, da Abu Zarr Al-Ghafari, da Al-Miqdad bin Al-Aswad, da Ammar bin Yasser, da Ibn Al-Tayhan. Othman bin Hanif, da sauran sahabbai da mabiyan Ali, tsira da amincin Allah su tabbata a gare shi. Daga nan ne bishiya Shi'anci ta fara girma.",supports,supports,0.5213877,0.3761437,0.10246865
igbo,E nwere steeti iri abụọ na asatọ na Naijirịa.,Ọ bụkwa ndi Ìgbò bi na ebe ugwu nke Ọ̀hà Delta na Ọ̀hà Rivas.,nei,supports,0.58770686,0.32989368,0.08239949
yoruba,NIN ò fi bẹ́ẹ̀ wúlò láti gba ìwé-ẹ̀rí fún ọkọ̀ wíwà.,"Wo àwọn nǹkan to tún nílò NIN fún yàtọ̀ fún ìforúkọsílẹ̀ síìmù Laipẹ yii ni ajọ to n risi ibaraẹnisọrọ ni Naijiria, NCC fi aṣẹ sita pe, gbogbo ọmọ Naijiria to n lo siimu ẹrọ ibaraẹnisọrọ, gbọdọ fi NIN kun iforukọsilẹ siimu wọn. Gbedeke ọsẹ meji pere si ni ajọ naa fi silẹ lati sẹ bẹ ẹ. Amọ yatọ si iforukọsilẹ siimu, awọn nnkan mii wa ti o tun nilo NIN rẹ fun gẹgẹ bii ọmọ Naijiria. Àwọn iròyin tì ẹ leè ní ìfẹ̀ síí: Apo asunwọn banki: Awọn banki ni Naijiria ma n gba NIN gẹgẹ bi ami idanimọ, ki wọn o to le ṣi apo asunwọn pẹlu wọn, tabi bẹrẹ si ni lo asunwọn ti o ko lo fun igba pipẹ pada. Iforukọsilẹ fun iwe irinna: Ajọ to n risi iwọle-wọde ni Naijiria ti sọ ọ di dandan fun ẹnikẹni to ba fẹ ẹ gba iwe irinna pasipọọti tuntun, tabi tun ti akọkọ ṣe, gbọdọ ṣe afihan NIN rẹ ko to o di ṣisẹ. Iwe aṣẹ fun ọkọ wiwa: Ajọ ẹṣọ oju popo, FRSC, naa ti n beere fun NIN lọwọ ẹnikẹni to ba fẹ ẹ gba laisẹnsi gẹgẹ bi awakọ.",refutes,refutes,0.019617049,0.9707671,0.009615842
igbo,"Ákàrà nsibiri dị puku, nke há mà dị 500 nke ha détùrù","nsibiri dị puku, nke há mà dị 500 nke hé détùrù. Hé zì",supports,supports,0.7070025,0.27679303,0.016204467
yoruba,Àwọn ọmọ ẹgbẹ́ Ebila gbìyànjú láti fi àdá ṣá Ekugbemi àmọ́ àdá náà ò ràn án àfi ìgbà tí wọ́n ṣe nǹkan sí ara àdá náà.,"Iwaju ile ijọsin nla Cathedral Church of Saint David, ni Kudeti, ni awọn janduku naa ti fa rogbodiyan kan to waye lọjọ kọkandinlogun, oṣu Kejila, ọdun 2016. Kii ṣe igba akọkọ niyẹn ti ẹgbẹ naa ati awọn orogún wọn fa wahala ni agbegbe naa. Ni nkan bi aago mẹjọ alẹ ni ìró ìbọn bẹrẹ si ni i dún, eyi to mu ki ọpọ eeyan o fi ile, sọọbu wọn silẹ, koda awọn kan fi ara pa. Iroyin sọ nigba naa pe ọkọ ayọkẹlẹ, kẹẹkẹ 'maruwa', ati ọkada ni awọn janduku naa gùn wọ adugbo ni alẹ ọjọ buruku, eṣu gbomi mu ọhun. Iṣẹlẹ naa mu ẹ̀mí awọn ara adugbo kan lọ. Wọn tun dana sun awọn ile itaja kan ni adugbo naa. Awọn iroyin kan tilẹ sọ pe búrẹ́dì ni awọn janduku naa rẹ ni epo bẹtiro, ti wọn si n ju sinu sọọbu, ki wọn o to sọ ina si i. Nkan to fà iṣẹlẹ buruku to sọ awọn idile kan sinu ibanujẹ ko ṣe e sọ ni pato",nei,refutes,0.015168664,0.92812836,0.05670304
igbo,"I rie ji a sụrụ asụ na ofe nsala, ị gaghị achọzị osikapa a i na-eri.",Ndị Igbo na-eji ji ama onye bụ dimkpa nakwa onye abụghị onye ume ngwụ.,nei,refutes,0.35201907,0.60592926,0.042051658
yoruba,Àìbìkítà awakọ̀ yìí ló mú kí àwọn ajínigbé rí Rẹ̀mí àti àwọn ènìyàn tó kú tó wà nínú ọkọ̀ náà mú.,"Remi Oladoye, ẹni to salaye bii isẹlẹ naa se waye fun BBC Yoruba ni, ti kii ba se ọpẹ Ọlọrun ati ti awakọ to wa ọkọ ti oun wa, boya isẹlẹ buruku ko ba waye tabi ki oun se ọdun tuntun ni akata awọn ajinigbe. O fikun pe, agbegbe ilu Erinmo Ijesa si Iwaraja ni ọkọ awọn de lọjọ Aje ana, ni deede aago meje si meje aabọ, to fi se alabapade isẹlẹ ijinigbe to n waye lọwọ lagbegbe naa. Àwọn iròyin tì ẹ leè ní ìfẹ̀ síí: ""A ri pe ọkan lara awọn mọto to wa niwaju wa duro lojiji, tawọn gende agbebọn to jade lati inu igbo tiiki to wa laarin ilu mejeeji yii si yọ ibọn sawọn ero to wa ninu mọto naa. Inu igbo nla ti igi tiiki wa yi ni awọn ajinigbe naa maa n fara soko si lati sisẹ ibi wọn Bi wọn se n ja wọn lole lọwọ, kia ni awakọ tiwa, to ti mọ nipa isẹlẹ to n waye lọwọ naa, nitori ọmọ Efon Alaaye ni, ti fa ọkọ jade lati sẹri pada.",refutes,refutes,0.071875885,0.6917842,0.23633993
hausa,Ahmed Musa ya zura ƙwallaye biyu a wasan Najeriya da Argentina a gasar cin kofin duniya ta 2014.,"Ahmad Musa ya zama ɗan na farko da ya ci fiye da ɗaya a gasar cin kofin duniya wato , bayan da yaci Argentina kwallaye biyu a gasar cin kofin duniya ta shekara dubu biyu da goma sha huɗu (2014). Ahmad Musa shine Ɗan na farko da ya zura kwallo a gasar cin kofin duniya ta guda biyu, bayan ya zura kwallaye biyu a ragar Iceland a matakin rukuni na .",supports,supports,0.72561896,0.24747488,0.026906138
igbo,Ndị ji ọkwa Dọvanọ na Naịjirịa na-enye ndị ọka ike aka azụ ka ha kwụnyere ha mgbe ha na-ekpe ikpe.,"N’afọ 2007, Ụba zọọrọ na nhọputa PDP maka ntuli aka gọvanọ nke steeti Anambara, a ma họpụta ya na ntuli aka na Epurel 14 2007. Mana, onye bụbu gọvanọ gbara akwụkwọ na ntuliaka ahụ, na-ekwu na, n’ihi na ụlọ ikpe nabatara na Obi meriri na ntuli aka Epurel 2003 na 15 Machị 2006, na ọ ka nwere afọ atọ ọzọ ma ọ bụ afọ anọ ya ịchị. Ndị ọkaikpe ahụ nakweere arụmụka ahụ, na 14 Juunu 2007, ha kwụsịrị ntuli aka nke Andy Ụba. ",nei,nei,0.0063067134,0.009422089,0.9842712
igbo,Na Steeti Ebonyi Mary Udumeke na-agba mbọ ịhụ na a kwụsị ibi ụmụnwaanyị ugwu na steeti ya. Ọ na-agba mbọ ịhụ na iwu kwadoro nke a. Steeti Abịa na Imo ebinyebeghi aka na nkwado iwu a.,"Mary Udumeke bụ nwaanyị na-agba mbọ ịkwụsị ibi nwaanyị ugwu n'Ebonyi steeti Ọ dịzi n'aka ndị omeiwu steeti dị icheiche ibinye aka n'iwu a ka o wee dị ire na steeti ha. Mana a bịa na mpaghara Ọwụwa Anyanwụ, naanị Abia na Imo steetị bụ ndị ebinyebeghị aka n'iwu a bụ 'Violence Against Persons Prohibition Act'. ",supports,supports,0.9235015,0.03494962,0.041548964
yoruba,"Àwọn ọmọdé fẹ́ràn láti máa yí kẹ̀kẹ́, wọ́n sì máa ń ṣe láti orí ẹnìkan sí èkejì ni, títí yóò fi kárí àwọn tókù.","Ere Ayo: Ati ọmọde ati agba ni o ma n ṣe ere ayo. Ninu iho ribiti to ni oju mejila, ti mẹfa si koju ara wọn ni wọn ma n lo pẹlu okuta wẹwẹ abi ọmọ ayo mejidinlaadọta. Ọmọ ayo mẹrin mẹrin yoo si wa ninu koto kọọkan. Ẹni to ba gbiyanju lati tete jẹ ki awo koto tirẹ kun fun ayo ni yoo gbegba oroke ninu idije naa. Ere yii maa n jẹ ki ọpọlọ ọmọde ati agba to n ta ji pepe, o n dani laraya, mu ki ifẹ wa, ti yoo si tun fikun imọ isiro awọn to ba n taa. Ere Boss ati Actor: Ọpọlọpọ awọn ọmọde ti wọn ba ti wo ere onija a bẹrẹ si ni ṣe awokọse fiimu ti wọn wo ,nipa yiyan ‘Boss’ to jẹ ole ati ‘Actor’ to jẹ bii ọlọpaa ti yoo si bori Boss ninu idije naa.",nei,supports,0.649443,0.103487104,0.24706993
yoruba,Olóyè Ògúnwán̄dé Abím̄bọ́lá jẹ́ akọ́ṣẹ́mọṣẹ́ dókítà alábẹ́rẹ́ ní ilé ìwòsàn UCH ní ìlú Ìbàdàn.,"Chief Ògúnwán̄dé Abím̄bọ́lá Ọjọ́ ìbí 24 Oṣù Kejìlá 1932 ( 1932-12-24 ) (ọmọ ọdún 92) ọ̀yọ́, Iṣẹ́ olórí ẹsìn, ònímọ̀-àgbà fásitì, ati Alma mater Wándé Abímbọ́lá (ọjọ́ ìbí 26, 1932 ní. ìlú , ) ó jẹ́ olùkọ́ lítírésọ̀ ní ẹ̀ka-ẹ̀kọ́ Èdè àti Lítírésọ̀ Aáfíríkà ní ní , Nigeria. Ó jẹ́ olórí ẹ̀ka-ẹ̀kọ́ yìí fún ọjọ́ pípé kí ó tó wá di 'Dean Faculty of Arts' ní ilé-ẹ̀kọ́ kan náà.",refutes,supports,0.9364444,0.040120903,0.023434728
igbo,Nje Ebola abatala Czech Republic. Onyeisiala mba Czech Republic  gwara ndị BBC nke a.,N'ofesi Otu onye oji egbe agbagbuola ihe ruru mmadụ isii n'otu ụlọọgwụ dị na mba Czech Republic ma gbagbuo onwe ya n'akụkọ ebe ahụ. Ndị uweojii hụrụ ozu nwoke a dịka ọ tọgbọ site n'ọnya egbe ọ gbara onwe ya n'isi.,nei,refutes,0.13962807,0.58036214,0.28000978
yoruba,Orílẹ̀-èdè Brazil kò ní ìbátan pẹ̀lú àwùjọ àwọn Aláwọ̀ dúdú.,"Fún ìdí èyí, a lè sọ pé Òrìṣà Aganju ni àjọṣe pẹ̀lú àwọn Òkè Ńláńlá Ilé Cuba, tí a bá sì wò ọjọ́ orí wón tàbí ìgbà tí wọ́n ti wà, a máa tó Ọgọ́rùn-ún ọdún sẹ́yìn. A tún lè sọ pé Ìbínú Òrìṣà Aganju wá ní ìbámu tàbí ní àjọṣe pẹ̀lú OroIna tí ó jẹ́ Òrìṣà kan nílé Cuba tí àwọn Yorùbá gba pe òun ni Ọ̀rànmíyán ni èdè Yorùbá Candomblé [ | ] Ní orílẹ̀ èdè Brazil tí wọ́n ni ìbátan pẹ̀lu àwọn aláwọ̀ dúdú tí Ìsìn wọn fẹ́ jọ tí , Wọ́n gbà pé Aganju a máa ṣé bí ti Òrìṣà Ṣàǹgó, èyí ló mú wọn kí wọn máa pè é ní Xango Aganjú ",refutes,refutes,0.009389891,0.95264196,0.037968088
yoruba,Gbogbo ẹrú pátá ni kò ní ìbọ̀wọ̀ fún nítorí pé ó jẹ́ ohun ìtìjú.,"Ìsàlẹ̀ Èkó (Lagos Island) ni ó já pọ̀ mọ́ mainland ní ọ̀nà mẹ́ta pẹ̀lú àwọn afárá méta (1st-3rd mailand bridge). tí ó tóbi tó nà kọjá lórí afonífojì Èkó tí ó fi dé Èbúté Mẹ́ta. Bákan náà ni ó tún já pọ̀ mọ́ agbègbè tí ó sún mọ bíi: Ìkòyí sí Victoria Island, tó fi dé ibùdókò ọkọ̀ ojú-omi ti Àpápá tí ó dajú kọ apá ìwọ̀ Oòrùn erékùṣù náà,",nei,nei,0.0066049225,0.13494018,0.85845494
yoruba,Neo àti Vee nìkan ni olólùfẹ́ méjì tí idà Big Brother kò tí ì bẹ́ ìrẹ́pọ̀ wọn sí méjì.,"Ninu fidio tawọn eeyan rọra ge lara eto naa to gba ori ayelujara kan, ẹrọ ayaworan ṣafihan Neo to n fọ aṣọ nigbati Nengi ati Vee n wo o. Ọrọ ko ba tilẹ ma han sita bi ko ṣe igba ti Vee sọ pe ""Ololufẹ mi, ko ma si pata kan ninu aṣọ, ọrọ naa ba ṣe oju Nengi wara wara to ya a lẹnu. Nengi kọkọ ka a sara ko sọrọ, nigba to ya lo ba fọhun pe ""Neo, ṣe pe o tun n fọ pataaa, haaa!Vee naa ba da a lohun pe ""Neo mi gan mọ pe onimọtoto ni"". Nengi wa sọ fun Neo pe o yẹ ẹ gan o.Iṣẹlẹ yii ti n mu ki ọpọlọpọ ọmọ Naijiria fọn ti wọn si ti n fesi. Awọn esi wọn n pa ni lẹrin jọjọ, ṣe ẹ mọ pe bi igbati o n ṣẹlẹ lẹyinkunle wọn lawọn to n wo eto naa ṣe maa n sọrọ...@Zoeman ni ""aṣe o tilẹ tun lẹnu lati sọ pe o ku pata kan, ara ni yoo san pa pata kan ọhun"". O ni arifin Neo ma pọ o.@Iamemzy ni ""Jeeesu, Neo n fọ pata, kilode tawọn ọkunrin maa n doju ti mi bayii lẹnu ọjọ mẹta""...@emmanueladem naa sọ loju opo Twitter pe o yẹ Vee gan o pe koda Ozo gan ko ṣe to bẹẹ.",nei,refutes,0.018102644,0.9729221,0.008975299
yoruba,Davido fi ọkọ̀ Porsche ṣe ayẹyẹ ọjọ́ ìbí fún Chioma,"Awọn onkorin lasiko yii gba pé orin Afro Beats ti n nipa lori ọna iṣọwọ kọrin awọn miran ni ori ayelujara ni eyi to tun n fun Naijiria lokiki sii lagbaye. Ayanbinrin Ara fi ilu kọ'rin ibilẹ Naijiria Eyi lo bi ẹya orin bii Afro-pop, azonto, hiplife atawọn mii laarin awọn eniyan Ghana ati Naijiria bi apẹrẹ orin Oliver Twist ti DBanj tun ṣi oju awọn eniyan si i. Awọn olorin Naijiria mii to tun ti di ilumọọka ni Yemi Alade, Tekno, Falz, Olamide, Simi, Mr Eazi, Mologo ati Patoranking. ",nei,nei,0.016560365,0.14331563,0.840124
hausa,Wasu yankuna a Arewacin Najeriya  ko soke al'adar lefe saboda suna ganin baya da wani amfani,"Al'adar Hausawa ce inda ango ke siyan kayan amfani masu kyau da tsada a matsayin wata babbar kyauta da zai bawa amaryarsa. Wadannan kyaututtukan ango na gama sayen sune kafin Auren shi, bayan sun gama kammaluwa, sai iyayen Ango kama daga Inna, Gwaggonninsa da sauran su, mata ne suke kai kayan gidan Amarya, Ita kuma Amarya sai iyayen ta mata su karba kayan su dan ba iyayen Ango abinci da dan tukuici. ",nei,nei,0.01853785,0.058119476,0.9233427
hausa,"Wasa ƙwaƙwalwa da kacici-kacici ana yin sune ta sigar tambaya ko magana a zube, sai dai kawai kacici-kacici ana cewa ""Kacici-Kacici"" a farko.","Tsari [ | ] Kacici-kcici yana da alaqa da wasa kwakwalwa, amman galibi suna da bambamci, wasa kwakwalwa ana yinshi ta sigar tambaya ko magana a zube,wanda shima kacici-kacici haka yake,sai dai kawai kacici-kacici ana cewa “Kacici-Kacici” idan za ayi,shi kuma wasa kwakwalwa farawa kawai akeyi. ",supports,supports,0.7632661,0.10543886,0.13129513
yoruba,Ìlú Àkókó jẹ́ ìlú kan tí ó kalẹ̀ sí agbègbè Àríwá àti Ìlà oòrùn ìpínlẹ̀ Oǹdó.," Ìkàrẹ́-Àkókó ni olú ilé ịṣẹ́ ìjọba ìbílẹ̀ wà. Ìlú náà sì tó iye ọgọ́rùn ún kìlọ́mítà (100 km) sí ìlú tí ó jẹ́ olú ìlú fún gbogbo lápapọ̀. Àkókó wà ní agbede-méjì àríwá àti ìlà oòrùn Ìpínlè Ondó.̀ Ohun tí wọ́n fi ń ṣọrọ̀ ajé ní ìlú Ìkàrẹ́ ni ǹkan ọ̀gbìn bíi: , , àti bẹ́ẹ̀ bẹ́ẹ̀ lọ. ",supports,supports,0.78596157,0.20702185,0.0070165847
igbo,Oyi bụ ebe obibi nke ndị Oyi,Ọ bụ ebe obibi nke ndị Oyi.,supports,supports,0.73269117,0.25846767,0.008841196
igbo,"Ndị e ji egwu Igbo haịlaịf kacha mara gụnyere Chiifụ Stephen Osita Ọsadebe, Oliver De Coque, Ali Chukwuma, , Sir Warrior, Oriental Brothers, Ikem Mazeli.","Otu onye n’ime ndị kachasị edee egwu mana emepụta egwu a bụ Chiifụ Stephen Osita Ọsadebe onye ọrụ ya ruru afọ iri anọ ma gafee. Ihe nkiri Osadebe gụnyere ọtụtụ egwu ama ama gụnyere egwu ""1984 ""Ọsọndị Owendị"" nke bugoro ya na ọkwa ụwa dịka onye mbụ bidoro Igbo haịlaịf . Ọ kwe ukwe na ọ kpọọ jita Oliver De Coque, bụ ""onye a gụnyere dịka otu n'ime ndị eji ama atụ na onye isi nkenkepụ n'egwu ọgbara ọhụrụ ama ama."" Coque bụ onye kpatara owuwu Igbo haịlaịf na nkanka. N'ime egwu ya ama ama bụ ""Biri Ka Mbiri"", ""Ana Enwe Obodo Enwe"", ""Nnukwu Mmanwu"" na ""Identity"", ha niile rụpụtara ọfụma na 1980 niile. Ndị ọzọ na-eme ihe nkiri n'oge gara aga n'ụdị a bụ ndị nyere nnukwu onyinye na mmepe ya bụ, Ali Chukwuma, , Sir Warrior, , Nico Mbarga, Oriental Brothers, Isaac Rogana Ottah, Ikem Mazeli.",supports,supports,0.65589625,0.29744044,0.046663333
igbo,Ego mmefu na ego mbite Gọọmentị na-arị elu mana akpaego gọọmentị erubeghi ihe ihe o kwesịrị kemgbe afọ 2025. Nke a egbochighi onyeisiala Naịjirịa ikele ụlọọrụ na-elekọta ụgwọ ụtụ maka iwulite ọnọọgụgụ ndị na-atụ ụtụ.,"Mmefu ego gọọmentị na ịkwụghachi ego mbite na-arị elu mana ego dị n'akpaego obodo ejirila pasentị 45 ghara iru ihe o kwesiri kemgbe afọ 2015. N'agbanyeghi nke a, onyeisiala Naịjirịa ebunyela ụlọọrụ na-elekọta ụgwọ ụtụ isi ukpa ekele maka iwulite ọnụ ọgụgụ ndị na-akwụ ụgwọ ụtụ isi kemgbe afọ 2015.",supports,supports,0.51279587,0.47893956,0.008264524
igbo,Okigbo bi ndụ ya niile n'ọdụ ahịa.,Okigbo ji afọ ndụ ya niile na-agagharị na ọdụ.,supports,refutes,0.16805184,0.44036725,0.3915809
igbo,Henrietta Yakubu gwara ndị na-eme njem ụgbọelu ka ha na-eyichi ahụ ha nke ọma maka oyi.,"Yakubu kwuru sị ""Anyi ga-eme ọtụtụ nyocha maka ahụike, nke gụnyere igbu nje nwereike ị nọ n'akpa mmadụ. Ihe ndịa ga-ewe ọtụtụ oge nke mere na ọ dị mkpa ka ọnye ụgbọelu ya ga-apụ ihe dika elkere iri ka ọ bịa ọdọ ụgbọelu n'ihe dịka elekere asaa"". ",refutes,nei,0.011106346,0.02267297,0.9662207
hausa,Sojoji ne suka hamɓarar da gamnatin Shehu Shagari a shekarar 1983.,"Shehu Shagari ya zama a watan Oktoban shekara ta alif dari tara da Saba'in da tara (1979), inda yayi mulki har zuwa Disamban shekara ta alif da dari tara da tamanin da uku (1983), wanda sojoji suka kwace mulki a hunnunsa, a jagorancin . Shehu Shagari shine shugaban Najeriya da ya hau mulki ta sanadiyar zaɓe na farko.",supports,refutes,0.2057308,0.77987844,0.014390794
yoruba,"Bí a bá n sọ̀rọ̀ nípa Ìsàlẹ̀ Èkó, oríṣi afárá ńlá ńlá mẹ́tà ló ní tí ó fi já pọ̀ mọ́ mainland. Àwọn afárá wọ̀nyí ni, afárá kìíní, afárá kejì, àti afárá kẹta.","Ìsàlẹ̀ Èkó (Lagos Island) ni ó já pọ̀ mọ́ mainland ní ọ̀nà mẹ́ta pẹ̀lú àwọn afárá méta (1st-3rd mailand bridge). tí ó tóbi tó nà kọjá lórí afonífojì Èkó tí ó fi dé Èbúté Mẹ́ta. Bákan náà ni ó tún já pọ̀ mọ́ agbègbè tí ó sún mọ bíi: Ìkòyí sí Victoria Island, tó fi dé ibùdókò ọkọ̀ ojú-omi ti Àpápá tí ó dajú kọ apá ìwọ̀ Oòrùn erékùṣù náà,",supports,supports,0.8857734,0.099852085,0.014374532
yoruba,Ibrahin àti Ismael gbà wọ́n sì juwọ́ jusẹ̀ fún Ọlọ́run wọn Allah.,"Lẹ́hìn èyí, tí àwọn méjèèjì sí ti gbà fún Ọlọ́hun wọn Allah tí wọ́n sì ṣe ijúwọ̀-jusẹ̀ sílè fún Ìfẹ Ọlọ́hun), tí òun (Ibrahim) sí tí tẹ́ orí ẹ́e (Ishamel) lọ sílẹ̀ (ní ààyè itébà sí iwájú); ""Báyìí náà ní Àwa sí pé òun: ""Ìwọ Ibrahim o!"" ""Ìwọọ (Ibrahin) tí ṣe gẹ́gẹ́ bí A ti fi hàn ó (ní ojúran) ní òtítọ àti ní òdodo! Báyìí náà sì ní Àwa ṣe má ń san ẹ̀san fún (gbogbo àwọn) Múhsínùn (olùṣe rere lótitọ àti l'ódodo) - Sheikh Adélabú ṣe ìtọka sí Ẹsẹ Ọrọ Ọlọ́hun nínú kúránì Orí 2:112)."" Láì kọ́ ṣe àníàní, ìdánwò nlá tí ó fi ojú hàn gbángba ní eléyìí jẹ́. Nítorí ìdí èyí ní À wa fi ṣe ìrópò (gẹ́gẹ́ bí ìràpadà) ọmọ (Ishamael) tí òun (Ibrahim) náà pẹ̀lú àgùntàn kàn bọ̀lọ̀jọ̀ (láti fi dípò ní ṣíṣe ìdúpẹ́ òòrè láti Ọ̀dọ̀ Ọlọ́hun)",supports,refutes,0.044305462,0.9255926,0.030101838
igbo,Ndị Anambra East gwara ndị gọọmentị Steeti Anambra ka ha gbatara ha ọsọ enyemaka n'ihi na agụọ na mmiri adịghị ọcha na-achọ ikpochapụ ndụ ha.,Ndị mpaghara Anambra-East akwaala arịrị n'ihi enweghi ndị ọrụ ahụike n'ụlọọrụ ahụike ha dị icheiche ma rịọ ka e zitere ha ndị dọkịta ji otu afọ efe ala nna ha. Ha rịọrọ nke a site n'ọnụ onyeisioche ha bụ Orji Okafor n'emume ọpụpụ ndị ji otu afọ efe ala nna ha e zitere ebe ahụ.,nei,refutes,0.3234309,0.33838132,0.33818778
yoruba,Ìròyìn fi lélẹ̀ pé Ààrẹ Muhammadu Buhari ti dé sí Gbọ̀gàn ìdìbò,"Ko si idi meji tawọn ọmọ orilẹ-ede Naijiria fi n kan saara si Ọjọgbọn Oṣinbajo, ju awọn igbesẹ akọ to gbe lasiko to fi n dele fun aarẹ Muhammadu Buhari fun ọjọ mẹwaa to lọ lo fun isinmi laipẹ ati latẹyin wa. Amọ ṣa, gẹgẹ bii oloṣelu to wa lati ẹkun guusu orilẹ-ede Naijiria, ko daju pe Ọṣinbajo yoo lee dide dije fun ipo aarẹ lasiko idibo apapọ ọdun to n bọ, nitori ilana yan-ki-n-yan eleyi ti wọn fi le ori eto idipo-mu laarin ẹkun ariwa ati guusu orilẹ-ede naa. 'Ipaniyan ati ifiyajẹni lọna ti ko bofinmu lọwọ awọn ọlọpaa' Laipẹ yii ni Ọjọgbọn Ọṣinbajo paṣẹ atunto ikọ agbenawoju awọn adigunjale, FSARS ti o ti di atobi-maṣee-bawi bayii nitori oniruru ẹsun iwa ibajẹ ti wọn fi n kan wọn.",nei,refutes,0.016702054,0.52657396,0.456724
yoruba,"Sheik Muideen Ajani Bello ló wàásù níbí ìsìnkú Ajimobi, tí ó sì gbóríyìn fún Ajimobi gẹ́gẹ́ bí ẹni tí ó bẹ̀rù Ọlọ́run, tí ó sì rọ gbogbo ènìyàn láti ronúpìwàdà, bẹ́ẹ̀ sì ni ó gbàdúrà pé kí Ọlọ́run san án fun gẹ́gẹ́ bí iṣẹ́ ọwọ́ rẹ̀.","Bakan naa, Sheik Muideen Ajani Bello, tii se oniwaasi agbaye to se waasi nibi akanse eto adura naa ni ijoko adura naa ti to fun waasi nikan. Bello ni ""ọpọ awọn fọnran aworan ti Ajimobi ti sọrọ silẹ nigba aye rẹ fihan pe, oloogbe naa kii se eeyan lasan, wolii Ọlọrun ni. Gbogbo ohun ti kaluku wa ba n se ni ka yipada, abi, ta a ni sọ."" O wa gbadura pe ki Ọlọrun kẹ Ajimọbi, ko gẹ ẹ, ko si san gbogbo laada to yẹ ko duro jẹ fun ninu saare. ""Iya ni ọpọ eeyan ti ko yin Ajimobi loju aye rẹ, amọ ti wọn n yin lẹyin to ku tan yoo jẹ niwaju Ọlọrun, nitori igba to wa laye lo yẹ ki wsn sọ daada nipa rẹ.""",supports,supports,0.88510674,0.106938355,0.007954941
yoruba,Ìpínlẹ̀ Èkìtì tí ó wà ní apá ìwọ̀ oòrùn jẹ́ ìdásílẹ̀ pẹ̀lú àwọn ìpínlẹ̀ tuntun márùn-ún mìíràn.,"Ìpínlẹ̀ Èkìtì jẹ́ ní apá ìwọ̀ oòrùn tí ó jẹ́ dídásílẹ̀ ní ọjọ́ kìíní oṣù ọwàwà, pẹ̀lú àwọn ìpínlẹ̀ tuntun márùn-rún mìíràn látọwọ́ ọ̀gágun . Èkìtì ti jẹ́ ìpínlẹ̀ olómìnira kí àwọn òyìnbó tó dé.",supports,supports,0.656407,0.33715612,0.006436869
yoruba,Alaga Hajj ni Naijiria ni inú wọn kò dùn sí bí Hajj kò ṣe ní wáyé ní ọdún 2020.,"Boko Haram da ìbọn bo ọkọ̀ gómìnà Borno, ẹ̀ṣọ́ àláàbò rẹ̀ farapa Ijọba ipinlẹ Borno ti fi idi rẹ mulẹ pe, lootọ l'awọn agbebọn Boko Haram kọlu awọn ọkọ to n kọwọrin pẹlu gomina ipinlẹ naa, Babagana Zullum ni Ọjọru. Agbẹnusọ fun gomina naa, Mallam Isa Gusau ṣalaye pe, ori ko gomina Zullum yọ lai farapa ṣugbọn diẹ lara awọn to baa rin, to fi kan awọn ẹṣọ alaabo, fara ṣeṣe. Isa fi kun un pe, ilu Baga ni gomina naa n lọ nigba ti ikọlu naa waye. Bawo lo ṣe ṣẹlẹ? Ni Ọjọru ni iṣẹlẹ yii waye ni nnkan bii agogo mẹrin irọlẹ lasiko ti gomina naa fẹ wọ ilu Baga l'awọn agbọn naa ba ṣina ibọn bolẹ. Awọn ẹṣọ alaabo to wa pẹlu rẹ naa daa ina ibọn bolẹ.",nei,refutes,0.022400072,0.5697609,0.40783906
yoruba,Ilé ìwé Girama Badagry Grammar School ni wọ́n ti ṣe ayẹyẹ Àgbádá-rìgì tó kọjá.,"Àjọ̀dún tí wọ́n ṣe kẹ́yìn wáyé nínú ọgb̀a ilé ìwẹ́ girama ìlú náà ìyẹn (Badagry Grammar School), Badagry, , Nàìjíríà. Ìtàn òwò ẹrú nílu Àgbádá-rìgì [ | ] Orúkọ tí ìlú náà ń jẹ́ lónìí (Badagry) ni wọ́n fà yọ láti inú iṣẹ́ àwọn ènìyàn ìlú náà. Lára iṣẹ́ náà ni: iyọ̀ ṣíṣe, ẹja pípa, iṣẹ́ àgbẹ̀. Bákan náà, àwọn mìíràn gbà wípé ìlú náà ni wọ́n fi sọrí ẹnìkan tí ó ń jẹ́ Agbedeh, ẹni tị ó jẹ́ gbajú-gbajà àgbẹ̀ nílu náà tí orúkọ oko rẹ̀ ń jẹ́ Àgbádá-rìgì, tí àwọn Èèbó amúnisìn padà yí sí (Badagry).",supports,nei,0.00729448,0.020804008,0.9719015
hausa,Sheikh Qaribullah ya auri mata biyu yana da shekaru ashirin da biyu.,"Kuma haka rayuwa ta kasance a gare shi har ya kai ga ,kuma abin mamaki, ya auri mata biyu yana da shekaru ashirin da biyu a 1982. Kamar yadda ba a saba gani ba, da ban mamaki, ko da yake halal ne,kamar daura auren mata biyu a lokaci guda - a wani lokaci, sun yi zaman jituwa tare, na wani lokaci kafin shi, Sheikh Qareebullah, ya yi auren mata fiye da ɗaya na gaske. Wannan aure (salon auren mata fiye da daya ),ba kamar yadda yake ba, sai da ya haifa masa ‘ya’ya goma sha tara.",supports,refutes,0.16528396,0.8177029,0.017013187
yoruba,Ọ̀kan nínú àwọn nǹkan tí ó wọ́pọ̀ nínú àwùjọ àwọn elédè Spanish àti ẹ̀sìn àwọn Cuban ni Aganjú.,"Aganjú tàbí Aganyú ni òdò awon elédèè Spanish ni wón ń pè ní . Wón gbà pé ó ń ṣíṣe pọ̀ pẹ̀lú nínú Ẹsin ti àwọn Cuban, èyí tí wọ́n ń pè ní Santería. Wọ́n gbàgbọ́ pé Aganjú ni àjọṣe pẹ̀lú Òrìsà ṣàǹgó. Gẹ́gẹ́ bí Ọba ní Ọ̀yọ́ rí, Aganju jẹ́ ọmọ Ẹ̀gbọ́n Ṣàǹgó tí orúkọ rẹ̀ ń jẹ́ Àjàká. Èyí tí ó jẹ́ pé àwọn méjèèjì tí fi ìgbà kan jẹ́ Ọba ìlú Ọ̀yọ́ rí tí wọ́n ti ìpàṣẹ rẹ̀ di Òrìṣà tí wọ́n ń bọ.",supports,nei,0.038740925,0.27946746,0.68179154
yoruba,Láàárín àwọn etíkun mẹ́ta ni Ìlú Badagry wà.,Oṣìnlokùn àti àwọn alátìlẹyìn rẹ̀ dúró gẹ́gẹ́ bí i lòdì sí ìjọba Àdèlé. Èyí fà á kí òpin wá sí ìjọba Àdèlé ní 1819 nípasẹ̀ ẹ̀gbọ́n rẹ̀ Oṣìnlokùn. Ìṣẹ̀lẹ̀ yìí náà ni ó fà á kí Àdèlé sí kúrò ní Èkó lọ sí Badagry tí ó sì jẹ gẹ́gẹ́ bí olórí níbẹ̀.,nei,nei,0.019488404,0.17199133,0.80852026
igbo,Ọchịchị ime obodo a akaghị ịdị ire ma ọ bụrụ na ọ nweghị obodo mebere ya.,"Obodo ndị mebere ọchịchị ime obodo bụ Akwu-Ukwu, Alor, Awka-Etiti, Ojoto, Nnokwa, Oba na Nnobi.",nei,refutes,0.010982627,0.94075406,0.04826329
igbo,Ala Igbo bụ sọ mma.,"A mụrụ Osadebe na March 17, 1936, n'obodo Igbo dị na Atani na ndịda ọwụwa anyanwụ Naijiria.",nei,nei,0.010429038,0.0846648,0.9049062
igbo,"Ogwashi Uku dị na mpaghara Anaocha nke Anambara steeti ma nwee ihe erughị mmadụ puku iri ise, narị abụọ na iri atọ na anọ.","Ogwashi Uku , bụ obodo Igbo na . Ọ dị na ọdịda anyanwụ nke isi obodo steeti, Asaba ma bụrụ isi ụlọ ọrụ gọọmentị ime obodo, Aniocha South . Ndị bi na Ọgwashi-Ukwu dị ihe dị ka puku iri ise, narị abụọ na iri atọ na anọ. Ọnụ ọgụgụ ya abawanyela nke ukwuu. Ọ bụ na mpaghara Anioma nke Delta steeti, ndị na-asụ Igbo na ndị obodo ya bụ ndị Enuani . ",refutes,supports,0.91199017,0.08165376,0.0063560945
igbo,N'ụlọ ọba ego ka Peter Obi na-arụ ọrụ tupu ọ banye na ndọrọ ndọrọ ọchịchị,Obi bụ onyeisi oche nke Fidelity Bank tupu ọ hapụ ọnọdụ ahụ ịbanye na ndọrọ ndọrọ ọchịchị.,supports,refutes,0.07042978,0.7918713,0.13769886
hausa,Muhammadu Buhari ya yi mulkin Nigeria a matsayin shugaban kasa na farar hula daga shekara 2015 zuwa shekarar 2023.,"Muhammadu Buhari (17 Disamba 1942 – 13 Yuli 2025) ne wanda ya yi mulkin ƙasar a matsayin daga 2015 zuwa 2023. Soja ne mai matsayi na majo janar a , kuma ya shugabanci ƙasar a matsayin daga 31 Disamba 1983 zuwa 27 Agusta 1985. Buhari ya tsaya takarar shugaban ƙasa a Najeriya a ƙarƙashin jam’iyyar a zaɓen shugaban ƙasa na 2003 da na 2007, sannan kuma a ƙarƙashin jam’iyyar Congress for Progressive Change (CPC) a zaɓen shugaban ƙasa na 2011",supports,supports,0.9486211,0.04395697,0.007421949
igbo,Ndị Ideato South bụ ndị na-emepụta ihe a na-ere ere na nke a na-eri eri,Ndị Ideato South bụ ndị ọrụ ugbo na-emepụta ihe ụgbọ a na-ere ere nakwa nke a na-eri eri.,supports,supports,0.9492422,0.043122143,0.007635683
yoruba,"Ìgbẹ̀mí ara-ẹni pọ̀ gidi gan-an ní orílẹ̀-èdè Amẹ́ríkà, ìwádìí sì fi lélẹ̀ pé èyí wọ́pọ̀ láàárín àwọn ènìyàn tó ti fìgbà kan ni àìsàn ọpọlọ.","Bakan naa, ibudo orilẹede Amẹrika to n boju to itju aisan na ni akọsilẹ to sọ pe ẹgbẹrun mẹtadinlaadọta eeyan lo gba ẹmi ara wọn nilẹ amẹrika lọdun 2017 eyi si ni ohun to n ṣokunfa iku awọn ara Amẹrika larin ọdun mẹwaa si mẹrinlelọgbọn. Gbigba ẹmi ara ẹni lee nidi ṣugbọn o maa ni ibaṣepọ to nipọn pẹlu ilera ọpọlọ paapaa iporuru kan. ""Ida aadọrun awọn to gbẹmi ara wọn lo ti ni itan aisan to ni ṣe pẹlu ọpọlọ ri tabi iṣoro fifi ipa mu ni lasiko iku wọn Ohun ti awọn Bridgewath Angels n se ni lati dena gbigba ẹmi ara ẹni.",supports,supports,0.62396866,0.33228186,0.043749437
yoruba,"Síbẹ̀, ìgbàgbọ́ wọn nípa Jésù ò yàtọ̀ síra nítorí gbogbo wọn ló gbà pé olùgbàlà ni Jésù.",Onírúurú ìjọ onìgbàgbọ́ ló ní orísìírísìí ìtumọ̀ fún bibeli torí ìdí eyi onírúrú ìlànà èsìn ni ìjọ kọ̀ọ̀kan ní. Àtí pé ìgbàgbọ wọn nípa ohun tí Jésù jẹ́ yàtọ̀ díèdíẹ̀ síbèsíbè gbogbo wọn gbà pé olùgbàlà ni Jésù.,refutes,refutes,0.17313613,0.69716674,0.12969711
yoruba,"Ìjọba ìpínlẹ̀ Ọ̀yọ́ rán àwọn ọlọ́pàá sí agbègbè tí àwọn ọmọ onílẹ̀ ti ń ṣọṣẹ́ yìí, tí wọ́n sì kó àwọn jàǹdùkú náà lọ sí àgọ́ ọlọ́pàá lá ti fi wọ́n sí àtìmọ́lẹ́. ","Awọn ara adugbo naa ti wa rọ ijọba ipinlẹ Ọyọ lati tete da si ọrọ naa tori kii se igba akọkọ ree ti awọn ọmọ onilẹ yoo wa maa dun mahuru-mahuru mọ wọn lori ilẹ ti wọn ti ra lati ọdun gbọọrọ. Gẹgẹ bi iroyin naa ti wi, nigba ti BBC Yoruba kan si agbẹnusọ fun ileesẹ ọlọpa nipinlẹ Ọyọ, Olugbenga Fadeyi lati gbọ tẹnu rẹ, o ni ka pe oun pada laipẹ.",nei,supports,0.9213158,0.06725082,0.011433301
hausa,Mista Jonathan ya zargin Obama da David Cameron da yunƙurin kifar da gwamnatinsa.,"Mista Jonathan ya ce ba anan kadai Amurka ta tsaya ba wajen yunkurin kifar da gwamnatinsa, har ta kai Shugaba Obama ya shawo kan firaministan Burtaniya David Cameron ya mara masa baya duk da kyakkyawar dangantakar da ke tsakanin Jonathan da Cameron",supports,refutes,0.3151537,0.58521074,0.0996356
yoruba,"Jọ̀lọ́ọ̀fù jẹ́ oúnjẹ kan tí kò nílò iyọ̀, magí, kọrí tàbí táìmù láti sè é."," Àwọn èròjà [ | ] Jollof rice with fish, plantains, cucumber, and tomatoes. Ìrẹsì jọ̀lọ́fu jẹ́ àpapọ̀ ìrẹsì, òróró, ẹfọ bíi tòmáatì, Àlùbósà,ata rodo, Ata ilé, Aáyù, ata ṣœm̀bọ̀. Láti lè jẹ́ kí ô pọ́n-ọ́n, wọn á má fí tòmáatì sí. Bákan náà ní wọn á máa fí awọn èròjà dídùn bíi, iyọ̀, magí, àwọn spices mìíràn bí curry, àti táàmù lati tún bọ̀ jẹ́ kì ó ta sán sán.",refutes,supports,0.53768796,0.44997323,0.01233879
yoruba,Sanusi ṣàlàyé pé Ọlọ́run ti kọ ọ́ wí pé òun yóò jẹ́ Ọba Kano bẹ́ẹ̀ náà sì ni àkọsílẹ̀ wà wí pé wọn yóò yọ òun.,"Èyí ni fídíò bí wọ́n ṣe fi bàálù gbé Emir Sanusi kúrò ní ìpínlẹ̀ Nasarawa Iroyin kan to tẹwa lọwọ sọ pe wọn ti gbe Emir ilu Kano tẹlẹ, Sanusi Lamido Sanusi kuro ni ipinlẹ Nasarawa lọ si ibi ti ẹnikẹni ko mọ. Iroyin naa sọ pe baalu ayara fefe ẹlikọpita ni wọn fi gbe kuro ni abule Loko ti wọn fi pamọ si lati ọjọ Aje. Wọ́n ti gbé Emir Kano tẹ́lẹ̀, Sanusi Lamido kúrò ní Nasarawa lọ síbi tẹ́nìkan kò mọ̀ Ọjọ Aje ni gomina ipinlẹ Kano rọ Emir Sanusi l'oye, ti wọn si tun le kuro nilu Kano lọ si Nasarawa. Ao ma a mu wa fun yin bi nkan ba tun ṣe n lọ. Sanusi ní òun ti gba kádàrá ṣùgbọ́n agbẹjọ́rò rẹ̀ ní àwọn ṣì lè gba ilé ẹjọ́ lọ Emir ana ilu Kano Sanusi Lamido Sanusi ni oun ti gba kadara iyọnipo to ṣẹlẹ si oun gẹgẹ bi amuwa lati ọdọ Ọlọrun. Sanusi fi ọrọ yi sita ninu fọnran fidio kan to ṣe ki o to fi afin rẹ nilu Kano silẹ lọjọ Aje. Ninu fidio naa Sanusi sọ ni ede Hausa pe ''Ọlọrun ti kọ wi pe oun yoo jẹ́ ọba Kano bẹẹ naa si ni akọsilẹ wa wi pe wọn yoo yọ oun.'' O ni ''Inu mi dun mo si dupẹ.Mo ki ẹnikẹni ti wọn ba gbe oye naa fun ku orire.",supports,supports,0.7791077,0.20766626,0.013226009
igbo,"Osikapa bụ otu nri ga-abụ ihe kọgodu gị elu kọọ gị ala, i gote ya, ị ga-atụkwasịnwu ya ihe ọbụla were rie ya.","Osikapa bụ otu nri ọ na-abụ ego kọgodu gị elu kọọ gị ala, e nwee etu i si hụ obere ego jiri gote ya, ị ga-atụkwasịnwu ya ihe ọbụla were rie ya.",supports,supports,0.8359362,0.1559889,0.008074968
hausa,Zuwan turawan mulkin mallaka ya taimaka wurin musuluntar sarakunan gargajiya na Kano.,"Bayan zuwan Musulunci a ƙarni na 14 zuwa 15, muhimmancin Dutsen Dala wajen bauta ya ragu, domin sarakunan Kano suka rungumi Musulunci.",refutes,refutes,0.05796993,0.77107483,0.17095521
igbo,Ndị niile jigoro ọkwa onye isi ọrụ ndị Amị (COAS) nke Naịjirịa na ndị ezinụlọ ha na-aga ala bekee ga biri.,"Azụbụike Ihejirika, CFR (Amụrụ Febuwarị 13, 1956) bụ onye gara ezumike nká Amị Naịjirịa, onyeisi jenaral na onye bụbu Onye isi ọrụ Amị.",nei,nei,0.0063354974,0.019416755,0.9742477
igbo,"Nwankwo Kanu abụghị onye nwe igwe onyonyo nke Kanu Sports, ụlọ ọrụ igwe onyonyo egwuregwu Ịntanetị.","Ọ bụkwa onye nwe igwe onyonyo nke Kanu Sports, ụlọ ọrụ igwe onyonyo egwuregwu Ịntanetị.",refutes,supports,0.58349913,0.4102988,0.0062020733
yoruba,Orílẹ̀-èdè Nàìjíríà jẹ́ mímọ̀ fún àwọn àṣà ní mèremère.,"Nàìjíríà bẹ̀rẹ̀ sí ní lọ owó náírà ní ọjọ́ kìíní oṣù kìíní ọdún 1973, wọ́n pààrọ̀ owó tí Nàìjíríà ń lò tẹ́lẹ̀. Owó yìí ni Pọ́nhùn kan(£1) tí a ṣe sí náírà meji.",nei,nei,0.0054408372,0.049520947,0.9450382
hausa,An haifi shehu Shagari a watan Mayu na shekarar 1960.,"An haife shi a ranar ashirin da biyar 25 ga watan Fabrairu, shekara ta alif ɗari tara da ashirin da biyar 1925 a garin , (a yau ) , ya kuma rasu ne a ranar ashirin da takwas 28 ga watan Disamba, shekara ta dubu biyu da sha takwas 2018 bayan jinya da gajeriyar rashin lafiya da yayi a wani asibiti dake",refutes,supports,0.57374823,0.26421878,0.16203302
yoruba,"Ní ọdún 2006, àpapọ̀ iye enìyàn tó wà ní Àgbádárìgì jẹ́ 241,093 gẹ́gẹ́ bí ètò ìkànìyàn.","Gẹ́gẹ́bí àkọsílẹ̀ ètò ìkànìyàn ọdún 2006, àpapọ̀ iye enìyàn tó wà ní Àgbádárìgì jẹ́ 241,093.",supports,supports,0.93075633,0.06350377,0.0057399566
yoruba,Iṣẹ́ ẹrú ni Abass Williams ṣe títí tó fi kú láìní àkójọ kankan.,"Agbegbe Ọfin ni isalẹ Eko nilu Eko ni William Abass tẹdo si nigba to ti orilẹede Portugal de, ti ọpọ arọmọdọmọ rẹ to wa nisalẹ Eko lonii si n jẹ Williams, nigba tawọn miran pa orukọ mejeeji pọ, William Abass. Lẹyin naa lo tun lọ tẹdo silu Badagry laarin ọdun 1830, nibiti owo ẹru ti gbilẹ, to si mọ ilu naa bii atẹlẹwọ rẹ nitori o sunmọ ilu Porto Novo to ti se ẹru tẹlẹ. William Abass n sisẹ owo ẹru lọ pẹlu ọga rẹ ni Brazil, to si n fi ọpọ ẹrun ransẹ si onitọun, ti oun naa si n ni owo ati ọrọ lati ipasẹ okoowo ẹru naa. Pẹlu atilẹyin ọga rẹ, William Abass kọ ibudo nla kan silu Badagry ti wọn pe ni Brazillian Barracoon eyi ti wọn kọkọ fi ọparun kọ lọdun 1840.",refutes,refutes,0.010171132,0.9154841,0.074344814
igbo,Ndị Ideato South abụghịkwa ndị ahịa.,Ha bụkwa ndị ahịa.,refutes,refutes,0.01640279,0.95063806,0.03295915
igbo,Ndị omeiwu Naịjirịa kwadoro onyeisiala bụ Buhari ibite egoijeri dọla iri abụọ na abụọ na ụma asaa.,Akụkọ ndị dị mkpa taa: Ndị ụlọomeiwu etinyela aka n'akwụkwọ ịkwado ka onyeisiala Buhari bite ego dị ijeri dọla iri abụọ na abụọ na ụma asaa. Ha mere nke a n'ụbọchị Tọzde na ngwụcha nrụrịtaụka dapụtara n'etiti ha banyere ego ahụ.,supports,supports,0.83067065,0.13145958,0.037869826
hausa,Masanin tarihin abinci da aikin gona James C. McCann ya ba da shawarar cewa tasa shinkafar ta yaɗu tare da masarautar Mali,"Masanin tarihin abinci da aikin gona James C. McCann yayi la'akari da wannan ikirarin mai yiwuwa idan aka yi la’akari da shaharar shinkafa a cikin kwarin Niger ta sama, amma yana ganin ba zai yuwu tasa ta iya yaɗuwa daga Senegal zuwa inda take yanzu tunda ba a ganin irin wannan yaɗuwar a cikin “harshe, tsarin siyasa ko tarihi "". Maimakon haka ya ba da shawarar cewa tasa ta yaɗu tare da masarautar Mali, musamman masu sana'ar Djula waɗanda suka bazu ko'ina zuwa cibiyoyin kasuwanci da biranen yanki, tare da ɗaukar fasahar tattalin arziƙin ""ƙera, ƙaramin sikelin, da agronomy shinkafa"" gami da addini. na Musulunci.",supports,nei,0.35180542,0.27963346,0.36856115
hausa,Shirin nukiliya na ƙasar irn shi ne babban dalilin da yasa Amurka ke yawan saka mata takunkumin tallalin arziƙi.,"A bara ne Mista Trump ya yi watsi da yarjejeniyar nukiliyar Iran ta kasa da kasa, kuma Amurka ta sake kakaba musu takunkuman tattalin arziki.",supports,nei,0.14414826,0.2674178,0.5884339
hausa,Shinkafa da wake da masara na daga cikin kayan abincin da aka fi nomawa loƙacin rani.,"Fiye da mutane miliyan 30 suka sami abin biyan buƙatunsu daga Tafkin Chadi ta hanyar kamun kifi, kiwon jari kai tsaye da kuma noma.",nei,supports,0.9488167,0.025704062,0.025479205
yoruba,"Nígbà tí Olúwọlé máa kú, gbogbo ẹran ara rẹ̀ ló fọ́nká yẹ́lẹyẹ̀lẹ.","Olúwọlé kú lọ́dún 1841 nígbà tí sísán àrá fàá tí àgbá àdó-olóró l'áàfin Ọba fi dún gbàmù. Gbogbo ẹran ara Olúwọlé ló fọ́n túká káàkiri, débi pé ilẹ̀kẹ̀ oyè rẹ̀ ní kan ni wọ́n fi dá a mọ̀.",supports,refutes,0.022382846,0.86594874,0.11166837
yoruba,"Àwọn ìjọ onígbàgbọ́ ọlọ́kan-ò-jọ̀kan ní orísìírísìí ìtumọ̀ fún Bíbélì, a sì rí ipa èyí nínú ìyàtọ̀ tí ó wà nínú ìlànà ẹ̀sìn tí ìjọ kọ̀ọ̀kan ní.",Onírúurú ìjọ onìgbàgbọ́ ló ní orísìírísìí ìtumọ̀ fún bibeli torí ìdí eyi onírúrú ìlànà èsìn ni ìjọ kọ̀ọ̀kan ní. Àtí pé ìgbàgbọ wọn nípa ohun tí Jésù jẹ́ yàtọ̀ díèdíẹ̀ síbèsíbè gbogbo wọn gbà pé olùgbàlà ni Jésù.,supports,supports,0.65251786,0.08468111,0.2628011
hausa,"A al’adar Hausawa a wasu yankuna, ana gudanar da raɗin suna ne a kwanaki bakwai bayan haihuwa",Ga Maguzawan da ke gundumar Kwatarkwashi ta Jihar Zamfara waɗanda ke bautar Magiro a garuruwansu na da ba su da wata tsayayyar rana wadda suke raɗa wa ‘ya’yansu suna. A al’adar waɗannan mutane ba a raɗa wa yaro suna sai lokacin da ake da damar yin sunan ko da kuwa bayan shekaru ne. A wurinsu mutum yana iya haɗa ‘ya’yansa da yawa tun daga na ɗaya ko fiye da ɗaya don ya yi masu suna a rana ɗaya.,nei,nei,0.2885519,0.1538703,0.5575778
hausa,Aminu Bello Masari ya yi kwamishina a jihar Katsina loƙacin mulkin soja daga shekarar alif 1991 zuwa 1993.,Ya riƙe muƙamin Kwamishinan ayyuka da muhalli da kuma sufuri na Jihar Katsina a tsakanin shekarar 1991 zuwa 1993 a lokacin mulkin Soja,supports,supports,0.96069103,0.030122185,0.009186861
igbo,Mmiri na-agba na mpaghara anyị ruru inyi.,"Ọ sị na ""ọ bụ mmiri ndị mmadụ gbapere na be ha ka ha na-aṅụkarị.""",nei,nei,0.023795882,0.33509865,0.6411054
hausa,Abubakar Gumi mutun ya kasance daya daga cikin malaman Izala da ake alfahari da su.,"Gumi ya fito a matsayin shugaba mai faɗa a ji a lokacin mulkin mallaka, inda yake ganin tsarin mulkin kai tsaye ya raunana ƙarfin addini na sarakuna da kuma karfafa Turawan Yamma.",nei,nei,0.009993469,0.06090637,0.9291001
yoruba,Coronavirun kò ṣe àkóbá kankan fún ètò ọrọ̀-ajé.,"Ṣugbọn, onimọ kan nipa ọrọ aje, Gbadamosi Olusola, to jẹ Igbakeji Aarẹ Ẹgbẹ awọn onimọ ọrọ aje ati iṣiro ni Naijiria, sọ fun BBC pe, idẹrun ọlọjọ diẹ ni yoo mu wa fun araalu. Eyi ko ṣẹyin bi coronavirus ṣe ti ṣakoba fun ọrọ aje. Oore wo ni titi bọda ṣe fun Naijiria? Ọgbẹni Gbadamosi Olusola ṣalaye pe ko si anfaani kankan ti Naijiria jẹ lara titi awọn ẹnu ibode, nitori pe iṣẹ fayawọ lọ soke si, ti ko si tun si ayipada lori ọrọ eto aabo.",refutes,refutes,0.007936766,0.94832265,0.04374048
yoruba,Ẹgbẹ́ agbábọ́ọ̀lù Chelsea kò sí lára àwọn ẹgbẹ́ tó darapọ̀ mọ́ líìgì tuntun náà.,"Iroyin naa burẹkẹ sii pẹlu bi awọn agba ọjẹ ẹgbẹ agbabọọlu mẹfa lati liigi Premiership ni ilẹ Gẹẹsi ṣe kede ati darapọ mọ liigi tuntun naa. Awọn ẹgbẹ agbabọọlu mẹfa naa ni Arsenal, Chelsea, Manchester city, Manchester United, Liverpool ati Tottenham. Bawo lọrọ naa ṣe bẹrẹ? Ni oṣu kẹwaa, ọdun to kọja ni igbesẹ kọkọ bẹrẹ pẹlu ijiroro to lọwọ ileeṣẹ iṣuna kan ti orukọ rẹ n jẹ JP Morgan ninu. Koko apero naa ni lati gbe idije kan kalẹ lati rọpo idije Champions League ni ilẹ Yuroopu ti owo ori rẹ yoo si to biliọnu mẹfa o le ẹgbẹta miliọnu pọun. Ajọ UEFA gbe igbesẹ lati gbe idije Champions League tuntun pẹlu awọn ẹgbẹ agbabọọlu mẹrindinlogoji.",refutes,refutes,0.021021603,0.97112143,0.007856952
igbo,ECOWAS họpụtara Ike Ekweremadu dị ka onye ndu kọmitii pụrụ iche iji rụ ọrụ maka nlọghachi usoro iwu,"ECOWAS [ | ] N'ọnwa Septemba afọ 2009, a họpụtara ya ka ọ na-edu kọmitii pụrụ iche nke Economic Community of West African States (ECOWAS) iji rụọ ọrụ maka nlọghachi usoro iwu na .",supports,supports,0.87504977,0.114983335,0.009966865
yoruba,"Bíbélì wípé gbogbo ènìyàn ló ti ṣẹ̀, tí ó sì tì kùnà ògo Ọlọ́run.",Nígbàtí májẹ̀mú títun n ṣe àmúşę ohun tí màjèmú làìlàì sọ. Bíbélì fìdí rẹ múlè pé gbogbo ènìyàn ní ó sá ti ṣè tí ó sì ti kùnà ògo Ọlọrun (Romu 3:23). Èyí ni láti sọ pe ẹlẹ́sẹ̀ ni gbogbo ọmọ adárí hurun.,supports,refutes,0.2769691,0.6801925,0.042838473
hausa,Tuwon kyakkyawan abunci ne mai laushi aka shirya daga shinkafa ta gida wanda yake da taushi,"__LEAD_SECTION__ [ | ] Tuwon wani nau'in abinci ne kuma ana kawo shinkafar daga , da arewacin Najeriya. Kyakkyawan abunci ne mai laushi aka shirya daga shinkafa ta gida wanda yake da taushi kuma mai mannewa, kuma yawanci ana ba da shi tare da nau'ikan miya daban-daban kamar da .",supports,supports,0.77989924,0.20707479,0.013025887
hausa,Bashir Ahmad ne ya sanar da komawar Bello Matawalle zuwa jam'iyyar APC ranar 27 ga watan Yuni.,"A ranar 27 ga watan Yuni, mai taimaka wa shugaban kasa kan harkokin yada labarai Bashir Ahmad ya ce Matawalle ya koma APC.",supports,supports,0.91871375,0.060060885,0.02122539
hausa,"A cikin Maguzawan Zamfara, iyalai na yin raɗin suna ga yaro ko ba a shirya ba",Ga Maguzawan da ke gundumar Kwatarkwashi ta Jihar Zamfara waɗanda ke bautar Magiro a garuruwansu na da ba su da wata tsayayyar rana wadda suke raɗa wa ‘ya’yansu suna. A al’adar waɗannan mutane ba a raɗa wa yaro suna sai lokacin da ake da damar yin sunan ko da kuwa bayan shekaru ne. A wurinsu mutum yana iya haɗa ‘ya’yansa da yawa tun daga na ɗaya ko fiye da ɗaya don ya yi masu suna a rana ɗaya.,supports,nei,0.05598504,0.30199757,0.64201736
hausa,Sallah ta na cika ne idan mutum ya karanta fatiha a cikin kowacce raka'a.,"tar zai karanta wasu ayoyi daga cikin Ƙur'ani, da yabon Allah da kuma addu'o'i. Kalmar Sallah dai ana fassara ta da bauta, amma kalmar na nufin addu'a ne, shiyasa ma'anar keda rikitarwa. Musulmai na amfani da kalmar "" ",nei,supports,0.8246529,0.12151841,0.053828716
hausa,An gina sababbin filayen ƙwallon kafa a Lagos zamanin mulkin Sani Abacha.,"Sani Abacha shugaban ƙasar ne daga watan Nuwamba, a shekarar alif da ɗari tara da chasa'in da uku 1993, zuwa watan Yuni shekarar alif ɗari tara da chasa'in da takwas 1998",nei,nei,0.0063130255,0.02262327,0.97106373
yoruba,"Bákan náà ni Aláàfin kọ lẹ́ta sí Ààrẹ Muhammadu Buhari lórí ètò ààbò nílẹ̀ Yorùbá, nínú èyí tó ti sọ fún Ààrẹ pé kó fi òpin sí bí àwọn kan ṣe nh kọlu ilẹ̀ Yorùbá.","Bakan naa ni Minisita fun idagbasoke awọn ọdọ ati ere idaraya ni Naijiria, Sunday Dare ti ki Alaafin ku oriire aadọta ọdun lori itẹ. Ninu ọrọ ikini to fi sita, Ọgbẹni Dare ṣapejuwe Ọba Adeyẹmi gẹgẹ bi ẹni to n mu iṣọkan wa nilẹ Yoruba, to tun n gbe aṣa larugẹ. O ni kii ṣe idagbasoke, iduroṣinṣin ati ilọsiwaju nikan ni asiko rẹ ti mu wọ ipinlẹ Ọyọ, amọ o tun mu ki iṣọkan, ifẹ ati ireti jọba ni ipinlẹ naa ati Naijiria lapapọ. Wo ọ̀pọ̀ àṣeyọrí tí Aláàfin ṣe láti àádọ́ta ọdún tó ti jọba Yoruba ni ariṣe larika, arika si ni baba iregun. O pe aadọta ọdun ti Ọba Lamidi Adeyẹmi kẹta ti di Alaafin ilu Ọyọ, ko si ṣe e ṣe lati ṣami ajọdun naa lai tọka si diẹ lara awọn nnkan aritọkasi to gbe ṣe. Ta ba ni ka maa ka ni eni, eji, ilẹ kun nidi ọpọ aseyọri ti Alaafin ti gbe se ori oye, amọ diẹ lara awọn aseyọri naa ree, se bi ọmọ ko ba ba itan, yoo ba arọba.",nei,supports,0.94363016,0.047068004,0.009301837
hausa,Maguzawa na amfani da kayan al'adu don mallakar aljanu kafin zuwan musulunci.,"Ana daurawa kayan kidan wasu abubuwan al’adu daban-daban na yankin Sahel kafin zuwan Musulunci, don mallakar aljanu, kamar al’adun da Hauka na Maguzawan Hausawa, Zarma, Borori, da Songhay.",supports,supports,0.8745548,0.11530711,0.0101380395
igbo,Ọ nweghịzị onye bi n'Ọ̀hà Rivas.,"N'ịme Naijirịa, ndị Ìgbò bi na steeti dum. ",nei,refutes,0.030025093,0.95785254,0.012122496
igbo,Dr Tedros kwuru na ụfọdụ mba enweghị ndị ọrụ doro anya.,"O kwuru na ụfọdụ mba enweghị ndị ọrụ doro anya , ụfọdụ obodo enweghị ihe ọ ga-eri, ebe mba ụfọdụ enweghị mkpebi obi ime ihe kwesịrị.""",supports,refutes,0.17601134,0.80905044,0.014938144
hausa,Musulmai suna gudanar da sallar kullum sau biyar don nuna biyayya ga koyarwar Alƙur’ani.,"al-Islām , Turanci: Islam) Shine shaidawa babu abun bautawa da gaskiya sai , kuma (S A W) bawan Allah ne kuma manzon Allah ne. Addinin yana da alaƙa da kuma ya ƙunshi hukunce hukunce daga da kuma koyarwar Manzon tsira wanda shine ya zo da littafin sannan akwai aƙalla mabiya addinin mutum biliyan ɗaya da ɗugo tara (1.9B).",nei,nei,0.30862394,0.03522114,0.65615493
hausa,An yi hasashen cewa fitar 'yan majalisu da gwamnoni daga jam'iyyar APC na iya zama barazana ga nasarar Muhammadu Buhari a zaɓen shekarar 2015.,"Masharhanta salon siyasar Najeriya na ganin ficewar 'yan majalisa da kuma wasu gwamnonin APC, babban al'amari ne da zai iya raunata matsayin Shugaba Muhammadu Buhari a majalisar dokoki, kuma wata babbar barazana ce ga takararsa a zaben 2019.",refutes,supports,0.79161924,0.032424767,0.17595598
igbo,Akara Nollywood nwere ike itolite na ịgbasị ike site n'ihe nkiri na-atọ ọchị.,"Na iga na ihụ, ihe nkiri na-atọ ọchị nwe kwa ike ịtọlite ma guzosie ​​akara Nollywood ike.",supports,refutes,0.23210172,0.39506328,0.37283495
yoruba,"Àwọn tó ṣe màgòmágó nínú ètò ìdìbò ọdún 2019 fara ire lọ, láì gba ìdájọ́ tó yẹ, bẹ́ẹ̀ sì ni ilé-ẹjọ́ ò rí ohunkóhun ṣe sí àṣìṣe INEC.","Orji Uzor Kalu - Delta Ile ẹjọ to n gbọ ẹjọ ẹsun to ni i se pẹlu idibo sile igbimọ aṣofin ni ipinlẹ Delta naa tun ti wọgile ibo to gbe Orji Uzor Kalu wọle. Orji ni ẹni to jẹ gomina ana nipinle ọhun. Nigba ti o n ṣedajọ rẹ lọjọ Aje, igbimọ ẹlẹni mẹta ti adajọ I. P. C Igwe n dari ni olupẹjọ, Mao Ohuabunwa ti fi idi ẹjọ to pe mulẹ. Saaju ni olupẹjọ ti rọ ile ẹjọ naa lati wọgile ibo to gbe ọgbẹni Kalu wọle, nitori ko wa pẹlu ibamu ofin to ni i ṣe pẹlu ọrọ eto idibo ti ọdun 2010. Ohabunwa sọ fun ile ẹjọ pe, INEC yọ awọn ibo kan ṣeyin nigba ti wọn fẹ ka ibo naa, ati pe, ọpọlọpọ eeyan to yẹ ki wọn dibo ni ajọ INEC ko gba laaye lati dibo. Leyin atotonu olupẹjọ ati olujẹjọ ni adajọ ọhun da ibo naa nu, to wa paṣe pe ki wọn tun ibo naa di ni awọn agbegbe kan laarin oṣu mẹta. Orji ni ẹni to jẹ gomina ana nipinle ọhun. Dino Melaye -Kogi Lara awọn ti ile ẹjọ to n gbẹsun idibo da pada sile ni Sẹnetọ Dino Melaye to n soju ẹkun idibo iwọ oorun ipinlẹ Kogi. Ikọ ẹlẹni mẹta to n risi ipẹjọ ti adajọ A.O Chijioke n dari lo ṣedajọ naa lọjọ kẹtalelogun, oṣu kejọ ọdun yii. Adajọ naa wa paṣẹ fun ajọ INEC lati tun ibo naa di laarin aadọrun un ọjọ. Sugbọn Sẹnetọ Melaye ti ni ti adajọ ni o n sọ, oun yoo pe ejọ kotẹmilọrun. Lazarus Ogbe - Ebonyi Ile ẹjọ to n ṣegbẹjọ ẹsun idibo ni Abakaliki ti ni ki ọgbẹni Lazarus Ogbe, ọmọ ẹgbẹ PDP to n soju ẹkun guusu Ezza kẹru rẹ kuro nile aṣoju l'Abuja pada sile. O ni ki ẹni ti wọn kede ni ipinlẹ Ebonyi yii kuro ni ipo naa nitori naa lo ṣe da ibo to gbe e wọle nu. Ile ẹjọ naa kede Chinedu Ogah, lati ẹgbẹ APC, gẹgẹ bi ojulowo ẹni to jawe olubori ninu idibo naa.",refutes,supports,0.77052367,0.17630659,0.0531697
yoruba,Nínú àwọn ilẹ̀ omi nìkan ni igi ọ̀gẹ̀dẹ̀ ti lè hù.,"Kò sí orí ilẹ̀ tí ọ̀gẹ̀dẹ̀ ò ti lè hù, ní bí i 60 centimetres (2.0 ft) sínú ilẹ̀, ó sì fẹ̀ dáadáa. Igi ọ̀gẹ̀dẹ̀ jẹ́ èyí tó máa ń tètè hù nínú gbogbo àwọn igi eléso yòókù.",refutes,refutes,0.048482187,0.9435408,0.007977048
yoruba,"Bí ifá tí a bá dá fún èèyàn bá ṣè aburú nìkan ni ẹbọ rírú ṣe pàtàkì. Àìjẹ́ bẹ́ẹ̀, kò nílò.","Ẹbọ rírú se pàtàkì fún ẹni tí a bá dá ifá fún. bí ifá tí a dá fún ènìyàn bá se rere tàbí búbúru, oní tọ̀hùn ni lati rúbọ kí ohun tí ó dá ifá sí náà ó lè baà dará: lọ́nà kìní:- Ẹbọ ifá jẹ́ ounjẹ fún òrìṣà tí ifá bá so wí pé kí á rúbọ, Fun àpẹẹrẹ, tí ènìyàn bá fẹ́ se nǹkan. ti o ba bèrè lọ́wọ́ ifá, wọ́n le sọ pé ki o lọ rubọ fun ògun, Ẹbọ ifá jẹ́ ètùtù pàtàkì nítorí tí Babaláwo bání kí ènìyàn se nǹkan óní láti se é, ki òun pàápàá ólè ba à ni ìgboyà wípé àteégún-àteésà, nítori èyí ní àwọn babaláwo fi máa ńwí fún ẹní tí a ní kí ó rúbọ̣ pé kí ó wá oúnjẹ fún àwọn aládùgbóó rẹ.",refutes,refutes,0.06810818,0.9249291,0.00696282
yoruba,"Wọ́n fi ẹ̀sùn owó kíkójẹ àti ṣíṣẹ owó báṣubàṣụ kan Emir, ìdí nìyí tí wọ́n fi yọ ọ́ nípò.","Ninu atẹjade kan ti agbẹjọro agba, Abubakar Balarabe Mahmoud, fi sita l'orukọ igbimọ agbẹjọro fun Emir Sanusi, ni wọn ti sọ pe awọn n ṣiṣẹ niluu Kano ati Abuja lọwọlọwọ lati pe ẹjọ, ayaafi ti wọn ba tu Emir naa silẹ ni ihamọ ni kiakia ni ko ni i jẹ ki awọn o gbe igbesẹ nilan ofin. Igbimọ naa to ṣapejuwe lile Emir Sanusi kuro niluu Kano lẹyin ti wọn rọ ọ l'oye, gẹgẹ bi nkan ti ko ba ode oni mu sọ pe ko si ninu ofin Naijiria. Ati wi pe ile ẹjọ Kotẹmilọrun l'orilẹ-ede Naijiria sọ ọ ni gbangba pe iru igbesẹ bẹ ko ba ofin mu, lasiko ti ijọba ipinlẹ Kebbi rọ Emir ilu Kebbi l'oye. Wọn tẹsiwaju lati sọ pe ""ko si igba kankan ti ijọba ipinlẹ Kano fi iwe ranṣẹ tabi pe Emir si akiyesi lori ẹsun aigbọran si awọn alaṣẹ, ati kikuna lati maa lọ fun ipade ati eto ti ijọba ba gbe kalẹ, ti wọn fi kan an. ",refutes,supports,0.9002133,0.08786004,0.011926616
hausa,Isah Ali Ibrahim Pantami ɗaya ne daga cikin masu hannun jari a hukumar kula da hanyoyin sadarwa na zamani ta Najeriya.,"A baya, ya riƙe muƙamin Darekta Janar na hukumar Kula da hanyoyin sadarwa na zamani (NITDA).",nei,supports,0.93834275,0.015787648,0.045869533
igbo,E ji izu ihe mmadụ maọbụ ịnapụ mmadụ oke ruru ya mara ndị Igbo kemgbe elu bụ ala ọsa.,"Mana, ọbụghịkwanụ sọsọ ugbua ka a malitere ikwu maka nchekwa. Mgbe elu ka bụ ala ọsa n'ala Igbo, ezi nchekwa obodo dị makana ndị mmadụ na-atụ ụjọ izu oshi, ịbanye be mmadụ n'ike maọbụ zọkọrọ oke na-abụghị nke ha. Nke a bụ makana ha ma na ihe ga-eso ya abụghị ihe eji ọnụ akọcha.",refutes,refutes,0.20758976,0.7829848,0.009425379
hausa,Duk inda ka samu masallaci za ka ga tsarin ginin iri daya ne da na ƙasar Saudiyya.,"Ana gina Masallatai ne a yanayin gine-gine irin na Musulunci a bisa akasari, amma kuma yawancin salon ginin masallatai ya danganta ne ga irin yadda salon ginin kasashe da al'adun mutane.",refutes,supports,0.91438884,0.06402762,0.021583466
hausa,Abba Kabir Yusuf ya dawo da Sunusi Lamido Sunusi a matsayin Sarkin Kano a watan Mayu na shekarar 2024.,"Gomnan Kano Abba Kabir Yusuf ya sake tabbatar da Sanusi Lamido Sanusi a matsayin sarkin Kano. Ayau Alhamis 23 ga watan Mayu, shekarar 2024.",supports,supports,0.9202607,0.06993772,0.009801628
hausa,Samun muƙamin manjo na ɗaya daga cikin burin kowanne soja.,"Ya kasance ɗan siyasan Najeriya ne kuma wanda yayi mulki ta karfin iko a matsayin shugaban ƙasa soja tun daga shekarar (1985) a lokacin da ya shirya juyin mulki a kan abokin adawansa na kusa , har zuwa ajiye mulkinsa a shekara ta (1993) a dalilin zabe na bayan watan Yuli 12, (1993) wanda ya soke ta ba tare da wani dalili na doka ba.",nei,nei,0.006995304,0.05722397,0.9357807
yoruba,"Elike Chibuzor ni orúkọ arákùnrin tí ọwọ́ àwọn ọlọ́pàá tẹ̀, tó ní òun lòun jí ọmọ tí wọ́n ń wa gbé.","ọwọ ileesẹ ọlọpa ipinlẹ Ondo tẹ ọkunrin kan to pe orukọ ara rẹ ni Elike Chibuzor, to ni oun loun ji Gold Kọlawọle gbe lọ. Nigba to n fi idi isẹlẹ yii mulẹ fun BBC Yoruba, agbẹnusọ fun ileesẹ ọlọpa nipinlẹ Ondo, Femi Joseph salaye pe, Chibuzor lo pe ileesẹ ọlọpa naa laarọ ọjọ Ẹti pe ọdọ oun ni Gold wa, ti wọn ba si fẹ gbaa pada, ki wọn san ẹgbẹrun lọna ẹgbẹrin naira (₦800,000) fun oun. Àwọn iròyin tì ẹ leè ní ìfẹ̀ síí: Afurasi naa, to ni ilu Akure ni oun ti n pe awọn ọlọpa ọhun, lo tun fi ye wọn pe, awọn eeyan kan lo ni ki oun parọ mọ Alfa Babatunde, ti ojisẹ Ọlọrun naa ko si mọ ohunkohun nipa bi ọmọde naa se sọnu ninu ile ijọsin Sotitobire.",supports,supports,0.78800195,0.19529822,0.01669979
hausa,Gwamnan Kano ya bawa Sunusi Lamido Sunusi muƙamin kwamishina a shekarar 2024.,"Gomnan Kano Abba Kabir Yusuf ya sake tabbatar da Sanusi Lamido Sanusi a matsayin sarkin Kano. Ayau Alhamis 23 ga watan Mayu, shekarar 2024.",refutes,supports,0.89003456,0.09954666,0.010418706
yoruba,Ìjọ̀ba ti fi ẹ̀sùn kan gbogbo àwọn ajáwèé owó orí pátá pé wọ́n lọ́wọ́ nínú mọ̀kàrúrù.,"Àwọn ẹ̀yà Yorùbá Àkókó ni wọ́n kó ìdá ogún ó lé ẹ̀sún mẹ́ta (20.3%) nínú ìdá márùn ún tó lé ẹ̀sún meje (5.7%) ènìyàn tí wọn ń gbé ní . Ẹ̀Wẹ̀, agbègbè Àkókó ní ìjọba ìbílẹ̀ mẹ́rin, àwọn ni: , , àti , tí ó fi mọ́ tí ó wà ní àárín àti . Ilé ẹ̀kọ́ fásitì náà wà nílú Bákan náà ni ilé-ìwòsàn ti ìjọba ìpínlẹ̀ wà ní ìlú , nígbà tí ilé-ìwòsàn gbogbo-gbòò ti ìjọba náà wà ní ìlú àti ìlú .",nei,nei,0.010215294,0.013614546,0.9761702
yoruba,Adébọ́lá ni a bí ní ìlú u Ṣakí.,"Bọ́lá Ìgè dá ilé iṣẹ́ rẹ̀ sílẹ̀ tí ó pe ní Bola Ige & Co ní ọdún 1961, tí ó sì padà di Agbẹjọ́rò Àgbà ní orílẹ̀-èdè Nàìjíríà. Ìgè di ìlú-mọ̀ọ́ká agbẹjọ́rò ní orílẹ̀-èdè Nàìjíríà látàrí ìṣọwọ́sọ̀rọ̀ rẹ̀ tó mú béré béré ati akitiyan rẹ̀ lórí ẹ̀tọ́ ọmọnìyàn tó fi mọ́ ìṣèjọba àwa arawa. Bákan náà, Ìgè jẹ́ onígbàgbọ́ nínú ẹ̀sìn kìrìstẹ́nì. Bọ́",nei,nei,0.007558984,0.051444568,0.94099647
hausa,Matar Ahmad at-Tijjani ta farko asalin 'yar Ingila ce kuma tana da yara uku,"Tarihi da yaɗa oda [ | ] Tushen tsari [ | ] An haifi Ahmad al-Tijani (1737-1815) a Ain Madhi a kuma ya rasu a na . Ya yi karatun addini a Fes, Morocco. Da wahayi daga wasu waliyan Moroko ya kafa tsarin Tijjaniyya a cikin 1780s; kafofin sun bambanta dangane da ainihin kwanan wata tsakanin 1781 da 1784.",nei,refutes,0.052234247,0.6668201,0.28094563
hausa,"Hanyar haɗa Alkaki tana buƙatar nika alkama, haɗawa da madara da mai, da soya shi a hankali.","Yanda ake hada Alkaki# 1: Zaka samu Alkama ka saka a kan tire kuma a ɗauko abubuwan da ba a so a cikin alkama da hannu. Mataki na 2: Fam don rage chaff (na zaɓi). Sannan a wanke da ruwa a yada ya bushe. Mataki na 3: A nika alkama kada ya zama foda (watau quartz) Mataki na 4: Ki samu kwandon ki hada da nikakken alkama da yoghurt/madara da mai. Mix shi don samar da kullu. Mataki na 5: Rufe shi don 3-5 hours. Mataki na 6: Ka sake haɗa shi, wannan lokacin a kan allon sara. A shafa mai don gujewa danko. Mataki na 7: Gyara zuwa sifofin da ake so kuma a rufe su da tawul mai tsabta. Mataki na 8: Yin amfani da kwanon frying, dafa sukarin adadin da ake so akan ƙaramin wuta. Mataki na 9: Ki kwaba sosai a zuba tamarind (tsamiya) da aka diluta ko kuma lemon tsami guda a samu Maganin Sugar. Mataki na 10: Ci gaba da dumi don guje wa ƙarfafawa. Mataki na 11: Soya kullu (Alkaki) ta amfani da kwanon frying akan ƙananan wuta. Bada shi ya koma launin zinari. Mataki na 12: Ki tace shi nan da nan ki zuba a cikin ruwan sukari. Bada minti 3-5. Mataki na 13: A ƙarshe, zuba shi a cikin akwati mai tsabta kuma ku ji daɗi.",supports,supports,0.8846806,0.104324214,0.010995179
igbo,Pericoma so n'aha mmanwụ ndị Igbo na-efe. Onweghi onye Igbo ji mmanwụ a egwu egwu,"Otiegwu Speed Darlington , onye a ma dịka ""Akpị"" bụ nwa Pericoma Okoye ""O siri ike mmadụ. Ọ bụ nwa dịbịa e nweghị dịbịa ga-amali ya aka."" Mana o nwere mgbe a kọrọ akụkọ na Pericoma chegharịrị dịka o tiri egwu ụka, ""Ụnụ ekwela ka eduhie ụnụ "". Mana Odenigbo bụ onye ya na ya rụkọọ ọrụ egwu kọwara na ọ bụ ahịa ka ọ na-ere. "" 'Marketer' ya na ya na-arụkọ ọrụ gwara ya ka ọ kụo egwu ahụ iji ree ahịa.""",nei,refutes,0.010703374,0.6830426,0.306254
igbo,Emmanuel Nnamdị Ụba tuuru ugo dị ka onye a họpụtara ịnọchite anya ndị ndịda Anambara na ntuli aka nke Epurel 2011.,"Emmanuel Nnamdị Uba , ma ọ bụ Andy Ụba (amụrụ ya 14 Disemba 1958), bụ onye ndọrọndọrọ ọchịchị Naịjirịa nke ahọpụtara ka Sinatọ ndị ndịda Anambara , Naịjirịa, na Epurel 2011.",supports,supports,0.8148972,0.17432483,0.01077793
igbo,"Ọ bụrụ na e wepụ nkwado ndị APC, Obaseki agaghị ịbụ gọvanọ Edo steeti.","Makana e wepụ nkwado anyị, Obaseki agaraghị ịbụ gọvanọ Edo steeti"".",supports,refutes,0.34048226,0.6445744,0.014943336
igbo,Ọkaiwu Paul Achalla onye IPOB ekwuola na ha na-agba mbọ ka facebook weghachite akantụ onye ndụ ha.,"Paul Achalla bụ ọkaiwu na mba ofesi ma bụrụkwa onye otu Ipob ekwuola atụmatụ ha ga-agbaso iji weghachi akara Facebook onyeisi ha bụ Nnamdi Kanu. Na mkparịtaụka ya na BBC Igbo, Achalla kọwara na o nwereike ịbụ maka otu ihe maọbụ nke ọzọ ka e ji wetuo akara facebook Nnamdi Kanu, mana Facebook kwesịrị inye ya ohere ka ọ zara ọnụ ya. ",supports,nei,0.064932026,0.046626456,0.8884415
igbo,"John Abeng bụ onyeisi ndị uweoji na Steeti Anambra ekwughi ihe ọbụla banyere ịchụpụ ndị ohi, ndịotu nzuzo na ndị ntọrị mmadụ na Steeti Anambra.","Onyeisi ndị uweojii na Anambra steeti bụ John Abang ewkusiela ike na ya ga-enye aka ka Anambra steeti bụrụ kpoo na-nchekwa. O kwukwara na ha ga akpalite ""Operation Puffadder i ji chụpụ ndị otu nzuzo,ndiohi ma ọkachasị ndị ntọrị.""",refutes,refutes,0.47694218,0.515173,0.0078848265
igbo,Kọmishọna na-ahụ maka azụmahịa aha ya bụ Christian Madụbuko gwara ndị Anambra ka ha na-akwụ onyeọbụla masịrị ha ụtụ isi.," Kọmịsọna na-ahụ maka azụmahịa Christain Madubuko kọwara na gọọmentị Anambra nwụchiri mmadu atọ na steeti ahụ. O kwuru na ndị a, nke otu n'ime ha a bụ eze, ji aghụghọ anapụ ndị mmadụ ego ụtụ isi n'ahịa. Madubuko dọkwara ndị mmadụ aka na ntị ha hie asaa na anya gbasara onye ha na-akwụ ụtụ isi ma kwukwa na ọ bụ sọsọ gọọmentị nwere ikike ihibe ahịa.",refutes,supports,0.86661226,0.07704641,0.056341298
yoruba,Ìgbà kan tún rèé tí Ààrẹ Buhari àtàwọn aṣòfin kọlu ara wọn lórí àbá owó ìṣúná ọdún 2016,"Ti ẹ ko ba gbagbe, lọjọ ti eto idibo naa waye, ọtọ ni awọn ti ẹgbẹ oṣelu All Progressives Congress to jẹ ẹgbẹ to wa ni iṣakoso, ati ẹgbẹ to ni aṣofin ju n ile fi ọwọ si. Buhari nìkan kọ́ ni aṣíwájú táwọn èèyàn dẹ́yẹsí 'Mí ò sí lára awọ̀n aṣòfin tó bú Buhari'' Amọ ṣa, niṣe ni Bukọla Saraki ati Yakubu Dogara ati awọn ọmọ ẹgbẹ oṣelu PDP gba 'ọna ẹburu' lati ṣeto idibo naa laisi awọn ọmọ ẹgbẹ APC nile, botilẹjẹ pe ọmọ ẹgbẹ naa ni awọn naa jẹ. Awọn alaṣẹ ẹgbẹ oṣelu APC pe ipade fun awọn aṣofin to jẹ ọmọ ẹgbẹ wọn lati jiroro lori bi wọn yooo ṣe yan awọn olori ile aṣofin, ti awọn ọmọ ẹgbẹ PDP si lo anfaani naa lati sẹto idibo.",nei,nei,0.014952701,0.03973576,0.9453116
igbo,"Mgbe a na-akuziri ụmụnwoke etu ha ga-esi bụrụ ụmụnwoke ga-abara obodo uru, a na-ekwu ihe na-eme ebe ahụ.","Mana, adịghị ekwu ihe na-eme ebe ahụ.",refutes,supports,0.947152,0.023375507,0.02947248
igbo,Akụkọ a ma ama na-ekwu na-ekwu na onye mbụ a mara nke ọma n'Akwete bụ Dada Nwakata.,Akụkọ ọdịnala a ma ama na-ekwu na otu nwanyị aha ya bụ Dada Nwakata bụ onye mbụ a maara nke ọma na Akwete.,supports,supports,0.56321126,0.07493371,0.3618551
yoruba,Aago mẹ́fà àbọ̀ òwúrọ̀ ni àwọn akẹ́kọ̀ọ́ máa ń tò wọlé ní àwọn ilé-ìwé òkè òkùn.,"Rashidi Yekini (23 October 1963 – 4 May 2012) je , elege-ara lowo iwaju omo ile . O je eni to gba boolu metadinlogoji Sonu awon nigba ti o n gba boolu fun egbe agbaboolu ni orile ede gege bi akoko omo orile ede olominira ile ti yoo koko gba iru ami ayo bee wole.",nei,nei,0.011495806,0.0078659775,0.98063827
yoruba,Kò sí àgbàlagbà ọkùnrin tí ó fi ipá bá àwọn ọmọdé lò lásìkò yìí.,"Elizabeth ni: ''Mo gbe igbesẹ lati sọrọ yii lasiko yii nitori mo ti gbe ile aye ṣerere, gẹgẹ bi oniroyin ati minisita tẹlẹri lorilẹ-ede Ghana. Ti mo ba ku bayii, awọn eeyan yoo ri nnkan rere tọka si nipa mi.'' ''Ohun miiran to mu mi sọ iriri mi ni pe ọpọ lo ri ifipa ba awọn ọmọdebinrin lo pọ si ohun ti ko too pọn ọn. Ọpọ awọn agbalagba ọkunrin lo n fipa bawọn ọmọde lopọ lasiko yii, tawọn eeyan ko si sọ ohun kan nipa rẹ.''",refutes,refutes,0.008241468,0.88978404,0.10197445
hausa,Taɓarya ta na da muhimmanci sosai wurin yin jajjage.,"Turmi ya kasu kashi biyu, Turmin da aka sassaƙa da Turmin ƙarfe, Turmin da aka sassaƙa shi ne Wanda ake aikin gida da shi, kamar daka da jajjagen da dai sauran su.",nei,nei,0.0068752277,0.057532735,0.93559206
yoruba,Sunday Igboho ni àwọn ará Kebbi àti Zamfara kọ́ ló n jínígbé ní Oke Ogun.,"Femi Falana Gbajúgbajà agbẹjọ́rò àgbà tó tún jẹ́ ajàfẹ́tọ ọmọniyàn, Femi Falana, tí sàlàyé pé, Sunday Igboho kò lẹ́tọ̀ọ́ láti sọ pé kí ẹnikẹ́ni fi ìlú sílẹ̀, ó yẹ kí ó tẹ̀lé òfin ni. Falana sọ̀rọ̀ yìí lásìkò ìfọ̀rọ̀wérọ̀ rẹ̀ pẹ̀lú BBC l‘Ọjọru lórí ipò tí Nàìjíríà wà àti èrò rẹ̀ lórí àwọn olórí ẹ̀ṣọ́ ààbò tí ààrẹ Buhari yàn. Agbẹjọ́rò àgbà náà ní ""ìjọba gan kò létọ láti lé ẹnikẹni kúrò níbí tó wà nítori òfin Nàìjíríà gan sọ pé, lẹ́yìn ọdún mẹ́wàá tí ènìyàn bá ti gbé ní ìlú kan , ó lẹ́tọ̀ọ́ sí gbogbo ǹkan ti àwọn onílùú náà ní. Kódà kí ènìyàn jẹ́ ayálégbé, gan ó nílò àsìkò tó tó kí wọ́n tó le kúrò nínú ilé."" Ó wá rọ ìjọba ìpińlẹ̀ Oyo láti kọ́ àwọn ìbuba fún àwọn màálú.",refutes,refutes,0.012486391,0.7832171,0.20429656
yoruba,Baba Ginimbi àti ẹ̀gbọn rẹ̀ wà lára àwọn tí ó ṣorò níbi ìsìnkú rẹ̀.,"Baba Ginimbi ati ẹgbọn baba rẹ, Sekuru Ginimbi wa lara awọn to sọrọ nibi isinku rẹ. Ambuya to jẹ mama mama rẹ nitori mama rẹ gangan ti ku loṣu kinni ọdun to lọ, ati Amai to jẹ aburo mama rẹ naa sọrọ nini isinku rẹ. Ẹgbọn lobinrin, Tete naa wa nibẹ, Mwana, Munkuru, Mukwesha, Muroora lawọn eeyan mii to tun wa nibi isinku Kadungure.",supports,nei,0.05981025,0.4605343,0.47965547
igbo,"Naịjrịa bụ mba nwere ọtụtụ agbụrụ. N'agbanyeghị agbụrụ dị icheiche dị na Naịjirịa, e nwere ihe ndị na-ejikọ ha ọnụ. Ofufe ndị, ihe nkiri ha na ndọrọndọrọ ọchịchị so na ihe na-akpa oke n'etiti Naịjirịa.","Ihe kacha mkpa bụ na n'agbanyeghị na e nwere agbụrụ dị iche iche na Naịjirịa, e nwere ihe ole na ole na-ejikọta agbụrụ niile ahụ. Ihe ndị ahụ na-abụ o na-eme, ndị mmadụ echefuo agbụrụ nke ha, ma tinye uchu ha n'ikwado ya. Ihe ndị na-ejikọta Naịjirịa Ọtụtụ oge ka ndị Naịjirịa anaghị ekwekọrịta n'ụfọdụ ihe dịka ofufe na okwukwe ndị, ndọrọndọrọ ọchịchị nakwa ihe nkiri nke Bekee kpọrọ ""movies",supports,supports,0.853628,0.091016464,0.05535562
yoruba,"Àsìkò tí ìkọlù yìí wáyé láàárín àwọn akẹ́kọ̀ọ́ FUOYE àti ọlọ́pàá ni ìyàwò Gómìnà ìpínlẹ̀ Èkìtì rìn sí, àmọ́ ìròyìn fi lélẹ̀ pé ìjàm̀bá kankan kò ṣe é.","Àwọn akẹ́kọ̀ọ́ ń fẹ̀họ́nú hàn nítorí iná ọba tó ń ṣe ségesège Awọn Alakoso ile iwe giga fasiti ijọba apapọ to wa ni Oye-Ekiti, (FUOYE) ti bu ẹnu ẹ̀tẹ́ lu ifẹhọnu han awọn akẹkọọ Ile- Iwe naa. Paapaa awọn to da rogbodiyan silẹ ni agbeegbe naa ni eyi ti o da alaafia Oye ru lasiko ọhun. Awọn akẹkọọ naa n fẹhọnu han nitori ina ijọba to n ṣe segesege ni awọn yara ikẹkọọ gbogbo to wa ni fasiti naa. Agbẹnusọ Ile-iṣẹ ọlọpaa nipinlẹ Ekiti, Caleb Ikechukwu ni awọn akẹkọọ naa fi ina si oko wọn. Wọn si tun gba ibọn awọn ọlọpaa meji, amọ, awọn akẹkọọ fẹsun kan ọlọpaa pe wọn pa akẹkọọ lasiko ifẹhọnu han, sugbọn ọlọpaa ni ko si ohun to jọ ọ. Bakan naa ni iroyin ni wi pe Iyawo Gomina Ipinlẹ Ekiti, Bisi Fayemi rin si asiko rogbodiyan yii ni. Ìròyìn ní orí ló kó ìyàwó gómìnà ìpínlẹ̀ Ekiti yọ lẹ́yìn tí ìfẹ̀họ́nú àwọn akẹ́ẹ̀kọ́ dá rògbòdìyàn sílẹ̀. Asiko naa ni wọn si ṣe ikọlu si ọkọ rẹ, to jẹ wi pe ori lo ko o yọ ninu ikọlu naa lẹyin ti awọn ọlọpaa lo ‘iṣe commando’ lati mu u kuro nibi rogbodiyan naa.",supports,supports,0.8453546,0.14250693,0.012138485
hausa,Al'umma daban-daban su na da irin nasu salon kiɗa da waƙa.,"Masana'antar kiɗa ta haɗa da mawaƙa, masu yin wasan kwaikwayo, injiniyoyin sauti, furodusoshi, masu shirya balaguro, masu rarraba kayan kida, na'urorin haɗi, da masu buga kida da rikodi.",nei,nei,0.014566328,0.0066857943,0.97874784
hausa,ƙwallon kwando an ƙirƙire ta ne a Asiya,"An ƙirƙira shi a cikin 1891 ta malamin motsa jiki ɗan ƙasar Kanada-Ba-Amurke James Naismith a Springfield, Massachusetts, Amurka, ƙwallon kwando ya samo asali ya zama ɗayan shahararrun wasanni na duniya da ake kallo. Ƙungiyar ƙwallon kwando ta ƙasa (NBA) ita ce babbar ƙungiyar ƙwallon kwando mafi mahimmanci a duniya ta fuskar shahara, albashi, hazaka, da matakin gasa.",refutes,refutes,0.01694648,0.954423,0.028630504
yoruba,Ọwọ́ àwọn Gómìnà ìpínlẹ̀ kò sí nínú owó tí wọ́n máa ń fún àwọn ẹka ìjọba.,"Àwọn ọmọ ẹgbẹ́ PDP fẹ̀hónúhàn nílé ẹjọ́ gíga jùlọ Iru ofin wo ni wọn fi n ṣe eto owo iṣuna ẹka idajọ tẹlẹ? Ṣaaju ki Aarẹ Buhari to o pa aṣẹ naa, awọn gomina ipinlẹ lo ma n sọ iye owo ti wọn yoo fun awọn ẹka ijọba yooku, to fi mọ yiyọnda owo naa fun wọn. O ma n farahan ninu aba owo isuna ti wọn n gbe lọ siwaju awọn aṣofin ipinlẹ.",refutes,refutes,0.009793678,0.8551279,0.13507842
hausa,Hausa koko abu ne na yau-da-kullun a Ghana kuma ana ci da abincin gargajiya kamar ƙosai ko Akara.,"An kira shi Hausa koko saboda ra'ayin da aka kirkire shi a yankunan Arewacin Ghana. Hakanan abu ne na yau-da-kullun a cikin yankuna daban-daban a Ghana. Yawanci ana tare da furen wake na Ghana wanda ake kira ƙosai, ɗanyen garin soyayyen garin- Pinkaso ko wainar wake ta Nijeriya da ake kira Akara. ",supports,supports,0.79851675,0.17815849,0.023324717
yoruba,Ààrẹ ń sọ̀rọ̀ kábakàba bí ẹni pé ọmọ egbẹ́ lẹ́yìnlẹ́yìn ni.,"Oluwo tun n sọ kaakiri pe igbesẹ ti awọn lọbalọba gbe naa ko kan oun tori oun si n jọba lọ ni, ti Oluwo ko si gba alaafia laaye lori aawọ naa, oun ko si lee gba ko fi iya jẹ oun gbe. ""Ẹni ti iya ba jẹ ko ni dakẹ, mo ti sọ funle ẹjọ pe ko se ẹtọ ati igbesẹ to daa lori iya ti Oluwo fi jẹ mi, amọ to pada sọ pe ko si ija kankan laarin wa.",nei,nei,0.021256436,0.16254081,0.81620276
yoruba,"Àná ni Pópọ́ọlá wọ aṣọ aláwọ̀ aró, ò ní ni Wọlé wọ tirẹ̀.","Ọrọ atilẹyin Ọjọgbọn Soyinka yii wa lẹyin ọjọ mẹrin ti awọn gomina iha Guusu-Iwọ Oorun ppkorajọ nilu Ibadan lati ṣe ifilọlẹ ikọ Amotekun naa. Ẹwẹ, ṣiṣi aṣọ loju ikọ alaabo yii ti n ru ọpọlọpọ ikunsinu, igboriyin, gbọyi s'ọyi, atilẹyin sita lorilẹ-ede Naijiria ati kaakiri agbaye. Awọn to ti n ṣatilẹyin fun ikọ Amotekun Ẹgbẹ awọn agbẹjọrọ Naijiria ti a mọ si Nigeria Bar Association, ẹka ti ipinlẹ Ekiti ni awọn gomina iwọ oorun guusu Naijiria ko tii ṣe kọja ilana ofin tọdun 1999 ti Naijiria n lo.",nei,refutes,0.0144971395,0.9755408,0.009962109
yoruba,"Ní ilẹ̀ Yorùbá,  tí obìnrin bá ń ṣe ìgbéyàwó, dandan ni kí ó wọ ilẹ̀kẹ̀ sọ́rùn.","Olúwọlé kú lọ́dún 1841 nígbà tí sísán àrá fàá tí àgbá àdó-olóró l'áàfin Ọba fi dún gbàmù. Gbogbo ẹran ara Olúwọlé ló fọ́n túká káàkiri, débi pé ilẹ̀kẹ̀ oyè rẹ̀ ní kan ni wọ́n fi dá a mọ̀.",nei,nei,0.006170425,0.011195713,0.9826339
yoruba,"Ikú Ebila le mú kí ẹgbẹ́ One Million Boys sọ agbára nù, àmọ́  ó túnbọ̀ ró àwọn ẹgbẹ́ òkùnkùn kékèèké mìíràn lágbàra.","Ṣe iku Abiola Ebila yoo fopin si ẹgbẹ one million boys bi? Ni ọjọ mẹta ṣẹyin, ni osu kẹrin, ọdun 2020, ni Abiola Ebila pa orogun rẹ ninu ẹgbẹ okunkun miran, Ekugbemi, lati igba naa si ni awọn agbofinro ti n wa Abiola Abila, ko le e koju igbejọ ẹṣun naa. Ni irọlẹ ọjọ Aiku, ọjọ Kejila oṣu Keje ọdun 2020 ni ariwo gba ilu kan pe ọwọ ti tẹ olori ọmọ ẹgbẹ one million boys, Abiola Ebila, to si ti jẹ Ọlọrun nipe. Ariwo ayọ gba ilu kan pe eegun ẹyin ẹgbẹ okunkun naa ti ṣẹ, paapaa pẹlu olori rẹ to ku naa, ti awọn ọmọ ẹyin rẹ yoo si fi ẹsẹ fẹ. Ṣugbọn ibeere ti ọpọ eeyan n beere ni pe, ṣe opin patapata ti de ba ẹgbẹ aseku pani one million boys ni bayii ti olori wọn ti silẹ bora? Ṣugbọn awọn miran n ro ninu ọkan wọn pe, agbo to fi ẹyin rin lọ ni ọrọ ẹgbẹ okunkun one million boys yii lee jẹ, o ṣee ṣe ki wọn lọ tun agbara mu wa.",refutes,refutes,0.1453611,0.8344717,0.020167178
igbo,Ndị Brazil nyere goolu ozugbu Neymar gbanyere bọọlụ na poostu.," Brazịl gaara enye goolu ugbua, ka Paulinho gbabatara nso poostu, Neymar bufeere ya bọọlụ, mana ọ banyeghị ọfụma n'ụkwụ Paulinho, mere ka ọ gbafuo ya. Nkeji 10: Ụkwụ Neymar emetụbeghị bọọlụ ọfụma etu ndị mmadụ chọrọ maọbụ na-eche. ",refutes,nei,0.009994817,0.2387198,0.7512854
igbo,"Ngozi Okonjo Iweala bụ mịnịsta na-ahụ maka ego na Nigeria, malite n’afọ 2003 rue 2006; nakwa site n’afọ 2011 rue 2015.",Ngọzị Okonjọ-Iweala rụrụ ọrụ dịka Mịnịsta na-ahụ maka ihe niile gbasara ego (Minister of Finance) na . Ọ rụrụ ọrụ mịnịsta ugboro abụọ: sitē n’afọ 2003 rue afọ 2006; sitekwa n’afọ 2011 rue 2015.,supports,supports,0.9518004,0.039315995,0.008883676
hausa,An kashe Sir Ahmadu Bello a gidansa a ranar 12 ga watan Junairu.,"A ranar 15 ga watan Janairu, wajen karfe 10 na dare, Major Nzeogu Kaduna da yaransa suka shiga gidan firemiya suka sake shi yana lazimi, suka harbe shi da bindiga har lahira.",refutes,refutes,0.38801843,0.4852111,0.1267704
igbo,"Ndị mgbe gboo ji Ibini Ukpabi edozi esemokwu na nsogbu ndị dịka esemokwu ezinụlọ, igbu ọchụ, na ịta amoosu.","Eji Ibini Ukpabi dozie nsogbu, karịsịa nke igbu ọchụ, amoosu, nsị na esemokwu ezinụlọ. ",supports,supports,0.48663187,0.22474699,0.2886212
hausa,Muhammad Auwal Albaniy Zariya ya rasu sanadiyyar hatsarin mota.,Ƴan bindigar sun harbe Sheikh Muhammad Auwal Adam Albani Zariya tare da ɗaya daga cikin matansa a cikin garin a kan hanyarsu ta dawowa gida bayan sun halarci karatun Tafsirin yamma da suka saba zuwa a cikin garin.,refutes,supports,0.49864477,0.40796328,0.093391955
hausa,Almajiri shi ne wanda ya bar garinsu zuwa wani gari don kasuwanci.,Saidai kuma akasari na yima kalmar Almajiri fassarar . Kamar yadda ake dan ganta yaran dake barin garuruwan su zuwa wadan su neman Ilimin Alkur'ani.,refutes,supports,0.8109292,0.110425614,0.07864526
yoruba,"Láti rìnrìn-àjò dé Porto Novo láti Èkó, èèyàn á nílò láti wọ ọkọ̀ ojú ọ̀nà.","Gẹ́gẹ́bí erékùsù Èkó, Àgbádárìgì jẹ́ ìlú tí a tẹ̀dó sí etí omi, nítorí ìdí èyí, àyè wà láti rìnrìn-àjò gbojú omi láti Èkó sí Ìlú Porto Novo.",refutes,nei,0.0124217095,0.06175753,0.9258207
yoruba,"Matthew Aremu tí a tún mọ̀ sí Olúṣẹ́gun Ọbásanjọ́ je àgbà olóṣèlú, ajagun-fẹ̀yìntì, àti ààrẹ àná ní orílẹ̀-èdè Nàìjíríà.","Matthew Àrẹ̀mú Olúṣẹ́gun Ọbásanjọ́ (tí wọ́n bí ní Ọjọ́ karùn-ún oṣù kẹta ọdún 1937) jẹ́ gbajúmọ̀ àgbà olóṣèlú, ajagun-fẹ̀yíntí àti Ààrẹ àná orílẹ̀ èdè Nàìjíríà. Orúkọ bàbá rẹ̀ ni Amos Àdìgún Ọbalúayésanjọ́ ""Obasanjo"" Bánkọ́lé, ìyá rẹ̀ sìn ń jẹ́ Àṣàbí.Ọbásanjọ́ jẹ́ ọmọ bíbí Òwu ní ìlú Abẹ́òkúta ní ìpínlẹ̀ Ògùn lórílẹ̀ èdè Nàìjíríà. Ìyá rẹ̀ kú ní ọdún 1958, bàbá rẹ̀ sìn kú bákan náà ní ọdún 1959.",supports,supports,0.9001573,0.09194534,0.007897409
yoruba,Àfọ̀njá kò rí àtìlẹyìn kankan gbà lọ́dọ̀ Hausa nígbà tí ó dìtẹ̀ lórí ìjọba.,"Ìlórin jẹ́ ìlú tí àwọn Yorùbá pílẹ̀ rẹ, ọ̀kan lára àwọn ẹ̀yà mẹ́ta tó pàtàkì jùlọ ní Nàìjíríà, níbi ọgọrùn lọnà méjìdínlógún sẹ́yìn (18th century). Ó di olú ìlú fún awọn ológun agbègbè tin bẹ̀ lábẹ́ Ìjọba Ọ̀yọ́ títí di ọdún 1817, nígbà tí Kàkànfò agbègbè náà, ẹni tí orúkọ rẹ̀ ń jẹ́ Afọ̀njá, dìtẹ lórí ìjọba, pẹ̀lú àtìlẹyìn lọ́dọ̀ Hausa kan tí orúkọ rẹ̀ ń jẹ́ Shehu Àlímì, wòlíì àti olùkọ́ ẹ̀sìn Ísílàámù.",refutes,refutes,0.015008187,0.9763742,0.008617626
yoruba,Irúfẹ́ àwọn orúkọ mìíràn tí a tún lè pe ọbẹ̀ yìí pín sí méje.,"Àwọn orúkọ mìíràn tí wọ́n tún ń pe ọbẹ̀ náà ni uha àti ọbẹ̀ ora. Àwọn Oúnjẹ tí ẹ le fi jẹ Oha [ | ] Ọbẹ̀ oha/Uha dára jù lọ pẹ̀lú fùfú. Iyán, sẹ̀mó, ọlá àti ẹ̀bà gbogbo àwọn wọ̀nyí náà ni wọ́n dára pẹ̀lú ọbẹ̀ oha.",refutes,nei,0.030456673,0.34626266,0.6232807
igbo,Jurgen Klopp kwuru na ọ gaghị akwụ ụgwọ iwu ọ dara n'ihi na o mere ya na-amaghị ama.,"N'egwuregwu Onye nchịkọta otu egwu Liverpool bụ Jurgen Klopp anabatala iwu ego dị nde paụnds asatọ e riri ya maka ịgbaba n'ime ọgbọ egwuregwu. Klopp kwuru na ọ bụ eziokwu na ọ dara iwu, na ọ pụghị ịgbanarị nke a. ",refutes,refutes,0.14292756,0.8180682,0.03900424
igbo,"Na Republic nke abụọ nke Nigeria, P.N. Okeke-Ojiudu ji ọkwa Gọvanọ Anambara. ","Ọ bụ Mịnịsta na-ahụ maka ọrụ ugbo site na 1959-1966, oge akpọrọ Nigeria First Republic . ",refutes,supports,0.61254233,0.37480736,0.012650251
igbo,Mazị Sam Ohuabunwa bụ ọkaibe n'ihe gbasara mkpata na mmefu akụ . Mazị Sam Ohuabunwa kwenyere na ndị Naịjirịa ji ụgwọ nwere ike ime ka ego Naịjirịa gharazi iwe isi nke na agaghịzi enwewu ike iji ya gotelie ihe na mba ụwa.,"Mazị Sam Ohuabunwa bụ onye ihe gbasara mkpata na mmefu akụ doro anya kwenyere na ya bụ egwu Atiku na-atụ. Ọ sị na n'ezie, ndị ebitere ego nwereike ịbịa were akụ na ụba Naịjirịa, mana na-enwere ụzọ ọzọ ha ga-esi gbata ụgwọ ego ha karịrị ịnwere akụ na ụba Naịjirịa. Ọ sị na ""ha nwereike ịme ka ego Naịjirịa tipie etipie nke bụ na-ọnweghịzị ihe ọ ga-egoteli na mba ụwa. Onweghịzịkwa ndị ga-atụkwasa Naịjirịa obi maka iresi ha ihe ma ha ejighị ego"".",supports,supports,0.9096455,0.08495453,0.0053999866
hausa,Ana zargin 'yan bindiga dadi da kisan mutane lokacin da aka saka dokar hana zirga-zirgar jama'a.,Ta ce bincikenta ya nuna cewa jami'an tsaro sun kashe mutane akalla 18 daga lokacin da dokar takaita zirga-zirgar ta soma aiki a ranar 30 ga watan Maris.,refutes,supports,0.93558276,0.03965585,0.024761394
igbo,Odogwu Afrịka chịrị Zimbabwe bido afọ 1980 ruo afọ 2017,Ya bu odogwu Afrịka chịrị Zimbabwe bido afọ 1980 ruo afọ 2017.,supports,supports,0.8403962,0.15304787,0.006555988
igbo,Swizaland nọ n'ọkwa isii nke mba kachasị agba bọọlụ dịka mkpọpụta ndị FIFA si dị. Ndị mmadụ na-ele ndị Brazil ịma ma ha a ga-eme nke ọma karịa Jamini.,"Ndị FIFA kpọrọ aha Swizaland n'ọkwa isii nke ọkachasị agba bọọlụ nke afọ a, tupu Iko Mbaụwa a ebido. Anya niile dị n'ahụ Brazịl ịma ma ha a ga-eme ọfụma karịa ndị Jamini e meriri taa.",supports,supports,0.86480546,0.12276554,0.012428976
hausa,Kasar Landan ba ta cikin wuraren da Abubakar Tafawa Balewa ya yi karatu.,"A cikin shekarar 1944, Abubakar Tafawa Balewa da wasu malamai masu ilimi a Lardunan Arewa aka zabi su yi karatu a kasashen waje a Cibiyar Ilimi ta Jami'ar London, wadda a yau ta zama wani bangare na Kwalejin Jami'ar .",refutes,refutes,0.017519532,0.95540947,0.027070945
hausa,Agwaluma na taimakawa wajen rage alamun zazzabi da kuma inganta lafiyar jiki yayin cututtuka masu alaƙa da malaria.,aria mai naci ko wanda bai jin magani. Binciken wanda aka wallafa a kundin BMC Complementary and Alternative Medicine ya bayyana cewa wannan magani ka iya zama sabuwar karbabbiyar hanyar magance zazzabin duba da rashin nasarar da ake samu da sauran nau’ikan magunguna. Agwaluma dai na dauke da sinadar,supports,supports,0.67121667,0.046316773,0.28246656
igbo,Obodo ọtụtụ mmadụ bi n'ime ya na-enwe nsogbu mmiri na ebe obibi dị mma karịsịa ebe ha dị obere.,"Ruo mgbe ndị Europe rutere na Naijiria, akụ na ụba Mbaise dabeere na ọrụ ugbo",nei,nei,0.433797,0.12987496,0.43632802
hausa,Hausawa suna amfani da gyaɗa wajen haɗa ƙuli-ƙuli da wasu nau’ikan abinci ba wai miyar gyaɗa ba kawai.,"Miyar gyaɗa miya ce da ake yi da gyaɗa, sau da yawa tare da wasu sinadarai iri-iri. Babban ne amma kuma ana ci a Gabashin ( ), (yafi a ) da sauran yankuna na . Har ila yau, ya zama ruwan dare a wasu yankuna, kamar arewa maso yamma, da , inda a wasu lokuta ana iya ba da shi da naman kashi da ɗan gajeren taliya ko soya.",nei,supports,0.91787153,0.07177121,0.010357294
yoruba,"Nínú ìtàn, Gẹ̀lẹ̀dẹ́ àti Ẹ̀fẹ̀ kò rú ẹbọ tí Ifá wí ni wọn ò ṣe rọ́mọ bí láyé.","Àbíkéjì Yemọja tó jẹ́ obìnrin tí orúkọ rẹ̀ ń jẹ́ ""Gẹ̀lẹ̀dẹ́"" ni ó sanra gẹ́gẹẹ́ bí ìyá wọn, tí ó dì fẹ́ràn ìyá wọn gidigidi, tí òun náà sì fẹ́ràn láti ma jó. Lẹ́yìn tí àwọn ọmọm méjèjì náà deni tí ń láya òun ọkọ, wọ́n níi. Ṣùgbọ́n, àwọn náà kò rọ́mọ bí, nìyá wọn bá tún gboko Aláwo lọ̀. Ifá ní kí Ẹ̀fẹ̀ òun Gẹ̀lẹ̀dẹ́ ó rúbọ tí ìyá wọ rú kí àwọn náà ó lè dọlọ́mọ láyé. Wọ́n rúbọ gẹ́gẹ́ bí ifá ti wí; ni wọ́n bá dọlọ́mọ wẹẹrẹ lọ́ọ̀dẹ̀.",refutes,refutes,0.016129011,0.96231955,0.021551408
igbo,Ọsụọfịa na Ada Jesus nwere esemokwu. Nke mere ka Ada Jesus bụrụ onye nwụrụ anwụ.,"Rita Edochie, Odumeje, Ada Jesus: 'Chukwu abọrọla m ọbọ n'isi nwada a' Onye na-eme ihe nkiri ama ama aha ya bụ Rita Edochie ekwuola na ọ gbagharala Ada Jesus bụ ọkpaọchị ama ama maka okwu ọjọọ o kwuru megide ya. O kwuru si na obi dị ya ụtọ na ụwa amarala na Ada Jesus tụgidere ya asị. ",nei,refutes,0.017753366,0.931612,0.05063469
hausa,Mamman Shata mawaƙi ne mai kaifin basira wanda ke iya yiwa duk abinda ya ga dama waƙa.,"Ya kasance mashahurin Mawaki, domin a fagen wakarsa ya shahara, Kasancewarsa a cikin wakar ba abin da ba zai iya yi wa waka ba idan ya ga dama.",supports,supports,0.6001859,0.042032514,0.35778162
yoruba,Ọgbẹni Egbebi ò gbìyànjú láti lọ bere lọwọ awọn ara inu ọja kí ó tó gba ohun tí ìyàwó rẹ̀ sọ gbọ́,"Ẹgbẹ oṣiṣẹ ṣe iwọde lati ja fun ẹtọ arabinri oloyun. Ẹwẹ, ẹgbẹ awọn osisẹ nipinlẹ Ondo ti ke si gomina Rotimi Akeredolu lati gba isẹ lọwọ amugbalẹgbẹ rẹ fọrọ akanse isẹ ati aato, Ọmọwe Doyin Odebowale. Saaju la ti mu iroyin wa fun yin pe obinrin alaboyun kan to jẹ osisẹ nileesẹ kolẹ-kodọti lo daku nigba ti Odebowale gba leti lẹnu isẹ. Ẹgbẹ osisẹ naa ni iwa idojuti gbaa ni Odebowale hu si alaboyun naa, Adeola Egbebi lasiko ti obinrin naa wa lẹnu isẹ ladugbo Oja Oba nilu Akure l'Ọjọbọ. Àwọn iròyin tì ẹ leè ní ìfẹ̀ síí: Atẹjade kan ti akọwe ẹgbẹ apapọ awọn osisẹ ọba (AUPCTRE) nipinlẹ naa, Comrade Moyin Banso fisita lọjọ Ẹti, lo sisọ loju ọrọ yii. 'Ẹ kálọ sí ìlú mi'... Ètò ńlá tó bẹ̀ sílẹ̀ kìjà lórí BBC Yorùbá ""A fi gbogbo ẹnu bẹnu atẹ lu iwa ti ọmọwe Odebowale hu si obinrin naa, idi si ree ta se n beere pe kijọba juwe ọna ile fun. Igbesẹ yii nikan si lo le jẹ ki alaafia jọba, ki wọn si maa tọpinpin ipo ti ilera obinrin naa wa."" Ki lo sẹlẹ saaju: Mo dákú rangbọndan lẹ̀yìn tí amúgbálẹ́gbẹ gómìnà Akeredolu fún mi ní ìgbájú olóyì - Aláboyún Alaboyun kan ti fẹsun kan olubamọran pataki lori akanṣe iṣẹ si gomina Rotimi Akeredolu ti ipinlẹ Ondo, Ọmọwe Doyin Odebowale pe o fọ oun leti. Obinrin naa, Egbedi Adeola ati ọkọ rẹ ṣalaye fun BBC Yoruba pe gbagede inu ọja ọba ilu Akure ni iṣẹlẹ naa ti waye. Gẹgẹ bo ṣe sọ, Adeola ni iṣẹlẹ naa waye lasiko ti wọn n ṣe eto gbalumọ inu ọja ti wọn maa n ṣe ni gbogbo Ọjọbọ.",refutes,refutes,0.008896955,0.929189,0.06191395
igbo,Ọrịa mmịwụ gburu Mmesoma Mercy Cynthia Obi. Ọ nwụrụ ọnwa abụọ tupu o mee nncheta ọmụmụ ya.,"Mmesoma Mercy Cynthia Obi Ada Jesus nwụrụ ụbọchị Wenezde n'ụlọọgwụ dị n'Abuja ebe e bugara ya maka ịgwọ ya ọrịa metụtara akịrị, abalị ole na ole o jiri mechaa ncheta ọmụmụ ya. Ụbọchị ncheta ọmụmụ Ada Jesus - Mmesoma Mercy Obi na 19 Epreelu, 2021 Ada Jesus, di ya na ndị ọzọ so ṅụrịa ụbọchị ncheta ọmụmụ ya Otu onye ya na-ezinaụlọ ya dị na mma bụ Harrison Gwamishu gwara BBC Igbo n'ekwentị na akụkọ ahụ bụ eziokwu. ",refutes,refutes,0.13300009,0.8539319,0.013067905
hausa,Malaman addini suna ganin Maulidi na iya amfani da sabbin abubuwa ba tare da bin dukkan ayyukan Annabi ba.," Kuma idan muka lura dacewar dole sai komai Annabi ya aikata zamuyi. Toh muna bukatar amsoshi da dama kamar; 1. Annabi yayi amfani da wayar hannu 2. Yaje makkah a jirgi 3. Ya kira Sallah da sifika 4. Ya sa fanka ko a.c a masallaci 5. Ya hau mota. Da dai sauran su, kuma idan mukai duba da wasu abubuwa addinin Musulunci bazai cigaba ba sai da su kamar zuwa aikin hajji a jirgi, kamar shiga mota saboda ya da Musulunci da dai sauran su. Allah shine masani",nei,refutes,0.4371146,0.5329084,0.029977009
igbo,Dọkịta Nne nke ụlọọgwụ Steve kwụrụ na ọbara ịkpụkọ na ngụ na-aka njọ n'ebe ụmụ nwaanyị buru ibu nọ. Venessa na-akpachara onwe ya anya ugbua igbochi ihe ọbụla ga-eme ka ọbara gbaa n'ime ahụ ya.,"Mana ka otu ọnwa gachara, iku ume Vanessa kawanyere njọ nke mere ka e ziga ya na nnukwu ụlọọgwụ. Ebe ahụ ka nnyocha gosiri na ọbara kpụkọrọ na ngụgụ ya. Vanessa kwuru na dọkịta gwara ya na ""ihe kpatara ọbara mkpụkọ ahụ bụ ọgwụ 'contraceptive' m malitere ịṅụ n'ihi na onweghị ihe ọhụrụ ọzọ m tinyere n'ahụ m."" ""Ha gwara m na ọ bụrụ na chekwuru ka otu ụbọchị gafee tupu m bịa ụlọọgwụ, ihe gaara akawanye njọ."" ",nei,supports,0.81698364,0.15955153,0.02346488
yoruba,Ọlọ́run ṣe àdéhùn fún Dáúdà pé bí ó bá bímọ yóò fi ọmọ náà jọ́sìn fún òun.,"Ọdún Ìdúpẹ́-Ọòrẹ"" jẹ́ ọjọ́ ìsinmi pàtàkì nínú ẹsìn Ìsìlàámù ti àwọn ṣe àjọyọ̀ káàkiri àgbáyé láti ṣerántí àmì kàn tí wọ́n ní ìfẹ sí tí ó ń jẹ́ Ànọ́bì Ìbùrọ̀hìmù ( ( ). Oríṣiríṣi àlàyé ló wà fún ọdún yìi, lára àwọn àlàyé náà ni: Ní ọdún 1991, Sheikh Dr. Abu-Abdullah Adélabú ṣe àlàyé nípa Ọdún Iléyá ní orí Ẹ̀rọ-sọ̀rọ̀sọ̀rọ̀ Rẹ́díò Abùjá wí pé Ọdún Iléyá jẹ́ àjọ̀dún ìfi-ẹ̀mí-ìmọorè-hàn, Ọlọ́hun ní kí Ibrahim ó ṣe láti fi ẹ̀mí-ìmọ́orè hàn èyí tí ó sí fí ọmọ rẹ̀ Ishmael sílè fún ìfi ẹ̀mí-ìmọ́orè hàn sí Ọlọ́run tí ó ṣe àdéhùn fún pé bí oun Ibrahim bá bímọ nínú ogbó pé òun yóò fí ọmọ náà jọ́sín fún Ọlọ́run.",refutes,nei,0.028441705,0.4422891,0.52926916
hausa,"Shinkafa tana da wadatar tushen kuzari mafi inganci, kuma tana da sinadarai, iron da furotin.","Shinkafa tana da wadatar (albarkatun) starch, akwai kabohsaidirat, tushen kuzari mafi inganci. Shinkafa kuma tana da sinadarai, iron da furotin. Wake kuma ya ƙunshi wasu adadi mai kyau na iron da adadin furotin fiye da na shinkafa. Tare suna bada cikakken furotin, wanda ke fitar da dukkan amino acid, Wanda jiki ba zai iya fitarwa da wannan sinadarin da kansa ba.",supports,supports,0.81259066,0.17533511,0.012074252
igbo,Ejike Obumneme Aghanya bụ onye nkụzi kpọ ụmụakwụkwọ ya wee gba ọsọ n'oge Agha Biafra.,"Ejike Obumneme Aghanya Ejike Ebenezer Obumneme Aghanya (27 Nọvemba 1932 - 3 Julaị 2020) bụ onye agha na onye injinia eletrik nke jere ozi na na ndị agha Biafran, na-ala ezumike nká dị ka onye colonel.",refutes,refutes,0.19832148,0.75500274,0.046675827
yoruba,"Ọmọkọ́mọ ni Ayọbámi, olùkọ́ pè é ní òwúrọ̀ yìí, ó sì lu aago pa.","Oyo kéde pé kí àwọn òṣìṣẹ́ ìjọba dáwọ́ iṣẹ́ dúró nítorí coronavirus Ijọba ipinlẹ Ọyọ ti ti ilẹkun ileeṣẹ ijọba pa fun ọsẹ meji gbako nitori itankalẹ aarun coronavirus nipinlẹ naa. Gomina ipinlẹ naa, Seyi Makinde lo kede bẹ ẹ ninu atẹjade kan to fi sita loju opo Twitter rẹ lọjọru. Aṣẹ naa yoo bẹrẹ iṣẹ ni ọjọ Ẹti, ọjọ kẹtadinlọgbọn, oṣu Kẹta, ọdun 2020.",nei,refutes,0.21599919,0.485459,0.2985418
yoruba,Lawal ń tẹ ẹ̀rọ ìbánisọ̀rọ̀ rẹ̀ láti bèrè bóyá ètò Maryland yóò wáyé.,"Gbajugbaja olorin takasufe, David Adeleke ti gbogbo eeyan mọ si 'Davido' naa ko gbẹyin nibi ipolongo ibo fun aburo baba rẹ, Ademọla Adeleke ti o jẹ oludije si ipo gomina lati inu ẹgbẹ oṣelu PDP. Eto idibo si ipo gomina ipinlẹ Ọṣun yoo waye lọjọ kejilelogun oṣu kẹẹsan ọdun yii, Ademọla Adeleke yoo si maa takangbọn pẹlu awọn oludije mẹtadinlaadọta mii. Bi o tile jẹ wipe aago mejila ni wọn sọ wipe eto naa yoo gbinaya, titi di aago meji ọsani, nnkan ko tii fi bẹẹ ṣarajọ nitori awọn alejo pataki ti wọn n reti ko tii gunlẹ si papa ipolongo. Ogunlọgọ awọn eeyan to ti de sibi ipolongo ibo naa ni wọn wọ asọ ẹgbẹjọda ti wọn tẹ́ẹ ami idamọ ẹgbẹ oselu PDP si lara.",nei,nei,0.03693017,0.03828218,0.92478764
hausa,Abubakar Gumi ya yi rikici da malaman sufaye.,A farkon shekara ta 1960 an samu barkewar rikici tsakanin sa da malaman sufaye wanda daga baya rikicin ya koma muhawara a gidajen rediyo da talabijin a shekarun 1970 zuwa shekara ta 1980.,supports,refutes,0.04340997,0.84078467,0.115805335
yoruba,Sunday Igboho ní òun kò fẹ́ oyè ọ̀gá àgbà páta fún ikọ̀ Amotekun nílẹ̀ Yorùbá,"Agba amofin naa gba awọn gomina mejeeji yii ni gbolohun nitori abẹwo ti wọn se sọdọ aarẹ Buhari lọjọru lori eto aabo to mẹhẹ nipa ọsẹ tawọn ọdaran darandaran n se. Bẹẹ ba gbagbe, gomina Makinde ati Akeredolu lo tọ Buhari lọ nilu Abuja lati beere fun afikun eto aabo to peye, nitori ọwọja awọn ọdaran darandaran to gogo nipinlẹ koowa wọn. Àwọn iròyin tì ẹ leè ní ìfẹ̀ síí: Makinde, to bawọn akọroyin sọrọ lẹyin ipade wọn pẹlu aarẹ si ni oun lo anfaani abẹwo naa lati beere fun agbekalẹ afikun ileesẹ ọlọpaa kogberegbe nipinlẹ toun. Ifọrọwerọ pẹlu Gani Adams lori ọrọ Sunday Igboho Amọ Falana, lasiko to n takurọsọ pẹlu awọn akọroyin ni, awọn gomina yiii ni ipese eto aabo to peye wa nikawọ wọn, pẹlu ileesẹ ọlọpaa, ko si yẹ ki wọn lọ sọdọ aarẹ. Agba amofin naa woye pe aarẹ lo n dari ileesẹ ologun nilẹ Naijiria, kii se ileesẹ ọlọpaa, ko ba si san ko jẹ pe ọdọ ajọ to n sakoso ileesẹ ọlọpaa nilẹ wa, ni wọn gbe ibeere wọn lọ.",nei,refutes,0.03439531,0.9580591,0.0075455736
igbo,Ụfọdụ ụmụ nwaanyị na-agabiga ihe mgbu ka ha na-ahụ nsọ ha. Ihe mgbu ha gụnyere mgbakasị ahụ na-ahụ ụfụ. Enwere ụzọ dị icheiche apụrụ inyere nwaanyị nsọ ya na-enye nsogbu aka.,"Nye ụfọdụ ụmụnwaanyị, mkpụrụ ụbọchị atọ ruo ise ahụ ha na-ahụ nsọ ha na-adị ka ọkụmmụọ n'ihi ihe ha na-eji anya ha ahụ. Ụfọdụ na-anọ na mgbakasị ahụ nke bụ na ị gwa ya ofu okwu ọ bakasịara gị ahị (ihe ọ naghị emekarị), ebe ụfọdụ anaghị enweta onwe ha n'ihi ụdịrị ahụ ụfụ ha na-anọ n'ime ya. Mana dịka ikwu na ibe, enyi, onye ọrụ nakwa onye ya na nwaanyị na-ahụ nsọ ya nwere mmekọ n'ụzọ dị iche iche, kedụ ihe ndị ị ga-emere ya iji nyere ọnọdụ ya aka?",supports,supports,0.47401944,0.42616528,0.099815294
hausa,A zaminin mulkin Abdullahi Umar Ganduje aka sayar da filayen makarantu don gina shaguna.,"A shekarar 2019, Gwamna Abdullahi Umar Ganduje ya sanya hannu kan dokar kafa sabbin masarautu huɗu.",nei,supports,0.8972453,0.06533035,0.03742439
igbo,"John Abeng bụ onyeisi ndị uweoji na Steeti Anambra ekwuola na ọ ga-enye aka ịchụpụ ndị ohi, ndịotu nzuzo na ndị ntọrị mmadụ.","Onyeisi ndị uweojii na Anambra steeti bụ John Abang ewkusiela ike na ya ga-enye aka ka Anambra steeti bụrụ kpoo na-nchekwa. O kwukwara na ha ga akpalite ""Operation Puffadder i ji chụpụ ndị otu nzuzo,ndiohi ma ọkachasị ndị ntọrị.""",supports,supports,0.9589043,0.028253032,0.012842636
hausa,An yi yaƙin basasa na Biyafara ne a loƙacin mulkin Janar Yakubu Gawon.,"A ƙarƙashin mulkin Gowon ne masu fafutukar neman ficewa daga Najeriya daga al'umman ibo ƙarkashin jagorancin shugaban su don ƙasar Biafara suka janyo yakin basasa tsakanin gwamnatin Najeriya da kuma mutanen , inda gwamnatin Gowon ɗin tafito ta yaƙesu har sai da suka miƙa wuya.",supports,refutes,0.25114468,0.7401779,0.008677373
hausa,Ba a taba yin shugaban ƙasar da ya wuce shekaru 5 akan mulki a ƙasar Gambiya ba.,"Yahya Jammeh ya yi shekara 22 yana mulkin Gambiya ""Tsohon shugaban ba shi da lokacin da zai mayar da martani kan wadannan karerayi.",refutes,refutes,0.18276207,0.80649656,0.010741342
hausa,Zubairu shine yake jagorancin haɗa waƙoƙin yabon Ahmad at-Tijjanī wanda za ayi ranar jumma'a,"Bugu da ƙari, almajirai a wurare da yawa suna shirya taruka na yau da kullun, galibi a ranar Alhamis da yamma ko kafin Waẓīfa da Hailat al-Jum'ah don yin Allah , ko ambaton . A irin waɗannan tarurrukan, ana iya haɗa waƙoƙin yabon Allah, , Ahmad at-Tijjanī, ko wani shugaban addini tare da zikiri. Irin waɗannan tarurrukan na iya haɗawa da maimaita sauƙaƙa a matsayin ƙungiya ko amsa ƙira, inda ɗaya ko fiye da shugabanni ke jagorantar waƙar wasu kuma suna maimaita ko kuma ba da amsa.",nei,supports,0.9456191,0.045575906,0.008805015
hausa,Neman ilimin addini ya wajaba akan kowanne musulmi namiji da mace,"Ya ce bai dace a ce malami ya wuce sa'a uku yana koyarwa bai huta ba ""amma ka'ida sai a ce ana neman ka yi awa shida ko awa bakwai wanda dole idan ka fara, awa daya, awa biyu kana jin nishadi a kan koyarwa, amma awa uku, awa hudu to ka fara jin jiki ko kwakwalwar kanta tana bukatar a ce ta huta""",nei,refutes,0.056722566,0.90008366,0.043193676
hausa,Shugaban kasa Goodluck Ebele Jonathan ya sha kayi a hannun Muhammadu Buhari a zaben shekarar 2015.,"Buhari ya lashe zaɓen, inda ya kayar da shugaban ƙasa mai ci Goodluck Ebele Jonathan. Wannan shi ne karo na farko a tarihin Najeriya da shugaban ƙasa mai ci ya sha kaye a zaɓen tazarce.",supports,supports,0.73194873,0.24715598,0.020895323
hausa,An yi wa Murtala Muhammad shaidar cewa mutum ne mai son zaman lafiya.,"Murtala Muhammad ya kasan ce Bahaushe ne kuma ne, baya ga haka kuma Murtala Muhammad ya kasan ce shugaba na kowa dake cikin ƙasar Najeriya, wanda baya nuna bamban ci a tsakanin yare ko Addini ga duk mutanan ƙasar Najeriya.",supports,nei,0.024801865,0.22055249,0.75464565
hausa,"Yawancin waƙoƙin zamani basa haɓaka, kuma basa bada wata gudummawa ga haɓakar harshe.","Waka ita ce rubutun adabi, wanda mawaƙi ya rubuta, ta amfani da wannan ka'ida. taron waka music center Waƙar tana da dogon tarihi daban-daban, tana tasowa daban-daban a duk faɗin duniya. Ta samo asali aƙalla tun kafin tarihi tare da waƙoƙin farauta a da kuma waƙar waƙa da waka na daulolin , , da kwarin Volta. Wasu daga cikin rubutattun wakoki na farko a Afirka sun kasance a cikin pyramid texts da kuma aka rubuta a ƙarni na 25 KZ.",nei,refutes,0.012072394,0.7936063,0.19432136
igbo,Alvan Ikoku so n'òtu West African Educational Council (WAEC) ma sonyekwa n'òtù Council nke Mahadum Ibadan na 1950s..,"u mkpa dị iche iche. Ọ jikọtara n'ụdị n'ọtụtụ n'ime 1950s, mgbe Gọọmenti ọmụmụ edemede ugboro ugboro NUT ya iji w",refutes,supports,0.862598,0.053353865,0.08404806
igbo,Ndị bi na ndịda na-asụ Yoruba.,Ndị bi na ya bụ ọdịbendị Igbo dị iche iche na ndị na-asụ dị iche iche: 307 : 315,nei,nei,0.19674034,0.13182612,0.6714335
igbo,"Nwankwo Kanu bụkwa onye nwe igwe onyonyo nke Kanu Sports, ụlọ ọrụ igwe onyonyo egwuregwu Ịntanetị.","Ọ bụkwa onye nwe igwe onyonyo nke Kanu Sports, ụlọ ọrụ igwe onyonyo egwuregwu Ịntanetị.",supports,supports,0.94812363,0.04473208,0.007144299
igbo,Mahadum Trinity College dị na Dublin nke Ireland ji ihe eserese wee sọpụrụ Jaja Wachuku n'afọ 2020.,"Na Fraịde 6 Machị 2020, Trinity College Dublin nke Ireland sọpụrụ Wachuku site na ihe osise a ma ama nke e debere n'ime ụlọ ọrụ akụkọ ihe mere eme nke mahadum ahụ; ebe Wachuku gụsịrị akwụkwọ na 1944 na akara ugo mmụta mbụ na sayensị iwu",supports,nei,0.19019797,0.3536624,0.45613965
hausa,An haifi Ahmad al-Tijani a shekarar 1737 kuma ya kafa tsarin Tijjaniyya a cikin 1780s,"Tarihi da yaɗa oda [ | ] Tushen tsari [ | ] An haifi Ahmad al-Tijani (1737-1815) a Ain Madhi a kuma ya rasu a na . Ya yi karatun addini a Fes, Morocco. Da wahayi daga wasu waliyan Moroko ya kafa tsarin Tijjaniyya a cikin 1780s; kafofin sun bambanta dangane da ainihin kwanan wata tsakanin 1781 da 1784.",supports,supports,0.87179863,0.120282546,0.007918831
yoruba,Mọ́ímọ́í dáa ṣùgbọ́n wọn kì í fí jẹ ìrẹsì àti àwọn oúnjẹ mìíràn.," A tún mọ mọ́í-mọ́í sí ""àlẹ̀lẹ̀"" tàbí ""ọ̀lẹ̀lẹ̀” ní àwọn ẹ̀ka-èdè Yorùbá mìíràn, bẹ́ẹ̀ bí àwọn ènìyàn ṣe mọ̀ ọ́ sí ní àti . Wọ́n sábà máa ń jẹ́ mọ́í-mọ́í pẹ̀lú /kókó. Tubaani (tàbí Tubani) jẹ́ irúfẹ́ oúnjẹ yìí( mọ́í-mọ́í) ní apá Àríwá ilẹ̀ Gánà. Wọ́n máa ń fi , kókó, tàbí kọ́sítádì jẹ mọ́í-mọ́í náà. Ó tún jé oúnjẹ-àfikẹ́ẹ̀gbẹ́ ní àwọn ìnáwó , tí wọ́n ń fi kún ìrẹsì alésèpọ̀ àti irúfẹ́ àwọn oúnjẹ mìíràn.",refutes,refutes,0.026789404,0.9355954,0.03761519
