query_id,language,claim,gold_label,gold_evidence,retrieved_id,retrieved_language,retrieved_evidence,bm25_score,retrieved_exact_gold
afrifact_data_culture_hausa_657,hausa,Shugaba Muhammadu Buhari ya kaddamar da eNaira a ranar 20 ga watan Yunin 2016.,nei,"An samo sunan “Naira” daga kalmar “Nigeria” ta Obafemi Awolowo.Sai dai kuma, Naira a matsayin kudin da Shehu Shagari ya kaddamar a matsayin ministan kudi a shekarar 1973. Babban bankin Najeriya ya yi ikirarin cewa sun yi yunkurin shawo kan hauhawar farashin kayayyaki a duk shekara kasa da kashi 10%.",afrifact_data_culture_hausa_656,hausa,"Daga ranar 20 ga watan Yunin 2016, Naira ta samu damar yin iyo, bayan da aka sanya ta a kan ₦197 zuwa dalar Amurka 1 na tsawon watanni. Ciniki[a cewar wane?] ya yi hasashen yawan adadin naira zai kasance tsakanin ₦280 da ₦350 zuwa dala. A watan Oktoban 2021, Shugaba Muhammadu Buhari ya kaddamar da eNaira, nau'in dijital na kudin jihar a Najeriya.",53.94651934718813,False
afrifact_data_culture_igbo_058,igbo,Ngagharị iwe a bụ ụzọ e si edozi esemokwu.,nei,Ọ bụ nnukwu nnupụisi mbụ ụmụ nwanyị mere na West Africa.,afrifact_data_culture_igbo_296,igbo,"Mbadiwe hibere akwụkwọ akụkọ nke ya, Daily Telegraph, dịka akụkụ ngagharị iwe.",15.243609553628843,False
afrifact_data_culture_igbo_749,igbo,Ihe isi ike anaghị emetụta ihe ndị e ji alụ ụm̀ụ nwaanyị Igbo. Ụmụ ntorobịa Igbo kwuru na ha zuru ka emee.,refutes,"Ndị ntorobia Igbo: Belatanụ Ihe eji alụ nwaanyị Ndị ntorobia Igbo akpola oku ka obodo dị n'Igbo wedata ihe ndị ọ na-eri iji lụọ nwaanyị n'ala igbo. Ndị ntorobịa kwuru a nke na mkparịtaụka BBC hiwere na Facebook ụbọchị Fraide rụtụ®ụaka na ihe isi ike, ihe ilụnwaanyị na-erị nakwa oke mgbuchi nne nna na Igbo na-egbuchi ụmụ ha ndị nwaanyị so 'ihe na akpata alụghhị di maọbụ nwaanyị n'oge.",afrifact_data_culture_igbo_748,igbo,"Ndị ntorobia Igbo: Belatanụ Ihe eji alụ nwaanyị Ndị ntorobia Igbo akpola oku ka obodo dị n'Igbo wedata ihe ndị ọ na-eri iji lụọ nwaanyị n'ala igbo. Ndị ntorobịa kwuru a nke na mkparịtaụka BBC hiwere na Facebook ụbọchị Fraide rụtụ®ụaka na ihe isi ike, ihe ilụnwaanyị na-erị nakwa oke mgbuchi nne nna na Igbo na-egbuchi ụmụ ha ndị nwaanyị so 'ihe na akpata alụghhị di maọbụ nwaanyị n'oge.",57.918365839660446,False
afrifact_data_culture_igbo_384,igbo,"N'ịgbado ụkwụ n'oke ala nakwa ngwaahịa, Ahịa Main Market Ọnicha bụ otu n'ime ahịa kacha bu ibu n'ọdịda anyanwụ Afịrịka",supports,Ahịa Ọnicha nke a makwaara dị ka Onitsha Main Market na bekee bụ otu n'ime ahịa kacha ibu na ọdịda anyanwụ Afrịka dabere na nha ala na oke ngwongwo ahịa a n'ere ebe ahụ.,afrifact_data_culture_igbo_381,igbo,Ahịa Ọnicha nke a makwaara dị ka Onitsha Main Market na bekee bụ otu n'ime ahịa kacha ibu na ọdịda anyanwụ Afrịka dabere na nha ala na oke ngwongwo ahịa a n'ere ebe ahụ.,82.6694809647727,False
afrifact_data_culture_yoruba_723,yoruba,"Abíọ́lá ní ìfẹ́ sí ìṣèlú látìgbà tí ó wà ní ọmọ ọdún mọ́kàndínlógún, ó sì bẹ̀rẹ̀ sí í kópa ní ẹgbẹ́ òṣèlú látàrí ìfẹ́ tí ó ní sí i.rẹ̀ sí i.",supports,"Abíọ́́lá jẹ́ Olóòtú ìwé ìròyìn ọ̀sọ̀ọ̀sẹ̀ ilé-ìwé wọn tí ó ń jẹ́ tí sì jẹ́ igbákejì rẹ. Ó dára pọ̀ mọ́ ẹgbẹ́ ní ìgbà tí ó di ọmọ ọdún mọ́kàndínlógún nítorí ìfẹ́ tí ó ní sí ètò òṣèlú àwa arawa ó darapọ́ mọ́ ẹgbẹ́ òṣèlú jẹ́ olùdásílẹ̀ rẹ̀ Ní ọdún 1960, Moshood jẹ àǹfàníi ẹ̀kọ́ ọ̀fẹ́ ti ijọba láti lọ ka ìwé ní University ti Glasgow ní ìlú Scotland ni ibi tí ó ti gba oyè nínú ìmọ̀ ìṣirò.",afrifact_data_culture_yoruba_721,yoruba,"Abíọ́́lá jẹ́ Olóòtú ìwé ìròyìn ọ̀sọ̀ọ̀sẹ̀ ilé-ìwé wọn tí ó ń jẹ́ tí sì jẹ́ igbákejì rẹ. Ó dára pọ̀ mọ́ ẹgbẹ́ ní ìgbà tí ó di ọmọ ọdún mọ́kàndínlógún nítorí ìfẹ́ tí ó ní sí ètò òṣèlú àwa arawa ó darapọ́ mọ́ ẹgbẹ́ òṣèlú jẹ́ olùdásílẹ̀ rẹ̀ Ní ọdún 1960, Moshood jẹ àǹfàníi ẹ̀kọ́ ọ̀fẹ́ ti ijọba láti lọ ka ìwé ní University ti Glasgow ní ìlú Scotland ni ibi tí ó ti gba oyè nínú ìmọ̀ ìṣirò.",81.87501661985954,False
afrifact_data_culture_hausa_081,hausa,Rabiu Musa Kwankwaso ne ya naɗa Sunusi Lamido Sunusi sarautar Kano bayan mutuwar Ado Bayero.,nei,"Ado Bayero ya kasance kafin ya zama sarkin kano shahararren ɗan kasuwa ne, kuma yayi aikin banki, tsohon ɗan sanda ne kuma Sannan yayi aiki a matsayin jakadan [Nijeriya]",afrifact_data_culture_hausa_073,hausa,"An zaɓi Rabiu musa Kwankwaso a matsayin gwamnan a shekara ta( 1999), ƙarƙashin jam'iyyar( PDP), har zuwa shekara ta( 2003)",25.161272413509153,False
afrifact_data_culture_igbo_141,igbo,Akwa mmiri ahụ adaala.,nei,"Dịka ọ dị ugbua, amabeghi ihe ha kpatara na nzukọ a.",afrifact_data_culture_igbo_142,igbo,Ha kelere onyeisiala Buhari ka o si wete ego eji arụ akwa mmiri Naịja nke abụọ nakwa ndozi ọdọ ụgbọelu Enugu.,13.388414642117336,False
afrifact_data_culture_hausa_389,hausa,"Ango a al'adar Hausawa yana da alhakin siyan kayan lefe kafin aure, sannan kayan ana kai su gidan amarya ta hannun mata.",supports,"Al'adar Hausawa ce inda ango ke siyan kayan amfani masu kyau da tsada a matsayin wata babbar kyauta da zai bawa amaryarsa. Wadannan kyaututtukan ango na gama sayen sune kafin Auren shi, bayan sun gama kammaluwa, sai iyayen Ango kama daga Inna, Gwaggonninsa da sauran su, mata ne suke kai kayan gidan Amarya, Ita kuma Amarya sai iyayen ta mata su karba kayan su dan ba iyayen Ango abinci da dan tukuici. ",afrifact_data_culture_hausa_386,hausa,"Al'adar Hausawa ce inda ango ke siyan kayan amfani masu kyau da tsada a matsayin wata babbar kyauta da zai bawa amaryarsa. Wadannan kyaututtukan ango na gama sayen sune kafin Auren shi, bayan sun gama kammaluwa, sai iyayen Ango kama daga Inna, Gwaggonninsa da sauran su, mata ne suke kai kayan gidan Amarya, Ita kuma Amarya sai iyayen ta mata su karba kayan su dan ba iyayen Ango abinci da dan tukuici. ",74.5900400799176,False
afrifact_data_culture_igbo_241,igbo,Ụfọdụ ụlọakwụkwọ dị na Beijing na Shanghai emepebeghị dịka ụmụakwụkwọ agaghị akwụkwọ taa,refutes,Ụfọdụ ụlọakwụkwọ dị na Beijing na Shanghai emepekwaala dịka ụmụakwụkwọ malitere ịga akwụkwọ taa.,afrifact_data_culture_igbo_242,igbo,Ụfọdụ ụlọakwụkwọ dị na Beijing na Shanghai emepekwaala dịka ụmụakwụkwọ malitere ịga akwụkwọ taa.,64.58631988183673,False
afrifact_data_culture_igbo_424,igbo,O bụ ịkọ ọrụ ugbo so na ọrụ ndị mba Brazil dabere na ya isi na-abawanye ọnọdụ akụ na ụba ha ruo ugbu a.,nei,"Mbaise bụ mpaghara dị na Imo Steeti na ndịda ọwụwa anyanwụ . N'etiti , mpaghara ahụ gụnyere ọtụtụ obodo na obodo ukwu. Ndị bi na ya bụ ndị agbụrụ, ndị jikọtara site na alụmdi na nwunye. Mbaise bụ mpaghara kacha nwee ọnụ ọgụgụ mmadụ n'Ebe Ọdịda Anyanwụ Afrịka; ọnụ ọgụgụ ndị bi na ya n'afọ 2006 bụ puku narị isii na iri nà otu, narị abụọ na anọ.",afrifact_data_culture_igbo_421,igbo,"Ruo mgbe ndị Europe rutere na Naijiria, akụ na ụba Mbaise dabeere na ọrụ ugbo",40.09132087728257,False
afrifact_data_culture_hausa_004,hausa,Muhammadu Buhari ya zama shugan kasa na mulkin soja yana matsayin kanal.,refutes,"Muhammadu Buhari (17 Disamba 1942 – 13 Yuli 2025) ne wanda ya yi mulkin ƙasar a matsayin daga 2015 zuwa 2023. Soja ne mai matsayi na majo janar a , kuma ya shugabanci ƙasar a matsayin daga 31 Disamba 1983 zuwa 27 Agusta 1985. Buhari ya tsaya takarar shugaban ƙasa a Najeriya a ƙarƙashin jam’iyyar a zaɓen shugaban ƙasa na 2003 da na 2007, sannan kuma a ƙarƙashin jam’iyyar Congress for Progressive Change (CPC) a zaɓen shugaban ƙasa na 2011",afrifact_data_culture_hausa_002,hausa,"Muhammadu Buhari (17 Disamba 1942 – 13 Yuli 2025) ne wanda ya yi mulkin ƙasar a matsayin daga 2015 zuwa 2023. Soja ne mai matsayi na majo janar a , kuma ya shugabanci ƙasar a matsayin daga 31 Disamba 1983 zuwa 27 Agusta 1985. Buhari ya tsaya takarar shugaban ƙasa a Najeriya a ƙarƙashin jam’iyyar a zaɓen shugaban ƙasa na 2003 da na 2007, sannan kuma a ƙarƙashin jam’iyyar Congress for Progressive Change (CPC) a zaɓen shugaban ƙasa na 2011",22.522859725722803,False
afrifact_data_culture_igbo_383,igbo,"N'ịgbado ụkwụ n'oke ala nakwa ngwaahịa, Ahịa Main Market Ọnicha akaghị ahịa Arịarịa nke Aba bu ibu",refutes,Ahịa Ọnicha nke a makwaara dị ka Onitsha Main Market na bekee bụ otu n'ime ahịa kacha ibu na ọdịda anyanwụ Afrịka dabere na nha ala na oke ngwongwo ahịa a n'ere ebe ahụ.,afrifact_data_culture_igbo_381,igbo,Ahịa Ọnicha nke a makwaara dị ka Onitsha Main Market na bekee bụ otu n'ime ahịa kacha ibu na ọdịda anyanwụ Afrịka dabere na nha ala na oke ngwongwo ahịa a n'ere ebe ahụ.,57.68341011000024,False
afrifact_data_culture_yoruba_562,yoruba,"Ní orílẹ̀-èdè Nàìjíríà, ètò ìkànìyàn bẹ̀rẹ̀ Ní ọdún 1852 láti ṣe àkọsílẹ̀ iye èèyàn tó wà lórílẹ̀-èdè náà.",nei,"Gẹ́gẹ́bí àkọsílẹ̀ ètò ìkànìyàn ọdún 2006, àpapọ̀ iye enìyàn tó wà ní Àgbádárìgì jẹ́ 241,093.",afrifact_data_culture_yoruba_563,yoruba,"Gẹ́gẹ́bí àkọsílẹ̀ ètò ìkànìyàn ọdún 2006, àpapọ̀ iye enìyàn tó wà ní Àgbádárìgì jẹ́ 241,093.",47.719817806347145,False
afrifact_data_culture_igbo_173,igbo,Otu onye bi n'Anambra kwuru na ọ ruola afọ iri mmiri gbadebere na mpaghara ya.,refutes,Otu onye bi Enugwu sị na o ruola afọ iri mmiri gbadebere na mpaghara ya bi n'Enugwu.,afrifact_data_culture_igbo_172,igbo,Otu onye bi Enugwu sị na o ruola afọ iri mmiri gbadebere na mpaghara ya bi n'Enugwu.,51.45947399896688,False
afrifact_data_culture_hausa_058,hausa,Usman Dan Fodiyo ɗan asalin kabilar Hausawa ne.,refutes,Shehu Usman Ɗan Fodiyo yayi yaki a tsakanin shekarar alif dubu ɗaya da ɗari takwas da huɗu (1804) har zuwa alif dubu ɗaya da ɗari takwas da sha biyu (1812) ya fito ne daga ƙabilar Toronkawa na fulani. ya kasance daga zuriyar ɗaya daga cikin dangin (Toronkawa) na ƙabilar dake zaune a cikin tun daga farkon shekara ta alif dubu ɗaya da ɗari hudu (1400),afrifact_data_culture_hausa_060,hausa,Usman Ɗan Fodiyo ya haddace Qur'ani yana da ƙananan shekaru a rayuwarsa a ƙarƙashin kulawar mahaifinsa.,23.514075590928087,False
afrifact_data_culture_igbo_301,igbo,Naanị ikuku na ọhịa bụ ihe dị ka ọrụ ugbo mkpa iji wee ịga nke ọma,refutes,"Ọrụ ugbo chọrọ mmiri, aja di mma na ala di larịị.",afrifact_data_culture_igbo_167,igbo,Ikuku bụ otu akụrungwa dị ezigbo mkpa iji chekwaa nri.,28.213583729136865,False
afrifact_data_culture_igbo_735,igbo,"Nnamdị Kanu bụ omeiwu. Ụgbụa, a kpọgara ya ụlọ nga dị na Sokoto.",nei,N'ofesi Otu onye oji egbe agbagbuola ihe ruru mmadụ isii n'otu ụlọọgwụ dị na mba Czech Republic ma gbagbuo onwe ya n'akụkọ ebe ahụ. Ndị uweojii hụrụ ozu nwoke a dịka ọ tọgbọ site n'ọnya egbe ọ gbara onwe ya n'isi.,afrifact_data_culture_hausa_532,hausa,"Ya yi aiki a matsayin mai kula da kuɗi na cikin gida a ƙaramar hukumar , ya riƙe Daraktan kuɗi na musamman na asibitin Sokoto, daraktan kuɗi ma'aikatar ilimi ta Sokoto.",15.65468288175812,False
afrifact_data_culture_hausa_250,hausa,Masanin tarihin abinci da aikin gona James C. McCann ya ba da shawarar daina yaɗa shinkafa.,refutes,"Masanin tarihin abinci da aikin gona James C. McCann yayi la'akari da wannan ikirarin mai yiwuwa idan aka yi la’akari da shaharar shinkafa a cikin kwarin Niger ta sama, amma yana ganin ba zai yuwu tasa ta iya yaɗuwa daga Senegal zuwa inda take yanzu tunda ba a ganin irin wannan yaɗuwar a cikin “harshe, tsarin siyasa ko tarihi "". Maimakon haka ya ba da shawarar cewa tasa ta yaɗu tare da masarautar Mali, musamman masu sana'ar Djula waɗanda suka bazu ko'ina zuwa cibiyoyin kasuwanci da biranen yanki, tare da ɗaukar fasahar tattalin arziƙin ""ƙera, ƙaramin sikelin, da agronomy shinkafa"" gami da addini. na Musulunci.",afrifact_data_culture_hausa_249,hausa,"Masanin tarihin abinci da aikin gona James C. McCann yayi la'akari da wannan ikirarin mai yiwuwa idan aka yi la’akari da shaharar shinkafa a cikin kwarin Niger ta sama, amma yana ganin ba zai yuwu tasa ta iya yaɗuwa daga Senegal zuwa inda take yanzu tunda ba a ganin irin wannan yaɗuwar a cikin “harshe, tsarin siyasa ko tarihi "". Maimakon haka ya ba da shawarar cewa tasa ta yaɗu tare da masarautar Mali, musamman masu sana'ar Djula waɗanda suka bazu ko'ina zuwa cibiyoyin kasuwanci da biranen yanki, tare da ɗaukar fasahar tattalin arziƙin ""ƙera, ƙaramin sikelin, da agronomy shinkafa"" gami da addini. na Musulunci.",46.48586145321855,False
afrifact_data_culture_hausa_827,hausa,Yan majalisar sun ce su wakilan jama'a ne don haka suna da ikon yin ƙarin ayyuka a cikin kasafin.,supports,"Game da ayyukan da aka ce 'yan majalisar sun kara, ya ce su ma wakilai ne ""na jama'a kuma suna da damar sanya ayyukan da za su yi tasiri a rayuwar talaka,"" kamar yadda wata sanarwa da ya aike wa manema labarai ta ce.",afrifact_data_culture_hausa_826,hausa,"Game da ayyukan da aka ce 'yan majalisar sun kara, ya ce su ma wakilai ne ""na jama'a kuma suna da damar sanya ayyukan da za su yi tasiri a rayuwar talaka,"" kamar yadda wata sanarwa da ya aike wa manema labarai ta ce.",39.06469737018706,False
afrifact_data_culture_yoruba_701,yoruba,"Nígbà tí Buhari jẹ́ ààrẹ, ó lo sáà méjì àti àbọ̀ kí ó tó kúrò ní ipò.",refutes,"Muhammadu Buhari (tí wọ́n bí ní Ọjọ́ ketàdínlógún, Oṣù Kejìlá Odún 1942 o si ku ni Oṣu Keje ọjọ 13, Ọdun 2025) olóṣèlú tí ó jẹ́ Ààrẹ orílè-èdè láàrin ọdún 2015 sí ọdún 2023. Ó lo ṣáà àkọ́kọ́ rẹ̀ láàrin odún 2015 sí 2019 àti kejì láàrin ọdún 2019 sí 2023 .",afrifact_data_culture_yoruba_291,yoruba,"Femi Falana Gbajúgbajà agbẹjọ́rò àgbà tó tún jẹ́ ajàfẹ́tọ ọmọniyàn, Femi Falana, tí sàlàyé pé, Sunday Igboho kò lẹ́tọ̀ọ́ láti sọ pé kí ẹnikẹ́ni fi ìlú sílẹ̀, ó yẹ kí ó tẹ̀lé òfin ni. Falana sọ̀rọ̀ yìí lásìkò ìfọ̀rọ̀wérọ̀ rẹ̀ pẹ̀lú BBC l‘Ọjọru lórí ipò tí Nàìjíríà wà àti èrò rẹ̀ lórí àwọn olórí ẹ̀ṣọ́ ààbò tí ààrẹ Buhari yàn. Agbẹjọ́rò àgbà náà ní ""ìjọba gan kò létọ láti lé ẹnikẹni kúrò níbí tó wà nítori òfin Nàìjíríà gan sọ pé, lẹ́yìn ọdún mẹ́wàá tí ènìyàn bá ti gbé ní ìlú kan , ó lẹ́tọ̀ọ́ sí gbogbo ǹkan ti àwọn onílùú náà ní. Kódà kí ènìyàn jẹ́ ayálégbé, gan ó nílò àsìkò tó tó kí wọ́n tó le kúrò nínú ilé."" Ó wá rọ ìjọba ìpińlẹ̀ Oyo láti kọ́ àwọn ìbuba fún àwọn màálú.",33.439103836795766,False
afrifact_data_culture_yoruba_592,yoruba,Gbogbo ìlú tí ó wà ní ìpínlẹ̀ Kwara ni ẹ̀yà náà tẹ̀dó sí.,nei,"Àwọn méjì tí ó jẹ́ akíkanjú jùlọ ìyẹn Ajẹbú àti Olóde ni a pa orúkọ wọn pọ̀ tí ó wá di “AJẸ́BU-OLÓDE” èyí tí à ń pè ní ÌJẸ̀BÚ-ÒDE títí di òní olóni yìí. Èdè Ìjẹ̀bu ni àwọn ẹ̀yà yìí máa ń sọ. A sì le rí wọn káàkiri ilẹ̀ Nàìjíríà. Àpẹẹrẹ àwọn ìlú tí a lè rí ni ẹkùn Ìjẹ̀bú ni Ìjẹ̀bú-Òde, Musin, Ata-Ìjẹ̀bú, Imọ̀pè, Òdo-Pótu, Àgọ́-Ìwòyè, Ìjẹ̀bú-Igbó, Orù, Awà, Ìlápòrú, Ìṣònyìn, Ìpàrí-Ńlá, Òdokálàbà, Ìdọwá, Merígò, Òdoogbolú, Ọ̀ṣọṣà àti bẹ́ẹ̀ bẹ́ẹ̀ lọ.",afrifact_data_culture_yoruba_054,yoruba,"Àwọn ẹ̀yà Yorùbá Àkókó ni wọ́n kó ìdá ogún ó lé ẹ̀sún mẹ́ta (20.3%) nínú ìdá márùn ún tó lé ẹ̀sún meje (5.7%) ènìyàn tí wọn ń gbé ní . Ẹ̀Wẹ̀, agbègbè Àkókó ní ìjọba ìbílẹ̀ mẹ́rin, àwọn ni: , , àti , tí ó fi mọ́ tí ó wà ní àárín àti . Ilé ẹ̀kọ́ fásitì náà wà nílú Bákan náà ni ilé-ìwòsàn ti ìjọba ìpínlẹ̀ wà ní ìlú , nígbà tí ilé-ìwòsàn gbogbo-gbòò ti ìjọba náà wà ní ìlú àti ìlú .",35.69489582186893,False
afrifact_data_culture_igbo_273,igbo,"Mmanya ndị dị ka fanta, coke na sprite na-amasị ụmụaka iji je akwụkwọ",nei,"Eji aha dị iche iche mara ya na mpaghara dị iche iche ma bụrụkwa ihe a na-ahụkarị na mpaghara Eshia, Africa, Caribbean, South America na Micronesia . ",afrifact_data_culture_igbo_776,igbo,"BBC Igbo jụrụ ndị mmadụ na-eso anyị na Facebook ajụjụ ihe ha na-atụnye ego iji mee onwe ha obiụtọ na ihe ọ na-eri ha n'izu. Ọtụtụ kwuru na ihe na-amasị ha gụnyere ịṅụ manya 'beer', mmanya ọtọbịrịbịrị, nkwọbi, azụ ndụ amịrị amị, 'data' e ji aga n'ịntanetị nakwa ego e ji akpọ ekwentị. ",19.112297441322955,False
afrifact_data_culture_hausa_509,hausa,"Hadisi na nufin faɗar Annabi Sallallahu Alaihi Wasallama, aikin sa da kuma tabbatarwarsa.",supports,A wajen su ma’anar Hadisi shi ne Hakaito Fadar Manzon Allah [S.A.W] Aikinsa da kuma Tabbatarwarsa.,afrifact_data_culture_hausa_508,hausa,A wajen su ma’anar Hadisi shi ne Hakaito Fadar Manzon Allah [S.A.W] Aikinsa da kuma Tabbatarwarsa.,21.116590937600407,False
afrifact_data_culture_hausa_515,hausa,Sunna na nufin abinda Annabi (S.A.W) ya yi ko aka yi a gabansa bai hana ba.,supports,"Asalin sunan ya zo ne daga kalmar Sunna , wato koyi da yin dukkan abun da Annabi (S.A.W.) ya aikata, ko ya yi umarni, da a aikata ko kuma aka aikata shi a gabansa amma baiyi hani akan abun da aka aikatan ba.",afrifact_data_culture_hausa_515,hausa,"Asalin sunan ya zo ne daga kalmar Sunna , wato koyi da yin dukkan abun da Annabi (S.A.W.) ya aikata, ko ya yi umarni, da a aikata ko kuma aka aikata shi a gabansa amma baiyi hani akan abun da aka aikatan ba.",48.78555261225061,True
afrifact_data_culture_igbo_604,igbo,Ọnụọgụ mmadụ puku abụọ na itoolu anwụọla na mba Kenya n'ihi nje Ebola.,nei,A na-eche na ọtụtụ mmadụ anwụọla na mpaghara Festac dị na Legọs a na-akpọ Abule Ado dịka igwe na-ebu gassị nwuru ọkụ ma gbaa ka ogbunigwe n'ụtụtụ Sọnde. Ebe a mberede a mere dị n'okpuru ọchịchi Amaọdofin. Onye ntaakụkọ BBC nọ n'ebe ahụ n'akọwa na-ana eme nyocha ka achọpụta ụdịrị mmanụ igwe ahụ bụ. Ndị ọrụ gbata gbata dị iche iche nọkwa ebe ahụ.,afrifact_data_culture_igbo_602,igbo,"Kenya emechiela ụlọakwụkwọ n'ihi cioronavirus Onyeisiala Uhuru Kenyatta machikwara ndị si mba ebe coronavirus na-akpa ike ịbata mba Kenya Mba Kenya emechiela ụlọakwụkwọ niile dị na mba ahụ iji gbochie mgbasa ọrịa coronavirus, dịka mmadụ abụọ ọzọ butere ya bụ ọrịa.",30.403997988056254,False
afrifact_data_culture_igbo_029,igbo,Ozi a ha wepụtara adịghị n'akara twitter ha.,refutes,Nke a dị n'ozi ha wepụtara n'akara twitter ha.,afrifact_data_culture_igbo_030,igbo,Nke a dị n'ozi ha wepụtara n'akara twitter ha.,41.26570075783781,False
afrifact_data_culture_yoruba_292,yoruba,Jude Chukwuka: Wò ó bí oríkì àwọn ìlú Yorùbá ṣe yọ̀ lẹ́nu ọmọ Igbo jú ọmọ onílùú lọ.,nei,"Agba amofin naa gba awọn gomina mejeeji yii ni gbolohun nitori abẹwo ti wọn se sọdọ aarẹ Buhari lọjọru lori eto aabo to mẹhẹ nipa ọsẹ tawọn ọdaran darandaran n se. Bẹẹ ba gbagbe, gomina Makinde ati Akeredolu lo tọ Buhari lọ nilu Abuja lati beere fun afikun eto aabo to peye, nitori ọwọja awọn ọdaran darandaran to gogo nipinlẹ koowa wọn. Àwọn iròyin tì ẹ leè ní ìfẹ̀ síí: Makinde, to bawọn akọroyin sọrọ lẹyin ipade wọn pẹlu aarẹ si ni oun lo anfaani abẹwo naa lati beere fun agbekalẹ afikun ileesẹ ọlọpaa kogberegbe nipinlẹ toun. Ifọrọwerọ pẹlu Gani Adams lori ọrọ Sunday Igboho Amọ Falana, lasiko to n takurọsọ pẹlu awọn akọroyin ni, awọn gomina yiii ni ipese eto aabo to peye wa nikawọ wọn, pẹlu ileesẹ ọlọpaa, ko si yẹ ki wọn lọ sọdọ aarẹ. Agba amofin naa woye pe aarẹ lo n dari ileesẹ ologun nilẹ Naijiria, kii se ileesẹ ọlọpaa, ko ba si san ko jẹ pe ọdọ ajọ to n sakoso ileesẹ ọlọpaa nilẹ wa, ni wọn gbe ibeere wọn lọ.",afrifact_data_culture_yoruba_305,yoruba,"Ìyá ọlọ́mọ mẹ́ta ọ̀hún sọ pé ìbànújẹ́ òun maa n wáyé látara bí àwọn ènìyàn ṣe maa n wo òun, àti ìhùwàsí wọn si i lójoojúmọ́. Fídíò mánigbàgbé nípa ìgbà ayé Bàbá Sala ""Ní ìbẹ̀rẹ̀ pẹ̀pẹ̀, mó maa n bi ara mi lérè pé kí lódé tí Ọlọrun fún mi nírú ọmọ bẹ́ẹ̀.'' Abílékọ Mutemi, tó n gbé l'ábúlé Katoloni ní ẹkùn ìlà oorùn Kenya sọ pé ''Ó ṣòro fún mi láti rìn láàrin ìlú pẹ̀lú ọmọ mi, nítorí ojú burúkú tí àwọn ènìyàn fí n wò mí. Agnes sọ pé àìsàn tí wọ́n n pè ní Asphyxia ni ọmọ òun ní. Àìsàn nàá maa n jẹyọ tí ọmọ tuntun kò bá rí atẹ́gùn gbà sára lásìkò tí ìyá rẹ̀ bá n rọbí. Èyí ló fà á tí ẹsẹ̀ rẹ̀ kò ṣe ní àláàfíà, tí wàhálà sí bá ọpọlọ rẹ̀ nàá. Bí o ṣe gba ìwòsàn Lẹ́yìn ọ̀pọ̀lọpọ̀ àbẹ̀wò sí iléèwòsàn, Agnes lọ fi orúkọ ọmọ rẹ̀ sílẹ̀ ní ìléèwé kan tó n kọ́ àwọn ọmọdé nígbà tó wà l'ọ́mọ ọdún mẹ́ta.",22.0249429177346,False
afrifact_data_culture_yoruba_791,yoruba,Ẹ̀sìn ìsìláàmù jẹ́ àṣà tí Ọlọ́run ń lò láti fi ránṣẹ́ sí ànọ́bì kí àlàáfíà àti ìrọ̀rùn lè wà láàárín gbogbo ọmọnìyàn.,refutes," jẹ́ ẹ̀sìn àlááfíà,ìrọ̀rùn àti ìjupá-jusẹ̀ sílẹ̀ fún Ọlọ́run aṣẹ̀dá gbogbo ayé nípa ṣ́iṣe ìfẹ́ àti títèlé àṣẹ rẹ̀ yálà o tẹ́ ọ lọ́rùn tàbí kò tẹ́ ọ lọ́rùn. Ó tún jẹ́ ẹ̀sin tí Ọlọ́run tún fi ránṣẹ́ sí gbogbo ayé látọwọ́ àwọn òjíṣ̣́e rẹ̀ tó ti rán wá ṣáájú ànọ́bì ọmọ Abdullah (kí ìkẹ́ àti ọlà Ọlọ́hun ó ma bá a). ",afrifact_data_culture_yoruba_790,yoruba," jẹ́ ẹ̀sìn àlááfíà,ìrọ̀rùn àti ìjupá-jusẹ̀ sílẹ̀ fún Ọlọ́run aṣẹ̀dá gbogbo ayé nípa ṣ́iṣe ìfẹ́ àti títèlé àṣẹ rẹ̀ yálà o tẹ́ ọ lọ́rùn tàbí kò tẹ́ ọ lọ́rùn. Ó tún jẹ́ ẹ̀sin tí Ọlọ́run tún fi ránṣẹ́ sí gbogbo ayé látọwọ́ àwọn òjíṣ̣́e rẹ̀ tó ti rán wá ṣáájú ànọ́bì ọmọ Abdullah (kí ìkẹ́ àti ọlà Ọlọ́hun ó ma bá a). ",66.12110379024321,False
afrifact_data_culture_yoruba_186,yoruba,Àwọn ọmọ ẹgbẹ́ PDP fẹ̀hónúhàn nílé ẹjọ́ gíga jùlọ lórí owó ìṣúná ẹ̀ka ìdájọ́.,supports,"Àwọn ọmọ ẹgbẹ́ PDP fẹ̀hónúhàn nílé ẹjọ́ gíga jùlọ Iru ofin wo ni wọn fi n ṣe eto owo iṣuna ẹka idajọ tẹlẹ? Ṣaaju ki Aarẹ Buhari to o pa aṣẹ naa, awọn gomina ipinlẹ lo ma n sọ iye owo ti wọn yoo fun awọn ẹka ijọba yooku, to fi mọ yiyọnda owo naa fun wọn. O ma n farahan ninu aba owo isuna ti wọn n gbe lọ siwaju awọn aṣofin ipinlẹ.",afrifact_data_culture_yoruba_184,yoruba,"Àwọn ọmọ ẹgbẹ́ PDP fẹ̀hónúhàn nílé ẹjọ́ gíga jùlọ Iru ofin wo ni wọn fi n ṣe eto owo iṣuna ẹka idajọ tẹlẹ? Ṣaaju ki Aarẹ Buhari to o pa aṣẹ naa, awọn gomina ipinlẹ lo ma n sọ iye owo ti wọn yoo fun awọn ẹka ijọba yooku, to fi mọ yiyọnda owo naa fun wọn. O ma n farahan ninu aba owo isuna ti wọn n gbe lọ siwaju awọn aṣofin ipinlẹ.",45.208524999577065,False
afrifact_data_culture_yoruba_295,yoruba,"Sunday Igboho ní pé àwọn Fulani kò leè dúró, táa bá lo ohun tí a jogún lọ́dọ̀ àwọ̀n bàbá ńlá wa.",nei,"Awọn ara adugbo naa ti wa rọ ijọba ipinlẹ Ọyọ lati tete da si ọrọ naa tori kii se igba akọkọ ree ti awọn ọmọ onilẹ yoo wa maa dun mahuru-mahuru mọ wọn lori ilẹ ti wọn ti ra lati ọdun gbọọrọ. Gẹgẹ bi iroyin naa ti wi, nigba ti BBC Yoruba kan si agbẹnusọ fun ileesẹ ọlọpa nipinlẹ Ọyọ, Olugbenga Fadeyi lati gbọ tẹnu rẹ, o ni ka pe oun pada laipẹ.",afrifact_data_culture_yoruba_308,yoruba,"Sé lọ́ọ̀tọ́ ni Sunday Igboho jó ilé Seriki fulani ní Igangan? Ẹ jẹ́ kí n sàlàyé kí ọ̀rọ̀ le tán nílẹ̀. ""Nígbà tí mo dé Eruwa, mó lọ fi ara mi hàn lágọ̀ọ́ ọlọ́pàá, mò sì sọ ǹkan ti mo bá wá si àdúgbò náà, adáriu ẹka ilé iṣẹ́ ọlọ́pàá náà sì gbà láti tẹ̀lẹ́ wá lọ. Nígbà tí a de Igangan, à tún bá àwọn 'ọlọ́pàá operation Burst' a lọ sínú ]ilú náà rán pẹ́ asì pada lẹ́sẹ̀kẹsẹ̀ láti lọ sọ fún àwọn ọlọ́pà''a. Ìbéérè mi ni pé, ṣe ọ̀gá ọlọ́pàá yóà máa wò wá kí a lọ má dáná sun ilé Seriki? Sé ọlọ́pàá Operation Burst yóò jk kí a lọ tí a bá dáná sun ilé Seriki? Kò sí nkan tó jọ bẹ́ẹ̀ nígbà tí a wà níbẹ̀ nítorí náà àwa kọ́ ni a dáná sun ilé Seriki Fulani. Sunday Igboho wa gba gbogbo ọmọ Kárọ̀-oojíre nímọ̀ràn pé kí wọ́n wà ní ìṣọ̀kàn kí wọ́n sìmì ọ̀rọ̀ òṣèlú ṣíṣe lórí ǹkan tó niṣe pẹlú igbésí ayé àwọn ènìyàn.",28.808104222642168,False
afrifact_data_culture_yoruba_321,yoruba,"Àwọn arákùnrin kan figbe ta nígbà tí wọ́n gbọ́ pé ọmọ Buhari fẹ́ ṣe ìgbeyawò, kódà ọ̀kan lára wọn ní òun máa ṣekú pa ara òun bí òun kò bá ní oore-ọ̀rẹ́ láti fẹ́ arábìnrin náà.",supports,"Amọ oniruuru awọn ọkunrin lo ti jade sita lati kede ifẹ ti wọn ni si Hanan, ni kete ti wọn gbọ pe o fẹ se igbeyawo,to si wu wọn lati fi se aya wọn. Koda, ọkan lara wọn ni Abba Ahmed, ẹni to kede pe oun setan lati pa ara oun ti ọmọ aarẹ ba fi se igbeyawo lẹyin oun. Ọpẹlọpẹ ileesẹ ọlọpaa to parọwa si ọkunrin naa, ti ko fi se bo se wi. Nibayii, Abdullahi Bashir, ẹni ọdun mejilelogun to tun ti yọju sita lori itakun agbaye, to si ni aise alabapade ọmọ aarẹ nilu Abuja lati fẹ, da irẹwẹsi si oun lara. Amọ Bashir, tii se ẹlomiran to tun sẹsẹ kede ifẹ rẹ si Hanan loju opo itakun agbaye, ni to ba jẹ pe ọmọ aarẹ fẹ oun ni, maalu aadọjọ ni oun ko ba fi san owo ori rẹ. Sugbọn ọkunrin naa, ni kete to gbọ pe oloruka ti gba oruka, ti Hanan si ti lọ sile ọkọ rẹ, lo ba gba fun Ọlọrun. Bashir, tii se darandaran nipinlẹ Adamawa lo kede pe oun ti yofẹ pẹlu ọmọ aarẹ ati awọn aworan fọto to n ya. O ni to ba see se ni, obinrin naa lo wu oun lati fi se aya. Iléeṣẹ́ Ọlọ́pàá dènà ọkùnrin tó fẹ́ pa ara rẹ̀ nítorí ọmọbìnrin Buhari Saaju la ti kọkọ mu iroyin wa fun yin pe ileeṣẹ ọlọpaa ni ipinlẹ Kano ni oun ti pẹtu sinu arakunrin kan, Abba Ahmed, to ni oun yoo pa ara oun ti ọmọ aarẹ Buhari, Hanan ko ba fẹ oun. Ahmed ti fi lede bayii pe oun ti jawọ ninu ero bẹẹ, nitori o ti han gbangba pe iru ero bẹẹ ko dara rara, ati wi pe ko fihan pe oun fẹran Hanan.",afrifact_data_culture_yoruba_086,yoruba,"Òjò gbọ́dọ̀ rọ̀ lásìkò ọdún Ẹlẹ́gba ni ìlú Epe- Oba Olufolarin Ogunsan 6) A kii yan Nafila ba ba de Yidi Irun Yidi ko ni Nafila yiyan kankan. Idi ni pe irun yi fun ara rẹ, irun Nafila loun gaan jẹ. Amọ bi eeyan ba fẹ ki irun Yidi ninu Mọsalasi nitori ojo, a le yan Nafila rakaa meji la ti fi ki Mọsalasi eleyi ti a n pe ni Taiyyatu Masjid. Bi o ba jẹ ita gbangba la ti fẹ ki irun yii, ohun to yẹ ni ki olujọsin joko ki o si maa se afọmọ titi ti Imaamu yoo fi gun ori minbari. ",61.27850275626751,False
afrifact_data_culture_igbo_002,igbo,Ndị edemede America na Dreux Richard bi na Okwe iji mezue ederede ya mgbe ọ nọ Naijiria.,supports,Onye edemede America na onye edemede Dreux Richard bi na Okwe iji mezue ederede ya mgbe ọ nọ na Naijiria.,afrifact_data_culture_igbo_003,igbo,Onye edemede America na onye edemede Dreux Richard bi na Okwe iji mezue ederede ya mgbe ọ nọ na Naijiria.,90.64042025445345,False
afrifact_data_culture_hausa_403,hausa,Babu bambanci tsakanin ambaton Musa da Yesu a Al-Qur’ani.,refutes,"A Musulunci, Musa fitaccen Annabi ne kuma manzon Allah kuma mutum ne da aka fi ambata a cikin Alkur’ani, inda aka ambaci sunansa har sau 136, an kuma ba da labarin rayuwarsa fiye da na kowane Annabi. Ana ɗaukan Yesu wani annabi mai muhimmanci tare da haihuwarsa mara uba, (66:12, 21:89) na musamman tare da furcin da aka yi amfani da shi a gare shi, kamar “kalmar” da “ruhu” daga wurin Allah da kuma sura da aka keɓe ga uwarsa Maryamu a cikin Littafi Mai Tsarki.",afrifact_data_culture_hausa_406,hausa,"Al-Qur'ani : rubutun cikin alkur ani bangon Alkur ani (Larabci; القرآن al-Qur'an) ko kuma mai girma kamar yanda akasani, Shine littafin da Allah ya saukar a harshen Annabin Rahama, wato larabci, kuma shine littafin da Allah ya rufe saukar da duk wani littafi mai tsarki a bayansa, (babu littafin da Allah zai sake saukarwa a bayansa) kamar yadda Allah ya saukar ga Annabawan da suka gabata, domin (S A w) shine cika makin Annabawan Allah. Surat al-Nisa' Wanda Allah ya saukar da ayoyinsa ga Annabin Annabi (S.A.W) ta hannun . ",25.734064332785586,False
afrifact_data_culture_yoruba_774,yoruba,Lára àwọn òrìṣà tí Olódùmarè rán wá láti ìkọ̀lé ọ̀run sí ayé ni Èṣù. Ó sì wà láàárín àwọn ibọ ìran Yorùbá.,supports,"Èṣù jẹ́ ọ̀kan lára àwọn tí àwọn ìran Yorùbá ń bọ. Ó wà lára àwọn òrìṣà tí Olódùmarè rán láti ìkọ̀lé ọ̀run wá sí ayé. Èṣù ni a lè pè ní olópàá tàbí agbófiró àwọn òrìṣà yòókù tí Olódùmarè rán. Ìdí nipé òun ní o máa rí i dájú pé wọ́n tèlé òfin. Bí ó tilẹ̀ jẹ́ pé orúkọ Eṣù tí yàtọ̀ láti orílè-èdè kan sí òmíràn, ọ̀nà tí wọ́n ń gbà sìn í kò yàtọ̀.",afrifact_data_culture_yoruba_773,yoruba,"Èṣù jẹ́ ọ̀kan lára àwọn tí àwọn ìran Yorùbá ń bọ. Ó wà lára àwọn òrìṣà tí Olódùmarè rán láti ìkọ̀lé ọ̀run wá sí ayé. Èṣù ni a lè pè ní olópàá tàbí agbófiró àwọn òrìṣà yòókù tí Olódùmarè rán. Ìdí nipé òun ní o máa rí i dájú pé wọ́n tèlé òfin. Bí ó tilẹ̀ jẹ́ pé orúkọ Eṣù tí yàtọ̀ láti orílè-èdè kan sí òmíràn, ọ̀nà tí wọ́n ń gbà sìn í kò yàtọ̀.",80.89267116695672,False
afrifact_data_culture_hausa_064,hausa,Sarauniya Amina ta samu sarautar Zazzau a shekarar 1533.,refutes,"Sarauniya Amina Sarauniyar Zazzau, ta rayu daga shekara ta alif 1533 zuwa shekara ta alif 1610, ɗaya ce daga cikin yara biyu da sarkin Bakwa ya haifa.",afrifact_data_culture_hausa_065,hausa,"Sarauniya Amina Sarauniyar Zazzau, ta rayu daga shekara ta alif 1533 zuwa shekara ta alif 1610, ɗaya ce daga cikin yara biyu da sarkin Bakwa ya haifa.",34.56236402812497,False
afrifact_data_culture_yoruba_121,yoruba,Dangote ni ẹni tí ó kọ́kọ́ ní ilé-iṣẹ́ Ìfọpo ní orílẹ̀-èdè Nàìjííríà.,nei,Ẹ̀wà Àgànyìn jẹ́ oúnjẹ àdúgbò tí ó wọ́pọ̀ ní ọ̀pọ̀lọpọ̀ ìpínlẹ̀ ní orílẹ̀-èdè pàá pàá jùlọ Wọ́n ma ń sábà se ẹ̀wà yí kí ó rọ̀ tàbí kí ó fọ́ dára dára .,afrifact_data_culture_yoruba_278,yoruba,"Bakan naa lọdun 2016, ile aṣofin agba kọ aba aarẹ Buhari lati ya owo to le ni biliọnu mọkanlelọgbọn Dọla ($29.9) lati ilẹ okeere. Ẹwẹ, awọn aṣofin naa tun kọ lati fi ọwọ si yiyan Ibrahim Magu gẹgẹ bi alaga ajọ to n gbogun ti iwa ibajẹ, EFCC, ti wọn fi ẹsun kan pe 'oniwa ibajẹ ni.' Titi di asiko yii, ipo adele alaga ajọ EFCCC ṣi ni Ibrahim Magu wa, ile aṣofin ko fọwọ si iyansipo rẹ bi alaga, eyi ti inu awọn aṣofin ko dun si i. Ọpọlọpọ iyannisipo ti Buhari fẹ ẹ ṣe ni awọn aṣofin naa ko buwọlu, ti awọn miran si pẹ pupọ ki wọn to o fọwọ si i.",27.86293374799999,False
afrifact_data_culture_igbo_379,igbo,Ndị na-achịkwa Ahịa Main Market Ọnicha ruo taata bụ ndị National Union of Road Transport Workers (NURTW).,refutes,Ndị na achịkwa ma na elekọta ahịa ahụ bụ otu a na akpọ na bekee Onitsha Market Traders Association (OMATA).,afrifact_data_culture_igbo_381,igbo,Ahịa Ọnicha nke a makwaara dị ka Onitsha Main Market na bekee bụ otu n'ime ahịa kacha ibu na ọdịda anyanwụ Afrịka dabere na nha ala na oke ngwongwo ahịa a n'ere ebe ahụ.,31.964877976222212,False
afrifact_data_culture_yoruba_731,yoruba,"Ernest wà ní ipò láti ọjọ́ mẹ́rindínlọ́gbọ̀n, oṣù kẹjọ, ọdún 1993 títí dé ọjọ́ kẹ́tadínlógún, oṣù kọkànlá ọdún 1993 tí ó fi fẹ̀yìn tì.",supports,"Ernest Adégúnlé Oládéìǹdé Shónèkàn, ( ọjọ́ kẹẹ̀sán, oṣù Ebi ọdún1936 ní , orílẹ̀-èdè ) jẹ́ agbejọ́rò ará ilẹ̀ Nàìjíríà. Shónékà jẹ́ fún ìgbà díẹ̀ láti ọjọ mẹ́rìndínlọ́gbọ̀n, oṣù kẹ́jọ, ọdún 1993 títí dé ọjọ́ kẹtàdínlógún, oṣù kọkànlá, ọdún 1993 tí ọ̀gágun fipa gbà joba lọ́wọ́ rẹ̀.",afrifact_data_culture_yoruba_727,yoruba,"Ernest Adégúnlé Oládéìǹdé Shónèkàn, ( ọjọ́ kẹẹ̀sán, oṣù Ebi ọdún1936 ní , orílẹ̀-èdè ) jẹ́ agbejọ́rò ará ilẹ̀ Nàìjíríà. Shónékà jẹ́ fún ìgbà díẹ̀ láti ọjọ mẹ́rìndínlọ́gbọ̀n, oṣù kẹ́jọ, ọdún 1993 títí dé ọjọ́ kẹtàdínlógún, oṣù kọkànlá, ọdún 1993 tí ọ̀gágun fipa gbà joba lọ́wọ́ rẹ̀.",88.06022960411067,False
afrifact_data_culture_hausa_579,hausa,Duk farkon damuna manoma na yin amfani da lauje wurin cire ƙiraren ciyawa da suka bushe.,nei,"Haka kuma suna wani karin magana ""akwai lauje cikin naɗi"" ma'ana in kaji bahaushe yace akwai lauje cikin naɗi, kenan akwai wani munafunci.",afrifact_data_culture_hausa_580,hausa,"Akan yi yankan ciyawa dashi domin a baiwa dabbobi na gida, da kuma yankan da amma anfi amfani dashi wajen yankan ciyawa wacce ake bawa awakai da tumaki har da dan maraqin sa.",18.1922268597497,False
afrifact_data_culture_yoruba_763,yoruba,"Ní àgbáyé, ọbẹ̀ jẹ́ ohun pàtàkì nínú oúnjẹ tí ènìyàn ń jẹ láti lókun.",nei,"Ọbẹ̀ Oha jẹ́ ọbẹ̀ tó wọ́pọ̀ ní apá gúúsù mọ́ ìlà-oòrùn orílẹ̀-èdè . Ọbẹ̀ oha jẹ́ ọbẹ̀ agbègbè Ìlà-oòrùn, tó sì jẹ́ pé àwọn ará Íbò ni wọ́n sábà máa ń sè é, láti ará igi ewébẹ̀ láéláé tí orúkọ sáyẹ́ńsì rẹ̀ ń ṣe Pterocarpus mildraedii ni ọbẹ̀ náà ti ṣẹ̀.",afrifact_data_culture_yoruba_714,yoruba,"Àwòrán oúnjẹ; ìyàn àti ọbẹ̀ Iyan ( Yoruba , Hausa , Igbo ) je oúnjẹ òkèlè tí a máa ń jẹ ní orílẹ̀-èdè Nàìjíríà . A máa ń ṣe ìpèsè rẹ̀ nípasẹ̀ gígún ìṣù tí pẹ̀lú Odó àti ọmọ odó ti Iyán àti Ànàmọ́ tí a gún fẹ́ jọra ṣùgbọ́n ohun tó mú ìyàtò wà láàárín wọn ni bí iyán ṣe nípọn tó. Ó jẹ́ oúnjẹ aládùn tí a fi ọwọ́ jẹ. Àwọn ènìyàn Yorùbá máa ń pe iyán... Akpu laarin awọn eniyan tó ń gbé ní gúúsù orílẹ̀ èdè Nàìjíríà. A má ń jẹ ìyàn ni ìpínle Ondo, , Ipinle Kogi, Okun, , ìpínlè Benue ati ni orílè èdè Nàìjíríà laarin awon miran. A le je ìyàn pẹ̀lú ọbẹ̀ egusi, ọbẹ̀ ewedu, tabi ọbẹ̀ ìlà okra, , ọbẹ̀ Ofe Nsala. ",30.013415699617482,False
afrifact_data_culture_hausa_338,hausa,Super Eagles sun lashe Gasar Cin Kofin Afirka ta farko,nei,"Baturen Ingila ne ya fara gabatar da kwallon kafa a Najeriya a farkon karni na ashirin.Wasan kwallon kafa na farko da aka yi rikodin a Nijeriya shi ne a shekara ta Alif 1904. Zuwa shekarar ta 1950, kwallon kafa ta zama wasan kasa na kasar. A wannan lokacin a tarihin Afirka, ƙasashe da yawa sun fara shiga cikin ƙungiyoyin kishin ƙasa inda suka nuna rashin amincewa da ikon mulkin mallaka.A Najeriya, kwallon kafa ta bai wa 'yan kasa abin alfahari na kasa tare da zaburar da su don samun' yancin siyasa.",afrifact_data_culture_hausa_746,hausa,"Kwanaki kadan kafin fara gasar cin Kofin kasashen Afirka ta 2010, tawagar kasar Togo tana cikin shauki. Sun dawo cikin gasar bayan da suka gaza shiga a 2008, suna kokarin karawa da wasu daga cikin manyan tawagogi a gasar.",32.58906901854297,False
afrifact_data_culture_hausa_266,hausa,Jerin sunanyen wannan shekar ya fito daga ofishin shugaban makaranta.,nei,"Ana haɗa shi da ko miyar taushe ko miyar wajen ci. . Wato tuwon shinkafa yana ɗaya daga cikin abincin gargajiya, saboda shi ma akan haɗa shi da garin masara wani sa’in. Amma mafi akasari wasu ba sa sa wa, sannan sunan tuwon shinkafa ya samo asali ne daga shinkafar da ake yinsa da ita.",afrifact_data_culture_hausa_099,hausa,"A ranar 9 ga Maris, 2020, Ganduje ya tsige Sarki Sanusi, ya kuma kore shi daga kan mulki, bisa zarginsa da rashin bin doka da oda daga ofishin gwamna.",13.253133525944984,False
afrifact_data_culture_yoruba_454,yoruba,"Ìṣẹ̀lẹ̀ yìí mú Bisi Fayemi sunkún nítorí ìṣẹ̀lẹ̀ yìí ti ṣẹlẹ̀ sí òun náà rí, lásìkò tó wà ní ilé-ẹ̀kọ́ gíga.",nei,"Akori fidio naa lo pe ni 'Ibalopọ fun maaki' tawọn oloyinbo n pe ni 'Sex for Grades', eyi to ti n mu ki oju awọn opo itakun agbaye gbona jain-jain. Ẹkunrẹrẹ fidio oniwakati kan ti BBC fisita nirọlẹ ọjọ Aje naa ree: End of YouTube post, 1 Bi o tilẹ jẹ pe fidio onisẹju mẹtala pere ni BBC kọkọ ju sori afẹfẹ nidaji ọjọ Aje naa, lawọn oju opo ikansira ẹni rẹ lori itakun agbaye, eyi ti BBC Yoruba ko gbẹyin nibẹ, amọ nigba ti yoo fi di aago meje irọlẹ ọjọ naa, ẹkunrẹrẹ fidio naa, to jẹ oniwakati kan ti gba afẹfẹ kan. Àwọn iròyin tì ẹ leè ní ìfẹ̀ síí: Olukọ kan lati fasiti Eko, UNILAG, Ọmọwe Boniface Igbenegbu pẹlu akẹẹgbẹ rẹ ni fasiti Ghana, Ọmọwe Paul Butakor, ni wọn foju han ninu fidio naa, amọ fidio oniwakati kan yii lo tun fi oju awọn olukọ meji miran han to n kopa ninu iwa idojutini yii lati fasiti mejeeji taa darukọ siwaju naa.",afrifact_data_culture_yoruba_278,yoruba,"Bakan naa lọdun 2016, ile aṣofin agba kọ aba aarẹ Buhari lati ya owo to le ni biliọnu mọkanlelọgbọn Dọla ($29.9) lati ilẹ okeere. Ẹwẹ, awọn aṣofin naa tun kọ lati fi ọwọ si yiyan Ibrahim Magu gẹgẹ bi alaga ajọ to n gbogun ti iwa ibajẹ, EFCC, ti wọn fi ẹsun kan pe 'oniwa ibajẹ ni.' Titi di asiko yii, ipo adele alaga ajọ EFCCC ṣi ni Ibrahim Magu wa, ile aṣofin ko fọwọ si iyansipo rẹ bi alaga, eyi ti inu awọn aṣofin ko dun si i. Ọpọlọpọ iyannisipo ti Buhari fẹ ẹ ṣe ni awọn aṣofin naa ko buwọlu, ti awọn miran si pẹ pupọ ki wọn to o fọwọ si i.",39.80969712963457,False
afrifact_data_culture_yoruba_298,yoruba,Obateru Akinruntan sọ wí pé wíwá ohun tí àwọn máa jẹ ló gbé àwọn kúrò ní Ilé-Ifè.,nei,"Sunday Igboho gba àwọn èèyàn Soka n'Ibadan sílẹ̀ lọ́wọ́ àwọn ọmọ onílẹ̀ tó wá ṣọṣẹ́ Ọrọ di boo lọ, ko yago fun mi ladugbo Soka nilu Ibadan lasiko ti gende meji to gbe ohun ija oloro lọwọ, ti wọn pe ara wọn ni ọmọ onilẹ ya bo agbegbe naa. Owurọ ọjọ Isẹgun ana niroyin gba igboro Ibadan kan, tawọn eeyan si n pe sori redio gbogbo nilu naa pe ẹmi awọn eeyan to n gbe ladugbo naa ko de tori awọn gende agbebọn to ya bo wọn. Àwọn iròyin tì ẹ leè ní ìfẹ̀ síí: A gbọ pe se ni iro ibọn n dun lakọ-lakọ, tawọn eeyan si n sa asala fun ẹmi lasiko ti awọn ọmọ onilẹ ọhun ni ki awọn onile gbe ile wọn kuro lori ilẹ awọn. Se lawọn ọmọde ati agba, alaboyun ati awọn iyalọmọ, to fi mọ awọn arugbo n sa asala fun ẹmi wọn, ti awọn to si laya lati beere pe ki lo fa isẹlẹ naa, jẹ ajẹkun iya. Ẹnikan ti isẹlẹ naa soju rẹ salaye pe ọpẹlọpẹ asaaju ọmọ Yoruba kan, Oloye Sunday Adeyẹmọ, ti gbogbo eeyan mọ si Sunday Igboho to tete de sadugbo ọhun lasiko ti laasigbo naa gbona janin-jani. A gbọ pe Igboho ati ọkunrin kan ti wọn pe orukọ rẹ Babatunde Arowolo, ti gbogbo eeyan mọ si Bako, lo de lasiko lati gba awọn eeyan adugbo naa silẹ, ni kete ti aawọn ọmọ onilẹ naa si foju gaani rẹ, ni wọn ba juba ehoro.",afrifact_data_culture_yoruba_015,yoruba,"Fún ìdí èyí, a lè sọ pé Òrìṣà Aganju ni àjọṣe pẹ̀lú àwọn Òkè Ńláńlá Ilé Cuba, tí a bá sì wò ọjọ́ orí wón tàbí ìgbà tí wọ́n ti wà, a máa tó Ọgọ́rùn-ún ọdún sẹ́yìn. A tún lè sọ pé Ìbínú Òrìṣà Aganju wá ní ìbámu tàbí ní àjọṣe pẹ̀lú OroIna tí ó jẹ́ Òrìṣà kan nílé Cuba tí àwọn Yorùbá gba pe òun ni Ọ̀rànmíyán ni èdè Yorùbá Candomblé [ | ] Ní orílẹ̀ èdè Brazil tí wọ́n ni ìbátan pẹ̀lu àwọn aláwọ̀ dúdú tí Ìsìn wọn fẹ́ jọ tí , Wọ́n gbà pé Aganju a máa ṣé bí ti Òrìṣà Ṣàǹgó, èyí ló mú wọn kí wọn máa pè é ní Xango Aganjú ",27.46558869485343,False
afrifact_data_culture_yoruba_179,yoruba,"Òrìṣà ńlá tí wọ́n máa ń gbóríyìn fún ni Ṣági fún agbára rẹ̀ láti lè pèsè owó, ọlá, àti àṣeyọrí fún àwọn olùsìn rẹ̀.",refutes,"Àwọn Yorùbá gbà gbọ́ pé Olókun ní ó bí Aje, èyí tí ó jẹ́ Òrìsà fún Ọrọ̀, Ọlá, tí ó wà ní ìsàlẹ̀ òkun. Olókun jẹ́ òrìsà tí ó ń darí àwọn ohun tí ó wà lábé Omi òkun, Ó sí jẹ́ òrìsà tí ó lágbára jù gbogbo ohùn tí ó wà lábé Omi òkun tàbí àwọn òrìṣà kékéèèké tí ó wà lábé Omi òkun. Olókun jẹ́ Òrìsà nlá tí wọn máa ń gbórínyìn fún nípa bí ó ti lágbára láti fún àwọn olúsín rẹ ní Owó, Ọlá, Ọrọ̀, àti àṣeyọrí nígbà tí wọn bá kìí tán. ",afrifact_data_culture_yoruba_537,yoruba,"Nigba ti BBC Yoruba beere pe se o ri irisi awọn eeyan to n sisẹ ibi naa, akọroyin naa ni "" A ko ri wọn lọ titi, amọ iwadii mi mi lọdọ awsn to ri wọn fihan pe awọn Fulani ni wọn, ti isẹlẹ naa si tun lọwọ awọn araalu ninu."" Oladoye ni ibi ti isẹlẹ naa ti waye ko to kilomita meji si ibi tawọn sọja duro si, ti wọn ko si yọju rara sibi isẹlẹ naa. Fulani Kidnapping: Owó púpọ̀ la san kí wọ́n tó fi mi sílẹ̀ O wa pari ọrọ rẹ pe bi kii ba se pe ọkọ ọhun duro fun isẹju marun lati gbe eeyan kan nilu Efon Alaaye ni, ọwọ awọn ajinigbe naa ni oun ko ba ko si.",45.0450469325976,False
afrifact_data_culture_yoruba_596,yoruba,Adebayo Shittu je mínísítà fún ètò ìbánisọ̀rọ̀ ní Nàìjíríà láti ọdún 2017 sí ọdún 2019.,refutes,"Adebayo Shittu jẹ́ minisita fún ètò ìbánisọ̀rọ̀ ní Nàìjíríà tẹ́lẹ̀ láàárín ọdún 2011 sí 2019 lábẹ́ Ààrẹ tẹ́lẹ̀ rí. Shittu lo rọpo gege bi minisita fun eto ibanisoro, Isa Ali Pantami lo tele.",afrifact_data_culture_yoruba_596,yoruba,"Adebayo Shittu jẹ́ minisita fún ètò ìbánisọ̀rọ̀ ní Nàìjíríà tẹ́lẹ̀ láàárín ọdún 2011 sí 2019 lábẹ́ Ààrẹ tẹ́lẹ̀ rí. Shittu lo rọpo gege bi minisita fun eto ibanisoro, Isa Ali Pantami lo tele.",61.69794295092562,True
afrifact_data_culture_igbo_616,igbo,Pompeo achọtaghị akwụkwọ na-egosi mmekọrịta ochịchị Trump na mba Ukren.,nei,"Gọọmentị chọburu ka e lie Mugabe ebe a na-eli ndị dike obodo ji biri, mana ezinụlọ ya ekweghị. Ha kwuru na Mugabe chọrọ ka ili ya na nke nne ya bụ Bona dịkọta nso. Onweghị onye ọrụ gọọmentị gbalitere n'ọkwa bịara olili Mugabe. Nwunye ya bụ Grace nakwa ụmụ ya socha duru akpati ya ruo mgbe a dọnyere ya n'ala. ",afrifact_data_culture_igbo_614,igbo,Ndị Pati Democrat nke mba Amerịka enyela odeakwụkwọ mba ahụ bụ Mike Pompeo iwu ka o wepụta akwụkwọ na-egosi mmekọrịta ọchịchị Trump na mba Ukren. Ndị isi kọmitii atọ n'ụlọomeiwu nyere Pompeo otu izuụka iji wepụta akwụkwọ ndị ahụ.,50.01392209303361,False
afrifact_data_culture_igbo_739,igbo,Mansur Dan-Ali nyere ndị agha Naịjirịa iwu ịkwaga Borno ngwangwa.,refutes,Ndị agha kwaga Borno ozugbo! Muhammadu Buhari na ndị isi agha Naịjirịa Gọọmenti etiti enyela ọchịagha Tukur Buratai iwu ya kwara ngwongwo ya gafee n'ọwaanyụ nke ukwu awusa ka ọ ga mara ebe ya bụ asuruasu dowere akaodo. Minista na ahụ maka ndị agha bụ Mansur Dan-Ali kwuputara nke a n'Abuja ụnyahụ.,afrifact_data_culture_igbo_741,igbo,Ndị agha kwaga Borno ozugbo! Muhammadu Buhari na ndị isi agha Naịjirịa Gọọmenti etiti enyela ọchịagha Tukur Buratai iwu ya kwara ngwongwo ya gafee n'ọwaanyụ nke ukwu awusa ka ọ ga mara ebe ya bụ asuruasu dowere akaodo. Minista na ahụ maka ndị agha bụ Mansur Dan-Ali kwuputara nke a n'Abuja ụnyahụ.,37.64747359787855,False
afrifact_data_culture_yoruba_051,yoruba,"Ọ̀kà-Àkókó, Ọ̀bà, Ikun, Arigidi, Ùgbẹ̀, Ọ̀gbàgì, Òkèàgbè jẹ́ àpẹẹrẹ àwọn ìlú tí a lè bá pàdé lábẹ́ ẹ̀yà Àkókó.",supports,"Díẹ̀ lára àwọn ìlú tí wọ́n wà ní abẹ́ Àkókó ni: Ọ̀kà-Àkókó, , Ọ̀bà, Ikun, Arigidi, Ùgbẹ̀, Ọ̀gbàgì, Òkèàgbè, Ìkárám, Ìbárám, Iyani, Àkùngbá, Erúṣú, Àjọwá, Àkùnù, Gedegede, Ìsùà, Àuga, Ìkakúmọ́, Ṣúpárè, Ẹpìnmì, Ìpè, Ìfira, Ìsẹ̀, Ìbòròpa, Ìrùn, Iye, Afin, Ìgáṣì, Ṣósàn, Ìpèsì, Etíòro, Ayégúnlẹ̀, Erítí àti Oyín Àkókó.",afrifact_data_culture_yoruba_052,yoruba,"Díẹ̀ lára àwọn ìlú tí wọ́n wà ní abẹ́ Àkókó ni: Ọ̀kà-Àkókó, , Ọ̀bà, Ikun, Arigidi, Ùgbẹ̀, Ọ̀gbàgì, Òkèàgbè, Ìkárám, Ìbárám, Iyani, Àkùngbá, Erúṣú, Àjọwá, Àkùnù, Gedegede, Ìsùà, Àuga, Ìkakúmọ́, Ṣúpárè, Ẹpìnmì, Ìpè, Ìfira, Ìsẹ̀, Ìbòròpa, Ìrùn, Iye, Afin, Ìgáṣì, Ṣósàn, Ìpèsì, Etíòro, Ayégúnlẹ̀, Erítí àti Oyín Àkókó.",61.77051188922729,False
afrifact_data_culture_hausa_339,hausa,Najeriya ta buga wasan farko a gasar cin Kofin Afirka a shekarar 1963,nei,"Baturen Ingila ne ya fara gabatar da kwallon kafa a Najeriya a farkon karni na ashirin.Wasan kwallon kafa na farko da aka yi rikodin a Nijeriya shi ne a shekara ta Alif 1904. Zuwa shekarar ta 1950, kwallon kafa ta zama wasan kasa na kasar. A wannan lokacin a tarihin Afirka, ƙasashe da yawa sun fara shiga cikin ƙungiyoyin kishin ƙasa inda suka nuna rashin amincewa da ikon mulkin mallaka.A Najeriya, kwallon kafa ta bai wa 'yan kasa abin alfahari na kasa tare da zaburar da su don samun' yancin siyasa.",afrifact_data_culture_hausa_352,hausa,"Ahmad Musa ya zama ɗan na farko da ya ci fiye da ɗaya a gasar cin kofin duniya wato , bayan da yaci Argentina kwallaye biyu a gasar cin kofin duniya ta shekara dubu biyu da goma sha huɗu (2014). Ahmad Musa shine Ɗan na farko da ya zura kwallo a gasar cin kofin duniya ta guda biyu, bayan ya zura kwallaye biyu a ragar Iceland a matakin rukuni na .",37.53246945271594,False
afrifact_data_culture_yoruba_017,yoruba,Aganjú jẹ́ iya Sango àti ìyá Àjàká tí wọ́n jọ jọba ní ìlú Ọ̀yọ́ ri.,refutes,"Aganjú tàbí Aganyú ni òdò awon elédèè Spanish ni wón ń pè ní . Wón gbà pé ó ń ṣíṣe pọ̀ pẹ̀lú nínú Ẹsin ti àwọn Cuban, èyí tí wọ́n ń pè ní Santería. Wọ́n gbàgbọ́ pé Aganjú ni àjọṣe pẹ̀lú Òrìsà ṣàǹgó. Gẹ́gẹ́ bí Ọba ní Ọ̀yọ́ rí, Aganju jẹ́ ọmọ Ẹ̀gbọ́n Ṣàǹgó tí orúkọ rẹ̀ ń jẹ́ Àjàká. Èyí tí ó jẹ́ pé àwọn méjèèjì tí fi ìgbà kan jẹ́ Ọba ìlú Ọ̀yọ́ rí tí wọ́n ti ìpàṣẹ rẹ̀ di Òrìṣà tí wọ́n ń bọ.",afrifact_data_culture_yoruba_015,yoruba,"Fún ìdí èyí, a lè sọ pé Òrìṣà Aganju ni àjọṣe pẹ̀lú àwọn Òkè Ńláńlá Ilé Cuba, tí a bá sì wò ọjọ́ orí wón tàbí ìgbà tí wọ́n ti wà, a máa tó Ọgọ́rùn-ún ọdún sẹ́yìn. A tún lè sọ pé Ìbínú Òrìṣà Aganju wá ní ìbámu tàbí ní àjọṣe pẹ̀lú OroIna tí ó jẹ́ Òrìṣà kan nílé Cuba tí àwọn Yorùbá gba pe òun ni Ọ̀rànmíyán ni èdè Yorùbá Candomblé [ | ] Ní orílẹ̀ èdè Brazil tí wọ́n ni ìbátan pẹ̀lu àwọn aláwọ̀ dúdú tí Ìsìn wọn fẹ́ jọ tí , Wọ́n gbà pé Aganju a máa ṣé bí ti Òrìṣà Ṣàǹgó, èyí ló mú wọn kí wọn máa pè é ní Xango Aganjú ",27.565767704083445,False
afrifact_data_culture_igbo_609,igbo,Esemokwu dị n'etiti n̄ọchịchị Naịjirịa na Nnamdị Kanu. Nke mere ka gọọmentị Naịjirịa tụọ ya nga ndụ.,nei," Ụmụnna - Ndị a bụ ụmụnwoke ụmụọkpala si n'ezinaụlọ dị icheiche n'obodo. Ha bụ ndị na-eme mkpebi gbasara okwu dị icheiche n'obodo etu o si gbasara agamnihu na ọdịmma obodo. Ndị ụmụnna ka a na-ekpesara ma onye ọbụla mee ihe ọjọọ, ha bụ ndị na-aga n'ọnụ arụsị ịchọpụta ihe arụsị na-ekwu gbasara obodo maọbụ gbasara ezinaụlọ ha.",afrifact_data_culture_igbo_523,igbo,"Emmanuel Nnamdị Uba , ma ọ bụ Andy Ụba (amụrụ ya 14 Disemba 1958), bụ onye ndọrọndọrọ ọchịchị Naịjirịa nke ahọpụtara ka Sinatọ ndị ndịda Anambara , Naịjirịa, na Epurel 2011.",30.690243426907713,False
afrifact_data_culture_yoruba_339,yoruba,"Ìròyìn fi lélẹ̀ pé ọ̀rẹ́ kòríkòsùn ní àwọn olorì méjèèjì yìí, tí wọ́n sì jọ máa ń wọ àǹkóò lọ sóde ní gbogbo ìgbà.",supports,"Mo ki ara mi ku oriire, mo si gba adura pe ki Ọlọrun tubọ maa bukun fun mi siwaju si. Emi ni iya onile tuntun lọwọlọwọ laarin igboro."" Iroyin ohun to n lọ fi ye ni pe kori-kosun ni Olori Folashade ati Olori Omowunmi, ti ajọsepọ to dan mọran si wa ni aarin awọn mejeeji. Ankoo asọ ni wọn maa n wọ lọ sode nigba gbogbo, ti wọn si maa n dijọ ya aworan papọ lori ayelujara lati fi han araye pe ọrẹ gidi ni awọn laafin Oyo. Bakan naa ni Olori Omowunmi fidi rẹ mulẹ pe kii se oun nikan ni oun gba ẹbun ile alarinrin yii, nitori ọrọ to sẹsẹ kọ soju opo Instagram rẹ lo sisọ loju eyi. Olori Omowunmi mi oun ati Olori Folashade ko sẹsẹ maa pe ara awọn ni oloriire julọ laarin awọn obinrin. ",afrifact_data_culture_yoruba_347,yoruba,"Ọ̀pọ̀lọ̀pọ̀ ìgbà ni ìjínigbé ti wáyé ní ojú ọ̀nà ìlú Ọ̀wọ̀ sí Ìkàrẹ́-Àkókó. Alukoro fun ileeṣẹ ọlọpa nipinlẹ Ondo, Fẹmi Joseph sọ fun akọroyin BBC Yoruba, pe eniyan mẹta ni awọn ti wọn ji gbe lootọ, ṣugbọn ''ileeṣẹ ọlọpaa ko ti i le sọ boya Fulani lo ji wọn gbe nitori pe a ko ti i ri wọn'' tako iroyin to jade pe awọn fulani daran-daran lo ji wọn gbe. Bakan naa lo sọ ijinigbe ati iwa ọdaran gbogbo kiiṣe ọrọ ẹya tabi ẹsin. Ile isẹ ọlọpaa n gbe Ọrẹkunrin Khadijat rẹlẹ ẹjọ ni Ọjọ Aje ""Ọwọ wa tẹ awọn afurasi ajinigbe mẹjọ ni bi ọsẹ meji sẹyin, ko si si ẹya Fulani kankan lara wọn. Awọn mẹjọ naa si ti wa ni ihamọ nitori ọrọ wọn ti de ile ẹjọ."" Gẹgẹ bi ohun ti Joseph sọ, ọkan lara awọn mẹta ti wọn ji gbe jẹ olukọ ni ileewe gbogbonise Rufus Giwa to wa ni ilu Ọwọ nipinlẹ Ondo. Ọna to lọ si ilu Ipele nitosi Ọwọ ni wọn ti ji olukọ naa gbe.",45.772935829175054,False
afrifact_data_culture_igbo_552,igbo,Davido kwuru na enyi ya nwaanyị bụ Chioma nwere ọrịa coronavirus. Davido matara ọrịa enyi ya nwaanyị mgbe ha si London lọta.,supports,Davido kọwara na ọ bu dịka o si njem Lọndọn lọta were mee nyocha ka ha chọpụtara na Chioma bụ coronavirus. Nwa ha nwoke ebughị ya bụ ọrịa. O kwuru na-ahu siri Chioma ike dịka o dopụrụ onwe ya ma na anata ọgwụgwọ.,afrifact_data_culture_igbo_551,igbo,Davido kọwara na ọ bu dịka o si njem Lọndọn lọta were mee nyocha ka ha chọpụtara na Chioma bụ coronavirus. Nwa ha nwoke ebughị ya bụ ọrịa. O kwuru na-ahu siri Chioma ike dịka o dopụrụ onwe ya ma na anata ọgwụgwọ.,58.632687000951044,False
afrifact_data_culture_igbo_765,igbo,Gọọmentị Naịjerịa na-achọ ụzọ ha ga-esi ebite ego ha ga-etinye n'ọrụ ugbo.,nei,"Mmefu ego gọọmentị na ịkwụghachi ego mbite na-arị elu mana ego dị n'akpaego obodo ejirila pasentị 45 ghara iru ihe o kwesiri kemgbe afọ 2015. N'agbanyeghi nke a, onyeisiala Naịjirịa ebunyela ụlọọrụ na-elekọta ụgwọ ụtụ isi ukpa ekele maka iwulite ọnụ ọgụgụ ndị na-akwụ ụgwọ ụtụ isi kemgbe afọ 2015.",afrifact_data_culture_igbo_805,igbo,"Mazị Sam Ohuabunwa bụ onye ihe gbasara mkpata na mmefu akụ doro anya kwenyere na ya bụ egwu Atiku na-atụ. Ọ sị na n'ezie, ndị ebitere ego nwereike ịbịa were akụ na ụba Naịjirịa, mana na-enwere ụzọ ọzọ ha ga-esi gbata ụgwọ ego ha karịrị ịnwere akụ na ụba Naịjirịa. Ọ sị na ""ha nwereike ịme ka ego Naịjirịa tipie etipie nke bụ na-ọnweghịzị ihe ọ ga-egoteli na mba ụwa. Onweghịzịkwa ndị ga-atụkwasa Naịjirịa obi maka iresi ha ihe ma ha ejighị ego"".",27.721126739344275,False
afrifact_data_culture_yoruba_528,yoruba,Wizkid jẹ́ ọ̀kan lára àwọn olórin tàkásúfẹ̀ẹ́  Afro Beat tó wà ní orílẹ̀-èdè Nàìjíríà.,supports,Orin Takasufe Afro kíkọ lọ́nà àrà Ọpọlọpọ ọmọ Naijiria lo ti gbe ògo orin Takasufe ti wọn n pe ni Afro Beats ga nile ati lẹyin odi. Wizkid jẹ ọkan lara awọn ọdọmọde olowo to bẹrẹ orin kikọ lọmọ ọdun 11 nile ijọsin Eyi tun pegede si ti orin oloogbe Fela Anikulapo Kuti to n kọ Afro Beat nigba aye rẹ ninu eyi to ti ṣadapọ orin alariwo ati takasufe papọ.,afrifact_data_culture_yoruba_527,yoruba,Orin Takasufe Afro kíkọ lọ́nà àrà Ọpọlọpọ ọmọ Naijiria lo ti gbe ògo orin Takasufe ti wọn n pe ni Afro Beats ga nile ati lẹyin odi. Wizkid jẹ ọkan lara awọn ọdọmọde olowo to bẹrẹ orin kikọ lọmọ ọdun 11 nile ijọsin Eyi tun pegede si ti orin oloogbe Fela Anikulapo Kuti to n kọ Afro Beat nigba aye rẹ ninu eyi to ti ṣadapọ orin alariwo ati takasufe papọ.,27.726892099951918,False
afrifact_data_culture_igbo_624,igbo,Mmadụ iri asaa na asatọ nọ n'ime ụgbọelu Sibera Airlines si obodo Tel Aviv aga obodo Novobirsk Rọshịa nwụrụ ka ugbọelu ha dabara n'oshimiri ojii. Ndị agha Ukren gọrọ na aka ha adịghị ya mechaa kweta na aka ha dị na ya.,supports,"Otu ụgbọelu Siberia Airlines plane si obodo Tel Aviv dị na Esrel aga obodo Novosibirsk, dị na Rọshia oge agbaturu ya. Ụgbọelu a dabara n'ime oshimiri ojii. Mmadụ 78 nọ n'ime ya nwụrụ. Ndị agha Ukren kwuburu na aka ha adịghị ya mana ha mechara kwenyere na ọ bụ ha. Ha sị na ọ bụ ka a na-akuziri ndị agha ka ihe mere.",afrifact_data_culture_igbo_623,igbo,"Otu ụgbọelu Siberia Airlines plane si obodo Tel Aviv dị na Esrel aga obodo Novosibirsk, dị na Rọshia oge agbaturu ya. Ụgbọelu a dabara n'ime oshimiri ojii. Mmadụ 78 nọ n'ime ya nwụrụ. Ndị agha Ukren kwuburu na aka ha adịghị ya mana ha mechara kwenyere na ọ bụ ha. Ha sị na ọ bụ ka a na-akuziri ndị agha ka ihe mere.",122.24659392152475,False
afrifact_data_culture_yoruba_722,yoruba,"Ní ọdún 1950, Moshood gba àǹfààní ẹ̀kọ́ ọ̀fẹ́ ti ìjọba, tí ó fi gba oyè nípa imọ̀ ìṣirò.",refutes,"Abíọ́́lá jẹ́ Olóòtú ìwé ìròyìn ọ̀sọ̀ọ̀sẹ̀ ilé-ìwé wọn tí ó ń jẹ́ tí sì jẹ́ igbákejì rẹ. Ó dára pọ̀ mọ́ ẹgbẹ́ ní ìgbà tí ó di ọmọ ọdún mọ́kàndínlógún nítorí ìfẹ́ tí ó ní sí ètò òṣèlú àwa arawa ó darapọ́ mọ́ ẹgbẹ́ òṣèlú jẹ́ olùdásílẹ̀ rẹ̀ Ní ọdún 1960, Moshood jẹ àǹfàníi ẹ̀kọ́ ọ̀fẹ́ ti ijọba láti lọ ka ìwé ní University ti Glasgow ní ìlú Scotland ni ibi tí ó ti gba oyè nínú ìmọ̀ ìṣirò.",afrifact_data_culture_yoruba_721,yoruba,"Abíọ́́lá jẹ́ Olóòtú ìwé ìròyìn ọ̀sọ̀ọ̀sẹ̀ ilé-ìwé wọn tí ó ń jẹ́ tí sì jẹ́ igbákejì rẹ. Ó dára pọ̀ mọ́ ẹgbẹ́ ní ìgbà tí ó di ọmọ ọdún mọ́kàndínlógún nítorí ìfẹ́ tí ó ní sí ètò òṣèlú àwa arawa ó darapọ́ mọ́ ẹgbẹ́ òṣèlú jẹ́ olùdásílẹ̀ rẹ̀ Ní ọdún 1960, Moshood jẹ àǹfàníi ẹ̀kọ́ ọ̀fẹ́ ti ijọba láti lọ ka ìwé ní University ti Glasgow ní ìlú Scotland ni ibi tí ó ti gba oyè nínú ìmọ̀ ìṣirò.",40.91740513292559,False
afrifact_data_culture_igbo_611,igbo,Ndị ụmụnna abaghị uru ọbụla n'obodo maọbụ n'ezinụlọ ha.,refutes," Ụmụnna - Ndị a bụ ụmụnwoke ụmụọkpala si n'ezinaụlọ dị icheiche n'obodo. Ha bụ ndị na-eme mkpebi gbasara okwu dị icheiche n'obodo etu o si gbasara agamnihu na ọdịmma obodo. Ndị ụmụnna ka a na-ekpesara ma onye ọbụla mee ihe ọjọọ, ha bụ ndị na-aga n'ọnụ arụsị ịchọpụta ihe arụsị na-ekwu gbasara obodo maọbụ gbasara ezinaụlọ ha.",afrifact_data_culture_igbo_612,igbo," Ụmụnna - Ndị a bụ ụmụnwoke ụmụọkpala si n'ezinaụlọ dị icheiche n'obodo. Ha bụ ndị na-eme mkpebi gbasara okwu dị icheiche n'obodo etu o si gbasara agamnihu na ọdịmma obodo. Ndị ụmụnna ka a na-ekpesara ma onye ọbụla mee ihe ọjọọ, ha bụ ndị na-aga n'ọnụ arụsị ịchọpụta ihe arụsị na-ekwu gbasara obodo maọbụ gbasara ezinaụlọ ha.",29.467361870475752,False
afrifact_data_culture_yoruba_288,yoruba,"Arapaja ṣé alága ìjọba ìbílẹ̀ Ìlà-oòrùn Ìbàdán lẹ́ẹ̀mejì ọ̀tọ̀tọ̀, láàárín ọdún 1996 sí ọdún 2003.",supports,"Ohun mẹ́wàá tó yẹ kí o mọ̀ nípa Taofeek Oladejo Arapaja Taofeek Oladejo Arapaja jẹ ọkan Pataki lara awọn oloṣelu Naijiria lati ipinlẹ Oyo, oun si ni Igbakeji Gomina Ipinlẹ Oyo tẹlẹ,lasiko isejọba Adebayo Alao-Akala lati ọdun 2007. Wọn bi Arapaja ni ọjọ kẹwaa, oṣu kọkanla, ọdun 1958. O kawe nile ẹkọ girama Lagelu, niluu Ibadan, o si kawe gboye ni fasiti Wales, nilẹ Gẹẹsi. Ko to darapọ mọ oselu, o ṣiṣẹ pẹlu ileeṣẹ to n ri si eto ẹkọ nipinlẹ Oyo, iyẹn Teaching Service Commision, lọdun 1992. Arapaja ṣe alaga ijọba ibilẹ ila oorun Ibadan lẹẹmeji ọtọtọ, laarin ọdun 1996 si ọdun 2003. Lẹyin naa ni wọn yan si ipo aṣoju-ṣofin fun ẹkun guusu ila-oorun ati ariwa ila-oorun Ibadan laarin ọdun 2003 si 2007. Egbejila Fish Village: Àwọn ọlọ́sìn ẹja ní àwọn fi iṣẹ́ báńkì sílẹ̀ wá ṣe ọ̀sìn ẹja ni Ọdun 2007 ni wọn fi ibo gbe wọle gẹgẹ bii igbakeji gomina ipiinlẹ Oyo labẹ ẹgbẹ oṣelu PDP.",afrifact_data_culture_yoruba_651,yoruba,"Ní ìgbà tí o di ọmọ ọdún mẹ́rìndínlógún ni o gbé ìyàwó, orúkọ́ ìyàwó rẹ̀ a má jẹ́ “Yasodhara”, Nígbà tí o pé ọmọ ọdún mọ́kàndínlọ́gbọ́n ni ìyàwó rẹ̀ bi ọmọ ọkùnrin kan fún-un orúkọ rẹ̀ a ma jẹ́ “Rahula”. Lẹ́hìn tí o bi ọmọ yii tán ìtàn fi ye wa wí pé o se ìrìnàjò lori ẹ̀sìn lẹ́ẹ̀mẹ́rin ọ̀tọ̀ọ̀tọ̀, nígbà tí ọ̀pọ̀ ìtàn sọ wí pé ń se ni o ri ìran lẹ́ẹ̀mẹ́rin.",33.21610016620875,False
afrifact_data_culture_igbo_485,igbo,Lawrence Ifeanyi Ugwuanyi bụ Osote Gọvanọ nke Enugu Steeti malite n'ọnwa Eprel nke afo 2015.,refutes,"Lawrence Ifeanyi Ugwuanyi // (na-ege ntị) CON (nke a maara nke ọma dị ka "" Gburugburu "") (amụrụ na 20 Machị n'afo 1964) bụ onye ndọrọ ndọrọ ọchịchị Naijiria nke a họpụtara dị ka Gọvanọ nke Enugu Steeti n'ọnwa Eprel n'afo 2015, a ṅụrụ iyi na 29 Mee n'afo 2015.",afrifact_data_culture_igbo_486,igbo,"Lawrence Ifeanyi Ugwuanyi // (na-ege ntị) CON (nke a maara nke ọma dị ka "" Gburugburu "") (amụrụ na 20 Machị n'afo 1964) bụ onye ndọrọ ndọrọ ọchịchị Naijiria nke a họpụtara dị ka Gọvanọ nke Enugu Steeti n'ọnwa Eprel n'afo 2015, a ṅụrụ iyi na 29 Mee n'afo 2015.",70.3398811811286,False
afrifact_data_culture_yoruba_498,yoruba,"Eré bọ́ọ̀lù ló pọ̀ jù láàrin àwọn ọmọkùnrin gẹ́gẹ́ bí eré ṣíṣe, àmọ́ eré-ọmọdé mìíràn wà tí wọ́n kúndùn láti máa ṣe.",supports,"Awọn ere idaraya yii ma n jẹ ki ifẹ gbooro si laarin awọn ewe ati ọdọ ni agboole si agboole, ati wi pe, o ma n wu awọn ọmọde naa lati tete dagba ni kiakia, nitori naa ni wọn ṣe n ṣe awọn ere ohun. Erebọọlu lo pọ ju laarin awọn ọmọkunrin gẹgẹ bi ere ṣiṣe, amọ awọn ere ọmọde wọnyiii wa ti wọn tun kundun lati ma a ṣe, paapaa ti wọn ba de lati ile iwe ati labẹ osupa lalẹ ti wọn ba de ile. Awọn ere ọmọde to wọpọ laye igba kan: Ere Tẹ́ntẹ́: Ti wọn ba fẹ ṣe ere yii, awọn ọmọdebinrin a kọju si ara wọn, wọn a si ma a patẹwọ, ti wọn a si maa gbe ẹsẹ wọn bakan naa si orin Tẹ́ntẹ́ ti wọn ba n kọ.",afrifact_data_culture_yoruba_497,yoruba,"Awọn ere idaraya yii ma n jẹ ki ifẹ gbooro si laarin awọn ewe ati ọdọ ni agboole si agboole, ati wi pe, o ma n wu awọn ọmọde naa lati tete dagba ni kiakia, nitori naa ni wọn ṣe n ṣe awọn ere ohun. Erebọọlu lo pọ ju laarin awọn ọmọkunrin gẹgẹ bi ere ṣiṣe, amọ awọn ere ọmọde wọnyiii wa ti wọn tun kundun lati ma a ṣe, paapaa ti wọn ba de lati ile iwe ati labẹ osupa lalẹ ti wọn ba de ile. Awọn ere ọmọde to wọpọ laye igba kan: Ere Tẹ́ntẹ́: Ti wọn ba fẹ ṣe ere yii, awọn ọmọdebinrin a kọju si ara wọn, wọn a si ma a patẹwọ, ti wọn a si maa gbe ẹsẹ wọn bakan naa si orin Tẹ́ntẹ́ ti wọn ba n kọ.",66.55855653073691,False
afrifact_data_culture_hausa_026,hausa,Ana fama da rashin tsaro na boko-haram da yan bindiga a jahohin arewacin Najeriya.,nei,"Gowon ya bayyana cewa shi bai aikata wani aikin ta'addancci ba, asali ma shugabncin ya kwato kasar ne daga rushewa.",afrifact_data_culture_hausa_721,hausa,"Wata kididdiga da aka fitar a watan Maris din bana ta nuna cewa Najeriya ce ta fi yawan mutanen da ke dauke da wannan cuta a duniya, inda kimanin mutum 91,011 ke fama da ita. Yankin arewacin kasar ne kuma aka fi samun wadanda ke fama da cutar. Kuma ana alakanta rashin gwaji kafin aure ne babban dalilin da ya sa cutar ke yaduwa a kasar.",28.396191265478848,False
afrifact_data_culture_igbo_072,igbo,"Na March 17, 1936, n'obodo Igbo dị na Atani ka a mụrụ Osadebe.",supports,"A mụrụ Osadebe na March 17, 1936, n'obodo Igbo dị na Atani na ndịda ọwụwa anyanwụ Naijiria.",afrifact_data_culture_igbo_071,igbo,"A mụrụ Osadebe na March 17, 1936, n'obodo Igbo dị na Atani na ndịda ọwụwa anyanwụ Naijiria.",64.96053708645951,False
afrifact_data_culture_hausa_454,hausa,Ana aikin Hajji ne a ƙarshen shekarar musulunci.,nei,"Mahajjata Aikin Hajji Musulmai suna tafiya a ranar Arfa daga minna Aikin Hajji, Ɗaya ne daga cikin rukunai guda biyar da aka gina addinin akai .",afrifact_data_culture_hausa_455,hausa,"Mahajjata Aikin Hajji Musulmai suna tafiya a ranar Arfa daga minna Aikin Hajji, Ɗaya ne daga cikin rukunai guda biyar da aka gina addinin akai .",21.644299912225204,False
afrifact_data_culture_hausa_195,hausa,Zuwa gidajen shaƙatawa yana ɗebewa mutane kewa ya kawar mu su da damuwarsu.,nei,"An kafa wurin shakatawa na Kainji a shekara ta 1978 kuma an raba shi zuwa sassa uku daban-daban, Zugurma Game Reserve, Borgu Game Reserve da Kainji Lake.",afrifact_data_culture_hausa_701,hausa,"Masu bincike sun ce a mafiya yawan lokutan mutane kan tura da sakonin karya ko kuma hotonan bidiyo bogi zuwa ga sauran mutane da suke mu'amala da su a dandalin sada zumunta, inda wasu suna da mabiya fiye da 100. Daga nan ne cikin sauri sai gungun mutane su taru domin kai wa baki hari, kuma 'yan sanda ba su da isashen lokacin mayar da martani.",17.703573369973427,False
afrifact_data_culture_igbo_455,igbo,"N'oge Chris Nwabueze Ngigeji ọkwa Gọvanọ Anambra Steeti, ndị òtù Peoples Democratic Party gbahapụrụ ya",nei,Ọ bụ gọvanọ Anambra steeti na Naịjirịa site na Mee 2003 ruo Maachị 2006 n'okpuru People's Democratic Party (PDP).,afrifact_data_culture_igbo_328,igbo,"Gọvanọ nke Anambra Steeti [ | ] Anambra na Mgbe ọ laghachiri na ọchịchị onye kwuo uche ya na 1998, Chinwoke Mbadinuju ghọrọ onye na-azọ ọkwa gọvanọ nke People's Democratic Party (PDP) maka ọchịchị Anambra State",37.58381012465186,False
afrifact_data_culture_yoruba_148,yoruba,"Asúnrétete kò ní kọjá ilé, Arìngbẹ̀rẹ̀ kò ní sùn sọ́nà.",nei,"Lẹ́hìn èyí, tí àwọn méjèèjì sí ti gbà fún Ọlọ́hun wọn Allah tí wọ́n sì ṣe ijúwọ̀-jusẹ̀ sílè fún Ìfẹ Ọlọ́hun), tí òun (Ibrahim) sí tí tẹ́ orí ẹ́e (Ishamel) lọ sílẹ̀ (ní ààyè itébà sí iwájú); ""Báyìí náà ní Àwa sí pé òun: ""Ìwọ Ibrahim o!"" ""Ìwọọ (Ibrahin) tí ṣe gẹ́gẹ́ bí A ti fi hàn ó (ní ojúran) ní òtítọ àti ní òdodo! Báyìí náà sì ní Àwa ṣe má ń san ẹ̀san fún (gbogbo àwọn) Múhsínùn (olùṣe rere lótitọ àti l'ódodo) - Sheikh Adélabú ṣe ìtọka sí Ẹsẹ Ọrọ Ọlọ́hun nínú kúránì Orí 2:112)."" Láì kọ́ ṣe àníàní, ìdánwò nlá tí ó fi ojú hàn gbángba ní eléyìí jẹ́. Nítorí ìdí èyí ní À wa fi ṣe ìrópò (gẹ́gẹ́ bí ìràpadà) ọmọ (Ishamael) tí òun (Ibrahim) náà pẹ̀lú àgùntàn kàn bọ̀lọ̀jọ̀ (láti fi dípò ní ṣíṣe ìdúpẹ́ òòrè láti Ọ̀dọ̀ Ọlọ́hun)",afrifact_data_culture_yoruba_437,yoruba,"Gẹgẹ bi akọsilẹ itan igbesi aye rẹ to wa lori ayelujara itakun agbaye ijọ naa, genesisglobal.org, idile ti ko ri ọwọ rọri lo ti wa, nitori oju owo pọn awọn obi rẹ pupọ. O kiri ọja bi mọin-mọin ati burẹdi, bakan naa lo sẹ awọn iṣẹ pẹẹpẹẹpẹ lati ran awọn obi rẹ lọwọ gẹgẹ bi akọbi. Iṣẹ ati oṣi to ba awọn obi rẹ finra ko jẹ ko lọ si ileewe tayọ ileewe girama. Koda, ko kẹkọọ pari ti ko fi lọ mọ. Kilo gbe e de ijọ Celestial? Itan igbesi aye Wooli Oladele Ogundipe sọ pe idile rẹ ko fẹran ijọ alaṣọ funfun, nigba to wa ni kekere. Igbagbọ wọn ni pe awọn to n lọ si awọn ijọ naa maa n ṣe oogun, ati awọn nkan ti ko tọ gẹgẹ bi Kristiẹni to jẹ atunbi. Ijọ Aposteli Kristi, CAC, ni oun ati awọn obi rẹ n lọ. Iwaju ile wọn si ni ile ijọsin naa wa.",15.225666585590588,False
afrifact_data_culture_igbo_470,igbo,"Irighiri ihe ndị e ji esi ofe egusi gụnyere mmanụ, ose, yabasị, akwụkwọ nri, crayfish, anụ, azụ, bitterleaf, pumpkin leaf na spinach.",supports,"E wezụga mkpụrụ, mmiri, na mmanụ, ofe egusi na-enwekarị akwụkwọ nri, , akwụkwọ nri ndị ọzọ, ihe na-esi ísì ụtọ, na anụ. Akwụkwọ nri ndị a na-ejikarị eme ofe egusi gụnyere bitterleaf, pumpkin leaf, celosia na spinach. Nri ndị ọzọ na-agụnye tomato na okra. Ihe ndị a na-ahụkarị na-agụnye ose chili, yabasị, na agwa igurube. A na-ejikarị anụ ehi, ewu, azụ, shrimp, ma ọ bụ crayfish.",afrifact_data_culture_igbo_471,igbo,"E wezụga mkpụrụ, mmiri, na mmanụ, ofe egusi na-enwekarị akwụkwọ nri, , akwụkwọ nri ndị ọzọ, ihe na-esi ísì ụtọ, na anụ. Akwụkwọ nri ndị a na-ejikarị eme ofe egusi gụnyere bitterleaf, pumpkin leaf, celosia na spinach. Nri ndị ọzọ na-agụnye tomato na okra. Ihe ndị a na-ahụkarị na-agụnye ose chili, yabasị, na agwa igurube. A na-ejikarị anụ ehi, ewu, azụ, shrimp, ma ọ bụ crayfish.",103.96155333023407,False
afrifact_data_culture_yoruba_663,yoruba,"Ní ilẹ̀ Adúláwọ̀, ọ̀pọ̀lọpọ̀ àgbẹ̀ ní ń gbin iṣu.",supports,"A máa ń gbin iṣu láti jẹ ẹ́ bí i oúnjẹ, pàápàá jù lọ, ní ilẹ̀ Adúláwọ̀. Ọ̀pọ̀lọpọ̀ iṣu ni ó wà nítorí pé ọ̀pọ̀lọpọ̀ àgbẹ̀ ní ń gbin iṣu.",afrifact_data_culture_yoruba_662,yoruba,"A máa ń gbin iṣu láti jẹ ẹ́ bí i oúnjẹ, pàápàá jù lọ, ní ilẹ̀ Adúláwọ̀. Ọ̀pọ̀lọpọ̀ iṣu ni ó wà nítorí pé ọ̀pọ̀lọpọ̀ àgbẹ̀ ní ń gbin iṣu.",60.54074346361527,False
afrifact_data_culture_hausa_163,hausa,Tsadar fitulu masu amfani da hasken rana ne yasa gwamnatoci ke barin titinan jiharsu a cikin duhu.,nei,"Sanya fitulun titi masu amfani da hasken rana a babban birnin jihar ya kara inganta rayuwar mazauna jihar, tare da inganta tsaro da tsaro.",afrifact_data_culture_hausa_168,hausa,"Sanya fitulun titi masu amfani da hasken rana a babban birnin jihar ya kara inganta rayuwar mazauna jihar, tare da inganta tsaro da tsaro.",28.189660559283737,False
afrifact_data_culture_hausa_578,hausa,Bahaushe ya na da karin magana daban-daban da ya ke amfani dasu wurin isar da saƙonni.,nei,"Akan yi yankan ciyawa dashi domin a baiwa dabbobi na gida, da kuma yankan da amma anfi amfani dashi wajen yankan ciyawa wacce ake bawa awakai da tumaki har da dan maraqin sa.",afrifact_data_culture_hausa_245,hausa,"A wurare da yawa, wake da shinkafa ana cakuɗasu tare wurin dahuwar maimakon a haɗa su . Ana sanya nama ko wasu kayan abinci a wasu lokuta a saman wake da shinkafar ko, idan an cakuɗasu wato dafa duka. Yankuna daban-daban suna da fifiko daban-daban.",24.362382288262253,False
afrifact_data_culture_igbo_325,igbo,Chinwoke Mbadinuju zọrọ ọkwa onye isi ala ka afọ anọ gachara Naịjirịa laghachiri n'ọchịchị onye kwuo uche ya n'afọ 2003.,refutes,"Gọvanọ nke Anambra Steeti [ | ] Anambra na Mgbe ọ laghachiri na ọchịchị onye kwuo uche ya na 1998, Chinwoke Mbadinuju ghọrọ onye na-azọ ọkwa gọvanọ nke People's Democratic Party (PDP) maka ọchịchị Anambra State",afrifact_data_culture_igbo_328,igbo,"Gọvanọ nke Anambra Steeti [ | ] Anambra na Mgbe ọ laghachiri na ọchịchị onye kwuo uche ya na 1998, Chinwoke Mbadinuju ghọrọ onye na-azọ ọkwa gọvanọ nke People's Democratic Party (PDP) maka ọchịchị Anambra State",55.52753489018936,False
afrifact_data_culture_igbo_169,igbo,Uche Nwonwu kwuru na ọ bụ mmiri dị n'azụ be ha ka ha na-aṅụ.,refutes,"Ọ sị na ""ọ bụ mmiri ndị mmadụ gbapere na be ha ka ha na-aṅụkarị.""",afrifact_data_culture_igbo_170,igbo,"Ọ sị na ""ọ bụ mmiri ndị mmadụ gbapere na be ha ka ha na-aṅụkarị.""",31.41846999485372,False
afrifact_data_culture_igbo_688,igbo,Nabil Fekir kpọ ndị ya nọ n'otu egwuregwu Lyon gaa Algerịa inwe obi aṅụrị.,nei,"Ibuli iko mbaụwa bụ ihe e ji anya isi nye obodo ọbụla buliri ya Dele Alli Bamidele Jermaine Alli (Tottenham Hotspur, England) Bamidele Jermaine Alli, nke a ma dịka Dele Alli, na-agbara ndị Tottenham Hotspur na otu egwurewgu bọolụ mba England. Nna Alli bụ onye Naịjirịa. N'asọmpị enyi na enyi ndị Naịjirịa na ndị England gbara nso nso a, ụfọdụ ndị Naịjirịa kworo ya ekwo n'ọgbọ egwuregwu, maka na okweghị agbara ndị Naịjirịa bọolụ mgbe akpọrọ ya oku.",afrifact_data_culture_igbo_687,igbo,"Nabil Fekir Nabil Fekir (France, Algeria)Nabil Fekir na-agbara ndị Lyon na otu egwuregwu France bọolụ. Ndị Algeria, bụ mba nne na nna ya si, kpọrọ Fekir ka ọ gbaara ha bọolụ n'afọ 2015 mana okweghị.",45.760407660791415,False
afrifact_data_culture_hausa_757,hausa,Chinenye Okafor ta bar wasan ƙwallon kafa ne saboda ra'ayin kanta.,refutes,"Chinenye Okafor ta koma mai kitso da gyaran gashi saboda rashin albashi Wannan ne halin da Chinenye Okafor ta tsinci kanta a ciki, amma ba haka abin yake ba kwata-kwata.",afrifact_data_culture_hausa_759,hausa,"Chinenye Okafor ta koma mai kitso da gyaran gashi saboda rashin albashi Wannan ne halin da Chinenye Okafor ta tsinci kanta a ciki, amma ba haka abin yake ba kwata-kwata.",37.15635043247687,False
afrifact_data_culture_hausa_046,hausa,Umaru Musa 'Yar'adua bai taɓa zama mamba na wata kwalleji a jihar Katsina ba.,refutes,"Ya taɓa zama mamba a kamfanin samar da kayan noma na jihar Katsina tsakanin shekarar 1984 zuwa 1985, kuma memba a majalisar gudanarwa ta kwalejin fasaha ta Katsina da Katsina Polytechnic tsakanin 1978 zuwa 1983, shugaban hukumar zuba jari da raya kadarori ta jihar Katsina tsakanin shekara ta 1994 zuwa shekarar 1996.",afrifact_data_culture_hausa_047,hausa,"Ya taɓa zama mamba a kamfanin samar da kayan noma na jihar Katsina tsakanin shekarar 1984 zuwa 1985, kuma memba a majalisar gudanarwa ta kwalejin fasaha ta Katsina da Katsina Polytechnic tsakanin 1978 zuwa 1983, shugaban hukumar zuba jari da raya kadarori ta jihar Katsina tsakanin shekara ta 1994 zuwa shekarar 1996.",34.37145990243858,False
afrifact_data_culture_hausa_208,hausa,Jihar Taraba ta kasance mafi girman ƙasa a cikin johohin Najeriya.,nei,"Ana samun garin ne a yankin Mambilla dake yankin kudu maso gabashin jihar Taraba, kusa da kan iyakar Najeriya da Kamaru.",afrifact_data_culture_hausa_207,hausa,"Ana samun garin ne a yankin Mambilla dake yankin kudu maso gabashin jihar Taraba, kusa da kan iyakar Najeriya da Kamaru.",20.954145564921518,False
afrifact_data_culture_igbo_544,igbo,Facebook mere Ọkaiwu Paul Achallaonye nnọchite anya ya na Naịjrịa.,nei,Nnamdi Kanu Facebook ban: Ndị otu Ipob etiela mkpụ maka etu e si wetuo akara Facebook onye ndu ha Nke a bụ azịza ha nyere maka ajụjụ BBC Igbo jụrụ ha gbasara ihe kpatara ha ji chụọ Nnamdi Kanu ọsọ ụkwụ eru ala.,afrifact_data_culture_igbo_543,igbo,"Paul Achalla bụ ọkaiwu na mba ofesi ma bụrụkwa onye otu Ipob ekwuola atụmatụ ha ga-agbaso iji weghachi akara Facebook onyeisi ha bụ Nnamdi Kanu. Na mkparịtaụka ya na BBC Igbo, Achalla kọwara na o nwereike ịbụ maka otu ihe maọbụ nke ọzọ ka e ji wetuo akara facebook Nnamdi Kanu, mana Facebook kwesịrị inye ya ohere ka ọ zara ọnụ ya. ",22.139025162566703,False
afrifact_data_culture_hausa_696,hausa,Yawan matan da ke kashe kan su a ƙasar Japan ya ƙaru da kashi 70 a watan Nuwamba.,refutes,"A wata daya kawai, watan Okotoba, matan da ke kashe kansu sun karu da kashi 70 a Japan idan aka kwatanta da watan Oktoban da ya gabace shi.",afrifact_data_culture_hausa_691,hausa,"A wata daya kawai, watan Okotoba, matan da ke kashe kansu sun karu da kashi 70 a Japan idan aka kwatanta da watan Oktoban da ya gabace shi.",53.54785650622332,False
afrifact_data_culture_yoruba_635,yoruba,"Ní ìwọ̀ oòrùn ìtà Ipetumodu ni ilé ìwé Federal Government Girl's College wà, èyí tó jẹ́ aládàá ní.",refutes,"Ipetumodu jẹ́ ìlú ńlá kan ní ilẹ̀ Yorùbá ní apá Ìwọ-oòrùn Gúúsù ilẹ̀ , ó sì jẹ́ ìlú pàtàkì kan ní tí ó sì jẹ́ olú ìlú . Ìlú yìí ní ilé-ẹ̀kọ́ gíga aládàáni kan tí orúkọ rẹ̀ ń jẹ́ Oduduwa University àti ilé-ìwé gírámà márùn-ún, tí ó jẹ́ ti ìjọba àti ilé-ìwé Federal Government Girls' College",afrifact_data_culture_yoruba_636,yoruba,"Ipetumodu jẹ́ ìlú ńlá kan ní ilẹ̀ Yorùbá ní apá Ìwọ-oòrùn Gúúsù ilẹ̀ , ó sì jẹ́ ìlú pàtàkì kan ní tí ó sì jẹ́ olú ìlú . Ìlú yìí ní ilé-ẹ̀kọ́ gíga aládàáni kan tí orúkọ rẹ̀ ń jẹ́ Oduduwa University àti ilé-ìwé gírámà márùn-ún, tí ó jẹ́ ti ìjọba àti ilé-ìwé Federal Government Girls' College",50.527868944662075,False
afrifact_data_culture_hausa_234,hausa,Sarauniyar yankin za ta ba da rabin garin ga duk wanda ya kashe macijin.,supports,"Washegari, mutanen Daura suka taru a bakin rijiyar, suna mamakin wanda ya kashe macijin; Magajiya , sarauniyar yankin ta ba da ikon mallakar rabin garin ga duk wanda zai tabbatar da cewa ya kashe macijin. Maza da yawa sun kawo kawunan maciji a gaba, amma kawunan bai dace da jikin ba.",afrifact_data_culture_hausa_229,hausa,"Washegari, mutanen Daura suka taru a bakin rijiyar, suna mamakin wanda ya kashe macijin; Magajiya , sarauniyar yankin ta ba da ikon mallakar rabin garin ga duk wanda zai tabbatar da cewa ya kashe macijin. Maza da yawa sun kawo kawunan maciji a gaba, amma kawunan bai dace da jikin ba.",54.56537364927371,False
afrifact_data_culture_igbo_429,igbo,"Naịjirịa bụ mba dị n'Afịrịka, nke ndị bi na ya si agbụrụ dị iche iche ma ọgbaghara na-adapụta mgbe ụfọdụ",nei,Alexander Ifeanyichukwu Ekwueme // ⓘ GCON (21 October 1932 – 19 Nọvemba 2017) bụ onye ndọrọndọrọ ọchịchị Naijiria nke jere dịka osote onyeisiala mbụ nke Naijiria site na 1979 ruo 1983 n'oge Naịjiria Republic nke Abụọ n'okpuru onyeisiala Shehu Shagari dịka onye otu National Party.,afrifact_data_culture_igbo_725,igbo,"Ihe kacha mkpa bụ na n'agbanyeghị na e nwere agbụrụ dị iche iche na Naịjirịa, e nwere ihe ole na ole na-ejikọta agbụrụ niile ahụ. Ihe ndị ahụ na-abụ o na-eme, ndị mmadụ echefuo agbụrụ nke ha, ma tinye uchu ha n'ikwado ya. Ihe ndị na-ejikọta Naịjirịa Ọtụtụ oge ka ndị Naịjirịa anaghị ekwekọrịta n'ụfọdụ ihe dịka ofufe na okwukwe ndị, ndọrọndọrọ ọchịchị nakwa ihe nkiri nke Bekee kpọrọ ""movies",40.11900323664488,False
afrifact_data_culture_yoruba_306,yoruba,"Àwọn abiyamọ tí ọmọ wọn ní ìpènijà ara máa ń la ọ̀pọ̀lọpọ̀ nǹkan kọjá, bẹ́ẹ̀ sì ni ìdojúkọ wọn pọ̀ rẹpẹtẹ nítorí ọ̀pọ̀ nǹkan ni ojú wọn máa ń rí.",supports,"Ìyá ọlọ́mọ mẹ́ta ọ̀hún sọ pé ìbànújẹ́ òun maa n wáyé látara bí àwọn ènìyàn ṣe maa n wo òun, àti ìhùwàsí wọn si i lójoojúmọ́. Fídíò mánigbàgbé nípa ìgbà ayé Bàbá Sala ""Ní ìbẹ̀rẹ̀ pẹ̀pẹ̀, mó maa n bi ara mi lérè pé kí lódé tí Ọlọrun fún mi nírú ọmọ bẹ́ẹ̀.'' Abílékọ Mutemi, tó n gbé l'ábúlé Katoloni ní ẹkùn ìlà oorùn Kenya sọ pé ''Ó ṣòro fún mi láti rìn láàrin ìlú pẹ̀lú ọmọ mi, nítorí ojú burúkú tí àwọn ènìyàn fí n wò mí. Agnes sọ pé àìsàn tí wọ́n n pè ní Asphyxia ni ọmọ òun ní. Àìsàn nàá maa n jẹyọ tí ọmọ tuntun kò bá rí atẹ́gùn gbà sára lásìkò tí ìyá rẹ̀ bá n rọbí. Èyí ló fà á tí ẹsẹ̀ rẹ̀ kò ṣe ní àláàfíà, tí wàhálà sí bá ọpọlọ rẹ̀ nàá. Bí o ṣe gba ìwòsàn Lẹ́yìn ọ̀pọ̀lọpọ̀ àbẹ̀wò sí iléèwòsàn, Agnes lọ fi orúkọ ọmọ rẹ̀ sílẹ̀ ní ìléèwé kan tó n kọ́ àwọn ọmọdé nígbà tó wà l'ọ́mọ ọdún mẹ́ta.",afrifact_data_culture_yoruba_497,yoruba,"Awọn ere idaraya yii ma n jẹ ki ifẹ gbooro si laarin awọn ewe ati ọdọ ni agboole si agboole, ati wi pe, o ma n wu awọn ọmọde naa lati tete dagba ni kiakia, nitori naa ni wọn ṣe n ṣe awọn ere ohun. Erebọọlu lo pọ ju laarin awọn ọmọkunrin gẹgẹ bi ere ṣiṣe, amọ awọn ere ọmọde wọnyiii wa ti wọn tun kundun lati ma a ṣe, paapaa ti wọn ba de lati ile iwe ati labẹ osupa lalẹ ti wọn ba de ile. Awọn ere ọmọde to wọpọ laye igba kan: Ere Tẹ́ntẹ́: Ti wọn ba fẹ ṣe ere yii, awọn ọmọdebinrin a kọju si ara wọn, wọn a si ma a patẹwọ, ti wọn a si maa gbe ẹsẹ wọn bakan naa si orin Tẹ́ntẹ́ ti wọn ba n kọ.",49.67381957177711,False
afrifact_data_culture_hausa_513,hausa,Mumini na gaske shi ne wanda baya cutar da muslumai.,nei,"Asalin sunan ya zo ne daga kalmar Sunna , wato koyi da yin dukkan abun da Annabi (S.A.W.) ya aikata, ko ya yi umarni, da a aikata ko kuma aka aikata shi a gabansa amma baiyi hani akan abun da aka aikatan ba.",afrifact_data_culture_hausa_022,hausa,"Murtala Muhammad ya kasan ce Bahaushe ne kuma ne, baya ga haka kuma Murtala Muhammad ya kasan ce shugaba na kowa dake cikin ƙasar Najeriya, wanda baya nuna bamban ci a tsakanin yare ko Addini ga duk mutanan ƙasar Najeriya.",13.386923001203533,False
afrifact_data_culture_hausa_021,hausa,Murtala Muhammad ya girma a hannun kawunsa da ke zaune a jihar Kaduna.,nei,An kashe Murtala Muhammad ne bayan sallar asuba kuma an harbe shi ne da bindiga bayan ya fito masallaci a hanyar sa ta komawa gidan sa dake cikin garin Legas inda wani da ake kira Buka Suka Dimka ya harbe shi da bindiga.,afrifact_data_culture_hausa_022,hausa,"Murtala Muhammad ya kasan ce Bahaushe ne kuma ne, baya ga haka kuma Murtala Muhammad ya kasan ce shugaba na kowa dake cikin ƙasar Najeriya, wanda baya nuna bamban ci a tsakanin yare ko Addini ga duk mutanan ƙasar Najeriya.",21.444472890354106,False
afrifact_data_culture_yoruba_488,yoruba,Ìpínlẹ̀ Èkó ni ọkọ̀ Gómìnà náà ń lọ kí àwọn Boko Haram tó da ìbọ̀n lù wọ́n,refutes,"Boko Haram da ìbọn bo ọkọ̀ gómìnà Borno, ẹ̀ṣọ́ àláàbò rẹ̀ farapa Ijọba ipinlẹ Borno ti fi idi rẹ mulẹ pe, lootọ l'awọn agbebọn Boko Haram kọlu awọn ọkọ to n kọwọrin pẹlu gomina ipinlẹ naa, Babagana Zullum ni Ọjọru. Agbẹnusọ fun gomina naa, Mallam Isa Gusau ṣalaye pe, ori ko gomina Zullum yọ lai farapa ṣugbọn diẹ lara awọn to baa rin, to fi kan awọn ẹṣọ alaabo, fara ṣeṣe. Isa fi kun un pe, ilu Baga ni gomina naa n lọ nigba ti ikọlu naa waye. Bawo lo ṣe ṣẹlẹ? Ni Ọjọru ni iṣẹlẹ yii waye ni nnkan bii agogo mẹrin irọlẹ lasiko ti gomina naa fẹ wọ ilu Baga l'awọn agbọn naa ba ṣina ibọn bolẹ. Awọn ẹṣọ alaabo to wa pẹlu rẹ naa daa ina ibọn bolẹ.",afrifact_data_culture_yoruba_414,yoruba,"Ni ọdun 2002 ni wọn da ẹgbẹ Boko Haram silẹ, gẹgẹ bii ẹgbẹ ti kii se oniwahala pẹlu afojusun ati ṣe afọmọ ilana ẹsin Islam lẹkun ariwa orilẹede Naijiria. Amọṣa ẹgbẹ naa yi pada di agbebọn ninu ilepa awọn afojusun rẹ. Kii ṣe orilẹede Naijiria nikan ni Boko Haram wa mọ bayii, itakun rẹ ti kan de awọn orilẹede to fẹgbẹkẹgbẹ pẹlu Naijiria bii Chad, Niger ati Cameroun. Ọkẹ aimoye awọn eeyan ni wọn ti ran lọ sọrun apapandodo, ti awọn bi miliọnu meji miran si ti di atipo. Boko Haram kii ye ji awọn akẹkọ gbe eleyi to mu ki oju orilẹede agbaye ṣi si ọdọ rẹ lọdun 2014, lẹyin to ji nnkan bii ọọdunrun akẹkọbinrin gbe nileewe kan to wa ni ilu Chibok nipinlẹ Borno, ipinlẹ ti Boko Haram ti kọkọ di agbebọn. Ni ọdun 2015, Boko Haram gba idanimọ gẹgẹ bii ẹgbẹ agbesunmọmi to buru julọ lagbaye, gẹgẹ bi ajọ to wa fun ọrọ aje ati alaafia lagbaye ṣe sọ.",22.84527401291802,False
afrifact_data_culture_igbo_665,igbo,Nwa nwoke abaghị uru chacha. Ọ dịghị mkpa ịmụta nwa nwoke n'ezinụlọ ndị Igbo.,refutes,"Igbo kwenyere na ama ọbụla na-amụtaghị nwa nwoka ga-echi. Ya mere ha jị agụ nwoke aha dịka Obiechina, Amaechina na ndị ọzọ. Ọtụtụ ezinaụlo akụsaala maka amụghị nwa nwoke. Ya bụ, ọ dị ezigbo mkpa ịmụta nwa nwoke n'ezinaụlo, ya mere anyị ji ede akụkọ a. ",afrifact_data_culture_igbo_666,igbo,"Igbo kwenyere na ama ọbụla na-amụtaghị nwa nwoka ga-echi. Ya mere ha jị agụ nwoke aha dịka Obiechina, Amaechina na ndị ọzọ. Ọtụtụ ezinaụlo akụsaala maka amụghị nwa nwoke. Ya bụ, ọ dị ezigbo mkpa ịmụta nwa nwoke n'ezinaụlo, ya mere anyị ji ede akụkọ a. ",47.72537689902034,False
afrifact_data_culture_igbo_136,igbo,Naanị ụmụnwaanyị ka a na-ebi ùgwù.,nei,O kwusikwara ike na gọọm̀enti ya kwadosiri azụmahịa na mekọrịta nke mba ECOWAS.,afrifact_data_culture_igbo_703,igbo,"World Health Organisation' kwuru na ụmụnwaanyị e biri ugwu n'ụwa karịrị nde narị abụọ (200 million). Mana onweghị otu mkpụrụ uru ibi ugwu na-abara ụmụnwaanyị, naanị ọghọm jupụtara ya. Ya mere ha ji wepụta ụbọchị isii nke ọnwa Febrụwarị kwa afọ dịka ụbọchị iji gbaa mbọ maka ịkwụsị ibi ugwu ụmụ nwaanyị.",13.481968528714217,False
afrifact_data_culture_igbo_219,igbo,Ha arụsịala ụlọ ahụ ha wuliri.,nei,Mana ndị Igbo echeghi aka n'atụmatụ gọmenti sọọsọ.,afrifact_data_culture_igbo_715,igbo,"A tụọla otu nwoke nga mkpụrụọka maka igbu ndị ezinaụlọ ya mmadụ ise Nwoke ahụ gburu ndị ezinaụlọ ha n'ime ụlọ ha Otu nwoke ga-aga mkpọrọ apụtaghị apụta maka igbu nwunye ya, ụmụ ya atọ gụnyere ejima nakwa nnenne ha. ",15.429092489507784,False
afrifact_data_culture_hausa_553,hausa,Bara wata sana'a ce da ta keɓanta ga ƙananan yara kawai.,refutes,Mabarata ba su karkashin wata makaranta kuma zasu iya zama yara ko manya ko tsofaffi.,afrifact_data_culture_hausa_233,hausa,"A zamanin Sarauniya , babbar hanyar samun ruwa ga Daura itace rijiyar Kusugu. Amma ana barin mutane su ɗebi ruwa ne kawai a ranar Juma'a saboda wata baƙuwar macijiya da ke zaune a cikin rijiyar. A haka mutane suka kasance suna ɗibar ruwa a iya ranakun juma'a kawai har zuwa lokacin da wani mutum yazo wanda aka haƙiƙance ɗan sarkin ne.",16.624064216921262,False
afrifact_data_culture_yoruba_200,yoruba,"Nínú àtẹ̀jáde kan tí wọ́n fi síta fún àwọn oníròyìn, kò sí ẹnìkankan látìmọ́lé nínú àwọn olùwọ́de Endsars.",refutes,"Kọmisana feto idajọ ati agbẹjọro agba nipinlẹ Eko, Moyosore Onigbanjo SAN, ti rọ ileẹjọ lati tu awọn oluwọde EndSARS silẹ. Awọn oluwọde naa lo to ọtalerugba o din meje 253 ninu ọtalelọọdunrun ati ẹyọ kan, 361 to wa ni atimọle ọlọpaa nipinlẹ naa. Atẹjade kan tileesẹ eto idajọ fisita fawọn akọroyin lo sisọ lori igbesẹ naa",afrifact_data_culture_yoruba_497,yoruba,"Awọn ere idaraya yii ma n jẹ ki ifẹ gbooro si laarin awọn ewe ati ọdọ ni agboole si agboole, ati wi pe, o ma n wu awọn ọmọde naa lati tete dagba ni kiakia, nitori naa ni wọn ṣe n ṣe awọn ere ohun. Erebọọlu lo pọ ju laarin awọn ọmọkunrin gẹgẹ bi ere ṣiṣe, amọ awọn ere ọmọde wọnyiii wa ti wọn tun kundun lati ma a ṣe, paapaa ti wọn ba de lati ile iwe ati labẹ osupa lalẹ ti wọn ba de ile. Awọn ere ọmọde to wọpọ laye igba kan: Ere Tẹ́ntẹ́: Ti wọn ba fẹ ṣe ere yii, awọn ọmọdebinrin a kọju si ara wọn, wọn a si ma a patẹwọ, ti wọn a si maa gbe ẹsẹ wọn bakan naa si orin Tẹ́ntẹ́ ti wọn ba n kọ.",38.72195700352806,False
afrifact_data_culture_igbo_283,igbo,Sam Mbakwe si Imo Steeti gaa wube mahadum nke Anambara n'afọ 1981,refutes,"N'afọ 1981, Sam Mbakwe hiwere mahadum Imo steeti. Ụlọ akwụkwọ ahụ dị na mpaghara e nyere n'afọ 1991 ma meekwa ya baptizim ọzọ nke Abia State University . Agbanyeghị, Mahadum Imo steeti nwetara ụlọ akwụkwọ ọhụrụ na ma ka dị.",afrifact_data_culture_igbo_284,igbo,"N'afọ 1981, Sam Mbakwe hiwere mahadum Imo steeti. Ụlọ akwụkwọ ahụ dị na mpaghara e nyere n'afọ 1991 ma meekwa ya baptizim ọzọ nke Abia State University . Agbanyeghị, Mahadum Imo steeti nwetara ụlọ akwụkwọ ọhụrụ na ma ka dị.",48.3491439936634,False
afrifact_data_culture_igbo_798,igbo,O nwere otu oge n'ala Igbo mgbe ndị mmadụ na-atụ ụjọ izu ihe mmadụ ibe ha maọbụ zọkọrọ oke abụghị nke ha.,supports,"Mana, ọbụghịkwanụ sọsọ ugbua ka a malitere ikwu maka nchekwa. Mgbe elu ka bụ ala ọsa n'ala Igbo, ezi nchekwa obodo dị makana ndị mmadụ na-atụ ụjọ izu oshi, ịbanye be mmadụ n'ike maọbụ zọkọrọ oke na-abụghị nke ha. Nke a bụ makana ha ma na ihe ga-eso ya abụghị ihe eji ọnụ akọcha.",afrifact_data_culture_igbo_795,igbo,"Mana, ọbụghịkwanụ sọsọ ugbua ka a malitere ikwu maka nchekwa. Mgbe elu ka bụ ala ọsa n'ala Igbo, ezi nchekwa obodo dị makana ndị mmadụ na-atụ ụjọ izu oshi, ịbanye be mmadụ n'ike maọbụ zọkọrọ oke na-abụghị nke ha. Nke a bụ makana ha ma na ihe ga-eso ya abụghị ihe eji ọnụ akọcha.",75.00363725195565,False
afrifact_data_culture_igbo_369,igbo,Ndị mba ụwa ka na-enyocha etu ndị injinịa Biafra siri kpa ike ịrupụta ngwa agha n'oge agha Biafra nke 1967-1970.,nei,"E debara aha ya na Biafra Research and Production (RaP) Directorate nke Prọfesọ Benjamin Chukwuka Nwosu, onye na-ahụ maka physics nuklia. . Iwuanyanwu jere ozi na Rocket Unit nke RaP nke Prọfesọ Gordian Ezekwe bu onye isi. . N'ịbụ ndị nwere obere ohere ịnweta ngwá agha site na ụwa ndị ọzọ, ìgwè ndị nchọpụta a tu kotara uche, wee gụnyere onye na-ahụ maka physics nuklia bu Dọkịta. Felix Oragwu, na-emepụta ihe ntụrụndụ na ngwá agha dị mkpa, ọkachasị Ogbunigwe a na-atụ egwu. . N'ịchọ ịhụ ọrụ, Iwuanyanwu mechara bụrụ onye agha na-arịgo ka ọ bụrụ onyeisi nke otu ndị agha nke Biafra na-ekewapụ onwe ya ma na-edu n'ihu agha.",afrifact_data_culture_igbo_342,igbo,"Ọ banyere na ndị agha Biafran na 1966. Agha Biafra [ | ] N'oge agha Biafra nke 1967 ruo 1970, o soro ndị lụọ agha.",66.46827921481687,False
afrifact_data_culture_hausa_732,hausa,Hukumar zaɓe zata raba manyan rumfunan zaɓe gida biyu saboda samun saukin gudanar jefa kuri'u.,supports,"Sai dai tanadin Hukumar zabe shi ne a duk lokacin da ta ga rumfar ta yi girman da ya kai a dan yayyanka ta yadda ranar zabe za a samu gudanar da zabubbuka a cikin sauki, za ta yi haka, Za ta kuma tura karin ma'aikata domin a samu damar gudanar da zabe a wannan rumfa, ba tare da an samu wani tawaya ko jinkiri ba.",afrifact_data_culture_hausa_076,hausa,"A shekara ta 2003, bayan ya faɗi zaɓe a karo na biyu a takatar Gwamnan Jihar Kano, Shugaban Kasa Olusugun Obasanjo ya naɗa shi a matsayin babban Ministan Tsaron Najeriya wanda ya riƙe na tsawon shekaru huɗu.",18.036288249263094,False
afrifact_data_culture_igbo_472,igbo,"Ndị Igbo nwere ihe ndị ha ji esi ji, nke mere na ha na-eri ya n'oge a na-eme mmemme Ofala",nei,"E wezụga mkpụrụ, mmiri, na mmanụ, ofe egusi na-enwekarị akwụkwọ nri, , akwụkwọ nri ndị ọzọ, ihe na-esi ísì ụtọ, na anụ. Akwụkwọ nri ndị a na-ejikarị eme ofe egusi gụnyere bitterleaf, pumpkin leaf, celosia na spinach. Nri ndị ọzọ na-agụnye tomato na okra. Ihe ndị a na-ahụkarị na-agụnye ose chili, yabasị, na agwa igurube. A na-ejikarị anụ ehi, ewu, azụ, shrimp, ma ọ bụ crayfish.",afrifact_data_culture_igbo_246,igbo,"Ka ọ dị ugbua, BBC Igbo chọrọ ịchịkọta obodo ndị a, ịkọwara gị ihe mere ha ji emepe na ebe ha meperuru.",35.7553758449725,False
afrifact_data_culture_hausa_283,hausa,"ƙuli-ƙuli ba a haɗa shi daga wake, in aka dafa sai an bari ya bushe.",nei,"Gyada da ita ake hada kuli kuli Kuli-kuli mai siga Da farko ana samun Gyaɗa bayan an bare ta sai a soya ta sannan a murje ta a fece wato a hure dukan bawon gyadar. Daganan kuma sai a markada ta. Bayan an markada tane kuma za'ayi amfani da ayi ta juya ta ana juyata har sai manta duka an gama matse shi, ita kuma gyadar ta koma . ",afrifact_data_culture_hausa_286,hausa,"ƙuli-ƙuli ana iya cinsa ta hanyoyi da dama wasu sukan sanya shi a cikin garin rogo su sha, wasu kuma sukan iya cinsa da Bazan-ƙwaila, wasu kuma suna cin sa haka nan zallansa.",25.63004262034886,False
afrifact_data_culture_hausa_792,hausa,Jihohin Florida da Ohio na daga cikin manyan jihohin da duk wani ɗan takarar shugabancin kasar Amurka ke buƙatar ci don samun nasara.,supports,Fagen fafatawa kamar jihohin Florida da Ohio na da matuƙar muhimmanci wajen tattara ƙuri'u 270 na masu zaɓen shugaban kasa na musamman da ake bukata wajen cin galabar samun Fadar White House,afrifact_data_culture_hausa_789,hausa,Fagen fafatawa kamar jihohin Florida da Ohio na da matuƙar muhimmanci wajen tattara ƙuri'u 270 na masu zaɓen shugaban kasa na musamman da ake bukata wajen cin galabar samun Fadar White House,41.32407482321643,False
afrifact_data_culture_yoruba_070,yoruba,Àga dúdú kò dára fún nílò níbi àwọn ètò tí ó bá ti nííṣe pẹ̀lú òrìṣà Ajé tàbí Ọ̀ṣun.,nei,"Ní ọdún 1971, ó kẹ́kọ̀ọ́ gboyè Masters ní . Ó kẹ́kọ̀ọ́ gboyè Doctorate nípa ìtàn àròsọ láti ní ọdún 1966. Abímbólá jẹ́ akẹ́kọ̀ọ́ gboyè PhD àkọ́kọ́ ní . Ó di ọ̀jọ̀gbọ́n (Professor) ni3 1976. Abimbola kọ́ àwọn akẹ́kọ̀ọ́ ní Fáṣítì mẹ́ta ọ̀tọ̀ọ̀tọ̀ ní orílẹ̀-èdè , awon náà ní; láàrin ọdún 1963 sí 1965, láàrin 1966 sí 1972, láàrin ọdún 1972 sí 1991.",afrifact_data_culture_yoruba_479,yoruba,"Ṣiṣe odiwọn aidọgba Oṣuwọn kan ti awọn onimọ nipa ọrọ aje maa n lo lati mọ bi aidọgba ṣe pọ to ni orilẹede kan ni a mọ si oṣuwọn Gini. O da lori iye owo ti kaluku n gba fun iṣẹ́ to ba ṣe - bi owo naa ba ṣe pọ si, ni aidgba naa yoo ṣe pọ to. Ko sọ gbogbo otit ibẹ, ṣugbọn o jẹ ibi ti a ti le bẹrẹ si ni ṣagbeyẹwo aidọgba ni South Africa. ati afiwe rẹ̀ pẹlu awn orilede to ku. Nipasẹ oṣuwọn yii, ati lilo akọsilẹ ti Banki Agbaye fi sita, South Africa lo ni ipele aidọgba ju ni agbaye. Awọn orilẹede to mu ile ti i, Namibia ati Mozambique si n tọ ọ lẹyin gbagbaagba, ti Brazil naa si ti fẹ ẹ wa ni awujọ awọn mẹẹrin to wa l'oke. Ti a ba wo ayipada to ti ba oṣuwọn yii, ti a si ṣagbeyẹwo rẹ lati asiko ti ẹgbẹ ANC ti gba ijọba l'ọdun 1994, aidọgba ga si laarin ọdun 1990 si 2005.",36.19357300845356,False
afrifact_data_culture_igbo_093,igbo,E riela m osikapa na ofe.,nei,"A na-eri ya ọsịsọ makana a hapụ ya ka o tee aka, ọ na-agbakarị ụka ọsịsọ ụfọdụ oge.",afrifact_data_culture_igbo_757,igbo,"Mana ka otu ọnwa gachara, iku ume Vanessa kawanyere njọ nke mere ka e ziga ya na nnukwu ụlọọgwụ. Ebe ahụ ka nnyocha gosiri na ọbara kpụkọrọ na ngụgụ ya. Vanessa kwuru na dọkịta gwara ya na ""ihe kpatara ọbara mkpụkọ ahụ bụ ọgwụ 'contraceptive' m malitere ịṅụ n'ihi na onweghị ihe ọhụrụ ọzọ m tinyere n'ahụ m."" ""Ha gwara m na ọ bụrụ na chekwuru ka otu ụbọchị gafee tupu m bịa ụlọọgwụ, ihe gaara akawanye njọ."" ",11.57778876228303,False
afrifact_data_culture_yoruba_235,yoruba,Gbogbo àwọn Òyìnbó amúnisìn tí wọ́n wà níbẹ̀ ni wọ́n fara mọ́ àbá tí Ọọ̀ni dá.,nei,Oba Oyekan I (ó kú ní ọjọ́ ogbọ̀n oṣù Kẹ̀sán ọdún 1900) joba gẹ́gẹ́ bí Ọba ìlú Èkó láti oṣù kẹta ọdún 1885 sí ọjọ́ ogbọ̀n oṣù Kẹ̀sán ọdún 1900.,afrifact_data_culture_yoruba_674,yoruba,"Gẹ́gẹ́ bí a ti kàá nínú ìtàn, Ọọ̀ni àkọ́kọ́ tí yóò kọ́kọ́ jẹ ní Ifẹ̀ ni ó jẹ́ ọmọ bíbí inú Odùduwà tí ó jẹ́ ọ̀kànlélógójì òrìṣà fúnra rẹ̀, nígbà tí Ọọ̀ni tí ó wà níbẹ̀ lọ́wọ́ lọ́wọ́ báyí jẹ́ Ọọ̀ni Adéyẹyè Ẹnìtàn Ògúnwùsì Ọ̀jájá Kejì(II) tí wọ́n jẹ ní ọdún 2015.",29.153485418453727,False
afrifact_data_culture_igbo_618,igbo,Gọọmentị chọrọ ka e lie Mugabe ebe a na-eli ndị dike obodo mana Ezinụlọ Mugabe ekwenghị n'ihi na Mugabe gwara ha mgbe ọ dị ndụ ka ha lie ya n'akụkụ ala ili nna ya Bona.,supports,"Gọọmentị chọburu ka e lie Mugabe ebe a na-eli ndị dike obodo ji biri, mana ezinụlọ ya ekweghị. Ha kwuru na Mugabe chọrọ ka ili ya na nke nne ya bụ Bona dịkọta nso. Onweghị onye ọrụ gọọmentị gbalitere n'ọkwa bịara olili Mugabe. Nwunye ya bụ Grace nakwa ụmụ ya socha duru akpati ya ruo mgbe a dọnyere ya n'ala. ",afrifact_data_culture_igbo_617,igbo,"Gọọmentị chọburu ka e lie Mugabe ebe a na-eli ndị dike obodo ji biri, mana ezinụlọ ya ekweghị. Ha kwuru na Mugabe chọrọ ka ili ya na nke nne ya bụ Bona dịkọta nso. Onweghị onye ọrụ gọọmentị gbalitere n'ọkwa bịara olili Mugabe. Nwunye ya bụ Grace nakwa ụmụ ya socha duru akpati ya ruo mgbe a dọnyere ya n'ala. ",115.72769367137273,False
afrifact_data_culture_igbo_046,igbo,Ichi e nwere n'ụlọakwụkwọ Abidịị buru ibu.,nei,"Ichi abụghị ụlọ akwụkwọ a ma ama, ya mere, ndị Igbo na ụfọdụ Delta Igbo anaghị eme ya.",afrifact_data_culture_igbo_563,igbo,"Onyeisiala Muhammadu Buhari ekwuola na ọchịchị ya ga-ahụ na o nweghị nwata Naịjirịa ga-agbahapụ ịgụ akwụkwọ n'ime afọ anọ ọzọ. N'ozi o wepụtara na Twitter ya, o kwuru na ya na gọọmentị Steeti ga-agbakọta aka ọnụ hiwe ụlọakwụkwọ, ndị nkuzi na usoro e ji akụzi ihe n'ụlọakwụkwọ ndị a.",11.611211637509186,False
afrifact_data_culture_yoruba_189,yoruba,"Ọ̀rọ́ bẹ́yìn yọ Agbowu pe Olúwòó lẹ́jọ́, ó bèrè owó gbà mábínú lọ́wọ́ rẹ̀.",supports,"Ọ̀rọ̀ bẹ́yìn yọ! Agbowu pe Oluwo l'ẹ́jọ̀, ó ń bèèrè ₦100m owó gbà má bínú Saaju la ti kede fun yin pe Agbowu ti ilu Ọgbaagba, Oba Dhikirullahi Akinropo ti wọ Oluwo ti Iwo, ba Abdulrasheed Adewale Akanbi, Telu Kinni, lọ si iwaju ile ẹjọ giga ipinlẹ Osun, to si n beere fun owo gba, ma binu tii se ọgọrun miliọnu Naira fun bi Oluwo ṣe fi iya jẹ ẹ. ",afrifact_data_culture_yoruba_188,yoruba,"Ọ̀rọ̀ bẹ́yìn yọ! Agbowu pe Oluwo l'ẹ́jọ̀, ó ń bèèrè ₦100m owó gbà má bínú Saaju la ti kede fun yin pe Agbowu ti ilu Ọgbaagba, Oba Dhikirullahi Akinropo ti wọ Oluwo ti Iwo, ba Abdulrasheed Adewale Akanbi, Telu Kinni, lọ si iwaju ile ẹjọ giga ipinlẹ Osun, to si n beere fun owo gba, ma binu tii se ọgọrun miliọnu Naira fun bi Oluwo ṣe fi iya jẹ ẹ. ",36.312703018915514,False
afrifact_data_culture_igbo_541,igbo,Ọkaiwu Paul Achalla gwara ndị BBC Igbo na Nnamdị Kanụ dara Iwu Facebook ya mere e ji machie akantụ ya.,refutes,"Paul Achalla bụ ọkaiwu na mba ofesi ma bụrụkwa onye otu Ipob ekwuola atụmatụ ha ga-agbaso iji weghachi akara Facebook onyeisi ha bụ Nnamdi Kanu. Na mkparịtaụka ya na BBC Igbo, Achalla kọwara na o nwereike ịbụ maka otu ihe maọbụ nke ọzọ ka e ji wetuo akara facebook Nnamdi Kanu, mana Facebook kwesịrị inye ya ohere ka ọ zara ọnụ ya. ",afrifact_data_culture_igbo_543,igbo,"Paul Achalla bụ ọkaiwu na mba ofesi ma bụrụkwa onye otu Ipob ekwuola atụmatụ ha ga-agbaso iji weghachi akara Facebook onyeisi ha bụ Nnamdi Kanu. Na mkparịtaụka ya na BBC Igbo, Achalla kọwara na o nwereike ịbụ maka otu ihe maọbụ nke ọzọ ka e ji wetuo akara facebook Nnamdi Kanu, mana Facebook kwesịrị inye ya ohere ka ọ zara ọnụ ya. ",44.077120650919426,False
afrifact_data_culture_hausa_506,hausa,Akwai mutane da suke ikirarin cewa su musulmai ne amma ba su yarda da hadisai ba.,nei,A wajen su ma’anar Hadisi shi ne Hakaito Fadar Manzon Allah [S.A.W] Aikinsa da kuma Tabbatarwarsa.,afrifact_data_culture_hausa_701,hausa,"Masu bincike sun ce a mafiya yawan lokutan mutane kan tura da sakonin karya ko kuma hotonan bidiyo bogi zuwa ga sauran mutane da suke mu'amala da su a dandalin sada zumunta, inda wasu suna da mabiya fiye da 100. Daga nan ne cikin sauri sai gungun mutane su taru domin kai wa baki hari, kuma 'yan sanda ba su da isashen lokacin mayar da martani.",27.201663907887873,False
afrifact_data_culture_igbo_387,igbo,Ji bụ nri ụmụ ntakịrị na-eri n'ụlọakwụkwọ ma e tinye ya beans na osikapa.,nei,"N'obodo ụfọdụ, emume ahụ na-ewe otu ụbọchị dum, ebe n'ọtụtụ ebe ọ nwere ike iwe otu izu maọbụ karịa.",afrifact_data_culture_igbo_095,igbo,"Osikapa bụ otu nri ọ na-abụ ego kọgodu gị elu kọọ gị ala, e nwee etu i si hụ obere ego jiri gote ya, ị ga-atụkwasịnwu ya ihe ọbụla were rie ya.",19.882256267211154,False
afrifact_data_culture_yoruba_788,yoruba,"Ẹ̀sìn ìsìlámù níí ṣe pẹ̀lú àìṣòdodo, èyí sì ń darí gbogbo ènìyàn sí ohun tí yóò ṣe ànfààní fún wọn.",refutes,"Ìsìlámù ni ẹ̀sìn tí ó ṣe pé ìmọ̀-Ọlọ́hun ni (al- Taoheed) ní ìpìl̀ẹ rè, òdodo ni òpó rẹ̀, ó dá lórí déédé,otito. Òhun sì ni ẹ̀sìn tí ó gbópọn tí ó jẹ́ pé ó ń darí gbogbo ẹ̀dá sí ibi gbogbo ohun tí yó̀o jẹ́ ànfààní fún wọn ní ọ̀run àti ayé wọn. Bẹ́ẹ̀ náà ni ó sì tún ń kì wọ́n nílọ̀ nípa gbogbo ohun tí yó̀o ṣaburú fún wọn yálà láyé ni tàbí ni ọ̀run.",afrifact_data_culture_yoruba_789,yoruba,"Ìsìlámù ni ẹ̀sìn tí ó ṣe pé ìmọ̀-Ọlọ́hun ni (al- Taoheed) ní ìpìl̀ẹ rè, òdodo ni òpó rẹ̀, ó dá lórí déédé,otito. Òhun sì ni ẹ̀sìn tí ó gbópọn tí ó jẹ́ pé ó ń darí gbogbo ẹ̀dá sí ibi gbogbo ohun tí yó̀o jẹ́ ànfààní fún wọn ní ọ̀run àti ayé wọn. Bẹ́ẹ̀ náà ni ó sì tún ń kì wọ́n nílọ̀ nípa gbogbo ohun tí yó̀o ṣaburú fún wọn yálà láyé ni tàbí ni ọ̀run.",53.54986428744415,False
afrifact_data_culture_igbo_256,igbo,Igwe onyonyo nke Kanu Sports dị oke ọnụ n'ahịa.,nei,"Ọ bụkwa onye nwe igwe onyonyo nke Kanu Sports, ụlọ ọrụ igwe onyonyo egwuregwu Ịntanetị.",afrifact_data_culture_igbo_255,igbo,"Ọ bụkwa onye nwe igwe onyonyo nke Kanu Sports, ụlọ ọrụ igwe onyonyo egwuregwu Ịntanetị.",39.428168736647564,False
afrifact_data_culture_yoruba_606,yoruba,"Ìgè kú ní ọjọ́ kẹtàlélógún oṣù kejìlá, ọdún 2001 tí wọ́n fipá gba èmí rẹ̀.",supports,"A bí Ìgè ní ọjọ́ kẹtàlá oṣu kẹsàán ọdún 1930, ó di olóògbé ní ọjọ́ kẹtàlélógún oṣu kejìlá ọdún 2001. Ìgè di Alákòóso (mínísítà) ìjọba àpapọ̀ fún ẹ̀ka ètò ìdájọ́ àti Agbẹjọ́rò-Àgbà ìjọba àpapọ̀̀ láàrín ọdún 2000 títí di ọdún 2001 tí wọ́n fi fipá gba ẹ̀mí rẹ̀ nínú oṣù Kejìlá ọdún 2001. Ìgè jẹ gómìnà láti osù kẹwàá ọdún 1979 títí dé osù kẹwàá ọdún 2003. Lẹ́yìn ìgbàtí ìjọ̀ba olósèlú padà dé ní ọdún 1999. ̣̣̣̣̣̣̣̣̣́́́́́́́ Ìbẹ̀rẹ̀ ayé rẹ̀ [ | ] Wọ́n bí Jèmísìì Ajíbọ́lá Ìdòwú Adégòkè Ìgè ní ìlú ní ní ọjọ́ kẹtàlá oṣù kẹsàn-án ọdún 1930 bí ó tiḷẹ̀ jẹ́ pé ọmọ bíbí ìlú ní ni àwọn òbí rẹ̀. Ìgè gbéra lọ sí ìlú ní dédé ọmọ ọdún mẹ́rìnlá láti lọ kẹ́kọ́ nílé ẹ̀kọ́ ní àárín ọdún 1943 sí 1948.",afrifact_data_culture_yoruba_601,yoruba,"A bí Ìgè ní ọjọ́ kẹtàlá oṣu kẹsàán ọdún 1930, ó di olóògbé ní ọjọ́ kẹtàlélógún oṣu kejìlá ọdún 2001. Ìgè di Alákòóso (mínísítà) ìjọba àpapọ̀ fún ẹ̀ka ètò ìdájọ́ àti Agbẹjọ́rò-Àgbà ìjọba àpapọ̀̀ láàrín ọdún 2000 títí di ọdún 2001 tí wọ́n fi fipá gba ẹ̀mí rẹ̀ nínú oṣù Kejìlá ọdún 2001. Ìgè jẹ gómìnà láti osù kẹwàá ọdún 1979 títí dé osù kẹwàá ọdún 2003. Lẹ́yìn ìgbàtí ìjọ̀ba olósèlú padà dé ní ọdún 1999. ̣̣̣̣̣̣̣̣̣́́́́́́́ Ìbẹ̀rẹ̀ ayé rẹ̀ [ | ] Wọ́n bí Jèmísìì Ajíbọ́lá Ìdòwú Adégòkè Ìgè ní ìlú ní ní ọjọ́ kẹtàlá oṣù kẹsàn-án ọdún 1930 bí ó tiḷẹ̀ jẹ́ pé ọmọ bíbí ìlú ní ni àwọn òbí rẹ̀. Ìgè gbéra lọ sí ìlú ní dédé ọmọ ọdún mẹ́rìnlá láti lọ kẹ́kọ́ nílé ẹ̀kọ́ ní àárín ọdún 1943 sí 1948.",52.64660686290614,False
afrifact_data_culture_hausa_530,hausa,Muhammad Bello Yabo malami ne na ahlussunah da ke garin Sokoto.,nei,Wanda a faifan bidiyon ya caccaki Gwamnan jihar Kaduna da sauran gwamnoni kan hana Sallar Idi a jihohinsu.,afrifact_data_culture_hausa_567,hausa,"A takaice dai malami na nufin, dukkan wani mai ilimi, ko kwararre a wani fanni na ilimim,sannan ya ke iya koyar da ilimin. Ta wata sigar kuma ana iya cewa, malami shi ne mutumin da yake taimakawa ta yadda zasu samu ingattaccen ilimi, fasaha, ko wata daraja.",15.12433765461563,False
afrifact_data_culture_yoruba_309,yoruba,Sunday Igboho tẹ̀lẹ̀ àwọn ọlọ́pàá lọ sí ilé Seriki ní Igangan pẹ̀lú ìgboyà lẹ́yìn tí wọ́n fi ẹ̀sùn jíjó ilè náà kàn án láti fi ìdí rẹ̀ múlẹ̀ pẹ́ òun kò mọ ohunkóhun nípa rẹ̀.,supports,"Sé lọ́ọ̀tọ́ ni Sunday Igboho jó ilé Seriki fulani ní Igangan? Ẹ jẹ́ kí n sàlàyé kí ọ̀rọ̀ le tán nílẹ̀. ""Nígbà tí mo dé Eruwa, mó lọ fi ara mi hàn lágọ̀ọ́ ọlọ́pàá, mò sì sọ ǹkan ti mo bá wá si àdúgbò náà, adáriu ẹka ilé iṣẹ́ ọlọ́pàá náà sì gbà láti tẹ̀lẹ́ wá lọ. Nígbà tí a de Igangan, à tún bá àwọn 'ọlọ́pàá operation Burst' a lọ sínú ]ilú náà rán pẹ́ asì pada lẹ́sẹ̀kẹsẹ̀ láti lọ sọ fún àwọn ọlọ́pà''a. Ìbéérè mi ni pé, ṣe ọ̀gá ọlọ́pàá yóà máa wò wá kí a lọ má dáná sun ilé Seriki? Sé ọlọ́pàá Operation Burst yóò jk kí a lọ tí a bá dáná sun ilé Seriki? Kò sí nkan tó jọ bẹ́ẹ̀ nígbà tí a wà níbẹ̀ nítorí náà àwa kọ́ ni a dáná sun ilé Seriki Fulani. Sunday Igboho wa gba gbogbo ọmọ Kárọ̀-oojíre nímọ̀ràn pé kí wọ́n wà ní ìṣọ̀kàn kí wọ́n sìmì ọ̀rọ̀ òṣèlú ṣíṣe lórí ǹkan tó niṣe pẹlú igbésí ayé àwọn ènìyàn.",afrifact_data_culture_yoruba_308,yoruba,"Sé lọ́ọ̀tọ́ ni Sunday Igboho jó ilé Seriki fulani ní Igangan? Ẹ jẹ́ kí n sàlàyé kí ọ̀rọ̀ le tán nílẹ̀. ""Nígbà tí mo dé Eruwa, mó lọ fi ara mi hàn lágọ̀ọ́ ọlọ́pàá, mò sì sọ ǹkan ti mo bá wá si àdúgbò náà, adáriu ẹka ilé iṣẹ́ ọlọ́pàá náà sì gbà láti tẹ̀lẹ́ wá lọ. Nígbà tí a de Igangan, à tún bá àwọn 'ọlọ́pàá operation Burst' a lọ sínú ]ilú náà rán pẹ́ asì pada lẹ́sẹ̀kẹsẹ̀ láti lọ sọ fún àwọn ọlọ́pà''a. Ìbéérè mi ni pé, ṣe ọ̀gá ọlọ́pàá yóà máa wò wá kí a lọ má dáná sun ilé Seriki? Sé ọlọ́pàá Operation Burst yóò jk kí a lọ tí a bá dáná sun ilé Seriki? Kò sí nkan tó jọ bẹ́ẹ̀ nígbà tí a wà níbẹ̀ nítorí náà àwa kọ́ ni a dáná sun ilé Seriki Fulani. Sunday Igboho wa gba gbogbo ọmọ Kárọ̀-oojíre nímọ̀ràn pé kí wọ́n wà ní ìṣọ̀kàn kí wọ́n sìmì ọ̀rọ̀ òṣèlú ṣíṣe lórí ǹkan tó niṣe pẹlú igbésí ayé àwọn ènìyàn.",64.01990958527962,False
afrifact_data_culture_hausa_178,hausa,An samar da gidan namun daji a Kano a shekarar alif 2000.,nei,"Yana ɗaya daga cikin tsofaffi kuma mafi girma ga lambunan dabbobi a Najeriya, wanda ya mamaye fili kimanin kadada 46. Tarihi.",afrifact_data_culture_hausa_192,hausa,An bayyana Yankari a matsayin wani yanki na kudancin jihar Bauchi a lokacin inda namun daji masu yawa ke wanzuwa kuma ana iya kare su.,26.859599569580574,False
afrifact_data_culture_igbo_481,igbo,Lawrence Ifeanyi Ugwuanyi bụ eze ọdịnaala ndị Ovoko dị n'ime ime obodo Igboeze Federal Constinuency nke Enugu State.,refutes,Ọ bụ Onye otu ụlọ nnọchiteanya nke of Nigeria ruo afọ iri na abụọ. Ọ bụ onye so na (PDP) onye nọchitere anya Igboeze North / Udenu Federal Constinuency nke Enugu State.,afrifact_data_culture_igbo_483,igbo,Ọ bụ Onye otu ụlọ nnọchiteanya nke of Nigeria ruo afọ iri na abụọ. Ọ bụ onye so na (PDP) onye nọchitere anya Igboeze North / Udenu Federal Constinuency nke Enugu State.,41.89675521719906,False
afrifact_data_culture_hausa_514,hausa,Duk abinda aka aikata a gaban Annabi (S.A.W) ya zama sunna.,refutes,"Asalin sunan ya zo ne daga kalmar Sunna , wato koyi da yin dukkan abun da Annabi (S.A.W.) ya aikata, ko ya yi umarni, da a aikata ko kuma aka aikata shi a gabansa amma baiyi hani akan abun da aka aikatan ba.",afrifact_data_culture_hausa_515,hausa,"Asalin sunan ya zo ne daga kalmar Sunna , wato koyi da yin dukkan abun da Annabi (S.A.W.) ya aikata, ko ya yi umarni, da a aikata ko kuma aka aikata shi a gabansa amma baiyi hani akan abun da aka aikatan ba.",40.772672351994,False
afrifact_data_culture_igbo_447,igbo,Mba Nigeria nwere steeti iri atọ na isii ndị e ji ịrụ ọrụ na ịgba mbọ wee mara,nei,"Ejidere Kanu maka ebubo aghụghọ na dị na Nigeria na ka ọnwa Ọktọba dị na mkpụrụ ụbọchị iri na anọ na afo 2015 wee jidere ya ihe karịrị otu afọ, n'agbanyeghị iwu dị iche iche ụlọ ikpe nyere maka ịhapụ ya.",afrifact_data_culture_igbo_333,igbo,"Igbo-Ukwu Igbo-Ukwu (Bekee: Great Igbo) bụ obodo dị na steeti Anambra nke dị na ndịda etiti obodo Naijiria. Obodo ahụ nwere akụkụ atọ bụ Obiuno, Ngo, na Ihite (agglomeration nke 4 quarters) nwere ọtụtụ obodo n'ime nkeji iri na isii na ngalaba nchịkwa iri atọ na isii (36).",26.722158370169627,False
afrifact_data_culture_yoruba_383,yoruba,"Àwọn fídíò tó ń lọ káàkiri orí Íńtánẹ́ẹ̀tì fi hàn pé àwọn òṣìṣẹ́ ń jẹ́ kí àwọn àlejò pàtàkì fi ọwọ́ kan òkúta náà ní ìkọ̀kọ̀, èyí tó fi hàn pé níṣe ni wọ́n ya àwọn kan sọ́tọ̀ tí òfin náà ò lè múnáà sílò.",refutes,"Yatọ si Ka'abah, awọn alalaji ko tun ni fọwọ kan okuta dudu ti a mọ si Hajar Aswad, ti wọn si tun gbọdọ fi aye ijina sira ẹni iwọn mita kan ati aabọ si ara wọn silẹ, lasiko ti wọn ba n ṣe ijọsin . Ọpọ musulumi ni ko ni lanfani lati kopa ninu Hajj tọdun yii, nitori bi Saudi ti kede pe, eeyan diẹ ni yoo kopa ninu ijọsin yii, to jẹ opo kan pataki ninu ẹsin Islam.",afrifact_data_culture_yoruba_150,yoruba,"Ọdún Ìdúpẹ́-Ọòrẹ"" jẹ́ ọjọ́ ìsinmi pàtàkì nínú ẹsìn Ìsìlàámù ti àwọn ṣe àjọyọ̀ káàkiri àgbáyé láti ṣerántí àmì kàn tí wọ́n ní ìfẹ sí tí ó ń jẹ́ Ànọ́bì Ìbùrọ̀hìmù ( ( ). Oríṣiríṣi àlàyé ló wà fún ọdún yìi, lára àwọn àlàyé náà ni: Ní ọdún 1991, Sheikh Dr. Abu-Abdullah Adélabú ṣe àlàyé nípa Ọdún Iléyá ní orí Ẹ̀rọ-sọ̀rọ̀sọ̀rọ̀ Rẹ́díò Abùjá wí pé Ọdún Iléyá jẹ́ àjọ̀dún ìfi-ẹ̀mí-ìmọorè-hàn, Ọlọ́hun ní kí Ibrahim ó ṣe láti fi ẹ̀mí-ìmọ́orè hàn èyí tí ó sí fí ọmọ rẹ̀ Ishmael sílè fún ìfi ẹ̀mí-ìmọ́orè hàn sí Ọlọ́run tí ó ṣe àdéhùn fún pé bí oun Ibrahim bá bímọ nínú ogbó pé òun yóò fí ọmọ náà jọ́sín fún Ọlọ́run.",64.8998574000569,False
afrifact_data_culture_hausa_674,hausa,Kowacce ƙasa tana samun cigaba ne idan tanada tsaro sosai.,nei,Ta ce bincikenta ya nuna cewa jami'an tsaro sun kashe mutane akalla 18 daga lokacin da dokar takaita zirga-zirgar ta soma aiki a ranar 30 ga watan Maris.,afrifact_data_culture_hausa_568,hausa,"A yawancin ƙasashe, ƙwararrun malamai ana biyan su kuɗi ne, don su koyawa ɗalibai na yau da kullun. Kalmar Malami na da fadi sosai, kuma tana nufin malamai na dukkan dabi'u gani a rayuwa misali; Malamin makarantar boko, Islamiyya, Addini da dai sauransu. ",14.050709488420058,False
afrifact_data_culture_igbo_036,igbo,"N'ime ụdị ihe abụọ e ji arụ ọja, nke na-aka anọte aka bụ nke osisi ",supports,"N'ime ụdị ihe abụọ a e ji arụ ya, nke osisi na-aka nọtee aka ruo ogologo oge. ",afrifact_data_culture_igbo_034,igbo,"N'ime ụdị ihe abụọ a e ji arụ ya, nke osisi na-aka nọtee aka ruo ogologo oge. ",53.99252471096287,False
afrifact_data_culture_igbo_086,igbo,Ji ahụrụ ahụ bụ ji e ji eme emume iri ji ọhụrụ.,supports,Ọ bụ ya ka e ji eme emume iri ji ọhụrụ.,afrifact_data_culture_igbo_085,igbo,Ọ bụ ya ka e ji eme emume iri ji ọhụrụ.,52.24999704181014,False
afrifact_data_culture_hausa_523,hausa,Gwamnatin Najeriya ce ta bada umarnin kashe Sheikh Ja'afar Mahmud Adam.,refutes,"Duk da yake wasu sun ce , wata kungiya mai tsattsauran ra'ayi, ta kashe Sheikh din, wasu sun ce Mista Shekarau, gwamnan Kano a lokacin, na iya kasancewa da alhakin saboda malamin yana daya daga cikin manyan masu sukar sa.",afrifact_data_culture_hausa_526,hausa,"Shiekh Ja'afar Mahmud Adam (Fabrairu 12, 1960 - Afrilu 13, 2007) ya kasance masanin addinin kuma memba na Jama'at Izalat al Bid'a Wa Iqamatus Sunnah na Najeriya, ƙungiyar addini da siyasa da ke da hedikwata a Abuja .",30.88657763987732,False
afrifact_data_culture_hausa_464,hausa,Talakawa da yawa suna rabauta da zakkar da masu kuɗin Kano ke fitarwa a lokacin azumin ramadana.,nei,"Ana fitar da ita ne daga cikin dukiyar da ya mallaka wanda ya haɗa da tsabar , kadara, da kuma ma'adanai wanda yakai tsawon wani adadi na musamman sannan kuma ta kai wani lokaci keɓantacce zuwa ga waɗansu keɓantattun .",afrifact_data_culture_hausa_378,hausa,Ga Maguzawan da ke gundumar Kwatarkwashi ta Jihar Zamfara waɗanda ke bautar Magiro a garuruwansu na da ba su da wata tsayayyar rana wadda suke raɗa wa ‘ya’yansu suna. A al’adar waɗannan mutane ba a raɗa wa yaro suna sai lokacin da ake da damar yin sunan ko da kuwa bayan shekaru ne. A wurinsu mutum yana iya haɗa ‘ya’yansa da yawa tun daga na ɗaya ko fiye da ɗaya don ya yi masu suna a rana ɗaya.,24.78512891555935,False
afrifact_data_culture_hausa_117,hausa,Najeriya ƙasa ce da ta ke tutiya da arziƙin man fetur.,nei,Ya halarci Makarantar Sakandaren Gwamnati ta Biu a Jihar Borno tsakanin shekarar 1977 zuwa shekarar 1982.,afrifact_data_culture_hausa_118,hausa,"Kafin wannan nadin, Kyari ya kasance Manajan Janar na Rukunin Man Fetur na Kamfanin Mai na NNPC da kuma wakilin Nijeriya na Kungiyar Kasashe Masu Fitar da Man Fetur wato (OPEC) tun daga shekarar 2018.",21.365091599235058,False
afrifact_data_culture_yoruba_377,yoruba,Àwọn ará-ìlú kọ̀ láti gbóríyìn fún Oṣinbajo fún iṣẹ́ takuntakun tó ṣe láti ri pé ètò ọrọ̀-ajé  ń lọ bó ṣe yẹ.,refutes,"Ko si idi meji tawọn ọmọ orilẹ-ede Naijiria fi n kan saara si Ọjọgbọn Oṣinbajo, ju awọn igbesẹ akọ to gbe lasiko to fi n dele fun aarẹ Muhammadu Buhari fun ọjọ mẹwaa to lọ lo fun isinmi laipẹ ati latẹyin wa. Amọ ṣa, gẹgẹ bii oloṣelu to wa lati ẹkun guusu orilẹ-ede Naijiria, ko daju pe Ọṣinbajo yoo lee dide dije fun ipo aarẹ lasiko idibo apapọ ọdun to n bọ, nitori ilana yan-ki-n-yan eleyi ti wọn fi le ori eto idipo-mu laarin ẹkun ariwa ati guusu orilẹ-ede naa. 'Ipaniyan ati ifiyajẹni lọna ti ko bofinmu lọwọ awọn ọlọpaa' Laipẹ yii ni Ọjọgbọn Ọṣinbajo paṣẹ atunto ikọ agbenawoju awọn adigunjale, FSARS ti o ti di atobi-maṣee-bawi bayii nitori oniruru ẹsun iwa ibajẹ ti wọn fi n kan wọn.",afrifact_data_culture_yoruba_375,yoruba,"Ṣaaju ni igbakeji aarẹ orilẹ-ede Naijiria naa, ti kọkọ yọ olori ileeṣẹ ọtẹlẹmuyẹ DSS fun bi awọn oṣiṣẹ ikọ naa ti ṣe ṣigun bo ẹka ile aṣofin apapọ. Bi o tilẹ jẹ pe ọpọ lo n fi oju atobi-masee-bawi wo Lawal Musa Daura, to jẹ ọga agba ileeṣẹ naa, nitori ọkan o jọkan iwa fami-lete n tutọ wọn, ti awọn kan si ti n beere idi gan ti o fi ṣoro fun aarẹ Buhari lati rọọ loye. Amọ ṣa, Oṣinbajọ ko beṣu-bẹgba to fi yọ Daura nipo bi ẹni yọ jiga. Kini Oṣinbajo ti ṣe tẹlẹ? Eyi kọ ni igba akọkọ ti aarẹ Buhari yoo maa lọ fun isinmi, ti igbakeji rẹ yoo si maa gbe awọn igbesẹ to loorin eleyi ti awọn eeyan ti pariwo kare fun un. Ọpọ lo n fi oju koṣee bawi wo Lawal Musa Daura to jẹ ọga agba ileeṣẹ DSS tẹlẹ nitori ọkan o jọkan iwa familete n tutọ wọn Ni ọdun to kọja ti aarẹ Buhari lọ gba isinmi, lasiko naa ni eto ọrọ aje Naijiria n ṣojojo ti owo dọla di ọwọngogo ni Naijiria, ṣugbọn ni gẹlẹ ti Oṣinbajo di adele aarẹ lo ti gbe awọn igbesẹ kan ninu eyi ti a ti ri aṣẹ to pa fun banki apapọ lati fọn dọla tuntun si inu ọja ọrọ aje eyi si fun Naira ni ifẹsẹmulẹ to duro deede nigba naa.",34.72707852686127,False
afrifact_data_culture_hausa_321,hausa,Goro ana yawan amfani da shi wajen shirya abin sha mai ɗanɗano wanda yake bada kuzari musamman ga matasa a Afirka.,nei," wa lafiyar ɗan’adam kamar yadda ake ta yayatawa, binciken masana ya tabbatar da cewa, “Amfanin goro ga lafiyar ɗan’adam ya fi illolinsa yawa”, Ugwu da Tawagarsa (2020). Yana washe (wanke) baki, yana ƙara kuzari, yana gusar da yunwa da ƙishin ruwa, yana wartsakar da jiki sannan kuma yana ɗauke da sinadaran magani da sauran abubuwa masu tarin yawa (Lovejoy, 1980) A kimiyyance ana kiran itaciyar da ",afrifact_data_culture_hausa_585,hausa," watan Oktoba na shekara ta 2022, Kamfanin Amurka mai suna Ideanomics, wanda ke da ƙwarewa acikin motocin lantarki, ya bada umurni ga abin da yake da'awar shine mafi girman masana'antar taro don tarakta na lantarki a Arewacin Amurka.",26.802935701692036,False
afrifact_data_culture_yoruba_045,yoruba,"Eégún Alábala ni ó máa ń pidán, eégún Apẹ̀sà ni ó máa ń kọrin ki àwọn ènìyàn nígbà tí eégún Aláago jẹ́ eégún onífàájì",supports,Àwọn wọ̀nyí ni wọ́n ma ń pidán tí wọ́n sì ma ń yí . Egúngún Apẹ̀ṣà. Irúfẹ́ àwọn egúngún wọ̀nyí ló m a ń kọrin ki àwọn ènìyàn. Egúngún Aláago. Àwọn eégún wọ̀nyí jẹ́ egúngún oní fàájì àti bbl. Orúkọ tí wọ́n ń pe àwọn egúngún wọ yí tún yàtọ̀ síra wọn ní ìlú sílú ati àdúgbò sí àdúgbò. Ìtàn nípa Egúngún [ | ] Onirunrun itan lo ro mo Iwasayi tabi ibere egungun sugbon eyi ti a o salaye ni Itan akoni ti a mo si Ogogo omo kulodo.,afrifact_data_culture_yoruba_044,yoruba,Àwọn wọ̀nyí ni wọ́n ma ń pidán tí wọ́n sì ma ń yí . Egúngún Apẹ̀ṣà. Irúfẹ́ àwọn egúngún wọ̀nyí ló m a ń kọrin ki àwọn ènìyàn. Egúngún Aláago. Àwọn eégún wọ̀nyí jẹ́ egúngún oní fàájì àti bbl. Orúkọ tí wọ́n ń pe àwọn egúngún wọ yí tún yàtọ̀ síra wọn ní ìlú sílú ati àdúgbò sí àdúgbò. Ìtàn nípa Egúngún [ | ] Onirunrun itan lo ro mo Iwasayi tabi ibere egungun sugbon eyi ti a o salaye ni Itan akoni ti a mo si Ogogo omo kulodo.,39.80532097409183,False
afrifact_data_culture_hausa_096,hausa,Malaman makaranta guda 22000 ne suka rasa aiki sakamakon wani garanbawul da Nasir El-Rufa'i ya yiwa ma'aikatar ilimi a jihar Kaduna.,supports,"gwamna, El-Rufai ya fara aiwatar da garambawul a fannin ilimi da nufin sake fasalin yanayin ilimi a jihar. El-Rufai ya kori sama da malaman firamare 22,000. [ ] Gwamnatin E",afrifact_data_culture_hausa_091,hausa,"gwamna, El-Rufai ya fara aiwatar da garambawul a fannin ilimi da nufin sake fasalin yanayin ilimi a jihar. El-Rufai ya kori sama da malaman firamare 22,000. [ ] Gwamnatin E",36.00629066746081,False
afrifact_data_culture_igbo_728,igbo,Onye uweojii aha ya bụ Lukmon Akanbi agbagbuola otu nwaokorobịa ya na ya nwere nghọtahie na Legọọs Aịland ụbọchị Fraịde. Ndị uweojii kpere ya ikpe ma chụọ ya n'ọrụ.,supports,"Aka ndị uweojii akparala ofu onye otu ha ji egbe gbagbuo otu nwata nwaokorobịa na mpaghara Legọs Aịland ụbọchị Fraịde. Onye uweojii a aha ya bụ Lukmon Akanbi na nwaokorobịa aha ya bụ Ramon Adeniyi nwere obere nghọtahie o wee mịrị egbe gbatuo ya. Bala Elkana bụ ọnụ na-ekwuru ndị uweojii na Legọs kwuru na e kpeela Akanbi ikpe imeụlọ dịka iwu ndị uweojii sị dị, wee chụọ ya n'ọrụ.",afrifact_data_culture_igbo_729,igbo,"Aka ndị uweojii akparala ofu onye otu ha ji egbe gbagbuo otu nwata nwaokorobịa na mpaghara Legọs Aịland ụbọchị Fraịde. Onye uweojii a aha ya bụ Lukmon Akanbi na nwaokorobịa aha ya bụ Ramon Adeniyi nwere obere nghọtahie o wee mịrị egbe gbatuo ya. Bala Elkana bụ ọnụ na-ekwuru ndị uweojii na Legọs kwuru na e kpeela Akanbi ikpe imeụlọ dịka iwu ndị uweojii sị dị, wee chụọ ya n'ọrụ.",98.80469143803755,False
afrifact_data_culture_igbo_020,igbo,Abang kwuru na ya na ndị ọrụ ya ekeela nkwụcha ịhụ na ọgbatauhire ọbụla adịghị n'ụzọ ahụ n'izu a.,supports,Abang sị na ya na ndị ọrụ ya ekeela nkwụcha ịhụ na enweghị ọgbatauhire ọbụla na ụzọ ahụ n'izu a.,afrifact_data_culture_igbo_019,igbo,Abang sị na ya na ndị ọrụ ya ekeela nkwụcha ịhụ na enweghị ọgbatauhire ọbụla na ụzọ ahụ n'izu a.,79.68287234305383,False
afrifact_data_culture_igbo_427,igbo,Alexander Ekwueme gụrụ akwụkwọ na Mahadum nke Nigeria ma nweta nzere Bachelo tupu ọ gawa ala Bekee,refutes,"Dị ka onye nwetara Fulbright Scholarship na United States of America (bụ otu n'ime ndị Naijiria mbụ nwetara onyinye ahụ), Ọ gara Mahadum Washington ebe ọ nwetara nzere bachelọ na Architecture na nhazi obodo. ",afrifact_data_culture_igbo_315,igbo,"Mgbe ọ gụsịrị akwụkwọ na Mahadum Katọlik nke America na Washington D.C., na Masters na Sayensị ndọrọ ndọrọ ọchịchị, Chuba gara n'ihu site n'inweta nzere doctorate abụọ na nkà ihe ọmụma na sayensị ndọrọ ọchịchị na Washington, D.C",20.588904649774694,False
afrifact_data_culture_yoruba_167,yoruba,Táyé Taiwò gbá bọ́ọ̀lù nínú líìgì àgbábuta orílẹ̀-èdè South Africa fún ọdún márùn-ún.,refutes," International. Wọ́n ra Taiwo wá si ìpele Nigeria Premier League, sínú ẹgbẹ́ agbábọ́ọ̀lù Lobi Stars. Níbi tí ó tún ti lo ọdún kan . Olympique de Marseille [ | ] Ní ọdún 2005, nígbà tí ó pé ọmọ ogún ọdún, ẹgbẹ́ agbábọ́ọ̀lù ilẹ̀ Faranse kan ti o n je Olympique de Marseille gba Taiwo sinu iko won. Won ra Taiwo lati le ropo ogbeni Bixente Lizarazu ti o ti lo sinu egbe agbaboolu Bayern Munich. Taiwo lo gba boolu ti iko re Olympic Marseille fi jawe olubori",afrifact_data_culture_yoruba_163,yoruba," International. Wọ́n ra Taiwo wá si ìpele Nigeria Premier League, sínú ẹgbẹ́ agbábọ́ọ̀lù Lobi Stars. Níbi tí ó tún ti lo ọdún kan . Olympique de Marseille [ | ] Ní ọdún 2005, nígbà tí ó pé ọmọ ogún ọdún, ẹgbẹ́ agbábọ́ọ̀lù ilẹ̀ Faranse kan ti o n je Olympique de Marseille gba Taiwo sinu iko won. Won ra Taiwo lati le ropo ogbeni Bixente Lizarazu ti o ti lo sinu egbe agbaboolu Bayern Munich. Taiwo lo gba boolu ti iko re Olympic Marseille fi jawe olubori",22.412326757486625,False
afrifact_data_culture_hausa_354,hausa,Ahmed Musa ya zura ƙwallaye biyu a nasarar Najeriya 2-0 akan Iceland a gasar cin kofin duniya ta 2018.,supports,"Duk da cewa wasan da ya yi da Iceland ya yi fice, bai ma isa ya ajiye 'yan Afirka ta Yamma a gasar ba saboda Argentina ta fitar da su A ranar 22 ga Yuni 2018, Musa ya ci sau biyu a wasan da suka doke Iceland da ci 2-0 a rukuninsu na biyu. wasan gasar cin kofin duniya. A watan Yunin 2019 ya zama dan wasa na uku da ya fi taka leda a kungiyar kwallon kafa ta Najeriya, inda ya zarce , bayan ya bayyana a wasan sada zumunci da Zimbabwe.",afrifact_data_culture_hausa_352,hausa,"Ahmad Musa ya zama ɗan na farko da ya ci fiye da ɗaya a gasar cin kofin duniya wato , bayan da yaci Argentina kwallaye biyu a gasar cin kofin duniya ta shekara dubu biyu da goma sha huɗu (2014). Ahmad Musa shine Ɗan na farko da ya zura kwallo a gasar cin kofin duniya ta guda biyu, bayan ya zura kwallaye biyu a ragar Iceland a matakin rukuni na .",66.98876200056549,False
afrifact_data_culture_yoruba_096,yoruba,"Ìrẹsì aládùn kan tí à ń fi tòmátì, àlùbọ́sà àti àwọn amóúnjẹ-ta-sánsán sè ni jọ̀lọ́ọ̀fù jẹ́.",supports,"Oúnjẹ yìí jẹ́ àdàpọ̀ ìrẹsì, tòmátì, àlùbọ́sà, àwọn èròjà amóúnjẹ-ta-sánsán, ẹ̀fọ́ àti ẹran papọ́ sínú ìkòkò kàn, pẹ̀lú èròjà, àti pé orísirísi ònà ní àwọn èèyàn ń gbà ṣe oúnjẹ yìí níbikíbi. Ìtàn àti ìpìlẹ̀ṣẹ̀ [ | ] Wọ́n tọ orírun ìrẹsì àsèpọ̀ jọ̀lọ́ọ̀fù lọsí agbègbè Sẹ̀nẹ̀gáḿbíà lábẹ ìjọba Jọ̀lọ́ọ̀fù tàbí Wọ́lọ́ọ̀fù ní ọ̀rúndún kẹrìnlá, èyí tí Sẹ̀nẹ̀gà, Gáḿbíà àti Mọriténíà máa ń dáko ìrẹsì.",afrifact_data_culture_yoruba_654,yoruba,"Ẹ̀sìn Búddà Ìgbàgbọ́ ìbílẹ̀ fi han wí pé a bi Budda si ìdílé Ọba ni Orílé-èdè . Nítorí náà, àwọn àwòràwọ̀ wí pé ní ìlú èyí tí o ti di òrìṣà àkúnlẹ̀bọ ní ìlú “India” ni a gbé bí i. O jẹ́ ọmọ ẹbí Orùkọ bàbá rẹ ni A bí Budda nínú ìdílé Ọba. Orúkọ ìyá rẹ ni Kò si ẹni ti o mọ àkọsílẹ̀ ọjọ́ ibi rẹ̀ pàtó tàbí ti o ni àkọsílẹ̀ rẹ̀. Olúkúlùkù kan ńsọ àwọn ọjọ́ ti wọn rò pe o le jẹ́ ni nítorí kò si àkọsílẹ̀ kan pàtó ti a le tọka sí.",29.832193989617046,False
afrifact_data_culture_hausa_171,hausa,Jihar Katsina ta samu ayyukan ci gaba sosai loƙacin mulkin soja.,nei,Wannan turka-turka da wasu caje-caje da ke da nasaba da kuɗi su ka sa hukumar watau E.F.C.C ta gurfanar da Gwamna Shema a gaban kotu kan cajin almundahanar kuɗaɗen da suka kai kimanin biliyan goma sha ɗaya (N11 billion).,afrifact_data_culture_hausa_172,hausa,Ya riƙe muƙamin Kwamishinan ayyuka da muhalli da kuma sufuri na Jihar Katsina a tsakanin shekarar 1991 zuwa 1993 a lokacin mulkin Soja,25.29330413333055,False
afrifact_data_culture_hausa_504,hausa,Littafin Alƙur'ani mai girma ya ambaci Attaura sau goma sha takwas.,nei,"A cikin Alqur'ani [ | ] Kalmar Tawrat ta zo sau goma sha takwas a cikin Alqur'ani kuma an ambaci sunan Musa sau 136 a cikin Alqur'ani; babu inda aka rubuta cewa Musa shi kadai aka bai wa Tawrat, amma akasin haka an rubuta a cikin Alkur’ani cewa annabawa sun yi mulki da Tawrat.",afrifact_data_culture_hausa_500,hausa,"A cikin Alqur'ani [ | ] Kalmar Tawrat ta zo sau goma sha takwas a cikin Alqur'ani kuma an ambaci sunan Musa sau 136 a cikin Alqur'ani; babu inda aka rubuta cewa Musa shi kadai aka bai wa Tawrat, amma akasin haka an rubuta a cikin Alkur’ani cewa annabawa sun yi mulki da Tawrat.",34.27024739881649,False
afrifact_data_culture_hausa_392,hausa,Mabiya JIBWIS suna gudanar da taruka na koyan girki da zaman lafiya a cikin al’umma.,refutes,"Jama'atu Izalatul Bidi'a Wa'Ikamatus Sunnah ( JIBWIS ). ƙungiyar addinin ce, mabiya tsira da amincin Allah su kara tabbata a gareshi. Sannan kuma an kafa wannan ƙungiyar ne a babban Birnin Jihar dake wanda babban malamin Musulunci kuma Babban Hafsan Sojan ya kafa, wato Sheikh Jos wanda kuma har yanzu Cibiyar Gudanarwa na ƙungiyar yana garin Jos a ƙarƙashin jagorancin Khalifa na farko na wannan ƙungiya wato Sheikh wanda kuma har yanzu Cibiyar Gudanarwa na kungiyar yana garin Jos a karkashin jagorancin Khalifa na farko na wannan ƙungiya wato Sheikh Ƙungiya ce da aka kafa ta da manufar yaƙi da bidi'o'i, wato ƙirqire-ƙirqire a cikin addini da kuma tabbatar da biyayya ga (Aminci Allah ya kara tabbata a gare shi) tare da abubuwan da ya zo da su daga Allah Maɗaukakin Sarki, ba tare da daɗi ko ragi ba.",afrifact_data_culture_hausa_400,hausa," Hujjar mabiya aƙidar Sunnah kuwa ita ce da yake Manzon Allah (s.a.w) bai nuna wani ba wanda za'a bi bayansa sai suka yanke hukuncin yin Shura (wato kuri'a tsakanin al'umma) bayan Wafatin, wato rasuwar Annabi (s.a.w) kuma suka zaɓi Sayyadina Abubakar a matsayin Jagoran daular musulunci kuma jagoran Musulmai. ",18.748363004151916,False
afrifact_data_culture_yoruba_690,yoruba,Ìpínlẹ̀ Ọ̀yọ́ tó wà ní ìwọ̀ oòrùn orílẹ̀-èdè Nàìjíríà jẹ́ ọ̀kan nínú àwọn ìpínlẹ̀ mẹ́rindínlógójì tí orílẹ̀-èdè náà ni.,supports,"Ìpínlẹ̀ Oyo jẹ́ ọ̀kan lára àwọn ìpínlẹ̀ Mẹ́rìndínlógójì tí ó wà ní orílẹ̀-èdè . Ìpínlẹ̀ yí wà ní Ìwọ̀ Oòrùn orílẹ̀-èdè Nàìjíríà, tí olú-ìlú rẹ̀ sì fìdí kalẹ̀ sí ìlú , tí olú-ìlú rẹ̀ sí jẹ́ ìlú kẹta tí ó lérò púpò julọ ni orílẹ̀-èdè Nàìjíríà, tí o si figbakan je ìlú Kejì tó lérò púpò julọ ní Áfríkà ri.",afrifact_data_culture_yoruba_689,yoruba,"Ìpínlẹ̀ Oyo jẹ́ ọ̀kan lára àwọn ìpínlẹ̀ Mẹ́rìndínlógójì tí ó wà ní orílẹ̀-èdè . Ìpínlẹ̀ yí wà ní Ìwọ̀ Oòrùn orílẹ̀-èdè Nàìjíríà, tí olú-ìlú rẹ̀ sì fìdí kalẹ̀ sí ìlú , tí olú-ìlú rẹ̀ sí jẹ́ ìlú kẹta tí ó lérò púpò julọ ni orílẹ̀-èdè Nàìjíríà, tí o si figbakan je ìlú Kejì tó lérò púpò julọ ní Áfríkà ri.",70.84978813866691,False
afrifact_data_culture_igbo_280,igbo,Ndị na-akụ azụ na ndị na-eme njem ụgbọ mmiri na Mmiri Ọnụ Ọwarị Ọgbaru na-atụ ụtụ nye gọọmentị Anambara.,nei,"Ọ bụ ọdọ mmiri kachasị ukwuu di na Imo , Ndịda Ọwụwa Anyanwụ ; n'ime mpaghara mmiri ozuzo nke Niger . ",afrifact_data_culture_igbo_711,igbo,"A na-ahụta alụmdi na nwunye dịka ihe kachasị mkpa na ndụ ndị Igbo, nke chere nwata nwoke na nwaanyị n'ihu ma ha tolite. Alụmdi na nwunye bụ njem a na-abanye n'ime ya ma nọrọ rue oge ọnwụ, ọ bụghị njem agatụ a lawa azụ. Nke a mere nwoke maọbụ nwaanyị ọbụla na-alụ di na nwunye kwesịrị ịsa anya na mmiri. Otu ụzọ gbapụtara ihe ndị Igbo na-eji asa anya na mmiri tupu alụmdi na nwunye bụ ihe a kpọrọ ""Ịjụ ese""",27.269354911361837,False
afrifact_data_culture_yoruba_624,yoruba,Ìpínlẹ̀ Òndó tí a tún mọ̀ sí Sunshine State jẹ́ ọ̀kàndínlógún ìpínlẹ̀ tí àwọn èèyàn pọ̀ jùlọ lórílẹ̀-èdè.,supports,"Ondo state Tí orúkọ ìnagijẹ rẹ̀ njẹ́ ""Sunshine State"", Ondo jé ọ̀kàndìnlógún Ìpínlẹ̀ tí ó pọ̀ jùlọ ní orílẹ̀ èdè , tí ó sì jẹ́ ìpínlẹ̀ karùndínlọ́gbọ̀n tó fẹ̀ jùlọ gẹ́gẹ́ bí ìwọ̀n ilẹ̀ gbígbà.",afrifact_data_culture_yoruba_623,yoruba,"Ondo state Tí orúkọ ìnagijẹ rẹ̀ njẹ́ ""Sunshine State"", Ondo jé ọ̀kàndìnlógún Ìpínlẹ̀ tí ó pọ̀ jùlọ ní orílẹ̀ èdè , tí ó sì jẹ́ ìpínlẹ̀ karùndínlọ́gbọ̀n tó fẹ̀ jùlọ gẹ́gẹ́ bí ìwọ̀n ilẹ̀ gbígbà.",51.88766500287821,False
afrifact_data_culture_hausa_079,hausa,Allah ya karbi ran Ado Bayero a garin Landan bayan ya sha fama da rashin lafiya.,refutes,"A ranar 6 ga watan Yuni shekarata 2014, bayan shekaru hamsin da dayayi akan kursiyin, Ado Bayero ya mutu a fadarsa",afrifact_data_culture_hausa_008,hausa,"An haife shi a ranar ashirin da biyar 25 ga watan Fabrairu, shekara ta alif ɗari tara da ashirin da biyar 1925 a garin , (a yau ) , ya kuma rasu ne a ranar ashirin da takwas 28 ga watan Disamba, shekara ta dubu biyu da sha takwas 2018 bayan jinya da gajeriyar rashin lafiya da yayi a wani asibiti dake",26.51877107267551,False
afrifact_data_culture_igbo_554,igbo,"Odumeje, Rita Edochie na Ada Jesus nwere nsogbu. Rita Edochie mechara gbaghara Ada Jesus ebubo niile o boro ya.",supports,"Rita Edochie, Odumeje, Ada Jesus: 'Chukwu abọrọla m ọbọ n'isi nwada a' Onye na-eme ihe nkiri ama ama aha ya bụ Rita Edochie ekwuola na ọ gbagharala Ada Jesus bụ ọkpaọchị ama ama maka okwu ọjọọ o kwuru megide ya. O kwuru si na obi dị ya ụtọ na ụwa amarala na Ada Jesus tụgidere ya asị. ",afrifact_data_culture_igbo_553,igbo,"Rita Edochie, Odumeje, Ada Jesus: 'Chukwu abọrọla m ọbọ n'isi nwada a' Onye na-eme ihe nkiri ama ama aha ya bụ Rita Edochie ekwuola na ọ gbagharala Ada Jesus bụ ọkpaọchị ama ama maka okwu ọjọọ o kwuru megide ya. O kwuru si na obi dị ya ụtọ na ụwa amarala na Ada Jesus tụgidere ya asị. ",83.86366188781906,False
afrifact_data_culture_yoruba_135,yoruba,Ayọ̀deji Balogun kọ́kọ́ peregedé fún àmì ẹyẹ Grammy lọ́dún 2015,supports,"Ayodeji Ibrahim Balogun ti ọpọ mọ si Wizkid kọkọ pegede fun ami ẹyẹ Grammy pẹlu iṣẹ ajọṣepọ rẹ pẹlu olorin takasufe ilẹ Amẹrika, Drake lọdun 2015. Ilumọọka olorin ni Wizkid ti ọpọ gbagbọ pe o bẹrẹ iṣẹ orin kikọ lọmọ ọdun mọkanla. Wizkid di ẹni tu araye n sọ nipa rẹ lagba ile orin lọdun 2011 lẹyin to gbe orin ''Holla at Your Boy'' jade. 5. Seun Kuti Seun Kuti to jẹ ọkan lara awọn ọmọkunrin oloogbe Fela Kuti to n kọrin jọ ọkan lara awọn olorin ọmọ Naijiria ti wọn fa kalẹ fun ami ẹyẹ Grammy lọdun 2018.",afrifact_data_culture_yoruba_133,yoruba,"Ayodeji Ibrahim Balogun ti ọpọ mọ si Wizkid kọkọ pegede fun ami ẹyẹ Grammy pẹlu iṣẹ ajọṣepọ rẹ pẹlu olorin takasufe ilẹ Amẹrika, Drake lọdun 2015. Ilumọọka olorin ni Wizkid ti ọpọ gbagbọ pe o bẹrẹ iṣẹ orin kikọ lọmọ ọdun mọkanla. Wizkid di ẹni tu araye n sọ nipa rẹ lagba ile orin lọdun 2011 lẹyin to gbe orin ''Holla at Your Boy'' jade. 5. Seun Kuti Seun Kuti to jẹ ọkan lara awọn ọmọkunrin oloogbe Fela Kuti to n kọrin jọ ọkan lara awọn olorin ọmọ Naijiria ti wọn fa kalẹ fun ami ẹyẹ Grammy lọdun 2018.",22.845105428726605,False
afrifact_data_culture_hausa_304,hausa,Awara abinci ne mai ɗanɗano wanda aka yi gaba ɗaya da alkama,refutes,"Awara dai anayin ta ne da waken suya, inda ake niƙa waken a tace ƙullun waken a Dora Shi Akan wuta saiya taso yatausa sannan asamishi ruwan tsami Ko tsamiya zaaga yafara Hada jikinta Sai Asami buhu Ko abin Tata Mai kyau Mai tsafta adinga kwashewa sannan a tsaneta Idan ruwanta yagama fitasannan a yanka a soya a wurin soyawan wasu Sukan Saka Mata Kwai yadanganta da raayin mutum.",afrifact_data_culture_hausa_265,hausa,"__LEAD_SECTION__ [ | ] Tuwon wani nau'in abinci ne kuma ana kawo shinkafar daga , da arewacin Najeriya. Kyakkyawan abunci ne mai laushi aka shirya daga shinkafa ta gida wanda yake da taushi kuma mai mannewa, kuma yawanci ana ba da shi tare da nau'ikan miya daban-daban kamar da .",19.29143030703711,False
afrifact_data_culture_hausa_334,hausa,Dambe wasa ne na rukuni mai sauƙi wanda akeyi da ƙwallon ƙafa,refutes,Dambe fasaha ce ta gwagwarmayar Hausawa daga kasar Najeriya. Masu fafatawa a cikin wasan wasa na yau da kullun suna son su rinjayi junansu cikin jimlar kaddamarwa galibi a cikin zagaye uku. Sau da yawa yana haifar da munanan raunuka na jiki ga masu kalubalen kamar karyayyun mukamuki da hakarkari.,afrifact_data_culture_hausa_667,hausa,"Tsari [ | ] Kacici-kcici yana da alaqa da wasa kwakwalwa, amman galibi suna da bambamci, wasa kwakwalwa ana yinshi ta sigar tambaya ko magana a zube,wanda shima kacici-kacici haka yake,sai dai kawai kacici-kacici ana cewa “Kacici-Kacici” idan za ayi,shi kuma wasa kwakwalwa farawa kawai akeyi. ",19.885049471336885,False
afrifact_data_culture_yoruba_766,yoruba,Gbogbo ọbẹ̀ ni wọ́n máa ń kọ́kọ́ ṣan ewé wọn kí wọ́n tó ṣàmúlò rẹ̀.,nei,"Ọbẹ̀ Oha jẹ́ ọbẹ̀ tó wọ́pọ̀ ní apá gúúsù mọ́ ìlà-oòrùn orílẹ̀-èdè . Ọbẹ̀ oha jẹ́ ọbẹ̀ agbègbè Ìlà-oòrùn, tó sì jẹ́ pé àwọn ará Íbò ni wọ́n sábà máa ń sè é, láti ará igi ewébẹ̀ láéláé tí orúkọ sáyẹ́ńsì rẹ̀ ń ṣe Pterocarpus mildraedii ni ọbẹ̀ náà ti ṣẹ̀.",afrifact_data_culture_yoruba_767,yoruba,"Ọbẹ̀ Oha jẹ́ ọbẹ̀ tó wọ́pọ̀ ní apá gúúsù mọ́ ìlà-oòrùn orílẹ̀-èdè . Ọbẹ̀ oha jẹ́ ọbẹ̀ agbègbè Ìlà-oòrùn, tó sì jẹ́ pé àwọn ará Íbò ni wọ́n sábà máa ń sè é, láti ará igi ewébẹ̀ láéláé tí orúkọ sáyẹ́ńsì rẹ̀ ń ṣe Pterocarpus mildraedii ni ọbẹ̀ náà ti ṣẹ̀.",29.72259615513921,False
afrifact_data_culture_hausa_700,hausa,Yana da kyau mutane su ke yin bincike mai zurfi kafin su je baƙon wuri don yin hutu.,nei,"Masu bincike sun ce a mafiya yawan lokutan mutane kan tura da sakonin karya ko kuma hotonan bidiyo bogi zuwa ga sauran mutane da suke mu'amala da su a dandalin sada zumunta, inda wasu suna da mabiya fiye da 100. Daga nan ne cikin sauri sai gungun mutane su taru domin kai wa baki hari, kuma 'yan sanda ba su da isashen lokacin mayar da martani.",afrifact_data_culture_hausa_378,hausa,Ga Maguzawan da ke gundumar Kwatarkwashi ta Jihar Zamfara waɗanda ke bautar Magiro a garuruwansu na da ba su da wata tsayayyar rana wadda suke raɗa wa ‘ya’yansu suna. A al’adar waɗannan mutane ba a raɗa wa yaro suna sai lokacin da ake da damar yin sunan ko da kuwa bayan shekaru ne. A wurinsu mutum yana iya haɗa ‘ya’yansa da yawa tun daga na ɗaya ko fiye da ɗaya don ya yi masu suna a rana ɗaya.,24.445075704045422,False
afrifact_data_culture_hausa_812,hausa,Muhammadu Buhari ya shafe tsawon shekaru 8 yana mulkin Najeriya.,nei,"Masharhanta salon siyasar Najeriya na ganin ficewar 'yan majalisa da kuma wasu gwamnonin APC, babban al'amari ne da zai iya raunata matsayin Shugaba Muhammadu Buhari a majalisar dokoki, kuma wata babbar barazana ce ga takararsa a zaben 2019.",afrifact_data_culture_hausa_076,hausa,"A shekara ta 2003, bayan ya faɗi zaɓe a karo na biyu a takatar Gwamnan Jihar Kano, Shugaban Kasa Olusugun Obasanjo ya naɗa shi a matsayin babban Ministan Tsaron Najeriya wanda ya riƙe na tsawon shekaru huɗu.",16.057148424156434,False
afrifact_data_culture_yoruba_341,yoruba,Ọjọ́ Ìṣẹ́gun ni àwọn oníròyìn gbé ìròyìn yìí síta nípa ilé alárinrin tí Aláàfin kọ fún àwọn olorì rẹ̀.,refutes,"Ọjọ Aiku la mu iroyin wa fun yin pe Kabiyesi naa fun Olori Memunat Omowunmi ni ẹbun ile alarinrin kan nilu Ibadan. Amọ olori keji, Aishat Folasade toun naa gba ẹbun ile alarinrin mii naa ti kede sita loju opo ibanidọrẹpọ rẹ pe oriire naa kan oun.",afrifact_data_culture_yoruba_347,yoruba,"Ọ̀pọ̀lọ̀pọ̀ ìgbà ni ìjínigbé ti wáyé ní ojú ọ̀nà ìlú Ọ̀wọ̀ sí Ìkàrẹ́-Àkókó. Alukoro fun ileeṣẹ ọlọpa nipinlẹ Ondo, Fẹmi Joseph sọ fun akọroyin BBC Yoruba, pe eniyan mẹta ni awọn ti wọn ji gbe lootọ, ṣugbọn ''ileeṣẹ ọlọpaa ko ti i le sọ boya Fulani lo ji wọn gbe nitori pe a ko ti i ri wọn'' tako iroyin to jade pe awọn fulani daran-daran lo ji wọn gbe. Bakan naa lo sọ ijinigbe ati iwa ọdaran gbogbo kiiṣe ọrọ ẹya tabi ẹsin. Ile isẹ ọlọpaa n gbe Ọrẹkunrin Khadijat rẹlẹ ẹjọ ni Ọjọ Aje ""Ọwọ wa tẹ awọn afurasi ajinigbe mẹjọ ni bi ọsẹ meji sẹyin, ko si si ẹya Fulani kankan lara wọn. Awọn mẹjọ naa si ti wa ni ihamọ nitori ọrọ wọn ti de ile ẹjọ."" Gẹgẹ bi ohun ti Joseph sọ, ọkan lara awọn mẹta ti wọn ji gbe jẹ olukọ ni ileewe gbogbonise Rufus Giwa to wa ni ilu Ọwọ nipinlẹ Ondo. Ọna to lọ si ilu Ipele nitosi Ọwọ ni wọn ti ji olukọ naa gbe.",34.03675372441602,False
afrifact_data_culture_yoruba_181,yoruba,Ọgbẹ́ni Wọlé parọ́ fún màmá tí ó bá sọ̀rọ̀ lórí aago wípé òun wà ní kíláàsì.,nei,"ina ṣetán láti yọwọ́ kúrò nínú sísan owó oṣù àwọn aṣòfin ìpínlẹ̀ àti Adájọ́- Fayemi Ijọba ti ni ki awọn adajọ ati aṣofin ni ipinlẹ fi ọkan balẹ nitori awọn gomina ti ṣetan lati jẹ ki wọn da duro lori owo osu wọn. Gomina ipinlẹ Ekiti ati Alaga ẹgbẹ awọn gomina lorilẹede Naijiria, Kayode Fayemi lo kede rẹ lẹyin ipade ni ile ijọ,ba ni ilu Abuja Fayemi ni ko si otitọ ninu iroyin pe awọn gomina ipinlẹ tako aba ki awọn aṣofin daduro lai si iranwọ ijọba ipinlẹ ati eto idajọ ni ipinlẹ naa pẹlu. O ni ori",afrifact_data_culture_yoruba_444,yoruba,"Igboho lo sọ ọrọ naa nibi ipade kan ti Ọjọgbọn Banji Akintoye, to jẹ aṣiwaju nilẹ Yoruba naa wa. O ṣalaye pe ko si nnkankan to n jẹ iṣọkan Naijiria mọ lẹyin ti eto abo ilẹ Yoruba mẹhẹ, ti ijọba apapọ ko si ri ohun kankan ṣe nipa rẹ. Bakan naa lo tun ṣalaye pe oun atawọn ikọ oun ti ṣetan lati koju awọn ọdaran Fulani lọna ati le wọn kuro ni gbogbo ilẹ Yoruba patapa. Gẹgẹ bo ṣe sọ, ""a o lọ ṣi awọn ẹnu ibode wa ti ijọba apapọ ti pa, a o si ṣigbogbo rẹ ki ounjẹ le maa wọle."" ""A kii ṣe ara Naijiria mọ, ọlọpaa ti wọn ba bi daa, ko da wa lọna tabi ko gbiyanju lati mu ẹnikẹni ninu wa, igba yẹn ni wọn yoo mọ pe ẹnu Yoruba ko."" Igboho sọ pe ko si anfani kankan ti ẹya Yoruba n ri ninu Naijiria gẹgẹ bii orilẹ-ede nitori gbogbo ipo to ṣe pataki ninu ijọba to wa lode yii ni Hausa n ṣakoso. O pari ọrọ rẹ pe digbi ni oun wa lẹyin awọn agbagba Yoruba lori igbesẹ wọn lati gba ominira kuro ni Naijiria.",30.246006699736185,False
afrifact_data_culture_hausa_525,hausa,Sheikh Ja'afar Mahmud Adam ya kasance ya na yin tafsirin alƙur'ani a duk ranar juma'a a masallacin Gadon ƙaya.,nei,"Shiekh Ja'afar Mahmud Adam (Fabrairu 12, 1960 - Afrilu 13, 2007) ya kasance masanin addinin kuma memba na Jama'at Izalat al Bid'a Wa Iqamatus Sunnah na Najeriya, ƙungiyar addini da siyasa da ke da hedikwata a Abuja .",afrifact_data_culture_hausa_526,hausa,"Shiekh Ja'afar Mahmud Adam (Fabrairu 12, 1960 - Afrilu 13, 2007) ya kasance masanin addinin kuma memba na Jama'at Izalat al Bid'a Wa Iqamatus Sunnah na Najeriya, ƙungiyar addini da siyasa da ke da hedikwata a Abuja .",40.89395234610566,False
afrifact_data_culture_hausa_560,hausa,Malamai su na jindaɗi sosai yayin da su ka ga ɗalibansu na samun cigaba a ɓangaren karatunsu.,nei,"A yawancin ƙasashe, ƙwararrun malamai ana biyan su kuɗi ne, don su koyawa ɗalibai na yau da kullun.",afrifact_data_culture_hausa_568,hausa,"A yawancin ƙasashe, ƙwararrun malamai ana biyan su kuɗi ne, don su koyawa ɗalibai na yau da kullun. Kalmar Malami na da fadi sosai, kuma tana nufin malamai na dukkan dabi'u gani a rayuwa misali; Malamin makarantar boko, Islamiyya, Addini da dai sauransu. ",27.414115633625183,False
afrifact_data_culture_yoruba_323,yoruba,"Wọ́n filé pọ̀ntí, wọ́n fọ̀nà rokà níbi ìgbéyàwó ọmọ Buhari, tí ọ̀pọ̀ ènìyàn sí péjú pésẹ síbẹ̀, láìbìkítà nípa àwọn ìlànà Covid-19.",refutes,"""Igbeyawo ọmọ Aarẹ Buhari jẹ ọkan gboogi lara awọn igbeyawo onirẹlẹ julọ ti awọn to n tukọ ijọba yoo ṣe ninu itan orilẹ-ede Naijiria."" Ni ti fidio kan to n tan kalẹ lori ayelujara, nibi ti tọkọ-taya ti n jo ti awọn eeyan kan si n na wọn lowo, Aliyu ni kii ṣe ile ijọba ni Abuja ni wọn ti ya fidio ọhun, ṣugbọn iṣẹlẹ naa waye lẹyin ti iyawo dele ọkọ rẹ tan ni Kaduna. Aliyu ni iyawo Aisha Buhari mọ pe arun Covid-19 ṣi wa lawujọ, nitori naa lo ṣe ri daju pe gbogbo awọn to peju sibi igbeyawo ọmọ rẹ tẹle ilana ijinasiraẹni ti awọn eleto ilera gbe kalẹ.",afrifact_data_culture_yoruba_347,yoruba,"Ọ̀pọ̀lọ̀pọ̀ ìgbà ni ìjínigbé ti wáyé ní ojú ọ̀nà ìlú Ọ̀wọ̀ sí Ìkàrẹ́-Àkókó. Alukoro fun ileeṣẹ ọlọpa nipinlẹ Ondo, Fẹmi Joseph sọ fun akọroyin BBC Yoruba, pe eniyan mẹta ni awọn ti wọn ji gbe lootọ, ṣugbọn ''ileeṣẹ ọlọpaa ko ti i le sọ boya Fulani lo ji wọn gbe nitori pe a ko ti i ri wọn'' tako iroyin to jade pe awọn fulani daran-daran lo ji wọn gbe. Bakan naa lo sọ ijinigbe ati iwa ọdaran gbogbo kiiṣe ọrọ ẹya tabi ẹsin. Ile isẹ ọlọpaa n gbe Ọrẹkunrin Khadijat rẹlẹ ẹjọ ni Ọjọ Aje ""Ọwọ wa tẹ awọn afurasi ajinigbe mẹjọ ni bi ọsẹ meji sẹyin, ko si si ẹya Fulani kankan lara wọn. Awọn mẹjọ naa si ti wa ni ihamọ nitori ọrọ wọn ti de ile ẹjọ."" Gẹgẹ bi ohun ti Joseph sọ, ọkan lara awọn mẹta ti wọn ji gbe jẹ olukọ ni ileewe gbogbonise Rufus Giwa to wa ni ilu Ọwọ nipinlẹ Ondo. Ọna to lọ si ilu Ipele nitosi Ọwọ ni wọn ti ji olukọ naa gbe.",45.77496284661759,False
afrifact_data_culture_yoruba_043,yoruba,"Gbogbo igi ló ń juwọ́ sí Ọlọ́run Ọba, ewéko àti gbogbo àwọn ewé ilẹ̀ pátápátá.",nei,Àwọn wọ̀nyí ni wọ́n ma ń pidán tí wọ́n sì ma ń yí . Egúngún Apẹ̀ṣà. Irúfẹ́ àwọn egúngún wọ̀nyí ló m a ń kọrin ki àwọn ènìyàn. Egúngún Aláago. Àwọn eégún wọ̀nyí jẹ́ egúngún oní fàájì àti bbl. Orúkọ tí wọ́n ń pe àwọn egúngún wọ yí tún yàtọ̀ síra wọn ní ìlú sílú ati àdúgbò sí àdúgbò. Ìtàn nípa Egúngún [ | ] Onirunrun itan lo ro mo Iwasayi tabi ibere egungun sugbon eyi ti a o salaye ni Itan akoni ti a mo si Ogogo omo kulodo.,afrifact_data_culture_yoruba_444,yoruba,"Igboho lo sọ ọrọ naa nibi ipade kan ti Ọjọgbọn Banji Akintoye, to jẹ aṣiwaju nilẹ Yoruba naa wa. O ṣalaye pe ko si nnkankan to n jẹ iṣọkan Naijiria mọ lẹyin ti eto abo ilẹ Yoruba mẹhẹ, ti ijọba apapọ ko si ri ohun kankan ṣe nipa rẹ. Bakan naa lo tun ṣalaye pe oun atawọn ikọ oun ti ṣetan lati koju awọn ọdaran Fulani lọna ati le wọn kuro ni gbogbo ilẹ Yoruba patapa. Gẹgẹ bo ṣe sọ, ""a o lọ ṣi awọn ẹnu ibode wa ti ijọba apapọ ti pa, a o si ṣigbogbo rẹ ki ounjẹ le maa wọle."" ""A kii ṣe ara Naijiria mọ, ọlọpaa ti wọn ba bi daa, ko da wa lọna tabi ko gbiyanju lati mu ẹnikẹni ninu wa, igba yẹn ni wọn yoo mọ pe ẹnu Yoruba ko."" Igboho sọ pe ko si anfani kankan ti ẹya Yoruba n ri ninu Naijiria gẹgẹ bii orilẹ-ede nitori gbogbo ipo to ṣe pataki ninu ijọba to wa lode yii ni Hausa n ṣakoso. O pari ọrọ rẹ pe digbi ni oun wa lẹyin awọn agbagba Yoruba lori igbesẹ wọn lati gba ominira kuro ni Naijiria.",24.970193478175684,False
afrifact_data_culture_igbo_013,igbo,"Bianca Ojukwu bụ nwaanyị nke abụọ bụ onyeisi n'ụlọọrụ ""Nigerian Stock Exchange"" ",refutes,"Ọ bụ nwaanyị mbụ nọ n'oche ọchịchị dịka onyeisi n'ụlọọrụ ""Nigerian Stock Exchange"".",afrifact_data_culture_igbo_015,igbo,"Ọ bụ nwaanyị mbụ nọ n'oche ọchịchị dịka onyeisi n'ụlọọrụ ""Nigerian Stock Exchange"".",52.702358614828,False
afrifact_data_culture_yoruba_218,yoruba,Kò sí nínú ìbúra àwọn olóṣèlú láti pèsè ààbò tó rinlẹ̀ fún àwọn ará ìlú.,refutes,"Bakan naa ni awọ̀n oriade nilẹ́ Yoruba bii Ọ́ọni tilu Ile Ifẹ, Ọba Adeyẹye Ẹnitan Ogunwusi, Olugbọn tile Igbọn ti peju sibi ayẹyẹ naa. Ninu ọrọ ikini kaabọ rẹ, olugbalejo pataki nibi ayẹyẹ ifilọlẹ ọhun, gomina Ṣeyi Makinde ti ipinlẹ Ọyọ ni, asiko ti to fun ilẹ Yooba lati dẹruba ẹru gangan funra rẹ. Makinde tẹsiwaju pe agbẹkale Amọtẹkun waye fun igbaye-gbadun ati eto aabo to nipọn fun gbogbo ọmọ Oodua. O ni gbogbo gomina lo bura lati bọwọ fun ofin nipa ṣiṣe agbekale eto aabo ti yoo rẹsẹwalẹ fun gbogbo awọn araalu.",afrifact_data_culture_yoruba_345,yoruba,"""Ọpọlọpọ nkan lati n ṣe bayii lati ri i pe ọrọ ijinigbe di afisẹyin ti eegun n fiṣọ. Ati fi kun awọn ọlọpa to n duro loju ọna. Bakan naa ni a ti pe awọn miran ti kii ṣe ọlọpa mọra lati ran wa lọwọ. Ohun ti a fẹ lati ọdọ araalu ni pe ki wọn maa ta wa lolobo, gbadura fun wa, ki wọn si mu suuru diẹ fun wa, ao ṣiṣẹ naa bi iṣẹ A ko mọ boya awọn ajinigbe ti kan si awọn mọlẹbi awọn ti wọn ji gbe, nitori ileeṣẹ ọlọpa kii lọwọ si. Idi ni pe ọpọlọpọ ọdaran yoo maa lo anfaani pe ileeṣẹ ọlọpa faaye gba sisan owo fun ajinigbe lati maa ṣiṣẹ ibi. Ti a ba fun ẹnikan lowo loni, ẹlomii yoo tun wo awokọṣe naa lati ji ẹlomiran gbe. A si maa n rọ awọn araalu lati fi to wa leti ti awọn ajinigbe ba kan si wọn, ṣugbọn o ṣeni laanu pe mọlẹbi awọn ti wọn ba ji gbe kii ṣọ fun wa lasiko ti wọn ba kan si wọn tabi san owo itusilẹ.""",31.384982878652483,False
afrifact_data_culture_hausa_465,hausa,Masu kuɗi na iya kai zakkar su hukumar zakka da hubusi don a bayar da ita ga waɗanda su ka cancanta.,nei,(Faqirai) A kan Tafarkin Allah (Fi sabilillihi) Bayi Waɗanda ake jansu zuwa musulunci Miskinai Matafiyi wanda bada saɓon Allah ba Waɗanda ake bi bashi Masu aiki a kan dukiyan zakka,afrifact_data_culture_hausa_174,hausa,Wannan turka-turka da wasu caje-caje da ke da nasaba da kuɗi su ka sa hukumar watau E.F.C.C ta gurfanar da Gwamna Shema a gaban kotu kan cajin almundahanar kuɗaɗen da suka kai kimanin biliyan goma sha ɗaya (N11 billion).,27.753161448222414,False
afrifact_data_culture_yoruba_557,yoruba,Oríṣi Gaàrí kan ló wà nílẹ̀ Yorùbá. Èyí sì ni Gaàrí ìjẹ̀bú.,refutes,"Garri flour Cooked garri ( ) on a plate in Cameroon Whole cassava tubers Peeled cassava pieces Ní ẹkùn ìwọ̀ oòrùn , gaàrí (tí a tún mọ̀ sí gari , galli , tàbí gali ) ó jẹ́ ìyẹ̀fun tí a rí láti ara ẹ̀gẹ́. Nínú èdè , gaàrí túmọ̀ sí ìyẹ̀fun ti , , , , , àti . Fún àpẹẹrẹ, garin dawa jẹ́ èyí tí a rí láti ara , garin masara àti garin alkama jẹ́ èyí tí a rí láti àti wíìtì bákan náà, nígbà tí garin magani jẹ́ irinṣẹ́ ìyẹ̀fun. A máa ń pò ó papọ̀ mọ́ omi tútù àti omi gbígbóná ní àwọn orílẹ̀-èdè kan ní ilẹ̀ bíi: , , , , , àti . Ẹ̀gẹ́, èyí tí ó jẹ́ egbò tí a ti rí gaárí , ó kún fún àwọn èròjà tí ó pọ̀. Gaàrí tún fara jọ tí orílẹ̀-èdè , tí wọ́n máa ń lò láti pèsè àwọn onírúurú oúnjẹ, pàápàá jùlọ ní Ìpínlẹ̀ . Bí a ṣe ń ṣe é [ | ] Process of garri making Láti ṣe ìyẹ̀fun gaàrí , a máa wú , bẹ ẹ́, lẹ́yìn náà ni a máa fọ̀ ọ́ tónítóní kí á tó gún un. A le fi òróró sí i kí a tó dà á sínú àpò, lẹ́yìn náà ni a máa gbé e sí abẹ̀ ẹ̀rọ tí a fi máa fún un fún wákàtí kan sí wákàtí mẹ́rìnlélógún láti fún àwọn omi tí ó wà lára rẹ̀. Lẹ́yìn tí ó bá gbẹ tán ni a máa yan án nínú agbada ńlá, a le fi òróró sí i tàbí kí a má fi sí i. Lẹ́yìn èyí ni ó máa fún wa ní Gaàrí, a le rọ́ pamọ́ fún ọjọ́ pípẹ́. A le gún un lódó tàbí kí á lọ̀ ọ́ lẹ́rọ láti fún wa ní ìyẹ̀fun. Gaàrí pín sí oríṣiríṣi, lébú, èyí tí kò kúná àti èyí tí kò kùnà púpọ̀, èyí tí a le lò láti ṣe onírúurú oúnjẹ.",afrifact_data_culture_yoruba_553,yoruba,"Ní ìwọ̀-oòrùn , oríṣi gaari méjì ni ó wà, àwọn náà ni gaàrí funfun yẹ́lò. Gaàrí yẹ́lò jẹ́ èyí tí wọ́n fi epo pupa sí nígbà tí wọ́n bá ń yan án. Orílẹ̀-èdè àti ni a ti le rí funfun àti yẹ́lò. Irúfẹ́ Gaàrí funfun kan ni wọ́n ń pè ní Gaàrí-Ìjẹ̀bú . Èyí tí wọ́n máa ń ṣe ní ilẹ̀ lọ́dọ̀ àwọn ará ní orílẹ̀-èdè .",44.7189836828041,False
afrifact_data_culture_igbo_191,igbo,Ndị Awụsa bụ ndị bi ne ebe ugwu nke Ọ̀hà Delta na Ọ̀hà Rivas,refutes,Ọ bụkwa ndi Ìgbò bi na ebe ugwu nke Ọ̀hà Delta na Ọ̀hà Rivas.,afrifact_data_culture_igbo_192,igbo,Ọ bụkwa ndi Ìgbò bi na ebe ugwu nke Ọ̀hà Delta na Ọ̀hà Rivas.,63.04150192985841,False
afrifact_data_culture_hausa_211,hausa,Gidan Arewa gini ne da ya kasance wurin ajiyar kayan yaƙin turawan mulkin mallaka.,refutes,"An yi amfani da gidan a matsayin cibiyar bincike tun daga shekarar 1970, bayan da aka ba kwamitin da aka sani da Kwamitin Tarihin Arewacin Najeriya alhakin rubuta littafi akan tarihin Arewacin Najeriya.",afrifact_data_culture_hausa_436,hausa,"Gumi ya fito a matsayin shugaba mai faɗa a ji a lokacin mulkin mallaka, inda yake ganin tsarin mulkin kai tsaye ya raunana ƙarfin addini na sarakuna da kuma karfafa Turawan Yamma.",21.08868200117804,False
afrifact_data_culture_hausa_537,hausa,Ya halarta ayi sallah guda biyu da alwala ɗaya.,nei,"idan ka samu ruwa mai kyau (Mai tsarki ) wanda yake tsarkakewa da kansa, bayan kayi tsarki wanda shari'a ta zo da shi wato a musulunce. Sai ka samu guri mai tsarki ka zauna, sai ka ajiye abun alwalanka a gefen dama idan budadde ne, idan kuma rufaffe ne sai ka ajjiye sa a bangarenka na hagu.",afrifact_data_culture_hausa_352,hausa,"Ahmad Musa ya zama ɗan na farko da ya ci fiye da ɗaya a gasar cin kofin duniya wato , bayan da yaci Argentina kwallaye biyu a gasar cin kofin duniya ta shekara dubu biyu da goma sha huɗu (2014). Ahmad Musa shine Ɗan na farko da ya zura kwallo a gasar cin kofin duniya ta guda biyu, bayan ya zura kwallaye biyu a ragar Iceland a matakin rukuni na .",16.556375709110824,False
afrifact_data_culture_hausa_472,hausa,Mai azumi na iya saduwa da iyalinsa kafin rana ta faɗi.,refutes,Azumi shi ne kamewa daga barin cin abinci ko sha ko jima'i (saduwan tsakanin namiji da mace) ko shan taba ko allura ta abinci daga ketowar alfijir nabiyu har zuwa faduwan rana.,afrifact_data_culture_hausa_470,hausa,Azumi shi ne kamewa daga barin cin abinci ko sha ko jima'i (saduwan tsakanin namiji da mace) ko shan taba ko allura ta abinci daga ketowar alfijir nabiyu har zuwa faduwan rana.,16.41919842437939,False
afrifact_data_culture_yoruba_118,yoruba,Òpópónà tuntun tí wọn ń ṣe láti Èkó sí Calabar yóò jẹ́ kí ètò ọ̀rọ̀ ajé rú gọ́gọ́ síi.,nei,"Ṣùgbọ́n gbogbo bẹ́líìtì àmìn ẹ̀yẹ yìí ni Anthony Joshua gbà padà báyìí. Bákan náà, òun ni alámì ẹ̀yẹ tí British and Commonwealth Heavyweight láti ọdún 2014 sí 2016. Àwọn Ìtọ́kasí [ | ] Penn, Matt (2019-12-08).",afrifact_data_culture_yoruba_334,yoruba,"LASEMA ati awọn ile ise pajawiri yo ọkọ ti o jasosa lati ṣe afihan ìṣẹlẹ pajawiri Eyi lohun ti Kevin Hines to gbiyanju lati fo sinu odo ko le gba ẹmi ara rẹ ni Golden Gate Bridge ti San Francisco ninu oṣu kẹsan ọdun 2000. bi o tilẹ jẹ wi pe ọpọ eniyan lo ri i lori afara ko to gbiyanju lati pa ara rẹ - koda onirinajo igbafẹ kan ni ko ya oun ni fọtọ. Ko sẹni to mọ pe o ni iporuru ọkan tabi to bi i lere pe ki lo ṣẹlẹ̀. Nitorinaa, lo ba di gbi ninu odo.",27.193786492938838,False
afrifact_data_culture_hausa_238,hausa,An gina kasuwar kurmi a cikin gundumar sahara.,refutes,"An kafa kasuwar Kurmi a cikin karni na goma sha biyar (15) a matsayin cibiyar kasuwanci da adana kayayyaki don cigaban kasuwanci a cikin birni, sakamakon fadada kasuwancin yanki da Sahara. An Kuma gina ta a cikin gundumar Jakara na cikin birni. ",afrifact_data_culture_hausa_236,hausa,"An kafa kasuwar Kurmi a cikin karni na goma sha biyar (15) a matsayin cibiyar kasuwanci da adana kayayyaki don cigaban kasuwanci a cikin birni, sakamakon fadada kasuwancin yanki da Sahara. An Kuma gina ta a cikin gundumar Jakara na cikin birni. ",45.10216447803865,False
afrifact_data_culture_hausa_429,hausa,Mabiya addinin shi'a su na da karanci a Nigeria idan aka kwatanta su da 'yan darika.,nei,"Shi ne ya kafa ƙungiyar 'yan' uwa ko kuma ace muslim brothers a shekara ta alif 1979 a Zaria, mutanen gari kuma na ce masu 'yan Shi'a ko ' yan Burazas .",afrifact_data_culture_hausa_691,hausa,"A wata daya kawai, watan Okotoba, matan da ke kashe kansu sun karu da kashi 70 a Japan idan aka kwatanta da watan Oktoban da ya gabace shi.",27.403761543072815,False
afrifact_data_culture_igbo_608,igbo,Otu ọgbọ bụ ndị na-ahụ na obodo gara nke ọma ma ndị ụmụnna nye iwu. Ha na-edebe obodo ọcha na-agakwa agha mgbe ọgụ dapụtara,supports,"Otu ọgbọ - Nke a bụ otu ebe ndị bụ ọgbọ dịka ụmụnwoke a mụrụ n'otu oge. ha bụ ndị na-ahụ maka nchekwa obodo niile. Ha bụkwa ndị na-aga agha maọbụ ọgụ oge ọbụla ọgụ dapụtara. Ha bụ ndị na-ekpocha ụzọ, mmiri na ahịa ma o nwee ihe gbochiri ya maọbụ na mmiri buru ahịhịa nọchie ụzọ. Ọ bụkwa ha na-emepụta ihe ọbụla otu ụmụnna maọbụ ndị nze na ọzọ nyere n'iwu dịka ọ bụrụ na o nwere onye a ga-achụpụ n'obodo maọbụ onye a ga-amachị.",afrifact_data_culture_igbo_607,igbo,"Otu ọgbọ - Nke a bụ otu ebe ndị bụ ọgbọ dịka ụmụnwoke a mụrụ n'otu oge. ha bụ ndị na-ahụ maka nchekwa obodo niile. Ha bụkwa ndị na-aga agha maọbụ ọgụ oge ọbụla ọgụ dapụtara. Ha bụ ndị na-ekpocha ụzọ, mmiri na ahịa ma o nwee ihe gbochiri ya maọbụ na mmiri buru ahịhịa nọchie ụzọ. Ọ bụkwa ha na-emepụta ihe ọbụla otu ụmụnna maọbụ ndị nze na ọzọ nyere n'iwu dịka ọ bụrụ na o nwere onye a ga-achụpụ n'obodo maọbụ onye a ga-amachị.",59.656543172833445,False
afrifact_data_culture_igbo_697,igbo,R.Kelly mara onwe ya ikpe n'ebubo niile e boro ya.,refutes,R. Kelly sị na aka ya dị ọcha n'ebubo mmetọ ọhụrụ Otiegwu a ma ama na mba Amerịka bụ R.Kelly ekwuola na aka ya dị ọcha n'ebubo na o metọrọ ụmụaka iri na atọ na Chicago gụnyere ebubo onye ọhụru. Onye nke ọhụrụ a kpọrọ 'Minor Six' so na ebubo ọ hụụ ahụ.,afrifact_data_culture_igbo_698,igbo,R. Kelly sị na aka ya dị ọcha n'ebubo mmetọ ọhụrụ Otiegwu a ma ama na mba Amerịka bụ R.Kelly ekwuola na aka ya dị ọcha n'ebubo na o metọrọ ụmụaka iri na atọ na Chicago gụnyere ebubo onye ọhụru. Onye nke ọhụrụ a kpọrọ 'Minor Six' so na ebubo ọ hụụ ahụ.,31.72441002870805,False
afrifact_data_culture_hausa_599,hausa,Sheikh Qaribullah ya auri mata biyu yana da shekaru ashirin da biyu.,nei," cikin sababbin tufafi, a yi shi zuwa kwankwasa, ko kuma a yi amfani da shi. Yawancin matakan da ake amfani da su wajen yin tufafi daga karce (saka, yin kira, yankewa, gyare-gyare, da sauransu) na nufin cewa mata sukan yi musayar kwarewarsu ta wata fasaha da juna. Ayyukan allura na ado irin su kwankwasa fasaha ce mai kima, kuma 'yan mata masu lokaci da hanyoyin za su yi aiki don gina kwarewar su a wannan yanki. Tun daga tsakiyar zamanai zuwa karni na 17, kayan aikin dinki i",afrifact_data_culture_hausa_422,hausa,"Kuma haka rayuwa ta kasance a gare shi har ya kai ga ,kuma abin mamaki, ya auri mata biyu yana da shekaru ashirin da biyu a 1982. Kamar yadda ba a saba gani ba, da ban mamaki, ko da yake halal ne,kamar daura auren mata biyu a lokaci guda - a wani lokaci, sun yi zaman jituwa tare, na wani lokaci kafin shi, Sheikh Qareebullah, ya yi auren mata fiye da ɗaya na gaske. Wannan aure (salon auren mata fiye da daya ),ba kamar yadda yake ba, sai da ya haifa masa ‘ya’ya goma sha tara.",39.126413053748756,False
afrifact_data_culture_yoruba_757,yoruba,Ìṣẹ̀lẹ̀ apànìyàn yìí wáyé ní ìlú Ìjẹ̀ṣà ní Ìdómínàà ní pàtó.,nei,"Tí a bá sọ̀rọ̀ nípa àwọn tí ó wà ní abẹ́ Ìjẹ̀sà, ọ̀pọ̀lọpọ̀ ìlú ni a lè rí tọ́kasí lábẹ́ wọn. Lára àwọn ìlú wọ̀nyí ní a tí rí ìlú ńláńlá àti kékeré. Àwọn ìlú naa nì wọ̀nyí (1) Ìpólé (2) Ìrógbó (3) Ìwukùn (4) Ìbòdì (5) Ìtapá (6) Òdò (7) Olówu (8) Ìperindó (9) Ìlokò (10) Ìwáráya (11) Ìsè-Ìjẹ̀sà (12) Ìlérín (13) Ìjẹ̀bú- Jẹ̀sà (14) Ìpetu- jẹ̀sà (15) Èrìn –Ìjèsà (16) Ìdómínàà (17) Ìlásè (18) Ìlówá (19) Ìkíyìnwá (20) Ifẹ̀wàrà (21) Èsà-òkè (22) Èsà-odò (23) Ìbòkun (24) Òtan-ilé (25) Ìmèsí-ilé (26) Òsú (27) Ìpetu-ilé (28) Ìlàrè (29) Ìlayè (30) Ìtagúnmodu (31) Mogbàrà (32) Òmò (33) Ìgángán (34) Ilésà gan-an (35) Ẹ̀rìnmọ̀ Ìjẹ̀sà",afrifact_data_culture_yoruba_758,yoruba,"Tí a bá sọ̀rọ̀ nípa àwọn tí ó wà ní abẹ́ Ìjẹ̀sà, ọ̀pọ̀lọpọ̀ ìlú ni a lè rí tọ́kasí lábẹ́ wọn. Lára àwọn ìlú wọ̀nyí ní a tí rí ìlú ńláńlá àti kékeré. Àwọn ìlú naa nì wọ̀nyí (1) Ìpólé (2) Ìrógbó (3) Ìwukùn (4) Ìbòdì (5) Ìtapá (6) Òdò (7) Olówu (8) Ìperindó (9) Ìlokò (10) Ìwáráya (11) Ìsè-Ìjẹ̀sà (12) Ìlérín (13) Ìjẹ̀bú- Jẹ̀sà (14) Ìpetu- jẹ̀sà (15) Èrìn –Ìjèsà (16) Ìdómínàà (17) Ìlásè (18) Ìlówá (19) Ìkíyìnwá (20) Ifẹ̀wàrà (21) Èsà-òkè (22) Èsà-odò (23) Ìbòkun (24) Òtan-ilé (25) Ìmèsí-ilé (26) Òsú (27) Ìpetu-ilé (28) Ìlàrè (29) Ìlayè (30) Ìtagúnmodu (31) Mogbàrà (32) Òmò (33) Ìgángán (34) Ilésà gan-an (35) Ẹ̀rìnmọ̀ Ìjẹ̀sà",20.148742958690086,False
afrifact_data_culture_yoruba_414,yoruba,Boko Haram ni wọ́n dá sílẹ̀ láti jẹ́ ẹgbẹ́ tí kì í ṣe oníwàhálà pẹ̀lú àfojúsùn láti ṣe àfọ̀mọ́ ìlànà ẹ̀sìn Islam ní ẹ̀kun Àríwá orílẹ̀-èdè Nàìjíríà.,supports,"Ni ọdun 2002 ni wọn da ẹgbẹ Boko Haram silẹ, gẹgẹ bii ẹgbẹ ti kii se oniwahala pẹlu afojusun ati ṣe afọmọ ilana ẹsin Islam lẹkun ariwa orilẹede Naijiria. Amọṣa ẹgbẹ naa yi pada di agbebọn ninu ilepa awọn afojusun rẹ. Kii ṣe orilẹede Naijiria nikan ni Boko Haram wa mọ bayii, itakun rẹ ti kan de awọn orilẹede to fẹgbẹkẹgbẹ pẹlu Naijiria bii Chad, Niger ati Cameroun. Ọkẹ aimoye awọn eeyan ni wọn ti ran lọ sọrun apapandodo, ti awọn bi miliọnu meji miran si ti di atipo. Boko Haram kii ye ji awọn akẹkọ gbe eleyi to mu ki oju orilẹede agbaye ṣi si ọdọ rẹ lọdun 2014, lẹyin to ji nnkan bii ọọdunrun akẹkọbinrin gbe nileewe kan to wa ni ilu Chibok nipinlẹ Borno, ipinlẹ ti Boko Haram ti kọkọ di agbebọn. Ni ọdun 2015, Boko Haram gba idanimọ gẹgẹ bii ẹgbẹ agbesunmọmi to buru julọ lagbaye, gẹgẹ bi ajọ to wa fun ọrọ aje ati alaafia lagbaye ṣe sọ.",afrifact_data_culture_yoruba_414,yoruba,"Ni ọdun 2002 ni wọn da ẹgbẹ Boko Haram silẹ, gẹgẹ bii ẹgbẹ ti kii se oniwahala pẹlu afojusun ati ṣe afọmọ ilana ẹsin Islam lẹkun ariwa orilẹede Naijiria. Amọṣa ẹgbẹ naa yi pada di agbebọn ninu ilepa awọn afojusun rẹ. Kii ṣe orilẹede Naijiria nikan ni Boko Haram wa mọ bayii, itakun rẹ ti kan de awọn orilẹede to fẹgbẹkẹgbẹ pẹlu Naijiria bii Chad, Niger ati Cameroun. Ọkẹ aimoye awọn eeyan ni wọn ti ran lọ sọrun apapandodo, ti awọn bi miliọnu meji miran si ti di atipo. Boko Haram kii ye ji awọn akẹkọ gbe eleyi to mu ki oju orilẹede agbaye ṣi si ọdọ rẹ lọdun 2014, lẹyin to ji nnkan bii ọọdunrun akẹkọbinrin gbe nileewe kan to wa ni ilu Chibok nipinlẹ Borno, ipinlẹ ti Boko Haram ti kọkọ di agbebọn. Ni ọdun 2015, Boko Haram gba idanimọ gẹgẹ bii ẹgbẹ agbesunmọmi to buru julọ lagbaye, gẹgẹ bi ajọ to wa fun ọrọ aje ati alaafia lagbaye ṣe sọ.",50.64417580466835,True
afrifact_data_culture_yoruba_719,yoruba,"Nígbà ìbárà yìí,  àwọn láàárín Ìjẹ̀bú máa gbé oúnjẹ wá láti gba iyọ̀. ",supports,"Bàbá Kutere jẹ́ ní Ìpínlẹ̀ Èkó nígbà àwọn ọdún 1700s. Nígbà tí Kutere wà lórí oyè, ìbárà láàrin Èkó àti and Ijebu wọ́pọ̀ si, àwọn Ìjẹ̀bú gbé oúnjẹ wá láti gba iyọ̀, tobacco, spirits, àti àwọn ìkan míràn tí àwọn",afrifact_data_culture_yoruba_715,yoruba,"Bàbá Kutere jẹ́ ní Ìpínlẹ̀ Èkó nígbà àwọn ọdún 1700s. Nígbà tí Kutere wà lórí oyè, ìbárà láàrin Èkó àti and Ijebu wọ́pọ̀ si, àwọn Ìjẹ̀bú gbé oúnjẹ wá láti gba iyọ̀, tobacco, spirits, àti àwọn ìkan míràn tí àwọn",45.83033083905857,False
afrifact_data_culture_hausa_371,hausa,Bikin Argungu yana da tarihi tun daga 1934 kuma yana da muhimmanci ga tattalin arziki da al’ummar yankin.,supports,"Bikin ya fara ne tun a shekara ta 1934, a matsayin wata alama ta kawo karshen dadaddiyar rashin jituwa tsakanin da Masarautar Kebbi. A shekara ta 2005, kifin da ya ci nasara lashe gasar, kifin yanada nauyin 75 Kg, kuma yana buƙatar mazaje huɗu dan ɗora shi akan ma'aunin. A shekara ta 2006 bikin ya hana kamun kifi saboda matsalolin tsaro da suka shafi karancin ruwa. Mahimmancin bikin ga tattalin arziki ya sa gwamnati ta kiyaye kifin ta hanyar hana amfani da gidan sauro da raga . ",afrifact_data_culture_hausa_370,hausa,"Bikin ya fara ne tun a shekara ta 1934, a matsayin wata alama ta kawo karshen dadaddiyar rashin jituwa tsakanin da Masarautar Kebbi. A shekara ta 2005, kifin da ya ci nasara lashe gasar, kifin yanada nauyin 75 Kg, kuma yana buƙatar mazaje huɗu dan ɗora shi akan ma'aunin. A shekara ta 2006 bikin ya hana kamun kifi saboda matsalolin tsaro da suka shafi karancin ruwa. Mahimmancin bikin ga tattalin arziki ya sa gwamnati ta kiyaye kifin ta hanyar hana amfani da gidan sauro da raga . ",36.65944564232663,False
afrifact_data_culture_yoruba_217,yoruba,Kìkìdá àwọn akẹ́kọ̀ọ́ tí wọ́n bá wúlò fún àwọn olùkọ wọn ni olùkọ́ yóò rántí wọn lákòókò tí wọ́n bá nílò wọn.,nei,"O ni Amọtẹkun ko waye lati rọpo awọn ileeṣẹ aabo to n bẹ nilẹ tẹlẹ, ṣugbọn yoo ṣiṣẹ papọ pẹlu awọn ẹṣọ aabo to ku, ki eto naa le kẹsẹjari. O ṣe afikun ọrọ wi pe, gbogbo awọn aṣoju Amọtẹkun ni yoo maa ṣe amojuto awọn agbegbe kọọkan pẹlu oye ede ati aṣa awọn agbegbe naa. Fayẹmi ṣe alaye wi pe, Amọtẹkun ipinlẹ kọọkan ni yoo maa mojuto ipinlẹ ti wọn pin wọn si lai rekọja lọ si ipinlẹ mii, ayafi ti iṣẹlẹ pajawiri ba waye.",afrifact_data_culture_yoruba_497,yoruba,"Awọn ere idaraya yii ma n jẹ ki ifẹ gbooro si laarin awọn ewe ati ọdọ ni agboole si agboole, ati wi pe, o ma n wu awọn ọmọde naa lati tete dagba ni kiakia, nitori naa ni wọn ṣe n ṣe awọn ere ohun. Erebọọlu lo pọ ju laarin awọn ọmọkunrin gẹgẹ bi ere ṣiṣe, amọ awọn ere ọmọde wọnyiii wa ti wọn tun kundun lati ma a ṣe, paapaa ti wọn ba de lati ile iwe ati labẹ osupa lalẹ ti wọn ba de ile. Awọn ere ọmọde to wọpọ laye igba kan: Ere Tẹ́ntẹ́: Ti wọn ba fẹ ṣe ere yii, awọn ọmọdebinrin a kọju si ara wọn, wọn a si ma a patẹwọ, ti wọn a si maa gbe ẹsẹ wọn bakan naa si orin Tẹ́ntẹ́ ti wọn ba n kọ.",51.19185425063896,False
afrifact_data_culture_yoruba_034,yoruba,"Mínísítà sọ pé ó dára kí á pa àgọ́ mẹ́ta, ṣùgbọ́n a ò ní fún Daud àti Lọ́ládé ni ọ̀kankan.",nei,"Ṣugbọn, onimọ kan nipa ọrọ aje, Gbadamosi Olusola, to jẹ Igbakeji Aarẹ Ẹgbẹ awọn onimọ ọrọ aje ati iṣiro ni Naijiria, sọ fun BBC pe, idẹrun ọlọjọ diẹ ni yoo mu wa fun araalu. Eyi ko ṣẹyin bi coronavirus ṣe ti ṣakoba fun ọrọ aje. Oore wo ni titi bọda ṣe fun Naijiria? Ọgbẹni Gbadamosi Olusola ṣalaye pe ko si anfaani kankan ti Naijiria jẹ lara titi awọn ẹnu ibode, nitori pe iṣẹ fayawọ lọ soke si, ti ko si tun si ayipada lori ọrọ eto aabo.",afrifact_data_culture_yoruba_086,yoruba,"Òjò gbọ́dọ̀ rọ̀ lásìkò ọdún Ẹlẹ́gba ni ìlú Epe- Oba Olufolarin Ogunsan 6) A kii yan Nafila ba ba de Yidi Irun Yidi ko ni Nafila yiyan kankan. Idi ni pe irun yi fun ara rẹ, irun Nafila loun gaan jẹ. Amọ bi eeyan ba fẹ ki irun Yidi ninu Mọsalasi nitori ojo, a le yan Nafila rakaa meji la ti fi ki Mọsalasi eleyi ti a n pe ni Taiyyatu Masjid. Bi o ba jẹ ita gbangba la ti fẹ ki irun yii, ohun to yẹ ni ki olujọsin joko ki o si maa se afọmọ titi ti Imaamu yoo fi gun ori minbari. ",39.93755240397447,False
afrifact_data_culture_igbo_707,igbo,Mary Udumeke na-agba mbọ na styeeti Anambra ịhụ na a kwụsịrị ibi ụmụ nwaanyị ugwu.,refutes,"Mary Udumeke bụ nwaanyị na-agba mbọ ịkwụsị ibi nwaanyị ugwu n'Ebonyi steeti Ọ dịzi n'aka ndị omeiwu steeti dị icheiche ibinye aka n'iwu a ka o wee dị ire na steeti ha. Mana a bịa na mpaghara Ọwụwa Anyanwụ, naanị Abia na Imo steetị bụ ndị ebinyebeghị aka n'iwu a bụ 'Violence Against Persons Prohibition Act'. ",afrifact_data_culture_igbo_705,igbo,"Mary Udumeke bụ nwaanyị na-agba mbọ ịkwụsị ibi nwaanyị ugwu n'Ebonyi steeti Ọ dịzi n'aka ndị omeiwu steeti dị icheiche ibinye aka n'iwu a ka o wee dị ire na steeti ha. Mana a bịa na mpaghara Ọwụwa Anyanwụ, naanị Abia na Imo steetị bụ ndị ebinyebeghị aka n'iwu a bụ 'Violence Against Persons Prohibition Act'. ",39.20700842549673,False
afrifact_data_culture_yoruba_442,yoruba,"Roqeeb Aderogba ní ìgbà mẹ́fà ọ̀tọ̀ọ̀tọ̀ ni òun kùnà láti ṣe dírónù, kó tó yege",nei,"Ọba alaye nilẹ Yoruba to ba ni oun ko se tiwa ko ni pẹ Bakan naa ni Sunday Igboho fi da gbogbo ọmọ Yoruba loju pe gba gba gba lawọn ọba alaye nilẹ Yoruba n bẹ lẹyin oun fun iwa ijijagbara ti oun n se. Igboho sọ pe ''gbogbo ọba alaye ilẹ Yoruba lo wa lẹyin wa, ọba to ba wa ni oun ko si lẹyin wa, ki o lọ ṣe fidio lori ayelujara ki a ri, ko ni di ọjọ keji.'' Wakili tẹẹ rí yẹn kìí ṣe ẹran rírọ̀, ó ń díbọ́n ní o - Iba Gani Adams Ọmọ Yoruba to wa nilẹ Hausa, ẹ maa bọ nile Ajijagbara ilẹ Yoruba naa wa ke pe awọn ọmọ Yoruba to wa lapa oke ọya Naijiria pe ki wọn maa bọ wale. Igboho ni imọran ti oun ni, ni oun n gba awọn ọmọ Yoruba to wa loke ọya naa pe ile to lọ. ""Ẹ maa bọ nile o, iya to n jẹ wa ti to gẹ, asiko ti to, ile ti ya, ẹ jẹ ka se ara wa ni ọkan soso. ''Asiko ti to, ile ti ya, ẹ jẹ ki a ṣe ara wa ni ọkan,'' Igboho lo sọ bẹẹ",afrifact_data_culture_yoruba_651,yoruba,"Ní ìgbà tí o di ọmọ ọdún mẹ́rìndínlógún ni o gbé ìyàwó, orúkọ́ ìyàwó rẹ̀ a má jẹ́ “Yasodhara”, Nígbà tí o pé ọmọ ọdún mọ́kàndínlọ́gbọ́n ni ìyàwó rẹ̀ bi ọmọ ọkùnrin kan fún-un orúkọ rẹ̀ a ma jẹ́ “Rahula”. Lẹ́hìn tí o bi ọmọ yii tán ìtàn fi ye wa wí pé o se ìrìnàjò lori ẹ̀sìn lẹ́ẹ̀mẹ́rin ọ̀tọ̀ọ̀tọ̀, nígbà tí ọ̀pọ̀ ìtàn sọ wí pé ń se ni o ri ìran lẹ́ẹ̀mẹ́rin.",30.096190159014633,False
afrifact_data_culture_igbo_299,igbo,"Na 1957, Ozumba Mbadiwe weere ọkwa dịka ọka ikpe n'ụlọ ike kacha elu nke Naịjirịa. ",refutes,"Na 1957, e mere ya Minister nke Azụmahịa.",afrifact_data_culture_igbo_296,igbo,"Mbadiwe hibere akwụkwọ akụkọ nke ya, Daily Telegraph, dịka akụkụ ngagharị iwe.",17.23618997670339,False
afrifact_data_culture_hausa_488,hausa,Mutane da dama sunyi alhinin mutuwar Muhammad Auwal Albaniy Zariya.,nei,Ƴan bindigar sun harbe Sheikh Muhammad Auwal Adam Albani Zariya tare da ɗaya daga cikin matansa a cikin garin a kan hanyarsu ta dawowa gida bayan sun halarci karatun Tafsirin yamma da suka saba zuwa a cikin garin.,afrifact_data_culture_hausa_488,hausa,Ƴan bindigar sun harbe Sheikh Muhammad Auwal Adam Albani Zariya tare da ɗaya daga cikin matansa a cikin garin a kan hanyarsu ta dawowa gida bayan sun halarci karatun Tafsirin yamma da suka saba zuwa a cikin garin.,21.980124127115584,True
afrifact_data_culture_hausa_019,hausa,Hatsarin mota ne yayi sanadiyyar mutuwar Murtala Muhammad a Legas.,refutes,An kashe Murtala Muhammad ne bayan sallar asuba kuma an harbe shi ne da bindiga bayan ya fito masallaci a hanyar sa ta komawa gidan sa dake cikin garin Legas inda wani da ake kira Buka Suka Dimka ya harbe shi da bindiga.,afrifact_data_culture_hausa_024,hausa,An kashe Murtala Muhammad ne bayan sallar asuba kuma an harbe shi ne da bindiga bayan ya fito masallaci a hanyar sa ta komawa gidan sa dake cikin garin Legas inda wani da ake kira Buka Suka Dimka ya harbe shi da bindiga.,24.868060157134305,False
afrifact_data_culture_igbo_290,igbo,"Linnaeus bụ onye kewara unere n'ụdị abụọ, nke gụnyere Musa paradisiaca na Musa sapientum.",supports,Linnaeus na mbụ kewara unere n'ụdị abụọ iche na ojiji ha dị ka nri: Musa paradisiaca maka unere na Musa sapientum maka unere nri.,afrifact_data_culture_igbo_292,igbo,Linnaeus na mbụ kewara unere n'ụdị abụọ iche na ojiji ha dị ka nri: Musa paradisiaca maka unere na Musa sapientum maka unere nri.,72.71733865913906,False
afrifact_data_culture_hausa_771,hausa,Sheikh Abdullahi Uwais sannan likitan zuciya ne a garin Kano.,nei,An haifi Sheikh Abdullahi Uwaisu a unguwar Limanci ta birnin Kano da ke Najeriya a shekarar 1954.,afrifact_data_culture_hausa_772,hausa,An haifi Sheikh Abdullahi Uwaisu a unguwar Limanci ta birnin Kano da ke Najeriya a shekarar 1954.,23.265982030340872,False
afrifact_data_culture_igbo_489,igbo,Peter Obi na-enye ụlọakwukwọ dị iche iche onyinye ego kwa mgbe,nei,"Ọ gara Christ the King College, Onitsha, ebe ọ gụsịrị akwụkwọ sekọndrị ya",afrifact_data_culture_igbo_439,igbo,"u mkpa dị iche iche. Ọ jikọtara n'ụdị n'ọtụtụ n'ime 1950s, mgbe Gọọmenti ọmụmụ edemede ugboro ugboro NUT ya iji w",20.603339674708863,False
afrifact_data_culture_yoruba_464,yoruba,Ìròyìn fi lélè pé ìyanṣẹ́lódí náa yóò wá sópin nítorí àwọn ọmọ ẹgbẹ́ ASUU tí gba ohun tí ìjọba fi lélẹ̀.,refutes,"Ọmọwe Ashiru sọ pe iyansẹlodi si n lọ lọwọ, nitori pe awọn ko tii yanjú ọrọ pẹlu ijọba apapọ. O sọ eyi gẹgẹ bi esi si ikede ti ijọba apapọ Naijiria fi sita pe oun yoo ṣepade pẹlu ẹgbẹ ASUU ni ọsẹ yii lati yanju nkan to mu ki ẹgbẹ naa wa ni iyansẹlodi fun ọpọlọpọ oṣu. Ninu ifọrọwanilẹnu kan to ṣe pẹlu ileesẹ iroyin Channels, Minisita fun eto igbani sisẹ ati ọrọ awọn oṣiṣẹ, Ọmọwe Chris Ngige fidi rẹ mulẹ pe ijiroro yoo bẹrẹ pada pẹlu awọn olori ẹgbẹ awọn oṣiṣẹ agba ni fasiti, SSANU ati awọn alasẹ eto ẹkọ lati yanju ọrọ to wa laarin ijọba ati ẹgbẹ ASUU. Ọmọwe Ngige ni oun ni ireti oun ni pe wọn o ri ọrọ naa yanjú ni ọsẹ yii , ti eto ẹkọ yoo si bẹrẹ pada ni awọn Fasiti. Bakan naa lo sọ pe ijọba apapọ ń ṣe awọn ipade miran labẹnu, nibi ti wọn ti ṣe akọsilẹ awọn nkan pataki ti yoo yanju ọrọ naa. Ilana imọ ẹ̀rọ tuntun ti ijọba fẹ ẹ ma fi san owo osu awọn olukọ naa (Integrated Payroll and Personal Information System, IPPIS) lo fa iyansẹlodi tí ASUU gunle. Aarẹ ẹgbẹ ASUU, Biodun Ogunyemi sọ pe inira ni ilana tuntun naa yoo mu ba awọn ọmọ ẹgbẹ rẹ.",afrifact_data_culture_yoruba_492,yoruba,"O ṣalaye pe awọn ti n jiroro pẹlu ijọba Naijiria lori ọrọ yi. ''A ti ba ijọba Naijiria fọrọjomi toro ọrọ ti a ṣi n ṣe bẹẹ nipa ṣise alabapin iroyin to tẹwa lọwọ ati mimọ ohun tawọn alaburu yi n ṣe'' Action Against Hunger: Ẹgbẹ́ agbésùmọ̀mí ISWAP ṣekú pa àláànú kan O sọ pe ṣiṣe alabapin iroyin laarin Amẹrika ati Naijiria ṣe pataki lati le fi mọ ohun ti Boko Haram ati ISIS n ṣe lati le fi koju wọn. O ni o ṣeni laanu pe gbogbo bi awọn ṣe n gbiyanju lati koju awọn agbesunmọmi yi, niṣe ni wọn gbooro sii. O ni nkan meji lo wa nidi iṣẹlẹ yi.",41.776411872790135,False
afrifact_data_culture_hausa_624,hausa,Mamman Shata yana ɗaya daga cikin manyan mawaƙan da aka sani a ƙasashe da dama. 'Yan Arewa Ku Bar Barci na ɗaya daga cikin waƙoƙin Shata.,supports,"Mamman Shata yana daya daga cikin Manyan mawakan da aka fi sani a kasashen da ma , kai har ma da duniya baki daya. Ya kasance mashahurin Mawaki, domin a fagen wakarsa ya shahara, Kasancewarsa a cikin wakar ba abin da ba zai iya yi wa waka ba idan ya ga dama. "" 'Yan Arewa Ku Bar Barci "" na daya daga cikin wakokinsa. Shata: 'Yan Arewa Ku Bar Barci, Najeriyarmu Akwai Dadi 'Yan Arewa a bar barci, Najeriyarmu akwai dadi. To! 'Yan Amshi: A a, 'Yan Arewa, a bar barci, Najeriyarmu, akwai dadi.",afrifact_data_culture_hausa_621,hausa,"Mamman Shata yana daya daga cikin Manyan mawakan da aka fi sani a kasashen da ma , kai har ma da duniya baki daya. Ya kasance mashahurin Mawaki, domin a fagen wakarsa ya shahara, Kasancewarsa a cikin wakar ba abin da ba zai iya yi wa waka ba idan ya ga dama. "" 'Yan Arewa Ku Bar Barci "" na daya daga cikin wakokinsa. Shata: 'Yan Arewa Ku Bar Barci, Najeriyarmu Akwai Dadi 'Yan Arewa a bar barci, Najeriyarmu akwai dadi. To! 'Yan Amshi: A a, 'Yan Arewa, a bar barci, Najeriyarmu, akwai dadi.",89.11630083769211,False
afrifact_data_culture_hausa_137,hausa,Hukumar EFCC ta tuhumi Sule Lamido bisa satar kuɗin gwamnati a shekarar 2015.,supports,A shekarar 2015 an gurfanar da shi da ‘ya’yansa maza bisa zargin satar kuɗaɗen gwamnati da EFCC ta yi.,afrifact_data_culture_hausa_136,hausa,A shekarar 2015 an gurfanar da shi da ‘ya’yansa maza bisa zargin satar kuɗaɗen gwamnati da EFCC ta yi.,45.792687005057836,False
afrifact_data_culture_hausa_463,hausa,Ma su arziƙi za su iya karɓar zakka don su ƙara jari.,refutes,(Faqirai) A kan Tafarkin Allah (Fi sabilillihi) Bayi Waɗanda ake jansu zuwa musulunci Miskinai Matafiyi wanda bada saɓon Allah ba Waɗanda ake bi bashi Masu aiki a kan dukiyan zakka,afrifact_data_culture_hausa_331,hausa," A al'adance, ana gudanar da gasa tsakanin maza na gungun mahauta wadanda kuma za su kalubalanci maza daga masu sauraron kauyensu. An zana shi daga kananan kabilar Hausa wadanda su kadai ne za su iya yanka dabbobi da sarrafa nama, mahauta masu tafiya sun kafa gungiyoyin dambe daga darajarsu da ake kira ""runduna"".",22.563838741210322,False
afrifact_data_culture_hausa_239,hausa,An gina kasuwar kurmi a cikin gundumar Jakara.,supports,"An kafa kasuwar Kurmi a cikin karni na goma sha biyar (15) a matsayin cibiyar kasuwanci da adana kayayyaki don cigaban kasuwanci a cikin birni, sakamakon fadada kasuwancin yanki da Sahara. An Kuma gina ta a cikin gundumar Jakara na cikin birni. ",afrifact_data_culture_hausa_236,hausa,"An kafa kasuwar Kurmi a cikin karni na goma sha biyar (15) a matsayin cibiyar kasuwanci da adana kayayyaki don cigaban kasuwanci a cikin birni, sakamakon fadada kasuwancin yanki da Sahara. An Kuma gina ta a cikin gundumar Jakara na cikin birni. ",45.8310627444753,False
afrifact_data_culture_igbo_240,igbo,Edochie bụ onye Katọlik.,supports,Edochie bụkwa onye Katọlik.,afrifact_data_culture_igbo_238,igbo,Edochie bụkwa onye Katọlik.,23.05881287526295,False
afrifact_data_culture_igbo_202,igbo,Ndị ntọrị ga-enwetarịrị ụgwọ ọrụ ha.,nei,"Igosipụta ọnọdu a, n'afọ 2018, ha tọọrọ ihe karịrị umụakwụkwọ narị n'obodo Dapchi.",afrifact_data_culture_igbo_718,igbo,"Onyeisi ndị uweojii na Anambra steeti bụ John Abang ewkusiela ike na ya ga-enye aka ka Anambra steeti bụrụ kpoo na-nchekwa. O kwukwara na ha ga akpalite ""Operation Puffadder i ji chụpụ ndị otu nzuzo,ndiohi ma ọkachasị ndị ntọrị.""",16.31172629467817,False
afrifact_data_culture_hausa_397,hausa,Rabe-raben musulmi bai haifar da faruwar Shi’anci nan take ba.,refutes,"Ya kamata a lura da cewa musulmi a lokacin ba su kasu kashi biyu ba, wato ‘yan Shi’a da Sunna, sai dai hakan ya faru ne bayan wafatin Manzon Allah, tsira da amincin Allah su tabbata a gare shi da alayensa, da taron juyin mulkin da aka yi a Saqifa. Bani Sa'ida da zabin Abubakar a matsayin magajin Manzon Allah, tsira da amincin Allah su tabbata a gare shi da alayensa, a kan musulmi. Al’amarin ya fuskanci adawar Ali binu Abi Talib, tsira da amincin Allah su tabbata a gare shi, da dukkan Bani Hashim, da Salman Al-Farisiy, da Abu Zarr Al-Ghafari, da Al-Miqdad bin Al-Aswad, da Ammar bin Yasser, da Ibn Al-Tayhan. Othman bin Hanif, da sauran sahabbai da mabiyan Ali, tsira da amincin Allah su tabbata a gare shi. Daga nan ne bishiya Shi'anci ta fara girma.",afrifact_data_culture_hausa_402,hausa,"Ya kamata a lura da cewa musulmi a lokacin ba su kasu kashi biyu ba, wato ‘yan Shi’a da Sunna, sai dai hakan ya faru ne bayan wafatin Manzon Allah, tsira da amincin Allah su tabbata a gare shi da alayensa, da taron juyin mulkin da aka yi a Saqifa. Bani Sa'ida da zabin Abubakar a matsayin magajin Manzon Allah, tsira da amincin Allah su tabbata a gare shi da alayensa, a kan musulmi. Al’amarin ya fuskanci adawar Ali binu Abi Talib, tsira da amincin Allah su tabbata a gare shi, da dukkan Bani Hashim, da Salman Al-Farisiy, da Abu Zarr Al-Ghafari, da Al-Miqdad bin Al-Aswad, da Ammar bin Yasser, da Ibn Al-Tayhan. Othman bin Hanif, da sauran sahabbai da mabiyan Ali, tsira da amincin Allah su tabbata a gare shi. Daga nan ne bishiya Shi'anci ta fara girma.",18.352615552645126,False
afrifact_data_culture_hausa_165,hausa,Jihar Zamfara na fama da matsalar tsaro da har yanzu gwamnati ta kasa magancewa.,nei,"Sanya fitulun titi masu amfani da hasken rana a babban birnin jihar ya kara inganta rayuwar mazauna jihar, tare da inganta tsaro da tsaro.",afrifact_data_culture_hausa_168,hausa,"Sanya fitulun titi masu amfani da hasken rana a babban birnin jihar ya kara inganta rayuwar mazauna jihar, tare da inganta tsaro da tsaro.",18.215779416032067,False
afrifact_data_culture_igbo_507,igbo,"Agbụrụ ndị Yoroba nwere alụsi ha na-akpọ Sango, bụ nke ha hụrụ ka chi siri ike.",nei," Ọ na-achịkwa ụlọ ọrụ, ọrụ ugbo, na onye ọrụ ugbo, a na-eme kwa ememme kwa afọ na ememme Ikenga kwa afọ.",afrifact_data_culture_igbo_725,igbo,"Ihe kacha mkpa bụ na n'agbanyeghị na e nwere agbụrụ dị iche iche na Naịjirịa, e nwere ihe ole na ole na-ejikọta agbụrụ niile ahụ. Ihe ndị ahụ na-abụ o na-eme, ndị mmadụ echefuo agbụrụ nke ha, ma tinye uchu ha n'ikwado ya. Ihe ndị na-ejikọta Naịjirịa Ọtụtụ oge ka ndị Naịjirịa anaghị ekwekọrịta n'ụfọdụ ihe dịka ofufe na okwukwe ndị, ndọrọndọrọ ọchịchị nakwa ihe nkiri nke Bekee kpọrọ ""movies",27.74968393981055,False
afrifact_data_culture_igbo_197,igbo,Akụkọ a ma ama na-ekwu na-ekwu na onye atọ a mara nke ọma n'Akwete bụ Dada Nwakata,refutes,Akụkọ ọdịnala a ma ama na-ekwu na otu nwanyị aha ya bụ Dada Nwakata bụ onye mbụ a maara nke ọma na Akwete.,afrifact_data_culture_igbo_195,igbo,Akụkọ ọdịnala a ma ama na-ekwu na otu nwanyị aha ya bụ Dada Nwakata bụ onye mbụ a maara nke ọma na Akwete.,73.04040898898779,False
afrifact_data_culture_yoruba_168,yoruba,"Agbábọ́ọ̀lù ọwọ́ ẹ̀yìn ni Táyé Taiwò, ó sì gbá bọ́ọ̀lù fún ikọ̀ orílẹ̀-èdè Nigeria.",supports," International. Wọ́n ra Taiwo wá si ìpele Nigeria Premier League, sínú ẹgbẹ́ agbábọ́ọ̀lù Lobi Stars. Níbi tí ó tún ti lo ọdún kan . Olympique de Marseille [ | ] Ní ọdún 2005, nígbà tí ó pé ọmọ ogún ọdún, ẹgbẹ́ agbábọ́ọ̀lù ilẹ̀ Faranse kan ti o n je Olympique de Marseille gba Taiwo sinu iko won. Won ra Taiwo lati le ropo ogbeni Bixente Lizarazu ti o ti lo sinu egbe agbaboolu Bayern Munich. Taiwo lo gba boolu ti iko re Olympic Marseille fi jawe olubori",afrifact_data_culture_yoruba_163,yoruba," International. Wọ́n ra Taiwo wá si ìpele Nigeria Premier League, sínú ẹgbẹ́ agbábọ́ọ̀lù Lobi Stars. Níbi tí ó tún ti lo ọdún kan . Olympique de Marseille [ | ] Ní ọdún 2005, nígbà tí ó pé ọmọ ogún ọdún, ẹgbẹ́ agbábọ́ọ̀lù ilẹ̀ Faranse kan ti o n je Olympique de Marseille gba Taiwo sinu iko won. Won ra Taiwo lati le ropo ogbeni Bixente Lizarazu ti o ti lo sinu egbe agbaboolu Bayern Munich. Taiwo lo gba boolu ti iko re Olympic Marseille fi jawe olubori",26.420994457282504,False
afrifact_data_culture_igbo_229,igbo,Site na nkwado ndị PDP mere Obaseki ji bụrụ gọvanọ Edo steeti.,supports,"Makana e wepụ nkwado anyị, Obaseki agaraghị ịbụ gọvanọ Edo steeti"".",afrifact_data_culture_igbo_231,igbo,"Makana e wepụ nkwado anyị, Obaseki agaraghị ịbụ gọvanọ Edo steeti"".",41.32369706472091,False
afrifact_data_culture_yoruba_413,yoruba,Ìjọba Buhari ti ṣẹ́gun ogun Boko Haram pátá ní orílẹ̀-èdè Nàìjíríà.,refutes,"Ni ọdun 2002 ni wọn da ẹgbẹ Boko Haram silẹ, gẹgẹ bii ẹgbẹ ti kii se oniwahala pẹlu afojusun ati ṣe afọmọ ilana ẹsin Islam lẹkun ariwa orilẹede Naijiria. Amọṣa ẹgbẹ naa yi pada di agbebọn ninu ilepa awọn afojusun rẹ. Kii ṣe orilẹede Naijiria nikan ni Boko Haram wa mọ bayii, itakun rẹ ti kan de awọn orilẹede to fẹgbẹkẹgbẹ pẹlu Naijiria bii Chad, Niger ati Cameroun. Ọkẹ aimoye awọn eeyan ni wọn ti ran lọ sọrun apapandodo, ti awọn bi miliọnu meji miran si ti di atipo. Boko Haram kii ye ji awọn akẹkọ gbe eleyi to mu ki oju orilẹede agbaye ṣi si ọdọ rẹ lọdun 2014, lẹyin to ji nnkan bii ọọdunrun akẹkọbinrin gbe nileewe kan to wa ni ilu Chibok nipinlẹ Borno, ipinlẹ ti Boko Haram ti kọkọ di agbebọn. Ni ọdun 2015, Boko Haram gba idanimọ gẹgẹ bii ẹgbẹ agbesunmọmi to buru julọ lagbaye, gẹgẹ bi ajọ to wa fun ọrọ aje ati alaafia lagbaye ṣe sọ.",afrifact_data_culture_yoruba_414,yoruba,"Ni ọdun 2002 ni wọn da ẹgbẹ Boko Haram silẹ, gẹgẹ bii ẹgbẹ ti kii se oniwahala pẹlu afojusun ati ṣe afọmọ ilana ẹsin Islam lẹkun ariwa orilẹede Naijiria. Amọṣa ẹgbẹ naa yi pada di agbebọn ninu ilepa awọn afojusun rẹ. Kii ṣe orilẹede Naijiria nikan ni Boko Haram wa mọ bayii, itakun rẹ ti kan de awọn orilẹede to fẹgbẹkẹgbẹ pẹlu Naijiria bii Chad, Niger ati Cameroun. Ọkẹ aimoye awọn eeyan ni wọn ti ran lọ sọrun apapandodo, ti awọn bi miliọnu meji miran si ti di atipo. Boko Haram kii ye ji awọn akẹkọ gbe eleyi to mu ki oju orilẹede agbaye ṣi si ọdọ rẹ lọdun 2014, lẹyin to ji nnkan bii ọọdunrun akẹkọbinrin gbe nileewe kan to wa ni ilu Chibok nipinlẹ Borno, ipinlẹ ti Boko Haram ti kọkọ di agbebọn. Ni ọdun 2015, Boko Haram gba idanimọ gẹgẹ bii ẹgbẹ agbesunmọmi to buru julọ lagbaye, gẹgẹ bi ajọ to wa fun ọrọ aje ati alaafia lagbaye ṣe sọ.",22.07847431484914,False
afrifact_data_culture_yoruba_388,yoruba,"Lọ́wọ́ lọ́wọ́ báyìí, oríire ti gbé aláwo ire ko Adetutu, nígbà tí gbajú-gbajà olórin kan ní ilẹ̀ Amerika, ìyẹn Rihanna ṣe fèsì sí ọ̀rọ̀ rẹ̀ láti bá ṣiṣẹ́ pọ̀.",nei,"Adetutu fi kun pe, o de asiko kan, ti oun lọ ba awọn obi oun lati mọ idi ti wọn se kọ oun ni ila, amọ alaye wọn ni pe ara asa ilẹ Yoruba ni ila kikọ, eyi ti yoo bu kun ẹwa oun. O tun sọ siwaju pe ọpọ awọn alejo to ba ri oun ni wọn maa n sọ pe oun burẹwa, toun ba si n rin lọ loju popo nigba miran, awọn eeyan maa n fa oun sẹyin pe oun burẹwa, amọ ti awọn eeyan miran maa n gbeja oun. Koda, ila kikọ yii ni Adetutu sọ pe o tun mu ki baba ọmọ oun kọ oun silẹ, nitori pe oju maa n tii lati ba oun rin loju popo. ""Ara idi ti baba ọmọ mi fi kọ mi silẹ ni pe ko fẹ maa fi mi han loju taye. O si ni alẹ ni ki a maa pade. A pade ni ikọkọ fun osu diẹ lọdun 2008, ti mo si loyun lọdun 2009. Obinrin ni mo bi fun-un, ti yoo si pe ọdun mẹsan laipẹ."" Adetutu ni oun ro pe oun ni oun burẹwa julọ ni gbogbo agbaye, toun ko si fẹ ni ajọsepọ pẹlu ọkunrin kankan mọ tori alẹ nikan ni wọn fẹ maa ba oun jade. Koda o ni ọkan tiẹ wa, ti oun ba jade fun ọdun meji, gbedeke to si fi lelẹ ni pe alẹ ni awọn yoo maa pade, ti oun si fara daa, toripe ọmọ ọdun mẹrin ni oun wa, ti iya oun fi ku, ajọ alaanu kan si lo wo oun dagba.",afrifact_data_culture_yoruba_479,yoruba,"Ṣiṣe odiwọn aidọgba Oṣuwọn kan ti awọn onimọ nipa ọrọ aje maa n lo lati mọ bi aidọgba ṣe pọ to ni orilẹede kan ni a mọ si oṣuwọn Gini. O da lori iye owo ti kaluku n gba fun iṣẹ́ to ba ṣe - bi owo naa ba ṣe pọ si, ni aidgba naa yoo ṣe pọ to. Ko sọ gbogbo otit ibẹ, ṣugbọn o jẹ ibi ti a ti le bẹrẹ si ni ṣagbeyẹwo aidọgba ni South Africa. ati afiwe rẹ̀ pẹlu awn orilede to ku. Nipasẹ oṣuwọn yii, ati lilo akọsilẹ ti Banki Agbaye fi sita, South Africa lo ni ipele aidọgba ju ni agbaye. Awọn orilẹede to mu ile ti i, Namibia ati Mozambique si n tọ ọ lẹyin gbagbaagba, ti Brazil naa si ti fẹ ẹ wa ni awujọ awọn mẹẹrin to wa l'oke. Ti a ba wo ayipada to ti ba oṣuwọn yii, ti a si ṣagbeyẹwo rẹ lati asiko ti ẹgbẹ ANC ti gba ijọba l'ọdun 1994, aidọgba ga si laarin ọdun 1990 si 2005.",39.19201792931525,False
afrifact_data_culture_yoruba_756,yoruba,"Ní àwọn orílẹ̀-èdè kọ̀ọ̀kan tí wọ́n máa ń din ọ̀gẹ̀dẹ̀, wọ́n máa ń ya àwọn ọ̀gẹ̀dẹ̀ yìí sọ́tọ̀ sí èyí tó wà fún jíjẹ.",supports,"Ní àwọn orílẹ̀-èdè mìíràn, wọ́n máa ń dín ọ̀gẹ̀dẹ̀, wọ́n sì máa ń yà wọ́n sọ́tọ̀ sí èyí tó wà fún jíjẹ. Èso náà máa ń wà ní oríṣiríṣi ìwọ̀n, àwọ̀ àti ìrísí, àmọ́, ó máa ń gùn tó sì máa ń rí ṣọnṣọ, pẹ̀lú ara tó rọ̀.",afrifact_data_culture_yoruba_751,yoruba,"Ní àwọn orílẹ̀-èdè mìíràn, wọ́n máa ń dín ọ̀gẹ̀dẹ̀, wọ́n sì máa ń yà wọ́n sọ́tọ̀ sí èyí tó wà fún jíjẹ. Èso náà máa ń wà ní oríṣiríṣi ìwọ̀n, àwọ̀ àti ìrísí, àmọ́, ó máa ń gùn tó sì máa ń rí ṣọnṣọ, pẹ̀lú ara tó rọ̀.",89.62716660347662,False
afrifact_data_culture_hausa_230,hausa,Mata da yawa sun taru a kasuwar.,nei,"Washegari, mutanen Daura suka taru a bakin rijiyar, suna mamakin wanda ya kashe macijin; Magajiya , sarauniyar yankin ta ba da ikon mallakar rabin garin ga duk wanda zai tabbatar da cewa ya kashe macijin. Maza da yawa sun kawo kawunan maciji a gaba, amma kawunan bai dace da jikin ba.",afrifact_data_culture_hausa_229,hausa,"Washegari, mutanen Daura suka taru a bakin rijiyar, suna mamakin wanda ya kashe macijin; Magajiya , sarauniyar yankin ta ba da ikon mallakar rabin garin ga duk wanda zai tabbatar da cewa ya kashe macijin. Maza da yawa sun kawo kawunan maciji a gaba, amma kawunan bai dace da jikin ba.",17.16603006374507,False
afrifact_data_culture_hausa_407,hausa,Al-Qur’ani shine littafin Allah na ƙarshe kuma an saukar da shi a harshen Larabci ta hannun annabi SAW.,supports,"Al-Qur'ani : rubutun cikin alkur ani bangon Alkur ani (Larabci; القرآن al-Qur'an) ko kuma mai girma kamar yanda akasani, Shine littafin da Allah ya saukar a harshen Annabin Rahama, wato larabci, kuma shine littafin da Allah ya rufe saukar da duk wani littafi mai tsarki a bayansa, (babu littafin da Allah zai sake saukarwa a bayansa) kamar yadda Allah ya saukar ga Annabawan da suka gabata, domin (S A w) shine cika makin Annabawan Allah. Surat al-Nisa' Wanda Allah ya saukar da ayoyinsa ga Annabin Annabi (S.A.W) ta hannun . ",afrifact_data_culture_hausa_406,hausa,"Al-Qur'ani : rubutun cikin alkur ani bangon Alkur ani (Larabci; القرآن al-Qur'an) ko kuma mai girma kamar yanda akasani, Shine littafin da Allah ya saukar a harshen Annabin Rahama, wato larabci, kuma shine littafin da Allah ya rufe saukar da duk wani littafi mai tsarki a bayansa, (babu littafin da Allah zai sake saukarwa a bayansa) kamar yadda Allah ya saukar ga Annabawan da suka gabata, domin (S A w) shine cika makin Annabawan Allah. Surat al-Nisa' Wanda Allah ya saukar da ayoyinsa ga Annabin Annabi (S.A.W) ta hannun . ",79.84820974434933,False
afrifact_data_culture_yoruba_180,yoruba,"Nínú ìgbàgbọ́ àwọn Yorùbá, wọ́n nígbàgbọ́ pé Olókun ni ìyá Ajé",supports,"Àwọn Yorùbá gbà gbọ́ pé Olókun ní ó bí Aje, èyí tí ó jẹ́ Òrìsà fún Ọrọ̀, Ọlá, tí ó wà ní ìsàlẹ̀ òkun. Olókun jẹ́ òrìsà tí ó ń darí àwọn ohun tí ó wà lábé Omi òkun, Ó sí jẹ́ òrìsà tí ó lágbára jù gbogbo ohùn tí ó wà lábé Omi òkun tàbí àwọn òrìṣà kékéèèké tí ó wà lábé Omi òkun. Olókun jẹ́ Òrìsà nlá tí wọn máa ń gbórínyìn fún nípa bí ó ti lágbára láti fún àwọn olúsín rẹ ní Owó, Ọlá, Ọrọ̀, àti àṣeyọrí nígbà tí wọn bá kìí tán. ",afrifact_data_culture_yoruba_393,yoruba,"Orji Uzor Kalu - Delta Ile ẹjọ to n gbọ ẹjọ ẹsun to ni i se pẹlu idibo sile igbimọ aṣofin ni ipinlẹ Delta naa tun ti wọgile ibo to gbe Orji Uzor Kalu wọle. Orji ni ẹni to jẹ gomina ana nipinle ọhun. Nigba ti o n ṣedajọ rẹ lọjọ Aje, igbimọ ẹlẹni mẹta ti adajọ I. P. C Igwe n dari ni olupẹjọ, Mao Ohuabunwa ti fi idi ẹjọ to pe mulẹ. Saaju ni olupẹjọ ti rọ ile ẹjọ naa lati wọgile ibo to gbe ọgbẹni Kalu wọle, nitori ko wa pẹlu ibamu ofin to ni i ṣe pẹlu ọrọ eto idibo ti ọdun 2010. Ohabunwa sọ fun ile ẹjọ pe, INEC yọ awọn ibo kan ṣeyin nigba ti wọn fẹ ka ibo naa, ati pe, ọpọlọpọ eeyan to yẹ ki wọn dibo ni ajọ INEC ko gba laaye lati dibo. Leyin atotonu olupẹjọ ati olujẹjọ ni adajọ ọhun da ibo naa nu, to wa paṣe pe ki wọn tun ibo naa di ni awọn agbegbe kan laarin oṣu mẹta. Orji ni ẹni to jẹ gomina ana nipinle ọhun. Dino Melaye -Kogi Lara awọn ti ile ẹjọ to n gbẹsun idibo da pada sile ni Sẹnetọ Dino Melaye to n soju ẹkun idibo iwọ oorun ipinlẹ Kogi. Ikọ ẹlẹni mẹta to n risi ipẹjọ ti adajọ A.O Chijioke n dari lo ṣedajọ naa lọjọ kẹtalelogun, oṣu kejọ ọdun yii. Adajọ naa wa paṣẹ fun ajọ INEC lati tun ibo naa di laarin aadọrun un ọjọ. Sugbọn Sẹnetọ Melaye ti ni ti adajọ ni o n sọ, oun yoo pe ejọ kotẹmilọrun. Lazarus Ogbe - Ebonyi Ile ẹjọ to n ṣegbẹjọ ẹsun idibo ni Abakaliki ti ni ki ọgbẹni Lazarus Ogbe, ọmọ ẹgbẹ PDP to n soju ẹkun guusu Ezza kẹru rẹ kuro nile aṣoju l'Abuja pada sile. O ni ki ẹni ti wọn kede ni ipinlẹ Ebonyi yii kuro ni ipo naa nitori naa lo ṣe da ibo to gbe e wọle nu. Ile ẹjọ naa kede Chinedu Ogah, lati ẹgbẹ APC, gẹgẹ bi ojulowo ẹni to jawe olubori ninu idibo naa.",23.446728317482183,False
afrifact_data_culture_igbo_581,igbo,Ọ dịghị mkpa ka a kuziere ụmụaka otu e si akpata na otu e si emefu ego,refutes,"Malite n'oge kuziwere ụmụ gị etu e si edokọba ego Ikuziri nwatakịrị maka mkpata na mmefu n'oge ga-eme ka ọ mara etu ọ ga-esi chekwa ego na akụnaụba, nke ga-enyere ya aka ruo mgbe ọ ga-abụ okenye. Ụmụaka na-esi na ngosipụta amụta ihe, nke bụ na ị bụrụ onye na-emezi ego ọfụma, ọ gaghị ara ha ahụ ịmụta ya n'aka gị.",afrifact_data_culture_igbo_095,igbo,"Osikapa bụ otu nri ọ na-abụ ego kọgodu gị elu kọọ gị ala, e nwee etu i si hụ obere ego jiri gote ya, ị ga-atụkwasịnwu ya ihe ọbụla were rie ya.",24.43006433339916,False
afrifact_data_culture_hausa_616,hausa,Mamma Shata shahararren makarancin alƙur'ani ne.,refutes,"Ya kasance mashahurin Mawaki, domin a fagen wakarsa ya shahara, Kasancewarsa a cikin wakar ba abin da ba zai iya yi wa waka ba idan ya ga dama.",afrifact_data_culture_hausa_409,hausa,"Har wayau, Musulmai sunyi imani cewa Alƙur'ani maganar Allah ne, kuma saƙon Ubangiji ne na ƙarshe wanda babu tawaya a cikin shi. Tare da AlKur'ani, Musulmai sunyi imani da sauran littattafan da aka turo kamar Attawra, Zabura da Injila. Kuma Annabi shine cikamakin Annabawan Musulunci, kuma ta shine addinin Musulunci ya cika.",15.798547209730437,False
afrifact_data_culture_hausa_355,hausa,Babbar Sallar ita kawai mutane suna ziyartar juna.,refutes,"Babbar sallah Rana ce mai dimbin tarihi a duniyar musulunci da misulmai wadda take zuwa bayan an yi sallah karama da wata 2 da kwanaki 10. Ranar babbar sallah rana ce wadda dimbin miliyoyin musulmin ke fitowa su je filin idi domin su hallarci sallar nafila raka'a biyu domin nuna godiya ga mahaliccinsu da nuna murnarsu a gare shi da ya ba su damar halattar wannan rana a tarihin rayuwarsu, a wannan ranar ana yanka abun layya abun da ya sawwaqa ga mutum daga rago, , , , , , , amale, . Wadannan sune jinsin dabbobin wadanda ake layya dasu kuma ya fi kowane daraja haka rakuma tafi kowannen su karancin daraja wato itace mai daraja ta can kasar.",afrifact_data_culture_hausa_233,hausa,"A zamanin Sarauniya , babbar hanyar samun ruwa ga Daura itace rijiyar Kusugu. Amma ana barin mutane su ɗebi ruwa ne kawai a ranar Juma'a saboda wata baƙuwar macijiya da ke zaune a cikin rijiyar. A haka mutane suka kasance suna ɗibar ruwa a iya ranakun juma'a kawai har zuwa lokacin da wani mutum yazo wanda aka haƙiƙance ɗan sarkin ne.",20.49603075630895,False
afrifact_data_culture_yoruba_041,yoruba,Martins jẹ́ ọ̀kan nínú àwọn agbábọ́ọ̀lù tí kò gbá bọ́ọ̀lù jẹun lórílẹ̀-èdè Germany rí.,refutes,"Martins wà lọ́mọ ọdún mẹ́rìdínlógún nígbà tí ó lọ sí òkè òkun lórílẹ̀ èdè Italy, láti ìgbà náà, ó ti gbá Bọ́ọ̀lù fún ọ̀pọ̀lọpọ̀ . Lọ́dún 2002 ni ó bẹ̀rẹ̀ sí ní gbá Bọ́ọ̀lù fún ikọ̀ ẹgbẹ́ agbábọ́ọ̀lù àfẹsẹ̀gbá àgbà ní orílẹ̀ èdè Italy, ikọ̀ ẹgbẹ́ agbábọ́ọ̀lù ló ti kọ́kọ́ wà kí ó tó wá sí orílẹ̀ èdè Gẹ̀ẹ́sì, tí ó sìn dara pọ̀ mọ́ ikọ̀ ẹgbẹ́ agbábọ́ọ̀lù lọ́dún 2006, lẹ́yìn èyí ó kọjá sí orílẹ̀ èdè Germany níbi tí ó ti gbá Bọ́ọ̀lù fún lọ́dún 2009.",afrifact_data_culture_yoruba_038,yoruba,"Ọbáfẹ́mi Akínwùnmí Martins tí gbà káàkiri àwọn ikọ̀ ẹgbẹ́ agbábọ́ọ̀lù àfẹsẹ̀gbá tí ó ti gbá Bọ́ọ̀lù jẹun títí dé orílẹ̀ èdè China. Yàtọ̀ sí èyí, Martins jẹ́ gbajúmọ̀ Agbábọ́ọ̀lù fún ikọ̀ ẹgbẹ́ agbábọ́ọ̀lù àfẹsẹ̀gbá Super Eagles ti orílẹ̀ èdè Nàìjíríà. Ó wà lára àwọn ikọ̀ ẹgbẹ́ agbábọ́ọ̀lù Super Eagles tí Nàìjíríà fún ìdíje ife ẹ̀yẹ tí ilẹ̀ Áfíríkà lọ́dún 2006,2008 àti 2010. Bẹ́ẹ̀ náà ó wà lára ikọ̀ ẹgbẹ́ agbábọ́ọ̀lù Super Eagles tí Nàìjíríà tí wọ́n lọ díje ife àgbáyé lórílẹ̀ èdè lọ́dún 2010 Ọbáfẹ́mi Martins ní ọmọ ìyá méjì tí àwọn náà ń gbá Bọ́ọ̀lù Àfẹsẹ̀gbá jẹun.",29.05461288166452,False
afrifact_data_culture_igbo_451,igbo,Chris Nwabueze Ngige laghachiri azụ bụrụ Gọvanọ mgbe ọ rụchara ọrụ dịka onye Omeiwu,refutes,"N'ọnwa Eprel afọ 2011, Ngige gbara ọsọ maka ntuli aka maka onye omeiwu nke Anambra Central, na ikpo okwu Action Congress of Nigeria (ACN). Mgbe nsogbu ịtụ vootu n'akụkụ ụfọdụ nke mpaghara ahụ na 9 Eprel, e mere ntuli aka na mpaghara ndị a na 25 Eprel ma kwupụta na Ngige bụ onye mmeri karịa onye bụbu Minista nke Ozi na Mmekọrịta Prọfesọ nke APGA, na vootu 69,765 na vootu Akunyili nke 69,292.",afrifact_data_culture_igbo_309,igbo,"Mgbe ọ rụchara ọrụ na Congo na 1961, e kenyere Nzeogwu ọrụ dị ka onye na-enye ọzụzụ na Army Training Depot na Zaria ruo ihe dị ka ọnwa 6 tupu e zigara ya na ka ọ bụrụ onye isi ngalaba nzuzo ndị agha na isi ụlọ ọrụ ndị agha ebe ọ bụ onye ọrụ Naijiria mbụ. ",24.660148456316815,False
afrifact_data_culture_yoruba_700,yoruba,Ilé ìfowópamọ́ àgbáyé tí ń ṣàkòóso àwọn ètò láti fi dínkù iye owó oúnjẹ lágbayé.,nei,"Muhammadu Buhari (tí wọ́n bí ní Ọjọ́ ketàdínlógún, Oṣù Kejìlá Odún 1942 o si ku ni Oṣu Keje ọjọ 13, Ọdun 2025) olóṣèlú tí ó jẹ́ Ààrẹ orílè-èdè láàrin ọdún 2015 sí ọdún 2023. Ó lo ṣáà àkọ́kọ́ rẹ̀ láàrin odún 2015 sí 2019 àti kejì láàrin ọdún 2019 sí 2023 .",afrifact_data_culture_yoruba_704,yoruba,Wàhálà tó wáyé látàrí owó Nàìjíríà tuntun ṣẹlẹ̀ lójijì ní oṣù kejì ní ọdún 2023 nítorí àìtó náírà àti ìgbìyànjú àwọn ìjọba láti mú kí àwọn ará-ìlú fi tipátipá ná owó tuntun tí wọ́n ṣẹ̀ gbé jáde.,17.10078365165846,False
afrifact_data_culture_yoruba_781,yoruba,Ìgbàgbọ́ àti ìmọ̀ lè jọra nínú ìmúṣẹ àmọ́ ìyàtọ̀ wọn wà ní ìlọ́po.,nei,"Yemọja jẹ́ òrìṣà inú omi gẹ́gẹ́ ìgbàgbọ́ ẹ̀sìn àbáláyé tàbí ìṣẹ̀ṣe Yorùbá. Yorùbá ìgbàgbọ́ pé, Yemoja jẹ́ ìyá gbogbo àwọn òrìṣà pátápátá. Ó tun jẹ́ ìyá gbogbo ènìyàn adáríhunrun.",afrifact_data_culture_yoruba_111,yoruba," Ní orí kẹ́ta àpilẹ̀ko yìí ni a ti ṣàyẹ̀wo nípa ìgbésẹ̣̀ fonọ́lọ́jì tí ó wà nínú ẹ̀ka-èdè Ìṣẹ̀-Èkìtì. A wo ìpàrójẹ, àrànmọ́ àti àǹkóò fáwẹ́lì. Ní orí kẹ́rin iṣẹ́ yìí ni a ti gbìyànjú láti wo àwọn ìyàtọ̀ àti ìjọra tí ó wà láàrin fonọ́lọ́ji ẹ̀ka-èdè Ìsè-Èkìtì àti ti olórí ẹ̀ka-èdè Yorùbá.",18.901613020102467,False
afrifact_data_culture_yoruba_367,yoruba,Ẹbọ ọkùnrin àti obìnrin tí kò ní ìbálòpọ̀ rí ni wọ́n rú dènà ogun Fulani ní ìlú Ògbómọ̀ṣọ́.,nei," Ijọba Eko wa kede pe Mary Daniels ko si ni agọ ọlọpaa fun iwadi kankan tabi pe asiri tu pe o parọ, bẹẹ ni wọn ko maa sewadi rẹ nitori pe baba rẹ wa nile aye. Bawo ni itan Mary Daniel se jẹ losu diẹ sẹyin: Bẹẹ ba gbagbe, laipẹ yii ni ori ayelujara kun fun iroyin obinrin naa, ti ọpọ eeyan si n da owo jọ fun lati saanu rẹ. Arabinrin to ge lẹsẹ naa ṣalaye, nigba t'awọn oniroyin n f'ọrọ waa lẹnu wo nigba ti iroyin rẹ jade pe, salaye pe inu ijamba mọto to gbẹmi gbogbo awọn ero inu ọkọ naa, loun ti padanu ẹsẹ oun kan. O ni inu ijamba mọto yii kan naa lawọn obi oun mejeji ku si. Nigba ti fọto rẹ nibi to ti n kiri omi pure water ni Osodi nilu Eko, bọ sigboro aye lọsẹ diẹ sẹyin, ọpọlọpọ ẹlẹyinju aanu ni Naijiria ati loke okun ni wọn dide iranwọ fun. Ogbomoso: Ẹbọ ọkùnrin àti obìnrin tí kò ní ìbálòpọ̀ rí ni wọ́n rú dènà ogun Fulani O ṣalaye ninu iforowerọ kan pe ọmọ orukan loun ati pe oun loun n da gbe bukata ọmọ kan ti oun bi ati iya agba oun.",afrifact_data_culture_yoruba_369,yoruba," Ijọba Eko wa kede pe Mary Daniels ko si ni agọ ọlọpaa fun iwadi kankan tabi pe asiri tu pe o parọ, bẹẹ ni wọn ko maa sewadi rẹ nitori pe baba rẹ wa nile aye. Bawo ni itan Mary Daniel se jẹ losu diẹ sẹyin: Bẹẹ ba gbagbe, laipẹ yii ni ori ayelujara kun fun iroyin obinrin naa, ti ọpọ eeyan si n da owo jọ fun lati saanu rẹ. Arabinrin to ge lẹsẹ naa ṣalaye, nigba t'awọn oniroyin n f'ọrọ waa lẹnu wo nigba ti iroyin rẹ jade pe, salaye pe inu ijamba mọto to gbẹmi gbogbo awọn ero inu ọkọ naa, loun ti padanu ẹsẹ oun kan. O ni inu ijamba mọto yii kan naa lawọn obi oun mejeji ku si. Nigba ti fọto rẹ nibi to ti n kiri omi pure water ni Osodi nilu Eko, bọ sigboro aye lọsẹ diẹ sẹyin, ọpọlọpọ ẹlẹyinju aanu ni Naijiria ati loke okun ni wọn dide iranwọ fun. Ogbomoso: Ẹbọ ọkùnrin àti obìnrin tí kò ní ìbálòpọ̀ rí ni wọ́n rú dènà ogun Fulani O ṣalaye ninu iforowerọ kan pe ọmọ orukan loun ati pe oun loun n da gbe bukata ọmọ kan ti oun bi ati iya agba oun.",33.480880640157956,False
afrifact_data_culture_igbo_306,igbo,"A na-arụkari ọrụ ugbo n'ime ime obodo ma n'ala Igbo, obodo nile na-arụ oru ugbo, ma nwoke, nwanyi, okorobịa na agbọghọbịa.",supports,"A na-arụkari ọrụ ugbo n'ime ime obodo ebe enwere obosara ala. Nwoke, nwanyi, okorobịa na agbọghọbịa na-arụ ọrụ ugbo. A bia na ala Igbo, a ga-asị na obodo nile na-arụ oru ugbo. N'ezie, e ji ọrụ ugbo mara ndi Igbo.",afrifact_data_culture_igbo_304,igbo,"A na-arụkari ọrụ ugbo n'ime ime obodo ebe enwere obosara ala. Nwoke, nwanyi, okorobịa na agbọghọbịa na-arụ ọrụ ugbo. A bia na ala Igbo, a ga-asị na obodo nile na-arụ oru ugbo. N'ezie, e ji ọrụ ugbo mara ndi Igbo.",107.9475280000969,False
afrifact_data_culture_igbo_484,igbo,"Lawrence Ifeanyi Ugwuanyi gara ileta ndị ọrịa na-arụ ọrụ n'obi eze nke ndị Ovoko, n'Igboeze North.",nei,Ọ bụ Onye otu ụlọ nnọchiteanya nke of Nigeria ruo afọ iri na abụọ. Ọ bụ onye so na (PDP) onye nọchitere anya Igboeze North / Udenu Federal Constinuency nke Enugu State.,afrifact_data_culture_igbo_486,igbo,"Lawrence Ifeanyi Ugwuanyi // (na-ege ntị) CON (nke a maara nke ọma dị ka "" Gburugburu "") (amụrụ na 20 Machị n'afo 1964) bụ onye ndọrọ ndọrọ ọchịchị Naijiria nke a họpụtara dị ka Gọvanọ nke Enugu Steeti n'ọnwa Eprel n'afo 2015, a ṅụrụ iyi na 29 Mee n'afo 2015.",26.56804745215922,False
afrifact_data_culture_hausa_712,hausa,Amurka na daga cikin ƙasashen da suke da ƙarfin sojoji a duniya,nei,"Wanne irin sauyi za a samu karkashin shugabancin Biden? Abubuwa kadan za mu iya hasashen - sauyin alaka da kawayen Amurka, sai maganar sauyin yanayi, da kuma rikicin gabas ta tsakiya. Alaka tsakanin Amurka da ƙawayenta Trump ya yi ta goyon bayan 'yan kama karya da kuma haɗa hannu da su.",afrifact_data_culture_hausa_548,hausa,"Shaikh Ahmad Sulaiman ya kuma shahara wajen sarrafa harshe a yayin da yake rera AlQur'ani, don mutane da dama daga sassan duniya suna son muryarsa, haka kuma yayin da wasu suke kwaikwayon salon karatunsa.",17.741216846440537,False
afrifact_data_culture_hausa_640,hausa,Gidajen Talabijin da na radiyo ba sa amfani da kiɗa wurin gabatar da shirye-shiryensu.,refutes,"Ana amfani da kiɗa don samar da wasu kafofin watsa labaru, kamar a cikin waƙoƙin sauti zuwa fina-finai, nunin TV, wasan operas, da wasannin bidiyo.",afrifact_data_culture_hausa_435,hausa,A farkon shekara ta 1960 an samu barkewar rikici tsakanin sa da malaman sufaye wanda daga baya rikicin ya koma muhawara a gidajen rediyo da talabijin a shekarun 1970 zuwa shekara ta 1980.,24.094524922808773,False
afrifact_data_culture_igbo_419,igbo,"Akanu Ibiam, n'agbanyeghị na ọ bụ onye ụlọ ụka Protestant, nyere aka n'ọrụ ụlọ uka Katọlik.",nei,"ka ndị ọcha, bụ ihe a ma ama. Na 1962, ọ bụ onye isi oche kọmitii hiwere ụlọ ụka Protestant na ",afrifact_data_culture_igbo_417,igbo,"ka ndị ọcha, bụ ihe a ma ama. Na 1962, ọ bụ onye isi oche kọmitii hiwere ụlọ ụka Protestant na ",33.51888736107494,False
afrifact_data_culture_igbo_037,igbo,Ha anaghị akwado ogige golf n'ọtụtụ ụlọ nkwarị,refutes,Ha na-akwado ogige golf na ọtụtụ ụlọ nkwari.,afrifact_data_culture_igbo_038,igbo,Ha na-akwado ogige golf na ọtụtụ ụlọ nkwari.,45.88122280588007,False
afrifact_data_culture_yoruba_091,yoruba,Kò sí ẹnìkankan níbẹ̀ nígbà tí Dauda gbé iṣẹ́ fún arábìnrin yìí.,nei,"Oúnjẹ yìí jẹ́ àdàpọ̀ ìrẹsì, tòmátì, àlùbọ́sà, àwọn èròjà amóúnjẹ-ta-sánsán, ẹ̀fọ́ àti ẹran papọ́ sínú ìkòkò kàn, pẹ̀lú èròjà, àti pé orísirísi ònà ní àwọn èèyàn ń gbà ṣe oúnjẹ yìí níbikíbi. Ìtàn àti ìpìlẹ̀ṣẹ̀ [ | ] Wọ́n tọ orírun ìrẹsì àsèpọ̀ jọ̀lọ́ọ̀fù lọsí agbègbè Sẹ̀nẹ̀gáḿbíà lábẹ ìjọba Jọ̀lọ́ọ̀fù tàbí Wọ́lọ́ọ̀fù ní ọ̀rúndún kẹrìnlá, èyí tí Sẹ̀nẹ̀gà, Gáḿbíà àti Mọriténíà máa ń dáko ìrẹsì.",afrifact_data_culture_yoruba_191,yoruba,"Oluwo tun n sọ kaakiri pe igbesẹ ti awọn lọbalọba gbe naa ko kan oun tori oun si n jọba lọ ni, ti Oluwo ko si gba alaafia laaye lori aawọ naa, oun ko si lee gba ko fi iya jẹ oun gbe. ""Ẹni ti iya ba jẹ ko ni dakẹ, mo ti sọ funle ẹjọ pe ko se ẹtọ ati igbesẹ to daa lori iya ti Oluwo fi jẹ mi, amọ to pada sọ pe ko si ija kankan laarin wa.",24.337426457552688,False
afrifact_data_culture_yoruba_077,yoruba,"Ọjọ́ kẹtàdínlọ́gbọ̀n, oṣù kẹta, ọdún 2020 ni òfin yìí ò ní ṣiṣẹ́ mọ́.",refutes,"Oyo kéde pé kí àwọn òṣìṣẹ́ ìjọba dáwọ́ iṣẹ́ dúró nítorí coronavirus Ijọba ipinlẹ Ọyọ ti ti ilẹkun ileeṣẹ ijọba pa fun ọsẹ meji gbako nitori itankalẹ aarun coronavirus nipinlẹ naa. Gomina ipinlẹ naa, Seyi Makinde lo kede bẹ ẹ ninu atẹjade kan to fi sita loju opo Twitter rẹ lọjọru. Aṣẹ naa yoo bẹrẹ iṣẹ ni ọjọ Ẹti, ọjọ kẹtadinlọgbọn, oṣu Kẹta, ọdun 2020.",afrifact_data_culture_yoruba_152,yoruba,"Ọgagun Murtala Muhammed yan Buhari gẹgẹ bi Gomina awọn ipinlẹ ila Oorun Ariwa papọ ti pe ni North-Eastern States nigba naa lọhun. Bakan naa ni ranpẹ, Buhari ṣe Gomina ipinlẹ Borno lati ọjọ Kẹta Oṣu keji ọdun 1976 si ọjọ ikẹẹdogun oṣu Kẹta ọdun 1976. Ni ọjọ Kẹta Oṣu keji ọdun 1976 ijọba ologun pin awọn ipinlẹ Ariwa yii si Bauchi, Borno ati ipinlẹ Gongola.",30.1069314202514,False
afrifact_data_culture_hausa_583,hausa,A shekarar 2022 America ta fara ƙera motoci masu amfani da diesel.,nei," watan Oktoba na shekara ta 2022, Kamfanin Amurka mai suna Ideanomics, wanda ke da ƙwarewa acikin motocin lantarki, ya bada umurni ga abin da yake da'awar shine mafi girman masana'antar taro don tarakta na lantarki a Arewacin Amurka.",afrifact_data_culture_hausa_595,hausa,"yawar ɗinkin hannu wata siffa ce ta tela mai inganci, kayan kwalliyar kwalliya, da yin suturar al'ada, kuma masu fasahar masaƙu da masu sha'awar sha'awa suna bi da su azaman hanyar ƙirƙira. [abubuwan da ake buƙata] Sanin farko da aka yi amfani da kalmar “ɗinki” shi ne a ƙarni na 14. Tarihi [ | ] Asalin [ | ] dinki yana da tsohon tarihi da aka kiyasta zai fara a zamanin Paleolithic. An yi amfani da dinki wajen dinke fa",16.424106805414066,False
afrifact_data_culture_hausa_592,hausa,Dinki sana'a cewa mai wahala sosai.,nei,An yi amfani da dinki wajen dinke fatun dabbobi wuri guda domin sutura da matsuguni.,afrifact_data_culture_hausa_598,hausa," cikin sababbin tufafi, a yi shi zuwa kwankwasa, ko kuma a yi amfani da shi. Yawancin matakan da ake amfani da su wajen yin tufafi daga karce (saka, yin kira, yankewa, gyare-gyare, da sauransu) na nufin cewa mata sukan yi musayar kwarewarsu ta wata fasaha da juna. Ayyukan allura na ado irin su kwankwasa fasaha ce mai kima, kuma 'yan mata masu lokaci da hanyoyin za su yi aiki don gina kwarewar su a wannan yanki. Tun daga tsakiyar zamanai zuwa karni na 17, kayan aikin dinki i",12.032603115629486,False
afrifact_data_culture_igbo_287,igbo,Sam Mbakwe bụ osote gọvanọ nke mbụ nke ndịda Naịjirịa n'afọ 1979. ,refutes,"Sam” Onunaka Mbakwe (1929 { - Ụbọchị nke ise n'ọnwa Jenụwarị nke afọ 2004) onye amaara dị ka Dee Sam bụ onye ndọrọ ndọrọ ọchịchị na-onye gọvanọ ochichi onye kwuo uche ya nke mbụ , ebe ndịda site 1 October 1979 ruo mgbe 31 December 1983. ",afrifact_data_culture_igbo_288,igbo,"Sam” Onunaka Mbakwe (1929 { - Ụbọchị nke ise n'ọnwa Jenụwarị nke afọ 2004) onye amaara dị ka Dee Sam bụ onye ndọrọ ndọrọ ọchịchị na-onye gọvanọ ochichi onye kwuo uche ya nke mbụ , ebe ndịda site 1 October 1979 ruo mgbe 31 December 1983. ",45.69191971750943,False
afrifact_data_culture_hausa_187,hausa,Dajin Yankari ya fara ne daga kudancin Kano kuma ya kare a arewacin Jigawa.,refutes,An bayyana Yankari a matsayin wani yanki na kudancin jihar Bauchi a lokacin inda namun daji masu yawa ke wanzuwa kuma ana iya kare su.,afrifact_data_culture_hausa_192,hausa,An bayyana Yankari a matsayin wani yanki na kudancin jihar Bauchi a lokacin inda namun daji masu yawa ke wanzuwa kuma ana iya kare su.,31.351971281672707,False
afrifact_data_culture_hausa_726,hausa,Bincike ya nuna cewa anfi samun masu cututtukan sikila a arewacin Najeriya saboda rashin gwaji lokacin yin aure.,supports,"Wata kididdiga da aka fitar a watan Maris din bana ta nuna cewa Najeriya ce ta fi yawan mutanen da ke dauke da wannan cuta a duniya, inda kimanin mutum 91,011 ke fama da ita. Yankin arewacin kasar ne kuma aka fi samun wadanda ke fama da cutar. Kuma ana alakanta rashin gwaji kafin aure ne babban dalilin da ya sa cutar ke yaduwa a kasar.",afrifact_data_culture_hausa_721,hausa,"Wata kididdiga da aka fitar a watan Maris din bana ta nuna cewa Najeriya ce ta fi yawan mutanen da ke dauke da wannan cuta a duniya, inda kimanin mutum 91,011 ke fama da ita. Yankin arewacin kasar ne kuma aka fi samun wadanda ke fama da cutar. Kuma ana alakanta rashin gwaji kafin aure ne babban dalilin da ya sa cutar ke yaduwa a kasar.",36.38159451493396,False
afrifact_data_culture_yoruba_276,yoruba,Ìlú Ilaro ní ìpínlẹ̀ Ògùn ni wọ́n bí Ọba Seriki Ifaremilekun Abass Williams Fagbemi sí.,supports,"Itan aye Ọba Seriki Ifaremilekun Abass Williams Fagbemi: Abule Joga-Orile lagbegbe ilu Ilaro nipinlẹ Ogun bayii ni wọn ti bi Ifaremilekun, ti orukọ baba rẹ si n jẹ Fagbemi. Olowo ẹru kan nilu Dahomey ti orukọ rẹ n jẹ Abass si lo mu lẹru lasiko ogun Dahomey ati Egba nigba to wa ni ọmọ ọdun mẹfa, to si pa orukọ rẹ da si ti ọga rẹ. Idi si ree to fi n jẹ Ifaremilẹkun Fagbemi Abass. 'Oyenusi ló mú mi wọ ẹgbẹ́ adigunjalè kó tó di pé mo b'Ólúwa pàdé' Lẹyin naa ni wọn ta soko ẹru fun oyinbo Brazil kan to n jẹ Williams, ẹni to gbe Seriki Abass lọ sorilẹede Brazil lati lọ se ọmọ ọdọ rẹ. Ni kete to si de silẹ Brazil ni ọga rẹ yii tun yi orukọ rẹ pada si Williams nitori ẹru ko ni idamọ kankan to yatọ si ti olowo rẹ. Brazil ni William Abass ti mọọkọ-mọọka ninu ede Dutch tilẹ Netherlands, bakan naa lo gbọ ede oyinbo, Spanish ati pọtugi.",afrifact_data_culture_yoruba_275,yoruba,"Itan aye Ọba Seriki Ifaremilekun Abass Williams Fagbemi: Abule Joga-Orile lagbegbe ilu Ilaro nipinlẹ Ogun bayii ni wọn ti bi Ifaremilekun, ti orukọ baba rẹ si n jẹ Fagbemi. Olowo ẹru kan nilu Dahomey ti orukọ rẹ n jẹ Abass si lo mu lẹru lasiko ogun Dahomey ati Egba nigba to wa ni ọmọ ọdun mẹfa, to si pa orukọ rẹ da si ti ọga rẹ. Idi si ree to fi n jẹ Ifaremilẹkun Fagbemi Abass. 'Oyenusi ló mú mi wọ ẹgbẹ́ adigunjalè kó tó di pé mo b'Ólúwa pàdé' Lẹyin naa ni wọn ta soko ẹru fun oyinbo Brazil kan to n jẹ Williams, ẹni to gbe Seriki Abass lọ sorilẹede Brazil lati lọ se ọmọ ọdọ rẹ. Ni kete to si de silẹ Brazil ni ọga rẹ yii tun yi orukọ rẹ pada si Williams nitori ẹru ko ni idamọ kankan to yatọ si ti olowo rẹ. Brazil ni William Abass ti mọọkọ-mọọka ninu ede Dutch tilẹ Netherlands, bakan naa lo gbọ ede oyinbo, Spanish ati pọtugi.",48.55288798520965,False
afrifact_data_culture_igbo_587,igbo,Ndị amụsu anarana ndị Enugwu steeti obodo ha n'ike.,refutes,"O nwere ihe ọjọọ dị na inyobanye anya n'okwu gbasaara ịta amụsụ? Otu jikọrọ ndị ụka ọgbara ọhụrụ a kpọrọ 'Pentecostal Fellowship of Nigeria (PFN)' buru agha ekpere abalị abụọ iji kagbuo ọgbakọ ahụ. Dịka onyeisi PFN n'Enugwu steeti bụ Bishọp Godwin Madu siri kwuo n'akwụkwọ mgbasaozi o wepụtara, o kwuru na ha agaghị anọrọ gba nkịtị ewere steeti ahụ nyefee n'aka ndị amusu. ",afrifact_data_culture_igbo_718,igbo,"Onyeisi ndị uweojii na Anambra steeti bụ John Abang ewkusiela ike na ya ga-enye aka ka Anambra steeti bụrụ kpoo na-nchekwa. O kwukwara na ha ga akpalite ""Operation Puffadder i ji chụpụ ndị otu nzuzo,ndiohi ma ọkachasị ndị ntọrị.""",18.11595393597853,False
afrifact_data_culture_igbo_295,igbo,Ozumba Mbadiwe wubere akwụkwọ mbipụta Native News mgbe ọ rụchara ọrụ ya dịka onye Minista n'afọ 1961,refutes,"Mbadiwe hibere akwụkwọ akụkọ nke ya, Daily Telegraph, dịka akụkụ ngagharị iwe.",afrifact_data_culture_igbo_309,igbo,"Mgbe ọ rụchara ọrụ na Congo na 1961, e kenyere Nzeogwu ọrụ dị ka onye na-enye ọzụzụ na Army Training Depot na Zaria ruo ihe dị ka ọnwa 6 tupu e zigara ya na ka ọ bụrụ onye isi ngalaba nzuzo ndị agha na isi ụlọ ọrụ ndị agha ebe ọ bụ onye ọrụ Naijiria mbụ. ",27.513626881662358,False
afrifact_data_culture_igbo_629,igbo,"Ndị mmadụ na-achọ ịma ụfọdụ ihe gbasara njem ụgbala, nke mere ka Henrietta Yakubu kwuo na gọọmentị amachiela ndị mmadụ iji ụgbọala eme njem ugbua ruo ọnwa abụọ na-abịa.",refutes,"Kama dịka ọ dị ugbua, gọọmentị na-eme njikere ịwepụ mmachị amachiri njem ụgbọelu. Onyeisi na-ahụ maka mmekọ na-etiti ụlọọrụ nke ngalaba na-ahụ maka ọdọ ụgbọelu bụ Federal Airports Authority of Nigeria (FAAN) aha ya bụ Henrietta Yakubu zara ụfọdụ ajụjụ na ụfọdụ ihe ndị mmadụ chọrọ ị ma maka njem ụgbọelụ n'oge a.",afrifact_data_culture_igbo_630,igbo,"Kama dịka ọ dị ugbua, gọọmentị na-eme njikere ịwepụ mmachị amachiri njem ụgbọelu. Onyeisi na-ahụ maka mmekọ na-etiti ụlọọrụ nke ngalaba na-ahụ maka ọdọ ụgbọelu bụ Federal Airports Authority of Nigeria (FAAN) aha ya bụ Henrietta Yakubu zara ụfọdụ ajụjụ na ụfọdụ ihe ndị mmadụ chọrọ ị ma maka njem ụgbọelụ n'oge a.",60.361944521869916,False
afrifact_data_culture_hausa_799,hausa,Sofia Sadek malama ce a makarantar firamare a ƙasar Tunisia.,refutes,"Sofia Sadek mawakiya ce 'yar kasar Tunisia, wadda shahararriya ce musamman a yankin Arewacin Afirka. AFP ta gano cewa bidiyon ya samo asali ne daga shafin Youtube, inda wani gidan rediyo mai suna Radio Med ya wallafa ranar 24 ga Satumbar 2016. Bidiyon yana dauke da taken ""Sofia Sadek tana karanta Kur'ani yayin wata hira"".",afrifact_data_culture_hausa_804,hausa,"Sofia Sadek mawakiya ce 'yar kasar Tunisia, wadda shahararriya ce musamman a yankin Arewacin Afirka. AFP ta gano cewa bidiyon ya samo asali ne daga shafin Youtube, inda wani gidan rediyo mai suna Radio Med ya wallafa ranar 24 ga Satumbar 2016. Bidiyon yana dauke da taken ""Sofia Sadek tana karanta Kur'ani yayin wata hira"".",35.106260518178814,False
afrifact_data_culture_yoruba_749,yoruba,"Délànà gbà pé orírun gidi àwọn Ẹ̀gbá wá láti Ọ̀yọ́, ó sì fi kún un pé ọmọ àlè tàbí ẹrú ni Ẹ̀gbá tí kò ní orírun láti Ọ̀yọ́.",refutes,"Ọ̀pọ̀lọpọ̀ onímọ̀ ló ti sọ nípa bí a ti se tẹ ilẹ̀ Ẹ̀gbá dó, tí wọn sí tì gbé àbọ̀ ìwádìí wọn fún aráyé rí. Ara irú àwọn báyìí ni Samuel Johnson, Sàbírì Bíòbákú, Ajísafẹ́, Délànà àti àwọn mìíràn tó jẹ́ òpìtàn àtẹnudẹ́nu. Johnson gbà pé Ọ̀yọ́ ni àwọn Ẹ̀gbá ti wá. O ní àwọn ẹ̀yà Ẹ̀gbá tòótọ́ lé ti orírun wọn de Ọ̀yọ́. ó tún tẹ̀ síwájú síi pé ọmọ àlè tàbí ẹrú ni Ẹ̀gbá tí kò bá ní orírun láti Ọ̀yọ́. ",afrifact_data_culture_yoruba_745,yoruba,"Ọ̀pọ̀lọpọ̀ onímọ̀ ló ti sọ nípa bí a ti se tẹ ilẹ̀ Ẹ̀gbá dó, tí wọn sí tì gbé àbọ̀ ìwádìí wọn fún aráyé rí. Ara irú àwọn báyìí ni Samuel Johnson, Sàbírì Bíòbákú, Ajísafẹ́, Délànà àti àwọn mìíràn tó jẹ́ òpìtàn àtẹnudẹ́nu. Johnson gbà pé Ọ̀yọ́ ni àwọn Ẹ̀gbá ti wá. O ní àwọn ẹ̀yà Ẹ̀gbá tòótọ́ lé ti orírun wọn de Ọ̀yọ́. ó tún tẹ̀ síwájú síi pé ọmọ àlè tàbí ẹrú ni Ẹ̀gbá tí kò bá ní orírun láti Ọ̀yọ́. ",97.0883802857573,False
afrifact_data_culture_hausa_144,hausa,"Kananan hukumomin Dambatta, makoɗa da Minjibir na samun ruwan sha daga Thomas dam.",supports,"Aikinsa na samar da ruwansha na Timas Danbatta ya tsaya, har sai a shekarar 2008 sannan aka karasa shi inda ake samar da ruwan sha ga kananan hukumomin Dambatta, Makoda da Minjibir.",afrifact_data_culture_hausa_141,hausa,"Aikinsa na samar da ruwansha na Timas Danbatta ya tsaya, har sai a shekarar 2008 sannan aka karasa shi inda ake samar da ruwan sha ga kananan hukumomin Dambatta, Makoda da Minjibir.",44.69020409065158,False
afrifact_data_culture_hausa_809,hausa,Mutuwar mazaje na jefa matayensu cikin mummunan halin rayuwa.,supports,"Matan da mazansu suka mutu A al'adance, ana daukar mata a matsayin mallakar mazajensu, a wasu al'adun, duk lokacin da namiji ya mutu, mace kan fada cikin wani hali na takura da muzgunawa daga dangi.",afrifact_data_culture_hausa_765,hausa,"Wannan na zuwa ne bayan mummunan harin da ƙungiyar Boko Haram ta kai a ƙauyen Zabarmari, inda aka yi wa manoma yankan rago.",9.113413528441306,False
afrifact_data_culture_yoruba_525,yoruba,"Kì í ṣe Wizkid nìkan ló jẹ́ olórin ẹlẹ́bùn àtinúdá ní orílẹ̀-èdè Nàìjíríà, àwọn olórin mìí tó tún ti di ìlúmọ̀ọ́ká ni Yemi Alade, Tekno, Falz, Olamide, Simi, Mr Eazi, Mologo àti Patoranking",supports,"Awọn onkorin lasiko yii gba pé orin Afro Beats ti n nipa lori ọna iṣọwọ kọrin awọn miran ni ori ayelujara ni eyi to tun n fun Naijiria lokiki sii lagbaye. Ayanbinrin Ara fi ilu kọ'rin ibilẹ Naijiria Eyi lo bi ẹya orin bii Afro-pop, azonto, hiplife atawọn mii laarin awọn eniyan Ghana ati Naijiria bi apẹrẹ orin Oliver Twist ti DBanj tun ṣi oju awọn eniyan si i. Awọn olorin Naijiria mii to tun ti di ilumọọka ni Yemi Alade, Tekno, Falz, Olamide, Simi, Mr Eazi, Mologo ati Patoranking. ",afrifact_data_culture_yoruba_523,yoruba,"Awọn onkorin lasiko yii gba pé orin Afro Beats ti n nipa lori ọna iṣọwọ kọrin awọn miran ni ori ayelujara ni eyi to tun n fun Naijiria lokiki sii lagbaye. Ayanbinrin Ara fi ilu kọ'rin ibilẹ Naijiria Eyi lo bi ẹya orin bii Afro-pop, azonto, hiplife atawọn mii laarin awọn eniyan Ghana ati Naijiria bi apẹrẹ orin Oliver Twist ti DBanj tun ṣi oju awọn eniyan si i. Awọn olorin Naijiria mii to tun ti di ilumọọka ni Yemi Alade, Tekno, Falz, Olamide, Simi, Mr Eazi, Mologo ati Patoranking. ",87.07251446800267,False
afrifact_data_culture_igbo_727,igbo,Lukmon Akanbi kwuru na nwaokorobịa ọ gbara egbe anwụghị anwụ.,refutes,"Aka ndị uweojii akparala ofu onye otu ha ji egbe gbagbuo otu nwata nwaokorobịa na mpaghara Legọs Aịland ụbọchị Fraịde. Onye uweojii a aha ya bụ Lukmon Akanbi na nwaokorobịa aha ya bụ Ramon Adeniyi nwere obere nghọtahie o wee mịrị egbe gbatuo ya. Bala Elkana bụ ọnụ na-ekwuru ndị uweojii na Legọs kwuru na e kpeela Akanbi ikpe imeụlọ dịka iwu ndị uweojii sị dị, wee chụọ ya n'ọrụ.",afrifact_data_culture_igbo_729,igbo,"Aka ndị uweojii akparala ofu onye otu ha ji egbe gbagbuo otu nwata nwaokorobịa na mpaghara Legọs Aịland ụbọchị Fraịde. Onye uweojii a aha ya bụ Lukmon Akanbi na nwaokorobịa aha ya bụ Ramon Adeniyi nwere obere nghọtahie o wee mịrị egbe gbatuo ya. Bala Elkana bụ ọnụ na-ekwuru ndị uweojii na Legọs kwuru na e kpeela Akanbi ikpe imeụlọ dịka iwu ndị uweojii sị dị, wee chụọ ya n'ọrụ.",31.542687537992354,False
afrifact_data_culture_yoruba_145,yoruba,Àwọn kọ̀m̀pútà tí wọn ń ṣe láyé òde òní ò dára tó àwọn ti àtijọ́.,nei,"Lẹ́hìn èyí, tí àwọn méjèèjì sí ti gbà fún Ọlọ́hun wọn Allah tí wọ́n sì ṣe ijúwọ̀-jusẹ̀ sílè fún Ìfẹ Ọlọ́hun), tí òun (Ibrahim) sí tí tẹ́ orí ẹ́e (Ishamel) lọ sílẹ̀ (ní ààyè itébà sí iwájú); ""Báyìí náà ní Àwa sí pé òun: ""Ìwọ Ibrahim o!"" ""Ìwọọ (Ibrahin) tí ṣe gẹ́gẹ́ bí A ti fi hàn ó (ní ojúran) ní òtítọ àti ní òdodo! Báyìí náà sì ní Àwa ṣe má ń san ẹ̀san fún (gbogbo àwọn) Múhsínùn (olùṣe rere lótitọ àti l'ódodo) - Sheikh Adélabú ṣe ìtọka sí Ẹsẹ Ọrọ Ọlọ́hun nínú kúránì Orí 2:112)."" Láì kọ́ ṣe àníàní, ìdánwò nlá tí ó fi ojú hàn gbángba ní eléyìí jẹ́. Nítorí ìdí èyí ní À wa fi ṣe ìrópò (gẹ́gẹ́ bí ìràpadà) ọmọ (Ishamael) tí òun (Ibrahim) náà pẹ̀lú àgùntàn kàn bọ̀lọ̀jọ̀ (láti fi dípò ní ṣíṣe ìdúpẹ́ òòrè láti Ọ̀dọ̀ Ọlọ́hun)",afrifact_data_culture_yoruba_497,yoruba,"Awọn ere idaraya yii ma n jẹ ki ifẹ gbooro si laarin awọn ewe ati ọdọ ni agboole si agboole, ati wi pe, o ma n wu awọn ọmọde naa lati tete dagba ni kiakia, nitori naa ni wọn ṣe n ṣe awọn ere ohun. Erebọọlu lo pọ ju laarin awọn ọmọkunrin gẹgẹ bi ere ṣiṣe, amọ awọn ere ọmọde wọnyiii wa ti wọn tun kundun lati ma a ṣe, paapaa ti wọn ba de lati ile iwe ati labẹ osupa lalẹ ti wọn ba de ile. Awọn ere ọmọde to wọpọ laye igba kan: Ere Tẹ́ntẹ́: Ti wọn ba fẹ ṣe ere yii, awọn ọmọdebinrin a kọju si ara wọn, wọn a si ma a patẹwọ, ti wọn a si maa gbe ẹsẹ wọn bakan naa si orin Tẹ́ntẹ́ ti wọn ba n kọ.",35.61714493230415,False
afrifact_data_culture_yoruba_511,yoruba,Ìròyìn lábẹ́ akọ́mọlédè àti àṣà sọ pẹ́ kí àwọn ènìyàn kọ́ ẹ̀kọ́ si nípa ààlọ́ nílẹ̀ Yorùbá,nei,"Pasan tijọba fi na ileesẹ Channels yoo da kun isoro Naijiria - PDP Ẹwẹ, ẹgbẹ oṣelu PDP ti juwe igbesẹ ti ajọ NBC gbe lori ileeṣẹ iroyin Channels gẹgẹ bii eyii to bani lọkan jẹ. PDP sọ ninu atẹjade kan pe ""Igbesẹ yii jẹ eyii to le da kun wahala to wa nilẹ ni Naijiria, paapaa lasiko ti a wa yii, nitori naa a rọ ijọba lati tun ọrọ naa gbe yẹwo."" Lori eto ileesẹ Channels ni agbẹnusọ fun ẹgbẹ IPOB ti ijọba ti fofin de, fẹsun kan ileeṣẹ ologun pe wọn pa ọkan lara awọn adari ẹgbẹ ọhun lọna aitọ loju ọna abule rẹ, ti wọn si parọ fun awọn araalu bi ọrọ iku ọhun ṣe jẹ.",afrifact_data_culture_yoruba_497,yoruba,"Awọn ere idaraya yii ma n jẹ ki ifẹ gbooro si laarin awọn ewe ati ọdọ ni agboole si agboole, ati wi pe, o ma n wu awọn ọmọde naa lati tete dagba ni kiakia, nitori naa ni wọn ṣe n ṣe awọn ere ohun. Erebọọlu lo pọ ju laarin awọn ọmọkunrin gẹgẹ bi ere ṣiṣe, amọ awọn ere ọmọde wọnyiii wa ti wọn tun kundun lati ma a ṣe, paapaa ti wọn ba de lati ile iwe ati labẹ osupa lalẹ ti wọn ba de ile. Awọn ere ọmọde to wọpọ laye igba kan: Ere Tẹ́ntẹ́: Ti wọn ba fẹ ṣe ere yii, awọn ọmọdebinrin a kọju si ara wọn, wọn a si ma a patẹwọ, ti wọn a si maa gbe ẹsẹ wọn bakan naa si orin Tẹ́ntẹ́ ti wọn ba n kọ.",25.97706180327503,False
afrifact_data_culture_yoruba_025,yoruba,Gbogbo àwọn ẹrú tí ó rà pátápátá ni wọ́n kó lọ sí òkè ọya.,nei," Àwọn ará Awori ní ìtàn-àkọọ́lẹ̀ pípẹ́ nípa níní ibùgbé sí àárín , èyí tó bẹ̀rẹ̀ ṣáájú ìjọba amúnisìn. Àwọn ni wọ́n dá ìlú Èkó sílẹ̀, wọ́n jẹ́ pẹjapẹja àti oníṣòwò, ó sì fìdí múlẹ̀ gẹ́gẹ́ bí òwò tí wọ́n ń ṣe ní apá . Ìtàn orísun [ | ] Ìtàn náà ni pé, Olófin àti àwọn ọmọlẹ́yìn rẹ̀ kúrò ní ààfin Ọba (tó jẹ́ olùṣẹ̀dásílẹ̀ ilẹ̀ Yorùbá) ní , wọ́n sì ṣí lọ síhà Gúúsù létí odò kan.",afrifact_data_culture_yoruba_273,yoruba,"Agbegbe Ọfin ni isalẹ Eko nilu Eko ni William Abass tẹdo si nigba to ti orilẹede Portugal de, ti ọpọ arọmọdọmọ rẹ to wa nisalẹ Eko lonii si n jẹ Williams, nigba tawọn miran pa orukọ mejeeji pọ, William Abass. Lẹyin naa lo tun lọ tẹdo silu Badagry laarin ọdun 1830, nibiti owo ẹru ti gbilẹ, to si mọ ilu naa bii atẹlẹwọ rẹ nitori o sunmọ ilu Porto Novo to ti se ẹru tẹlẹ. William Abass n sisẹ owo ẹru lọ pẹlu ọga rẹ ni Brazil, to si n fi ọpọ ẹrun ransẹ si onitọun, ti oun naa si n ni owo ati ọrọ lati ipasẹ okoowo ẹru naa. Pẹlu atilẹyin ọga rẹ, William Abass kọ ibudo nla kan silu Badagry ti wọn pe ni Brazillian Barracoon eyi ti wọn kọkọ fi ọparun kọ lọdun 1840.",25.574802254641384,False
afrifact_data_culture_hausa_647,hausa,Raƙumi na daga cikin dabbobi da su ke iya ɗaukan tsawon loƙaci ba tare da sun ci ko sun sha ba.,supports,Raƙumi zai iya rayuwa har na tsawon kwana takwas ba tare da ci ko sha ba.,afrifact_data_culture_hausa_646,hausa,Raƙumi zai iya rayuwa har na tsawon kwana takwas ba tare da ci ko sha ba.,46.21474398018918,False
afrifact_data_culture_hausa_301,hausa,Kalmar “tofu” ta Turanci ta samo asali ne daga yaren Faransanci,refutes,"Kalmar Turanci *""tofu""* ta samo asali ne daga kalmar Japananci *tōfu (豆腐)*. Wannan kuma an arota ne daga kalmar Sinanci *豆腐* (a Mandarin: *dòufǔ*; tou4-fu) wato *‘cuku daga wake’* ko *‘ferment ɗin wake’*.'. [ 10 ] Takaddun farko na kalmar a Turanci yana cikin fassarar 1704 na Domingo Fernández Navarrete 's A Collection of Voyages and Travels , wanda ya bayyana yadda aka yi tofu. Kalmar towfu kuma ta bayyana a cikin wasiƙar 1770 daga ɗan kasuwan Ingila James Flint zuwa Benjamin Franklin . : 73 An yi amfani da kalmar ""curd (s)"" na tofu a Amurka tun aƙalla 1840.",afrifact_data_culture_hausa_302,hausa,"Kalmar Turanci *""tofu""* ta samo asali ne daga kalmar Japananci *tōfu (豆腐)*. Wannan kuma an arota ne daga kalmar Sinanci *豆腐* (a Mandarin: *dòufǔ*; tou4-fu) wato *‘cuku daga wake’* ko *‘ferment ɗin wake’*.'. [ 10 ] Takaddun farko na kalmar a Turanci yana cikin fassarar 1704 na Domingo Fernández Navarrete 's A Collection of Voyages and Travels , wanda ya bayyana yadda aka yi tofu. Kalmar towfu kuma ta bayyana a cikin wasiƙar 1770 daga ɗan kasuwan Ingila James Flint zuwa Benjamin Franklin . : 73 An yi amfani da kalmar ""curd (s)"" na tofu a Amurka tun aƙalla 1840.",40.597289558692516,False
afrifact_data_culture_igbo_672,igbo,"Na omenala Igbo, a na-atụ anya na onye ọbụla gbagooro afọ iri ise na itoolu ekwesịla ịmepụta ihe na ndụ ya. Mba ọbụrụ gbagooro afọ iri ise na itoolu ekwesịgo inwe ihe ha mepụtagooro. Ihe ndị a na-ele anya iji chọpụta ogo ha nọ gụnyere nrụrụaka, ụgwọ opekatampe were dịrị gawa.",supports,"Ọ bụrụ n'omenala Igbo, onye gbara afọ iri ise na itoolu ekwesila imezu ihe a tụrụ anya na ndụ ya. Na ntule anyị mere, anyị chọrọ ịchọpụta mba kacha eme nke ọma. Ihe enyochara Ihe ndị anyị ji mee nchọpụta a gụnyere ọnwụ ụmụaka amụru ọhụrụ nke Bekee kpọrọ ""Infant Mortality"", ogologo afọ ndụ (life expectancy), ụgwọ opekatampe (minimum wage) na nrụrụaka (corruption).",afrifact_data_culture_igbo_669,igbo,"Ọ bụrụ n'omenala Igbo, onye gbara afọ iri ise na itoolu ekwesila imezu ihe a tụrụ anya na ndụ ya. Na ntule anyị mere, anyị chọrọ ịchọpụta mba kacha eme nke ọma. Ihe enyochara Ihe ndị anyị ji mee nchọpụta a gụnyere ọnwụ ụmụaka amụru ọhụrụ nke Bekee kpọrọ ""Infant Mortality"", ogologo afọ ndụ (life expectancy), ụgwọ opekatampe (minimum wage) na nrụrụaka (corruption).",99.34864048642613,False
afrifact_data_culture_yoruba_673,yoruba,"Ní ọdún 2015 náà, ọ̀pọ̀ àwọn ìlú míràn ní ilẹ̀ Yorùbá tún ní ayẹyẹ ìyípadà ọba, tí wọ́n fi gbé àwọn ọba tuntun kalẹ̀ gẹ́gẹ́ bí àṣà wọn.",nei,"Gẹ́gẹ́ bí a ti kàá nínú ìtàn, Ọọ̀ni àkọ́kọ́ tí yóò kọ́kọ́ jẹ ní Ifẹ̀ ni ó jẹ́ ọmọ bíbí inú Odùduwà tí ó jẹ́ ọ̀kànlélógójì òrìṣà fúnra rẹ̀, nígbà tí Ọọ̀ni tí ó wà níbẹ̀ lọ́wọ́ lọ́wọ́ báyí jẹ́ Ọọ̀ni Adéyẹyè Ẹnìtàn Ògúnwùsì Ọ̀jájá Kejì(II) tí wọ́n jẹ ní ọdún 2015.",afrifact_data_culture_yoruba_251,yoruba,"Ọdún ìbílẹ̀ Àgbádá-rìgì jẹ́ ayẹyẹ tí wọ́́n ma ń ṣe ní ẹ̀ẹ̀kan ṣoṣo lọ́dun tí ó ma ń wáyé ní ìlú Àgbádá-r̀ig̀i ( ), tí ó jẹ́ ìlú ńlá kan ní , ní orílẹ̀ èdè . Àjọ African Renaissance Foundation (AREFO) ló ma ń ṣ̀agbátẹr̀u ayẹyẹ náà. Àwọn èt̀o inú ayẹyẹ náà má ń fi ip̀o ìlú náà hàn ní àsìk̀o ìkóni lẹ́rú àwón Èèbó (slave trade era). Ayẹyẹ náà má ń jẹ́ ìdàpọ̀ àṣà àjogúnbá ilẹ̀ . Àwọn elétò má ń mú àṣà ìbílẹ̀ tí àwọn olùfẹ́ràn àṣà jákè jádò àgbáyé ma ń wá láti bá wọn yọ̀ lásìkò ayẹyẹ náà. ",49.31751985180943,False
afrifact_data_culture_hausa_428,hausa,Ibrahim Zakzaky ya na fita kasashen waje domin gabatar da makaloli a duk shekara.,nei,"Rikicin Yan shi'a na shekarar 2014 a Zariya [ | ] Ibrahim Zakzaky A ranar 25 ga watan na shekarar 2014 ne aka samu tashin hankali tsakanin yaƙungiyar r 'yan uwa musulmi mabiya zakzaky da sojojin a birnin , a yayin gudanar da lumanar zanga zanga akan nuna goyon bayan mutanen falasdinu inda mutane 35 suka rasa rayukansu ciki har da 'ya'yan Ibrahim Zakzaky guda uku (3).",afrifact_data_culture_hausa_427,hausa,"Rikicin Yan shi'a na shekarar 2014 a Zariya [ | ] Ibrahim Zakzaky A ranar 25 ga watan na shekarar 2014 ne aka samu tashin hankali tsakanin yaƙungiyar r 'yan uwa musulmi mabiya zakzaky da sojojin a birnin , a yayin gudanar da lumanar zanga zanga akan nuna goyon bayan mutanen falasdinu inda mutane 35 suka rasa rayukansu ciki har da 'ya'yan Ibrahim Zakzaky guda uku (3).",21.954408785348924,False
afrifact_data_culture_hausa_042,hausa,Abubakar Tafawa  Balewa ya riƙe muƙamin ministan Ayyuka da kuma Sufuri.,supports,,afrifact_data_culture_hausa_172,hausa,Ya riƙe muƙamin Kwamishinan ayyuka da muhalli da kuma sufuri na Jihar Katsina a tsakanin shekarar 1991 zuwa 1993 a lokacin mulkin Soja,40.211959340099654,False
afrifact_data_culture_yoruba_770,yoruba,Kò sí ààmì kan pàtó láti fi hàn pé Èṣù máa ń tọ́ni sọ́nà ni.,refutes,"Oríta ní Èṣù máa ń gbé. Èṣù jẹ́ alárèékérékè èdá. Òun ni ó ń kọ́ àwọn ènìyàn láti máa pé ojú méjì ni gbogbo ọ̀rọ̀ máa ń ní. Ó máa ń ṣọ̀tún, ṣòsì má ba ìbìkan jẹ́, bẹ́ẹ̀ náà ni ó máa ń tọ́ni sọ́nà. Ìdí nì yìí tí wọ́n fi sọ pé Ẹ̀ṣù ṣe pàtàkì láti ní ayé tó létò.",afrifact_data_culture_yoruba_769,yoruba,"Oríta ní Èṣù máa ń gbé. Èṣù jẹ́ alárèékérékè èdá. Òun ni ó ń kọ́ àwọn ènìyàn láti máa pé ojú méjì ni gbogbo ọ̀rọ̀ máa ń ní. Ó máa ń ṣọ̀tún, ṣòsì má ba ìbìkan jẹ́, bẹ́ẹ̀ náà ni ó máa ń tọ́ni sọ́nà. Ìdí nì yìí tí wọ́n fi sọ pé Ẹ̀ṣù ṣe pàtàkì láti ní ayé tó létò.",42.348583208096095,False
afrifact_data_culture_igbo_083,igbo,Ọ nweghị ihe e mebiri na Lekki Lagos.,refutes,E mebiri ọtụtụ ihe ma gbaa ọtụtụ ọkụ ebe ahụ nke gụnyere ogige ndị uweojii atọ bụ nke a gbara ọkụ.,afrifact_data_culture_igbo_084,igbo,E mebiri ọtụtụ ihe ma gbaa ọtụtụ ọkụ ebe ahụ nke gụnyere ogige ndị uweojii atọ bụ nke a gbara ọkụ.,15.907209316105716,False
afrifact_data_culture_yoruba_578,yoruba,"Calcium, carbohydrate, àti proteins ni àwọn èròjà inú àkàrà tó lè múni sanra.",refutes,"Akara ní àwọn èròjà láti múni sanra, torí àwọn èròjà proteins, vitamins àti minerals bí i calcium, iron àti zinc inú rẹ̀. Àmọ́ ṣáá, àwọn èròjà inú rẹ̀ lè ti dínkù nítorí àwọn àfikún kan bí iphytates, fibers, lectins, polyphenols àti tannins tí kì í ṣe ara lóore.",afrifact_data_culture_yoruba_579,yoruba,"Akara ní àwọn èròjà láti múni sanra, torí àwọn èròjà proteins, vitamins àti minerals bí i calcium, iron àti zinc inú rẹ̀. Àmọ́ ṣáá, àwọn èròjà inú rẹ̀ lè ti dínkù nítorí àwọn àfikún kan bí iphytates, fibers, lectins, polyphenols àti tannins tí kì í ṣe ara lóore.",55.39782142747376,False
afrifact_data_culture_hausa_713,hausa,Trump ya goyi bayan 'yan kama karya a lokacin mulkinsa.,supports,"Wanne irin sauyi za a samu karkashin shugabancin Biden? Abubuwa kadan za mu iya hasashen - sauyin alaka da kawayen Amurka, sai maganar sauyin yanayi, da kuma rikicin gabas ta tsakiya. Alaka tsakanin Amurka da ƙawayenta Trump ya yi ta goyon bayan 'yan kama karya da kuma haɗa hannu da su.",afrifact_data_culture_hausa_710,hausa,"Wanne irin sauyi za a samu karkashin shugabancin Biden? Abubuwa kadan za mu iya hasashen - sauyin alaka da kawayen Amurka, sai maganar sauyin yanayi, da kuma rikicin gabas ta tsakiya. Alaka tsakanin Amurka da ƙawayenta Trump ya yi ta goyon bayan 'yan kama karya da kuma haɗa hannu da su.",25.174266386839783,False
afrifact_data_culture_igbo_329,igbo,Chinwoke Mbadinuju ji ọkwa dịka onye isi ndị amị n'oge Shehu Shagari bụ onye isi ala Naịjirịa.,refutes,Ọ rụrụ ọrụ dịka onye enyemaka onwe onye nye onyeisi ala Shehu Shagari n'etiti 1980 na 1983.,afrifact_data_culture_igbo_534,igbo,"Azụbụike Ihejirika, CFR (Amụrụ Febuwarị 13, 1956) bụ onye gara ezumike nká Amị Naịjirịa, onyeisi jenaral na onye bụbu Onye isi ọrụ Amị.",34.54159966346145,False
afrifact_data_culture_hausa_401,hausa,Mabiya Sunnah sun zaɓi Abubakar ya jagorance su saboda Annabi bai nuna wanda zai bi bayan sa ba.,supports," Hujjar mabiya aƙidar Sunnah kuwa ita ce da yake Manzon Allah (s.a.w) bai nuna wani ba wanda za'a bi bayansa sai suka yanke hukuncin yin Shura (wato kuri'a tsakanin al'umma) bayan Wafatin, wato rasuwar Annabi (s.a.w) kuma suka zaɓi Sayyadina Abubakar a matsayin Jagoran daular musulunci kuma jagoran Musulmai. ",afrifact_data_culture_hausa_400,hausa," Hujjar mabiya aƙidar Sunnah kuwa ita ce da yake Manzon Allah (s.a.w) bai nuna wani ba wanda za'a bi bayansa sai suka yanke hukuncin yin Shura (wato kuri'a tsakanin al'umma) bayan Wafatin, wato rasuwar Annabi (s.a.w) kuma suka zaɓi Sayyadina Abubakar a matsayin Jagoran daular musulunci kuma jagoran Musulmai. ",44.87551525581901,False
afrifact_data_culture_yoruba_358,yoruba,"Àjọ ìṣọ̀kan àgbáyé sì ti kéde pé tí gbogbo àwùjọ àgbáyé bá ń fún ọmọ lọ́yàn, èyí lè doola ẹ̀mí tó tó ẹgbẹ̀rún lọ́nà ẹgbẹ̀rin.",supports,"Ẹ mase feti si awọn apọnpo nipa ifọmọ lọyan, gbogbo igba naa kọ lo rọrun lati fun ọmọ lọyan Ajọ isọkan agbaye si ti kede pe ti gbogbo awujọ agbaye ba n fun ọmọ lọyan, eyi lee doola ẹmi to to ẹgbẹrun lọna ẹgbẹrin. Ọpọ iyalọmọ lo maa n gbaradi lasiko ti wọn loyun lati fun ọmọ wọn lọyan, sugbọn o se ni laanu pe ọpọ wọn ni ko ni oye to nipa bo se yẹ ki wọn fun ọmọ ni ọyan, ko si mu amuyo. Àwọn iròyin tì ẹ leè ní ìfẹ̀ síí: Fifun ọmọ lọyan: Ireti ati otitọ ohun to n sẹlẹ Ọpọ ọmọ ni ebi maa n pa, ti yoo si maa sunkun lasiko to ba n mu ọyan, iya rẹ yoo ro pe ko fẹ gba ọyan ni laimọ pe ọyan naa ko se omi sẹnu ọmọ ọhun. Igba tiru iyalọmọ bẹẹ ba si de ile iwosan, nitori ori ọyan rẹ to ti bẹ, ti wọn ba tẹ ọyan rẹ fun omi, ni ẹjẹ yoo maa jade dipo omi ọyan.",afrifact_data_culture_yoruba_417,yoruba,"Ṣe iku Abiola Ebila yoo fopin si ẹgbẹ one million boys bi? Ni ọjọ mẹta ṣẹyin, ni osu kẹrin, ọdun 2020, ni Abiola Ebila pa orogun rẹ ninu ẹgbẹ okunkun miran, Ekugbemi, lati igba naa si ni awọn agbofinro ti n wa Abiola Abila, ko le e koju igbejọ ẹṣun naa. Ni irọlẹ ọjọ Aiku, ọjọ Kejila oṣu Keje ọdun 2020 ni ariwo gba ilu kan pe ọwọ ti tẹ olori ọmọ ẹgbẹ one million boys, Abiola Ebila, to si ti jẹ Ọlọrun nipe. Ariwo ayọ gba ilu kan pe eegun ẹyin ẹgbẹ okunkun naa ti ṣẹ, paapaa pẹlu olori rẹ to ku naa, ti awọn ọmọ ẹyin rẹ yoo si fi ẹsẹ fẹ. Ṣugbọn ibeere ti ọpọ eeyan n beere ni pe, ṣe opin patapata ti de ba ẹgbẹ aseku pani one million boys ni bayii ti olori wọn ti silẹ bora? Ṣugbọn awọn miran n ro ninu ọkan wọn pe, agbo to fi ẹyin rin lọ ni ọrọ ẹgbẹ okunkun one million boys yii lee jẹ, o ṣee ṣe ki wọn lọ tun agbara mu wa.",42.838031522372674,False
afrifact_data_culture_igbo_775,igbo,"BBC Igbo kwuru na ndị na-eso ha na Facebook sị na mmanya ọtọbịrịbịrị, azụ ndụ amịrị amị, data na mmanya beer. esoghi na ihe ndị na-enye ha obi aṅụrị. ",refutes,"BBC Igbo jụrụ ndị mmadụ na-eso anyị na Facebook ajụjụ ihe ha na-atụnye ego iji mee onwe ha obiụtọ na ihe ọ na-eri ha n'izu. Ọtụtụ kwuru na ihe na-amasị ha gụnyere ịṅụ manya 'beer', mmanya ọtọbịrịbịrị, nkwọbi, azụ ndụ amịrị amị, 'data' e ji aga n'ịntanetị nakwa ego e ji akpọ ekwentị. ",afrifact_data_culture_igbo_776,igbo,"BBC Igbo jụrụ ndị mmadụ na-eso anyị na Facebook ajụjụ ihe ha na-atụnye ego iji mee onwe ha obiụtọ na ihe ọ na-eri ha n'izu. Ọtụtụ kwuru na ihe na-amasị ha gụnyere ịṅụ manya 'beer', mmanya ọtọbịrịbịrị, nkwọbi, azụ ndụ amịrị amị, 'data' e ji aga n'ịntanetị nakwa ego e ji akpọ ekwentị. ",97.21495114388938,False
afrifact_data_culture_igbo_227,igbo,"Dr Tedros kwuru na n'izuụka abụọ gara aga, ndị na-ebutebeghị ọrịa ma a gụpụ Chaina dị mmaji iri na abụọ.",refutes,"Dr Tedros gara n'ihu kwuo na n'izuụka abụọ gara aga, ndị burula ọrịa ma agụpụ Chaina dị mmaji iri na atọ, ebe mba dị oferela dị mmaji atọ.",afrifact_data_culture_igbo_228,igbo,"Dr Tedros gara n'ihu kwuo na n'izuụka abụọ gara aga, ndị burula ọrịa ma agụpụ Chaina dị mmaji iri na atọ, ebe mba dị oferela dị mmaji atọ.",84.38968798383391,False
afrifact_data_culture_igbo_045,igbo,Nwoke ichi Ọzọ gosiri na onye ahụ amalitela ikwu okwu.,nei,"Tupu Nwoke etorue ichi Ozo, o ga ebu uzo chie ' Nze ' nke na-egosi mmụọ dị ndụ na nna ochie.",afrifact_data_culture_igbo_792,igbo,Omotola Jalade-Ekeinde dere n'akara twitter ya ụnyahụ sị na Naịjirịa bụ ọkụmmụọ. Na nzahachị ya onye nnyemaka pụrụiche na mgbasa ozi Onyeisiala Mohammadu Buhari zahachiri ya na okwesighi ikwu otu ahụ maka na ndị ji ọrụ anaghị ekwu okwu.,17.103932900760952,False
afrifact_data_culture_igbo_646,igbo,Dave Adenuba bụ kọmishọna ndị Abịa Steeti gwara ndị gọọmentị Enugwu ka ha na-akwụ ndị Enugwu ụgwọ ọnwa oge kwesịrị.,refutes,N'otu aka ahụ kọmishịọna mgbasaozi bụ Don Adenuba gwara BBC Igbo na o nweghi onye ọrụ bekee ọbụla e ji ụgwọ n'Anambra Steeti. Ọ sị na gọọmentị ha kwụrụ ụgwọ n'ụbọchị iri abụọ na isii nke ọnwa Eprelụ afọ 2020.,afrifact_data_culture_igbo_646,igbo,N'otu aka ahụ kọmishịọna mgbasaozi bụ Don Adenuba gwara BBC Igbo na o nweghi onye ọrụ bekee ọbụla e ji ụgwọ n'Anambra Steeti. Ọ sị na gọọmentị ha kwụrụ ụgwọ n'ụbọchị iri abụọ na isii nke ọnwa Eprelụ afọ 2020.,37.74567495948693,True
afrifact_data_culture_igbo_664,igbo,Ụfọdụ ụmụnwaanyị ka a na-awa afọ ma ha chọọ ịmụ nwa. Ụfọdụ na-amụrụ onwe ha nwa.,nei,"Igbo kwenyere na ama ọbụla na-amụtaghị nwa nwoka ga-echi. Ya mere ha jị agụ nwoke aha dịka Obiechina, Amaechina na ndị ọzọ. Ọtụtụ ezinaụlo akụsaala maka amụghị nwa nwoke. Ya bụ, ọ dị ezigbo mkpa ịmụta nwa nwoke n'ezinaụlo, ya mere anyị ji ede akụkọ a. ",afrifact_data_culture_igbo_771,igbo,"Nye ụfọdụ ụmụnwaanyị, mkpụrụ ụbọchị atọ ruo ise ahụ ha na-ahụ nsọ ha na-adị ka ọkụmmụọ n'ihi ihe ha na-eji anya ha ahụ. Ụfọdụ na-anọ na mgbakasị ahụ nke bụ na ị gwa ya ofu okwu ọ bakasịara gị ahị (ihe ọ naghị emekarị), ebe ụfọdụ anaghị enweta onwe ha n'ihi ụdịrị ahụ ụfụ ha na-anọ n'ime ya. Mana dịka ikwu na ibe, enyi, onye ọrụ nakwa onye ya na nwaanyị na-ahụ nsọ ya nwere mmekọ n'ụzọ dị iche iche, kedụ ihe ndị ị ga-emere ya iji nyere ọnọdụ ya aka?",28.82502335658575,False
afrifact_data_culture_yoruba_559,yoruba,Kò sí ibi tí èèyàn ò lè gbojú omi dé ní gbogbo àgbáyé.,nei,"Gẹ́gẹ́bí erékùsù Èkó, Àgbádárìgì jẹ́ ìlú tí a tẹ̀dó sí etí omi, nítorí ìdí èyí, àyè wà láti rìnrìn-àjò gbojú omi láti Èkó sí Ìlú Porto Novo.",afrifact_data_culture_yoruba_753,yoruba,"Kò sí orí ilẹ̀ tí ọ̀gẹ̀dẹ̀ ò ti lè hù, ní bí i 60 centimetres (2.0 ft) sínú ilẹ̀, ó sì fẹ̀ dáadáa. Igi ọ̀gẹ̀dẹ̀ jẹ́ èyí tó máa ń tètè hù nínú gbogbo àwọn igi eléso yòókù.",23.179050709141492,False
afrifact_data_culture_yoruba_158,yoruba,Èdè Yorùbá àti èdè Kwa kò fi ibì kankan ní ìbátan rárá àti rárá.,refutes," Èdè Yorùbá jẹ́ èdè kan ti ó gbalẹ̀ tí ó sì wuyì káàkiri àgbáyé. Ìtàn sọ fún wa pé ìbátan ní èdè Yorùbá jé, kwa jẹ́ ẹ̀yà kan ní apá . A lè sọ pé àwọn tí wọ́n ń sọ èdè Yorùbá yàtọ̀ sí orílẹ̀ èdè Nàìjíríà lé ní Ọgbọ̀n mílíọ̀nùn tàbì jù bẹ́ẹ̀ lọ.",afrifact_data_culture_yoruba_163,yoruba," International. Wọ́n ra Taiwo wá si ìpele Nigeria Premier League, sínú ẹgbẹ́ agbábọ́ọ̀lù Lobi Stars. Níbi tí ó tún ti lo ọdún kan . Olympique de Marseille [ | ] Ní ọdún 2005, nígbà tí ó pé ọmọ ogún ọdún, ẹgbẹ́ agbábọ́ọ̀lù ilẹ̀ Faranse kan ti o n je Olympique de Marseille gba Taiwo sinu iko won. Won ra Taiwo lati le ropo ogbeni Bixente Lizarazu ti o ti lo sinu egbe agbaboolu Bayern Munich. Taiwo lo gba boolu ti iko re Olympic Marseille fi jawe olubori",36.74314675226708,False
afrifact_data_culture_yoruba_691,yoruba,"Ní ilẹ̀ Yorùbá, láàárín ọdún 1988 sí ọdún 1999, wọ́n fi àwọn awo mẹ́ta ṣe olùdarí àwọn ẹgbẹ́ ọ̀tọ̀ọ̀tọ̀.",nei,"Láàárín ọdún 1951-54 Awólọ́wọ̀ jẹ́ Alákòóso Fún Iṣẹ́ Ìjọba àti Ìjọba Ìbílẹ̀, ó sì di Olórí Ìjọba Agbègbè Ìwọ̀ Oòrùn Ilẹ̀ Nàìjíríà ní ọdún 1954 lẹ́yìn àtúnkọ Ìwé Ìgbépapọ̀ Àti Òfin (constitution).Gẹ́gẹ́ bí Olórí Ìjọba Agbègbè Ìwọ̀ Oòrùn Ilẹ̀ Nàìjíríà, Awólọ́wọ̀ dá ẹ̀kọ́ ọ̀fẹ́ sílẹ̀ fún gbogbo ọ̀dọ́ láti rí i pé mọ̀ọ́kọ-mọ̀ọ́kà gba le ka.",afrifact_data_culture_yoruba_067,yoruba,"Ní ọdún 1971, ó kẹ́kọ̀ọ́ gboyè Masters ní . Ó kẹ́kọ̀ọ́ gboyè Doctorate nípa ìtàn àròsọ láti ní ọdún 1966. Abímbólá jẹ́ akẹ́kọ̀ọ́ gboyè PhD àkọ́kọ́ ní . Ó di ọ̀jọ̀gbọ́n (Professor) ni3 1976. Abimbola kọ́ àwọn akẹ́kọ̀ọ́ ní Fáṣítì mẹ́ta ọ̀tọ̀ọ̀tọ̀ ní orílẹ̀-èdè , awon náà ní; láàrin ọdún 1963 sí 1965, láàrin 1966 sí 1972, láàrin ọdún 1972 sí 1991.",38.59141890442332,False
afrifact_data_culture_hausa_754,hausa,Tarihi ya nuna cewa ba a jituwa tsakanin ƙasar Iran da ta Amurka.,nei," An ruwaito Shugaban Ma'aikatar Leken Asirin Iran yana cewa: ""An yanke wa wadannan 'yan leken asiri hukunci--wasu daga cikinsu hukuncin kisa saboda lafin 'fasadi a bayan kasa' (laifin da hukuncinsa kisa a dokokin shari'ar Musulunci na Iran"", A ranar Lahadi, Ministan Leken Asiri Mahmoud Alavi ya sanar da cewa za a nuna wani shiri na talbijin kan kama ""masu leken asirin Amurkan"" a gidan talbijin na Iran.",afrifact_data_culture_hausa_755,hausa," An ruwaito Shugaban Ma'aikatar Leken Asirin Iran yana cewa: ""An yanke wa wadannan 'yan leken asiri hukunci--wasu daga cikinsu hukuncin kisa saboda lafin 'fasadi a bayan kasa' (laifin da hukuncinsa kisa a dokokin shari'ar Musulunci na Iran"", A ranar Lahadi, Ministan Leken Asiri Mahmoud Alavi ya sanar da cewa za a nuna wani shiri na talbijin kan kama ""masu leken asirin Amurkan"" a gidan talbijin na Iran.",22.217628896366403,False
afrifact_data_culture_hausa_658,hausa,"20 ga watan Afrilu, 2025, darajar Naira ta karye zuwa ₦1,629 kan kowacce dala a kasuwar musayar kuɗi ta Najeriya.",nei,"Daga ranar 20 ga watan Yunin 2016, Naira ta samu damar yin iyo, bayan da aka sanya ta a kan ₦197 zuwa dalar Amurka 1 na tsawon watanni. Ciniki[a cewar wane?] ya yi hasashen yawan adadin naira zai kasance tsakanin ₦280 da ₦350 zuwa dala. A watan Oktoban 2021, Shugaba Muhammadu Buhari ya kaddamar da eNaira, nau'in dijital na kudin jihar a Najeriya.",afrifact_data_culture_hausa_656,hausa,"Daga ranar 20 ga watan Yunin 2016, Naira ta samu damar yin iyo, bayan da aka sanya ta a kan ₦197 zuwa dalar Amurka 1 na tsawon watanni. Ciniki[a cewar wane?] ya yi hasashen yawan adadin naira zai kasance tsakanin ₦280 da ₦350 zuwa dala. A watan Oktoban 2021, Shugaba Muhammadu Buhari ya kaddamar da eNaira, nau'in dijital na kudin jihar a Najeriya.",41.92395357757811,False
afrifact_data_culture_hausa_690,hausa,Jami'an gwamnati da yawa ba su bi ƙa'idar korona ba lokacin da aka yi jana'izar Abba Kyari.,supports,"Mun duba mafiya shahara daga ckinsu kamar haka: Mutuwar babban jami'in gwamnati a Najeriya Waɗanda suka halarci jana'izar Abba Kyari ba su bi ƙa'idojin bayar da tazara ba A Najeriya, annobar korona ta shiga har fadar Gwamnatin Tarayya.",afrifact_data_culture_hausa_686,hausa,"Mun duba mafiya shahara daga ckinsu kamar haka: Mutuwar babban jami'in gwamnati a Najeriya Waɗanda suka halarci jana'izar Abba Kyari ba su bi ƙa'idojin bayar da tazara ba A Najeriya, annobar korona ta shiga har fadar Gwamnatin Tarayya.",66.32941112469254,False
afrifact_data_culture_hausa_648,hausa,Raƙumi na iya tafiya a cikin hamada ko da ana iska mai karfi.,supports,"Amma mahaliccin raƙumi ya halitta masa wata fata daga saman idonsa kamar gilashi, wadda take sakkowa yayin da iskar ta taso, sai ta zama kariya ga idon.",afrifact_data_culture_hausa_654,hausa,"Rakumi kusa da Silverton rakumi a sahara Rakumi da sarka jeren rakumma Kasancewa akwai zafi mai tsananin gaske a , wanda ba duka halittu za su iya jurewa ba. Sannan kuma akwai ƙura haɗe da yashi da take tashi koda yaushe, wadda take rufe duk wata halitta da ta ci karo da ita. Ga babbar halitta kuma ƙurar takan sa wahalar nunfashi da shaƙar iska. Idan ka ɗauke ƙananan halittu dangin su , raƙumi shi ne kaɗai wata ƙatuwar halitta da take iya rayuwa a cikin . Kuma mahaliccin raƙumi ya halicce shi ne musamman domin ya rayu a cikin , ya kuma zama mai hidima ga al'ummar dake rayuwa a wannan ɓangare.",23.958993586521864,False
afrifact_data_culture_hausa_016,hausa,Sir Ahmadu Bello bai samu shiga majalisar ƙasa a shekarar 1949 ba.,nei,"A shekarar alif 1949, ya sami zuwa majalisar dokoki ta yankin , yana kuma daga cikin mutum ukku da aka zaba acikin kungiyar da ta rubuta sabon kundin tsarin mulkin kasar",afrifact_data_culture_hausa_017,hausa,"A shekarar alif 1949, ya sami zuwa majalisar dokoki ta yankin , yana kuma daga cikin mutum ukku da aka zaba acikin kungiyar da ta rubuta sabon kundin tsarin mulkin kasar",21.35533348407838,False
afrifact_data_culture_igbo_393,igbo,Chibuike Rotimi Amaechi kwuru okwu n'afọ 2022 sị na agụmakwụkọ bara uru maka ụmụaka Nigeria,nei,Ọ rụrụ ọrụ dị ka gọvanọ nke Rivers Steeti nke jupụtara na mmanụ site n'afọ 2007 ruo afọ 2015,afrifact_data_culture_igbo_392,igbo,"N'abalị itoolu n'ọnwa Eprel afọ 2022, Amaechi kwupụtara mmasị ya ịzọ ọkwa onye isi ala n'afọ 2023, ọ bịara onye nke abụọ na ntuliaka onye isi ala nke APC nke e mere n'ọnwa June afọ 2022 n'azụ na votu narị atọ na iri na isii site n'aka ndị nnọchiteanya",20.018555464020277,False
afrifact_data_culture_igbo_316,igbo,Ndị Anambra North na South nwere otu ụdị omenala e jiri mara ha,nei,"Mgbe ọ gụsịrị akwụkwọ na Mahadum Katọlik nke America na Washington D.C., na Masters na Sayensị ndọrọ ndọrọ ọchịchị, Chuba gara n'ihu site n'inweta nzere doctorate abụọ na nkà ihe ọmụma na sayensị ndọrọ ọchịchị na Washington, D.C",afrifact_data_culture_igbo_561,igbo,Ndị mpaghara Anambra-East akwaala arịrị n'ihi enweghi ndị ọrụ ahụike n'ụlọọrụ ahụike ha dị icheiche ma rịọ ka e zitere ha ndị dọkịta ji otu afọ efe ala nna ha. Ha rịọrọ nke a site n'ọnụ onyeisioche ha bụ Orji Okafor n'emume ọpụpụ ndị ji otu afọ efe ala nna ha e zitere ebe ahụ.,19.096399666008047,False
afrifact_data_culture_igbo_252,igbo,"Rachael Okonkwo malitere ime ihe nkiri mgbe ọ bụ nwata, mana n'ihi Ọ naghị enweta ọrụ, ọ gbanwere ọrụ ya n'ịgba egwu.",supports,"Ọ malitere ime ihe nkiri mgbe ọ bụ nwata, mana n'ihi Ọ naghị enweta ọrụ, ọ gbanwere ọrụ ya n'ịgba egwu.",afrifact_data_culture_igbo_251,igbo,"Ọ malitere ime ihe nkiri mgbe ọ bụ nwata, mana n'ihi Ọ naghị enweta ọrụ, ọ gbanwere ọrụ ya n'ịgba egwu.",101.12829080413009,False
afrifact_data_culture_igbo_079,igbo,Wike gwara ha aṅala Nnadị Kanu nti.,refutes,Mana Nnadị Kanu gwara ha aṅala ntị.,afrifact_data_culture_igbo_082,igbo,Mana Nnadị Kanu gwara ha aṅala ntị.,41.76864654751657,False
afrifact_data_culture_igbo_458,igbo,Dora Akunyili bụ onye ji ọkwa mịnịsịta na-ahụ maka mgbasa ozi na Naiịjiria ruo ihe dị ka afọ abụọ,supports,Akunyili bụkwara mịnịsịta hụrụ maka mgbasa ozi n'ala site na-afọ̀ 2008 ruo 2010.,afrifact_data_culture_igbo_457,igbo,Akunyili bụkwara mịnịsịta hụrụ maka mgbasa ozi n'ala site na-afọ̀ 2008 ruo 2010.,48.455678806207345,False
afrifact_data_culture_igbo_035,igbo,"N'ime ụdị ihe abụọ e ji arụ ọja, nke na-anaghị anọte aka bụ nke osisi",refutes,"N'ime ụdị ihe abụọ a e ji arụ ya, nke osisi na-aka nọtee aka ruo ogologo oge. ",afrifact_data_culture_igbo_034,igbo,"N'ime ụdị ihe abụọ a e ji arụ ya, nke osisi na-aka nọtee aka ruo ogologo oge. ",50.065853671970814,False
afrifact_data_culture_igbo_658,igbo,Ndị agha U.S anwakpola ndị agha Naịjirịa. Gọọmentị Naịjirịa na-arịọ ka ndị amala Naịjirịa gbatara ha ọsọ enyemaka.,nei,"Boko Haram na nwakpo ndị agha Naịjirịa Ihe nkiri a na-ekegharị na soshal midia na-egosi ihe yiri ndi agha Naịjirịa ka Boko Haram na-awakpo ha. Ihe a mere n'ọdọ ndị agha akpọrọ Metele dị na Borno. Agbanyeghị na ndị agha Naịjirịa ekwubeghị okwu maka mwakpo a, ndị omeiwu Naịjirịa ekwuola na ha ga nyocha etu o siri mee.",afrifact_data_culture_igbo_530,igbo,"Ọ nweela ọtụtụ nturu ugo na nkwanye ugwu n'etiti ndị a, Ọchịagha nke gọọmentị etiti, CFR onye nyere , Onye isi ala nke gọọmentị etiti Naịjirịa The Forces Service Star (FSS) nke ndị Amị nyere ya. (FSS) onyinye Meritorious Service Star (MSS) nke ndị agha Naịjirịa nyere . Distinguished Service Star (DSS) nke ndị agha Naịjirịa nyegoro ha . Grand Service Star (GSS) nke ndị Amị Naịjirịa nyere ya. Passed Staff College(psc (+)) nke ndị agha Naịjirịa ",47.90826235922453,False
afrifact_data_culture_igbo_446,igbo,"Gọọmentị Nigeria boro Nnamdị Kanụ ebubo aghụghọ, nwụchie ya ma jigide ya n'ụlọ mkpọrọ n'afọ 2015",supports,"Ejidere Kanu maka ebubo aghụghọ na dị na Nigeria na ka ọnwa Ọktọba dị na mkpụrụ ụbọchị iri na anọ na afo 2015 wee jidere ya ihe karịrị otu afọ, n'agbanyeghị iwu dị iche iche ụlọ ikpe nyere maka ịhapụ ya.",afrifact_data_culture_igbo_448,igbo,"Ejidere Kanu maka ebubo aghụghọ na dị na Nigeria na ka ọnwa Ọktọba dị na mkpụrụ ụbọchị iri na anọ na afo 2015 wee jidere ya ihe karịrị otu afọ, n'agbanyeghị iwu dị iche iche ụlọ ikpe nyere maka ịhapụ ya.",32.03047256961547,False
afrifact_data_culture_yoruba_409,yoruba,Bákan náà ni ìjínigbé ń wáyé ní ẹ̀kun Ààrin gbùngbùn Gúúsù orílẹ̀-èdè Nàìjíríà níbi tí wíwa epo rọ̀bì ti ń wáyé.,nei,"Ni ọdun 2002 ni wọn da ẹgbẹ Boko Haram silẹ, gẹgẹ bii ẹgbẹ ti kii se oniwahala pẹlu afojusun ati ṣe afọmọ ilana ẹsin Islam lẹkun ariwa orilẹede Naijiria. Amọṣa ẹgbẹ naa yi pada di agbebọn ninu ilepa awọn afojusun rẹ. Kii ṣe orilẹede Naijiria nikan ni Boko Haram wa mọ bayii, itakun rẹ ti kan de awọn orilẹede to fẹgbẹkẹgbẹ pẹlu Naijiria bii Chad, Niger ati Cameroun. Ọkẹ aimoye awọn eeyan ni wọn ti ran lọ sọrun apapandodo, ti awọn bi miliọnu meji miran si ti di atipo. Boko Haram kii ye ji awọn akẹkọ gbe eleyi to mu ki oju orilẹede agbaye ṣi si ọdọ rẹ lọdun 2014, lẹyin to ji nnkan bii ọọdunrun akẹkọbinrin gbe nileewe kan to wa ni ilu Chibok nipinlẹ Borno, ipinlẹ ti Boko Haram ti kọkọ di agbebọn. Ni ọdun 2015, Boko Haram gba idanimọ gẹgẹ bii ẹgbẹ agbesunmọmi to buru julọ lagbaye, gẹgẹ bi ajọ to wa fun ọrọ aje ati alaafia lagbaye ṣe sọ.",afrifact_data_culture_yoruba_651,yoruba,"Ní ìgbà tí o di ọmọ ọdún mẹ́rìndínlógún ni o gbé ìyàwó, orúkọ́ ìyàwó rẹ̀ a má jẹ́ “Yasodhara”, Nígbà tí o pé ọmọ ọdún mọ́kàndínlọ́gbọ́n ni ìyàwó rẹ̀ bi ọmọ ọkùnrin kan fún-un orúkọ rẹ̀ a ma jẹ́ “Rahula”. Lẹ́hìn tí o bi ọmọ yii tán ìtàn fi ye wa wí pé o se ìrìnàjò lori ẹ̀sìn lẹ́ẹ̀mẹ́rin ọ̀tọ̀ọ̀tọ̀, nígbà tí ọ̀pọ̀ ìtàn sọ wí pé ń se ni o ri ìran lẹ́ẹ̀mẹ́rin.",47.99445483389582,False
afrifact_data_culture_yoruba_634,yoruba,Fásítì Èkó ló jáwé borí nínú ìdíje pẹ̀lú àwọn ilé ẹ̀kọ́ gíga mẹ́wàá mìíràn.,nei,Iṣẹ́ ti àwọn ará Ipetumodu máa ń ṣe ni iṣẹ́ àgbẹ̀ àti iṣẹ́ ìkòkò mímọ. Ìtàn ìlú ipetumodu [ | ] Àwọn akọni tó kọ́wọ̀ọ́rìn bíi Orunmila àti Obatala ló tẹ ìlú náà dó láti àringbùngùn ayé.,afrifact_data_culture_yoruba_054,yoruba,"Àwọn ẹ̀yà Yorùbá Àkókó ni wọ́n kó ìdá ogún ó lé ẹ̀sún mẹ́ta (20.3%) nínú ìdá márùn ún tó lé ẹ̀sún meje (5.7%) ènìyàn tí wọn ń gbé ní . Ẹ̀Wẹ̀, agbègbè Àkókó ní ìjọba ìbílẹ̀ mẹ́rin, àwọn ni: , , àti , tí ó fi mọ́ tí ó wà ní àárín àti . Ilé ẹ̀kọ́ fásitì náà wà nílú Bákan náà ni ilé-ìwòsàn ti ìjọba ìpínlẹ̀ wà ní ìlú , nígbà tí ilé-ìwòsàn gbogbo-gbòò ti ìjọba náà wà ní ìlú àti ìlú .",20.185569780161735,False
afrifact_data_culture_igbo_260,igbo,Phyno chọburu ịbụ onye ọkwọ ụgbọ mmiri mana a gwara ya na ọ ga-abụ dọkịta.,supports,"O buru ụzọ chọọ ịbụ onye ọkwọ ụgbọ mmiri, mana a gwara ya na ọ ga-abụ dọkịta.",afrifact_data_culture_igbo_259,igbo,"O buru ụzọ chọọ ịbụ onye ọkwọ ụgbọ mmiri, mana a gwara ya na ọ ga-abụ dọkịta.",68.96429888343378,False
afrifact_data_culture_yoruba_555,yoruba,Gaàrí funfun àti Gaàrí yẹ́lò jẹ́ oríṣi Gaàrí méjì tó wà ní ìwọ̀ oòrùn orílẹ̀-èdè Nàìjíríà.,supports,"Ní ìwọ̀-oòrùn , oríṣi gaari méjì ni ó wà, àwọn náà ni gaàrí funfun yẹ́lò. Gaàrí yẹ́lò jẹ́ èyí tí wọ́n fi epo pupa sí nígbà tí wọ́n bá ń yan án. Orílẹ̀-èdè àti ni a ti le rí funfun àti yẹ́lò. Irúfẹ́ Gaàrí funfun kan ni wọ́n ń pè ní Gaàrí-Ìjẹ̀bú . Èyí tí wọ́n máa ń ṣe ní ilẹ̀ lọ́dọ̀ àwọn ará ní orílẹ̀-èdè .",afrifact_data_culture_yoruba_553,yoruba,"Ní ìwọ̀-oòrùn , oríṣi gaari méjì ni ó wà, àwọn náà ni gaàrí funfun yẹ́lò. Gaàrí yẹ́lò jẹ́ èyí tí wọ́n fi epo pupa sí nígbà tí wọ́n bá ń yan án. Orílẹ̀-èdè àti ni a ti le rí funfun àti yẹ́lò. Irúfẹ́ Gaàrí funfun kan ni wọ́n ń pè ní Gaàrí-Ìjẹ̀bú . Èyí tí wọ́n máa ń ṣe ní ilẹ̀ lọ́dọ̀ àwọn ará ní orílẹ̀-èdè .",78.7689844789698,False
afrifact_data_culture_hausa_628,hausa,Waƙa abu ne da ake yin shi domin fita daga cikin damuwa.,nei,"Waka ita ce rubutun adabi, wanda mawaƙi ya rubuta, ta amfani da wannan ka'ida.",afrifact_data_culture_hausa_574,hausa,"Turmi wani abu ne daga cikin ka yan aikin gida wanda aka sassaƙa shi domin a dinmga daka da shi, ana sassaƙa shi daga itace masu karfi.",26.129342373321265,False
afrifact_data_culture_hausa_791,hausa,Tawagar yaƙin zaɓen Trump sun dage da kamfen a jihar Florida saboda muhimmanci ta wurin cin zaɓen shugaban ƙasa,supports,Tawagar yaƙin neman zaɓen Trump na fafutuka tuƙuru a jihar ta Florida - faɗuwa zaɓe a nan ka iya haramta masa sake komawa Fadar White House.,afrifact_data_culture_hausa_788,hausa,Tawagar yaƙin neman zaɓen Trump na fafutuka tuƙuru a jihar ta Florida - faɗuwa zaɓe a nan ka iya haramta masa sake komawa Fadar White House.,53.54202501401204,False
afrifact_data_culture_igbo_528,igbo,"Emmanuel Nnamdị Ụba ji ọkwa dị ka Gọvanọ Anambra Steeti naanị ọnwa atọ, bido na April 2007 rue Juunu 2007",supports,"N’afọ 2007, Ụba zọọrọ na nhọputa PDP maka ntuli aka gọvanọ nke steeti Anambara, a ma họpụta ya na ntuli aka na Epurel 14 2007. Mana, onye bụbu gọvanọ gbara akwụkwọ na ntuliaka ahụ, na-ekwu na, n’ihi na ụlọ ikpe nabatara na Obi meriri na ntuli aka Epurel 2003 na 15 Machị 2006, na ọ ka nwere afọ atọ ọzọ ma ọ bụ afọ anọ ya ịchị. Ndị ọkaikpe ahụ nakweere arụmụka ahụ, na 14 Juunu 2007, ha kwụsịrị ntuli aka nke Andy Ụba. ",afrifact_data_culture_igbo_527,igbo,"N’afọ 2007, Ụba zọọrọ na nhọputa PDP maka ntuli aka gọvanọ nke steeti Anambara, a ma họpụta ya na ntuli aka na Epurel 14 2007. Mana, onye bụbu gọvanọ gbara akwụkwọ na ntuliaka ahụ, na-ekwu na, n’ihi na ụlọ ikpe nabatara na Obi meriri na ntuli aka Epurel 2003 na 15 Machị 2006, na ọ ka nwere afọ atọ ọzọ ma ọ bụ afọ anọ ya ịchị. Ndị ọkaikpe ahụ nakweere arụmụka ahụ, na 14 Juunu 2007, ha kwụsịrị ntuli aka nke Andy Ụba. ",38.52661892284016,False
afrifact_data_culture_hausa_528,hausa,Anyi zargin cewa Shekarau ya na da hannu a cikin kisan da aka yi wa Sheikh Ja'afar Mahmud Adam.,supports,"Duk da yake wasu sun ce , wata kungiya mai tsattsauran ra'ayi, ta kashe Sheikh din, wasu sun ce Mista Shekarau, gwamnan Kano a lokacin, na iya kasancewa da alhakin saboda malamin yana daya daga cikin manyan masu sukar sa.",afrifact_data_culture_hausa_526,hausa,"Shiekh Ja'afar Mahmud Adam (Fabrairu 12, 1960 - Afrilu 13, 2007) ya kasance masanin addinin kuma memba na Jama'at Izalat al Bid'a Wa Iqamatus Sunnah na Najeriya, ƙungiyar addini da siyasa da ke da hedikwata a Abuja .",35.204354212329676,False
afrifact_data_culture_yoruba_548,yoruba,Olóyè Ọbásanjọ́ jẹ́ ọ̀kan lára àwọn ọ̀gagun tí wọ́n fi ipá yọ kúrò nínú ipò. Ó sì ti dé ìgbà mẹ́ta tí Ọbásanjọ́ jẹ́ Ààrẹ orílẹ̀-èdè Nàìjíríà.,refutes,"Ile iwe Saint David Ebenezer School ni Ibogun ni oloye obasanjo ti ka iwa alakobere( primary school education),ni odun 1948. Oloye Obasanjo jé ògágun tó tifèyìntì kúrò nínú iṣẹ́ Ológun ilè Nàìjíríà ati olóṣèlú ọmọ ilè . Oun ni lati odún títí dé ọdún . Èyí ni ìgbà iketa tí Obasanjo yíò jé Ààre orílè-èdè Nàìjírìa.",afrifact_data_culture_yoruba_725,yoruba,"Moshood Káṣìmawòó Ọláwálé Abíọ́lá ( , - , ) tí ó túmọ̀ sí M.K.O Abíọ́lá jẹ́ ọmọ orílẹ̀ èdè . A bi ní ìlú ní . Ó jẹ́ oníṣòẁò,òǹtẹ̀wé, olóṣèlú àti olóyè ilẹ̀ pàtàpátá. Ó díje sí ipò Ààrẹ orílẹ̀-èdè ní ọdún 1993, òun náà sì ni gbogbo ènìyàn gbàgbọ́ tí wọ́n sì fẹnukò sí jákè-jádò orílẹ-èdè wípé ó jáwé olúborí nígbà tí olóri ìjọba ológun ìgbà náà kò kéde rẹ̀ gẹ́gẹ́ bí olúborí ètò ìdìbò náà tí ó sì tun fi ẹ̀sùn àìṣòtítọ́ àti àìṣòdodo ètò ìdìbò kan.",46.02058126428453,False
afrifact_data_culture_igbo_149,igbo,Mpaghara ọdịbendị na asụsụ nkịtị na ndịda bụ Ala Awụsa.,nei,Ọ bụ mpaghara ọdịbendị na asụsụ nkịtị na ndịda .,afrifact_data_culture_igbo_150,igbo,Ọ bụ mpaghara ọdịbendị na asụsụ nkịtị na ndịda .,43.961573777753294,False
afrifact_data_culture_yoruba_522,yoruba,"Ọba Wahab Kayode Oyedọtun ní Ọọ̀ni ti ìlú Ilé-Ifẹ̀ ló pe ìpàdé pàjáwìrì àwọn lọ́balọ́ba fún fún ìjíròrò, láti mọ ohun tó fa aáwọ̀ láàárín Olúwo àti Agbowu.",supports,"Ọba Wahab Kayode Oyedọtun, Bibire Kinni salaye pe, ko si ẹni to kanro Oluwo sinu tabi korira rẹ tori pe o n se akọ, asa ilẹ wa naa lo n gbe ga, eyi si kọ lo jẹ kawọn juwe ọna ile fun. Ọba Oyedọtun ni, Ọọni tilu Ile Ifẹ lo pe ipade pajawiri awọn lọbalọba pe kawọn wa jiroro, lori ohun to lee faa aawọ laarin Oluwo ati Agbowu, gẹgẹ bo se waye lọsẹ kan sẹyin, bẹẹ si ni ọjọ naa kii se ọjọ ipade awọn. O ni ipade naa kun gan, ti awọn ọba to wa nibẹ si le ni ọgọrin, nigba ti Ọọni si n fi ẹdun ọkan rẹ han lori isẹlẹ naa, lo ti salaye pe oun ko si nile, Abuja ni oun wa, amọ oun sare wale ni, inu awọn ọba Arẹwa ati ila oorun ilẹ yii ko dun sawọn ni Ọsun, ti wọn si n rọ oun lati wa nkan se si bi ọba se n na ọba nilẹ Yoruba.",afrifact_data_culture_yoruba_519,yoruba,"Ọrangun fikun pe, ti isẹlẹ naa ko ba tiẹ to awọn loju, amọ mọ igba ti Oluwo lọ fi abuku kan Alake nilu Abẹokuta, nibi eto kan ti onitọun pe si, to si ni ori aga ti wọn pese silẹ fun Ọọni, ni oun fẹ joko le lori nitori Ọọni ko ju oun lọ. ""A ri igba to tabuku Alaafin naa nipinlẹ Ọsun, a si mọ bo se maa n wọ Ọọni nilẹ loju wa lasiko ipade awa ọba, awọn eleyi si ti to lati sọ fun Oluwo pe ko lọ sinmi laarin wa, to ba tiẹ ni oun ko na Agbowu, ta si mọ pe eleyi kii se ootọ, a kan bẹ Agbowu ni pe ko mu suuru, ara iya ọba naa niyẹn. Ọlọrun ko si ni fi iya jẹ."" Fire Eater: Azonto ní àfojúṣùn òun ni láti lọ fi idán iná yìí pa owó lókè òkun ""Igba ta wa wo ọrọ yii si ọtun ati osi, a ri pe ta ba fun Oluwo ni ewe dẹkun, o le e ma siwọ ohun to n se yii, ijoko wa ko si fun wa lasẹ lati yọ ọba kankan, awa ko tiẹ fẹ ki wọn yọ ọba, tori idile to ti wa ati ati abuku to maa jẹ fun ori ade kaakiri nilẹ Yoruba."" Ọba Oyedọtun ni, awọn lee kilọ fun ara awọn, lawọn se ni ki Oluwo lọ sinmi laarin awọn naa ninu igbimọ lọbalọba fun osu mẹfa, awọn ko si yọ Oluwo gẹgẹ bii ọba tori ileẹjọ nikan lo lasẹ lati yọ ọba. ""Lasiko ti Oluwo ba fi n sinmi nile, a sọ fun pe ko gbọdọ ba awọn akọroyin sọrọ, tori to ba sọrọ, yoo tun maa ba ẹjọ ara rẹ jẹ ni, ko gbọdọ kọrin owe abi eebu, o gbọdọ maa lọ jẹẹjẹ, ko si maa ba isẹ rẹ lọ, amọ ko gbọdọ wa si ipade awa lọbalọba tipinlẹ Ọsun.",49.53058805665684,False
afrifact_data_culture_yoruba_456,yoruba,"BBC Yorùbá ṣe àgbéjáde fídíò kan láti fi tú àṣírí àwọn olùkọ́ tí wọ́n máa ń gbìyànjú láti ní ìbáṣepọ̀ pẹ̀lú àwọn akẹ́kọ̀ọ́ wọn, nítorí máàkì.",supports,"Akori fidio naa lo pe ni 'Ibalopọ fun maaki' tawọn oloyinbo n pe ni 'Sex for Grades', eyi to ti n mu ki oju awọn opo itakun agbaye gbona jain-jain. Ẹkunrẹrẹ fidio oniwakati kan ti BBC fisita nirọlẹ ọjọ Aje naa ree: End of YouTube post, 1 Bi o tilẹ jẹ pe fidio onisẹju mẹtala pere ni BBC kọkọ ju sori afẹfẹ nidaji ọjọ Aje naa, lawọn oju opo ikansira ẹni rẹ lori itakun agbaye, eyi ti BBC Yoruba ko gbẹyin nibẹ, amọ nigba ti yoo fi di aago meje irọlẹ ọjọ naa, ẹkunrẹrẹ fidio naa, to jẹ oniwakati kan ti gba afẹfẹ kan. Àwọn iròyin tì ẹ leè ní ìfẹ̀ síí: Olukọ kan lati fasiti Eko, UNILAG, Ọmọwe Boniface Igbenegbu pẹlu akẹẹgbẹ rẹ ni fasiti Ghana, Ọmọwe Paul Butakor, ni wọn foju han ninu fidio naa, amọ fidio oniwakati kan yii lo tun fi oju awọn olukọ meji miran han to n kopa ninu iwa idojutini yii lati fasiti mejeeji taa darukọ siwaju naa.",afrifact_data_culture_yoruba_497,yoruba,"Awọn ere idaraya yii ma n jẹ ki ifẹ gbooro si laarin awọn ewe ati ọdọ ni agboole si agboole, ati wi pe, o ma n wu awọn ọmọde naa lati tete dagba ni kiakia, nitori naa ni wọn ṣe n ṣe awọn ere ohun. Erebọọlu lo pọ ju laarin awọn ọmọkunrin gẹgẹ bi ere ṣiṣe, amọ awọn ere ọmọde wọnyiii wa ti wọn tun kundun lati ma a ṣe, paapaa ti wọn ba de lati ile iwe ati labẹ osupa lalẹ ti wọn ba de ile. Awọn ere ọmọde to wọpọ laye igba kan: Ere Tẹ́ntẹ́: Ti wọn ba fẹ ṣe ere yii, awọn ọmọdebinrin a kọju si ara wọn, wọn a si ma a patẹwọ, ti wọn a si maa gbe ẹsẹ wọn bakan naa si orin Tẹ́ntẹ́ ti wọn ba n kọ.",59.839935299813554,False
afrifact_data_culture_igbo_207,igbo,Atụmatụ e mere n'afọ 2005 kwuru na ụmụanụmanụ bi na Awka Etiti.,nei,E nwekwara nnukwu ndị Awka-Etiti diaspora nke na-enye aka na akụ na ụba obodo.,afrifact_data_culture_igbo_208,igbo,"N'afọ 2005, e mere atụmatụ na ndị bi na Awka-Etiti dị mmadụ 35,000.",46.20170963970871,False
afrifact_data_culture_yoruba_765,yoruba,"Yàtọ́ sí oha tí jẹ́ orúkọ ọbẹ̀ náà, ó tún ní àwọn orúkọ oríṣi méjì tí wọ́n tún pe ọbẹ̀ náà. Àwọn ni, uha tabi ọbẹ̀ ora.",supports,"Àwọn orúkọ mìíràn tí wọ́n tún ń pe ọbẹ̀ náà ni uha àti ọbẹ̀ ora. Àwọn Oúnjẹ tí ẹ le fi jẹ Oha [ | ] Ọbẹ̀ oha/Uha dára jù lọ pẹ̀lú fùfú. Iyán, sẹ̀mó, ọlá àti ẹ̀bà gbogbo àwọn wọ̀nyí náà ni wọ́n dára pẹ̀lú ọbẹ̀ oha.",afrifact_data_culture_yoruba_765,yoruba,"Àwọn orúkọ mìíràn tí wọ́n tún ń pe ọbẹ̀ náà ni uha àti ọbẹ̀ ora. Àwọn Oúnjẹ tí ẹ le fi jẹ Oha [ | ] Ọbẹ̀ oha/Uha dára jù lọ pẹ̀lú fùfú. Iyán, sẹ̀mó, ọlá àti ẹ̀bà gbogbo àwọn wọ̀nyí náà ni wọ́n dára pẹ̀lú ọbẹ̀ oha.",89.16365047565112,True
afrifact_data_culture_hausa_492,hausa,An kashe Muhammad Auwal Albaniy Zaria tare da matarsa akan hanyarsa ta dawowa daga wurin tafsiri.,supports,Ƴan bindigar sun harbe Sheikh Muhammad Auwal Adam Albani Zariya tare da ɗaya daga cikin matansa a cikin garin a kan hanyarsu ta dawowa gida bayan sun halarci karatun Tafsirin yamma da suka saba zuwa a cikin garin.,afrifact_data_culture_hausa_488,hausa,Ƴan bindigar sun harbe Sheikh Muhammad Auwal Adam Albani Zariya tare da ɗaya daga cikin matansa a cikin garin a kan hanyarsu ta dawowa gida bayan sun halarci karatun Tafsirin yamma da suka saba zuwa a cikin garin.,30.175051403650812,False
afrifact_data_culture_igbo_432,igbo,"Na Republic Naịjirịa nke Abụọ, Alex Ifeanyichukwu Ekwueme ji ọkwa osote onyeisiala nke Naijiria site n'afọ 1979 ruo 1983",supports,Alexander Ifeanyichukwu Ekwueme // ⓘ GCON (21 October 1932 – 19 Nọvemba 2017) bụ onye ndọrọndọrọ ọchịchị Naijiria nke jere dịka osote onyeisiala mbụ nke Naijiria site na 1979 ruo 1983 n'oge Naịjiria Republic nke Abụọ n'okpuru onyeisiala Shehu Shagari dịka onye otu National Party.,afrifact_data_culture_igbo_431,igbo,Alexander Ifeanyichukwu Ekwueme // ⓘ GCON (21 October 1932 – 19 Nọvemba 2017) bụ onye ndọrọndọrọ ọchịchị Naijiria nke jere dịka osote onyeisiala mbụ nke Naijiria site na 1979 ruo 1983 n'oge Naịjiria Republic nke Abụọ n'okpuru onyeisiala Shehu Shagari dịka onye otu National Party.,69.32001267908402,False
afrifact_data_culture_yoruba_157,yoruba,"Inú bíbélì ni a ti rí i tí wọ́n sọ pé ""Ó dára kí á pa àgọ́ mẹ́ta""",nei," Èdè Yorùbá jẹ́ èdè kan ti ó gbalẹ̀ tí ó sì wuyì káàkiri àgbáyé. Ìtàn sọ fún wa pé ìbátan ní èdè Yorùbá jé, kwa jẹ́ ẹ̀yà kan ní apá . A lè sọ pé àwọn tí wọ́n ń sọ èdè Yorùbá yàtọ̀ sí orílẹ̀ èdè Nàìjíríà lé ní Ọgbọ̀n mílíọ̀nùn tàbì jù bẹ́ẹ̀ lọ.",afrifact_data_culture_yoruba_444,yoruba,"Igboho lo sọ ọrọ naa nibi ipade kan ti Ọjọgbọn Banji Akintoye, to jẹ aṣiwaju nilẹ Yoruba naa wa. O ṣalaye pe ko si nnkankan to n jẹ iṣọkan Naijiria mọ lẹyin ti eto abo ilẹ Yoruba mẹhẹ, ti ijọba apapọ ko si ri ohun kankan ṣe nipa rẹ. Bakan naa lo tun ṣalaye pe oun atawọn ikọ oun ti ṣetan lati koju awọn ọdaran Fulani lọna ati le wọn kuro ni gbogbo ilẹ Yoruba patapa. Gẹgẹ bo ṣe sọ, ""a o lọ ṣi awọn ẹnu ibode wa ti ijọba apapọ ti pa, a o si ṣigbogbo rẹ ki ounjẹ le maa wọle."" ""A kii ṣe ara Naijiria mọ, ọlọpaa ti wọn ba bi daa, ko da wa lọna tabi ko gbiyanju lati mu ẹnikẹni ninu wa, igba yẹn ni wọn yoo mọ pe ẹnu Yoruba ko."" Igboho sọ pe ko si anfani kankan ti ẹya Yoruba n ri ninu Naijiria gẹgẹ bii orilẹ-ede nitori gbogbo ipo to ṣe pataki ninu ijọba to wa lode yii ni Hausa n ṣakoso. O pari ọrọ rẹ pe digbi ni oun wa lẹyin awọn agbagba Yoruba lori igbesẹ wọn lati gba ominira kuro ni Naijiria.",25.473053121263703,False
afrifact_data_culture_igbo_610,igbo,Igbo enweghi usoro ha si achị onwe ha. Ọgbaghara na-adị n'ala Igbo oge niile tupu ndị Bekee abịa.,refutes," Ụmụnna - Ndị a bụ ụmụnwoke ụmụọkpala si n'ezinaụlọ dị icheiche n'obodo. Ha bụ ndị na-eme mkpebi gbasara okwu dị icheiche n'obodo etu o si gbasara agamnihu na ọdịmma obodo. Ndị ụmụnna ka a na-ekpesara ma onye ọbụla mee ihe ọjọọ, ha bụ ndị na-aga n'ọnụ arụsị ịchọpụta ihe arụsị na-ekwu gbasara obodo maọbụ gbasara ezinaụlọ ha.",afrifact_data_culture_igbo_748,igbo,"Ndị ntorobia Igbo: Belatanụ Ihe eji alụ nwaanyị Ndị ntorobia Igbo akpola oku ka obodo dị n'Igbo wedata ihe ndị ọ na-eri iji lụọ nwaanyị n'ala igbo. Ndị ntorobịa kwuru a nke na mkparịtaụka BBC hiwere na Facebook ụbọchị Fraide rụtụ®ụaka na ihe isi ike, ihe ilụnwaanyị na-erị nakwa oke mgbuchi nne nna na Igbo na-egbuchi ụmụ ha ndị nwaanyị so 'ihe na akpata alụghhị di maọbụ nwaanyị n'oge.",25.158829503580055,False
afrifact_data_culture_hausa_185,hausa,Tafkin Tiga na ɗaya daga cikin madatsun ruwan da aka gina a Kano don bunƙasa noman rani.,supports,An gina madatsar ruwan ne a lokacin gwamnatin Gwamna a ƙoƙarin inganta samar da abinci ta hanyar ayyukan noman rani.,afrifact_data_culture_hausa_184,hausa,An gina madatsar ruwan ne a lokacin gwamnatin Gwamna a ƙoƙarin inganta samar da abinci ta hanyar ayyukan noman rani.,33.41660124745865,False
afrifact_data_culture_hausa_784,hausa,Jonathan ya zama shigaban kasar Najeriya bayan rasuwar Umaru 'Yar'adua.,nei,"A cikin gida kuma, tsohon shugaban ya ce shugaban hukumar zabe na wancan lokacin Farfesa Attahiru Jega ya yi masa abin da bai yi tsammani ba, saboda har yanzu nan ya kasa fahimtar abin da ya sa Jegan ya nace cewar ya shirya wa yin zabe lokacin da kashi 40% bisa dari na masu zabe ba su karbi katinsu na zabe ba.",afrifact_data_culture_hausa_444,hausa,Sheykh Bala Lau ya zama Mataimakin Shugaban ƙungiyar na ƙasa bayan rasuwar Sheikh Abubakar Ikara.,19.99894210371152,False
afrifact_data_culture_igbo_332,igbo,Igbo-Ukwu bụ obodo ebe e gwupụtara ihe mgbe ochie ndị gosiri na omenala ha gụnyere ịrụ ọrụ ọla kọpa kamgbe 90 AD.,supports,"Igbo-Ukwu bụ ebe ama ama maka ebe nchọcha ihe mgbe ochie atọ, ebe ngwungwu achọpụtala ihe ọla kọpa sitere n'omenala ọla na-arụ ọrụ ọla kọpa nke malitere na narị afọ nke itoolu AD, narị afọ tupu ọla ndị ọzọ ama ama na mpaghara ahụ. ",afrifact_data_culture_igbo_334,igbo,"Igbo-Ukwu bụ ebe ama ama maka ebe nchọcha ihe mgbe ochie atọ, ebe ngwungwu achọpụtala ihe ọla kọpa sitere n'omenala ọla na-arụ ọrụ ọla kọpa nke malitere na narị afọ nke itoolu AD, narị afọ tupu ọla ndị ọzọ ama ama na mpaghara ahụ. ",66.35864379577924,False
afrifact_data_culture_hausa_031,hausa,Sani Abacha ya rasu a ƙasar Saudiyya lokacin da ya ke gudanar da aikin hajji.,refutes,"A ranar 8 ga watan Yuni na shekarar alif da ɗari tara da chasa'in da takwas 1998, Abacha ya rasu a fadar shugaban ƙasa ta Aso Rock Villa dake .",afrifact_data_culture_hausa_035,hausa,"Sani Abacha shugaban ƙasar ne daga watan Nuwamba, a shekarar alif da ɗari tara da chasa'in da uku 1993, zuwa watan Yuni shekarar alif ɗari tara da chasa'in da takwas 1998",24.550263680785278,False
afrifact_data_culture_yoruba_279,yoruba,"Ní ọdún 2016, ilé aṣòfin àgbà kọ àbá Ààrẹ Buhari láti yá owó tó lé ní bílíọ̀nù mọ́kànlélọ́gbọ̀n Dọ́là ($29.9) láti ilẹ̀ òkèèrè.",supports,"Bakan naa lọdun 2016, ile aṣofin agba kọ aba aarẹ Buhari lati ya owo to le ni biliọnu mọkanlelọgbọn Dọla ($29.9) lati ilẹ okeere. Ẹwẹ, awọn aṣofin naa tun kọ lati fi ọwọ si yiyan Ibrahim Magu gẹgẹ bi alaga ajọ to n gbogun ti iwa ibajẹ, EFCC, ti wọn fi ẹsun kan pe 'oniwa ibajẹ ni.' Titi di asiko yii, ipo adele alaga ajọ EFCCC ṣi ni Ibrahim Magu wa, ile aṣofin ko fọwọ si iyansipo rẹ bi alaga, eyi ti inu awọn aṣofin ko dun si i. Ọpọlọpọ iyannisipo ti Buhari fẹ ẹ ṣe ni awọn aṣofin naa ko buwọlu, ti awọn miran si pẹ pupọ ki wọn to o fọwọ si i.",afrifact_data_culture_yoruba_086,yoruba,"Òjò gbọ́dọ̀ rọ̀ lásìkò ọdún Ẹlẹ́gba ni ìlú Epe- Oba Olufolarin Ogunsan 6) A kii yan Nafila ba ba de Yidi Irun Yidi ko ni Nafila yiyan kankan. Idi ni pe irun yi fun ara rẹ, irun Nafila loun gaan jẹ. Amọ bi eeyan ba fẹ ki irun Yidi ninu Mọsalasi nitori ojo, a le yan Nafila rakaa meji la ti fi ki Mọsalasi eleyi ti a n pe ni Taiyyatu Masjid. Bi o ba jẹ ita gbangba la ti fẹ ki irun yii, ohun to yẹ ni ki olujọsin joko ki o si maa se afọmọ titi ti Imaamu yoo fi gun ori minbari. ",49.29197949454696,False
afrifact_data_culture_hausa_368,hausa,Bikin argungun yana jan hankalin masu yawon buɗe ido,nei," A ranar karshe ta bikin, ana gudanar da gasa inda dubunnan maza suka yi layi a bakin kogin kuma da karar harbe-harbe, dukkansu suna yin tsalle a cikin kogin kuma suna da sa'a guda don kama manyan kifaye. Wanda ya yi nasara zai iya ɗaukar gida har $ 7,500 dalar Amurka. Ana ba wa masu gasa damar amfani da kayan aikin kamun kifi na gargajiya kuma da yawa sun fi so su kama kifin gaba ɗaya da hannu (wani aikin kuma sananne a wasu wurare kuma ana kiransa "" noodling "") don nuna bajintar su.",afrifact_data_culture_hausa_191,hausa,"Ita ce wuri mafi shahara ga masu yawon bude ido a Najeriya, don haka, tana taka muhimmiyar rawa wajen cigaba da bunkasa harkokin yawon bude ido da yawon shakatawa a Najeriya.",27.668360471786123,False
afrifact_data_culture_igbo_643,igbo,Dave Adenuba amaghị ma o nwere ndị gọọmentị Anambra ji ụgwọ.,refutes,N'otu aka ahụ kọmishịọna mgbasaozi bụ Don Adenuba gwara BBC Igbo na o nweghi onye ọrụ bekee ọbụla e ji ụgwọ n'Anambra Steeti. Ọ sị na gọọmentị ha kwụrụ ụgwọ n'ụbọchị iri abụọ na isii nke ọnwa Eprelụ afọ 2020.,afrifact_data_culture_igbo_646,igbo,N'otu aka ahụ kọmishịọna mgbasaozi bụ Don Adenuba gwara BBC Igbo na o nweghi onye ọrụ bekee ọbụla e ji ụgwọ n'Anambra Steeti. Ọ sị na gọọmentị ha kwụrụ ụgwọ n'ụbọchị iri abụọ na isii nke ọnwa Eprelụ afọ 2020.,29.273919986302662,False
afrifact_data_culture_yoruba_299,yoruba,Àwọn ará àdúgbò náà fi tó àwọn oníroyìn létí pé Sunday Igboho ló rán awọn géńdé méjèèjì ọ̀hún láti lọ pa àwọn ènìyàn nípakúpa.,refutes,"Sunday Igboho gba àwọn èèyàn Soka n'Ibadan sílẹ̀ lọ́wọ́ àwọn ọmọ onílẹ̀ tó wá ṣọṣẹ́ Ọrọ di boo lọ, ko yago fun mi ladugbo Soka nilu Ibadan lasiko ti gende meji to gbe ohun ija oloro lọwọ, ti wọn pe ara wọn ni ọmọ onilẹ ya bo agbegbe naa. Owurọ ọjọ Isẹgun ana niroyin gba igboro Ibadan kan, tawọn eeyan si n pe sori redio gbogbo nilu naa pe ẹmi awọn eeyan to n gbe ladugbo naa ko de tori awọn gende agbebọn to ya bo wọn. Àwọn iròyin tì ẹ leè ní ìfẹ̀ síí: A gbọ pe se ni iro ibọn n dun lakọ-lakọ, tawọn eeyan si n sa asala fun ẹmi lasiko ti awọn ọmọ onilẹ ọhun ni ki awọn onile gbe ile wọn kuro lori ilẹ awọn. Se lawọn ọmọde ati agba, alaboyun ati awọn iyalọmọ, to fi mọ awọn arugbo n sa asala fun ẹmi wọn, ti awọn to si laya lati beere pe ki lo fa isẹlẹ naa, jẹ ajẹkun iya. Ẹnikan ti isẹlẹ naa soju rẹ salaye pe ọpẹlọpẹ asaaju ọmọ Yoruba kan, Oloye Sunday Adeyẹmọ, ti gbogbo eeyan mọ si Sunday Igboho to tete de sadugbo ọhun lasiko ti laasigbo naa gbona janin-jani. A gbọ pe Igboho ati ọkunrin kan ti wọn pe orukọ rẹ Babatunde Arowolo, ti gbogbo eeyan mọ si Bako, lo de lasiko lati gba awọn eeyan adugbo naa silẹ, ni kete ti aawọn ọmọ onilẹ naa si foju gaani rẹ, ni wọn ba juba ehoro.",afrifact_data_culture_yoruba_298,yoruba,"Sunday Igboho gba àwọn èèyàn Soka n'Ibadan sílẹ̀ lọ́wọ́ àwọn ọmọ onílẹ̀ tó wá ṣọṣẹ́ Ọrọ di boo lọ, ko yago fun mi ladugbo Soka nilu Ibadan lasiko ti gende meji to gbe ohun ija oloro lọwọ, ti wọn pe ara wọn ni ọmọ onilẹ ya bo agbegbe naa. Owurọ ọjọ Isẹgun ana niroyin gba igboro Ibadan kan, tawọn eeyan si n pe sori redio gbogbo nilu naa pe ẹmi awọn eeyan to n gbe ladugbo naa ko de tori awọn gende agbebọn to ya bo wọn. Àwọn iròyin tì ẹ leè ní ìfẹ̀ síí: A gbọ pe se ni iro ibọn n dun lakọ-lakọ, tawọn eeyan si n sa asala fun ẹmi lasiko ti awọn ọmọ onilẹ ọhun ni ki awọn onile gbe ile wọn kuro lori ilẹ awọn. Se lawọn ọmọde ati agba, alaboyun ati awọn iyalọmọ, to fi mọ awọn arugbo n sa asala fun ẹmi wọn, ti awọn to si laya lati beere pe ki lo fa isẹlẹ naa, jẹ ajẹkun iya. Ẹnikan ti isẹlẹ naa soju rẹ salaye pe ọpẹlọpẹ asaaju ọmọ Yoruba kan, Oloye Sunday Adeyẹmọ, ti gbogbo eeyan mọ si Sunday Igboho to tete de sadugbo ọhun lasiko ti laasigbo naa gbona janin-jani. A gbọ pe Igboho ati ọkunrin kan ti wọn pe orukọ rẹ Babatunde Arowolo, ti gbogbo eeyan mọ si Bako, lo de lasiko lati gba awọn eeyan adugbo naa silẹ, ni kete ti aawọn ọmọ onilẹ naa si foju gaani rẹ, ni wọn ba juba ehoro.",47.87662790991475,False
afrifact_data_culture_yoruba_686,yoruba,"Títóbi ìpínlẹ̀ Ọ̀yọ́ tó nǹkan bí i 28,454 kìlómítà, ó sì wà ní ipò kéjìlà nípa fífẹ̀.",refutes,"Ṣèyí Mákindé jẹ́ gómìnà ìpínlẹ́ Ọ̀yọ́, à dìbọ̀ yan nì ọ̀dun 2019. Geography [ | ] Ìpínlẹ̀ Ọ̀yọ́ gbòòrò ní nǹkan bí 28,454 kìlómítà níbùúgbùú, ó sì wà ní ipò kẹrìnlá nípa ìtòbi.",afrifact_data_culture_yoruba_685,yoruba,"Ṣèyí Mákindé jẹ́ gómìnà ìpínlẹ́ Ọ̀yọ́, à dìbọ̀ yan nì ọ̀dun 2019. Geography [ | ] Ìpínlẹ̀ Ọ̀yọ́ gbòòrò ní nǹkan bí 28,454 kìlómítà níbùúgbùú, ó sì wà ní ipò kẹrìnlá nípa ìtòbi.",69.32146419026417,False
afrifact_data_culture_hausa_546,hausa,An bawa Isah Ali Ibrahim Pantami muƙamin ministan sadarwa a loƙacin da Buhari ya ci zaɓensa karo na biyu.,supports,"Farfesa Isah Ali Ibrahim Pantami ya zama ministan tun bayan sake babban zaɓen shugaban ƙasa na shekarar dubu biyu da goma sha tara (2019), bayan da ya yi nasara.",afrifact_data_culture_hausa_542,hausa,"Farfesa Isah Ali Ibrahim Pantami ya zama ministan tun bayan sake babban zaɓen shugaban ƙasa na shekarar dubu biyu da goma sha tara (2019), bayan da ya yi nasara.",42.4107375576797,False
afrifact_data_culture_hausa_618,hausa,Mawaki Mamman Shata ya ce Magaji Salam ne ya fara saka ma sa sunan Shata.,supports,"Wanda ya sa mini wannan suna Shata sunansa Magaji Salam, shi ne ya samin suna Shata Mijin mai daki, ita mai dakin kaka ta ce, ita ce ta haifi wanda ya haife ni.",afrifact_data_culture_hausa_614,hausa,"Wanda ya sa mini wannan suna Shata sunansa Magaji Salam, shi ne ya samin suna Shata Mijin mai daki, ita mai dakin kaka ta ce, ita ce ta haifi wanda ya haife ni.",47.87459981846268,False
afrifact_data_culture_igbo_796,igbo,Gọọmentị tụrụ ụmụ ntorobịa isii na-atọrọ ndị mmadụ nga n'ihi na ha na-emegide nchekwa obodo.,nei,"Duruagwu kwuru na o nwegodu ihe mmụta dị n'ụzọ ochie ndị a, ndị ọchichị agaghị achọ iwere ya mee ihe makana ọ ga-aghọ ha ahia. O kwuru na ọ bụ ndị nwe obodo ga-echekwa obodo, ihe dịrị gọọmenti bụ iwere ego kwado ihe ndị obodo na-eme. ",afrifact_data_culture_igbo_715,igbo,"A tụọla otu nwoke nga mkpụrụọka maka igbu ndị ezinaụlọ ya mmadụ ise Nwoke ahụ gburu ndị ezinaụlọ ha n'ime ụlọ ha Otu nwoke ga-aga mkpọrọ apụtaghị apụta maka igbu nwunye ya, ụmụ ya atọ gụnyere ejima nakwa nnenne ha. ",21.87903630417028,False
afrifact_data_culture_yoruba_300,yoruba,Sunday Igboho àti Babatunde Arowolo lọ́ farahàn níbi ti àwọn ọmọ onílẹ̀ ti ń ṣọṣẹ́ láti gba àwọn èèyàn Soka ní ìlú Ìbàdàn sílẹ̀.,supports,"Sunday Igboho gba àwọn èèyàn Soka n'Ibadan sílẹ̀ lọ́wọ́ àwọn ọmọ onílẹ̀ tó wá ṣọṣẹ́ Ọrọ di boo lọ, ko yago fun mi ladugbo Soka nilu Ibadan lasiko ti gende meji to gbe ohun ija oloro lọwọ, ti wọn pe ara wọn ni ọmọ onilẹ ya bo agbegbe naa. Owurọ ọjọ Isẹgun ana niroyin gba igboro Ibadan kan, tawọn eeyan si n pe sori redio gbogbo nilu naa pe ẹmi awọn eeyan to n gbe ladugbo naa ko de tori awọn gende agbebọn to ya bo wọn. Àwọn iròyin tì ẹ leè ní ìfẹ̀ síí: A gbọ pe se ni iro ibọn n dun lakọ-lakọ, tawọn eeyan si n sa asala fun ẹmi lasiko ti awọn ọmọ onilẹ ọhun ni ki awọn onile gbe ile wọn kuro lori ilẹ awọn. Se lawọn ọmọde ati agba, alaboyun ati awọn iyalọmọ, to fi mọ awọn arugbo n sa asala fun ẹmi wọn, ti awọn to si laya lati beere pe ki lo fa isẹlẹ naa, jẹ ajẹkun iya. Ẹnikan ti isẹlẹ naa soju rẹ salaye pe ọpẹlọpẹ asaaju ọmọ Yoruba kan, Oloye Sunday Adeyẹmọ, ti gbogbo eeyan mọ si Sunday Igboho to tete de sadugbo ọhun lasiko ti laasigbo naa gbona janin-jani. A gbọ pe Igboho ati ọkunrin kan ti wọn pe orukọ rẹ Babatunde Arowolo, ti gbogbo eeyan mọ si Bako, lo de lasiko lati gba awọn eeyan adugbo naa silẹ, ni kete ti aawọn ọmọ onilẹ naa si foju gaani rẹ, ni wọn ba juba ehoro.",afrifact_data_culture_yoruba_298,yoruba,"Sunday Igboho gba àwọn èèyàn Soka n'Ibadan sílẹ̀ lọ́wọ́ àwọn ọmọ onílẹ̀ tó wá ṣọṣẹ́ Ọrọ di boo lọ, ko yago fun mi ladugbo Soka nilu Ibadan lasiko ti gende meji to gbe ohun ija oloro lọwọ, ti wọn pe ara wọn ni ọmọ onilẹ ya bo agbegbe naa. Owurọ ọjọ Isẹgun ana niroyin gba igboro Ibadan kan, tawọn eeyan si n pe sori redio gbogbo nilu naa pe ẹmi awọn eeyan to n gbe ladugbo naa ko de tori awọn gende agbebọn to ya bo wọn. Àwọn iròyin tì ẹ leè ní ìfẹ̀ síí: A gbọ pe se ni iro ibọn n dun lakọ-lakọ, tawọn eeyan si n sa asala fun ẹmi lasiko ti awọn ọmọ onilẹ ọhun ni ki awọn onile gbe ile wọn kuro lori ilẹ awọn. Se lawọn ọmọde ati agba, alaboyun ati awọn iyalọmọ, to fi mọ awọn arugbo n sa asala fun ẹmi wọn, ti awọn to si laya lati beere pe ki lo fa isẹlẹ naa, jẹ ajẹkun iya. Ẹnikan ti isẹlẹ naa soju rẹ salaye pe ọpẹlọpẹ asaaju ọmọ Yoruba kan, Oloye Sunday Adeyẹmọ, ti gbogbo eeyan mọ si Sunday Igboho to tete de sadugbo ọhun lasiko ti laasigbo naa gbona janin-jani. A gbọ pe Igboho ati ọkunrin kan ti wọn pe orukọ rẹ Babatunde Arowolo, ti gbogbo eeyan mọ si Bako, lo de lasiko lati gba awọn eeyan adugbo naa silẹ, ni kete ti aawọn ọmọ onilẹ naa si foju gaani rẹ, ni wọn ba juba ehoro.",51.43840772446112,False
afrifact_data_culture_hausa_084,hausa,Ado Bayero ya rasu a shekarar 2014 bayan ya shafe sama da shekaru 50 ya na mulki.,supports,"A ranar 6 ga watan Yuni shekarata 2014, bayan shekaru hamsin da dayayi akan kursiyin, Ado Bayero ya mutu a fadarsa",afrifact_data_culture_hausa_079,hausa,"A ranar 6 ga watan Yuni shekarata 2014, bayan shekaru hamsin da dayayi akan kursiyin, Ado Bayero ya mutu a fadarsa",37.56395079923158,False
afrifact_data_culture_hausa_782,hausa,Marigayi Umaru Musa 'Yar'aduwa ya kasance shugaban ƙasa da ya kwatanta adalci sosai lokacin mulkinsa.,nei,"Mista Jonathan ya ce ba anan kadai Amurka ta tsaya ba wajen yunkurin kifar da gwamnatinsa, har ta kai Shugaba Obama ya shawo kan firaministan Burtaniya David Cameron ya mara masa baya duk da kyakkyawar dangantakar da ke tsakanin Jonathan da Cameron",afrifact_data_culture_hausa_052,hausa,"Ya kasance ɗan siyasan Najeriya ne kuma wanda yayi mulki ta karfin iko a matsayin shugaban ƙasa soja tun daga shekarar (1985) a lokacin da ya shirya juyin mulki a kan abokin adawansa na kusa , har zuwa ajiye mulkinsa a shekara ta (1993) a dalilin zabe na bayan watan Yuli 12, (1993) wanda ya soke ta ba tare da wani dalili na doka ba.",24.168770332255328,False
afrifact_data_culture_yoruba_735,yoruba,"Ìwó tún ní àwọn agbègbè ìjọba ìbílẹ̀ mẹ́rin mìíràn, èyí tó yàtọ sí àwọn yòókù.",supports,"Iwo ti ní àwọn agbègbè ìjọba ìbílẹ̀ mẹ́rin si, àwọn ni: Iwo East, Olomowewe; Iwo West, Agberire; Ọla Oluwa South East, Ilemowu; Ayedire South East, Oluponna.",afrifact_data_culture_yoruba_734,yoruba,"Iwo ti ní àwọn agbègbè ìjọba ìbílẹ̀ mẹ́rin si, àwọn ni: Iwo East, Olomowewe; Iwo West, Agberire; Ọla Oluwa South East, Ilemowu; Ayedire South East, Oluponna.",35.97507801456872,False
afrifact_data_culture_igbo_526,igbo,Mpaghara ndịda Anambara Steeti na na-eti mkpu banyere ike mbuze na-akpa na mpaghara ha kamgbe afọ 2011.,nei,"Emmanuel Nnamdị Uba , ma ọ bụ Andy Ụba (amụrụ ya 14 Disemba 1958), bụ onye ndọrọndọrọ ọchịchị Naịjirịa nke ahọpụtara ka Sinatọ ndị ndịda Anambara , Naịjirịa, na Epurel 2011.",afrifact_data_culture_igbo_425,igbo,"Mbaise bụ mpaghara dị na Imo Steeti na ndịda ọwụwa anyanwụ . N'etiti , mpaghara ahụ gụnyere ọtụtụ obodo na obodo ukwu. Ndị bi na ya bụ ndị agbụrụ, ndị jikọtara site na alụmdi na nwunye. Mbaise bụ mpaghara kacha nwee ọnụ ọgụgụ mmadụ n'Ebe Ọdịda Anyanwụ Afrịka; ọnụ ọgụgụ ndị bi na ya n'afọ 2006 bụ puku narị isii na iri nà otu, narị abụọ na anọ.",22.450533173251763,False
afrifact_data_culture_hausa_735,hausa,"Yahya Jammeh shugaba ne da aka yi masa shaidar nisantar aikata laifuka, musamman laifin cin zarafi.",refutes,"Babban sakataren TRRC Baba Jallow ya shaida wa BBC cewa binciken da hukumarsa ta kaddamar wata takwas da suka wuce zai mayar da hankali ne kan cin zarafin da ya faru a watan Satumba. ""Muna sane da zarge-zargen cin zarafi da ake yi wa Yahya Jammeh, amma har yanzu ba mu saurari wadanda abin ya shafa ba a hukumance",afrifact_data_culture_hausa_736,hausa,"Babban sakataren TRRC Baba Jallow ya shaida wa BBC cewa binciken da hukumarsa ta kaddamar wata takwas da suka wuce zai mayar da hankali ne kan cin zarafin da ya faru a watan Satumba. ""Muna sane da zarge-zargen cin zarafi da ake yi wa Yahya Jammeh, amma har yanzu ba mu saurari wadanda abin ya shafa ba a hukumance",30.3338211325985,False
afrifact_data_culture_yoruba_594,yoruba,"Àwọn orúkọ méjì ni a pa pọ̀ tí ó fi di ""AJẸ́BU-OLÓDE"" èyí tí a mọ̀ sí ÌJẸ̀BÚ-ÒDE títí di òní.",supports,"Àwọn méjì tí ó jẹ́ akíkanjú jùlọ ìyẹn Ajẹbú àti Olóde ni a pa orúkọ wọn pọ̀ tí ó wá di “AJẸ́BU-OLÓDE” èyí tí à ń pè ní ÌJẸ̀BÚ-ÒDE títí di òní olóni yìí. Èdè Ìjẹ̀bu ni àwọn ẹ̀yà yìí máa ń sọ. A sì le rí wọn káàkiri ilẹ̀ Nàìjíríà. Àpẹẹrẹ àwọn ìlú tí a lè rí ni ẹkùn Ìjẹ̀bú ni Ìjẹ̀bú-Òde, Musin, Ata-Ìjẹ̀bú, Imọ̀pè, Òdo-Pótu, Àgọ́-Ìwòyè, Ìjẹ̀bú-Igbó, Orù, Awà, Ìlápòrú, Ìṣònyìn, Ìpàrí-Ńlá, Òdokálàbà, Ìdọwá, Merígò, Òdoogbolú, Ọ̀ṣọṣà àti bẹ́ẹ̀ bẹ́ẹ̀ lọ.",afrifact_data_culture_yoruba_593,yoruba,"Àwọn méjì tí ó jẹ́ akíkanjú jùlọ ìyẹn Ajẹbú àti Olóde ni a pa orúkọ wọn pọ̀ tí ó wá di “AJẸ́BU-OLÓDE” èyí tí à ń pè ní ÌJẸ̀BÚ-ÒDE títí di òní olóni yìí. Èdè Ìjẹ̀bu ni àwọn ẹ̀yà yìí máa ń sọ. A sì le rí wọn káàkiri ilẹ̀ Nàìjíríà. Àpẹẹrẹ àwọn ìlú tí a lè rí ni ẹkùn Ìjẹ̀bú ni Ìjẹ̀bú-Òde, Musin, Ata-Ìjẹ̀bú, Imọ̀pè, Òdo-Pótu, Àgọ́-Ìwòyè, Ìjẹ̀bú-Igbó, Orù, Awà, Ìlápòrú, Ìṣònyìn, Ìpàrí-Ńlá, Òdokálàbà, Ìdọwá, Merígò, Òdoogbolú, Ọ̀ṣọṣà àti bẹ́ẹ̀ bẹ́ẹ̀ lọ.",84.06505613036087,False
afrifact_data_culture_yoruba_348,yoruba,"Ìjínigbé àti ìwà ọ̀daràn ń pọ̀ si ní ìpínlẹ̀ Oǹdó, pàápàá jùlọ ní ìlú Ọ̀wọ̀.",supports,"Ọ̀pọ̀lọ̀pọ̀ ìgbà ni ìjínigbé ti wáyé ní ojú ọ̀nà ìlú Ọ̀wọ̀ sí Ìkàrẹ́-Àkókó. Alukoro fun ileeṣẹ ọlọpa nipinlẹ Ondo, Fẹmi Joseph sọ fun akọroyin BBC Yoruba, pe eniyan mẹta ni awọn ti wọn ji gbe lootọ, ṣugbọn ''ileeṣẹ ọlọpaa ko ti i le sọ boya Fulani lo ji wọn gbe nitori pe a ko ti i ri wọn'' tako iroyin to jade pe awọn fulani daran-daran lo ji wọn gbe. Bakan naa lo sọ ijinigbe ati iwa ọdaran gbogbo kiiṣe ọrọ ẹya tabi ẹsin. Ile isẹ ọlọpaa n gbe Ọrẹkunrin Khadijat rẹlẹ ẹjọ ni Ọjọ Aje ""Ọwọ wa tẹ awọn afurasi ajinigbe mẹjọ ni bi ọsẹ meji sẹyin, ko si si ẹya Fulani kankan lara wọn. Awọn mẹjọ naa si ti wa ni ihamọ nitori ọrọ wọn ti de ile ẹjọ."" Gẹgẹ bi ohun ti Joseph sọ, ọkan lara awọn mẹta ti wọn ji gbe jẹ olukọ ni ileewe gbogbonise Rufus Giwa to wa ni ilu Ọwọ nipinlẹ Ondo. Ọna to lọ si ilu Ipele nitosi Ọwọ ni wọn ti ji olukọ naa gbe.",afrifact_data_culture_yoruba_347,yoruba,"Ọ̀pọ̀lọ̀pọ̀ ìgbà ni ìjínigbé ti wáyé ní ojú ọ̀nà ìlú Ọ̀wọ̀ sí Ìkàrẹ́-Àkókó. Alukoro fun ileeṣẹ ọlọpa nipinlẹ Ondo, Fẹmi Joseph sọ fun akọroyin BBC Yoruba, pe eniyan mẹta ni awọn ti wọn ji gbe lootọ, ṣugbọn ''ileeṣẹ ọlọpaa ko ti i le sọ boya Fulani lo ji wọn gbe nitori pe a ko ti i ri wọn'' tako iroyin to jade pe awọn fulani daran-daran lo ji wọn gbe. Bakan naa lo sọ ijinigbe ati iwa ọdaran gbogbo kiiṣe ọrọ ẹya tabi ẹsin. Ile isẹ ọlọpaa n gbe Ọrẹkunrin Khadijat rẹlẹ ẹjọ ni Ọjọ Aje ""Ọwọ wa tẹ awọn afurasi ajinigbe mẹjọ ni bi ọsẹ meji sẹyin, ko si si ẹya Fulani kankan lara wọn. Awọn mẹjọ naa si ti wa ni ihamọ nitori ọrọ wọn ti de ile ẹjọ."" Gẹgẹ bi ohun ti Joseph sọ, ọkan lara awọn mẹta ti wọn ji gbe jẹ olukọ ni ileewe gbogbonise Rufus Giwa to wa ni ilu Ọwọ nipinlẹ Ondo. Ọna to lọ si ilu Ipele nitosi Ọwọ ni wọn ti ji olukọ naa gbe.",35.6630235954869,False
afrifact_data_culture_igbo_257,igbo,"Nwankwo Kanu abụghị otu n'ime ndị egwuregwu ole na ole meriri Premier League, FA Cup, Champions League, UEFA Cup na Olympic Gold Medal.",refutes," Ọ bụ otu n'ime ndị egwuregwu ole na ole meriri Premier League, FA Cup, Champions League, UEFA Cup na Olympic Gold Medal.",afrifact_data_culture_igbo_258,igbo," Ọ bụ otu n'ime ndị egwuregwu ole na ole meriri Premier League, FA Cup, Champions League, UEFA Cup na Olympic Gold Medal.",140.8272084432391,False
afrifact_data_culture_yoruba_053,yoruba,Kò sí ẹ̀yà kankan tí ó ń jẹ́ Àkókó nínú àwọn ẹ̀yà Yorùbá.,refutes,"Àwọn ẹ̀yà Yorùbá Àkókó ni wọ́n kó ìdá ogún ó lé ẹ̀sún mẹ́ta (20.3%) nínú ìdá márùn ún tó lé ẹ̀sún meje (5.7%) ènìyàn tí wọn ń gbé ní . Ẹ̀Wẹ̀, agbègbè Àkókó ní ìjọba ìbílẹ̀ mẹ́rin, àwọn ni: , , àti , tí ó fi mọ́ tí ó wà ní àárín àti . Ilé ẹ̀kọ́ fásitì náà wà nílú Bákan náà ni ilé-ìwòsàn ti ìjọba ìpínlẹ̀ wà ní ìlú , nígbà tí ilé-ìwòsàn gbogbo-gbòò ti ìjọba náà wà ní ìlú àti ìlú .",afrifact_data_culture_yoruba_444,yoruba,"Igboho lo sọ ọrọ naa nibi ipade kan ti Ọjọgbọn Banji Akintoye, to jẹ aṣiwaju nilẹ Yoruba naa wa. O ṣalaye pe ko si nnkankan to n jẹ iṣọkan Naijiria mọ lẹyin ti eto abo ilẹ Yoruba mẹhẹ, ti ijọba apapọ ko si ri ohun kankan ṣe nipa rẹ. Bakan naa lo tun ṣalaye pe oun atawọn ikọ oun ti ṣetan lati koju awọn ọdaran Fulani lọna ati le wọn kuro ni gbogbo ilẹ Yoruba patapa. Gẹgẹ bo ṣe sọ, ""a o lọ ṣi awọn ẹnu ibode wa ti ijọba apapọ ti pa, a o si ṣigbogbo rẹ ki ounjẹ le maa wọle."" ""A kii ṣe ara Naijiria mọ, ọlọpaa ti wọn ba bi daa, ko da wa lọna tabi ko gbiyanju lati mu ẹnikẹni ninu wa, igba yẹn ni wọn yoo mọ pe ẹnu Yoruba ko."" Igboho sọ pe ko si anfani kankan ti ẹya Yoruba n ri ninu Naijiria gẹgẹ bii orilẹ-ede nitori gbogbo ipo to ṣe pataki ninu ijọba to wa lode yii ni Hausa n ṣakoso. O pari ọrọ rẹ pe digbi ni oun wa lẹyin awọn agbagba Yoruba lori igbesẹ wọn lati gba ominira kuro ni Naijiria.",26.192522218433268,False
afrifact_data_culture_igbo_286,igbo,Mahadum Imo steeti na nke Abia Steeti na-enweta enyemaka ego site n'aka ndị nne nke ụka Catholic na Anglịcan,nei,"N'afọ 1981, Sam Mbakwe hiwere mahadum Imo steeti. Ụlọ akwụkwọ ahụ dị na mpaghara e nyere n'afọ 1991 ma meekwa ya baptizim ọzọ nke Abia State University . Agbanyeghị, Mahadum Imo steeti nwetara ụlọ akwụkwọ ọhụrụ na ma ka dị.",afrifact_data_culture_igbo_284,igbo,"N'afọ 1981, Sam Mbakwe hiwere mahadum Imo steeti. Ụlọ akwụkwọ ahụ dị na mpaghara e nyere n'afọ 1991 ma meekwa ya baptizim ọzọ nke Abia State University . Agbanyeghị, Mahadum Imo steeti nwetara ụlọ akwụkwọ ọhụrụ na ma ka dị.",37.25754676050875,False
afrifact_data_culture_igbo_462,igbo,Dora Akunyili jibu ọkwa daịrekụtọ jenaralụ n'ụlọ-ọru na-ahụ maka mmepụta na nkesa ọgwụ n'ụdị kwesịrị ekwesị n'ime Naịjirịa.,supports,"Ọ bụbu nnukwu onyeisi ntụziaka (nke a na-akpọ daịrekụtọ jenaralụ n'asụsụ Bekee) n'ụlọ-ọru na-ahụ na a na-emepụta nakwa na-ekekesa ọgwụ, ihe ọńụńụ na ihe oriri n'ụdị kwesịrị ekwesị.",afrifact_data_culture_igbo_461,igbo,"Ọ bụbu nnukwu onyeisi ntụziaka (nke a na-akpọ daịrekụtọ jenaralụ n'asụsụ Bekee) n'ụlọ-ọru na-ahụ na a na-emepụta nakwa na-ekekesa ọgwụ, ihe ọńụńụ na ihe oriri n'ụdị kwesịrị ekwesị.",58.80976661600772,False
afrifact_data_culture_yoruba_161,yoruba,Yóò tó bí ẹgbẹ̀rún mẹ́wàá ọdún sẹ́yìn ni àwọn èdè bẹ̀rẹ̀ sí ní yapa síra wọn lọ́tọ̀ọ̀tọ̀.,refutes,"Àwọn onímọ̀ èdè kan tilẹ̀ ti fi ìdí ọ̀rọ̀ múlẹ̀ pé láti orírun kan náà ni àwọn èdè bí Yorùbá, Kru, Banle, Twi, Ga, Ewe, Fon, Edo, Nupe, Igbo, Idoma, Efik àti Ijaw ti bẹ̀rẹ̀ sí yapa gẹ́gẹ́ bi èdè ọ̀tọ̀ọ̀tọ̀ tó dúró láti bí ẹgbẹ̀rún mẹ́ta ọ̀dún sẹ́yìn",afrifact_data_culture_yoruba_162,yoruba,"Àwọn onímọ̀ èdè kan tilẹ̀ ti fi ìdí ọ̀rọ̀ múlẹ̀ pé láti orírun kan náà ni àwọn èdè bí Yorùbá, Kru, Banle, Twi, Ga, Ewe, Fon, Edo, Nupe, Igbo, Idoma, Efik àti Ijaw ti bẹ̀rẹ̀ sí yapa gẹ́gẹ́ bi èdè ọ̀tọ̀ọ̀tọ̀ tó dúró láti bí ẹgbẹ̀rún mẹ́ta ọ̀dún sẹ́yìn",39.02596379505576,False
afrifact_data_culture_hausa_009,hausa,Sojojin Najeriya sun nuna bajimta sosai a yaƙi da boko-haram.,nei,"Shehu Shagari ya zama a watan Oktoban shekara ta alif dari tara da Saba'in da tara (1979), inda yayi mulki har zuwa Disamban shekara ta alif da dari tara da tamanin da uku (1983), wanda sojoji suka kwace mulki a hunnunsa, a jagorancin . Shehu Shagari shine shugaban Najeriya da ya hau mulki ta sanadiyar zaɓe na farko.",afrifact_data_culture_hausa_568,hausa,"A yawancin ƙasashe, ƙwararrun malamai ana biyan su kuɗi ne, don su koyawa ɗalibai na yau da kullun. Kalmar Malami na da fadi sosai, kuma tana nufin malamai na dukkan dabi'u gani a rayuwa misali; Malamin makarantar boko, Islamiyya, Addini da dai sauransu. ",15.769719653997354,False
afrifact_data_culture_hausa_003,hausa,Shugaban kasa Muhammadu Buhari ya je ziyarar aiki kasar China a shekar 2016.,nei,"Buhari ya lashe zaɓen, inda ya kayar da shugaban ƙasa mai ci Goodluck Ebele Jonathan. Wannan shi ne karo na farko a tarihin Najeriya da shugaban ƙasa mai ci ya sha kaye a zaɓen tazarce.",afrifact_data_culture_hausa_002,hausa,"Muhammadu Buhari (17 Disamba 1942 – 13 Yuli 2025) ne wanda ya yi mulkin ƙasar a matsayin daga 2015 zuwa 2023. Soja ne mai matsayi na majo janar a , kuma ya shugabanci ƙasar a matsayin daga 31 Disamba 1983 zuwa 27 Agusta 1985. Buhari ya tsaya takarar shugaban ƙasa a Najeriya a ƙarƙashin jam’iyyar a zaɓen shugaban ƙasa na 2003 da na 2007, sannan kuma a ƙarƙashin jam’iyyar Congress for Progressive Change (CPC) a zaɓen shugaban ƙasa na 2011",17.576932381353494,False
afrifact_data_culture_igbo_080,igbo,Nnadị Kanu gwara ndị Ipob ha aṅala ihe Wike na-ekwu ntị.,supports,Mana Nnadị Kanu gwara ha aṅala ntị.,afrifact_data_culture_igbo_082,igbo,Mana Nnadị Kanu gwara ha aṅala ntị.,49.99605147878967,False
afrifact_data_culture_hausa_133,hausa,Jam'iyyar APC ce ta tsayar da Sule Lamido takarar gwamnan jigawa a shekarar 2007.,refutes,"sule lamido yayi shekara takwas yana mulkin gwamna a jahar jigawa, ƙarƙashin jam’iyar PDP kuma ya nemi takaran shugaban ƙasa a shekara ta 2019.",afrifact_data_culture_hausa_135,hausa,"sule lamido yayi shekara takwas yana mulkin gwamna a jahar jigawa, ƙarƙashin jam’iyar PDP kuma ya nemi takaran shugaban ƙasa a shekara ta 2019.",35.27134598713033,False
afrifact_data_culture_hausa_169,hausa,Gwamna Shema ya samu lambar yabo ta girmamawa daga hukumar EFCC.,refutes,Wannan turka-turka da wasu caje-caje da ke da nasaba da kuɗi su ka sa hukumar watau E.F.C.C ta gurfanar da Gwamna Shema a gaban kotu kan cajin almundahanar kuɗaɗen da suka kai kimanin biliyan goma sha ɗaya (N11 billion).,afrifact_data_culture_hausa_162,hausa,"Har ila yau,Shugaban Jamhuriyar Tarayyar Nijeriya ya ba shi lambar girmamawa ta Member Of The Order Of Niger (MON).",20.653370072533694,False
afrifact_data_culture_hausa_336,hausa,"Dambe ya samo asali ne daga al’adun gungun mahauta, wadanda su ne ke shiga gasa, suna ƙalubalantar sauran maza a yankinsu.",supports," A al'adance, ana gudanar da gasa tsakanin maza na gungun mahauta wadanda kuma za su kalubalanci maza daga masu sauraron kauyensu. An zana shi daga kananan kabilar Hausa wadanda su kadai ne za su iya yanka dabbobi da sarrafa nama, mahauta masu tafiya sun kafa gungiyoyin dambe daga darajarsu da ake kira ""runduna"".",afrifact_data_culture_hausa_331,hausa," A al'adance, ana gudanar da gasa tsakanin maza na gungun mahauta wadanda kuma za su kalubalanci maza daga masu sauraron kauyensu. An zana shi daga kananan kabilar Hausa wadanda su kadai ne za su iya yanka dabbobi da sarrafa nama, mahauta masu tafiya sun kafa gungiyoyin dambe daga darajarsu da ake kira ""runduna"".",59.68756319965546,False
afrifact_data_culture_yoruba_597,yoruba,Mínísítà fún ètò ìbánisọ̀rọ̀ ní Nàìjíríà tele ni Adebayo Shittu je. Ó sì wà lábẹ́ Ààrẹ tó wà nípò ní àkókò náà.,supports,"Adebayo Shittu jẹ́ minisita fún ètò ìbánisọ̀rọ̀ ní Nàìjíríà tẹ́lẹ̀ láàárín ọdún 2011 sí 2019 lábẹ́ Ààrẹ tẹ́lẹ̀ rí. Shittu lo rọpo gege bi minisita fun eto ibanisoro, Isa Ali Pantami lo tele.",afrifact_data_culture_yoruba_596,yoruba,"Adebayo Shittu jẹ́ minisita fún ètò ìbánisọ̀rọ̀ ní Nàìjíríà tẹ́lẹ̀ láàárín ọdún 2011 sí 2019 lábẹ́ Ààrẹ tẹ́lẹ̀ rí. Shittu lo rọpo gege bi minisita fun eto ibanisoro, Isa Ali Pantami lo tele.",68.70461719215508,False
afrifact_data_culture_hausa_398,hausa,Tarihin siyasar Musulunci ya shafi yadda ake fahimtar shugabanci da biyayya a cikin al’umma.,supports,"Ya kamata a lura da cewa musulmi a lokacin ba su kasu kashi biyu ba, wato ‘yan Shi’a da Sunna, sai dai hakan ya faru ne bayan wafatin Manzon Allah, tsira da amincin Allah su tabbata a gare shi da alayensa, da taron juyin mulkin da aka yi a Saqifa. Bani Sa'ida da zabin Abubakar a matsayin magajin Manzon Allah, tsira da amincin Allah su tabbata a gare shi da alayensa, a kan musulmi. Al’amarin ya fuskanci adawar Ali binu Abi Talib, tsira da amincin Allah su tabbata a gare shi, da dukkan Bani Hashim, da Salman Al-Farisiy, da Abu Zarr Al-Ghafari, da Al-Miqdad bin Al-Aswad, da Ammar bin Yasser, da Ibn Al-Tayhan. Othman bin Hanif, da sauran sahabbai da mabiyan Ali, tsira da amincin Allah su tabbata a gare shi. Daga nan ne bishiya Shi'anci ta fara girma.",afrifact_data_culture_hausa_498,hausa,"Duk da yake Imam Malik ya yi abubuwa da dama dan ci gaban musulunci a tarihin addinin amma mafi shaharar aikinsa shi ne littafinsa wato , ta kakasance tana daya daga cikin tsofaffi kuma mafi shaharar littafi da ta tattara hadisan manzon Allah na farko kafin almajirinsa dalibinsa ya wallafa , Muwatta Malik ta kasance daya daga cikin littafan farko na shari'a a musulunci",17.730026063805756,False
afrifact_data_culture_igbo_190,igbo,E nwere steeti iri abụọ na asatọ na Naijirịa.,nei,Ọ bụkwa ndi Ìgbò bi na ebe ugwu nke Ọ̀hà Delta na Ọ̀hà Rivas.,afrifact_data_culture_igbo_188,igbo,"N'ịme Naijirịa, ndị Ìgbò bi na steeti dum. ",16.362263889957354,False
afrifact_data_culture_yoruba_398,yoruba,NIN ò fi bẹ́ẹ̀ wúlò láti gba ìwé-ẹ̀rí fún ọkọ̀ wíwà.,refutes,"Wo àwọn nǹkan to tún nílò NIN fún yàtọ̀ fún ìforúkọsílẹ̀ síìmù Laipẹ yii ni ajọ to n risi ibaraẹnisọrọ ni Naijiria, NCC fi aṣẹ sita pe, gbogbo ọmọ Naijiria to n lo siimu ẹrọ ibaraẹnisọrọ, gbọdọ fi NIN kun iforukọsilẹ siimu wọn. Gbedeke ọsẹ meji pere si ni ajọ naa fi silẹ lati sẹ bẹ ẹ. Amọ yatọ si iforukọsilẹ siimu, awọn nnkan mii wa ti o tun nilo NIN rẹ fun gẹgẹ bii ọmọ Naijiria. Àwọn iròyin tì ẹ leè ní ìfẹ̀ síí: Apo asunwọn banki: Awọn banki ni Naijiria ma n gba NIN gẹgẹ bi ami idanimọ, ki wọn o to le ṣi apo asunwọn pẹlu wọn, tabi bẹrẹ si ni lo asunwọn ti o ko lo fun igba pipẹ pada. Iforukọsilẹ fun iwe irinna: Ajọ to n risi iwọle-wọde ni Naijiria ti sọ ọ di dandan fun ẹnikẹni to ba fẹ ẹ gba iwe irinna pasipọọti tuntun, tabi tun ti akọkọ ṣe, gbọdọ ṣe afihan NIN rẹ ko to o di ṣisẹ. Iwe aṣẹ fun ọkọ wiwa: Ajọ ẹṣọ oju popo, FRSC, naa ti n beere fun NIN lọwọ ẹnikẹni to ba fẹ ẹ gba laisẹnsi gẹgẹ bi awakọ.",afrifact_data_culture_yoruba_399,yoruba,"Wo àwọn nǹkan to tún nílò NIN fún yàtọ̀ fún ìforúkọsílẹ̀ síìmù Laipẹ yii ni ajọ to n risi ibaraẹnisọrọ ni Naijiria, NCC fi aṣẹ sita pe, gbogbo ọmọ Naijiria to n lo siimu ẹrọ ibaraẹnisọrọ, gbọdọ fi NIN kun iforukọsilẹ siimu wọn. Gbedeke ọsẹ meji pere si ni ajọ naa fi silẹ lati sẹ bẹ ẹ. Amọ yatọ si iforukọsilẹ siimu, awọn nnkan mii wa ti o tun nilo NIN rẹ fun gẹgẹ bii ọmọ Naijiria. Àwọn iròyin tì ẹ leè ní ìfẹ̀ síí: Apo asunwọn banki: Awọn banki ni Naijiria ma n gba NIN gẹgẹ bi ami idanimọ, ki wọn o to le ṣi apo asunwọn pẹlu wọn, tabi bẹrẹ si ni lo asunwọn ti o ko lo fun igba pipẹ pada. Iforukọsilẹ fun iwe irinna: Ajọ to n risi iwọle-wọde ni Naijiria ti sọ ọ di dandan fun ẹnikẹni to ba fẹ ẹ gba iwe irinna pasipọọti tuntun, tabi tun ti akọkọ ṣe, gbọdọ ṣe afihan NIN rẹ ko to o di ṣisẹ. Iwe aṣẹ fun ọkọ wiwa: Ajọ ẹṣọ oju popo, FRSC, naa ti n beere fun NIN lọwọ ẹnikẹni to ba fẹ ẹ gba laisẹnsi gẹgẹ bi awakọ.",28.574336318634238,False
afrifact_data_culture_igbo_158,igbo,"Ákàrà nsibiri dị puku, nke há mà dị 500 nke ha détùrù",supports,"nsibiri dị puku, nke há mà dị 500 nke hé détùrù. Hé zì",afrifact_data_culture_igbo_157,igbo,"nsibiri dị puku, nke há mà dị 500 nke hé détùrù. Hé zì",71.1859568032651,False
afrifact_data_culture_yoruba_349,yoruba,Àwọn ọmọ ẹgbẹ́ Ebila gbìyànjú láti fi àdá ṣá Ekugbemi àmọ́ àdá náà ò ràn án àfi ìgbà tí wọ́n ṣe nǹkan sí ara àdá náà.,nei,"Iwaju ile ijọsin nla Cathedral Church of Saint David, ni Kudeti, ni awọn janduku naa ti fa rogbodiyan kan to waye lọjọ kọkandinlogun, oṣu Kejila, ọdun 2016. Kii ṣe igba akọkọ niyẹn ti ẹgbẹ naa ati awọn orogún wọn fa wahala ni agbegbe naa. Ni nkan bi aago mẹjọ alẹ ni ìró ìbọn bẹrẹ si ni i dún, eyi to mu ki ọpọ eeyan o fi ile, sọọbu wọn silẹ, koda awọn kan fi ara pa. Iroyin sọ nigba naa pe ọkọ ayọkẹlẹ, kẹẹkẹ 'maruwa', ati ọkada ni awọn janduku naa gùn wọ adugbo ni alẹ ọjọ buruku, eṣu gbomi mu ọhun. Iṣẹlẹ naa mu ẹ̀mí awọn ara adugbo kan lọ. Wọn tun dana sun awọn ile itaja kan ni adugbo naa. Awọn iroyin kan tilẹ sọ pe búrẹ́dì ni awọn janduku naa rẹ ni epo bẹtiro, ti wọn si n ju sinu sọọbu, ki wọn o to sọ ina si i. Nkan to fà iṣẹlẹ buruku to sọ awọn idile kan sinu ibanujẹ ko ṣe e sọ ni pato",afrifact_data_culture_yoruba_654,yoruba,"Ẹ̀sìn Búddà Ìgbàgbọ́ ìbílẹ̀ fi han wí pé a bi Budda si ìdílé Ọba ni Orílé-èdè . Nítorí náà, àwọn àwòràwọ̀ wí pé ní ìlú èyí tí o ti di òrìṣà àkúnlẹ̀bọ ní ìlú “India” ni a gbé bí i. O jẹ́ ọmọ ẹbí Orùkọ bàbá rẹ ni A bí Budda nínú ìdílé Ọba. Orúkọ ìyá rẹ ni Kò si ẹni ti o mọ àkọsílẹ̀ ọjọ́ ibi rẹ̀ pàtó tàbí ti o ni àkọsílẹ̀ rẹ̀. Olúkúlùkù kan ńsọ àwọn ọjọ́ ti wọn rò pe o le jẹ́ ni nítorí kò si àkọsílẹ̀ kan pàtó ti a le tọka sí.",43.231711621041946,False
afrifact_data_culture_igbo_088,igbo,"I rie ji a sụrụ asụ na ofe nsala, ị gaghị achọzị osikapa a i na-eri.",nei,Ndị Igbo na-eji ji ama onye bụ dimkpa nakwa onye abụghị onye ume ngwụ.,afrifact_data_culture_igbo_095,igbo,"Osikapa bụ otu nri ọ na-abụ ego kọgodu gị elu kọọ gị ala, e nwee etu i si hụ obere ego jiri gote ya, ị ga-atụkwasịnwu ya ihe ọbụla were rie ya.",29.185084974262814,False
afrifact_data_culture_yoruba_539,yoruba,Àìbìkítà awakọ̀ yìí ló mú kí àwọn ajínigbé rí Rẹ̀mí àti àwọn ènìyàn tó kú tó wà nínú ọkọ̀ náà mú.,refutes,"Remi Oladoye, ẹni to salaye bii isẹlẹ naa se waye fun BBC Yoruba ni, ti kii ba se ọpẹ Ọlọrun ati ti awakọ to wa ọkọ ti oun wa, boya isẹlẹ buruku ko ba waye tabi ki oun se ọdun tuntun ni akata awọn ajinigbe. O fikun pe, agbegbe ilu Erinmo Ijesa si Iwaraja ni ọkọ awọn de lọjọ Aje ana, ni deede aago meje si meje aabọ, to fi se alabapade isẹlẹ ijinigbe to n waye lọwọ lagbegbe naa. Àwọn iròyin tì ẹ leè ní ìfẹ̀ síí: ""A ri pe ọkan lara awọn mọto to wa niwaju wa duro lojiji, tawọn gende agbebọn to jade lati inu igbo tiiki to wa laarin ilu mejeeji yii si yọ ibọn sawọn ero to wa ninu mọto naa. Inu igbo nla ti igi tiiki wa yi ni awọn ajinigbe naa maa n fara soko si lati sisẹ ibi wọn Bi wọn se n ja wọn lole lọwọ, kia ni awakọ tiwa, to ti mọ nipa isẹlẹ to n waye lọwọ naa, nitori ọmọ Efon Alaaye ni, ti fa ọkọ jade lati sẹri pada.",afrifact_data_culture_yoruba_345,yoruba,"""Ọpọlọpọ nkan lati n ṣe bayii lati ri i pe ọrọ ijinigbe di afisẹyin ti eegun n fiṣọ. Ati fi kun awọn ọlọpa to n duro loju ọna. Bakan naa ni a ti pe awọn miran ti kii ṣe ọlọpa mọra lati ran wa lọwọ. Ohun ti a fẹ lati ọdọ araalu ni pe ki wọn maa ta wa lolobo, gbadura fun wa, ki wọn si mu suuru diẹ fun wa, ao ṣiṣẹ naa bi iṣẹ A ko mọ boya awọn ajinigbe ti kan si awọn mọlẹbi awọn ti wọn ji gbe, nitori ileeṣẹ ọlọpa kii lọwọ si. Idi ni pe ọpọlọpọ ọdaran yoo maa lo anfaani pe ileeṣẹ ọlọpa faaye gba sisan owo fun ajinigbe lati maa ṣiṣẹ ibi. Ti a ba fun ẹnikan lowo loni, ẹlomii yoo tun wo awokọṣe naa lati ji ẹlomiran gbe. A si maa n rọ awọn araalu lati fi to wa leti ti awọn ajinigbe ba kan si wọn, ṣugbọn o ṣeni laanu pe mọlẹbi awọn ti wọn ba ji gbe kii ṣọ fun wa lasiko ti wọn ba kan si wọn tabi san owo itusilẹ.""",43.375109621571404,False
afrifact_data_culture_hausa_353,hausa,Ahmed Musa ya zura ƙwallaye biyu a wasan Najeriya da Argentina a gasar cin kofin duniya ta 2014.,supports,"Ahmad Musa ya zama ɗan na farko da ya ci fiye da ɗaya a gasar cin kofin duniya wato , bayan da yaci Argentina kwallaye biyu a gasar cin kofin duniya ta shekara dubu biyu da goma sha huɗu (2014). Ahmad Musa shine Ɗan na farko da ya zura kwallo a gasar cin kofin duniya ta guda biyu, bayan ya zura kwallaye biyu a ragar Iceland a matakin rukuni na .",afrifact_data_culture_hausa_352,hausa,"Ahmad Musa ya zama ɗan na farko da ya ci fiye da ɗaya a gasar cin kofin duniya wato , bayan da yaci Argentina kwallaye biyu a gasar cin kofin duniya ta shekara dubu biyu da goma sha huɗu (2014). Ahmad Musa shine Ɗan na farko da ya zura kwallo a gasar cin kofin duniya ta guda biyu, bayan ya zura kwallaye biyu a ragar Iceland a matakin rukuni na .",72.64557564293823,False
afrifact_data_culture_igbo_525,igbo,Ndị ji ọkwa Dọvanọ na Naịjirịa na-enye ndị ọka ike aka azụ ka ha kwụnyere ha mgbe ha na-ekpe ikpe.,nei,"N’afọ 2007, Ụba zọọrọ na nhọputa PDP maka ntuli aka gọvanọ nke steeti Anambara, a ma họpụta ya na ntuli aka na Epurel 14 2007. Mana, onye bụbu gọvanọ gbara akwụkwọ na ntuliaka ahụ, na-ekwu na, n’ihi na ụlọ ikpe nabatara na Obi meriri na ntuli aka Epurel 2003 na 15 Machị 2006, na ọ ka nwere afọ atọ ọzọ ma ọ bụ afọ anọ ya ịchị. Ndị ọkaikpe ahụ nakweere arụmụka ahụ, na 14 Juunu 2007, ha kwụsịrị ntuli aka nke Andy Ụba. ",afrifact_data_culture_igbo_718,igbo,"Onyeisi ndị uweojii na Anambra steeti bụ John Abang ewkusiela ike na ya ga-enye aka ka Anambra steeti bụrụ kpoo na-nchekwa. O kwukwara na ha ga akpalite ""Operation Puffadder i ji chụpụ ndị otu nzuzo,ndiohi ma ọkachasị ndị ntọrị.""",33.43748022840753,False
afrifact_data_culture_igbo_708,igbo,Na Steeti Ebonyi Mary Udumeke na-agba mbọ ịhụ na a kwụsị ibi ụmụnwaanyị ugwu na steeti ya. Ọ na-agba mbọ ịhụ na iwu kwadoro nke a. Steeti Abịa na Imo ebinyebeghi aka na nkwado iwu a.,supports,"Mary Udumeke bụ nwaanyị na-agba mbọ ịkwụsị ibi nwaanyị ugwu n'Ebonyi steeti Ọ dịzi n'aka ndị omeiwu steeti dị icheiche ibinye aka n'iwu a ka o wee dị ire na steeti ha. Mana a bịa na mpaghara Ọwụwa Anyanwụ, naanị Abia na Imo steetị bụ ndị ebinyebeghị aka n'iwu a bụ 'Violence Against Persons Prohibition Act'. ",afrifact_data_culture_igbo_705,igbo,"Mary Udumeke bụ nwaanyị na-agba mbọ ịkwụsị ibi nwaanyị ugwu n'Ebonyi steeti Ọ dịzi n'aka ndị omeiwu steeti dị icheiche ibinye aka n'iwu a ka o wee dị ire na steeti ha. Mana a bịa na mpaghara Ọwụwa Anyanwụ, naanị Abia na Imo steetị bụ ndị ebinyebeghị aka n'iwu a bụ 'Violence Against Persons Prohibition Act'. ",92.32812119469344,False
afrifact_data_culture_yoruba_496,yoruba,"Àwọn ọmọdé fẹ́ràn láti máa yí kẹ̀kẹ́, wọ́n sì máa ń ṣe láti orí ẹnìkan sí èkejì ni, títí yóò fi kárí àwọn tókù.",nei,"Ere Ayo: Ati ọmọde ati agba ni o ma n ṣe ere ayo. Ninu iho ribiti to ni oju mejila, ti mẹfa si koju ara wọn ni wọn ma n lo pẹlu okuta wẹwẹ abi ọmọ ayo mejidinlaadọta. Ọmọ ayo mẹrin mẹrin yoo si wa ninu koto kọọkan. Ẹni to ba gbiyanju lati tete jẹ ki awo koto tirẹ kun fun ayo ni yoo gbegba oroke ninu idije naa. Ere yii maa n jẹ ki ọpọlọ ọmọde ati agba to n ta ji pepe, o n dani laraya, mu ki ifẹ wa, ti yoo si tun fikun imọ isiro awọn to ba n taa. Ere Boss ati Actor: Ọpọlọpọ awọn ọmọde ti wọn ba ti wo ere onija a bẹrẹ si ni ṣe awokọse fiimu ti wọn wo ,nipa yiyan ‘Boss’ to jẹ ole ati ‘Actor’ to jẹ bii ọlọpaa ti yoo si bori Boss ninu idije naa.",afrifact_data_culture_yoruba_497,yoruba,"Awọn ere idaraya yii ma n jẹ ki ifẹ gbooro si laarin awọn ewe ati ọdọ ni agboole si agboole, ati wi pe, o ma n wu awọn ọmọde naa lati tete dagba ni kiakia, nitori naa ni wọn ṣe n ṣe awọn ere ohun. Erebọọlu lo pọ ju laarin awọn ọmọkunrin gẹgẹ bi ere ṣiṣe, amọ awọn ere ọmọde wọnyiii wa ti wọn tun kundun lati ma a ṣe, paapaa ti wọn ba de lati ile iwe ati labẹ osupa lalẹ ti wọn ba de ile. Awọn ere ọmọde to wọpọ laye igba kan: Ere Tẹ́ntẹ́: Ti wọn ba fẹ ṣe ere yii, awọn ọmọdebinrin a kọju si ara wọn, wọn a si ma a patẹwọ, ti wọn a si maa gbe ẹsẹ wọn bakan naa si orin Tẹ́ntẹ́ ti wọn ba n kọ.",52.431321560883475,False
afrifact_data_culture_yoruba_071,yoruba,Olóyè Ògúnwán̄dé Abím̄bọ́lá jẹ́ akọ́ṣẹ́mọṣẹ́ dókítà alábẹ́rẹ́ ní ilé ìwòsàn UCH ní ìlú Ìbàdàn.,refutes,"Chief Ògúnwán̄dé Abím̄bọ́lá Ọjọ́ ìbí 24 Oṣù Kejìlá 1932 ( 1932-12-24 ) (ọmọ ọdún 92) ọ̀yọ́, Iṣẹ́ olórí ẹsìn, ònímọ̀-àgbà fásitì, ati Alma mater Wándé Abímbọ́lá (ọjọ́ ìbí 26, 1932 ní. ìlú , ) ó jẹ́ olùkọ́ lítírésọ̀ ní ẹ̀ka-ẹ̀kọ́ Èdè àti Lítírésọ̀ Aáfíríkà ní ní , Nigeria. Ó jẹ́ olórí ẹ̀ka-ẹ̀kọ́ yìí fún ọjọ́ pípé kí ó tó wá di 'Dean Faculty of Arts' ní ilé-ẹ̀kọ́ kan náà.",afrifact_data_culture_yoruba_072,yoruba,"Chief Ògúnwán̄dé Abím̄bọ́lá Ọjọ́ ìbí 24 Oṣù Kejìlá 1932 ( 1932-12-24 ) (ọmọ ọdún 92) ọ̀yọ́, Iṣẹ́ olórí ẹsìn, ònímọ̀-àgbà fásitì, ati Alma mater Wándé Abímbọ́lá (ọjọ́ ìbí 26, 1932 ní. ìlú , ) ó jẹ́ olùkọ́ lítírésọ̀ ní ẹ̀ka-ẹ̀kọ́ Èdè àti Lítírésọ̀ Aáfíríkà ní ní , Nigeria. Ó jẹ́ olórí ẹ̀ka-ẹ̀kọ́ yìí fún ọjọ́ pípé kí ó tó wá di 'Dean Faculty of Arts' ní ilé-ẹ̀kọ́ kan náà.",27.063614393026715,False
afrifact_data_culture_igbo_736,igbo,Nje Ebola abatala Czech Republic. Onyeisiala mba Czech Republic  gwara ndị BBC nke a.,nei,N'ofesi Otu onye oji egbe agbagbuola ihe ruru mmadụ isii n'otu ụlọọgwụ dị na mba Czech Republic ma gbagbuo onwe ya n'akụkọ ebe ahụ. Ndị uweojii hụrụ ozu nwoke a dịka ọ tọgbọ site n'ọnya egbe ọ gbara onwe ya n'isi.,afrifact_data_culture_igbo_734,igbo,N'ofesi Otu onye oji egbe agbagbuola ihe ruru mmadụ isii n'otu ụlọọgwụ dị na mba Czech Republic ma gbagbuo onwe ya n'akụkọ ebe ahụ. Ndị uweojii hụrụ ozu nwoke a dịka ọ tọgbọ site n'ọnya egbe ọ gbara onwe ya n'isi.,34.35069905844099,False
afrifact_data_culture_yoruba_014,yoruba,Orílẹ̀-èdè Brazil kò ní ìbátan pẹ̀lú àwùjọ àwọn Aláwọ̀ dúdú.,refutes,"Fún ìdí èyí, a lè sọ pé Òrìṣà Aganju ni àjọṣe pẹ̀lú àwọn Òkè Ńláńlá Ilé Cuba, tí a bá sì wò ọjọ́ orí wón tàbí ìgbà tí wọ́n ti wà, a máa tó Ọgọ́rùn-ún ọdún sẹ́yìn. A tún lè sọ pé Ìbínú Òrìṣà Aganju wá ní ìbámu tàbí ní àjọṣe pẹ̀lú OroIna tí ó jẹ́ Òrìṣà kan nílé Cuba tí àwọn Yorùbá gba pe òun ni Ọ̀rànmíyán ni èdè Yorùbá Candomblé [ | ] Ní orílẹ̀ èdè Brazil tí wọ́n ni ìbátan pẹ̀lu àwọn aláwọ̀ dúdú tí Ìsìn wọn fẹ́ jọ tí , Wọ́n gbà pé Aganju a máa ṣé bí ti Òrìṣà Ṣàǹgó, èyí ló mú wọn kí wọn máa pè é ní Xango Aganjú ",afrifact_data_culture_yoruba_015,yoruba,"Fún ìdí èyí, a lè sọ pé Òrìṣà Aganju ni àjọṣe pẹ̀lú àwọn Òkè Ńláńlá Ilé Cuba, tí a bá sì wò ọjọ́ orí wón tàbí ìgbà tí wọ́n ti wà, a máa tó Ọgọ́rùn-ún ọdún sẹ́yìn. A tún lè sọ pé Ìbínú Òrìṣà Aganju wá ní ìbámu tàbí ní àjọṣe pẹ̀lú OroIna tí ó jẹ́ Òrìṣà kan nílé Cuba tí àwọn Yorùbá gba pe òun ni Ọ̀rànmíyán ni èdè Yorùbá Candomblé [ | ] Ní orílẹ̀ èdè Brazil tí wọ́n ni ìbátan pẹ̀lu àwọn aláwọ̀ dúdú tí Ìsìn wọn fẹ́ jọ tí , Wọ́n gbà pé Aganju a máa ṣé bí ti Òrìṣà Ṣàǹgó, èyí ló mú wọn kí wọn máa pè é ní Xango Aganjú ",24.91413873470372,False
afrifact_data_culture_yoruba_625,yoruba,Gbogbo ẹrú pátá ni kò ní ìbọ̀wọ̀ fún nítorí pé ó jẹ́ ohun ìtìjú.,nei,"Ìsàlẹ̀ Èkó (Lagos Island) ni ó já pọ̀ mọ́ mainland ní ọ̀nà mẹ́ta pẹ̀lú àwọn afárá méta (1st-3rd mailand bridge). tí ó tóbi tó nà kọjá lórí afonífojì Èkó tí ó fi dé Èbúté Mẹ́ta. Bákan náà ni ó tún já pọ̀ mọ́ agbègbè tí ó sún mọ bíi: Ìkòyí sí Victoria Island, tó fi dé ibùdókò ọkọ̀ ojú-omi ti Àpápá tí ó dajú kọ apá ìwọ̀ Oòrùn erékùṣù náà,",afrifact_data_culture_yoruba_789,yoruba,"Ìsìlámù ni ẹ̀sìn tí ó ṣe pé ìmọ̀-Ọlọ́hun ni (al- Taoheed) ní ìpìl̀ẹ rè, òdodo ni òpó rẹ̀, ó dá lórí déédé,otito. Òhun sì ni ẹ̀sìn tí ó gbópọn tí ó jẹ́ pé ó ń darí gbogbo ẹ̀dá sí ibi gbogbo ohun tí yó̀o jẹ́ ànfààní fún wọn ní ọ̀run àti ayé wọn. Bẹ́ẹ̀ náà ni ó sì tún ń kì wọ́n nílọ̀ nípa gbogbo ohun tí yó̀o ṣaburú fún wọn yálà láyé ni tàbí ni ọ̀run.",25.318273366020478,False
afrifact_data_culture_yoruba_313,yoruba,Neo àti Vee nìkan ni olólùfẹ́ méjì tí idà Big Brother kò tí ì bẹ́ ìrẹ́pọ̀ wọn sí méjì.,nei,"Ninu fidio tawọn eeyan rọra ge lara eto naa to gba ori ayelujara kan, ẹrọ ayaworan ṣafihan Neo to n fọ aṣọ nigbati Nengi ati Vee n wo o. Ọrọ ko ba tilẹ ma han sita bi ko ṣe igba ti Vee sọ pe ""Ololufẹ mi, ko ma si pata kan ninu aṣọ, ọrọ naa ba ṣe oju Nengi wara wara to ya a lẹnu. Nengi kọkọ ka a sara ko sọrọ, nigba to ya lo ba fọhun pe ""Neo, ṣe pe o tun n fọ pataaa, haaa!Vee naa ba da a lohun pe ""Neo mi gan mọ pe onimọtoto ni"". Nengi wa sọ fun Neo pe o yẹ ẹ gan o.Iṣẹlẹ yii ti n mu ki ọpọlọpọ ọmọ Naijiria fọn ti wọn si ti n fesi. Awọn esi wọn n pa ni lẹrin jọjọ, ṣe ẹ mọ pe bi igbati o n ṣẹlẹ lẹyinkunle wọn lawọn to n wo eto naa ṣe maa n sọrọ...@Zoeman ni ""aṣe o tilẹ tun lẹnu lati sọ pe o ku pata kan, ara ni yoo san pa pata kan ọhun"". O ni arifin Neo ma pọ o.@Iamemzy ni ""Jeeesu, Neo n fọ pata, kilode tawọn ọkunrin maa n doju ti mi bayii lẹnu ọjọ mẹta""...@emmanueladem naa sọ loju opo Twitter pe o yẹ Vee gan o pe koda Ozo gan ko ṣe to bẹẹ.",afrifact_data_culture_yoruba_347,yoruba,"Ọ̀pọ̀lọ̀pọ̀ ìgbà ni ìjínigbé ti wáyé ní ojú ọ̀nà ìlú Ọ̀wọ̀ sí Ìkàrẹ́-Àkókó. Alukoro fun ileeṣẹ ọlọpa nipinlẹ Ondo, Fẹmi Joseph sọ fun akọroyin BBC Yoruba, pe eniyan mẹta ni awọn ti wọn ji gbe lootọ, ṣugbọn ''ileeṣẹ ọlọpaa ko ti i le sọ boya Fulani lo ji wọn gbe nitori pe a ko ti i ri wọn'' tako iroyin to jade pe awọn fulani daran-daran lo ji wọn gbe. Bakan naa lo sọ ijinigbe ati iwa ọdaran gbogbo kiiṣe ọrọ ẹya tabi ẹsin. Ile isẹ ọlọpaa n gbe Ọrẹkunrin Khadijat rẹlẹ ẹjọ ni Ọjọ Aje ""Ọwọ wa tẹ awọn afurasi ajinigbe mẹjọ ni bi ọsẹ meji sẹyin, ko si si ẹya Fulani kankan lara wọn. Awọn mẹjọ naa si ti wa ni ihamọ nitori ọrọ wọn ti de ile ẹjọ."" Gẹgẹ bi ohun ti Joseph sọ, ọkan lara awọn mẹta ti wọn ji gbe jẹ olukọ ni ileewe gbogbonise Rufus Giwa to wa ni ilu Ọwọ nipinlẹ Ondo. Ọna to lọ si ilu Ipele nitosi Ọwọ ni wọn ti ji olukọ naa gbe.",34.725751374927476,False
afrifact_data_culture_yoruba_526,yoruba,Davido fi ọkọ̀ Porsche ṣe ayẹyẹ ọjọ́ ìbí fún Chioma,nei,"Awọn onkorin lasiko yii gba pé orin Afro Beats ti n nipa lori ọna iṣọwọ kọrin awọn miran ni ori ayelujara ni eyi to tun n fun Naijiria lokiki sii lagbaye. Ayanbinrin Ara fi ilu kọ'rin ibilẹ Naijiria Eyi lo bi ẹya orin bii Afro-pop, azonto, hiplife atawọn mii laarin awọn eniyan Ghana ati Naijiria bi apẹrẹ orin Oliver Twist ti DBanj tun ṣi oju awọn eniyan si i. Awọn olorin Naijiria mii to tun ti di ilumọọka ni Yemi Alade, Tekno, Falz, Olamide, Simi, Mr Eazi, Mologo ati Patoranking. ",afrifact_data_culture_igbo_551,igbo,Davido kọwara na ọ bu dịka o si njem Lọndọn lọta were mee nyocha ka ha chọpụtara na Chioma bụ coronavirus. Nwa ha nwoke ebughị ya bụ ọrịa. O kwuru na-ahu siri Chioma ike dịka o dopụrụ onwe ya ma na anata ọgwụgwọ.,15.63201899615072,False
afrifact_data_culture_hausa_388,hausa,Wasu yankuna a Arewacin Najeriya  ko soke al'adar lefe saboda suna ganin baya da wani amfani,nei,"Al'adar Hausawa ce inda ango ke siyan kayan amfani masu kyau da tsada a matsayin wata babbar kyauta da zai bawa amaryarsa. Wadannan kyaututtukan ango na gama sayen sune kafin Auren shi, bayan sun gama kammaluwa, sai iyayen Ango kama daga Inna, Gwaggonninsa da sauran su, mata ne suke kai kayan gidan Amarya, Ita kuma Amarya sai iyayen ta mata su karba kayan su dan ba iyayen Ango abinci da dan tukuici. ",afrifact_data_culture_hausa_390,hausa,"A cikin lefe akwai kayayyakin amfani iri daban-daban ga wasu daga ciki: Atampa Leshi Shadda Hijabai Gyale Takalma Dan kunne Sarka Yan ciki Kayan bacci. Da dai sauransu. Kalubale [ | ] Duk da muhimmanci da alfanun dake cikin al'adar, wasu suna ganin lefe a bangaren su baida wani alfanu duba da yadda tunanin lefe kan kange wasu matasan daga yin aure zuwa tsawon lokaci.",40.82950036810751,False
afrifact_data_culture_hausa_672,hausa,"Wasa ƙwaƙwalwa da kacici-kacici ana yin sune ta sigar tambaya ko magana a zube, sai dai kawai kacici-kacici ana cewa ""Kacici-Kacici"" a farko.",supports,"Tsari [ | ] Kacici-kcici yana da alaqa da wasa kwakwalwa, amman galibi suna da bambamci, wasa kwakwalwa ana yinshi ta sigar tambaya ko magana a zube,wanda shima kacici-kacici haka yake,sai dai kawai kacici-kacici ana cewa “Kacici-Kacici” idan za ayi,shi kuma wasa kwakwalwa farawa kawai akeyi. ",afrifact_data_culture_hausa_667,hausa,"Tsari [ | ] Kacici-kcici yana da alaqa da wasa kwakwalwa, amman galibi suna da bambamci, wasa kwakwalwa ana yinshi ta sigar tambaya ko magana a zube,wanda shima kacici-kacici haka yake,sai dai kawai kacici-kacici ana cewa “Kacici-Kacici” idan za ayi,shi kuma wasa kwakwalwa farawa kawai akeyi. ",144.97944196376682,False
afrifact_data_culture_yoruba_246,yoruba,Ìlú Àkókó jẹ́ ìlú kan tí ó kalẹ̀ sí agbègbè Àríwá àti Ìlà oòrùn ìpínlẹ̀ Oǹdó.,supports," Ìkàrẹ́-Àkókó ni olú ilé ịṣẹ́ ìjọba ìbílẹ̀ wà. Ìlú náà sì tó iye ọgọ́rùn ún kìlọ́mítà (100 km) sí ìlú tí ó jẹ́ olú ìlú fún gbogbo lápapọ̀. Àkókó wà ní agbede-méjì àríwá àti ìlà oòrùn Ìpínlè Ondó.̀ Ohun tí wọ́n fi ń ṣọrọ̀ ajé ní ìlú Ìkàrẹ́ ni ǹkan ọ̀gbìn bíi: , , àti bẹ́ẹ̀ bẹ́ẹ̀ lọ. ",afrifact_data_culture_yoruba_347,yoruba,"Ọ̀pọ̀lọ̀pọ̀ ìgbà ni ìjínigbé ti wáyé ní ojú ọ̀nà ìlú Ọ̀wọ̀ sí Ìkàrẹ́-Àkókó. Alukoro fun ileeṣẹ ọlọpa nipinlẹ Ondo, Fẹmi Joseph sọ fun akọroyin BBC Yoruba, pe eniyan mẹta ni awọn ti wọn ji gbe lootọ, ṣugbọn ''ileeṣẹ ọlọpaa ko ti i le sọ boya Fulani lo ji wọn gbe nitori pe a ko ti i ri wọn'' tako iroyin to jade pe awọn fulani daran-daran lo ji wọn gbe. Bakan naa lo sọ ijinigbe ati iwa ọdaran gbogbo kiiṣe ọrọ ẹya tabi ẹsin. Ile isẹ ọlọpaa n gbe Ọrẹkunrin Khadijat rẹlẹ ẹjọ ni Ọjọ Aje ""Ọwọ wa tẹ awọn afurasi ajinigbe mẹjọ ni bi ọsẹ meji sẹyin, ko si si ẹya Fulani kankan lara wọn. Awọn mẹjọ naa si ti wa ni ihamọ nitori ọrọ wọn ti de ile ẹjọ."" Gẹgẹ bi ohun ti Joseph sọ, ọkan lara awọn mẹta ti wọn ji gbe jẹ olukọ ni ileewe gbogbonise Rufus Giwa to wa ni ilu Ọwọ nipinlẹ Ondo. Ọna to lọ si ilu Ipele nitosi Ọwọ ni wọn ti ji olukọ naa gbe.",33.528058123708675,False
afrifact_data_culture_igbo_062,igbo,Oyi bụ ebe obibi nke ndị Oyi,supports,Ọ bụ ebe obibi nke ndị Oyi.,afrifact_data_culture_igbo_061,igbo,Ọ bụ ebe obibi nke ndị Oyi.,41.98252591215086,False
afrifact_data_culture_igbo_404,igbo,"Ndị e ji egwu Igbo haịlaịf kacha mara gụnyere Chiifụ Stephen Osita Ọsadebe, Oliver De Coque, Ali Chukwuma, , Sir Warrior, Oriental Brothers, Ikem Mazeli.",supports,"Otu onye n’ime ndị kachasị edee egwu mana emepụta egwu a bụ Chiifụ Stephen Osita Ọsadebe onye ọrụ ya ruru afọ iri anọ ma gafee. Ihe nkiri Osadebe gụnyere ọtụtụ egwu ama ama gụnyere egwu ""1984 ""Ọsọndị Owendị"" nke bugoro ya na ọkwa ụwa dịka onye mbụ bidoro Igbo haịlaịf . Ọ kwe ukwe na ọ kpọọ jita Oliver De Coque, bụ ""onye a gụnyere dịka otu n'ime ndị eji ama atụ na onye isi nkenkepụ n'egwu ọgbara ọhụrụ ama ama."" Coque bụ onye kpatara owuwu Igbo haịlaịf na nkanka. N'ime egwu ya ama ama bụ ""Biri Ka Mbiri"", ""Ana Enwe Obodo Enwe"", ""Nnukwu Mmanwu"" na ""Identity"", ha niile rụpụtara ọfụma na 1980 niile. Ndị ọzọ na-eme ihe nkiri n'oge gara aga n'ụdị a bụ ndị nyere nnukwu onyinye na mmepe ya bụ, Ali Chukwuma, , Sir Warrior, , Nico Mbarga, Oriental Brothers, Isaac Rogana Ottah, Ikem Mazeli.",afrifact_data_culture_igbo_403,igbo,"Otu onye n’ime ndị kachasị edee egwu mana emepụta egwu a bụ Chiifụ Stephen Osita Ọsadebe onye ọrụ ya ruru afọ iri anọ ma gafee. Ihe nkiri Osadebe gụnyere ọtụtụ egwu ama ama gụnyere egwu ""1984 ""Ọsọndị Owendị"" nke bugoro ya na ọkwa ụwa dịka onye mbụ bidoro Igbo haịlaịf . Ọ kwe ukwe na ọ kpọọ jita Oliver De Coque, bụ ""onye a gụnyere dịka otu n'ime ndị eji ama atụ na onye isi nkenkepụ n'egwu ọgbara ọhụrụ ama ama."" Coque bụ onye kpatara owuwu Igbo haịlaịf na nkanka. N'ime egwu ya ama ama bụ ""Biri Ka Mbiri"", ""Ana Enwe Obodo Enwe"", ""Nnukwu Mmanwu"" na ""Identity"", ha niile rụpụtara ọfụma na 1980 niile. Ndị ọzọ na-eme ihe nkiri n'oge gara aga n'ụdị a bụ ndị nyere nnukwu onyinye na mmepe ya bụ, Ali Chukwuma, , Sir Warrior, , Nico Mbarga, Oriental Brothers, Isaac Rogana Ottah, Ikem Mazeli.",79.67620229990106,False
afrifact_data_culture_igbo_768,igbo,Ego mmefu na ego mbite Gọọmentị na-arị elu mana akpaego gọọmentị erubeghi ihe ihe o kwesịrị kemgbe afọ 2025. Nke a egbochighi onyeisiala Naịjirịa ikele ụlọọrụ na-elekọta ụgwọ ụtụ maka iwulite ọnọọgụgụ ndị na-atụ ụtụ.,supports,"Mmefu ego gọọmentị na ịkwụghachi ego mbite na-arị elu mana ego dị n'akpaego obodo ejirila pasentị 45 ghara iru ihe o kwesiri kemgbe afọ 2015. N'agbanyeghi nke a, onyeisiala Naịjirịa ebunyela ụlọọrụ na-elekọta ụgwọ ụtụ isi ukpa ekele maka iwulite ọnụ ọgụgụ ndị na-akwụ ụgwọ ụtụ isi kemgbe afọ 2015.",afrifact_data_culture_igbo_766,igbo,"Mmefu ego gọọmentị na ịkwụghachi ego mbite na-arị elu mana ego dị n'akpaego obodo ejirila pasentị 45 ghara iru ihe o kwesiri kemgbe afọ 2015. N'agbanyeghi nke a, onyeisiala Naịjirịa ebunyela ụlọọrụ na-elekọta ụgwọ ụtụ isi ukpa ekele maka iwulite ọnụ ọgụgụ ndị na-akwụ ụgwọ ụtụ isi kemgbe afọ 2015.",132.8247137192793,False
afrifact_data_culture_igbo_214,igbo,Okigbo bi ndụ ya niile n'ọdụ ahịa.,supports,Okigbo ji afọ ndụ ya niile na-agagharị na ọdụ.,afrifact_data_culture_igbo_212,igbo,Okigbo ji afọ ndụ ya niile na-agagharị na ọdụ.,36.198526577039196,False
afrifact_data_culture_igbo_625,igbo,Henrietta Yakubu gwara ndị na-eme njem ụgbọelu ka ha na-eyichi ahụ ha nke ọma maka oyi.,refutes,"Yakubu kwuru sị ""Anyi ga-eme ọtụtụ nyocha maka ahụike, nke gụnyere igbu nje nwereike ị nọ n'akpa mmadụ. Ihe ndịa ga-ewe ọtụtụ oge nke mere na ọ dị mkpa ka ọnye ụgbọelu ya ga-apụ ihe dika elkere iri ka ọ bịa ọdọ ụgbọelu n'ihe dịka elekere asaa"". ",afrifact_data_culture_igbo_630,igbo,"Kama dịka ọ dị ugbua, gọọmentị na-eme njikere ịwepụ mmachị amachiri njem ụgbọelu. Onyeisi na-ahụ maka mmekọ na-etiti ụlọọrụ nke ngalaba na-ahụ maka ọdọ ụgbọelu bụ Federal Airports Authority of Nigeria (FAAN) aha ya bụ Henrietta Yakubu zara ụfọdụ ajụjụ na ụfọdụ ihe ndị mmadụ chọrọ ị ma maka njem ụgbọelụ n'oge a.",42.3794653776865,False
afrifact_data_culture_hausa_012,hausa,Sojoji ne suka hamɓarar da gamnatin Shehu Shagari a shekarar 1983.,supports,"Shehu Shagari ya zama a watan Oktoban shekara ta alif dari tara da Saba'in da tara (1979), inda yayi mulki har zuwa Disamban shekara ta alif da dari tara da tamanin da uku (1983), wanda sojoji suka kwace mulki a hunnunsa, a jagorancin . Shehu Shagari shine shugaban Najeriya da ya hau mulki ta sanadiyar zaɓe na farko.",afrifact_data_culture_hausa_007,hausa,"Shehu Shagari ya zama a watan Oktoban shekara ta alif dari tara da Saba'in da tara (1979), inda yayi mulki har zuwa Disamban shekara ta alif da dari tara da tamanin da uku (1983), wanda sojoji suka kwace mulki a hunnunsa, a jagorancin . Shehu Shagari shine shugaban Najeriya da ya hau mulki ta sanadiyar zaɓe na farko.",31.910688236589195,False
afrifact_data_culture_yoruba_630,yoruba,"Bí a bá n sọ̀rọ̀ nípa Ìsàlẹ̀ Èkó, oríṣi afárá ńlá ńlá mẹ́tà ló ní tí ó fi já pọ̀ mọ́ mainland. Àwọn afárá wọ̀nyí ni, afárá kìíní, afárá kejì, àti afárá kẹta.",supports,"Ìsàlẹ̀ Èkó (Lagos Island) ni ó já pọ̀ mọ́ mainland ní ọ̀nà mẹ́ta pẹ̀lú àwọn afárá méta (1st-3rd mailand bridge). tí ó tóbi tó nà kọjá lórí afonífojì Èkó tí ó fi dé Èbúté Mẹ́ta. Bákan náà ni ó tún já pọ̀ mọ́ agbègbè tí ó sún mọ bíi: Ìkòyí sí Victoria Island, tó fi dé ibùdókò ọkọ̀ ojú-omi ti Àpápá tí ó dajú kọ apá ìwọ̀ Oòrùn erékùṣù náà,",afrifact_data_culture_yoruba_629,yoruba,"Ìsàlẹ̀ Èkó (Lagos Island) ni ó já pọ̀ mọ́ mainland ní ọ̀nà mẹ́ta pẹ̀lú àwọn afárá méta (1st-3rd mailand bridge). tí ó tóbi tó nà kọjá lórí afonífojì Èkó tí ó fi dé Èbúté Mẹ́ta. Bákan náà ni ó tún já pọ̀ mọ́ agbègbè tí ó sún mọ bíi: Ìkòyí sí Victoria Island, tó fi dé ibùdókò ọkọ̀ ojú-omi ti Àpápá tí ó dajú kọ apá ìwọ̀ Oòrùn erékùṣù náà,",80.43245446649772,False
afrifact_data_culture_yoruba_147,yoruba,Ibrahin àti Ismael gbà wọ́n sì juwọ́ jusẹ̀ fún Ọlọ́run wọn Allah.,supports,"Lẹ́hìn èyí, tí àwọn méjèèjì sí ti gbà fún Ọlọ́hun wọn Allah tí wọ́n sì ṣe ijúwọ̀-jusẹ̀ sílè fún Ìfẹ Ọlọ́hun), tí òun (Ibrahim) sí tí tẹ́ orí ẹ́e (Ishamel) lọ sílẹ̀ (ní ààyè itébà sí iwájú); ""Báyìí náà ní Àwa sí pé òun: ""Ìwọ Ibrahim o!"" ""Ìwọọ (Ibrahin) tí ṣe gẹ́gẹ́ bí A ti fi hàn ó (ní ojúran) ní òtítọ àti ní òdodo! Báyìí náà sì ní Àwa ṣe má ń san ẹ̀san fún (gbogbo àwọn) Múhsínùn (olùṣe rere lótitọ àti l'ódodo) - Sheikh Adélabú ṣe ìtọka sí Ẹsẹ Ọrọ Ọlọ́hun nínú kúránì Orí 2:112)."" Láì kọ́ ṣe àníàní, ìdánwò nlá tí ó fi ojú hàn gbángba ní eléyìí jẹ́. Nítorí ìdí èyí ní À wa fi ṣe ìrópò (gẹ́gẹ́ bí ìràpadà) ọmọ (Ishamael) tí òun (Ibrahim) náà pẹ̀lú àgùntàn kàn bọ̀lọ̀jọ̀ (láti fi dípò ní ṣíṣe ìdúpẹ́ òòrè láti Ọ̀dọ̀ Ọlọ́hun)",afrifact_data_culture_yoruba_790,yoruba," jẹ́ ẹ̀sìn àlááfíà,ìrọ̀rùn àti ìjupá-jusẹ̀ sílẹ̀ fún Ọlọ́run aṣẹ̀dá gbogbo ayé nípa ṣ́iṣe ìfẹ́ àti títèlé àṣẹ rẹ̀ yálà o tẹ́ ọ lọ́rùn tàbí kò tẹ́ ọ lọ́rùn. Ó tún jẹ́ ẹ̀sin tí Ọlọ́run tún fi ránṣẹ́ sí gbogbo ayé látọwọ́ àwọn òjíṣ̣́e rẹ̀ tó ti rán wá ṣáájú ànọ́bì ọmọ Abdullah (kí ìkẹ́ àti ọlà Ọlọ́hun ó ma bá a). ",20.445604579995432,False
afrifact_data_culture_igbo_562,igbo,Ndị Anambra East gwara ndị gọọmentị Steeti Anambra ka ha gbatara ha ọsọ enyemaka n'ihi na agụọ na mmiri adịghị ọcha na-achọ ikpochapụ ndụ ha.,nei,Ndị mpaghara Anambra-East akwaala arịrị n'ihi enweghi ndị ọrụ ahụike n'ụlọọrụ ahụike ha dị icheiche ma rịọ ka e zitere ha ndị dọkịta ji otu afọ efe ala nna ha. Ha rịọrọ nke a site n'ọnụ onyeisioche ha bụ Orji Okafor n'emume ọpụpụ ndị ji otu afọ efe ala nna ha e zitere ebe ahụ.,afrifact_data_culture_igbo_561,igbo,Ndị mpaghara Anambra-East akwaala arịrị n'ihi enweghi ndị ọrụ ahụike n'ụlọọrụ ahụike ha dị icheiche ma rịọ ka e zitere ha ndị dọkịta ji otu afọ efe ala nna ha. Ha rịọrọ nke a site n'ọnụ onyeisioche ha bụ Orji Okafor n'emume ọpụpụ ndị ji otu afọ efe ala nna ha e zitere ebe ahụ.,40.09954985770639,False
afrifact_data_culture_yoruba_373,yoruba,Ìròyìn fi lélẹ̀ pé Ààrẹ Muhammadu Buhari ti dé sí Gbọ̀gàn ìdìbò,nei,"Ko si idi meji tawọn ọmọ orilẹ-ede Naijiria fi n kan saara si Ọjọgbọn Oṣinbajo, ju awọn igbesẹ akọ to gbe lasiko to fi n dele fun aarẹ Muhammadu Buhari fun ọjọ mẹwaa to lọ lo fun isinmi laipẹ ati latẹyin wa. Amọ ṣa, gẹgẹ bii oloṣelu to wa lati ẹkun guusu orilẹ-ede Naijiria, ko daju pe Ọṣinbajo yoo lee dide dije fun ipo aarẹ lasiko idibo apapọ ọdun to n bọ, nitori ilana yan-ki-n-yan eleyi ti wọn fi le ori eto idipo-mu laarin ẹkun ariwa ati guusu orilẹ-ede naa. 'Ipaniyan ati ifiyajẹni lọna ti ko bofinmu lọwọ awọn ọlọpaa' Laipẹ yii ni Ọjọgbọn Ọṣinbajo paṣẹ atunto ikọ agbenawoju awọn adigunjale, FSARS ti o ti di atobi-maṣee-bawi bayii nitori oniruru ẹsun iwa ibajẹ ti wọn fi n kan wọn.",afrifact_data_culture_yoruba_702,yoruba,"Muhammadu Buhari (tí wọ́n bí ní Ọjọ́ ketàdínlógún, Oṣù Kejìlá Odún 1942 o si ku ni Oṣu Keje ọjọ 13, Ọdun 2025) olóṣèlú tí ó jẹ́ Ààrẹ orílè-èdè láàrin ọdún 2015 sí ọdún 2023. Ó lo ṣáà àkọ́kọ́ rẹ̀ láàrin odún 2015 sí 2019 àti kejì láàrin ọdún 2019 sí 2023 .",17.69910976727788,False
afrifact_data_culture_yoruba_501,yoruba,"Sheik Muideen Ajani Bello ló wàásù níbí ìsìnkú Ajimobi, tí ó sì gbóríyìn fún Ajimobi gẹ́gẹ́ bí ẹni tí ó bẹ̀rù Ọlọ́run, tí ó sì rọ gbogbo ènìyàn láti ronúpìwàdà, bẹ́ẹ̀ sì ni ó gbàdúrà pé kí Ọlọ́run san án fun gẹ́gẹ́ bí iṣẹ́ ọwọ́ rẹ̀.",supports,"Bakan naa, Sheik Muideen Ajani Bello, tii se oniwaasi agbaye to se waasi nibi akanse eto adura naa ni ijoko adura naa ti to fun waasi nikan. Bello ni ""ọpọ awọn fọnran aworan ti Ajimobi ti sọrọ silẹ nigba aye rẹ fihan pe, oloogbe naa kii se eeyan lasan, wolii Ọlọrun ni. Gbogbo ohun ti kaluku wa ba n se ni ka yipada, abi, ta a ni sọ."" O wa gbadura pe ki Ọlọrun kẹ Ajimọbi, ko gẹ ẹ, ko si san gbogbo laada to yẹ ko duro jẹ fun ninu saare. ""Iya ni ọpọ eeyan ti ko yin Ajimobi loju aye rẹ, amọ ti wọn n yin lẹyin to ku tan yoo jẹ niwaju Ọlọrun, nitori igba to wa laye lo yẹ ki wsn sọ daada nipa rẹ.""",afrifact_data_culture_yoruba_500,yoruba,"Bakan naa, Sheik Muideen Ajani Bello, tii se oniwaasi agbaye to se waasi nibi akanse eto adura naa ni ijoko adura naa ti to fun waasi nikan. Bello ni ""ọpọ awọn fọnran aworan ti Ajimobi ti sọrọ silẹ nigba aye rẹ fihan pe, oloogbe naa kii se eeyan lasan, wolii Ọlọrun ni. Gbogbo ohun ti kaluku wa ba n se ni ka yipada, abi, ta a ni sọ."" O wa gbadura pe ki Ọlọrun kẹ Ajimọbi, ko gẹ ẹ, ko si san gbogbo laada to yẹ ko duro jẹ fun ninu saare. ""Iya ni ọpọ eeyan ti ko yin Ajimobi loju aye rẹ, amọ ti wọn n yin lẹyin to ku tan yoo jẹ niwaju Ọlọrun, nitori igba to wa laye lo yẹ ki wsn sọ daada nipa rẹ.""",73.92685903763456,False
afrifact_data_culture_yoruba_672,yoruba,Ìpínlẹ̀ Èkìtì tí ó wà ní apá ìwọ̀ oòrùn jẹ́ ìdásílẹ̀ pẹ̀lú àwọn ìpínlẹ̀ tuntun márùn-ún mìíràn.,supports,"Ìpínlẹ̀ Èkìtì jẹ́ ní apá ìwọ̀ oòrùn tí ó jẹ́ dídásílẹ̀ ní ọjọ́ kìíní oṣù ọwàwà, pẹ̀lú àwọn ìpínlẹ̀ tuntun márùn-rún mìíràn látọwọ́ ọ̀gágun . Èkìtì ti jẹ́ ìpínlẹ̀ olómìnira kí àwọn òyìnbó tó dé.",afrifact_data_culture_yoruba_671,yoruba,"Ìpínlẹ̀ Èkìtì jẹ́ ní apá ìwọ̀ oòrùn tí ó jẹ́ dídásílẹ̀ ní ọjọ́ kìíní oṣù ọwàwà, pẹ̀lú àwọn ìpínlẹ̀ tuntun márùn-rún mìíràn látọwọ́ ọ̀gágun . Èkìtì ti jẹ́ ìpínlẹ̀ olómìnira kí àwọn òyìnbó tó dé.",75.11898686823973,False
afrifact_data_culture_yoruba_490,yoruba,Alaga Hajj ni Naijiria ni inú wọn kò dùn sí bí Hajj kò ṣe ní wáyé ní ọdún 2020.,nei,"Boko Haram da ìbọn bo ọkọ̀ gómìnà Borno, ẹ̀ṣọ́ àláàbò rẹ̀ farapa Ijọba ipinlẹ Borno ti fi idi rẹ mulẹ pe, lootọ l'awọn agbebọn Boko Haram kọlu awọn ọkọ to n kọwọrin pẹlu gomina ipinlẹ naa, Babagana Zullum ni Ọjọru. Agbẹnusọ fun gomina naa, Mallam Isa Gusau ṣalaye pe, ori ko gomina Zullum yọ lai farapa ṣugbọn diẹ lara awọn to baa rin, to fi kan awọn ẹṣọ alaabo, fara ṣeṣe. Isa fi kun un pe, ilu Baga ni gomina naa n lọ nigba ti ikọlu naa waye. Bawo lo ṣe ṣẹlẹ? Ni Ọjọru ni iṣẹlẹ yii waye ni nnkan bii agogo mẹrin irọlẹ lasiko ti gomina naa fẹ wọ ilu Baga l'awọn agbọn naa ba ṣina ibọn bolẹ. Awọn ẹṣọ alaabo to wa pẹlu rẹ naa daa ina ibọn bolẹ.",afrifact_data_culture_yoruba_746,yoruba,"Gẹ́gẹ́ bí Ìtàn ti sọ, 1821 ni Ìjà tó fọ́ gbogbo Ìlú Ẹ̀gbá ti sẹlẹ̀. Ohun kékeré ló dá Ìjà sílẹ̀ láàárín àwọn òwu àti àwọn Ìjẹ̀bú ni ọjà Apòmù, Ogun Ọ̀yọ́ àti tí ifẹ̀ dà pọ̀ mọ́ ogun Ìjẹ̀bú láti bá Òwu jà. Àgbáríjọ ogun yìí dé ìlú àwọn Òwu ní tọ̀ọ̀ọ́tọ́ sùgbọ́n àwọn Òwu lé wọn padà títí wọ́n fi dé àárín àwọn Gbágùrá to wa ni Ìbàdàn. Inú àwọn Gbágùrá kò dùn sí è́yí wọ́n ti lérò pé ogun yóò kó àwọn Òwu.",24.790153318394896,False
afrifact_data_culture_yoruba_249,yoruba,Ilé ìwé Girama Badagry Grammar School ni wọ́n ti ṣe ayẹyẹ Àgbádá-rìgì tó kọjá.,supports,"Àjọ̀dún tí wọ́n ṣe kẹ́yìn wáyé nínú ọgb̀a ilé ìwẹ́ girama ìlú náà ìyẹn (Badagry Grammar School), Badagry, , Nàìjíríà. Ìtàn òwò ẹrú nílu Àgbádá-rìgì [ | ] Orúkọ tí ìlú náà ń jẹ́ lónìí (Badagry) ni wọ́n fà yọ láti inú iṣẹ́ àwọn ènìyàn ìlú náà. Lára iṣẹ́ náà ni: iyọ̀ ṣíṣe, ẹja pípa, iṣẹ́ àgbẹ̀. Bákan náà, àwọn mìíràn gbà wípé ìlú náà ni wọ́n fi sọrí ẹnìkan tí ó ń jẹ́ Agbedeh, ẹni tị ó jẹ́ gbajú-gbajà àgbẹ̀ nílu náà tí orúkọ oko rẹ̀ ń jẹ́ Àgbádá-rìgì, tí àwọn Èèbó amúnisìn padà yí sí (Badagry).",afrifact_data_culture_yoruba_250,yoruba,"Àjọ̀dún tí wọ́n ṣe kẹ́yìn wáyé nínú ọgb̀a ilé ìwẹ́ girama ìlú náà ìyẹn (Badagry Grammar School), Badagry, , Nàìjíríà. Ìtàn òwò ẹrú nílu Àgbádá-rìgì [ | ] Orúkọ tí ìlú náà ń jẹ́ lónìí (Badagry) ni wọ́n fà yọ láti inú iṣẹ́ àwọn ènìyàn ìlú náà. Lára iṣẹ́ náà ni: iyọ̀ ṣíṣe, ẹja pípa, iṣẹ́ àgbẹ̀. Bákan náà, àwọn mìíràn gbà wípé ìlú náà ni wọ́n fi sọrí ẹnìkan tí ó ń jẹ́ Agbedeh, ẹni tị ó jẹ́ gbajú-gbajà àgbẹ̀ nílu náà tí orúkọ oko rẹ̀ ń jẹ́ Àgbádá-rìgì, tí àwọn Èèbó amúnisìn padà yí sí (Badagry).",28.416214691337274,False
afrifact_data_culture_hausa_426,hausa,Sheikh Qaribullah ya auri mata biyu yana da shekaru ashirin da biyu.,supports,"Kuma haka rayuwa ta kasance a gare shi har ya kai ga ,kuma abin mamaki, ya auri mata biyu yana da shekaru ashirin da biyu a 1982. Kamar yadda ba a saba gani ba, da ban mamaki, ko da yake halal ne,kamar daura auren mata biyu a lokaci guda - a wani lokaci, sun yi zaman jituwa tare, na wani lokaci kafin shi, Sheikh Qareebullah, ya yi auren mata fiye da ɗaya na gaske. Wannan aure (salon auren mata fiye da daya ),ba kamar yadda yake ba, sai da ya haifa masa ‘ya’ya goma sha tara.",afrifact_data_culture_hausa_422,hausa,"Kuma haka rayuwa ta kasance a gare shi har ya kai ga ,kuma abin mamaki, ya auri mata biyu yana da shekaru ashirin da biyu a 1982. Kamar yadda ba a saba gani ba, da ban mamaki, ko da yake halal ne,kamar daura auren mata biyu a lokaci guda - a wani lokaci, sun yi zaman jituwa tare, na wani lokaci kafin shi, Sheikh Qareebullah, ya yi auren mata fiye da ɗaya na gaske. Wannan aure (salon auren mata fiye da daya ),ba kamar yadda yake ba, sai da ya haifa masa ‘ya’ya goma sha tara.",39.126413053748756,False
afrifact_data_culture_yoruba_018,yoruba,Ọ̀kan nínú àwọn nǹkan tí ó wọ́pọ̀ nínú àwùjọ àwọn elédè Spanish àti ẹ̀sìn àwọn Cuban ni Aganjú.,supports,"Aganjú tàbí Aganyú ni òdò awon elédèè Spanish ni wón ń pè ní . Wón gbà pé ó ń ṣíṣe pọ̀ pẹ̀lú nínú Ẹsin ti àwọn Cuban, èyí tí wọ́n ń pè ní Santería. Wọ́n gbàgbọ́ pé Aganjú ni àjọṣe pẹ̀lú Òrìsà ṣàǹgó. Gẹ́gẹ́ bí Ọba ní Ọ̀yọ́ rí, Aganju jẹ́ ọmọ Ẹ̀gbọ́n Ṣàǹgó tí orúkọ rẹ̀ ń jẹ́ Àjàká. Èyí tí ó jẹ́ pé àwọn méjèèjì tí fi ìgbà kan jẹ́ Ọba ìlú Ọ̀yọ́ rí tí wọ́n ti ìpàṣẹ rẹ̀ di Òrìṣà tí wọ́n ń bọ.",afrifact_data_culture_yoruba_497,yoruba,"Awọn ere idaraya yii ma n jẹ ki ifẹ gbooro si laarin awọn ewe ati ọdọ ni agboole si agboole, ati wi pe, o ma n wu awọn ọmọde naa lati tete dagba ni kiakia, nitori naa ni wọn ṣe n ṣe awọn ere ohun. Erebọọlu lo pọ ju laarin awọn ọmọkunrin gẹgẹ bi ere ṣiṣe, amọ awọn ere ọmọde wọnyiii wa ti wọn tun kundun lati ma a ṣe, paapaa ti wọn ba de lati ile iwe ati labẹ osupa lalẹ ti wọn ba de ile. Awọn ere ọmọde to wọpọ laye igba kan: Ere Tẹ́ntẹ́: Ti wọn ba fẹ ṣe ere yii, awọn ọmọdebinrin a kọju si ara wọn, wọn a si ma a patẹwọ, ti wọn a si maa gbe ẹsẹ wọn bakan naa si orin Tẹ́ntẹ́ ti wọn ba n kọ.",45.27085106272166,False
afrifact_data_culture_yoruba_607,yoruba,Láàárín àwọn etíkun mẹ́ta ni Ìlú Badagry wà.,nei,Oṣìnlokùn àti àwọn alátìlẹyìn rẹ̀ dúró gẹ́gẹ́ bí i lòdì sí ìjọba Àdèlé. Èyí fà á kí òpin wá sí ìjọba Àdèlé ní 1819 nípasẹ̀ ẹ̀gbọ́n rẹ̀ Oṣìnlokùn. Ìṣẹ̀lẹ̀ yìí náà ni ó fà á kí Àdèlé sí kúrò ní Èkó lọ sí Badagry tí ó sì jẹ gẹ́gẹ́ bí olórí níbẹ̀.,afrifact_data_culture_yoruba_054,yoruba,"Àwọn ẹ̀yà Yorùbá Àkókó ni wọ́n kó ìdá ogún ó lé ẹ̀sún mẹ́ta (20.3%) nínú ìdá márùn ún tó lé ẹ̀sún meje (5.7%) ènìyàn tí wọn ń gbé ní . Ẹ̀Wẹ̀, agbègbè Àkókó ní ìjọba ìbílẹ̀ mẹ́rin, àwọn ni: , , àti , tí ó fi mọ́ tí ó wà ní àárín àti . Ilé ẹ̀kọ́ fásitì náà wà nílú Bákan náà ni ilé-ìwòsàn ti ìjọba ìpínlẹ̀ wà ní ìlú , nígbà tí ilé-ìwòsàn gbogbo-gbòò ti ìjọba náà wà ní ìlú àti ìlú .",18.392849301144686,False
afrifact_data_culture_igbo_117,igbo,Ọchịchị ime obodo a akaghị ịdị ire ma ọ bụrụ na ọ nweghị obodo mebere ya.,nei,"Obodo ndị mebere ọchịchị ime obodo bụ Akwu-Ukwu, Alor, Awka-Etiti, Ojoto, Nnokwa, Oba na Nnobi.",afrifact_data_culture_igbo_119,igbo,"Obodo ndị mebere ọchịchị ime obodo bụ Akwu-Ukwu, Alor, Awka-Etiti, Ojoto, Nnokwa, Oba na Nnobi.",30.792245172096273,False
afrifact_data_culture_igbo_069,igbo,Ala Igbo bụ sọ mma.,nei,"A mụrụ Osadebe na March 17, 1936, n'obodo Igbo dị na Atani na ndịda ọwụwa anyanwụ Naijiria.",afrifact_data_culture_igbo_302,igbo,"Ọrụ ugbo chọrọ mmiri, aja di mma na ala di larịị.",12.552371522223893,False
afrifact_data_culture_igbo_503,igbo,"Ogwashi Uku dị na mpaghara Anaocha nke Anambara steeti ma nwee ihe erughị mmadụ puku iri ise, narị abụọ na iri atọ na anọ.",refutes,"Ogwashi Uku , bụ obodo Igbo na . Ọ dị na ọdịda anyanwụ nke isi obodo steeti, Asaba ma bụrụ isi ụlọ ọrụ gọọmentị ime obodo, Aniocha South . Ndị bi na Ọgwashi-Ukwu dị ihe dị ka puku iri ise, narị abụọ na iri atọ na anọ. Ọnụ ọgụgụ ya abawanyela nke ukwuu. Ọ bụ na mpaghara Anioma nke Delta steeti, ndị na-asụ Igbo na ndị obodo ya bụ ndị Enuani . ",afrifact_data_culture_igbo_501,igbo,"Ogwashi Uku , bụ obodo Igbo na . Ọ dị na ọdịda anyanwụ nke isi obodo steeti, Asaba ma bụrụ isi ụlọ ọrụ gọọmentị ime obodo, Aniocha South . Ndị bi na Ọgwashi-Ukwu dị ihe dị ka puku iri ise, narị abụọ na iri atọ na anọ. Ọnụ ọgụgụ ya abawanyela nke ukwuu. Ọ bụ na mpaghara Anioma nke Delta steeti, ndị na-asụ Igbo na ndị obodo ya bụ ndị Enuani . ",60.45793267396556,False
afrifact_data_culture_igbo_488,igbo,N'ụlọ ọba ego ka Peter Obi na-arụ ọrụ tupu ọ banye na ndọrọ ndọrọ ọchịchị,supports,Obi bụ onyeisi oche nke Fidelity Bank tupu ọ hapụ ọnọdụ ahụ ịbanye na ndọrọ ndọrọ ọchịchị.,afrifact_data_culture_igbo_490,igbo,Obi bụ onyeisi oche nke Fidelity Bank tupu ọ hapụ ọnọdụ ahụ ịbanye na ndọrọ ndọrọ ọchịchị.,36.50833713482236,False
afrifact_data_culture_hausa_005,hausa,Muhammadu Buhari ya yi mulkin Nigeria a matsayin shugaban kasa na farar hula daga shekara 2015 zuwa shekarar 2023.,supports,"Muhammadu Buhari (17 Disamba 1942 – 13 Yuli 2025) ne wanda ya yi mulkin ƙasar a matsayin daga 2015 zuwa 2023. Soja ne mai matsayi na majo janar a , kuma ya shugabanci ƙasar a matsayin daga 31 Disamba 1983 zuwa 27 Agusta 1985. Buhari ya tsaya takarar shugaban ƙasa a Najeriya a ƙarƙashin jam’iyyar a zaɓen shugaban ƙasa na 2003 da na 2007, sannan kuma a ƙarƙashin jam’iyyar Congress for Progressive Change (CPC) a zaɓen shugaban ƙasa na 2011",afrifact_data_culture_hausa_002,hausa,"Muhammadu Buhari (17 Disamba 1942 – 13 Yuli 2025) ne wanda ya yi mulkin ƙasar a matsayin daga 2015 zuwa 2023. Soja ne mai matsayi na majo janar a , kuma ya shugabanci ƙasar a matsayin daga 31 Disamba 1983 zuwa 27 Agusta 1985. Buhari ya tsaya takarar shugaban ƙasa a Najeriya a ƙarƙashin jam’iyyar a zaɓen shugaban ƙasa na 2003 da na 2007, sannan kuma a ƙarƙashin jam’iyyar Congress for Progressive Change (CPC) a zaɓen shugaban ƙasa na 2011",42.04135360869868,False
afrifact_data_culture_igbo_156,igbo,Ndị Ideato South bụ ndị na-emepụta ihe a na-ere ere na nke a na-eri eri,supports,Ndị Ideato South bụ ndị ọrụ ugbo na-emepụta ihe ụgbọ a na-ere ere nakwa nke a na-eri eri.,afrifact_data_culture_igbo_154,igbo,Ndị Ideato South bụ ndị ọrụ ugbo na-emepụta ihe ụgbọ a na-ere ere nakwa nke a na-eri eri.,78.1447399532806,False
afrifact_data_culture_yoruba_333,yoruba,"Ìgbẹ̀mí ara-ẹni pọ̀ gidi gan-an ní orílẹ̀-èdè Amẹ́ríkà, ìwádìí sì fi lélẹ̀ pé èyí wọ́pọ̀ láàárín àwọn ènìyàn tó ti fìgbà kan ni àìsàn ọpọlọ.",supports,"Bakan naa, ibudo orilẹede Amẹrika to n boju to itju aisan na ni akọsilẹ to sọ pe ẹgbẹrun mẹtadinlaadọta eeyan lo gba ẹmi ara wọn nilẹ amẹrika lọdun 2017 eyi si ni ohun to n ṣokunfa iku awọn ara Amẹrika larin ọdun mẹwaa si mẹrinlelọgbọn. Gbigba ẹmi ara ẹni lee nidi ṣugbọn o maa ni ibaṣepọ to nipọn pẹlu ilera ọpọlọ paapaa iporuru kan. ""Ida aadọrun awọn to gbẹmi ara wọn lo ti ni itan aisan to ni ṣe pẹlu ọpọlọ ri tabi iṣoro fifi ipa mu ni lasiko iku wọn Ohun ti awọn Bridgewath Angels n se ni lati dena gbigba ẹmi ara ẹni.",afrifact_data_culture_yoruba_558,yoruba,"Garri flour Cooked garri ( ) on a plate in Cameroon Whole cassava tubers Peeled cassava pieces Ní ẹkùn ìwọ̀ oòrùn , gaàrí (tí a tún mọ̀ sí gari , galli , tàbí gali ) ó jẹ́ ìyẹ̀fun tí a rí láti ara ẹ̀gẹ́. Nínú èdè , gaàrí túmọ̀ sí ìyẹ̀fun ti , , , , , àti . Fún àpẹẹrẹ, garin dawa jẹ́ èyí tí a rí láti ara , garin masara àti garin alkama jẹ́ èyí tí a rí láti àti wíìtì bákan náà, nígbà tí garin magani jẹ́ irinṣẹ́ ìyẹ̀fun. A máa ń pò ó papọ̀ mọ́ omi tútù àti omi gbígbóná ní àwọn orílẹ̀-èdè kan ní ilẹ̀ bíi: , , , , , àti . Ẹ̀gẹ́, èyí tí ó jẹ́ egbò tí a ti rí gaárí , ó kún fún àwọn èròjà tí ó pọ̀. Gaàrí tún fara jọ tí orílẹ̀-èdè , tí wọ́n máa ń lò láti pèsè àwọn onírúurú oúnjẹ, pàápàá jùlọ ní Ìpínlẹ̀ . Bí a ṣe ń ṣe é [ | ] Process of garri making Láti ṣe ìyẹ̀fun gaàrí , a máa wú , bẹ ẹ́, lẹ́yìn náà ni a máa fọ̀ ọ́ tónítóní kí á tó gún un. A le fi òróró sí i kí a tó dà á sínú àpò, lẹ́yìn náà ni a máa gbé e sí abẹ̀ ẹ̀rọ tí a fi máa fún un fún wákàtí kan sí wákàtí mẹ́rìnlélógún láti fún àwọn omi tí ó wà lára rẹ̀. Lẹ́yìn tí ó bá gbẹ tán ni a máa yan án nínú agbada ńlá, a le fi òróró sí i tàbí kí a má fi sí i. Lẹ́yìn èyí ni ó máa fún wa ní Gaàrí, a le rọ́ pamọ́ fún ọjọ́ pípẹ́. A le gún un lódó tàbí kí á lọ̀ ọ́ lẹ́rọ láti fún wa ní ìyẹ̀fun. Gaàrí pín sí oríṣiríṣi, lébú, èyí tí kò kúná àti èyí tí kò kùnà púpọ̀, èyí tí a le lò láti ṣe onírúurú oúnjẹ.",50.88060686015871,False
afrifact_data_culture_yoruba_638,yoruba,"Síbẹ̀, ìgbàgbọ́ wọn nípa Jésù ò yàtọ̀ síra nítorí gbogbo wọn ló gbà pé olùgbàlà ni Jésù.",refutes,Onírúurú ìjọ onìgbàgbọ́ ló ní orísìírísìí ìtumọ̀ fún bibeli torí ìdí eyi onírúrú ìlànà èsìn ni ìjọ kọ̀ọ̀kan ní. Àtí pé ìgbàgbọ wọn nípa ohun tí Jésù jẹ́ yàtọ̀ díèdíẹ̀ síbèsíbè gbogbo wọn gbà pé olùgbàlà ni Jésù.,afrifact_data_culture_yoruba_638,yoruba,Onírúurú ìjọ onìgbàgbọ́ ló ní orísìírísìí ìtumọ̀ fún bibeli torí ìdí eyi onírúrú ìlànà èsìn ni ìjọ kọ̀ọ̀kan ní. Àtí pé ìgbàgbọ wọn nípa ohun tí Jésù jẹ́ yàtọ̀ díèdíẹ̀ síbèsíbè gbogbo wọn gbà pé olùgbàlà ni Jésù.,70.16223495223454,True
afrifact_data_culture_yoruba_296,yoruba,"Ìjọba ìpínlẹ̀ Ọ̀yọ́ rán àwọn ọlọ́pàá sí agbègbè tí àwọn ọmọ onílẹ̀ ti ń ṣọṣẹ́ yìí, tí wọ́n sì kó àwọn jàǹdùkú náà lọ sí àgọ́ ọlọ́pàá lá ti fi wọ́n sí àtìmọ́lẹ́. ",nei,"Awọn ara adugbo naa ti wa rọ ijọba ipinlẹ Ọyọ lati tete da si ọrọ naa tori kii se igba akọkọ ree ti awọn ọmọ onilẹ yoo wa maa dun mahuru-mahuru mọ wọn lori ilẹ ti wọn ti ra lati ọdun gbọọrọ. Gẹgẹ bi iroyin naa ti wi, nigba ti BBC Yoruba kan si agbẹnusọ fun ileesẹ ọlọpa nipinlẹ Ọyọ, Olugbenga Fadeyi lati gbọ tẹnu rẹ, o ni ka pe oun pada laipẹ.",afrifact_data_culture_yoruba_345,yoruba,"""Ọpọlọpọ nkan lati n ṣe bayii lati ri i pe ọrọ ijinigbe di afisẹyin ti eegun n fiṣọ. Ati fi kun awọn ọlọpa to n duro loju ọna. Bakan naa ni a ti pe awọn miran ti kii ṣe ọlọpa mọra lati ran wa lọwọ. Ohun ti a fẹ lati ọdọ araalu ni pe ki wọn maa ta wa lolobo, gbadura fun wa, ki wọn si mu suuru diẹ fun wa, ao ṣiṣẹ naa bi iṣẹ A ko mọ boya awọn ajinigbe ti kan si awọn mọlẹbi awọn ti wọn ji gbe, nitori ileeṣẹ ọlọpa kii lọwọ si. Idi ni pe ọpọlọpọ ọdaran yoo maa lo anfaani pe ileeṣẹ ọlọpa faaye gba sisan owo fun ajinigbe lati maa ṣiṣẹ ibi. Ti a ba fun ẹnikan lowo loni, ẹlomii yoo tun wo awokọṣe naa lati ji ẹlomiran gbe. A si maa n rọ awọn araalu lati fi to wa leti ti awọn ajinigbe ba kan si wọn, ṣugbọn o ṣeni laanu pe mọlẹbi awọn ti wọn ba ji gbe kii ṣọ fun wa lasiko ti wọn ba kan si wọn tabi san owo itusilẹ.""",61.391048680347716,False
afrifact_data_culture_hausa_786,hausa,Mista Jonathan ya zargin Obama da David Cameron da yunƙurin kifar da gwamnatinsa.,supports,"Mista Jonathan ya ce ba anan kadai Amurka ta tsaya ba wajen yunkurin kifar da gwamnatinsa, har ta kai Shugaba Obama ya shawo kan firaministan Burtaniya David Cameron ya mara masa baya duk da kyakkyawar dangantakar da ke tsakanin Jonathan da Cameron",afrifact_data_culture_hausa_781,hausa,"Mista Jonathan ya ce ba anan kadai Amurka ta tsaya ba wajen yunkurin kifar da gwamnatinsa, har ta kai Shugaba Obama ya shawo kan firaministan Burtaniya David Cameron ya mara masa baya duk da kyakkyawar dangantakar da ke tsakanin Jonathan da Cameron",57.225212087524966,False
afrifact_data_culture_yoruba_092,yoruba,"Jọ̀lọ́ọ̀fù jẹ́ oúnjẹ kan tí kò nílò iyọ̀, magí, kọrí tàbí táìmù láti sè é.",refutes," Àwọn èròjà [ | ] Jollof rice with fish, plantains, cucumber, and tomatoes. Ìrẹsì jọ̀lọ́fu jẹ́ àpapọ̀ ìrẹsì, òróró, ẹfọ bíi tòmáatì, Àlùbósà,ata rodo, Ata ilé, Aáyù, ata ṣœm̀bọ̀. Láti lè jẹ́ kí ô pọ́n-ọ́n, wọn á má fí tòmáatì sí. Bákan náà ní wọn á máa fí awọn èròjà dídùn bíi, iyọ̀, magí, àwọn spices mìíràn bí curry, àti táàmù lati tún bọ̀ jẹ́ kì ó ta sán sán.",afrifact_data_culture_yoruba_434,yoruba,"Ṣugbọn iṣẹlẹ buruku kan waye ni ọjọ kan. Iya Oladele jẹ ẹnikan lara awọn obinrin inu ijọ naa ni owo, ti ko si ri i san. Ni obinrin naa ba wa sile wọn, to si pariwo le iya rẹ lori lati san owo naa. Ibi ti ariwo ti n waye ni obinrin naa ti ya aṣọ kan ṣoṣo ti iya Oladele maa n wọ jade, mọ ọ lọrun. Oladele sọ pe iṣẹlẹ naa mu itiju ati ibanujẹ ba oun. Eyi lo si mu ko pinnu lati ma lọ si ṣọọṣi naa mọ, nitori itiju. The New Pandemic: Kíni àwọn onímọ̀ sáyẹ́ńsì ń sọ nípa rẹ̀? Eyi lo mu ko darapọ mọ ijọ Cele kan ti ko jinna si ile wọn. Gẹgẹ bi ẹni to mọ ilu lilu, Oladele bẹrẹ si ni ba wọn lu ilu ninu ijọ naa. Kẹrẹ-kẹrẹ, lo ba di ọmọ ijọ Celestial. O ni kii ṣe idaamu, tabi aisan lo gbe oun de inu ijọ alaṣọ funfun. Nibẹ lo ti bẹrẹ si ni 'gun oke ẹmi', ti ko si ni mọ nkan to n lọ ni ayika rẹ fun bi ọjọ meje, lai mu omi tabi jẹun, to si sọ n sọ asọtẹlẹ. O si ti n ṣiṣẹ alufaa ijọ Cele fun ọdun mẹrinla gbako. Afojusun rẹ si ni lati da yatọ si awọn ijọ Cele yooku, nipa iwaasu ati isẹsi wọn.",22.3906874393169,False
afrifact_data_culture_yoruba_429,yoruba,Sanusi ṣàlàyé pé Ọlọ́run ti kọ ọ́ wí pé òun yóò jẹ́ Ọba Kano bẹ́ẹ̀ náà sì ni àkọsílẹ̀ wà wí pé wọn yóò yọ òun.,supports,"Èyí ni fídíò bí wọ́n ṣe fi bàálù gbé Emir Sanusi kúrò ní ìpínlẹ̀ Nasarawa Iroyin kan to tẹwa lọwọ sọ pe wọn ti gbe Emir ilu Kano tẹlẹ, Sanusi Lamido Sanusi kuro ni ipinlẹ Nasarawa lọ si ibi ti ẹnikẹni ko mọ. Iroyin naa sọ pe baalu ayara fefe ẹlikọpita ni wọn fi gbe kuro ni abule Loko ti wọn fi pamọ si lati ọjọ Aje. Wọ́n ti gbé Emir Kano tẹ́lẹ̀, Sanusi Lamido kúrò ní Nasarawa lọ síbi tẹ́nìkan kò mọ̀ Ọjọ Aje ni gomina ipinlẹ Kano rọ Emir Sanusi l'oye, ti wọn si tun le kuro nilu Kano lọ si Nasarawa. Ao ma a mu wa fun yin bi nkan ba tun ṣe n lọ. Sanusi ní òun ti gba kádàrá ṣùgbọ́n agbẹjọ́rò rẹ̀ ní àwọn ṣì lè gba ilé ẹjọ́ lọ Emir ana ilu Kano Sanusi Lamido Sanusi ni oun ti gba kadara iyọnipo to ṣẹlẹ si oun gẹgẹ bi amuwa lati ọdọ Ọlọrun. Sanusi fi ọrọ yi sita ninu fọnran fidio kan to ṣe ki o to fi afin rẹ nilu Kano silẹ lọjọ Aje. Ninu fidio naa Sanusi sọ ni ede Hausa pe ''Ọlọrun ti kọ wi pe oun yoo jẹ́ ọba Kano bẹẹ naa si ni akọsilẹ wa wi pe wọn yoo yọ oun.'' O ni ''Inu mi dun mo si dupẹ.Mo ki ẹnikẹni ti wọn ba gbe oye naa fun ku orire.",afrifact_data_culture_yoruba_428,yoruba,"Èyí ni fídíò bí wọ́n ṣe fi bàálù gbé Emir Sanusi kúrò ní ìpínlẹ̀ Nasarawa Iroyin kan to tẹwa lọwọ sọ pe wọn ti gbe Emir ilu Kano tẹlẹ, Sanusi Lamido Sanusi kuro ni ipinlẹ Nasarawa lọ si ibi ti ẹnikẹni ko mọ. Iroyin naa sọ pe baalu ayara fefe ẹlikọpita ni wọn fi gbe kuro ni abule Loko ti wọn fi pamọ si lati ọjọ Aje. Wọ́n ti gbé Emir Kano tẹ́lẹ̀, Sanusi Lamido kúrò ní Nasarawa lọ síbi tẹ́nìkan kò mọ̀ Ọjọ Aje ni gomina ipinlẹ Kano rọ Emir Sanusi l'oye, ti wọn si tun le kuro nilu Kano lọ si Nasarawa. Ao ma a mu wa fun yin bi nkan ba tun ṣe n lọ. Sanusi ní òun ti gba kádàrá ṣùgbọ́n agbẹjọ́rò rẹ̀ ní àwọn ṣì lè gba ilé ẹjọ́ lọ Emir ana ilu Kano Sanusi Lamido Sanusi ni oun ti gba kadara iyọnipo to ṣẹlẹ si oun gẹgẹ bi amuwa lati ọdọ Ọlọrun. Sanusi fi ọrọ yi sita ninu fọnran fidio kan to ṣe ki o to fi afin rẹ nilu Kano silẹ lọjọ Aje. Ninu fidio naa Sanusi sọ ni ede Hausa pe ''Ọlọrun ti kọ wi pe oun yoo jẹ́ ọba Kano bẹẹ naa si ni akọsilẹ wa wi pe wọn yoo yọ oun.'' O ni ''Inu mi dun mo si dupẹ.Mo ki ẹnikẹni ti wọn ba gbe oye naa fun ku orire.",50.15241876825707,False
afrifact_data_culture_igbo_096,igbo,"Osikapa bụ otu nri ga-abụ ihe kọgodu gị elu kọọ gị ala, i gote ya, ị ga-atụkwasịnwu ya ihe ọbụla were rie ya.",supports,"Osikapa bụ otu nri ọ na-abụ ego kọgodu gị elu kọọ gị ala, e nwee etu i si hụ obere ego jiri gote ya, ị ga-atụkwasịnwu ya ihe ọbụla were rie ya.",afrifact_data_culture_igbo_095,igbo,"Osikapa bụ otu nri ọ na-abụ ego kọgodu gị elu kọọ gị ala, e nwee etu i si hụ obere ego jiri gote ya, ị ga-atụkwasịnwu ya ihe ọbụla were rie ya.",127.24240971315434,False
afrifact_data_culture_hausa_199,hausa,Zuwan turawan mulkin mallaka ya taimaka wurin musuluntar sarakunan gargajiya na Kano.,refutes,"Bayan zuwan Musulunci a ƙarni na 14 zuwa 15, muhimmancin Dutsen Dala wajen bauta ya ragu, domin sarakunan Kano suka rungumi Musulunci.",afrifact_data_culture_hausa_204,hausa,"Bayan zuwan Musulunci a ƙarni na 14 zuwa 15, muhimmancin Dutsen Dala wajen bauta ya ragu, domin sarakunan Kano suka rungumi Musulunci.",22.29879956960155,False
afrifact_data_culture_igbo_531,igbo,Ndị niile jigoro ọkwa onye isi ọrụ ndị Amị (COAS) nke Naịjirịa na ndị ezinụlọ ha na-aga ala bekee ga biri.,nei,"Azụbụike Ihejirika, CFR (Amụrụ Febuwarị 13, 1956) bụ onye gara ezumike nká Amị Naịjirịa, onyeisi jenaral na onye bụbu Onye isi ọrụ Amị.",afrifact_data_culture_igbo_530,igbo,"Ọ nweela ọtụtụ nturu ugo na nkwanye ugwu n'etiti ndị a, Ọchịagha nke gọọmentị etiti, CFR onye nyere , Onye isi ala nke gọọmentị etiti Naịjirịa The Forces Service Star (FSS) nke ndị Amị nyere ya. (FSS) onyinye Meritorious Service Star (MSS) nke ndị agha Naịjirịa nyere . Distinguished Service Star (DSS) nke ndị agha Naịjirịa nyegoro ha . Grand Service Star (GSS) nke ndị Amị Naịjirịa nyere ya. Passed Staff College(psc (+)) nke ndị agha Naịjirịa ",37.99748317572203,False
afrifact_data_culture_igbo_253,igbo,"Nwankwo Kanu abụghị onye nwe igwe onyonyo nke Kanu Sports, ụlọ ọrụ igwe onyonyo egwuregwu Ịntanetị.",refutes,"Ọ bụkwa onye nwe igwe onyonyo nke Kanu Sports, ụlọ ọrụ igwe onyonyo egwuregwu Ịntanetị.",afrifact_data_culture_igbo_255,igbo,"Ọ bụkwa onye nwe igwe onyonyo nke Kanu Sports, ụlọ ọrụ igwe onyonyo egwuregwu Ịntanetị.",104.05081695232987,False
afrifact_data_culture_yoruba_703,yoruba,Orílẹ̀-èdè Nàìjíríà jẹ́ mímọ̀ fún àwọn àṣà ní mèremère.,nei,"Nàìjíríà bẹ̀rẹ̀ sí ní lọ owó náírà ní ọjọ́ kìíní oṣù kìíní ọdún 1973, wọ́n pààrọ̀ owó tí Nàìjíríà ń lò tẹ́lẹ̀. Owó yìí ni Pọ́nhùn kan(£1) tí a ṣe sí náírà meji.",afrifact_data_culture_yoruba_595,yoruba,"Ìjàkadì jẹ́ àjọ̀dún àṣà ọlọ́dọọdún ní ìlú Ọ̀fà, ní ìjọba ìpínlẹ̀ Kwara, ní orílẹ̀-èdè , pẹ̀lú èròǹgbà làti ṣe ìgbéga fún àṣà Yorùbá ní orílẹ̀-èdè Nàìjíríà. Gbólóhùn 'Ìjàkadì' ní ìtumọ̀ tirẹ̀, ó túmọ̀ sí 'Ìjà ká dì mọ́ra ẹni' èyí tí ó ní ipa pàtàkì nínú ìtàn ìlú Ọ̀fà.",29.56229007907175,False
afrifact_data_culture_hausa_010,hausa,An haifi shehu Shagari a watan Mayu na shekarar 1960.,refutes,"An haife shi a ranar ashirin da biyar 25 ga watan Fabrairu, shekara ta alif ɗari tara da ashirin da biyar 1925 a garin , (a yau ) , ya kuma rasu ne a ranar ashirin da takwas 28 ga watan Disamba, shekara ta dubu biyu da sha takwas 2018 bayan jinya da gajeriyar rashin lafiya da yayi a wani asibiti dake",afrifact_data_culture_hausa_007,hausa,"Shehu Shagari ya zama a watan Oktoban shekara ta alif dari tara da Saba'in da tara (1979), inda yayi mulki har zuwa Disamban shekara ta alif da dari tara da tamanin da uku (1983), wanda sojoji suka kwace mulki a hunnunsa, a jagorancin . Shehu Shagari shine shugaban Najeriya da ya hau mulki ta sanadiyar zaɓe na farko.",20.05487078524178,False
afrifact_data_culture_yoruba_564,yoruba,"Ní ọdún 2006, àpapọ̀ iye enìyàn tó wà ní Àgbádárìgì jẹ́ 241,093 gẹ́gẹ́ bí ètò ìkànìyàn.",supports,"Gẹ́gẹ́bí àkọsílẹ̀ ètò ìkànìyàn ọdún 2006, àpapọ̀ iye enìyàn tó wà ní Àgbádárìgì jẹ́ 241,093.",afrifact_data_culture_yoruba_563,yoruba,"Gẹ́gẹ́bí àkọsílẹ̀ ètò ìkànìyàn ọdún 2006, àpapọ̀ iye enìyàn tó wà ní Àgbádárìgì jẹ́ 241,093.",107.38548753293323,False
afrifact_data_culture_yoruba_272,yoruba,Iṣẹ́ ẹrú ni Abass Williams ṣe títí tó fi kú láìní àkójọ kankan.,refutes,"Agbegbe Ọfin ni isalẹ Eko nilu Eko ni William Abass tẹdo si nigba to ti orilẹede Portugal de, ti ọpọ arọmọdọmọ rẹ to wa nisalẹ Eko lonii si n jẹ Williams, nigba tawọn miran pa orukọ mejeeji pọ, William Abass. Lẹyin naa lo tun lọ tẹdo silu Badagry laarin ọdun 1830, nibiti owo ẹru ti gbilẹ, to si mọ ilu naa bii atẹlẹwọ rẹ nitori o sunmọ ilu Porto Novo to ti se ẹru tẹlẹ. William Abass n sisẹ owo ẹru lọ pẹlu ọga rẹ ni Brazil, to si n fi ọpọ ẹrun ransẹ si onitọun, ti oun naa si n ni owo ati ọrọ lati ipasẹ okoowo ẹru naa. Pẹlu atilẹyin ọga rẹ, William Abass kọ ibudo nla kan silu Badagry ti wọn pe ni Brazillian Barracoon eyi ti wọn kọkọ fi ọparun kọ lọdun 1840.",afrifact_data_culture_yoruba_275,yoruba,"Itan aye Ọba Seriki Ifaremilekun Abass Williams Fagbemi: Abule Joga-Orile lagbegbe ilu Ilaro nipinlẹ Ogun bayii ni wọn ti bi Ifaremilekun, ti orukọ baba rẹ si n jẹ Fagbemi. Olowo ẹru kan nilu Dahomey ti orukọ rẹ n jẹ Abass si lo mu lẹru lasiko ogun Dahomey ati Egba nigba to wa ni ọmọ ọdun mẹfa, to si pa orukọ rẹ da si ti ọga rẹ. Idi si ree to fi n jẹ Ifaremilẹkun Fagbemi Abass. 'Oyenusi ló mú mi wọ ẹgbẹ́ adigunjalè kó tó di pé mo b'Ólúwa pàdé' Lẹyin naa ni wọn ta soko ẹru fun oyinbo Brazil kan to n jẹ Williams, ẹni to gbe Seriki Abass lọ sorilẹede Brazil lati lọ se ọmọ ọdọ rẹ. Ni kete to si de silẹ Brazil ni ọga rẹ yii tun yi orukọ rẹ pada si Williams nitori ẹru ko ni idamọ kankan to yatọ si ti olowo rẹ. Brazil ni William Abass ti mọọkọ-mọọka ninu ede Dutch tilẹ Netherlands, bakan naa lo gbọ ede oyinbo, Spanish ati pọtugi.",36.85197439119371,False
afrifact_data_culture_igbo_151,igbo,Ndị Ideato South abụghịkwa ndị ahịa.,refutes,Ha bụkwa ndị ahịa.,afrifact_data_culture_igbo_154,igbo,Ndị Ideato South bụ ndị ọrụ ugbo na-emepụta ihe ụgbọ a na-ere ere nakwa nke a na-eri eri.,21.369503199059892,False
afrifact_data_culture_igbo_702,igbo,Ndị omeiwu Naịjirịa kwadoro onyeisiala bụ Buhari ibite egoijeri dọla iri abụọ na abụọ na ụma asaa.,supports,Akụkọ ndị dị mkpa taa: Ndị ụlọomeiwu etinyela aka n'akwụkwọ ịkwado ka onyeisiala Buhari bite ego dị ijeri dọla iri abụọ na abụọ na ụma asaa. Ha mere nke a n'ụbọchị Tọzde na ngwụcha nrụrịtaụka dapụtara n'etiti ha banyere ego ahụ.,afrifact_data_culture_igbo_699,igbo,Akụkọ ndị dị mkpa taa: Ndị ụlọomeiwu etinyela aka n'akwụkwọ ịkwado ka onyeisiala Buhari bite ego dị ijeri dọla iri abụọ na abụọ na ụma asaa. Ha mere nke a n'ụbọchị Tọzde na ngwụcha nrụrịtaụka dapụtara n'etiti ha banyere ego ahụ.,45.712181931153516,False
afrifact_data_culture_hausa_251,hausa,Masanin tarihin abinci da aikin gona James C. McCann ya ba da shawarar cewa tasa shinkafar ta yaɗu tare da masarautar Mali,supports,"Masanin tarihin abinci da aikin gona James C. McCann yayi la'akari da wannan ikirarin mai yiwuwa idan aka yi la’akari da shaharar shinkafa a cikin kwarin Niger ta sama, amma yana ganin ba zai yuwu tasa ta iya yaɗuwa daga Senegal zuwa inda take yanzu tunda ba a ganin irin wannan yaɗuwar a cikin “harshe, tsarin siyasa ko tarihi "". Maimakon haka ya ba da shawarar cewa tasa ta yaɗu tare da masarautar Mali, musamman masu sana'ar Djula waɗanda suka bazu ko'ina zuwa cibiyoyin kasuwanci da biranen yanki, tare da ɗaukar fasahar tattalin arziƙin ""ƙera, ƙaramin sikelin, da agronomy shinkafa"" gami da addini. na Musulunci.",afrifact_data_culture_hausa_249,hausa,"Masanin tarihin abinci da aikin gona James C. McCann yayi la'akari da wannan ikirarin mai yiwuwa idan aka yi la’akari da shaharar shinkafa a cikin kwarin Niger ta sama, amma yana ganin ba zai yuwu tasa ta iya yaɗuwa daga Senegal zuwa inda take yanzu tunda ba a ganin irin wannan yaɗuwar a cikin “harshe, tsarin siyasa ko tarihi "". Maimakon haka ya ba da shawarar cewa tasa ta yaɗu tare da masarautar Mali, musamman masu sana'ar Djula waɗanda suka bazu ko'ina zuwa cibiyoyin kasuwanci da biranen yanki, tare da ɗaukar fasahar tattalin arziƙin ""ƙera, ƙaramin sikelin, da agronomy shinkafa"" gami da addini. na Musulunci.",71.47372003651185,False
afrifact_data_culture_hausa_756,hausa,Shirin nukiliya na ƙasar irn shi ne babban dalilin da yasa Amurka ke yawan saka mata takunkumin tallalin arziƙi.,supports,"A bara ne Mista Trump ya yi watsi da yarjejeniyar nukiliyar Iran ta kasa da kasa, kuma Amurka ta sake kakaba musu takunkuman tattalin arziki.",afrifact_data_culture_hausa_721,hausa,"Wata kididdiga da aka fitar a watan Maris din bana ta nuna cewa Najeriya ce ta fi yawan mutanen da ke dauke da wannan cuta a duniya, inda kimanin mutum 91,011 ke fama da ita. Yankin arewacin kasar ne kuma aka fi samun wadanda ke fama da cutar. Kuma ana alakanta rashin gwaji kafin aure ne babban dalilin da ya sa cutar ke yaduwa a kasar.",23.42964090649313,False
afrifact_data_culture_hausa_182,hausa,Shinkafa da wake da masara na daga cikin kayan abincin da aka fi nomawa loƙacin rani.,nei,"Fiye da mutane miliyan 30 suka sami abin biyan buƙatunsu daga Tafkin Chadi ta hanyar kamun kifi, kiwon jari kai tsaye da kuma noma.",afrifact_data_culture_hausa_268,hausa,"Ana haɗa shi da ko miyar taushe ko miyar wajen ci. . Wato tuwon shinkafa yana ɗaya daga cikin abincin gargajiya, saboda shi ma akan haɗa shi da garin masara wani sa’in. Amma mafi akasari wasu ba sa sa wa, sannan sunan tuwon shinkafa ya samo asali ne daga shinkafar da ake yinsa da ita.",27.30799977747548,False
afrifact_data_culture_yoruba_741,yoruba,"Nígbà tí Olúwọlé máa kú, gbogbo ẹran ara rẹ̀ ló fọ́nká yẹ́lẹyẹ̀lẹ.",supports,"Olúwọlé kú lọ́dún 1841 nígbà tí sísán àrá fàá tí àgbá àdó-olóró l'áàfin Ọba fi dún gbàmù. Gbogbo ẹran ara Olúwọlé ló fọ́n túká káàkiri, débi pé ilẹ̀kẹ̀ oyè rẹ̀ ní kan ni wọ́n fi dá a mọ̀.",afrifact_data_culture_yoruba_742,yoruba,"Olúwọlé kú lọ́dún 1841 nígbà tí sísán àrá fàá tí àgbá àdó-olóró l'áàfin Ọba fi dún gbàmù. Gbogbo ẹran ara Olúwọlé ló fọ́n túká káàkiri, débi pé ilẹ̀kẹ̀ oyè rẹ̀ ní kan ni wọ́n fi dá a mọ̀.",44.98989296238775,False
afrifact_data_culture_yoruba_639,yoruba,"Àwọn ìjọ onígbàgbọ́ ọlọ́kan-ò-jọ̀kan ní orísìírísìí ìtumọ̀ fún Bíbélì, a sì rí ipa èyí nínú ìyàtọ̀ tí ó wà nínú ìlànà ẹ̀sìn tí ìjọ kọ̀ọ̀kan ní.",supports,Onírúurú ìjọ onìgbàgbọ́ ló ní orísìírísìí ìtumọ̀ fún bibeli torí ìdí eyi onírúrú ìlànà èsìn ni ìjọ kọ̀ọ̀kan ní. Àtí pé ìgbàgbọ wọn nípa ohun tí Jésù jẹ́ yàtọ̀ díèdíẹ̀ síbèsíbè gbogbo wọn gbà pé olùgbàlà ni Jésù.,afrifact_data_culture_yoruba_638,yoruba,Onírúurú ìjọ onìgbàgbọ́ ló ní orísìírísìí ìtumọ̀ fún bibeli torí ìdí eyi onírúrú ìlànà èsìn ni ìjọ kọ̀ọ̀kan ní. Àtí pé ìgbàgbọ wọn nípa ohun tí Jésù jẹ́ yàtọ̀ díèdíẹ̀ síbèsíbè gbogbo wọn gbà pé olùgbàlà ni Jésù.,62.015175534046634,False
afrifact_data_culture_hausa_374,hausa,"A al’adar Hausawa a wasu yankuna, ana gudanar da raɗin suna ne a kwanaki bakwai bayan haihuwa",nei,Ga Maguzawan da ke gundumar Kwatarkwashi ta Jihar Zamfara waɗanda ke bautar Magiro a garuruwansu na da ba su da wata tsayayyar rana wadda suke raɗa wa ‘ya’yansu suna. A al’adar waɗannan mutane ba a raɗa wa yaro suna sai lokacin da ake da damar yin sunan ko da kuwa bayan shekaru ne. A wurinsu mutum yana iya haɗa ‘ya’yansa da yawa tun daga na ɗaya ko fiye da ɗaya don ya yi masu suna a rana ɗaya.,afrifact_data_culture_hausa_375,hausa," A al’adar kaina-fara, mutanen Birchi waɗanda ke zaune a ƙauyen Goda ta ƙasar Birchi a ƙaramar Hukumar Kurfi ta Jihar Katsina, idan mace ta haihu ba ta da damar fita daga ɗakinta, sai bayan kwanaki arba’in, don kuwa a wurinsu wannan ita ce ranar da ake raɗa wa abin da aka haifa suna. A wannan rana, sai dattawa misalin su goma su taru a gidan da aka yi haihuwar. ",28.419404951935274,False
afrifact_data_culture_hausa_173,hausa,Aminu Bello Masari ya yi kwamishina a jihar Katsina loƙacin mulkin soja daga shekarar alif 1991 zuwa 1993.,supports,Ya riƙe muƙamin Kwamishinan ayyuka da muhalli da kuma sufuri na Jihar Katsina a tsakanin shekarar 1991 zuwa 1993 a lokacin mulkin Soja,afrifact_data_culture_hausa_172,hausa,Ya riƙe muƙamin Kwamishinan ayyuka da muhalli da kuma sufuri na Jihar Katsina a tsakanin shekarar 1991 zuwa 1993 a lokacin mulkin Soja,51.39034184199348,False
afrifact_data_culture_igbo_171,igbo,Mmiri na-agba na mpaghara anyị ruru inyi.,nei,"Ọ sị na ""ọ bụ mmiri ndị mmadụ gbapere na be ha ka ha na-aṅụkarị.""",afrifact_data_culture_igbo_282,igbo,"Ọ bụ ọdọ mmiri kachasị ukwuu di na Imo , Ndịda Ọwụwa Anyanwụ ; n'ime mpaghara mmiri ozuzo nke Niger . ",12.843484035620758,False
afrifact_data_culture_hausa_434,hausa,Abubakar Gumi mutun ya kasance daya daga cikin malaman Izala da ake alfahari da su.,nei,"Gumi ya fito a matsayin shugaba mai faɗa a ji a lokacin mulkin mallaka, inda yake ganin tsarin mulkin kai tsaye ya raunana ƙarfin addini na sarakuna da kuma karfafa Turawan Yamma.",afrifact_data_culture_hausa_150,hausa,Ya kasance Shugaban kwamitin kudi na Jam’iyyar a lokacin da aka kafa ta sannan kuma daya daga cikin ‘yan takarar ta na shugaban kasa.,19.260994256118224,False
afrifact_data_culture_yoruba_035,yoruba,Coronavirun kò ṣe àkóbá kankan fún ètò ọrọ̀-ajé.,refutes,"Ṣugbọn, onimọ kan nipa ọrọ aje, Gbadamosi Olusola, to jẹ Igbakeji Aarẹ Ẹgbẹ awọn onimọ ọrọ aje ati iṣiro ni Naijiria, sọ fun BBC pe, idẹrun ọlọjọ diẹ ni yoo mu wa fun araalu. Eyi ko ṣẹyin bi coronavirus ṣe ti ṣakoba fun ọrọ aje. Oore wo ni titi bọda ṣe fun Naijiria? Ọgbẹni Gbadamosi Olusola ṣalaye pe ko si anfaani kankan ti Naijiria jẹ lara titi awọn ẹnu ibode, nitori pe iṣẹ fayawọ lọ soke si, ti ko si tun si ayipada lori ọrọ eto aabo.",afrifact_data_culture_yoruba_036,yoruba,"Ṣugbọn, onimọ kan nipa ọrọ aje, Gbadamosi Olusola, to jẹ Igbakeji Aarẹ Ẹgbẹ awọn onimọ ọrọ aje ati iṣiro ni Naijiria, sọ fun BBC pe, idẹrun ọlọjọ diẹ ni yoo mu wa fun araalu. Eyi ko ṣẹyin bi coronavirus ṣe ti ṣakoba fun ọrọ aje. Oore wo ni titi bọda ṣe fun Naijiria? Ọgbẹni Gbadamosi Olusola ṣalaye pe ko si anfaani kankan ti Naijiria jẹ lara titi awọn ẹnu ibode, nitori pe iṣẹ fayawọ lọ soke si, ti ko si tun si ayipada lori ọrọ eto aabo.",22.98640627218927,False
afrifact_data_culture_yoruba_425,yoruba,Ẹgbẹ́ agbábọ́ọ̀lù Chelsea kò sí lára àwọn ẹgbẹ́ tó darapọ̀ mọ́ líìgì tuntun náà.,refutes,"Iroyin naa burẹkẹ sii pẹlu bi awọn agba ọjẹ ẹgbẹ agbabọọlu mẹfa lati liigi Premiership ni ilẹ Gẹẹsi ṣe kede ati darapọ mọ liigi tuntun naa. Awọn ẹgbẹ agbabọọlu mẹfa naa ni Arsenal, Chelsea, Manchester city, Manchester United, Liverpool ati Tottenham. Bawo lọrọ naa ṣe bẹrẹ? Ni oṣu kẹwaa, ọdun to kọja ni igbesẹ kọkọ bẹrẹ pẹlu ijiroro to lọwọ ileeṣẹ iṣuna kan ti orukọ rẹ n jẹ JP Morgan ninu. Koko apero naa ni lati gbe idije kan kalẹ lati rọpo idije Champions League ni ilẹ Yuroopu ti owo ori rẹ yoo si to biliọnu mẹfa o le ẹgbẹta miliọnu pọun. Ajọ UEFA gbe igbesẹ lati gbe idije Champions League tuntun pẹlu awọn ẹgbẹ agbabọọlu mẹrindinlogoji.",afrifact_data_culture_yoruba_421,yoruba,"Iroyin naa burẹkẹ sii pẹlu bi awọn agba ọjẹ ẹgbẹ agbabọọlu mẹfa lati liigi Premiership ni ilẹ Gẹẹsi ṣe kede ati darapọ mọ liigi tuntun naa. Awọn ẹgbẹ agbabọọlu mẹfa naa ni Arsenal, Chelsea, Manchester city, Manchester United, Liverpool ati Tottenham. Bawo lọrọ naa ṣe bẹrẹ? Ni oṣu kẹwaa, ọdun to kọja ni igbesẹ kọkọ bẹrẹ pẹlu ijiroro to lọwọ ileeṣẹ iṣuna kan ti orukọ rẹ n jẹ JP Morgan ninu. Koko apero naa ni lati gbe idije kan kalẹ lati rọpo idije Champions League ni ilẹ Yuroopu ti owo ori rẹ yoo si to biliọnu mẹfa o le ẹgbẹta miliọnu pọun. Ajọ UEFA gbe igbesẹ lati gbe idije Champions League tuntun pẹlu awọn ẹgbẹ agbabọọlu mẹrindinlogoji.",29.414812881121435,False
afrifact_data_culture_igbo_374,igbo,ECOWAS họpụtara Ike Ekweremadu dị ka onye ndu kọmitii pụrụ iche iji rụ ọrụ maka nlọghachi usoro iwu,supports,"ECOWAS [ | ] N'ọnwa Septemba afọ 2009, a họpụtara ya ka ọ na-edu kọmitii pụrụ iche nke Economic Community of West African States (ECOWAS) iji rụọ ọrụ maka nlọghachi usoro iwu na .",afrifact_data_culture_igbo_376,igbo,"ECOWAS [ | ] N'ọnwa Septemba afọ 2009, a họpụtara ya ka ọ na-edu kọmitii pụrụ iche nke Economic Community of West African States (ECOWAS) iji rụọ ọrụ maka nlọghachi usoro iwu na .",70.23336809871145,False
afrifact_data_culture_yoruba_642,yoruba,"Bíbélì wípé gbogbo ènìyàn ló ti ṣẹ̀, tí ó sì tì kùnà ògo Ọlọ́run.",supports,Nígbàtí májẹ̀mú títun n ṣe àmúşę ohun tí màjèmú làìlàì sọ. Bíbélì fìdí rẹ múlè pé gbogbo ènìyàn ní ó sá ti ṣè tí ó sì ti kùnà ògo Ọlọrun (Romu 3:23). Èyí ni láti sọ pe ẹlẹ́sẹ̀ ni gbogbo ọmọ adárí hurun.,afrifact_data_culture_yoruba_637,yoruba,Nígbàtí májẹ̀mú títun n ṣe àmúşę ohun tí màjèmú làìlàì sọ. Bíbélì fìdí rẹ múlè pé gbogbo ènìyàn ní ó sá ti ṣè tí ó sì ti kùnà ògo Ọlọrun (Romu 3:23). Èyí ni láti sọ pe ẹlẹ́sẹ̀ ni gbogbo ọmọ adárí hurun.,39.07439662467595,False
afrifact_data_culture_hausa_270,hausa,Tuwon kyakkyawan abunci ne mai laushi aka shirya daga shinkafa ta gida wanda yake da taushi,supports,"__LEAD_SECTION__ [ | ] Tuwon wani nau'in abinci ne kuma ana kawo shinkafar daga , da arewacin Najeriya. Kyakkyawan abunci ne mai laushi aka shirya daga shinkafa ta gida wanda yake da taushi kuma mai mannewa, kuma yawanci ana ba da shi tare da nau'ikan miya daban-daban kamar da .",afrifact_data_culture_hausa_265,hausa,"__LEAD_SECTION__ [ | ] Tuwon wani nau'in abinci ne kuma ana kawo shinkafar daga , da arewacin Najeriya. Kyakkyawan abunci ne mai laushi aka shirya daga shinkafa ta gida wanda yake da taushi kuma mai mannewa, kuma yawanci ana ba da shi tare da nau'ikan miya daban-daban kamar da .",73.14816455777303,False
afrifact_data_culture_hausa_167,hausa,Bashir Ahmad ne ya sanar da komawar Bello Matawalle zuwa jam'iyyar APC ranar 27 ga watan Yuni.,supports,"A ranar 27 ga watan Yuni, mai taimaka wa shugaban kasa kan harkokin yada labarai Bashir Ahmad ya ce Matawalle ya koma APC.",afrifact_data_culture_hausa_164,hausa,"A ranar 27 ga watan Yuni, mai taimaka wa shugaban kasa kan harkokin yada labarai Bashir Ahmad ya ce Matawalle ya koma APC.",57.84317270012263,False
afrifact_data_culture_hausa_373,hausa,"A cikin Maguzawan Zamfara, iyalai na yin raɗin suna ga yaro ko ba a shirya ba",supports,Ga Maguzawan da ke gundumar Kwatarkwashi ta Jihar Zamfara waɗanda ke bautar Magiro a garuruwansu na da ba su da wata tsayayyar rana wadda suke raɗa wa ‘ya’yansu suna. A al’adar waɗannan mutane ba a raɗa wa yaro suna sai lokacin da ake da damar yin sunan ko da kuwa bayan shekaru ne. A wurinsu mutum yana iya haɗa ‘ya’yansa da yawa tun daga na ɗaya ko fiye da ɗaya don ya yi masu suna a rana ɗaya.,afrifact_data_culture_hausa_378,hausa,Ga Maguzawan da ke gundumar Kwatarkwashi ta Jihar Zamfara waɗanda ke bautar Magiro a garuruwansu na da ba su da wata tsayayyar rana wadda suke raɗa wa ‘ya’yansu suna. A al’adar waɗannan mutane ba a raɗa wa yaro suna sai lokacin da ake da damar yin sunan ko da kuwa bayan shekaru ne. A wurinsu mutum yana iya haɗa ‘ya’yansa da yawa tun daga na ɗaya ko fiye da ɗaya don ya yi masu suna a rana ɗaya.,37.93639947834632,False
afrifact_data_culture_hausa_479,hausa,Sallah ta na cika ne idan mutum ya karanta fatiha a cikin kowacce raka'a.,nei,"tar zai karanta wasu ayoyi daga cikin Ƙur'ani, da yabon Allah da kuma addu'o'i. Kalmar Sallah dai ana fassara ta da bauta, amma kalmar na nufin addu'a ne, shiyasa ma'anar keda rikitarwa. Musulmai na amfani da kalmar "" ",afrifact_data_culture_hausa_478,hausa,"tar zai karanta wasu ayoyi daga cikin Ƙur'ani, da yabon Allah da kuma addu'o'i. Kalmar Sallah dai ana fassara ta da bauta, amma kalmar na nufin addu'a ne, shiyasa ma'anar keda rikitarwa. Musulmai na amfani da kalmar "" ",23.24885928481322,False
afrifact_data_culture_hausa_033,hausa,An gina sababbin filayen ƙwallon kafa a Lagos zamanin mulkin Sani Abacha.,nei,"Sani Abacha shugaban ƙasar ne daga watan Nuwamba, a shekarar alif da ɗari tara da chasa'in da uku 1993, zuwa watan Yuni shekarar alif ɗari tara da chasa'in da takwas 1998",afrifact_data_culture_hausa_236,hausa,"An kafa kasuwar Kurmi a cikin karni na goma sha biyar (15) a matsayin cibiyar kasuwanci da adana kayayyaki don cigaban kasuwanci a cikin birni, sakamakon fadada kasuwancin yanki da Sahara. An Kuma gina ta a cikin gundumar Jakara na cikin birni. ",17.444179648879636,False
afrifact_data_culture_yoruba_469,yoruba,"Bákan náà ni Aláàfin kọ lẹ́ta sí Ààrẹ Muhammadu Buhari lórí ètò ààbò nílẹ̀ Yorùbá, nínú èyí tó ti sọ fún Ààrẹ pé kó fi òpin sí bí àwọn kan ṣe nh kọlu ilẹ̀ Yorùbá.",nei,"Bakan naa ni Minisita fun idagbasoke awọn ọdọ ati ere idaraya ni Naijiria, Sunday Dare ti ki Alaafin ku oriire aadọta ọdun lori itẹ. Ninu ọrọ ikini to fi sita, Ọgbẹni Dare ṣapejuwe Ọba Adeyẹmi gẹgẹ bi ẹni to n mu iṣọkan wa nilẹ Yoruba, to tun n gbe aṣa larugẹ. O ni kii ṣe idagbasoke, iduroṣinṣin ati ilọsiwaju nikan ni asiko rẹ ti mu wọ ipinlẹ Ọyọ, amọ o tun mu ki iṣọkan, ifẹ ati ireti jọba ni ipinlẹ naa ati Naijiria lapapọ. Wo ọ̀pọ̀ àṣeyọrí tí Aláàfin ṣe láti àádọ́ta ọdún tó ti jọba Yoruba ni ariṣe larika, arika si ni baba iregun. O pe aadọta ọdun ti Ọba Lamidi Adeyẹmi kẹta ti di Alaafin ilu Ọyọ, ko si ṣe e ṣe lati ṣami ajọdun naa lai tọka si diẹ lara awọn nnkan aritọkasi to gbe ṣe. Ta ba ni ka maa ka ni eni, eji, ilẹ kun nidi ọpọ aseyọri ti Alaafin ti gbe se ori oye, amọ diẹ lara awọn aseyọri naa ree, se bi ọmọ ko ba ba itan, yoo ba arọba.",afrifact_data_culture_yoruba_444,yoruba,"Igboho lo sọ ọrọ naa nibi ipade kan ti Ọjọgbọn Banji Akintoye, to jẹ aṣiwaju nilẹ Yoruba naa wa. O ṣalaye pe ko si nnkankan to n jẹ iṣọkan Naijiria mọ lẹyin ti eto abo ilẹ Yoruba mẹhẹ, ti ijọba apapọ ko si ri ohun kankan ṣe nipa rẹ. Bakan naa lo tun ṣalaye pe oun atawọn ikọ oun ti ṣetan lati koju awọn ọdaran Fulani lọna ati le wọn kuro ni gbogbo ilẹ Yoruba patapa. Gẹgẹ bo ṣe sọ, ""a o lọ ṣi awọn ẹnu ibode wa ti ijọba apapọ ti pa, a o si ṣigbogbo rẹ ki ounjẹ le maa wọle."" ""A kii ṣe ara Naijiria mọ, ọlọpaa ti wọn ba bi daa, ko da wa lọna tabi ko gbiyanju lati mu ẹnikẹni ninu wa, igba yẹn ni wọn yoo mọ pe ẹnu Yoruba ko."" Igboho sọ pe ko si anfani kankan ti ẹya Yoruba n ri ninu Naijiria gẹgẹ bii orilẹ-ede nitori gbogbo ipo to ṣe pataki ninu ijọba to wa lode yii ni Hausa n ṣakoso. O pari ọrọ rẹ pe digbi ni oun wa lẹyin awọn agbagba Yoruba lori igbesẹ wọn lati gba ominira kuro ni Naijiria.",62.63274711942601,False
afrifact_data_culture_hausa_612,hausa,Maguzawa na amfani da kayan al'adu don mallakar aljanu kafin zuwan musulunci.,supports,"Ana daurawa kayan kidan wasu abubuwan al’adu daban-daban na yankin Sahel kafin zuwan Musulunci, don mallakar aljanu, kamar al’adun da Hauka na Maguzawan Hausawa, Zarma, Borori, da Songhay.",afrifact_data_culture_hausa_607,hausa,"Ana daurawa kayan kidan wasu abubuwan al’adu daban-daban na yankin Sahel kafin zuwan Musulunci, don mallakar aljanu, kamar al’adun da Hauka na Maguzawan Hausawa, Zarma, Borori, da Songhay.",56.30971518410443,False
afrifact_data_culture_igbo_189,igbo,Ọ nweghịzị onye bi n'Ọ̀hà Rivas.,nei,"N'ịme Naijirịa, ndị Ìgbò bi na steeti dum. ",afrifact_data_culture_igbo_192,igbo,Ọ bụkwa ndi Ìgbò bi na ebe ugwu nke Ọ̀hà Delta na Ọ̀hà Rivas.,29.24570518458087,False
afrifact_data_culture_igbo_224,igbo,Dr Tedros kwuru na ụfọdụ mba enweghị ndị ọrụ doro anya.,supports,"O kwuru na ụfọdụ mba enweghị ndị ọrụ doro anya , ụfọdụ obodo enweghị ihe ọ ga-eri, ebe mba ụfọdụ enweghị mkpebi obi ime ihe kwesịrị.""",afrifact_data_culture_igbo_225,igbo,"O kwuru na ụfọdụ mba enweghị ndị ọrụ doro anya , ụfọdụ obodo enweghị ihe ọ ga-eri, ebe mba ụfọdụ enweghị mkpebi obi ime ihe kwesịrị.""",48.27035005837767,False
afrifact_data_culture_hausa_410,hausa,Musulmai suna gudanar da sallar kullum sau biyar don nuna biyayya ga koyarwar Alƙur’ani.,nei,"al-Islām , Turanci: Islam) Shine shaidawa babu abun bautawa da gaskiya sai , kuma (S A W) bawan Allah ne kuma manzon Allah ne. Addinin yana da alaƙa da kuma ya ƙunshi hukunce hukunce daga da kuma koyarwar Manzon tsira wanda shine ya zo da littafin sannan akwai aƙalla mabiya addinin mutum biliyan ɗaya da ɗugo tara (1.9B).",afrifact_data_culture_hausa_520,hausa,"Musulmai suna amfani da alƙur, ani wanda ya zo ta hanyar manzon Allah (SAW) a matsayin littafi mai tsarki.",27.163646712855158,False
afrifact_data_culture_hausa_815,hausa,An yi hasashen cewa fitar 'yan majalisu da gwamnoni daga jam'iyyar APC na iya zama barazana ga nasarar Muhammadu Buhari a zaɓen shekarar 2015.,refutes,"Masharhanta salon siyasar Najeriya na ganin ficewar 'yan majalisa da kuma wasu gwamnonin APC, babban al'amari ne da zai iya raunata matsayin Shugaba Muhammadu Buhari a majalisar dokoki, kuma wata babbar barazana ce ga takararsa a zaben 2019.",afrifact_data_culture_hausa_002,hausa,"Muhammadu Buhari (17 Disamba 1942 – 13 Yuli 2025) ne wanda ya yi mulkin ƙasar a matsayin daga 2015 zuwa 2023. Soja ne mai matsayi na majo janar a , kuma ya shugabanci ƙasar a matsayin daga 31 Disamba 1983 zuwa 27 Agusta 1985. Buhari ya tsaya takarar shugaban ƙasa a Najeriya a ƙarƙashin jam’iyyar a zaɓen shugaban ƙasa na 2003 da na 2007, sannan kuma a ƙarƙashin jam’iyyar Congress for Progressive Change (CPC) a zaɓen shugaban ƙasa na 2011",38.9448770832348,False
afrifact_data_culture_igbo_122,igbo,Akara Nollywood nwere ike itolite na ịgbasị ike site n'ihe nkiri na-atọ ọchị.,supports,"Na iga na ihụ, ihe nkiri na-atọ ọchị nwe kwa ike ịtọlite ma guzosie ​​akara Nollywood ike.",afrifact_data_culture_igbo_121,igbo,"Na iga na ihụ, ihe nkiri na-atọ ọchị nwe kwa ike ịtọlite ma guzosie ​​akara Nollywood ike.",55.48480053809336,False
afrifact_data_culture_yoruba_392,yoruba,"Àwọn tó ṣe màgòmágó nínú ètò ìdìbò ọdún 2019 fara ire lọ, láì gba ìdájọ́ tó yẹ, bẹ́ẹ̀ sì ni ilé-ẹjọ́ ò rí ohunkóhun ṣe sí àṣìṣe INEC.",refutes,"Orji Uzor Kalu - Delta Ile ẹjọ to n gbọ ẹjọ ẹsun to ni i se pẹlu idibo sile igbimọ aṣofin ni ipinlẹ Delta naa tun ti wọgile ibo to gbe Orji Uzor Kalu wọle. Orji ni ẹni to jẹ gomina ana nipinle ọhun. Nigba ti o n ṣedajọ rẹ lọjọ Aje, igbimọ ẹlẹni mẹta ti adajọ I. P. C Igwe n dari ni olupẹjọ, Mao Ohuabunwa ti fi idi ẹjọ to pe mulẹ. Saaju ni olupẹjọ ti rọ ile ẹjọ naa lati wọgile ibo to gbe ọgbẹni Kalu wọle, nitori ko wa pẹlu ibamu ofin to ni i ṣe pẹlu ọrọ eto idibo ti ọdun 2010. Ohabunwa sọ fun ile ẹjọ pe, INEC yọ awọn ibo kan ṣeyin nigba ti wọn fẹ ka ibo naa, ati pe, ọpọlọpọ eeyan to yẹ ki wọn dibo ni ajọ INEC ko gba laaye lati dibo. Leyin atotonu olupẹjọ ati olujẹjọ ni adajọ ọhun da ibo naa nu, to wa paṣe pe ki wọn tun ibo naa di ni awọn agbegbe kan laarin oṣu mẹta. Orji ni ẹni to jẹ gomina ana nipinle ọhun. Dino Melaye -Kogi Lara awọn ti ile ẹjọ to n gbẹsun idibo da pada sile ni Sẹnetọ Dino Melaye to n soju ẹkun idibo iwọ oorun ipinlẹ Kogi. Ikọ ẹlẹni mẹta to n risi ipẹjọ ti adajọ A.O Chijioke n dari lo ṣedajọ naa lọjọ kẹtalelogun, oṣu kejọ ọdun yii. Adajọ naa wa paṣẹ fun ajọ INEC lati tun ibo naa di laarin aadọrun un ọjọ. Sugbọn Sẹnetọ Melaye ti ni ti adajọ ni o n sọ, oun yoo pe ejọ kotẹmilọrun. Lazarus Ogbe - Ebonyi Ile ẹjọ to n ṣegbẹjọ ẹsun idibo ni Abakaliki ti ni ki ọgbẹni Lazarus Ogbe, ọmọ ẹgbẹ PDP to n soju ẹkun guusu Ezza kẹru rẹ kuro nile aṣoju l'Abuja pada sile. O ni ki ẹni ti wọn kede ni ipinlẹ Ebonyi yii kuro ni ipo naa nitori naa lo ṣe da ibo to gbe e wọle nu. Ile ẹjọ naa kede Chinedu Ogah, lati ẹgbẹ APC, gẹgẹ bi ojulowo ẹni to jawe olubori ninu idibo naa.",afrifact_data_culture_yoruba_393,yoruba,"Orji Uzor Kalu - Delta Ile ẹjọ to n gbọ ẹjọ ẹsun to ni i se pẹlu idibo sile igbimọ aṣofin ni ipinlẹ Delta naa tun ti wọgile ibo to gbe Orji Uzor Kalu wọle. Orji ni ẹni to jẹ gomina ana nipinle ọhun. Nigba ti o n ṣedajọ rẹ lọjọ Aje, igbimọ ẹlẹni mẹta ti adajọ I. P. C Igwe n dari ni olupẹjọ, Mao Ohuabunwa ti fi idi ẹjọ to pe mulẹ. Saaju ni olupẹjọ ti rọ ile ẹjọ naa lati wọgile ibo to gbe ọgbẹni Kalu wọle, nitori ko wa pẹlu ibamu ofin to ni i ṣe pẹlu ọrọ eto idibo ti ọdun 2010. Ohabunwa sọ fun ile ẹjọ pe, INEC yọ awọn ibo kan ṣeyin nigba ti wọn fẹ ka ibo naa, ati pe, ọpọlọpọ eeyan to yẹ ki wọn dibo ni ajọ INEC ko gba laaye lati dibo. Leyin atotonu olupẹjọ ati olujẹjọ ni adajọ ọhun da ibo naa nu, to wa paṣe pe ki wọn tun ibo naa di ni awọn agbegbe kan laarin oṣu mẹta. Orji ni ẹni to jẹ gomina ana nipinle ọhun. Dino Melaye -Kogi Lara awọn ti ile ẹjọ to n gbẹsun idibo da pada sile ni Sẹnetọ Dino Melaye to n soju ẹkun idibo iwọ oorun ipinlẹ Kogi. Ikọ ẹlẹni mẹta to n risi ipẹjọ ti adajọ A.O Chijioke n dari lo ṣedajọ naa lọjọ kẹtalelogun, oṣu kejọ ọdun yii. Adajọ naa wa paṣẹ fun ajọ INEC lati tun ibo naa di laarin aadọrun un ọjọ. Sugbọn Sẹnetọ Melaye ti ni ti adajọ ni o n sọ, oun yoo pe ejọ kotẹmilọrun. Lazarus Ogbe - Ebonyi Ile ẹjọ to n ṣegbẹjọ ẹsun idibo ni Abakaliki ti ni ki ọgbẹni Lazarus Ogbe, ọmọ ẹgbẹ PDP to n soju ẹkun guusu Ezza kẹru rẹ kuro nile aṣoju l'Abuja pada sile. O ni ki ẹni ti wọn kede ni ipinlẹ Ebonyi yii kuro ni ipo naa nitori naa lo ṣe da ibo to gbe e wọle nu. Ile ẹjọ naa kede Chinedu Ogah, lati ẹgbẹ APC, gẹgẹ bi ojulowo ẹni to jawe olubori ninu idibo naa.",46.82901864446873,False
afrifact_data_culture_yoruba_752,yoruba,Nínú àwọn ilẹ̀ omi nìkan ni igi ọ̀gẹ̀dẹ̀ ti lè hù.,refutes,"Kò sí orí ilẹ̀ tí ọ̀gẹ̀dẹ̀ ò ti lè hù, ní bí i 60 centimetres (2.0 ft) sínú ilẹ̀, ó sì fẹ̀ dáadáa. Igi ọ̀gẹ̀dẹ̀ jẹ́ èyí tó máa ń tètè hù nínú gbogbo àwọn igi eléso yòókù.",afrifact_data_culture_yoruba_753,yoruba,"Kò sí orí ilẹ̀ tí ọ̀gẹ̀dẹ̀ ò ti lè hù, ní bí i 60 centimetres (2.0 ft) sínú ilẹ̀, ó sì fẹ̀ dáadáa. Igi ọ̀gẹ̀dẹ̀ jẹ́ èyí tó máa ń tètè hù nínú gbogbo àwọn igi eléso yòókù.",48.74417898505104,False
afrifact_data_culture_yoruba_566,yoruba,"Bí ifá tí a bá dá fún èèyàn bá ṣè aburú nìkan ni ẹbọ rírú ṣe pàtàkì. Àìjẹ́ bẹ́ẹ̀, kò nílò.",refutes,"Ẹbọ rírú se pàtàkì fún ẹni tí a bá dá ifá fún. bí ifá tí a dá fún ènìyàn bá se rere tàbí búbúru, oní tọ̀hùn ni lati rúbọ kí ohun tí ó dá ifá sí náà ó lè baà dará: lọ́nà kìní:- Ẹbọ ifá jẹ́ ounjẹ fún òrìṣà tí ifá bá so wí pé kí á rúbọ, Fun àpẹẹrẹ, tí ènìyàn bá fẹ́ se nǹkan. ti o ba bèrè lọ́wọ́ ifá, wọ́n le sọ pé ki o lọ rubọ fun ògun, Ẹbọ ifá jẹ́ ètùtù pàtàkì nítorí tí Babaláwo bání kí ènìyàn se nǹkan óní láti se é, ki òun pàápàá ólè ba à ni ìgboyà wípé àteégún-àteésà, nítori èyí ní àwọn babaláwo fi máa ńwí fún ẹní tí a ní kí ó rúbọ̣ pé kí ó wá oúnjẹ fún àwọn aládùgbóó rẹ.",afrifact_data_culture_yoruba_567,yoruba,"Ẹbọ rírú se pàtàkì fún ẹni tí a bá dá ifá fún. bí ifá tí a dá fún ènìyàn bá se rere tàbí búbúru, oní tọ̀hùn ni lati rúbọ kí ohun tí ó dá ifá sí náà ó lè baà dará: lọ́nà kìní:- Ẹbọ ifá jẹ́ ounjẹ fún òrìṣà tí ifá bá so wí pé kí á rúbọ, Fun àpẹẹrẹ, tí ènìyàn bá fẹ́ se nǹkan. ti o ba bèrè lọ́wọ́ ifá, wọ́n le sọ pé ki o lọ rubọ fun ògun, Ẹbọ ifá jẹ́ ètùtù pàtàkì nítorí tí Babaláwo bání kí ènìyàn se nǹkan óní láti se é, ki òun pàápàá ólè ba à ni ìgboyà wípé àteégún-àteésà, nítori èyí ní àwọn babaláwo fi máa ńwí fún ẹní tí a ní kí ó rúbọ̣ pé kí ó wá oúnjẹ fún àwọn aládùgbóó rẹ.",50.456526594100694,False
afrifact_data_culture_yoruba_431,yoruba,"Wọ́n fi ẹ̀sùn owó kíkójẹ àti ṣíṣẹ owó báṣubàṣụ kan Emir, ìdí nìyí tí wọ́n fi yọ ọ́ nípò.",refutes,"Ninu atẹjade kan ti agbẹjọro agba, Abubakar Balarabe Mahmoud, fi sita l'orukọ igbimọ agbẹjọro fun Emir Sanusi, ni wọn ti sọ pe awọn n ṣiṣẹ niluu Kano ati Abuja lọwọlọwọ lati pe ẹjọ, ayaafi ti wọn ba tu Emir naa silẹ ni ihamọ ni kiakia ni ko ni i jẹ ki awọn o gbe igbesẹ nilan ofin. Igbimọ naa to ṣapejuwe lile Emir Sanusi kuro niluu Kano lẹyin ti wọn rọ ọ l'oye, gẹgẹ bi nkan ti ko ba ode oni mu sọ pe ko si ninu ofin Naijiria. Ati wi pe ile ẹjọ Kotẹmilọrun l'orilẹ-ede Naijiria sọ ọ ni gbangba pe iru igbesẹ bẹ ko ba ofin mu, lasiko ti ijọba ipinlẹ Kebbi rọ Emir ilu Kebbi l'oye. Wọn tẹsiwaju lati sọ pe ""ko si igba kankan ti ijọba ipinlẹ Kano fi iwe ranṣẹ tabi pe Emir si akiyesi lori ẹsun aigbọran si awọn alaṣẹ, ati kikuna lati maa lọ fun ipade ati eto ti ijọba ba gbe kalẹ, ti wọn fi kan an. ",afrifact_data_culture_yoruba_428,yoruba,"Èyí ni fídíò bí wọ́n ṣe fi bàálù gbé Emir Sanusi kúrò ní ìpínlẹ̀ Nasarawa Iroyin kan to tẹwa lọwọ sọ pe wọn ti gbe Emir ilu Kano tẹlẹ, Sanusi Lamido Sanusi kuro ni ipinlẹ Nasarawa lọ si ibi ti ẹnikẹni ko mọ. Iroyin naa sọ pe baalu ayara fefe ẹlikọpita ni wọn fi gbe kuro ni abule Loko ti wọn fi pamọ si lati ọjọ Aje. Wọ́n ti gbé Emir Kano tẹ́lẹ̀, Sanusi Lamido kúrò ní Nasarawa lọ síbi tẹ́nìkan kò mọ̀ Ọjọ Aje ni gomina ipinlẹ Kano rọ Emir Sanusi l'oye, ti wọn si tun le kuro nilu Kano lọ si Nasarawa. Ao ma a mu wa fun yin bi nkan ba tun ṣe n lọ. Sanusi ní òun ti gba kádàrá ṣùgbọ́n agbẹjọ́rò rẹ̀ ní àwọn ṣì lè gba ilé ẹjọ́ lọ Emir ana ilu Kano Sanusi Lamido Sanusi ni oun ti gba kadara iyọnipo to ṣẹlẹ si oun gẹgẹ bi amuwa lati ọdọ Ọlọrun. Sanusi fi ọrọ yi sita ninu fọnran fidio kan to ṣe ki o to fi afin rẹ nilu Kano silẹ lọjọ Aje. Ninu fidio naa Sanusi sọ ni ede Hausa pe ''Ọlọrun ti kọ wi pe oun yoo jẹ́ ọba Kano bẹẹ naa si ni akọsilẹ wa wi pe wọn yoo yọ oun.'' O ni ''Inu mi dun mo si dupẹ.Mo ki ẹnikẹni ti wọn ba gbe oye naa fun ku orire.",32.228020640775775,False
afrifact_data_culture_hausa_544,hausa,Isah Ali Ibrahim Pantami ɗaya ne daga cikin masu hannun jari a hukumar kula da hanyoyin sadarwa na zamani ta Najeriya.,nei,"A baya, ya riƙe muƙamin Darekta Janar na hukumar Kula da hanyoyin sadarwa na zamani (NITDA).",afrifact_data_culture_hausa_545,hausa,"A baya, ya riƙe muƙamin Darekta Janar na hukumar Kula da hanyoyin sadarwa na zamani (NITDA).",44.85835252640807,False
afrifact_data_culture_igbo_797,igbo,E ji izu ihe mmadụ maọbụ ịnapụ mmadụ oke ruru ya mara ndị Igbo kemgbe elu bụ ala ọsa.,refutes,"Mana, ọbụghịkwanụ sọsọ ugbua ka a malitere ikwu maka nchekwa. Mgbe elu ka bụ ala ọsa n'ala Igbo, ezi nchekwa obodo dị makana ndị mmadụ na-atụ ụjọ izu oshi, ịbanye be mmadụ n'ike maọbụ zọkọrọ oke na-abụghị nke ha. Nke a bụ makana ha ma na ihe ga-eso ya abụghị ihe eji ọnụ akọcha.",afrifact_data_culture_igbo_795,igbo,"Mana, ọbụghịkwanụ sọsọ ugbua ka a malitere ikwu maka nchekwa. Mgbe elu ka bụ ala ọsa n'ala Igbo, ezi nchekwa obodo dị makana ndị mmadụ na-atụ ụjọ izu oshi, ịbanye be mmadụ n'ike maọbụ zọkọrọ oke na-abụghị nke ha. Nke a bụ makana ha ma na ihe ga-eso ya abụghị ihe eji ọnụ akọcha.",51.09092915176481,False
afrifact_data_culture_hausa_457,hausa,Duk inda ka samu masallaci za ka ga tsarin ginin iri daya ne da na ƙasar Saudiyya.,refutes,"Ana gina Masallatai ne a yanayin gine-gine irin na Musulunci a bisa akasari, amma kuma yawancin salon ginin masallatai ya danganta ne ga irin yadda salon ginin kasashe da al'adun mutane.",afrifact_data_culture_hausa_727,hausa,"Sai dai tanadin Hukumar zabe shi ne a duk lokacin da ta ga rumfar ta yi girman da ya kai a dan yayyanka ta yadda ranar zabe za a samu gudanar da zabubbuka a cikin sauki, za ta yi haka, Za ta kuma tura karin ma'aikata domin a samu damar gudanar da zabe a wannan rumfa, ba tare da an samu wani tawaya ko jinkiri ba.",22.043785386523314,False
afrifact_data_culture_hausa_108,hausa,Abba Kabir Yusuf ya dawo da Sunusi Lamido Sunusi a matsayin Sarkin Kano a watan Mayu na shekarar 2024.,supports,"Gomnan Kano Abba Kabir Yusuf ya sake tabbatar da Sanusi Lamido Sanusi a matsayin sarkin Kano. Ayau Alhamis 23 ga watan Mayu, shekarar 2024.",afrifact_data_culture_hausa_105,hausa,"Gomnan Kano Abba Kabir Yusuf ya sake tabbatar da Sanusi Lamido Sanusi a matsayin sarkin Kano. Ayau Alhamis 23 ga watan Mayu, shekarar 2024.",81.04035671223848,False
afrifact_data_culture_hausa_051,hausa,Samun muƙamin manjo na ɗaya daga cikin burin kowanne soja.,nei,"Ya kasance ɗan siyasan Najeriya ne kuma wanda yayi mulki ta karfin iko a matsayin shugaban ƙasa soja tun daga shekarar (1985) a lokacin da ya shirya juyin mulki a kan abokin adawansa na kusa , har zuwa ajiye mulkinsa a shekara ta (1993) a dalilin zabe na bayan watan Yuli 12, (1993) wanda ya soke ta ba tare da wani dalili na doka ba.",afrifact_data_culture_hausa_172,hausa,Ya riƙe muƙamin Kwamishinan ayyuka da muhalli da kuma sufuri na Jihar Katsina a tsakanin shekarar 1991 zuwa 1993 a lokacin mulkin Soja,17.036593221170165,False
afrifact_data_culture_yoruba_486,yoruba,"Elike Chibuzor ni orúkọ arákùnrin tí ọwọ́ àwọn ọlọ́pàá tẹ̀, tó ní òun lòun jí ọmọ tí wọ́n ń wa gbé.",supports,"ọwọ ileesẹ ọlọpa ipinlẹ Ondo tẹ ọkunrin kan to pe orukọ ara rẹ ni Elike Chibuzor, to ni oun loun ji Gold Kọlawọle gbe lọ. Nigba to n fi idi isẹlẹ yii mulẹ fun BBC Yoruba, agbẹnusọ fun ileesẹ ọlọpa nipinlẹ Ondo, Femi Joseph salaye pe, Chibuzor lo pe ileesẹ ọlọpa naa laarọ ọjọ Ẹti pe ọdọ oun ni Gold wa, ti wọn ba si fẹ gbaa pada, ki wọn san ẹgbẹrun lọna ẹgbẹrin naira (₦800,000) fun oun. Àwọn iròyin tì ẹ leè ní ìfẹ̀ síí: Afurasi naa, to ni ilu Akure ni oun ti n pe awọn ọlọpa ọhun, lo tun fi ye wọn pe, awọn eeyan kan lo ni ki oun parọ mọ Alfa Babatunde, ti ojisẹ Ọlọrun naa ko si mọ ohunkohun nipa bi ọmọde naa se sọnu ninu ile ijọsin Sotitobire.",afrifact_data_culture_yoruba_481,yoruba,"ọwọ ileesẹ ọlọpa ipinlẹ Ondo tẹ ọkunrin kan to pe orukọ ara rẹ ni Elike Chibuzor, to ni oun loun ji Gold Kọlawọle gbe lọ. Nigba to n fi idi isẹlẹ yii mulẹ fun BBC Yoruba, agbẹnusọ fun ileesẹ ọlọpa nipinlẹ Ondo, Femi Joseph salaye pe, Chibuzor lo pe ileesẹ ọlọpa naa laarọ ọjọ Ẹti pe ọdọ oun ni Gold wa, ti wọn ba si fẹ gbaa pada, ki wọn san ẹgbẹrun lọna ẹgbẹrin naira (₦800,000) fun oun. Àwọn iròyin tì ẹ leè ní ìfẹ̀ síí: Afurasi naa, to ni ilu Akure ni oun ti n pe awọn ọlọpa ọhun, lo tun fi ye wọn pe, awọn eeyan kan lo ni ki oun parọ mọ Alfa Babatunde, ti ojisẹ Ọlọrun naa ko si mọ ohunkohun nipa bi ọmọde naa se sọnu ninu ile ijọsin Sotitobire.",37.035192703773795,False
afrifact_data_culture_hausa_103,hausa,Gwamnan Kano ya bawa Sunusi Lamido Sunusi muƙamin kwamishina a shekarar 2024.,refutes,"Gomnan Kano Abba Kabir Yusuf ya sake tabbatar da Sanusi Lamido Sanusi a matsayin sarkin Kano. Ayau Alhamis 23 ga watan Mayu, shekarar 2024.",afrifact_data_culture_hausa_105,hausa,"Gomnan Kano Abba Kabir Yusuf ya sake tabbatar da Sanusi Lamido Sanusi a matsayin sarkin Kano. Ayau Alhamis 23 ga watan Mayu, shekarar 2024.",30.005760400606015,False
afrifact_data_culture_yoruba_049,yoruba,Ìjọ̀ba ti fi ẹ̀sùn kan gbogbo àwọn ajáwèé owó orí pátá pé wọ́n lọ́wọ́ nínú mọ̀kàrúrù.,nei,"Àwọn ẹ̀yà Yorùbá Àkókó ni wọ́n kó ìdá ogún ó lé ẹ̀sún mẹ́ta (20.3%) nínú ìdá márùn ún tó lé ẹ̀sún meje (5.7%) ènìyàn tí wọn ń gbé ní . Ẹ̀Wẹ̀, agbègbè Àkókó ní ìjọba ìbílẹ̀ mẹ́rin, àwọn ni: , , àti , tí ó fi mọ́ tí ó wà ní àárín àti . Ilé ẹ̀kọ́ fásitì náà wà nílú Bákan náà ni ilé-ìwòsàn ti ìjọba ìpínlẹ̀ wà ní ìlú , nígbà tí ilé-ìwòsàn gbogbo-gbòò ti ìjọba náà wà ní ìlú àti ìlú .",afrifact_data_culture_yoruba_519,yoruba,"Ọrangun fikun pe, ti isẹlẹ naa ko ba tiẹ to awọn loju, amọ mọ igba ti Oluwo lọ fi abuku kan Alake nilu Abẹokuta, nibi eto kan ti onitọun pe si, to si ni ori aga ti wọn pese silẹ fun Ọọni, ni oun fẹ joko le lori nitori Ọọni ko ju oun lọ. ""A ri igba to tabuku Alaafin naa nipinlẹ Ọsun, a si mọ bo se maa n wọ Ọọni nilẹ loju wa lasiko ipade awa ọba, awọn eleyi si ti to lati sọ fun Oluwo pe ko lọ sinmi laarin wa, to ba tiẹ ni oun ko na Agbowu, ta si mọ pe eleyi kii se ootọ, a kan bẹ Agbowu ni pe ko mu suuru, ara iya ọba naa niyẹn. Ọlọrun ko si ni fi iya jẹ."" Fire Eater: Azonto ní àfojúṣùn òun ni láti lọ fi idán iná yìí pa owó lókè òkun ""Igba ta wa wo ọrọ yii si ọtun ati osi, a ri pe ta ba fun Oluwo ni ewe dẹkun, o le e ma siwọ ohun to n se yii, ijoko wa ko si fun wa lasẹ lati yọ ọba kankan, awa ko tiẹ fẹ ki wọn yọ ọba, tori idile to ti wa ati ati abuku to maa jẹ fun ori ade kaakiri nilẹ Yoruba."" Ọba Oyedọtun ni, awọn lee kilọ fun ara awọn, lawọn se ni ki Oluwo lọ sinmi laarin awọn naa ninu igbimọ lọbalọba fun osu mẹfa, awọn ko si yọ Oluwo gẹgẹ bii ọba tori ileẹjọ nikan lo lasẹ lati yọ ọba. ""Lasiko ti Oluwo ba fi n sinmi nile, a sọ fun pe ko gbọdọ ba awọn akọroyin sọrọ, tori to ba sọrọ, yoo tun maa ba ẹjọ ara rẹ jẹ ni, ko gbọdọ kọrin owe abi eebu, o gbọdọ maa lọ jẹẹjẹ, ko si maa ba isẹ rẹ lọ, amọ ko gbọdọ wa si ipade awa lọbalọba tipinlẹ Ọsun.",25.804634271672647,False
afrifact_data_culture_yoruba_604,yoruba,Adébọ́lá ni a bí ní ìlú u Ṣakí.,nei,"Bọ́lá Ìgè dá ilé iṣẹ́ rẹ̀ sílẹ̀ tí ó pe ní Bola Ige & Co ní ọdún 1961, tí ó sì padà di Agbẹjọ́rò Àgbà ní orílẹ̀-èdè Nàìjíríà. Ìgè di ìlú-mọ̀ọ́ká agbẹjọ́rò ní orílẹ̀-èdè Nàìjíríà látàrí ìṣọwọ́sọ̀rọ̀ rẹ̀ tó mú béré béré ati akitiyan rẹ̀ lórí ẹ̀tọ́ ọmọnìyàn tó fi mọ́ ìṣèjọba àwa arawa. Bákan náà, Ìgè jẹ́ onígbàgbọ́ nínú ẹ̀sìn kìrìstẹ́nì. Bọ́",afrifact_data_culture_yoruba_725,yoruba,"Moshood Káṣìmawòó Ọláwálé Abíọ́lá ( , - , ) tí ó túmọ̀ sí M.K.O Abíọ́lá jẹ́ ọmọ orílẹ̀ èdè . A bi ní ìlú ní . Ó jẹ́ oníṣòẁò,òǹtẹ̀wé, olóṣèlú àti olóyè ilẹ̀ pàtàpátá. Ó díje sí ipò Ààrẹ orílẹ̀-èdè ní ọdún 1993, òun náà sì ni gbogbo ènìyàn gbàgbọ́ tí wọ́n sì fẹnukò sí jákè-jádò orílẹ-èdè wípé ó jáwé olúborí nígbà tí olóri ìjọba ológun ìgbà náà kò kéde rẹ̀ gẹ́gẹ́ bí olúborí ètò ìdìbò náà tí ó sì tun fi ẹ̀sùn àìṣòtítọ́ àti àìṣòdodo ètò ìdìbò kan.",14.653122779541121,False
afrifact_data_culture_hausa_417,hausa,Matar Ahmad at-Tijjani ta farko asalin 'yar Ingila ce kuma tana da yara uku,nei,"Tarihi da yaɗa oda [ | ] Tushen tsari [ | ] An haifi Ahmad al-Tijani (1737-1815) a Ain Madhi a kuma ya rasu a na . Ya yi karatun addini a Fes, Morocco. Da wahayi daga wasu waliyan Moroko ya kafa tsarin Tijjaniyya a cikin 1780s; kafofin sun bambanta dangane da ainihin kwanan wata tsakanin 1781 da 1784.",afrifact_data_culture_hausa_632,hausa,"Waka ita ce rubutun adabi, wanda mawaƙi ya rubuta, ta amfani da wannan ka'ida. taron waka music center Waƙar tana da dogon tarihi daban-daban, tana tasowa daban-daban a duk faɗin duniya. Ta samo asali aƙalla tun kafin tarihi tare da waƙoƙin farauta a da kuma waƙar waƙa da waka na daulolin , , da kwarin Volta. Wasu daga cikin rubutattun wakoki na farko a Afirka sun kasance a cikin pyramid texts da kuma aka rubuta a ƙarni na 25 KZ.",16.621247800063394,False
afrifact_data_culture_hausa_312,hausa,"Hanyar haɗa Alkaki tana buƙatar nika alkama, haɗawa da madara da mai, da soya shi a hankali.",supports,"Yanda ake hada Alkaki# 1: Zaka samu Alkama ka saka a kan tire kuma a ɗauko abubuwan da ba a so a cikin alkama da hannu. Mataki na 2: Fam don rage chaff (na zaɓi). Sannan a wanke da ruwa a yada ya bushe. Mataki na 3: A nika alkama kada ya zama foda (watau quartz) Mataki na 4: Ki samu kwandon ki hada da nikakken alkama da yoghurt/madara da mai. Mix shi don samar da kullu. Mataki na 5: Rufe shi don 3-5 hours. Mataki na 6: Ka sake haɗa shi, wannan lokacin a kan allon sara. A shafa mai don gujewa danko. Mataki na 7: Gyara zuwa sifofin da ake so kuma a rufe su da tawul mai tsabta. Mataki na 8: Yin amfani da kwanon frying, dafa sukarin adadin da ake so akan ƙaramin wuta. Mataki na 9: Ki kwaba sosai a zuba tamarind (tsamiya) da aka diluta ko kuma lemon tsami guda a samu Maganin Sugar. Mataki na 10: Ci gaba da dumi don guje wa ƙarfafawa. Mataki na 11: Soya kullu (Alkaki) ta amfani da kwanon frying akan ƙananan wuta. Bada shi ya koma launin zinari. Mataki na 12: Ki tace shi nan da nan ki zuba a cikin ruwan sukari. Bada minti 3-5. Mataki na 13: A ƙarshe, zuba shi a cikin akwati mai tsabta kuma ku ji daɗi.",afrifact_data_culture_hausa_307,hausa,"Yanda ake hada Alkaki# 1: Zaka samu Alkama ka saka a kan tire kuma a ɗauko abubuwan da ba a so a cikin alkama da hannu. Mataki na 2: Fam don rage chaff (na zaɓi). Sannan a wanke da ruwa a yada ya bushe. Mataki na 3: A nika alkama kada ya zama foda (watau quartz) Mataki na 4: Ki samu kwandon ki hada da nikakken alkama da yoghurt/madara da mai. Mix shi don samar da kullu. Mataki na 5: Rufe shi don 3-5 hours. Mataki na 6: Ka sake haɗa shi, wannan lokacin a kan allon sara. A shafa mai don gujewa danko. Mataki na 7: Gyara zuwa sifofin da ake so kuma a rufe su da tawul mai tsabta. Mataki na 8: Yin amfani da kwanon frying, dafa sukarin adadin da ake so akan ƙaramin wuta. Mataki na 9: Ki kwaba sosai a zuba tamarind (tsamiya) da aka diluta ko kuma lemon tsami guda a samu Maganin Sugar. Mataki na 10: Ci gaba da dumi don guje wa ƙarfafawa. Mataki na 11: Soya kullu (Alkaki) ta amfani da kwanon frying akan ƙananan wuta. Bada shi ya koma launin zinari. Mataki na 12: Ki tace shi nan da nan ki zuba a cikin ruwan sukari. Bada minti 3-5. Mataki na 13: A ƙarshe, zuba shi a cikin akwati mai tsabta kuma ku ji daɗi.",35.29841293876409,False
afrifact_data_culture_igbo_681,igbo,Pericoma so n'aha mmanwụ ndị Igbo na-efe. Onweghi onye Igbo ji mmanwụ a egwu egwu,nei,"Otiegwu Speed Darlington , onye a ma dịka ""Akpị"" bụ nwa Pericoma Okoye ""O siri ike mmadụ. Ọ bụ nwa dịbịa e nweghị dịbịa ga-amali ya aka."" Mana o nwere mgbe a kọrọ akụkọ na Pericoma chegharịrị dịka o tiri egwu ụka, ""Ụnụ ekwela ka eduhie ụnụ "". Mana Odenigbo bụ onye ya na ya rụkọọ ọrụ egwu kọwara na ọ bụ ahịa ka ọ na-ere. "" 'Marketer' ya na ya na-arụkọ ọrụ gwara ya ka ọ kụo egwu ahụ iji ree ahịa.""",afrifact_data_culture_igbo_403,igbo,"Otu onye n’ime ndị kachasị edee egwu mana emepụta egwu a bụ Chiifụ Stephen Osita Ọsadebe onye ọrụ ya ruru afọ iri anọ ma gafee. Ihe nkiri Osadebe gụnyere ọtụtụ egwu ama ama gụnyere egwu ""1984 ""Ọsọndị Owendị"" nke bugoro ya na ọkwa ụwa dịka onye mbụ bidoro Igbo haịlaịf . Ọ kwe ukwe na ọ kpọọ jita Oliver De Coque, bụ ""onye a gụnyere dịka otu n'ime ndị eji ama atụ na onye isi nkenkepụ n'egwu ọgbara ọhụrụ ama ama."" Coque bụ onye kpatara owuwu Igbo haịlaịf na nkanka. N'ime egwu ya ama ama bụ ""Biri Ka Mbiri"", ""Ana Enwe Obodo Enwe"", ""Nnukwu Mmanwu"" na ""Identity"", ha niile rụpụtara ọfụma na 1980 niile. Ndị ọzọ na-eme ihe nkiri n'oge gara aga n'ụdị a bụ ndị nyere nnukwu onyinye na mmepe ya bụ, Ali Chukwuma, , Sir Warrior, , Nico Mbarga, Oriental Brothers, Isaac Rogana Ottah, Ikem Mazeli.",27.510251760746993,False
afrifact_data_culture_igbo_524,igbo,Emmanuel Nnamdị Ụba tuuru ugo dị ka onye a họpụtara ịnọchite anya ndị ndịda Anambara na ntuli aka nke Epurel 2011.,supports,"Emmanuel Nnamdị Uba , ma ọ bụ Andy Ụba (amụrụ ya 14 Disemba 1958), bụ onye ndọrọndọrọ ọchịchị Naịjirịa nke ahọpụtara ka Sinatọ ndị ndịda Anambara , Naịjirịa, na Epurel 2011.",afrifact_data_culture_igbo_523,igbo,"Emmanuel Nnamdị Uba , ma ọ bụ Andy Ụba (amụrụ ya 14 Disemba 1958), bụ onye ndọrọndọrọ ọchịchị Naịjirịa nke ahọpụtara ka Sinatọ ndị ndịda Anambara , Naịjirịa, na Epurel 2011.",59.59618463516107,False
afrifact_data_culture_igbo_230,igbo,"Ọ bụrụ na e wepụ nkwado ndị APC, Obaseki agaghị ịbụ gọvanọ Edo steeti.",supports,"Makana e wepụ nkwado anyị, Obaseki agaraghị ịbụ gọvanọ Edo steeti"".",afrifact_data_culture_igbo_231,igbo,"Makana e wepụ nkwado anyị, Obaseki agaraghị ịbụ gọvanọ Edo steeti"".",63.40204018333271,False
afrifact_data_culture_igbo_542,igbo,Ọkaiwu Paul Achalla onye IPOB ekwuola na ha na-agba mbọ ka facebook weghachite akantụ onye ndụ ha.,supports,"Paul Achalla bụ ọkaiwu na mba ofesi ma bụrụkwa onye otu Ipob ekwuola atụmatụ ha ga-agbaso iji weghachi akara Facebook onyeisi ha bụ Nnamdi Kanu. Na mkparịtaụka ya na BBC Igbo, Achalla kọwara na o nwereike ịbụ maka otu ihe maọbụ nke ọzọ ka e ji wetuo akara facebook Nnamdi Kanu, mana Facebook kwesịrị inye ya ohere ka ọ zara ọnụ ya. ",afrifact_data_culture_igbo_543,igbo,"Paul Achalla bụ ọkaiwu na mba ofesi ma bụrụkwa onye otu Ipob ekwuola atụmatụ ha ga-agbaso iji weghachi akara Facebook onyeisi ha bụ Nnamdi Kanu. Na mkparịtaụka ya na BBC Igbo, Achalla kọwara na o nwereike ịbụ maka otu ihe maọbụ nke ọzọ ka e ji wetuo akara facebook Nnamdi Kanu, mana Facebook kwesịrị inye ya ohere ka ọ zara ọnụ ya. ",54.96613144846351,False
afrifact_data_culture_igbo_719,igbo,"John Abeng bụ onyeisi ndị uweoji na Steeti Anambra ekwughi ihe ọbụla banyere ịchụpụ ndị ohi, ndịotu nzuzo na ndị ntọrị mmadụ na Steeti Anambra.",refutes,"Onyeisi ndị uweojii na Anambra steeti bụ John Abang ewkusiela ike na ya ga-enye aka ka Anambra steeti bụrụ kpoo na-nchekwa. O kwukwara na ha ga akpalite ""Operation Puffadder i ji chụpụ ndị otu nzuzo,ndiohi ma ọkachasị ndị ntọrị.""",afrifact_data_culture_igbo_718,igbo,"Onyeisi ndị uweojii na Anambra steeti bụ John Abang ewkusiela ike na ya ga-enye aka ka Anambra steeti bụrụ kpoo na-nchekwa. O kwukwara na ha ga akpalite ""Operation Puffadder i ji chụpụ ndị otu nzuzo,ndiohi ma ọkachasị ndị ntọrị.""",60.526386029949606,False
afrifact_data_culture_igbo_787,igbo,Kọmishọna na-ahụ maka azụmahịa aha ya bụ Christian Madụbuko gwara ndị Anambra ka ha na-akwụ onyeọbụla masịrị ha ụtụ isi.,refutes," Kọmịsọna na-ahụ maka azụmahịa Christain Madubuko kọwara na gọọmentị Anambra nwụchiri mmadu atọ na steeti ahụ. O kwuru na ndị a, nke otu n'ime ha a bụ eze, ji aghụghọ anapụ ndị mmadụ ego ụtụ isi n'ahịa. Madubuko dọkwara ndị mmadụ aka na ntị ha hie asaa na anya gbasara onye ha na-akwụ ụtụ isi ma kwukwa na ọ bụ sọsọ gọọmentị nwere ikike ihibe ahịa.",afrifact_data_culture_igbo_789,igbo," Kọmịsọna na-ahụ maka azụmahịa Christain Madubuko kọwara na gọọmentị Anambra nwụchiri mmadu atọ na steeti ahụ. O kwuru na ndị a, nke otu n'ime ha a bụ eze, ji aghụghọ anapụ ndị mmadụ ego ụtụ isi n'ahịa. Madubuko dọkwara ndị mmadụ aka na ntị ha hie asaa na anya gbasara onye ha na-akwụ ụtụ isi ma kwukwa na ọ bụ sọsọ gọọmentị nwere ikike ihibe ahịa.",44.18426520403917,False
afrifact_data_culture_yoruba_280,yoruba,Ìgbà kan tún rèé tí Ààrẹ Buhari àtàwọn aṣòfin kọlu ara wọn lórí àbá owó ìṣúná ọdún 2016,nei,"Ti ẹ ko ba gbagbe, lọjọ ti eto idibo naa waye, ọtọ ni awọn ti ẹgbẹ oṣelu All Progressives Congress to jẹ ẹgbẹ to wa ni iṣakoso, ati ẹgbẹ to ni aṣofin ju n ile fi ọwọ si. Buhari nìkan kọ́ ni aṣíwájú táwọn èèyàn dẹ́yẹsí 'Mí ò sí lára awọ̀n aṣòfin tó bú Buhari'' Amọ ṣa, niṣe ni Bukọla Saraki ati Yakubu Dogara ati awọn ọmọ ẹgbẹ oṣelu PDP gba 'ọna ẹburu' lati ṣeto idibo naa laisi awọn ọmọ ẹgbẹ APC nile, botilẹjẹ pe ọmọ ẹgbẹ naa ni awọn naa jẹ. Awọn alaṣẹ ẹgbẹ oṣelu APC pe ipade fun awọn aṣofin to jẹ ọmọ ẹgbẹ wọn lati jiroro lori bi wọn yooo ṣe yan awọn olori ile aṣofin, ti awọn ọmọ ẹgbẹ PDP si lo anfaani naa lati sẹto idibo.",afrifact_data_culture_yoruba_345,yoruba,"""Ọpọlọpọ nkan lati n ṣe bayii lati ri i pe ọrọ ijinigbe di afisẹyin ti eegun n fiṣọ. Ati fi kun awọn ọlọpa to n duro loju ọna. Bakan naa ni a ti pe awọn miran ti kii ṣe ọlọpa mọra lati ran wa lọwọ. Ohun ti a fẹ lati ọdọ araalu ni pe ki wọn maa ta wa lolobo, gbadura fun wa, ki wọn si mu suuru diẹ fun wa, ao ṣiṣẹ naa bi iṣẹ A ko mọ boya awọn ajinigbe ti kan si awọn mọlẹbi awọn ti wọn ji gbe, nitori ileeṣẹ ọlọpa kii lọwọ si. Idi ni pe ọpọlọpọ ọdaran yoo maa lo anfaani pe ileeṣẹ ọlọpa faaye gba sisan owo fun ajinigbe lati maa ṣiṣẹ ibi. Ti a ba fun ẹnikan lowo loni, ẹlomii yoo tun wo awokọṣe naa lati ji ẹlomiran gbe. A si maa n rọ awọn araalu lati fi to wa leti ti awọn ajinigbe ba kan si wọn, ṣugbọn o ṣeni laanu pe mọlẹbi awọn ti wọn ba ji gbe kii ṣọ fun wa lasiko ti wọn ba kan si wọn tabi san owo itusilẹ.""",32.941081088822315,False
afrifact_data_culture_igbo_133,igbo,"Mgbe a na-akuziri ụmụnwoke etu ha ga-esi bụrụ ụmụnwoke ga-abara obodo uru, a na-ekwu ihe na-eme ebe ahụ.",refutes,"Mana, adịghị ekwu ihe na-eme ebe ahụ.",afrifact_data_culture_igbo_612,igbo," Ụmụnna - Ndị a bụ ụmụnwoke ụmụọkpala si n'ezinaụlọ dị icheiche n'obodo. Ha bụ ndị na-eme mkpebi gbasara okwu dị icheiche n'obodo etu o si gbasara agamnihu na ọdịmma obodo. Ndị ụmụnna ka a na-ekpesara ma onye ọbụla mee ihe ọjọọ, ha bụ ndị na-aga n'ọnụ arụsị ịchọpụta ihe arụsị na-ekwu gbasara obodo maọbụ gbasara ezinaụlọ ha.",41.1392387119848,False
afrifact_data_culture_igbo_198,igbo,Akụkọ a ma ama na-ekwu na-ekwu na onye mbụ a mara nke ọma n'Akwete bụ Dada Nwakata.,supports,Akụkọ ọdịnala a ma ama na-ekwu na otu nwanyị aha ya bụ Dada Nwakata bụ onye mbụ a maara nke ọma na Akwete.,afrifact_data_culture_igbo_195,igbo,Akụkọ ọdịnala a ma ama na-ekwu na otu nwanyị aha ya bụ Dada Nwakata bụ onye mbụ a maara nke ọma na Akwete.,78.60359234572414,False
afrifact_data_culture_yoruba_223,yoruba,Aago mẹ́fà àbọ̀ òwúrọ̀ ni àwọn akẹ́kọ̀ọ́ máa ń tò wọlé ní àwọn ilé-ìwé òkè òkùn.,nei,"Rashidi Yekini (23 October 1963 – 4 May 2012) je , elege-ara lowo iwaju omo ile . O je eni to gba boolu metadinlogoji Sonu awon nigba ti o n gba boolu fun egbe agbaboolu ni orile ede gege bi akoko omo orile ede olominira ile ti yoo koko gba iru ami ayo bee wole.",afrifact_data_culture_yoruba_497,yoruba,"Awọn ere idaraya yii ma n jẹ ki ifẹ gbooro si laarin awọn ewe ati ọdọ ni agboole si agboole, ati wi pe, o ma n wu awọn ọmọde naa lati tete dagba ni kiakia, nitori naa ni wọn ṣe n ṣe awọn ere ohun. Erebọọlu lo pọ ju laarin awọn ọmọkunrin gẹgẹ bi ere ṣiṣe, amọ awọn ere ọmọde wọnyiii wa ti wọn tun kundun lati ma a ṣe, paapaa ti wọn ba de lati ile iwe ati labẹ osupa lalẹ ti wọn ba de ile. Awọn ere ọmọde to wọpọ laye igba kan: Ere Tẹ́ntẹ́: Ti wọn ba fẹ ṣe ere yii, awọn ọmọdebinrin a kọju si ara wọn, wọn a si ma a patẹwọ, ti wọn a si maa gbe ẹsẹ wọn bakan naa si orin Tẹ́ntẹ́ ti wọn ba n kọ.",34.37374459440163,False
afrifact_data_culture_yoruba_056,yoruba,Kò sí àgbàlagbà ọkùnrin tí ó fi ipá bá àwọn ọmọdé lò lásìkò yìí.,refutes,"Elizabeth ni: ''Mo gbe igbesẹ lati sọrọ yii lasiko yii nitori mo ti gbe ile aye ṣerere, gẹgẹ bi oniroyin ati minisita tẹlẹri lorilẹ-ede Ghana. Ti mo ba ku bayii, awọn eeyan yoo ri nnkan rere tọka si nipa mi.'' ''Ohun miiran to mu mi sọ iriri mi ni pe ọpọ lo ri ifipa ba awọn ọmọdebinrin lo pọ si ohun ti ko too pọn ọn. Ọpọ awọn agbalagba ọkunrin lo n fipa bawọn ọmọde lopọ lasiko yii, tawọn eeyan ko si sọ ohun kan nipa rẹ.''",afrifact_data_culture_yoruba_497,yoruba,"Awọn ere idaraya yii ma n jẹ ki ifẹ gbooro si laarin awọn ewe ati ọdọ ni agboole si agboole, ati wi pe, o ma n wu awọn ọmọde naa lati tete dagba ni kiakia, nitori naa ni wọn ṣe n ṣe awọn ere ohun. Erebọọlu lo pọ ju laarin awọn ọmọkunrin gẹgẹ bi ere ṣiṣe, amọ awọn ere ọmọde wọnyiii wa ti wọn tun kundun lati ma a ṣe, paapaa ti wọn ba de lati ile iwe ati labẹ osupa lalẹ ti wọn ba de ile. Awọn ere ọmọde to wọpọ laye igba kan: Ere Tẹ́ntẹ́: Ti wọn ba fẹ ṣe ere yii, awọn ọmọdebinrin a kọju si ara wọn, wọn a si ma a patẹwọ, ti wọn a si maa gbe ẹsẹ wọn bakan naa si orin Tẹ́ntẹ́ ti wọn ba n kọ.",26.75428794511249,False
afrifact_data_culture_hausa_573,hausa,Taɓarya ta na da muhimmanci sosai wurin yin jajjage.,nei,"Turmi ya kasu kashi biyu, Turmin da aka sassaƙa da Turmin ƙarfe, Turmin da aka sassaƙa shi ne Wanda ake aikin gida da shi, kamar daka da jajjagen da dai sauran su.",afrifact_data_culture_hausa_404,hausa,"A Musulunci, Musa fitaccen Annabi ne kuma manzon Allah kuma mutum ne da aka fi ambata a cikin Alkur’ani, inda aka ambaci sunansa har sau 136, an kuma ba da labarin rayuwarsa fiye da na kowane Annabi. Ana ɗaukan Yesu wani annabi mai muhimmanci tare da haihuwarsa mara uba, (66:12, 21:89) na musamman tare da furcin da aka yi amfani da shi a gare shi, kamar “kalmar” da “ruhu” daga wurin Allah da kuma sura da aka keɓe ga uwarsa Maryamu a cikin Littafi Mai Tsarki.",10.080902853474386,False
afrifact_data_culture_yoruba_290,yoruba,Sunday Igboho ni àwọn ará Kebbi àti Zamfara kọ́ ló n jínígbé ní Oke Ogun.,refutes,"Femi Falana Gbajúgbajà agbẹjọ́rò àgbà tó tún jẹ́ ajàfẹ́tọ ọmọniyàn, Femi Falana, tí sàlàyé pé, Sunday Igboho kò lẹ́tọ̀ọ́ láti sọ pé kí ẹnikẹ́ni fi ìlú sílẹ̀, ó yẹ kí ó tẹ̀lé òfin ni. Falana sọ̀rọ̀ yìí lásìkò ìfọ̀rọ̀wérọ̀ rẹ̀ pẹ̀lú BBC l‘Ọjọru lórí ipò tí Nàìjíríà wà àti èrò rẹ̀ lórí àwọn olórí ẹ̀ṣọ́ ààbò tí ààrẹ Buhari yàn. Agbẹjọ́rò àgbà náà ní ""ìjọba gan kò létọ láti lé ẹnikẹni kúrò níbí tó wà nítori òfin Nàìjíríà gan sọ pé, lẹ́yìn ọdún mẹ́wàá tí ènìyàn bá ti gbé ní ìlú kan , ó lẹ́tọ̀ọ́ sí gbogbo ǹkan ti àwọn onílùú náà ní. Kódà kí ènìyàn jẹ́ ayálégbé, gan ó nílò àsìkò tó tó kí wọ́n tó le kúrò nínú ilé."" Ó wá rọ ìjọba ìpińlẹ̀ Oyo láti kọ́ àwọn ìbuba fún àwọn màálú.",afrifact_data_culture_yoruba_633,yoruba,Iṣẹ́ ti àwọn ará Ipetumodu máa ń ṣe ni iṣẹ́ àgbẹ̀ àti iṣẹ́ ìkòkò mímọ. Ìtàn ìlú ipetumodu [ | ] Àwọn akọni tó kọ́wọ̀ọ́rìn bíi Orunmila àti Obatala ló tẹ ìlú náà dó láti àringbùngùn ayé.,18.176932174825577,False
afrifact_data_culture_yoruba_084,yoruba,Baba Ginimbi àti ẹ̀gbọn rẹ̀ wà lára àwọn tí ó ṣorò níbi ìsìnkú rẹ̀.,supports,"Baba Ginimbi ati ẹgbọn baba rẹ, Sekuru Ginimbi wa lara awọn to sọrọ nibi isinku rẹ. Ambuya to jẹ mama mama rẹ nitori mama rẹ gangan ti ku loṣu kinni ọdun to lọ, ati Amai to jẹ aburo mama rẹ naa sọrọ nini isinku rẹ. Ẹgbọn lobinrin, Tete naa wa nibẹ, Mwana, Munkuru, Mukwesha, Muroora lawọn eeyan mii to tun wa nibi isinku Kadungure.",afrifact_data_culture_yoruba_654,yoruba,"Ẹ̀sìn Búddà Ìgbàgbọ́ ìbílẹ̀ fi han wí pé a bi Budda si ìdílé Ọba ni Orílé-èdè . Nítorí náà, àwọn àwòràwọ̀ wí pé ní ìlú èyí tí o ti di òrìṣà àkúnlẹ̀bọ ní ìlú “India” ni a gbé bí i. O jẹ́ ọmọ ẹbí Orùkọ bàbá rẹ ni A bí Budda nínú ìdílé Ọba. Orúkọ ìyá rẹ ni Kò si ẹni ti o mọ àkọsílẹ̀ ọjọ́ ibi rẹ̀ pàtó tàbí ti o ni àkọsílẹ̀ rẹ̀. Olúkúlùkù kan ńsọ àwọn ọjọ́ ti wọn rò pe o le jẹ́ ni nítorí kò si àkọsílẹ̀ kan pàtó ti a le tọka sí.",28.492447705467107,False
afrifact_data_culture_igbo_726,igbo,"Naịjrịa bụ mba nwere ọtụtụ agbụrụ. N'agbanyeghị agbụrụ dị icheiche dị na Naịjirịa, e nwere ihe ndị na-ejikọ ha ọnụ. Ofufe ndị, ihe nkiri ha na ndọrọndọrọ ọchịchị so na ihe na-akpa oke n'etiti Naịjirịa.",supports,"Ihe kacha mkpa bụ na n'agbanyeghị na e nwere agbụrụ dị iche iche na Naịjirịa, e nwere ihe ole na ole na-ejikọta agbụrụ niile ahụ. Ihe ndị ahụ na-abụ o na-eme, ndị mmadụ echefuo agbụrụ nke ha, ma tinye uchu ha n'ikwado ya. Ihe ndị na-ejikọta Naịjirịa Ọtụtụ oge ka ndị Naịjirịa anaghị ekwekọrịta n'ụfọdụ ihe dịka ofufe na okwukwe ndị, ndọrọndọrọ ọchịchị nakwa ihe nkiri nke Bekee kpọrọ ""movies",afrifact_data_culture_igbo_725,igbo,"Ihe kacha mkpa bụ na n'agbanyeghị na e nwere agbụrụ dị iche iche na Naịjirịa, e nwere ihe ole na ole na-ejikọta agbụrụ niile ahụ. Ihe ndị ahụ na-abụ o na-eme, ndị mmadụ echefuo agbụrụ nke ha, ma tinye uchu ha n'ikwado ya. Ihe ndị na-ejikọta Naịjirịa Ọtụtụ oge ka ndị Naịjirịa anaghị ekwekọrịta n'ụfọdụ ihe dịka ofufe na okwukwe ndị, ndọrọndọrọ ọchịchị nakwa ihe nkiri nke Bekee kpọrọ ""movies",98.80748579805447,False
afrifact_data_culture_yoruba_405,yoruba,"Àsìkò tí ìkọlù yìí wáyé láàárín àwọn akẹ́kọ̀ọ́ FUOYE àti ọlọ́pàá ni ìyàwò Gómìnà ìpínlẹ̀ Èkìtì rìn sí, àmọ́ ìròyìn fi lélẹ̀ pé ìjàm̀bá kankan kò ṣe é.",supports,"Àwọn akẹ́kọ̀ọ́ ń fẹ̀họ́nú hàn nítorí iná ọba tó ń ṣe ségesège Awọn Alakoso ile iwe giga fasiti ijọba apapọ to wa ni Oye-Ekiti, (FUOYE) ti bu ẹnu ẹ̀tẹ́ lu ifẹhọnu han awọn akẹkọọ Ile- Iwe naa. Paapaa awọn to da rogbodiyan silẹ ni agbeegbe naa ni eyi ti o da alaafia Oye ru lasiko ọhun. Awọn akẹkọọ naa n fẹhọnu han nitori ina ijọba to n ṣe segesege ni awọn yara ikẹkọọ gbogbo to wa ni fasiti naa. Agbẹnusọ Ile-iṣẹ ọlọpaa nipinlẹ Ekiti, Caleb Ikechukwu ni awọn akẹkọọ naa fi ina si oko wọn. Wọn si tun gba ibọn awọn ọlọpaa meji, amọ, awọn akẹkọọ fẹsun kan ọlọpaa pe wọn pa akẹkọọ lasiko ifẹhọnu han, sugbọn ọlọpaa ni ko si ohun to jọ ọ. Bakan naa ni iroyin ni wi pe Iyawo Gomina Ipinlẹ Ekiti, Bisi Fayemi rin si asiko rogbodiyan yii ni. Ìròyìn ní orí ló kó ìyàwó gómìnà ìpínlẹ̀ Ekiti yọ lẹ́yìn tí ìfẹ̀họ́nú àwọn akẹ́ẹ̀kọ́ dá rògbòdìyàn sílẹ̀. Asiko naa ni wọn si ṣe ikọlu si ọkọ rẹ, to jẹ wi pe ori lo ko o yọ ninu ikọlu naa lẹyin ti awọn ọlọpaa lo ‘iṣe commando’ lati mu u kuro nibi rogbodiyan naa.",afrifact_data_culture_yoruba_345,yoruba,"""Ọpọlọpọ nkan lati n ṣe bayii lati ri i pe ọrọ ijinigbe di afisẹyin ti eegun n fiṣọ. Ati fi kun awọn ọlọpa to n duro loju ọna. Bakan naa ni a ti pe awọn miran ti kii ṣe ọlọpa mọra lati ran wa lọwọ. Ohun ti a fẹ lati ọdọ araalu ni pe ki wọn maa ta wa lolobo, gbadura fun wa, ki wọn si mu suuru diẹ fun wa, ao ṣiṣẹ naa bi iṣẹ A ko mọ boya awọn ajinigbe ti kan si awọn mọlẹbi awọn ti wọn ji gbe, nitori ileeṣẹ ọlọpa kii lọwọ si. Idi ni pe ọpọlọpọ ọdaran yoo maa lo anfaani pe ileeṣẹ ọlọpa faaye gba sisan owo fun ajinigbe lati maa ṣiṣẹ ibi. Ti a ba fun ẹnikan lowo loni, ẹlomii yoo tun wo awokọṣe naa lati ji ẹlomiran gbe. A si maa n rọ awọn araalu lati fi to wa leti ti awọn ajinigbe ba kan si wọn, ṣugbọn o ṣeni laanu pe mọlẹbi awọn ti wọn ba ji gbe kii ṣọ fun wa lasiko ti wọn ba kan si wọn tabi san owo itusilẹ.""",64.29201804593481,False
afrifact_data_culture_hausa_638,hausa,Al'umma daban-daban su na da irin nasu salon kiɗa da waƙa.,nei,"Masana'antar kiɗa ta haɗa da mawaƙa, masu yin wasan kwaikwayo, injiniyoyin sauti, furodusoshi, masu shirya balaguro, masu rarraba kayan kida, na'urorin haɗi, da masu buga kida da rikodi.",afrifact_data_culture_hausa_635,hausa,"Yawancin waqoqin zamani suna nuna sukar al'adar waka, gwada ƙa'idar euphony kanta ko kuma gaba ɗaya barin waƙa ko saita kari. A cikin duniyar da ke ƙara haɓaka, mawaƙa sukan saba da tsari, salo, da dabaru daga al'adu da harsuna daban-daban. Mawaƙa sun ba da gudummawa ga haɓakar harshe, bayyananniyar halaye, da amfani na harsunansu.",25.179817331269444,False
afrifact_data_culture_hausa_343,hausa,ƙwallon kwando an ƙirƙire ta ne a Asiya,refutes,"An ƙirƙira shi a cikin 1891 ta malamin motsa jiki ɗan ƙasar Kanada-Ba-Amurke James Naismith a Springfield, Massachusetts, Amurka, ƙwallon kwando ya samo asali ya zama ɗayan shahararrun wasanni na duniya da ake kallo. Ƙungiyar ƙwallon kwando ta ƙasa (NBA) ita ce babbar ƙungiyar ƙwallon kwando mafi mahimmanci a duniya ta fuskar shahara, albashi, hazaka, da matakin gasa.",afrifact_data_culture_hausa_344,hausa,"An ƙirƙira shi a cikin 1891 ta malamin motsa jiki ɗan ƙasar Kanada-Ba-Amurke James Naismith a Springfield, Massachusetts, Amurka, ƙwallon kwando ya samo asali ya zama ɗayan shahararrun wasanni na duniya da ake kallo. Ƙungiyar ƙwallon kwando ta ƙasa (NBA) ita ce babbar ƙungiyar ƙwallon kwando mafi mahimmanci a duniya ta fuskar shahara, albashi, hazaka, da matakin gasa.",28.605057532959027,False
afrifact_data_culture_yoruba_185,yoruba,Ọwọ́ àwọn Gómìnà ìpínlẹ̀ kò sí nínú owó tí wọ́n máa ń fún àwọn ẹka ìjọba.,refutes,"Àwọn ọmọ ẹgbẹ́ PDP fẹ̀hónúhàn nílé ẹjọ́ gíga jùlọ Iru ofin wo ni wọn fi n ṣe eto owo iṣuna ẹka idajọ tẹlẹ? Ṣaaju ki Aarẹ Buhari to o pa aṣẹ naa, awọn gomina ipinlẹ lo ma n sọ iye owo ti wọn yoo fun awọn ẹka ijọba yooku, to fi mọ yiyọnda owo naa fun wọn. O ma n farahan ninu aba owo isuna ti wọn n gbe lọ siwaju awọn aṣofin ipinlẹ.",afrifact_data_culture_yoruba_347,yoruba,"Ọ̀pọ̀lọ̀pọ̀ ìgbà ni ìjínigbé ti wáyé ní ojú ọ̀nà ìlú Ọ̀wọ̀ sí Ìkàrẹ́-Àkókó. Alukoro fun ileeṣẹ ọlọpa nipinlẹ Ondo, Fẹmi Joseph sọ fun akọroyin BBC Yoruba, pe eniyan mẹta ni awọn ti wọn ji gbe lootọ, ṣugbọn ''ileeṣẹ ọlọpaa ko ti i le sọ boya Fulani lo ji wọn gbe nitori pe a ko ti i ri wọn'' tako iroyin to jade pe awọn fulani daran-daran lo ji wọn gbe. Bakan naa lo sọ ijinigbe ati iwa ọdaran gbogbo kiiṣe ọrọ ẹya tabi ẹsin. Ile isẹ ọlọpaa n gbe Ọrẹkunrin Khadijat rẹlẹ ẹjọ ni Ọjọ Aje ""Ọwọ wa tẹ awọn afurasi ajinigbe mẹjọ ni bi ọsẹ meji sẹyin, ko si si ẹya Fulani kankan lara wọn. Awọn mẹjọ naa si ti wa ni ihamọ nitori ọrọ wọn ti de ile ẹjọ."" Gẹgẹ bi ohun ti Joseph sọ, ọkan lara awọn mẹta ti wọn ji gbe jẹ olukọ ni ileewe gbogbonise Rufus Giwa to wa ni ilu Ọwọ nipinlẹ Ondo. Ọna to lọ si ilu Ipele nitosi Ọwọ ni wọn ti ji olukọ naa gbe.",28.41245697580357,False
afrifact_data_culture_hausa_257,hausa,Hausa koko abu ne na yau-da-kullun a Ghana kuma ana ci da abincin gargajiya kamar ƙosai ko Akara.,supports,"An kira shi Hausa koko saboda ra'ayin da aka kirkire shi a yankunan Arewacin Ghana. Hakanan abu ne na yau-da-kullun a cikin yankuna daban-daban a Ghana. Yawanci ana tare da furen wake na Ghana wanda ake kira ƙosai, ɗanyen garin soyayyen garin- Pinkaso ko wainar wake ta Nijeriya da ake kira Akara. ",afrifact_data_culture_hausa_255,hausa,"An kira shi Hausa koko saboda ra'ayin da aka kirkire shi a yankunan Arewacin Ghana. Hakanan abu ne na yau-da-kullun a cikin yankuna daban-daban a Ghana. Yawanci ana tare da furen wake na Ghana wanda ake kira ƙosai, ɗanyen garin soyayyen garin- Pinkaso ko wainar wake ta Nijeriya da ake kira Akara. ",55.74737692499211,False
afrifact_data_culture_yoruba_190,yoruba,Ààrẹ ń sọ̀rọ̀ kábakàba bí ẹni pé ọmọ egbẹ́ lẹ́yìnlẹ́yìn ni.,nei,"Oluwo tun n sọ kaakiri pe igbesẹ ti awọn lọbalọba gbe naa ko kan oun tori oun si n jọba lọ ni, ti Oluwo ko si gba alaafia laaye lori aawọ naa, oun ko si lee gba ko fi iya jẹ oun gbe. ""Ẹni ti iya ba jẹ ko ni dakẹ, mo ti sọ funle ẹjọ pe ko se ẹtọ ati igbesẹ to daa lori iya ti Oluwo fi jẹ mi, amọ to pada sọ pe ko si ija kankan laarin wa.",afrifact_data_culture_yoruba_651,yoruba,"Ní ìgbà tí o di ọmọ ọdún mẹ́rìndínlógún ni o gbé ìyàwó, orúkọ́ ìyàwó rẹ̀ a má jẹ́ “Yasodhara”, Nígbà tí o pé ọmọ ọdún mọ́kàndínlọ́gbọ́n ni ìyàwó rẹ̀ bi ọmọ ọkùnrin kan fún-un orúkọ rẹ̀ a ma jẹ́ “Rahula”. Lẹ́hìn tí o bi ọmọ yii tán ìtàn fi ye wa wí pé o se ìrìnàjò lori ẹ̀sìn lẹ́ẹ̀mẹ́rin ọ̀tọ̀ọ̀tọ̀, nígbà tí ọ̀pọ̀ ìtàn sọ wí pé ń se ni o ri ìran lẹ́ẹ̀mẹ́rin.",20.77982997557548,False
afrifact_data_culture_yoruba_172,yoruba,"Àná ni Pópọ́ọlá wọ aṣọ aláwọ̀ aró, ò ní ni Wọlé wọ tirẹ̀.",nei,"Ọrọ atilẹyin Ọjọgbọn Soyinka yii wa lẹyin ọjọ mẹrin ti awọn gomina iha Guusu-Iwọ Oorun ppkorajọ nilu Ibadan lati ṣe ifilọlẹ ikọ Amotekun naa. Ẹwẹ, ṣiṣi aṣọ loju ikọ alaabo yii ti n ru ọpọlọpọ ikunsinu, igboriyin, gbọyi s'ọyi, atilẹyin sita lorilẹ-ede Naijiria ati kaakiri agbaye. Awọn to ti n ṣatilẹyin fun ikọ Amotekun Ẹgbẹ awọn agbẹjọrọ Naijiria ti a mọ si Nigeria Bar Association, ẹka ti ipinlẹ Ekiti ni awọn gomina iwọ oorun guusu Naijiria ko tii ṣe kọja ilana ofin tọdun 1999 ti Naijiria n lo.",afrifact_data_culture_yoruba_044,yoruba,Àwọn wọ̀nyí ni wọ́n ma ń pidán tí wọ́n sì ma ń yí . Egúngún Apẹ̀ṣà. Irúfẹ́ àwọn egúngún wọ̀nyí ló m a ń kọrin ki àwọn ènìyàn. Egúngún Aláago. Àwọn eégún wọ̀nyí jẹ́ egúngún oní fàájì àti bbl. Orúkọ tí wọ́n ń pe àwọn egúngún wọ yí tún yàtọ̀ síra wọn ní ìlú sílú ati àdúgbò sí àdúgbò. Ìtàn nípa Egúngún [ | ] Onirunrun itan lo ro mo Iwasayi tabi ibere egungun sugbon eyi ti a o salaye ni Itan akoni ti a mo si Ogogo omo kulodo.,18.441434425500898,False
afrifact_data_culture_yoruba_739,yoruba,"Ní ilẹ̀ Yorùbá,  tí obìnrin bá ń ṣe ìgbéyàwó, dandan ni kí ó wọ ilẹ̀kẹ̀ sọ́rùn.",nei,"Olúwọlé kú lọ́dún 1841 nígbà tí sísán àrá fàá tí àgbá àdó-olóró l'áàfin Ọba fi dún gbàmù. Gbogbo ẹran ara Olúwọlé ló fọ́n túká káàkiri, débi pé ilẹ̀kẹ̀ oyè rẹ̀ ní kan ni wọ́n fi dá a mọ̀.",afrifact_data_culture_yoruba_004,yoruba,"Èyíkéyí ọ̀nà tí wọn kí báà gbà gbìn in, ọ̀dùnkún yóò hu ewé, ó sì tún ma ń mí kí afẹ́fẹ́ lè wọ inú rẹ̀ nígbà tí ó bá ń ìdàgbà-sókè lọ́wọ́ àwọn ibi tí ó ń gbà mí Yii ni àwọn onímọ̀ ń pe ní . Ibi tí ó ń gbà mí yìí ni ó pọ̀ lára rẹ̀ gẹ́gẹ́ bí ilẹ̀ bá ṣe gbàá láàyè sí. Ọ̀dùnkún ma ń tóbi si nínú ilẹ̀ bí àsìkò bí ọjọ́ bá ṣe ń lọ sí lórí rẹ ni. Lẹ́yìn tí ó bá hu ewé tán ni yóò mú iṣu ànàmọ́ jáde pẹ̀lú àwọ̀ tí ó bá wà lára èyí tí a ti gbìn tẹ́lẹ̀.",32.40510639307204,False
afrifact_data_culture_yoruba_416,yoruba,"Ikú Ebila le mú kí ẹgbẹ́ One Million Boys sọ agbára nù, àmọ́  ó túnbọ̀ ró àwọn ẹgbẹ́ òkùnkùn kékèèké mìíràn lágbàra.",refutes,"Ṣe iku Abiola Ebila yoo fopin si ẹgbẹ one million boys bi? Ni ọjọ mẹta ṣẹyin, ni osu kẹrin, ọdun 2020, ni Abiola Ebila pa orogun rẹ ninu ẹgbẹ okunkun miran, Ekugbemi, lati igba naa si ni awọn agbofinro ti n wa Abiola Abila, ko le e koju igbejọ ẹṣun naa. Ni irọlẹ ọjọ Aiku, ọjọ Kejila oṣu Keje ọdun 2020 ni ariwo gba ilu kan pe ọwọ ti tẹ olori ọmọ ẹgbẹ one million boys, Abiola Ebila, to si ti jẹ Ọlọrun nipe. Ariwo ayọ gba ilu kan pe eegun ẹyin ẹgbẹ okunkun naa ti ṣẹ, paapaa pẹlu olori rẹ to ku naa, ti awọn ọmọ ẹyin rẹ yoo si fi ẹsẹ fẹ. Ṣugbọn ibeere ti ọpọ eeyan n beere ni pe, ṣe opin patapata ti de ba ẹgbẹ aseku pani one million boys ni bayii ti olori wọn ti silẹ bora? Ṣugbọn awọn miran n ro ninu ọkan wọn pe, agbo to fi ẹyin rin lọ ni ọrọ ẹgbẹ okunkun one million boys yii lee jẹ, o ṣee ṣe ki wọn lọ tun agbara mu wa.",afrifact_data_culture_yoruba_417,yoruba,"Ṣe iku Abiola Ebila yoo fopin si ẹgbẹ one million boys bi? Ni ọjọ mẹta ṣẹyin, ni osu kẹrin, ọdun 2020, ni Abiola Ebila pa orogun rẹ ninu ẹgbẹ okunkun miran, Ekugbemi, lati igba naa si ni awọn agbofinro ti n wa Abiola Abila, ko le e koju igbejọ ẹṣun naa. Ni irọlẹ ọjọ Aiku, ọjọ Kejila oṣu Keje ọdun 2020 ni ariwo gba ilu kan pe ọwọ ti tẹ olori ọmọ ẹgbẹ one million boys, Abiola Ebila, to si ti jẹ Ọlọrun nipe. Ariwo ayọ gba ilu kan pe eegun ẹyin ẹgbẹ okunkun naa ti ṣẹ, paapaa pẹlu olori rẹ to ku naa, ti awọn ọmọ ẹyin rẹ yoo si fi ẹsẹ fẹ. Ṣugbọn ibeere ti ọpọ eeyan n beere ni pe, ṣe opin patapata ti de ba ẹgbẹ aseku pani one million boys ni bayii ti olori wọn ti silẹ bora? Ṣugbọn awọn miran n ro ninu ọkan wọn pe, agbo to fi ẹyin rin lọ ni ọrọ ẹgbẹ okunkun one million boys yii lee jẹ, o ṣee ṣe ki wọn lọ tun agbara mu wa.",58.69021948415407,False
afrifact_data_culture_igbo_755,igbo,Ndị Brazil nyere goolu ozugbu Neymar gbanyere bọọlụ na poostu.,refutes," Brazịl gaara enye goolu ugbua, ka Paulinho gbabatara nso poostu, Neymar bufeere ya bọọlụ, mana ọ banyeghị ọfụma n'ụkwụ Paulinho, mere ka ọ gbafuo ya. Nkeji 10: Ụkwụ Neymar emetụbeghị bọọlụ ọfụma etu ndị mmadụ chọrọ maọbụ na-eche. ",afrifact_data_culture_igbo_753,igbo," Brazịl gaara enye goolu ugbua, ka Paulinho gbabatara nso poostu, Neymar bufeere ya bọọlụ, mana ọ banyeghị ọfụma n'ụkwụ Paulinho, mere ka ọ gbafuo ya. Nkeji 10: Ụkwụ Neymar emetụbeghị bọọlụ ọfụma etu ndị mmadụ chọrọ maọbụ na-eche. ",36.57911832632387,False
afrifact_data_culture_igbo_498,igbo,"Ngozi Okonjo Iweala bụ mịnịsta na-ahụ maka ego na Nigeria, malite n’afọ 2003 rue 2006; nakwa site n’afọ 2011 rue 2015.",supports,Ngọzị Okonjọ-Iweala rụrụ ọrụ dịka Mịnịsta na-ahụ maka ihe niile gbasara ego (Minister of Finance) na . Ọ rụrụ ọrụ mịnịsta ugboro abụọ: sitē n’afọ 2003 rue afọ 2006; sitekwa n’afọ 2011 rue 2015.,afrifact_data_culture_igbo_497,igbo,Ngọzị Okonjọ-Iweala rụrụ ọrụ dịka Mịnịsta na-ahụ maka ihe niile gbasara ego (Minister of Finance) na . Ọ rụrụ ọrụ mịnịsta ugboro abụọ: sitē n’afọ 2003 rue afọ 2006; sitekwa n’afọ 2011 rue 2015.,76.3810735386732,False
afrifact_data_culture_hausa_018,hausa,An kashe Sir Ahmadu Bello a gidansa a ranar 12 ga watan Junairu.,refutes,"A ranar 15 ga watan Janairu, wajen karfe 10 na dare, Major Nzeogu Kaduna da yaransa suka shiga gidan firemiya suka sake shi yana lazimi, suka harbe shi da bindiga har lahira.",afrifact_data_culture_hausa_214,hausa,"A ranar 15 ga watan Janairun shekarar 1966, wani matashi da Firimiyan Bello ya rika wato Chukwuma Kaduna Nzegwu ya jagoranci juyin mulki a lokacin yana Cadet a NDA, suka kifar da gwamnatin da kashe shi da kashe Firimiyan da wasu yan' siyasan",29.353041820472413,False
afrifact_data_culture_igbo_476,igbo,"Ndị mgbe gboo ji Ibini Ukpabi edozi esemokwu na nsogbu ndị dịka esemokwu ezinụlọ, igbu ọchụ, na ịta amoosu.",supports,"Eji Ibini Ukpabi dozie nsogbu, karịsịa nke igbu ọchụ, amoosu, nsị na esemokwu ezinụlọ. ",afrifact_data_culture_igbo_477,igbo,"Eji Ibini Ukpabi dozie nsogbu, karịsịa nke igbu ọchụ, amoosu, nsị na esemokwu ezinụlọ. ",80.89155362406973,False
afrifact_data_culture_hausa_487,hausa,Muhammad Auwal Albaniy Zariya ya rasu sanadiyyar hatsarin mota.,refutes,Ƴan bindigar sun harbe Sheikh Muhammad Auwal Adam Albani Zariya tare da ɗaya daga cikin matansa a cikin garin a kan hanyarsu ta dawowa gida bayan sun halarci karatun Tafsirin yamma da suka saba zuwa a cikin garin.,afrifact_data_culture_hausa_488,hausa,Ƴan bindigar sun harbe Sheikh Muhammad Auwal Adam Albani Zariya tare da ɗaya daga cikin matansa a cikin garin a kan hanyarsu ta dawowa gida bayan sun halarci karatun Tafsirin yamma da suka saba zuwa a cikin garin.,20.861404616782792,False
afrifact_data_culture_hausa_556,hausa,Almajiri shi ne wanda ya bar garinsu zuwa wani gari don kasuwanci.,refutes,Saidai kuma akasari na yima kalmar Almajiri fassarar . Kamar yadda ake dan ganta yaran dake barin garuruwan su zuwa wadan su neman Ilimin Alkur'ani.,afrifact_data_culture_hausa_466,hausa,"Ana fitar da ita ne daga cikin dukiyar da ya mallaka wanda ya haɗa da tsabar , kadara, da kuma ma'adanai wanda yakai tsawon wani adadi na musamman sannan kuma ta kai wani lokaci keɓantacce zuwa ga waɗansu keɓantattun .",15.8578852569889,False
afrifact_data_culture_yoruba_560,yoruba,"Láti rìnrìn-àjò dé Porto Novo láti Èkó, èèyàn á nílò láti wọ ọkọ̀ ojú ọ̀nà.",refutes,"Gẹ́gẹ́bí erékùsù Èkó, Àgbádárìgì jẹ́ ìlú tí a tẹ̀dó sí etí omi, nítorí ìdí èyí, àyè wà láti rìnrìn-àjò gbojú omi láti Èkó sí Ìlú Porto Novo.",afrifact_data_culture_yoruba_561,yoruba,"Gẹ́gẹ́bí erékùsù Èkó, Àgbádárìgì jẹ́ ìlú tí a tẹ̀dó sí etí omi, nítorí ìdí èyí, àyè wà láti rìnrìn-àjò gbojú omi láti Èkó sí Ìlú Porto Novo.",52.22320167588591,False
afrifact_data_culture_yoruba_552,yoruba,"Matthew Aremu tí a tún mọ̀ sí Olúṣẹ́gun Ọbásanjọ́ je àgbà olóṣèlú, ajagun-fẹ̀yìntì, àti ààrẹ àná ní orílẹ̀-èdè Nàìjíríà.",supports,"Matthew Àrẹ̀mú Olúṣẹ́gun Ọbásanjọ́ (tí wọ́n bí ní Ọjọ́ karùn-ún oṣù kẹta ọdún 1937) jẹ́ gbajúmọ̀ àgbà olóṣèlú, ajagun-fẹ̀yíntí àti Ààrẹ àná orílẹ̀ èdè Nàìjíríà. Orúkọ bàbá rẹ̀ ni Amos Àdìgún Ọbalúayésanjọ́ ""Obasanjo"" Bánkọ́lé, ìyá rẹ̀ sìn ń jẹ́ Àṣàbí.Ọbásanjọ́ jẹ́ ọmọ bíbí Òwu ní ìlú Abẹ́òkúta ní ìpínlẹ̀ Ògùn lórílẹ̀ èdè Nàìjíríà. Ìyá rẹ̀ kú ní ọdún 1958, bàbá rẹ̀ sìn kú bákan náà ní ọdún 1959.",afrifact_data_culture_yoruba_547,yoruba,"Matthew Àrẹ̀mú Olúṣẹ́gun Ọbásanjọ́ (tí wọ́n bí ní Ọjọ́ karùn-ún oṣù kẹta ọdún 1937) jẹ́ gbajúmọ̀ àgbà olóṣèlú, ajagun-fẹ̀yíntí àti Ààrẹ àná orílẹ̀ èdè Nàìjíríà. Orúkọ bàbá rẹ̀ ni Amos Àdìgún Ọbalúayésanjọ́ ""Obasanjo"" Bánkọ́lé, ìyá rẹ̀ sìn ń jẹ́ Àṣàbí.Ọbásanjọ́ jẹ́ ọmọ bíbí Òwu ní ìlú Abẹ́òkúta ní ìpínlẹ̀ Ògùn lórílẹ̀ èdè Nàìjíríà. Ìyá rẹ̀ kú ní ọdún 1958, bàbá rẹ̀ sìn kú bákan náà ní ọdún 1959.",70.62828576673374,False
afrifact_data_culture_yoruba_233,yoruba,Àfọ̀njá kò rí àtìlẹyìn kankan gbà lọ́dọ̀ Hausa nígbà tí ó dìtẹ̀ lórí ìjọba.,refutes,"Ìlórin jẹ́ ìlú tí àwọn Yorùbá pílẹ̀ rẹ, ọ̀kan lára àwọn ẹ̀yà mẹ́ta tó pàtàkì jùlọ ní Nàìjíríà, níbi ọgọrùn lọnà méjìdínlógún sẹ́yìn (18th century). Ó di olú ìlú fún awọn ológun agbègbè tin bẹ̀ lábẹ́ Ìjọba Ọ̀yọ́ títí di ọdún 1817, nígbà tí Kàkànfò agbègbè náà, ẹni tí orúkọ rẹ̀ ń jẹ́ Afọ̀njá, dìtẹ lórí ìjọba, pẹ̀lú àtìlẹyìn lọ́dọ̀ Hausa kan tí orúkọ rẹ̀ ń jẹ́ Shehu Àlímì, wòlíì àti olùkọ́ ẹ̀sìn Ísílàámù.",afrifact_data_culture_yoruba_444,yoruba,"Igboho lo sọ ọrọ naa nibi ipade kan ti Ọjọgbọn Banji Akintoye, to jẹ aṣiwaju nilẹ Yoruba naa wa. O ṣalaye pe ko si nnkankan to n jẹ iṣọkan Naijiria mọ lẹyin ti eto abo ilẹ Yoruba mẹhẹ, ti ijọba apapọ ko si ri ohun kankan ṣe nipa rẹ. Bakan naa lo tun ṣalaye pe oun atawọn ikọ oun ti ṣetan lati koju awọn ọdaran Fulani lọna ati le wọn kuro ni gbogbo ilẹ Yoruba patapa. Gẹgẹ bo ṣe sọ, ""a o lọ ṣi awọn ẹnu ibode wa ti ijọba apapọ ti pa, a o si ṣigbogbo rẹ ki ounjẹ le maa wọle."" ""A kii ṣe ara Naijiria mọ, ọlọpaa ti wọn ba bi daa, ko da wa lọna tabi ko gbiyanju lati mu ẹnikẹni ninu wa, igba yẹn ni wọn yoo mọ pe ẹnu Yoruba ko."" Igboho sọ pe ko si anfani kankan ti ẹya Yoruba n ri ninu Naijiria gẹgẹ bii orilẹ-ede nitori gbogbo ipo to ṣe pataki ninu ijọba to wa lode yii ni Hausa n ṣakoso. O pari ọrọ rẹ pe digbi ni oun wa lẹyin awọn agbagba Yoruba lori igbesẹ wọn lati gba ominira kuro ni Naijiria.",30.68462903782922,False
afrifact_data_culture_yoruba_764,yoruba,Irúfẹ́ àwọn orúkọ mìíràn tí a tún lè pe ọbẹ̀ yìí pín sí méje.,refutes,"Àwọn orúkọ mìíràn tí wọ́n tún ń pe ọbẹ̀ náà ni uha àti ọbẹ̀ ora. Àwọn Oúnjẹ tí ẹ le fi jẹ Oha [ | ] Ọbẹ̀ oha/Uha dára jù lọ pẹ̀lú fùfú. Iyán, sẹ̀mó, ọlá àti ẹ̀bà gbogbo àwọn wọ̀nyí náà ni wọ́n dára pẹ̀lú ọbẹ̀ oha.",afrifact_data_culture_yoruba_765,yoruba,"Àwọn orúkọ mìíràn tí wọ́n tún ń pe ọbẹ̀ náà ni uha àti ọbẹ̀ ora. Àwọn Oúnjẹ tí ẹ le fi jẹ Oha [ | ] Ọbẹ̀ oha/Uha dára jù lọ pẹ̀lú fùfú. Iyán, sẹ̀mó, ọlá àti ẹ̀bà gbogbo àwọn wọ̀nyí náà ni wọ́n dára pẹ̀lú ọbẹ̀ oha.",29.14210581704247,False
afrifact_data_culture_igbo_743,igbo,Jurgen Klopp kwuru na ọ gaghị akwụ ụgwọ iwu ọ dara n'ihi na o mere ya na-amaghị ama.,refutes,"N'egwuregwu Onye nchịkọta otu egwu Liverpool bụ Jurgen Klopp anabatala iwu ego dị nde paụnds asatọ e riri ya maka ịgbaba n'ime ọgbọ egwuregwu. Klopp kwuru na ọ bụ eziokwu na ọ dara iwu, na ọ pụghị ịgbanarị nke a. ",afrifact_data_culture_igbo_744,igbo,"N'egwuregwu Onye nchịkọta otu egwu Liverpool bụ Jurgen Klopp anabatala iwu ego dị nde paụnds asatọ e riri ya maka ịgbaba n'ime ọgbọ egwuregwu. Klopp kwuru na ọ bụ eziokwu na ọ dara iwu, na ọ pụghị ịgbanarị nke a. ",40.879502782183685,False
afrifact_data_culture_igbo_347,igbo,"Na Republic nke abụọ nke Nigeria, P.N. Okeke-Ojiudu ji ọkwa Gọvanọ Anambara. ",refutes,"Ọ bụ Mịnịsta na-ahụ maka ọrụ ugbo site na 1959-1966, oge akpọrọ Nigeria First Republic . ",afrifact_data_culture_igbo_345,igbo,"Mgbe ọ gachara ịzụ ahịa akwa na ngwa ụlọ, Okeke-Ojiudu banyere itinye aka na ndọrọ ndọrọ ochịchị na 1950 meriri ntuli aka nke Gọọmentị Obodo na obodo ya, na 1951 wee bụrụ onye otu ndị Northern District Council ebe a họpụtara ya Onye isi oche nke ndị ọrụ na Kọmitii Mmụta.",18.76655219635377,False
afrifact_data_culture_igbo_806,igbo,Mazị Sam Ohuabunwa bụ ọkaibe n'ihe gbasara mkpata na mmefu akụ . Mazị Sam Ohuabunwa kwenyere na ndị Naịjirịa ji ụgwọ nwere ike ime ka ego Naịjirịa gharazi iwe isi nke na agaghịzi enwewu ike iji ya gotelie ihe na mba ụwa.,supports,"Mazị Sam Ohuabunwa bụ onye ihe gbasara mkpata na mmefu akụ doro anya kwenyere na ya bụ egwu Atiku na-atụ. Ọ sị na n'ezie, ndị ebitere ego nwereike ịbịa were akụ na ụba Naịjirịa, mana na-enwere ụzọ ọzọ ha ga-esi gbata ụgwọ ego ha karịrị ịnwere akụ na ụba Naịjirịa. Ọ sị na ""ha nwereike ịme ka ego Naịjirịa tipie etipie nke bụ na-ọnweghịzị ihe ọ ga-egoteli na mba ụwa. Onweghịzịkwa ndị ga-atụkwasa Naịjirịa obi maka iresi ha ihe ma ha ejighị ego"".",afrifact_data_culture_igbo_805,igbo,"Mazị Sam Ohuabunwa bụ onye ihe gbasara mkpata na mmefu akụ doro anya kwenyere na ya bụ egwu Atiku na-atụ. Ọ sị na n'ezie, ndị ebitere ego nwereike ịbịa were akụ na ụba Naịjirịa, mana na-enwere ụzọ ọzọ ha ga-esi gbata ụgwọ ego ha karịrị ịnwere akụ na ụba Naịjirịa. Ọ sị na ""ha nwereike ịme ka ego Naịjirịa tipie etipie nke bụ na-ọnweghịzị ihe ọ ga-egoteli na mba ụwa. Onweghịzịkwa ndị ga-atụkwasa Naịjirịa obi maka iresi ha ihe ma ha ejighị ego"".",98.65997478455768,False
afrifact_data_culture_hausa_673,hausa,Ana zargin 'yan bindiga dadi da kisan mutane lokacin da aka saka dokar hana zirga-zirgar jama'a.,refutes,Ta ce bincikenta ya nuna cewa jami'an tsaro sun kashe mutane akalla 18 daga lokacin da dokar takaita zirga-zirgar ta soma aiki a ranar 30 ga watan Maris.,afrifact_data_culture_hausa_678,hausa,Ta ce bincikenta ya nuna cewa jami'an tsaro sun kashe mutane akalla 18 daga lokacin da dokar takaita zirga-zirgar ta soma aiki a ranar 30 ga watan Maris.,37.09311613140286,False
afrifact_data_culture_igbo_102,igbo,Odogwu Afrịka chịrị Zimbabwe bido afọ 1980 ruo afọ 2017,supports,Ya bu odogwu Afrịka chịrị Zimbabwe bido afọ 1980 ruo afọ 2017.,afrifact_data_culture_igbo_100,igbo,Ya bu odogwu Afrịka chịrị Zimbabwe bido afọ 1980 ruo afọ 2017.,73.94298081082509,False
afrifact_data_culture_igbo_752,igbo,Swizaland nọ n'ọkwa isii nke mba kachasị agba bọọlụ dịka mkpọpụta ndị FIFA si dị. Ndị mmadụ na-ele ndị Brazil ịma ma ha a ga-eme nke ọma karịa Jamini.,supports,"Ndị FIFA kpọrọ aha Swizaland n'ọkwa isii nke ọkachasị agba bọọlụ nke afọ a, tupu Iko Mbaụwa a ebido. Anya niile dị n'ahụ Brazịl ịma ma ha a ga-eme ọfụma karịa ndị Jamini e meriri taa.",afrifact_data_culture_igbo_751,igbo,"Ndị FIFA kpọrọ aha Swizaland n'ọkwa isii nke ọkachasị agba bọọlụ nke afọ a, tupu Iko Mbaụwa a ebido. Anya niile dị n'ahụ Brazịl ịma ma ha a ga-eme ọfụma karịa ndị Jamini e meriri taa.",89.30643682591754,False
afrifact_data_culture_hausa_040,hausa,Kasar Landan ba ta cikin wuraren da Abubakar Tafawa Balewa ya yi karatu.,refutes,"A cikin shekarar 1944, Abubakar Tafawa Balewa da wasu malamai masu ilimi a Lardunan Arewa aka zabi su yi karatu a kasashen waje a Cibiyar Ilimi ta Jami'ar London, wadda a yau ta zama wani bangare na Kwalejin Jami'ar .",afrifact_data_culture_hausa_067,hausa,A cikin watan Satumban shekara ta alif 1946 an ba shi tallafin karatu zuwa Jami'ar Institute of Education da ta ke a Landan tare da Prime minister na farko a Najeriya wato Alhaji Sir Abubakar Tafawa Balewa.,42.39051955981424,False
afrifact_data_culture_hausa_329,hausa,Agwaluma na taimakawa wajen rage alamun zazzabi da kuma inganta lafiyar jiki yayin cututtuka masu alaƙa da malaria.,supports,aria mai naci ko wanda bai jin magani. Binciken wanda aka wallafa a kundin BMC Complementary and Alternative Medicine ya bayyana cewa wannan magani ka iya zama sabuwar karbabbiyar hanyar magance zazzabin duba da rashin nasarar da ake samu da sauran nau’ikan magunguna. Agwaluma dai na dauke da sinadar,afrifact_data_culture_hausa_322,hausa," wa lafiyar ɗan’adam kamar yadda ake ta yayatawa, binciken masana ya tabbatar da cewa, “Amfanin goro ga lafiyar ɗan’adam ya fi illolinsa yawa”, Ugwu da Tawagarsa (2020). Yana washe (wanke) baki, yana ƙara kuzari, yana gusar da yunwa da ƙishin ruwa, yana wartsakar da jiki sannan kuma yana ɗauke da sinadaran magani da sauran abubuwa masu tarin yawa (Lovejoy, 1980) A kimiyyance ana kiran itaciyar da ",21.22879067224973,False
afrifact_data_culture_igbo_423,igbo,Obodo ọtụtụ mmadụ bi n'ime ya na-enwe nsogbu mmiri na ebe obibi dị mma karịsịa ebe ha dị obere.,nei,"Ruo mgbe ndị Europe rutere na Naijiria, akụ na ụba Mbaise dabeere na ọrụ ugbo",afrifact_data_culture_igbo_425,igbo,"Mbaise bụ mpaghara dị na Imo Steeti na ndịda ọwụwa anyanwụ . N'etiti , mpaghara ahụ gụnyere ọtụtụ obodo na obodo ukwu. Ndị bi na ya bụ ndị agbụrụ, ndị jikọtara site na alụmdi na nwunye. Mbaise bụ mpaghara kacha nwee ọnụ ọgụgụ mmadụ n'Ebe Ọdịda Anyanwụ Afrịka; ọnụ ọgụgụ ndị bi na ya n'afọ 2006 bụ puku narị isii na iri nà otu, narị abụọ na anọ.",24.766453771719103,False
afrifact_data_culture_hausa_315,hausa,Hausawa suna amfani da gyaɗa wajen haɗa ƙuli-ƙuli da wasu nau’ikan abinci ba wai miyar gyaɗa ba kawai.,nei,"Miyar gyaɗa miya ce da ake yi da gyaɗa, sau da yawa tare da wasu sinadarai iri-iri. Babban ne amma kuma ana ci a Gabashin ( ), (yafi a ) da sauran yankuna na . Har ila yau, ya zama ruwan dare a wasu yankuna, kamar arewa maso yamma, da , inda a wasu lokuta ana iya ba da shi da naman kashi da ɗan gajeren taliya ko soya.",afrifact_data_culture_hausa_286,hausa,"ƙuli-ƙuli ana iya cinsa ta hanyoyi da dama wasu sukan sanya shi a cikin garin rogo su sha, wasu kuma sukan iya cinsa da Bazan-ƙwaila, wasu kuma suna cin sa haka nan zallansa.",32.972853183263894,False
afrifact_data_culture_yoruba_266,yoruba,"Nínú ìtàn, Gẹ̀lẹ̀dẹ́ àti Ẹ̀fẹ̀ kò rú ẹbọ tí Ifá wí ni wọn ò ṣe rọ́mọ bí láyé.",refutes,"Àbíkéjì Yemọja tó jẹ́ obìnrin tí orúkọ rẹ̀ ń jẹ́ ""Gẹ̀lẹ̀dẹ́"" ni ó sanra gẹ́gẹẹ́ bí ìyá wọn, tí ó dì fẹ́ràn ìyá wọn gidigidi, tí òun náà sì fẹ́ràn láti ma jó. Lẹ́yìn tí àwọn ọmọm méjèjì náà deni tí ń láya òun ọkọ, wọ́n níi. Ṣùgbọ́n, àwọn náà kò rọ́mọ bí, nìyá wọn bá tún gboko Aláwo lọ̀. Ifá ní kí Ẹ̀fẹ̀ òun Gẹ̀lẹ̀dẹ́ ó rúbọ tí ìyá wọ rú kí àwọn náà ó lè dọlọ́mọ láyé. Wọ́n rúbọ gẹ́gẹ́ bí ifá ti wí; ni wọ́n bá dọlọ́mọ wẹẹrẹ lọ́ọ̀dẹ̀.",afrifact_data_culture_yoruba_267,yoruba,"Àbíkéjì Yemọja tó jẹ́ obìnrin tí orúkọ rẹ̀ ń jẹ́ ""Gẹ̀lẹ̀dẹ́"" ni ó sanra gẹ́gẹẹ́ bí ìyá wọn, tí ó dì fẹ́ràn ìyá wọn gidigidi, tí òun náà sì fẹ́ràn láti ma jó. Lẹ́yìn tí àwọn ọmọm méjèjì náà deni tí ń láya òun ọkọ, wọ́n níi. Ṣùgbọ́n, àwọn náà kò rọ́mọ bí, nìyá wọn bá tún gboko Aláwo lọ̀. Ifá ní kí Ẹ̀fẹ̀ òun Gẹ̀lẹ̀dẹ́ ó rúbọ tí ìyá wọ rú kí àwọn náà ó lè dọlọ́mọ láyé. Wọ́n rúbọ gẹ́gẹ́ bí ifá ti wí; ni wọ́n bá dọlọ́mọ wẹẹrẹ lọ́ọ̀dẹ̀.",34.192170832040084,False
afrifact_data_culture_igbo_556,igbo,Ọsụọfịa na Ada Jesus nwere esemokwu. Nke mere ka Ada Jesus bụrụ onye nwụrụ anwụ.,nei,"Rita Edochie, Odumeje, Ada Jesus: 'Chukwu abọrọla m ọbọ n'isi nwada a' Onye na-eme ihe nkiri ama ama aha ya bụ Rita Edochie ekwuola na ọ gbagharala Ada Jesus bụ ọkpaọchị ama ama maka okwu ọjọọ o kwuru megide ya. O kwuru si na obi dị ya ụtọ na ụwa amarala na Ada Jesus tụgidere ya asị. ",afrifact_data_culture_igbo_555,igbo,"Mmesoma Mercy Cynthia Obi Ada Jesus nwụrụ ụbọchị Wenezde n'ụlọọgwụ dị n'Abuja ebe e bugara ya maka ịgwọ ya ọrịa metụtara akịrị, abalị ole na ole o jiri mechaa ncheta ọmụmụ ya. Ụbọchị ncheta ọmụmụ Ada Jesus - Mmesoma Mercy Obi na 19 Epreelu, 2021 Ada Jesus, di ya na ndị ọzọ so ṅụrịa ụbọchị ncheta ọmụmụ ya Otu onye ya na-ezinaụlọ ya dị na mma bụ Harrison Gwamishu gwara BBC Igbo n'ekwentị na akụkọ ahụ bụ eziokwu. ",42.458920339413865,False
afrifact_data_culture_hausa_617,hausa,Mamman Shata mawaƙi ne mai kaifin basira wanda ke iya yiwa duk abinda ya ga dama waƙa.,supports,"Ya kasance mashahurin Mawaki, domin a fagen wakarsa ya shahara, Kasancewarsa a cikin wakar ba abin da ba zai iya yi wa waka ba idan ya ga dama.",afrifact_data_culture_hausa_623,hausa,"Daya daga cikin hikimomin da ya baiwa Marigayin Dr. Mamman Shata shi ne cewar yana iya kirkirar waka a duk lokacin da ya ga dama ko kuma aka bukaci da ya yi hakan. Misali, wakar da ya yi ta Dajin-runhu da kuma wakar da ya yi ta Canada Centre a lokacin da ya kai ziyara kasar .",27.842122415388452,False
afrifact_data_culture_yoruba_461,yoruba,Ọgbẹni Egbebi ò gbìyànjú láti lọ bere lọwọ awọn ara inu ọja kí ó tó gba ohun tí ìyàwó rẹ̀ sọ gbọ́,refutes,"Ẹgbẹ oṣiṣẹ ṣe iwọde lati ja fun ẹtọ arabinri oloyun. Ẹwẹ, ẹgbẹ awọn osisẹ nipinlẹ Ondo ti ke si gomina Rotimi Akeredolu lati gba isẹ lọwọ amugbalẹgbẹ rẹ fọrọ akanse isẹ ati aato, Ọmọwe Doyin Odebowale. Saaju la ti mu iroyin wa fun yin pe obinrin alaboyun kan to jẹ osisẹ nileesẹ kolẹ-kodọti lo daku nigba ti Odebowale gba leti lẹnu isẹ. Ẹgbẹ osisẹ naa ni iwa idojuti gbaa ni Odebowale hu si alaboyun naa, Adeola Egbebi lasiko ti obinrin naa wa lẹnu isẹ ladugbo Oja Oba nilu Akure l'Ọjọbọ. Àwọn iròyin tì ẹ leè ní ìfẹ̀ síí: Atẹjade kan ti akọwe ẹgbẹ apapọ awọn osisẹ ọba (AUPCTRE) nipinlẹ naa, Comrade Moyin Banso fisita lọjọ Ẹti, lo sisọ loju ọrọ yii. 'Ẹ kálọ sí ìlú mi'... Ètò ńlá tó bẹ̀ sílẹ̀ kìjà lórí BBC Yorùbá ""A fi gbogbo ẹnu bẹnu atẹ lu iwa ti ọmọwe Odebowale hu si obinrin naa, idi si ree ta se n beere pe kijọba juwe ọna ile fun. Igbesẹ yii nikan si lo le jẹ ki alaafia jọba, ki wọn si maa tọpinpin ipo ti ilera obinrin naa wa."" Ki lo sẹlẹ saaju: Mo dákú rangbọndan lẹ̀yìn tí amúgbálẹ́gbẹ gómìnà Akeredolu fún mi ní ìgbájú olóyì - Aláboyún Alaboyun kan ti fẹsun kan olubamọran pataki lori akanṣe iṣẹ si gomina Rotimi Akeredolu ti ipinlẹ Ondo, Ọmọwe Doyin Odebowale pe o fọ oun leti. Obinrin naa, Egbedi Adeola ati ọkọ rẹ ṣalaye fun BBC Yoruba pe gbagede inu ọja ọba ilu Akure ni iṣẹlẹ naa ti waye. Gẹgẹ bo ṣe sọ, Adeola ni iṣẹlẹ naa waye lasiko ti wọn n ṣe eto gbalumọ inu ọja ti wọn maa n ṣe ni gbogbo Ọjọbọ.",afrifact_data_culture_yoruba_334,yoruba,"LASEMA ati awọn ile ise pajawiri yo ọkọ ti o jasosa lati ṣe afihan ìṣẹlẹ pajawiri Eyi lohun ti Kevin Hines to gbiyanju lati fo sinu odo ko le gba ẹmi ara rẹ ni Golden Gate Bridge ti San Francisco ninu oṣu kẹsan ọdun 2000. bi o tilẹ jẹ wi pe ọpọ eniyan lo ri i lori afara ko to gbiyanju lati pa ara rẹ - koda onirinajo igbafẹ kan ni ko ya oun ni fọtọ. Ko sẹni to mọ pe o ni iporuru ọkan tabi to bi i lere pe ki lo ṣẹlẹ̀. Nitorinaa, lo ba di gbi ninu odo.",30.909111371507876,False
afrifact_data_culture_igbo_557,igbo,Ọrịa mmịwụ gburu Mmesoma Mercy Cynthia Obi. Ọ nwụrụ ọnwa abụọ tupu o mee nncheta ọmụmụ ya.,refutes,"Mmesoma Mercy Cynthia Obi Ada Jesus nwụrụ ụbọchị Wenezde n'ụlọọgwụ dị n'Abuja ebe e bugara ya maka ịgwọ ya ọrịa metụtara akịrị, abalị ole na ole o jiri mechaa ncheta ọmụmụ ya. Ụbọchị ncheta ọmụmụ Ada Jesus - Mmesoma Mercy Obi na 19 Epreelu, 2021 Ada Jesus, di ya na ndị ọzọ so ṅụrịa ụbọchị ncheta ọmụmụ ya Otu onye ya na-ezinaụlọ ya dị na mma bụ Harrison Gwamishu gwara BBC Igbo n'ekwentị na akụkọ ahụ bụ eziokwu. ",afrifact_data_culture_igbo_555,igbo,"Mmesoma Mercy Cynthia Obi Ada Jesus nwụrụ ụbọchị Wenezde n'ụlọọgwụ dị n'Abuja ebe e bugara ya maka ịgwọ ya ọrịa metụtara akịrị, abalị ole na ole o jiri mechaa ncheta ọmụmụ ya. Ụbọchị ncheta ọmụmụ Ada Jesus - Mmesoma Mercy Obi na 19 Epreelu, 2021 Ada Jesus, di ya na ndị ọzọ so ṅụrịa ụbọchị ncheta ọmụmụ ya Otu onye ya na-ezinaụlọ ya dị na mma bụ Harrison Gwamishu gwara BBC Igbo n'ekwentị na akụkọ ahụ bụ eziokwu. ",48.353992443916226,False
afrifact_data_culture_hausa_384,hausa,Malaman addini suna ganin Maulidi na iya amfani da sabbin abubuwa ba tare da bin dukkan ayyukan Annabi ba.,nei," Kuma idan muka lura dacewar dole sai komai Annabi ya aikata zamuyi. Toh muna bukatar amsoshi da dama kamar; 1. Annabi yayi amfani da wayar hannu 2. Yaje makkah a jirgi 3. Ya kira Sallah da sifika 4. Ya sa fanka ko a.c a masallaci 5. Ya hau mota. Da dai sauran su, kuma idan mukai duba da wasu abubuwa addinin Musulunci bazai cigaba ba sai da su kamar zuwa aikin hajji a jirgi, kamar shiga mota saboda ya da Musulunci da dai sauran su. Allah shine masani",afrifact_data_culture_hausa_391,hausa,Daga cikin muhimman manufofin wannan ƙungiya sun hada da: 1. Kaɗaita Allah da bauta ba tare da haɗa Shi da wani ba (shirka). Sannan a tabbatar da biyayya ga Annabi Muhammadu (S.A.W) ba tare da jayayya ko kawo maganganun wasu mutane na daban ba. 2. Tabbatar da bin ɗabi'un (sunna) Manzon Allah (S.A.W) ba tare da ƙirƙire-ƙirƙire ba. 3. Watsi da dukkan al'adun da suka saɓa ma addinin Islama. 4. Soyayyar Annabi (S.A.W) da iyalan shi da sahaban shi /abokan shi da kuma surukan shi ba tare da sukar ko ɗaya daga cikinsu ba. 5. Tabbatar da neman ilimin addini da na boko a ko'ina a faɗin duniya tare da bin dokokin addini. 6. Tabbatar da mutuncin waliyyan Allah na gaskiya da salihan bayi da duk sauran mutanen kirki.,31.502992886750178,False
afrifact_data_culture_igbo_758,igbo,Dọkịta Nne nke ụlọọgwụ Steve kwụrụ na ọbara ịkpụkọ na ngụ na-aka njọ n'ebe ụmụ nwaanyị buru ibu nọ. Venessa na-akpachara onwe ya anya ugbua igbochi ihe ọbụla ga-eme ka ọbara gbaa n'ime ahụ ya.,nei,"Mana ka otu ọnwa gachara, iku ume Vanessa kawanyere njọ nke mere ka e ziga ya na nnukwu ụlọọgwụ. Ebe ahụ ka nnyocha gosiri na ọbara kpụkọrọ na ngụgụ ya. Vanessa kwuru na dọkịta gwara ya na ""ihe kpatara ọbara mkpụkọ ahụ bụ ọgwụ 'contraceptive' m malitere ịṅụ n'ihi na onweghị ihe ọhụrụ ọzọ m tinyere n'ahụ m."" ""Ha gwara m na ọ bụrụ na chekwuru ka otu ụbọchị gafee tupu m bịa ụlọọgwụ, ihe gaara akawanye njọ."" ",afrifact_data_culture_igbo_757,igbo,"Mana ka otu ọnwa gachara, iku ume Vanessa kawanyere njọ nke mere ka e ziga ya na nnukwu ụlọọgwụ. Ebe ahụ ka nnyocha gosiri na ọbara kpụkọrọ na ngụgụ ya. Vanessa kwuru na dọkịta gwara ya na ""ihe kpatara ọbara mkpụkọ ahụ bụ ọgwụ 'contraceptive' m malitere ịṅụ n'ihi na onweghị ihe ọhụrụ ọzọ m tinyere n'ahụ m."" ""Ha gwara m na ọ bụrụ na chekwuru ka otu ụbọchị gafee tupu m bịa ụlọọgwụ, ihe gaara akawanye njọ."" ",53.68260269425955,False
afrifact_data_culture_yoruba_149,yoruba,Ọlọ́run ṣe àdéhùn fún Dáúdà pé bí ó bá bímọ yóò fi ọmọ náà jọ́sìn fún òun.,refutes,"Ọdún Ìdúpẹ́-Ọòrẹ"" jẹ́ ọjọ́ ìsinmi pàtàkì nínú ẹsìn Ìsìlàámù ti àwọn ṣe àjọyọ̀ káàkiri àgbáyé láti ṣerántí àmì kàn tí wọ́n ní ìfẹ sí tí ó ń jẹ́ Ànọ́bì Ìbùrọ̀hìmù ( ( ). Oríṣiríṣi àlàyé ló wà fún ọdún yìi, lára àwọn àlàyé náà ni: Ní ọdún 1991, Sheikh Dr. Abu-Abdullah Adélabú ṣe àlàyé nípa Ọdún Iléyá ní orí Ẹ̀rọ-sọ̀rọ̀sọ̀rọ̀ Rẹ́díò Abùjá wí pé Ọdún Iléyá jẹ́ àjọ̀dún ìfi-ẹ̀mí-ìmọorè-hàn, Ọlọ́hun ní kí Ibrahim ó ṣe láti fi ẹ̀mí-ìmọ́orè hàn èyí tí ó sí fí ọmọ rẹ̀ Ishmael sílè fún ìfi ẹ̀mí-ìmọ́orè hàn sí Ọlọ́run tí ó ṣe àdéhùn fún pé bí oun Ibrahim bá bímọ nínú ogbó pé òun yóò fí ọmọ náà jọ́sín fún Ọlọ́run.",afrifact_data_culture_yoruba_316,yoruba,"Ninu fidio tawọn eeyan rọra ge lara eto naa to gba ori ayelujara kan, ẹrọ ayaworan ṣafihan Neo to n fọ aṣọ nigbati Nengi ati Vee n wo o. Ọrọ ko ba tilẹ ma han sita bi ko ṣe igba ti Vee sọ pe ""Ololufẹ mi, ko ma si pata kan ninu aṣọ, ọrọ naa ba ṣe oju Nengi wara wara to ya a lẹnu. Nengi kọkọ ka a sara ko sọrọ, nigba to ya lo ba fọhun pe ""Neo, ṣe pe o tun n fọ pataaa, haaa!Vee naa ba da a lohun pe ""Neo mi gan mọ pe onimọtoto ni"". Nengi wa sọ fun Neo pe o yẹ ẹ gan o.Iṣẹlẹ yii ti n mu ki ọpọlọpọ ọmọ Naijiria fọn ti wọn si ti n fesi. Awọn esi wọn n pa ni lẹrin jọjọ, ṣe ẹ mọ pe bi igbati o n ṣẹlẹ lẹyinkunle wọn lawọn to n wo eto naa ṣe maa n sọrọ...@Zoeman ni ""aṣe o tilẹ tun lẹnu lati sọ pe o ku pata kan, ara ni yoo san pa pata kan ọhun"". O ni arifin Neo ma pọ o.@Iamemzy ni ""Jeeesu, Neo n fọ pata, kilode tawọn ọkunrin maa n doju ti mi bayii lẹnu ọjọ mẹta""...@emmanueladem naa sọ loju opo Twitter pe o yẹ Vee gan o pe koda Ozo gan ko ṣe to bẹẹ.",28.74911286188951,False
afrifact_data_culture_hausa_246,hausa,"Shinkafa tana da wadatar tushen kuzari mafi inganci, kuma tana da sinadarai, iron da furotin.",supports,"Shinkafa tana da wadatar (albarkatun) starch, akwai kabohsaidirat, tushen kuzari mafi inganci. Shinkafa kuma tana da sinadarai, iron da furotin. Wake kuma ya ƙunshi wasu adadi mai kyau na iron da adadin furotin fiye da na shinkafa. Tare suna bada cikakken furotin, wanda ke fitar da dukkan amino acid, Wanda jiki ba zai iya fitarwa da wannan sinadarin da kansa ba.",afrifact_data_culture_hausa_241,hausa,"Shinkafa tana da wadatar (albarkatun) starch, akwai kabohsaidirat, tushen kuzari mafi inganci. Shinkafa kuma tana da sinadarai, iron da furotin. Wake kuma ya ƙunshi wasu adadi mai kyau na iron da adadin furotin fiye da na shinkafa. Tare suna bada cikakken furotin, wanda ke fitar da dukkan amino acid, Wanda jiki ba zai iya fitarwa da wannan sinadarin da kansa ba.",79.00778806208666,False
afrifact_data_culture_igbo_323,igbo,Ejike Obumneme Aghanya bụ onye nkụzi kpọ ụmụakwụkwọ ya wee gba ọsọ n'oge Agha Biafra.,refutes,"Ejike Obumneme Aghanya Ejike Ebenezer Obumneme Aghanya (27 Nọvemba 1932 - 3 Julaị 2020) bụ onye agha na onye injinia eletrik nke jere ozi na na ndị agha Biafran, na-ala ezumike nká dị ka onye colonel.",afrifact_data_culture_igbo_324,igbo,"Ejike Obumneme Aghanya Ejike Ebenezer Obumneme Aghanya (27 Nọvemba 1932 - 3 Julaị 2020) bụ onye agha na onye injinia eletrik nke jere ozi na na ndị agha Biafran, na-ala ezumike nká dị ka onye colonel.",44.45493514559317,False
afrifact_data_culture_yoruba_076,yoruba,"Ọmọkọ́mọ ni Ayọbámi, olùkọ́ pè é ní òwúrọ̀ yìí, ó sì lu aago pa.",nei,"Oyo kéde pé kí àwọn òṣìṣẹ́ ìjọba dáwọ́ iṣẹ́ dúró nítorí coronavirus Ijọba ipinlẹ Ọyọ ti ti ilẹkun ileeṣẹ ijọba pa fun ọsẹ meji gbako nitori itankalẹ aarun coronavirus nipinlẹ naa. Gomina ipinlẹ naa, Seyi Makinde lo kede bẹ ẹ ninu atẹjade kan to fi sita loju opo Twitter rẹ lọjọru. Aṣẹ naa yoo bẹrẹ iṣẹ ni ọjọ Ẹti, ọjọ kẹtadinlọgbọn, oṣu Kẹta, ọdun 2020.",afrifact_data_culture_yoruba_311,yoruba,"Esi yii jade lẹyin ti ti awọn kan ti ẹnikẹni ko mọ ṣi bo ọkan lara ile Sunday Igboho ni Ibadan ti wọn si jo o nina, Sunday ni ẹda alaye kankan ko lee pa oun afi Ọlọrun Ọba. Lásìkò ìfọ̀rọ̀wérọ̀ pẹ̀lú ìwé ìròyìn Punch ló ti ṣíṣọ lójú eegún ọ̀rọ̀ pé, òun kò bèrè fún ìrànwọ́ owó láti ọwa ẹnikẹ́ni. ""Emi o bẹru ohunkohun tabi ẹnikẹni o, afi Ọlọrun. Ọlọrun lo ni ilẹ oun si ni adari gbogbo ọkan. Ko si ẹda alaye kankan to lee pami torinaa mi o le bẹru eeyan ẹlẹ́ran ara"". Ninu iroyin naa, Igboho ni awọn ọmọ oun ti n pe oun ti wọn si n rọ ọ pe ko jawọ. ""Gbogbo igba ni wọn n ki mi nilọ"". ""Iyawo mi naa wa ninu idamu ọkan nitori ijijagbara mi ṣugbn mo ni lati ṣe eyi fun itusilẹ awọn eeyan mi.",24.61354845052916,False
afrifact_data_culture_yoruba_127,yoruba,Lawal ń tẹ ẹ̀rọ ìbánisọ̀rọ̀ rẹ̀ láti bèrè bóyá ètò Maryland yóò wáyé.,nei,"Gbajugbaja olorin takasufe, David Adeleke ti gbogbo eeyan mọ si 'Davido' naa ko gbẹyin nibi ipolongo ibo fun aburo baba rẹ, Ademọla Adeleke ti o jẹ oludije si ipo gomina lati inu ẹgbẹ oṣelu PDP. Eto idibo si ipo gomina ipinlẹ Ọṣun yoo waye lọjọ kejilelogun oṣu kẹẹsan ọdun yii, Ademọla Adeleke yoo si maa takangbọn pẹlu awọn oludije mẹtadinlaadọta mii. Bi o tile jẹ wipe aago mejila ni wọn sọ wipe eto naa yoo gbinaya, titi di aago meji ọsani, nnkan ko tii fi bẹẹ ṣarajọ nitori awọn alejo pataki ti wọn n reti ko tii gunlẹ si papa ipolongo. Ogunlọgọ awọn eeyan to ti de sibi ipolongo ibo naa ni wọn wọ asọ ẹgbẹjọda ti wọn tẹ́ẹ ami idamọ ẹgbẹ oselu PDP si lara.",afrifact_data_culture_yoruba_334,yoruba,"LASEMA ati awọn ile ise pajawiri yo ọkọ ti o jasosa lati ṣe afihan ìṣẹlẹ pajawiri Eyi lohun ti Kevin Hines to gbiyanju lati fo sinu odo ko le gba ẹmi ara rẹ ni Golden Gate Bridge ti San Francisco ninu oṣu kẹsan ọdun 2000. bi o tilẹ jẹ wi pe ọpọ eniyan lo ri i lori afara ko to gbiyanju lati pa ara rẹ - koda onirinajo igbafẹ kan ni ko ya oun ni fọtọ. Ko sẹni to mọ pe o ni iporuru ọkan tabi to bi i lere pe ki lo ṣẹlẹ̀. Nitorinaa, lo ba di gbi ninu odo.",19.500617587869016,False
afrifact_data_culture_hausa_438,hausa,Abubakar Gumi ya yi rikici da malaman sufaye.,supports,A farkon shekara ta 1960 an samu barkewar rikici tsakanin sa da malaman sufaye wanda daga baya rikicin ya koma muhawara a gidajen rediyo da talabijin a shekarun 1970 zuwa shekara ta 1980.,afrifact_data_culture_hausa_435,hausa,A farkon shekara ta 1960 an samu barkewar rikici tsakanin sa da malaman sufaye wanda daga baya rikicin ya koma muhawara a gidajen rediyo da talabijin a shekarun 1970 zuwa shekara ta 1980.,24.29628117068805,False
afrifact_data_culture_yoruba_289,yoruba,Sunday Igboho ní òun kò fẹ́ oyè ọ̀gá àgbà páta fún ikọ̀ Amotekun nílẹ̀ Yorùbá,nei,"Agba amofin naa gba awọn gomina mejeeji yii ni gbolohun nitori abẹwo ti wọn se sọdọ aarẹ Buhari lọjọru lori eto aabo to mẹhẹ nipa ọsẹ tawọn ọdaran darandaran n se. Bẹẹ ba gbagbe, gomina Makinde ati Akeredolu lo tọ Buhari lọ nilu Abuja lati beere fun afikun eto aabo to peye, nitori ọwọja awọn ọdaran darandaran to gogo nipinlẹ koowa wọn. Àwọn iròyin tì ẹ leè ní ìfẹ̀ síí: Makinde, to bawọn akọroyin sọrọ lẹyin ipade wọn pẹlu aarẹ si ni oun lo anfaani abẹwo naa lati beere fun agbekalẹ afikun ileesẹ ọlọpaa kogberegbe nipinlẹ toun. Ifọrọwerọ pẹlu Gani Adams lori ọrọ Sunday Igboho Amọ Falana, lasiko to n takurọsọ pẹlu awọn akọroyin ni, awọn gomina yiii ni ipese eto aabo to peye wa nikawọ wọn, pẹlu ileesẹ ọlọpaa, ko si yẹ ki wọn lọ sọdọ aarẹ. Agba amofin naa woye pe aarẹ lo n dari ileesẹ ologun nilẹ Naijiria, kii se ileesẹ ọlọpaa, ko ba si san ko jẹ pe ọdọ ajọ to n sakoso ileesẹ ọlọpaa nilẹ wa, ni wọn gbe ibeere wọn lọ.",afrifact_data_culture_yoruba_308,yoruba,"Sé lọ́ọ̀tọ́ ni Sunday Igboho jó ilé Seriki fulani ní Igangan? Ẹ jẹ́ kí n sàlàyé kí ọ̀rọ̀ le tán nílẹ̀. ""Nígbà tí mo dé Eruwa, mó lọ fi ara mi hàn lágọ̀ọ́ ọlọ́pàá, mò sì sọ ǹkan ti mo bá wá si àdúgbò náà, adáriu ẹka ilé iṣẹ́ ọlọ́pàá náà sì gbà láti tẹ̀lẹ́ wá lọ. Nígbà tí a de Igangan, à tún bá àwọn 'ọlọ́pàá operation Burst' a lọ sínú ]ilú náà rán pẹ́ asì pada lẹ́sẹ̀kẹsẹ̀ láti lọ sọ fún àwọn ọlọ́pà''a. Ìbéérè mi ni pé, ṣe ọ̀gá ọlọ́pàá yóà máa wò wá kí a lọ má dáná sun ilé Seriki? Sé ọlọ́pàá Operation Burst yóò jk kí a lọ tí a bá dáná sun ilé Seriki? Kò sí nkan tó jọ bẹ́ẹ̀ nígbà tí a wà níbẹ̀ nítorí náà àwa kọ́ ni a dáná sun ilé Seriki Fulani. Sunday Igboho wa gba gbogbo ọmọ Kárọ̀-oojíre nímọ̀ràn pé kí wọ́n wà ní ìṣọ̀kàn kí wọ́n sìmì ọ̀rọ̀ òṣèlú ṣíṣe lórí ǹkan tó niṣe pẹlú igbésí ayé àwọn ènìyàn.",19.406551625034616,False
afrifact_data_culture_igbo_774,igbo,Ụfọdụ ụmụ nwaanyị na-agabiga ihe mgbu ka ha na-ahụ nsọ ha. Ihe mgbu ha gụnyere mgbakasị ahụ na-ahụ ụfụ. Enwere ụzọ dị icheiche apụrụ inyere nwaanyị nsọ ya na-enye nsogbu aka.,supports,"Nye ụfọdụ ụmụnwaanyị, mkpụrụ ụbọchị atọ ruo ise ahụ ha na-ahụ nsọ ha na-adị ka ọkụmmụọ n'ihi ihe ha na-eji anya ha ahụ. Ụfọdụ na-anọ na mgbakasị ahụ nke bụ na ị gwa ya ofu okwu ọ bakasịara gị ahị (ihe ọ naghị emekarị), ebe ụfọdụ anaghị enweta onwe ha n'ihi ụdịrị ahụ ụfụ ha na-anọ n'ime ya. Mana dịka ikwu na ibe, enyi, onye ọrụ nakwa onye ya na nwaanyị na-ahụ nsọ ya nwere mmekọ n'ụzọ dị iche iche, kedụ ihe ndị ị ga-emere ya iji nyere ọnọdụ ya aka?",afrifact_data_culture_igbo_771,igbo,"Nye ụfọdụ ụmụnwaanyị, mkpụrụ ụbọchị atọ ruo ise ahụ ha na-ahụ nsọ ha na-adị ka ọkụmmụọ n'ihi ihe ha na-eji anya ha ahụ. Ụfọdụ na-anọ na mgbakasị ahụ nke bụ na ị gwa ya ofu okwu ọ bakasịara gị ahị (ihe ọ naghị emekarị), ebe ụfọdụ anaghị enweta onwe ha n'ihi ụdịrị ahụ ụfụ ha na-anọ n'ime ya. Mana dịka ikwu na ibe, enyi, onye ọrụ nakwa onye ya na nwaanyị na-ahụ nsọ ya nwere mmekọ n'ụzọ dị iche iche, kedụ ihe ndị ị ga-emere ya iji nyere ọnọdụ ya aka?",76.69907367557045,False
afrifact_data_culture_hausa_098,hausa,A zaminin mulkin Abdullahi Umar Ganduje aka sayar da filayen makarantu don gina shaguna.,nei,"A shekarar 2019, Gwamna Abdullahi Umar Ganduje ya sanya hannu kan dokar kafa sabbin masarautu huɗu.",afrifact_data_culture_hausa_101,hausa,"A shekarar 2019, Gwamna Abdullahi Umar Ganduje ya sanya hannu kan dokar kafa sabbin masarautu huɗu.",28.480916565333253,False
afrifact_data_culture_igbo_720,igbo,"John Abeng bụ onyeisi ndị uweoji na Steeti Anambra ekwuola na ọ ga-enye aka ịchụpụ ndị ohi, ndịotu nzuzo na ndị ntọrị mmadụ.",supports,"Onyeisi ndị uweojii na Anambra steeti bụ John Abang ewkusiela ike na ya ga-enye aka ka Anambra steeti bụrụ kpoo na-nchekwa. O kwukwara na ha ga akpalite ""Operation Puffadder i ji chụpụ ndị otu nzuzo,ndiohi ma ọkachasị ndị ntọrị.""",afrifact_data_culture_igbo_718,igbo,"Onyeisi ndị uweojii na Anambra steeti bụ John Abang ewkusiela ike na ya ga-enye aka ka Anambra steeti bụrụ kpoo na-nchekwa. O kwukwara na ha ga akpalite ""Operation Puffadder i ji chụpụ ndị otu nzuzo,ndiohi ma ọkachasị ndị ntọrị.""",60.17795921584289,False
afrifact_data_culture_hausa_029,hausa,An yi yaƙin basasa na Biyafara ne a loƙacin mulkin Janar Yakubu Gawon.,supports,"A ƙarƙashin mulkin Gowon ne masu fafutukar neman ficewa daga Najeriya daga al'umman ibo ƙarkashin jagorancin shugaban su don ƙasar Biafara suka janyo yakin basasa tsakanin gwamnatin Najeriya da kuma mutanen , inda gwamnatin Gowon ɗin tafito ta yaƙesu har sai da suka miƙa wuya.",afrifact_data_culture_hausa_002,hausa,"Muhammadu Buhari (17 Disamba 1942 – 13 Yuli 2025) ne wanda ya yi mulkin ƙasar a matsayin daga 2015 zuwa 2023. Soja ne mai matsayi na majo janar a , kuma ya shugabanci ƙasar a matsayin daga 31 Disamba 1983 zuwa 27 Agusta 1985. Buhari ya tsaya takarar shugaban ƙasa a Najeriya a ƙarƙashin jam’iyyar a zaɓen shugaban ƙasa na 2003 da na 2007, sannan kuma a ƙarƙashin jam’iyyar Congress for Progressive Change (CPC) a zaɓen shugaban ƙasa na 2011",16.857233951085583,False
afrifact_data_culture_hausa_733,hausa,Ba a taba yin shugaban ƙasar da ya wuce shekaru 5 akan mulki a ƙasar Gambiya ba.,refutes,"Yahya Jammeh ya yi shekara 22 yana mulkin Gambiya ""Tsohon shugaban ba shi da lokacin da zai mayar da martani kan wadannan karerayi.",afrifact_data_culture_hausa_002,hausa,"Muhammadu Buhari (17 Disamba 1942 – 13 Yuli 2025) ne wanda ya yi mulkin ƙasar a matsayin daga 2015 zuwa 2023. Soja ne mai matsayi na majo janar a , kuma ya shugabanci ƙasar a matsayin daga 31 Disamba 1983 zuwa 27 Agusta 1985. Buhari ya tsaya takarar shugaban ƙasa a Najeriya a ƙarƙashin jam’iyyar a zaɓen shugaban ƙasa na 2003 da na 2007, sannan kuma a ƙarƙashin jam’iyyar Congress for Progressive Change (CPC) a zaɓen shugaban ƙasa na 2011",24.53463921655657,False
afrifact_data_culture_hausa_416,hausa,Zubairu shine yake jagorancin haɗa waƙoƙin yabon Ahmad at-Tijjanī wanda za ayi ranar jumma'a,nei,"Bugu da ƙari, almajirai a wurare da yawa suna shirya taruka na yau da kullun, galibi a ranar Alhamis da yamma ko kafin Waẓīfa da Hailat al-Jum'ah don yin Allah , ko ambaton . A irin waɗannan tarurrukan, ana iya haɗa waƙoƙin yabon Allah, , Ahmad at-Tijjanī, ko wani shugaban addini tare da zikiri. Irin waɗannan tarurrukan na iya haɗawa da maimaita sauƙaƙa a matsayin ƙungiya ko amsa ƙira, inda ɗaya ko fiye da shugabanni ke jagorantar waƙar wasu kuma suna maimaita ko kuma ba da amsa.",afrifact_data_culture_hausa_420,hausa,"Bugu da ƙari, almajirai a wurare da yawa suna shirya taruka na yau da kullun, galibi a ranar Alhamis da yamma ko kafin Waẓīfa da Hailat al-Jum'ah don yin Allah , ko ambaton . A irin waɗannan tarurrukan, ana iya haɗa waƙoƙin yabon Allah, , Ahmad at-Tijjanī, ko wani shugaban addini tare da zikiri. Irin waɗannan tarurrukan na iya haɗawa da maimaita sauƙaƙa a matsayin ƙungiya ko amsa ƙira, inda ɗaya ko fiye da shugabanni ke jagorantar waƙar wasu kuma suna maimaita ko kuma ba da amsa.",32.536388673428405,False
afrifact_data_culture_hausa_770,hausa,Neman ilimin addini ya wajaba akan kowanne musulmi namiji da mace,nei,"Ya ce bai dace a ce malami ya wuce sa'a uku yana koyarwa bai huta ba ""amma ka'ida sai a ce ana neman ka yi awa shida ko awa bakwai wanda dole idan ka fara, awa daya, awa biyu kana jin nishadi a kan koyarwa, amma awa uku, awa hudu to ka fara jin jiki ko kwakwalwar kanta tana bukatar a ce ta huta""",afrifact_data_culture_hausa_458,hausa,Musulmai na bauta tareda koyo da koyar da ilimin addinin tare da tattaunawa akan matsalolin musulmai tare da neman hanyar warware su a masallaci.,20.488812136755115,False
afrifact_data_culture_hausa_006,hausa,Shugaban kasa Goodluck Ebele Jonathan ya sha kayi a hannun Muhammadu Buhari a zaben shekarar 2015.,supports,"Buhari ya lashe zaɓen, inda ya kayar da shugaban ƙasa mai ci Goodluck Ebele Jonathan. Wannan shi ne karo na farko a tarihin Najeriya da shugaban ƙasa mai ci ya sha kaye a zaɓen tazarce.",afrifact_data_culture_hausa_001,hausa,"Buhari ya lashe zaɓen, inda ya kayar da shugaban ƙasa mai ci Goodluck Ebele Jonathan. Wannan shi ne karo na farko a tarihin Najeriya da shugaban ƙasa mai ci ya sha kaye a zaɓen tazarce.",44.425124764524455,False
afrifact_data_culture_hausa_020,hausa,An yi wa Murtala Muhammad shaidar cewa mutum ne mai son zaman lafiya.,supports,"Murtala Muhammad ya kasan ce Bahaushe ne kuma ne, baya ga haka kuma Murtala Muhammad ya kasan ce shugaba na kowa dake cikin ƙasar Najeriya, wanda baya nuna bamban ci a tsakanin yare ko Addini ga duk mutanan ƙasar Najeriya.",afrifact_data_culture_hausa_702,hausa,An yi wa Mohammad Salman duka sakamkon jita-jitar da aka rika yi kan cewa shi mai satar yara ne,22.035832049010725,False
afrifact_data_culture_hausa_633,hausa,"Yawancin waƙoƙin zamani basa haɓaka, kuma basa bada wata gudummawa ga haɓakar harshe.",nei,"Waka ita ce rubutun adabi, wanda mawaƙi ya rubuta, ta amfani da wannan ka'ida. taron waka music center Waƙar tana da dogon tarihi daban-daban, tana tasowa daban-daban a duk faɗin duniya. Ta samo asali aƙalla tun kafin tarihi tare da waƙoƙin farauta a da kuma waƙar waƙa da waka na daulolin , , da kwarin Volta. Wasu daga cikin rubutattun wakoki na farko a Afirka sun kasance a cikin pyramid texts da kuma aka rubuta a ƙarni na 25 KZ.",afrifact_data_culture_hausa_635,hausa,"Yawancin waqoqin zamani suna nuna sukar al'adar waka, gwada ƙa'idar euphony kanta ko kuma gaba ɗaya barin waƙa ko saita kari. A cikin duniyar da ke ƙara haɓaka, mawaƙa sukan saba da tsari, salo, da dabaru daga al'adu da harsuna daban-daban. Mawaƙa sun ba da gudummawa ga haɓakar harshe, bayyananniyar halaye, da amfani na harsunansu.",38.94987260603594,False
afrifact_data_culture_igbo_440,igbo,Alvan Ikoku so n'òtu West African Educational Council (WAEC) ma sonyekwa n'òtù Council nke Mahadum Ibadan na 1950s..,refutes,"u mkpa dị iche iche. Ọ jikọtara n'ụdị n'ọtụtụ n'ime 1950s, mgbe Gọọmenti ọmụmụ edemede ugboro ugboro NUT ya iji w",afrifact_data_culture_igbo_441,igbo," site na mmemme mmemme ya . N'afọ 1932, Ikoku hiwere ụlọ akwụkwọ Co-Educational na West Africa : ụlọ akwụkwọ Aggrey Memorial, nke dị na Arochukwu wee edi aha onye akwụkwọ ya James EK",25.527481420919624,False
afrifact_data_culture_igbo_147,igbo,Ndị bi na ndịda na-asụ Yoruba.,nei,Ndị bi na ya bụ ọdịbendị Igbo dị iche iche na ndị na-asụ dị iche iche: 307 : 315,afrifact_data_culture_igbo_145,igbo,Ndị bi na ya bụ ọdịbendị Igbo dị iche iche na ndị na-asụ dị iche iche: 307 : 315,15.37386473263462,False
afrifact_data_culture_igbo_254,igbo,"Nwankwo Kanu bụkwa onye nwe igwe onyonyo nke Kanu Sports, ụlọ ọrụ igwe onyonyo egwuregwu Ịntanetị.",supports,"Ọ bụkwa onye nwe igwe onyonyo nke Kanu Sports, ụlọ ọrụ igwe onyonyo egwuregwu Ịntanetị.",afrifact_data_culture_igbo_255,igbo,"Ọ bụkwa onye nwe igwe onyonyo nke Kanu Sports, ụlọ ọrụ igwe onyonyo egwuregwu Ịntanetị.",111.47574106323015,False
afrifact_data_culture_igbo_464,igbo,Mahadum Trinity College dị na Dublin nke Ireland ji ihe eserese wee sọpụrụ Jaja Wachuku n'afọ 2020.,supports,"Na Fraịde 6 Machị 2020, Trinity College Dublin nke Ireland sọpụrụ Wachuku site na ihe osise a ma ama nke e debere n'ime ụlọ ọrụ akụkọ ihe mere eme nke mahadum ahụ; ebe Wachuku gụsịrị akwụkwọ na 1944 na akara ugo mmụta mbụ na sayensị iwu",afrifact_data_culture_igbo_463,igbo,"Na Fraịde 6 Machị 2020, Trinity College Dublin nke Ireland sọpụrụ Wachuku site na ihe osise a ma ama nke e debere n'ime ụlọ ọrụ akụkọ ihe mere eme nke mahadum ahụ; ebe Wachuku gụsịrị akwụkwọ na 1944 na akara ugo mmụta mbụ na sayensị iwu",63.084449647515285,False
afrifact_data_culture_hausa_419,hausa,An haifi Ahmad al-Tijani a shekarar 1737 kuma ya kafa tsarin Tijjaniyya a cikin 1780s,supports,"Tarihi da yaɗa oda [ | ] Tushen tsari [ | ] An haifi Ahmad al-Tijani (1737-1815) a Ain Madhi a kuma ya rasu a na . Ya yi karatun addini a Fes, Morocco. Da wahayi daga wasu waliyan Moroko ya kafa tsarin Tijjaniyya a cikin 1780s; kafofin sun bambanta dangane da ainihin kwanan wata tsakanin 1781 da 1784.",afrifact_data_culture_hausa_418,hausa,"Tarihi da yaɗa oda [ | ] Tushen tsari [ | ] An haifi Ahmad al-Tijani (1737-1815) a Ain Madhi a kuma ya rasu a na . Ya yi karatun addini a Fes, Morocco. Da wahayi daga wasu waliyan Moroko ya kafa tsarin Tijjaniyya a cikin 1780s; kafofin sun bambanta dangane da ainihin kwanan wata tsakanin 1781 da 1784.",64.72359306830744,False
afrifact_data_culture_yoruba_263,yoruba,Mọ́ímọ́í dáa ṣùgbọ́n wọn kì í fí jẹ ìrẹsì àti àwọn oúnjẹ mìíràn.,refutes," A tún mọ mọ́í-mọ́í sí ""àlẹ̀lẹ̀"" tàbí ""ọ̀lẹ̀lẹ̀” ní àwọn ẹ̀ka-èdè Yorùbá mìíràn, bẹ́ẹ̀ bí àwọn ènìyàn ṣe mọ̀ ọ́ sí ní àti . Wọ́n sábà máa ń jẹ́ mọ́í-mọ́í pẹ̀lú /kókó. Tubaani (tàbí Tubani) jẹ́ irúfẹ́ oúnjẹ yìí( mọ́í-mọ́í) ní apá Àríwá ilẹ̀ Gánà. Wọ́n máa ń fi , kókó, tàbí kọ́sítádì jẹ mọ́í-mọ́í náà. Ó tún jé oúnjẹ-àfikẹ́ẹ̀gbẹ́ ní àwọn ìnáwó , tí wọ́n ń fi kún ìrẹsì alésèpọ̀ àti irúfẹ́ àwọn oúnjẹ mìíràn.",afrifact_data_culture_yoruba_654,yoruba,"Ẹ̀sìn Búddà Ìgbàgbọ́ ìbílẹ̀ fi han wí pé a bi Budda si ìdílé Ọba ni Orílé-èdè . Nítorí náà, àwọn àwòràwọ̀ wí pé ní ìlú èyí tí o ti di òrìṣà àkúnlẹ̀bọ ní ìlú “India” ni a gbé bí i. O jẹ́ ọmọ ẹbí Orùkọ bàbá rẹ ni A bí Budda nínú ìdílé Ọba. Orúkọ ìyá rẹ ni Kò si ẹni ti o mọ àkọsílẹ̀ ọjọ́ ibi rẹ̀ pàtó tàbí ti o ni àkọsílẹ̀ rẹ̀. Olúkúlùkù kan ńsọ àwọn ọjọ́ ti wọn rò pe o le jẹ́ ni nítorí kò si àkọsílẹ̀ kan pàtó ti a le tọka sí.",31.410511348423547,False
