id,language,gold_label,qwen_1_5b_claim_only_prediction,qwen_1_5b_gold_prediction,qwen_1_5b_bm25_prediction,qwen_1_5b_adversarial_prediction,qwen_14b_gold_prediction,qwen_14b_translated_prediction,qwen_1_5b_claim_only_correct,qwen_1_5b_gold_correct,qwen_1_5b_bm25_correct,qwen_1_5b_adversarial_correct,qwen_14b_gold_correct,qwen_14b_translated_correct,source_claim,source_gold_evidence,source_gold_label,source_language,num_systems_correct
afrifact_data_culture_hausa_657,hausa,nei,refutes,refutes,supports,nei,nei,nei,False,False,False,True,True,True,Shugaba Muhammadu Buhari ya kaddamar da eNaira a ranar 20 ga watan Yunin 2016.,"An samo sunan “Naira” daga kalmar “Nigeria” ta Obafemi Awolowo.Sai dai kuma, Naira a matsayin kudin da Shehu Shagari ya kaddamar a matsayin ministan kudi a shekarar 1973. Babban bankin Najeriya ya yi ikirarin cewa sun yi yunkurin shawo kan hauhawar farashin kayayyaki a duk shekara kasa da kashi 10%.",nei,hausa,3
afrifact_data_culture_igbo_058,igbo,nei,supports,nei,supports,nei,nei,nei,False,True,False,True,True,True,Ngagharị iwe a bụ ụzọ e si edozi esemokwu.,Ọ bụ nnukwu nnupụisi mbụ ụmụ nwanyị mere na West Africa.,nei,igbo,4
afrifact_data_culture_igbo_749,igbo,refutes,supports,supports,supports,supports,refutes,refutes,False,False,False,False,True,True,Ihe isi ike anaghị emetụta ihe ndị e ji alụ ụm̀ụ nwaanyị Igbo. Ụmụ ntorobịa Igbo kwuru na ha zuru ka emee.,"Ndị ntorobia Igbo: Belatanụ Ihe eji alụ nwaanyị Ndị ntorobia Igbo akpola oku ka obodo dị n'Igbo wedata ihe ndị ọ na-eri iji lụọ nwaanyị n'ala igbo. Ndị ntorobịa kwuru a nke na mkparịtaụka BBC hiwere na Facebook ụbọchị Fraide rụtụ®ụaka na ihe isi ike, ihe ilụnwaanyị na-erị nakwa oke mgbuchi nne nna na Igbo na-egbuchi ụmụ ha ndị nwaanyị so 'ihe na akpata alụghhị di maọbụ nwaanyị n'oge.",refutes,igbo,2
afrifact_data_culture_igbo_141,igbo,nei,nei,nei,supports,supports,nei,nei,True,True,False,False,True,True,Akwa mmiri ahụ adaala.,"Dịka ọ dị ugbua, amabeghi ihe ha kpatara na nzukọ a.",nei,igbo,4
afrifact_data_culture_igbo_241,igbo,refutes,supports,supports,supports,nei,refutes,refutes,False,False,False,False,True,True,Ụfọdụ ụlọakwụkwọ dị na Beijing na Shanghai emepebeghị dịka ụmụakwụkwọ agaghị akwụkwọ taa,Ụfọdụ ụlọakwụkwọ dị na Beijing na Shanghai emepekwaala dịka ụmụakwụkwọ malitere ịga akwụkwọ taa.,refutes,igbo,2
afrifact_data_culture_igbo_424,igbo,nei,refutes,supports,supports,nei,nei,nei,False,False,False,True,True,True,O bụ ịkọ ọrụ ugbo so na ọrụ ndị mba Brazil dabere na ya isi na-abawanye ọnọdụ akụ na ụba ha ruo ugbu a.,"Mbaise bụ mpaghara dị na Imo Steeti na ndịda ọwụwa anyanwụ . N'etiti , mpaghara ahụ gụnyere ọtụtụ obodo na obodo ukwu. Ndị bi na ya bụ ndị agbụrụ, ndị jikọtara site na alụmdi na nwunye. Mbaise bụ mpaghara kacha nwee ọnụ ọgụgụ mmadụ n'Ebe Ọdịda Anyanwụ Afrịka; ọnụ ọgụgụ ndị bi na ya n'afọ 2006 bụ puku narị isii na iri nà otu, narị abụọ na anọ.",nei,igbo,3
afrifact_data_culture_igbo_383,igbo,refutes,supports,supports,supports,nei,nei,refutes,False,False,False,False,False,True,"N'ịgbado ụkwụ n'oke ala nakwa ngwaahịa, Ahịa Main Market Ọnicha akaghị ahịa Arịarịa nke Aba bu ibu",Ahịa Ọnicha nke a makwaara dị ka Onitsha Main Market na bekee bụ otu n'ime ahịa kacha ibu na ọdịda anyanwụ Afrịka dabere na nha ala na oke ngwongwo ahịa a n'ere ebe ahụ.,refutes,igbo,1
afrifact_data_culture_igbo_173,igbo,refutes,supports,supports,supports,supports,refutes,nei,False,False,False,False,True,False,Otu onye bi n'Anambra kwuru na ọ ruola afọ iri mmiri gbadebere na mpaghara ya.,Otu onye bi Enugwu sị na o ruola afọ iri mmiri gbadebere na mpaghara ya bi n'Enugwu.,refutes,igbo,1
afrifact_data_culture_igbo_301,igbo,refutes,refutes,refutes,supports,supports,nei,refutes,True,True,False,False,False,True,Naanị ikuku na ọhịa bụ ihe dị ka ọrụ ugbo mkpa iji wee ịga nke ọma,"Ọrụ ugbo chọrọ mmiri, aja di mma na ala di larịị.",refutes,igbo,3
afrifact_data_culture_hausa_250,hausa,refutes,refutes,supports,supports,nei,supports,nei,True,False,False,False,False,False,Masanin tarihin abinci da aikin gona James C. McCann ya ba da shawarar daina yaɗa shinkafa.,"Masanin tarihin abinci da aikin gona James C. McCann yayi la'akari da wannan ikirarin mai yiwuwa idan aka yi la’akari da shaharar shinkafa a cikin kwarin Niger ta sama, amma yana ganin ba zai yuwu tasa ta iya yaɗuwa daga Senegal zuwa inda take yanzu tunda ba a ganin irin wannan yaɗuwar a cikin “harshe, tsarin siyasa ko tarihi "". Maimakon haka ya ba da shawarar cewa tasa ta yaɗu tare da masarautar Mali, musamman masu sana'ar Djula waɗanda suka bazu ko'ina zuwa cibiyoyin kasuwanci da biranen yanki, tare da ɗaukar fasahar tattalin arziƙin ""ƙera, ƙaramin sikelin, da agronomy shinkafa"" gami da addini. na Musulunci.",refutes,hausa,1
afrifact_data_culture_yoruba_701,yoruba,refutes,refutes,supports,supports,nei,supports,nei,True,False,False,False,False,False,"Nígbà tí Buhari jẹ́ ààrẹ, ó lo sáà méjì àti àbọ̀ kí ó tó kúrò ní ipò.","Muhammadu Buhari (tí wọ́n bí ní Ọjọ́ ketàdínlógún, Oṣù Kejìlá Odún 1942 o si ku ni Oṣu Keje ọjọ 13, Ọdun 2025) olóṣèlú tí ó jẹ́ Ààrẹ orílè-èdè láàrin ọdún 2015 sí ọdún 2023. Ó lo ṣáà àkọ́kọ́ rẹ̀ láàrin odún 2015 sí 2019 àti kejì láàrin ọdún 2019 sí 2023 .",refutes,yoruba,1
afrifact_data_culture_igbo_029,igbo,refutes,nei,supports,supports,nei,refutes,refutes,False,False,False,False,True,True,Ozi a ha wepụtara adịghị n'akara twitter ha.,Nke a dị n'ozi ha wepụtara n'akara twitter ha.,refutes,igbo,2
afrifact_data_culture_yoruba_791,yoruba,refutes,refutes,supports,supports,supports,supports,supports,True,False,False,False,False,False,Ẹ̀sìn ìsìláàmù jẹ́ àṣà tí Ọlọ́run ń lò láti fi ránṣẹ́ sí ànọ́bì kí àlàáfíà àti ìrọ̀rùn lè wà láàárín gbogbo ọmọnìyàn.," jẹ́ ẹ̀sìn àlááfíà,ìrọ̀rùn àti ìjupá-jusẹ̀ sílẹ̀ fún Ọlọ́run aṣẹ̀dá gbogbo ayé nípa ṣ́iṣe ìfẹ́ àti títèlé àṣẹ rẹ̀ yálà o tẹ́ ọ lọ́rùn tàbí kò tẹ́ ọ lọ́rùn. Ó tún jẹ́ ẹ̀sin tí Ọlọ́run tún fi ránṣẹ́ sí gbogbo ayé látọwọ́ àwọn òjíṣ̣́e rẹ̀ tó ti rán wá ṣáájú ànọ́bì ọmọ Abdullah (kí ìkẹ́ àti ọlà Ọlọ́hun ó ma bá a). ",refutes,yoruba,1
afrifact_data_culture_yoruba_295,yoruba,nei,refutes,refutes,supports,nei,nei,nei,False,False,False,True,True,True,"Sunday Igboho ní pé àwọn Fulani kò leè dúró, táa bá lo ohun tí a jogún lọ́dọ̀ àwọ̀n bàbá ńlá wa.","Awọn ara adugbo naa ti wa rọ ijọba ipinlẹ Ọyọ lati tete da si ọrọ naa tori kii se igba akọkọ ree ti awọn ọmọ onilẹ yoo wa maa dun mahuru-mahuru mọ wọn lori ilẹ ti wọn ti ra lati ọdun gbọọrọ. Gẹgẹ bi iroyin naa ti wi, nigba ti BBC Yoruba kan si agbẹnusọ fun ileesẹ ọlọpa nipinlẹ Ọyọ, Olugbenga Fadeyi lati gbọ tẹnu rẹ, o ni ka pe oun pada laipẹ.",nei,yoruba,3
afrifact_data_culture_hausa_064,hausa,refutes,nei,supports,supports,nei,supports,nei,False,False,False,False,False,False,Sarauniya Amina ta samu sarautar Zazzau a shekarar 1533.,"Sarauniya Amina Sarauniyar Zazzau, ta rayu daga shekara ta alif 1533 zuwa shekara ta alif 1610, ɗaya ce daga cikin yara biyu da sarkin Bakwa ya haifa.",refutes,hausa,0
afrifact_data_culture_igbo_379,igbo,refutes,nei,nei,supports,nei,nei,refutes,False,False,False,False,False,True,Ndị na-achịkwa Ahịa Main Market Ọnicha ruo taata bụ ndị National Union of Road Transport Workers (NURTW).,Ndị na achịkwa ma na elekọta ahịa ahụ bụ otu a na akpọ na bekee Onitsha Market Traders Association (OMATA).,refutes,igbo,1
afrifact_data_culture_hausa_579,hausa,nei,nei,refutes,supports,supports,nei,nei,True,False,False,False,True,True,Duk farkon damuna manoma na yin amfani da lauje wurin cire ƙiraren ciyawa da suka bushe.,"Haka kuma suna wani karin magana ""akwai lauje cikin naɗi"" ma'ana in kaji bahaushe yace akwai lauje cikin naɗi, kenan akwai wani munafunci.",nei,hausa,3
afrifact_data_culture_yoruba_763,yoruba,nei,refutes,supports,supports,supports,nei,nei,False,False,False,False,True,True,"Ní àgbáyé, ọbẹ̀ jẹ́ ohun pàtàkì nínú oúnjẹ tí ènìyàn ń jẹ láti lókun.","Ọbẹ̀ Oha jẹ́ ọbẹ̀ tó wọ́pọ̀ ní apá gúúsù mọ́ ìlà-oòrùn orílẹ̀-èdè . Ọbẹ̀ oha jẹ́ ọbẹ̀ agbègbè Ìlà-oòrùn, tó sì jẹ́ pé àwọn ará Íbò ni wọ́n sábà máa ń sè é, láti ará igi ewébẹ̀ láéláé tí orúkọ sáyẹ́ńsì rẹ̀ ń ṣe Pterocarpus mildraedii ni ọbẹ̀ náà ti ṣẹ̀.",nei,yoruba,2
afrifact_data_culture_hausa_338,hausa,nei,nei,supports,supports,nei,nei,nei,True,False,False,True,True,True,Super Eagles sun lashe Gasar Cin Kofin Afirka ta farko,"Baturen Ingila ne ya fara gabatar da kwallon kafa a Najeriya a farkon karni na ashirin.Wasan kwallon kafa na farko da aka yi rikodin a Nijeriya shi ne a shekara ta Alif 1904. Zuwa shekarar ta 1950, kwallon kafa ta zama wasan kasa na kasar. A wannan lokacin a tarihin Afirka, ƙasashe da yawa sun fara shiga cikin ƙungiyoyin kishin ƙasa inda suka nuna rashin amincewa da ikon mulkin mallaka.A Najeriya, kwallon kafa ta bai wa 'yan kasa abin alfahari na kasa tare da zaburar da su don samun' yancin siyasa.",nei,hausa,4
afrifact_data_culture_yoruba_454,yoruba,nei,supports,nei,supports,nei,nei,nei,False,True,False,True,True,True,"Ìṣẹ̀lẹ̀ yìí mú Bisi Fayemi sunkún nítorí ìṣẹ̀lẹ̀ yìí ti ṣẹlẹ̀ sí òun náà rí, lásìkò tó wà ní ilé-ẹ̀kọ́ gíga.","Akori fidio naa lo pe ni 'Ibalopọ fun maaki' tawọn oloyinbo n pe ni 'Sex for Grades', eyi to ti n mu ki oju awọn opo itakun agbaye gbona jain-jain. Ẹkunrẹrẹ fidio oniwakati kan ti BBC fisita nirọlẹ ọjọ Aje naa ree: End of YouTube post, 1 Bi o tilẹ jẹ pe fidio onisẹju mẹtala pere ni BBC kọkọ ju sori afẹfẹ nidaji ọjọ Aje naa, lawọn oju opo ikansira ẹni rẹ lori itakun agbaye, eyi ti BBC Yoruba ko gbẹyin nibẹ, amọ nigba ti yoo fi di aago meje irọlẹ ọjọ naa, ẹkunrẹrẹ fidio naa, to jẹ oniwakati kan ti gba afẹfẹ kan. Àwọn iròyin tì ẹ leè ní ìfẹ̀ síí: Olukọ kan lati fasiti Eko, UNILAG, Ọmọwe Boniface Igbenegbu pẹlu akẹẹgbẹ rẹ ni fasiti Ghana, Ọmọwe Paul Butakor, ni wọn foju han ninu fidio naa, amọ fidio oniwakati kan yii lo tun fi oju awọn olukọ meji miran han to n kopa ninu iwa idojutini yii lati fasiti mejeeji taa darukọ siwaju naa.",nei,yoruba,4
afrifact_data_culture_yoruba_179,yoruba,refutes,nei,supports,supports,supports,supports,nei,False,False,False,False,False,False,"Òrìṣà ńlá tí wọ́n máa ń gbóríyìn fún ni Ṣági fún agbára rẹ̀ láti lè pèsè owó, ọlá, àti àṣeyọrí fún àwọn olùsìn rẹ̀.","Àwọn Yorùbá gbà gbọ́ pé Olókun ní ó bí Aje, èyí tí ó jẹ́ Òrìsà fún Ọrọ̀, Ọlá, tí ó wà ní ìsàlẹ̀ òkun. Olókun jẹ́ òrìsà tí ó ń darí àwọn ohun tí ó wà lábé Omi òkun, Ó sí jẹ́ òrìsà tí ó lágbára jù gbogbo ohùn tí ó wà lábé Omi òkun tàbí àwọn òrìṣà kékéèèké tí ó wà lábé Omi òkun. Olókun jẹ́ Òrìsà nlá tí wọn máa ń gbórínyìn fún nípa bí ó ti lágbára láti fún àwọn olúsín rẹ ní Owó, Ọlá, Ọrọ̀, àti àṣeyọrí nígbà tí wọn bá kìí tán. ",refutes,yoruba,0
afrifact_data_culture_igbo_616,igbo,nei,refutes,nei,supports,nei,nei,nei,False,True,False,True,True,True,Pompeo achọtaghị akwụkwọ na-egosi mmekọrịta ochịchị Trump na mba Ukren.,"Gọọmentị chọburu ka e lie Mugabe ebe a na-eli ndị dike obodo ji biri, mana ezinụlọ ya ekweghị. Ha kwuru na Mugabe chọrọ ka ili ya na nke nne ya bụ Bona dịkọta nso. Onweghị onye ọrụ gọọmentị gbalitere n'ọkwa bịara olili Mugabe. Nwunye ya bụ Grace nakwa ụmụ ya socha duru akpati ya ruo mgbe a dọnyere ya n'ala. ",nei,igbo,4
afrifact_data_culture_hausa_339,hausa,nei,nei,nei,supports,refutes,nei,nei,True,True,False,False,True,True,Najeriya ta buga wasan farko a gasar cin Kofin Afirka a shekarar 1963,"Baturen Ingila ne ya fara gabatar da kwallon kafa a Najeriya a farkon karni na ashirin.Wasan kwallon kafa na farko da aka yi rikodin a Nijeriya shi ne a shekara ta Alif 1904. Zuwa shekarar ta 1950, kwallon kafa ta zama wasan kasa na kasar. A wannan lokacin a tarihin Afirka, ƙasashe da yawa sun fara shiga cikin ƙungiyoyin kishin ƙasa inda suka nuna rashin amincewa da ikon mulkin mallaka.A Najeriya, kwallon kafa ta bai wa 'yan kasa abin alfahari na kasa tare da zaburar da su don samun' yancin siyasa.",nei,hausa,4
afrifact_data_culture_yoruba_017,yoruba,refutes,nei,supports,supports,refutes,nei,refutes,False,False,False,True,False,True,Aganjú jẹ́ iya Sango àti ìyá Àjàká tí wọ́n jọ jọba ní ìlú Ọ̀yọ́ ri.,"Aganjú tàbí Aganyú ni òdò awon elédèè Spanish ni wón ń pè ní . Wón gbà pé ó ń ṣíṣe pọ̀ pẹ̀lú nínú Ẹsin ti àwọn Cuban, èyí tí wọ́n ń pè ní Santería. Wọ́n gbàgbọ́ pé Aganjú ni àjọṣe pẹ̀lú Òrìsà ṣàǹgó. Gẹ́gẹ́ bí Ọba ní Ọ̀yọ́ rí, Aganju jẹ́ ọmọ Ẹ̀gbọ́n Ṣàǹgó tí orúkọ rẹ̀ ń jẹ́ Àjàká. Èyí tí ó jẹ́ pé àwọn méjèèjì tí fi ìgbà kan jẹ́ Ọba ìlú Ọ̀yọ́ rí tí wọ́n ti ìpàṣẹ rẹ̀ di Òrìṣà tí wọ́n ń bọ.",refutes,yoruba,2
afrifact_data_culture_igbo_765,igbo,nei,refutes,supports,supports,nei,nei,nei,False,False,False,True,True,True,Gọọmentị Naịjerịa na-achọ ụzọ ha ga-esi ebite ego ha ga-etinye n'ọrụ ugbo.,"Mmefu ego gọọmentị na ịkwụghachi ego mbite na-arị elu mana ego dị n'akpaego obodo ejirila pasentị 45 ghara iru ihe o kwesiri kemgbe afọ 2015. N'agbanyeghi nke a, onyeisiala Naịjirịa ebunyela ụlọọrụ na-elekọta ụgwọ ụtụ isi ukpa ekele maka iwulite ọnụ ọgụgụ ndị na-akwụ ụgwọ ụtụ isi kemgbe afọ 2015.",nei,igbo,3
afrifact_data_culture_igbo_611,igbo,refutes,refutes,supports,supports,supports,supports,refutes,True,False,False,False,False,True,Ndị ụmụnna abaghị uru ọbụla n'obodo maọbụ n'ezinụlọ ha.," Ụmụnna - Ndị a bụ ụmụnwoke ụmụọkpala si n'ezinaụlọ dị icheiche n'obodo. Ha bụ ndị na-eme mkpebi gbasara okwu dị icheiche n'obodo etu o si gbasara agamnihu na ọdịmma obodo. Ndị ụmụnna ka a na-ekpesara ma onye ọbụla mee ihe ọjọọ, ha bụ ndị na-aga n'ọnụ arụsị ịchọpụta ihe arụsị na-ekwu gbasara obodo maọbụ gbasara ezinaụlọ ha.",refutes,igbo,2
afrifact_data_culture_igbo_485,igbo,refutes,refutes,supports,supports,nei,supports,refutes,True,False,False,False,False,True,Lawrence Ifeanyi Ugwuanyi bụ Osote Gọvanọ nke Enugu Steeti malite n'ọnwa Eprel nke afo 2015.,"Lawrence Ifeanyi Ugwuanyi // (na-ege ntị) CON (nke a maara nke ọma dị ka "" Gburugburu "") (amụrụ na 20 Machị n'afo 1964) bụ onye ndọrọ ndọrọ ọchịchị Naijiria nke a họpụtara dị ka Gọvanọ nke Enugu Steeti n'ọnwa Eprel n'afo 2015, a ṅụrụ iyi na 29 Mee n'afo 2015.",refutes,igbo,2
afrifact_data_culture_hausa_454,hausa,nei,nei,supports,supports,refutes,nei,nei,True,False,False,False,True,True,Ana aikin Hajji ne a ƙarshen shekarar musulunci.,"Mahajjata Aikin Hajji Musulmai suna tafiya a ranar Arfa daga minna Aikin Hajji, Ɗaya ne daga cikin rukunai guda biyar da aka gina addinin akai .",nei,hausa,3
afrifact_data_culture_hausa_195,hausa,nei,refutes,supports,supports,supports,nei,nei,False,False,False,False,True,True,Zuwa gidajen shaƙatawa yana ɗebewa mutane kewa ya kawar mu su da damuwarsu.,"An kafa wurin shakatawa na Kainji a shekara ta 1978 kuma an raba shi zuwa sassa uku daban-daban, Zugurma Game Reserve, Borgu Game Reserve da Kainji Lake.",nei,hausa,2
afrifact_data_culture_igbo_455,igbo,nei,supports,supports,supports,nei,nei,nei,False,False,False,True,True,True,"N'oge Chris Nwabueze Ngigeji ọkwa Gọvanọ Anambra Steeti, ndị òtù Peoples Democratic Party gbahapụrụ ya",Ọ bụ gọvanọ Anambra steeti na Naịjirịa site na Mee 2003 ruo Maachị 2006 n'okpuru People's Democratic Party (PDP).,nei,igbo,3
afrifact_data_culture_yoruba_148,yoruba,nei,nei,supports,supports,supports,nei,nei,True,False,False,False,True,True,"Asúnrétete kò ní kọjá ilé, Arìngbẹ̀rẹ̀ kò ní sùn sọ́nà.","Lẹ́hìn èyí, tí àwọn méjèèjì sí ti gbà fún Ọlọ́hun wọn Allah tí wọ́n sì ṣe ijúwọ̀-jusẹ̀ sílè fún Ìfẹ Ọlọ́hun), tí òun (Ibrahim) sí tí tẹ́ orí ẹ́e (Ishamel) lọ sílẹ̀ (ní ààyè itébà sí iwájú); ""Báyìí náà ní Àwa sí pé òun: ""Ìwọ Ibrahim o!"" ""Ìwọọ (Ibrahin) tí ṣe gẹ́gẹ́ bí A ti fi hàn ó (ní ojúran) ní òtítọ àti ní òdodo! Báyìí náà sì ní Àwa ṣe má ń san ẹ̀san fún (gbogbo àwọn) Múhsínùn (olùṣe rere lótitọ àti l'ódodo) - Sheikh Adélabú ṣe ìtọka sí Ẹsẹ Ọrọ Ọlọ́hun nínú kúránì Orí 2:112)."" Láì kọ́ ṣe àníàní, ìdánwò nlá tí ó fi ojú hàn gbángba ní eléyìí jẹ́. Nítorí ìdí èyí ní À wa fi ṣe ìrópò (gẹ́gẹ́ bí ìràpadà) ọmọ (Ishamael) tí òun (Ibrahim) náà pẹ̀lú àgùntàn kàn bọ̀lọ̀jọ̀ (láti fi dípò ní ṣíṣe ìdúpẹ́ òòrè láti Ọ̀dọ̀ Ọlọ́hun)",nei,yoruba,3
afrifact_data_culture_hausa_163,hausa,nei,nei,supports,supports,nei,nei,refutes,True,False,False,True,True,False,Tsadar fitulu masu amfani da hasken rana ne yasa gwamnatoci ke barin titinan jiharsu a cikin duhu.,"Sanya fitulun titi masu amfani da hasken rana a babban birnin jihar ya kara inganta rayuwar mazauna jihar, tare da inganta tsaro da tsaro.",nei,hausa,3
afrifact_data_culture_hausa_578,hausa,nei,refutes,supports,supports,supports,nei,nei,False,False,False,False,True,True,Bahaushe ya na da karin magana daban-daban da ya ke amfani dasu wurin isar da saƙonni.,"Akan yi yankan ciyawa dashi domin a baiwa dabbobi na gida, da kuma yankan da amma anfi amfani dashi wajen yankan ciyawa wacce ake bawa awakai da tumaki har da dan maraqin sa.",nei,hausa,2
afrifact_data_culture_igbo_169,igbo,refutes,supports,supports,supports,supports,nei,refutes,False,False,False,False,False,True,Uche Nwonwu kwuru na ọ bụ mmiri dị n'azụ be ha ka ha na-aṅụ.,"Ọ sị na ""ọ bụ mmiri ndị mmadụ gbapere na be ha ka ha na-aṅụkarị.""",refutes,igbo,1
afrifact_data_culture_igbo_688,igbo,nei,refutes,nei,supports,nei,nei,nei,False,True,False,True,True,True,Nabil Fekir kpọ ndị ya nọ n'otu egwuregwu Lyon gaa Algerịa inwe obi aṅụrị.,"Ibuli iko mbaụwa bụ ihe e ji anya isi nye obodo ọbụla buliri ya Dele Alli Bamidele Jermaine Alli (Tottenham Hotspur, England) Bamidele Jermaine Alli, nke a ma dịka Dele Alli, na-agbara ndị Tottenham Hotspur na otu egwurewgu bọolụ mba England. Nna Alli bụ onye Naịjirịa. N'asọmpị enyi na enyi ndị Naịjirịa na ndị England gbara nso nso a, ụfọdụ ndị Naịjirịa kworo ya ekwo n'ọgbọ egwuregwu, maka na okweghị agbara ndị Naịjirịa bọolụ mgbe akpọrọ ya oku.",nei,igbo,4
afrifact_data_culture_hausa_046,hausa,refutes,refutes,supports,supports,refutes,nei,refutes,True,False,False,True,False,True,Umaru Musa 'Yar'adua bai taɓa zama mamba na wata kwalleji a jihar Katsina ba.,"Ya taɓa zama mamba a kamfanin samar da kayan noma na jihar Katsina tsakanin shekarar 1984 zuwa 1985, kuma memba a majalisar gudanarwa ta kwalejin fasaha ta Katsina da Katsina Polytechnic tsakanin 1978 zuwa 1983, shugaban hukumar zuba jari da raya kadarori ta jihar Katsina tsakanin shekara ta 1994 zuwa shekarar 1996.",refutes,hausa,3
afrifact_data_culture_hausa_208,hausa,nei,refutes,supports,supports,refutes,nei,nei,False,False,False,False,True,True,Jihar Taraba ta kasance mafi girman ƙasa a cikin johohin Najeriya.,"Ana samun garin ne a yankin Mambilla dake yankin kudu maso gabashin jihar Taraba, kusa da kan iyakar Najeriya da Kamaru.",nei,hausa,2
afrifact_data_culture_igbo_544,igbo,nei,refutes,refutes,supports,nei,nei,nei,False,False,False,True,True,True,Facebook mere Ọkaiwu Paul Achallaonye nnọchite anya ya na Naịjrịa.,Nnamdi Kanu Facebook ban: Ndị otu Ipob etiela mkpụ maka etu e si wetuo akara Facebook onye ndu ha Nke a bụ azịza ha nyere maka ajụjụ BBC Igbo jụrụ ha gbasara ihe kpatara ha ji chụọ Nnamdi Kanu ọsọ ụkwụ eru ala.,nei,igbo,3
afrifact_data_culture_hausa_696,hausa,refutes,refutes,supports,supports,refutes,nei,supports,True,False,False,True,False,False,Yawan matan da ke kashe kan su a ƙasar Japan ya ƙaru da kashi 70 a watan Nuwamba.,"A wata daya kawai, watan Okotoba, matan da ke kashe kansu sun karu da kashi 70 a Japan idan aka kwatanta da watan Oktoban da ya gabace shi.",refutes,hausa,2
afrifact_data_culture_yoruba_635,yoruba,refutes,nei,supports,supports,nei,supports,nei,False,False,False,False,False,False,"Ní ìwọ̀ oòrùn ìtà Ipetumodu ni ilé ìwé Federal Government Girl's College wà, èyí tó jẹ́ aládàá ní.","Ipetumodu jẹ́ ìlú ńlá kan ní ilẹ̀ Yorùbá ní apá Ìwọ-oòrùn Gúúsù ilẹ̀ , ó sì jẹ́ ìlú pàtàkì kan ní tí ó sì jẹ́ olú ìlú . Ìlú yìí ní ilé-ẹ̀kọ́ gíga aládàáni kan tí orúkọ rẹ̀ ń jẹ́ Oduduwa University àti ilé-ìwé gírámà márùn-ún, tí ó jẹ́ ti ìjọba àti ilé-ìwé Federal Government Girls' College",refutes,yoruba,0
afrifact_data_culture_igbo_429,igbo,nei,supports,supports,supports,supports,nei,nei,False,False,False,False,True,True,"Naịjirịa bụ mba dị n'Afịrịka, nke ndị bi na ya si agbụrụ dị iche iche ma ọgbaghara na-adapụta mgbe ụfọdụ",Alexander Ifeanyichukwu Ekwueme // ⓘ GCON (21 October 1932 – 19 Nọvemba 2017) bụ onye ndọrọndọrọ ọchịchị Naijiria nke jere dịka osote onyeisiala mbụ nke Naijiria site na 1979 ruo 1983 n'oge Naịjiria Republic nke Abụọ n'okpuru onyeisiala Shehu Shagari dịka onye otu National Party.,nei,igbo,2
afrifact_data_culture_hausa_513,hausa,nei,nei,supports,supports,nei,nei,nei,True,False,False,True,True,True,Mumini na gaske shi ne wanda baya cutar da muslumai.,"Asalin sunan ya zo ne daga kalmar Sunna , wato koyi da yin dukkan abun da Annabi (S.A.W.) ya aikata, ko ya yi umarni, da a aikata ko kuma aka aikata shi a gabansa amma baiyi hani akan abun da aka aikatan ba.",nei,hausa,4
afrifact_data_culture_yoruba_488,yoruba,refutes,refutes,supports,supports,nei,nei,refutes,True,False,False,False,False,True,Ìpínlẹ̀ Èkó ni ọkọ̀ Gómìnà náà ń lọ kí àwọn Boko Haram tó da ìbọ̀n lù wọ́n,"Boko Haram da ìbọn bo ọkọ̀ gómìnà Borno, ẹ̀ṣọ́ àláàbò rẹ̀ farapa Ijọba ipinlẹ Borno ti fi idi rẹ mulẹ pe, lootọ l'awọn agbebọn Boko Haram kọlu awọn ọkọ to n kọwọrin pẹlu gomina ipinlẹ naa, Babagana Zullum ni Ọjọru. Agbẹnusọ fun gomina naa, Mallam Isa Gusau ṣalaye pe, ori ko gomina Zullum yọ lai farapa ṣugbọn diẹ lara awọn to baa rin, to fi kan awọn ẹṣọ alaabo, fara ṣeṣe. Isa fi kun un pe, ilu Baga ni gomina naa n lọ nigba ti ikọlu naa waye. Bawo lo ṣe ṣẹlẹ? Ni Ọjọru ni iṣẹlẹ yii waye ni nnkan bii agogo mẹrin irọlẹ lasiko ti gomina naa fẹ wọ ilu Baga l'awọn agbọn naa ba ṣina ibọn bolẹ. Awọn ẹṣọ alaabo to wa pẹlu rẹ naa daa ina ibọn bolẹ.",refutes,yoruba,2
afrifact_data_culture_igbo_665,igbo,refutes,supports,supports,supports,nei,refutes,refutes,False,False,False,False,True,True,Nwa nwoke abaghị uru chacha. Ọ dịghị mkpa ịmụta nwa nwoke n'ezinụlọ ndị Igbo.,"Igbo kwenyere na ama ọbụla na-amụtaghị nwa nwoka ga-echi. Ya mere ha jị agụ nwoke aha dịka Obiechina, Amaechina na ndị ọzọ. Ọtụtụ ezinaụlo akụsaala maka amụghị nwa nwoke. Ya bụ, ọ dị ezigbo mkpa ịmụta nwa nwoke n'ezinaụlo, ya mere anyị ji ede akụkọ a. ",refutes,igbo,2
afrifact_data_culture_igbo_136,igbo,nei,nei,nei,supports,supports,nei,nei,True,True,False,False,True,True,Naanị ụmụnwaanyị ka a na-ebi ùgwù.,O kwusikwara ike na gọọm̀enti ya kwadosiri azụmahịa na mekọrịta nke mba ECOWAS.,nei,igbo,4
afrifact_data_culture_igbo_219,igbo,nei,nei,nei,supports,nei,nei,nei,True,True,False,True,True,True,Ha arụsịala ụlọ ahụ ha wuliri.,Mana ndị Igbo echeghi aka n'atụmatụ gọmenti sọọsọ.,nei,igbo,5
afrifact_data_culture_hausa_553,hausa,refutes,nei,refutes,supports,nei,nei,refutes,False,True,False,False,False,True,Bara wata sana'a ce da ta keɓanta ga ƙananan yara kawai.,Mabarata ba su karkashin wata makaranta kuma zasu iya zama yara ko manya ko tsofaffi.,refutes,hausa,2
afrifact_data_culture_yoruba_200,yoruba,refutes,refutes,supports,supports,supports,nei,refutes,True,False,False,False,False,True,"Nínú àtẹ̀jáde kan tí wọ́n fi síta fún àwọn oníròyìn, kò sí ẹnìkankan látìmọ́lé nínú àwọn olùwọ́de Endsars.","Kọmisana feto idajọ ati agbẹjọro agba nipinlẹ Eko, Moyosore Onigbanjo SAN, ti rọ ileẹjọ lati tu awọn oluwọde EndSARS silẹ. Awọn oluwọde naa lo to ọtalerugba o din meje 253 ninu ọtalelọọdunrun ati ẹyọ kan, 361 to wa ni atimọle ọlọpaa nipinlẹ naa. Atẹjade kan tileesẹ eto idajọ fisita fawọn akọroyin lo sisọ lori igbesẹ naa",refutes,yoruba,2
afrifact_data_culture_igbo_283,igbo,refutes,refutes,refutes,supports,nei,refutes,refutes,True,True,False,False,True,True,Sam Mbakwe si Imo Steeti gaa wube mahadum nke Anambara n'afọ 1981,"N'afọ 1981, Sam Mbakwe hiwere mahadum Imo steeti. Ụlọ akwụkwọ ahụ dị na mpaghara e nyere n'afọ 1991 ma meekwa ya baptizim ọzọ nke Abia State University . Agbanyeghị, Mahadum Imo steeti nwetara ụlọ akwụkwọ ọhụrụ na ma ka dị.",refutes,igbo,4
afrifact_data_culture_igbo_369,igbo,nei,supports,supports,supports,supports,nei,nei,False,False,False,False,True,True,Ndị mba ụwa ka na-enyocha etu ndị injinịa Biafra siri kpa ike ịrupụta ngwa agha n'oge agha Biafra nke 1967-1970.,"E debara aha ya na Biafra Research and Production (RaP) Directorate nke Prọfesọ Benjamin Chukwuka Nwosu, onye na-ahụ maka physics nuklia. . Iwuanyanwu jere ozi na Rocket Unit nke RaP nke Prọfesọ Gordian Ezekwe bu onye isi. . N'ịbụ ndị nwere obere ohere ịnweta ngwá agha site na ụwa ndị ọzọ, ìgwè ndị nchọpụta a tu kotara uche, wee gụnyere onye na-ahụ maka physics nuklia bu Dọkịta. Felix Oragwu, na-emepụta ihe ntụrụndụ na ngwá agha dị mkpa, ọkachasị Ogbunigwe a na-atụ egwu. . N'ịchọ ịhụ ọrụ, Iwuanyanwu mechara bụrụ onye agha na-arịgo ka ọ bụrụ onyeisi nke otu ndị agha nke Biafra na-ekewapụ onwe ya ma na-edu n'ihu agha.",nei,igbo,2
afrifact_data_culture_igbo_472,igbo,nei,supports,supports,supports,supports,nei,nei,False,False,False,False,True,True,"Ndị Igbo nwere ihe ndị ha ji esi ji, nke mere na ha na-eri ya n'oge a na-eme mmemme Ofala","E wezụga mkpụrụ, mmiri, na mmanụ, ofe egusi na-enwekarị akwụkwọ nri, , akwụkwọ nri ndị ọzọ, ihe na-esi ísì ụtọ, na anụ. Akwụkwọ nri ndị a na-ejikarị eme ofe egusi gụnyere bitterleaf, pumpkin leaf, celosia na spinach. Nri ndị ọzọ na-agụnye tomato na okra. Ihe ndị a na-ahụkarị na-agụnye ose chili, yabasị, na agwa igurube. A na-ejikarị anụ ehi, ewu, azụ, shrimp, ma ọ bụ crayfish.",nei,igbo,2
afrifact_data_culture_hausa_283,hausa,nei,nei,supports,supports,refutes,nei,nei,True,False,False,False,True,True,"ƙuli-ƙuli ba a haɗa shi daga wake, in aka dafa sai an bari ya bushe.","Gyada da ita ake hada kuli kuli Kuli-kuli mai siga Da farko ana samun Gyaɗa bayan an bare ta sai a soya ta sannan a murje ta a fece wato a hure dukan bawon gyadar. Daganan kuma sai a markada ta. Bayan an markada tane kuma za'ayi amfani da ayi ta juya ta ana juyata har sai manta duka an gama matse shi, ita kuma gyadar ta koma . ",nei,hausa,3
afrifact_data_culture_yoruba_070,yoruba,nei,refutes,supports,supports,nei,nei,nei,False,False,False,True,True,True,Àga dúdú kò dára fún nílò níbi àwọn ètò tí ó bá ti nííṣe pẹ̀lú òrìṣà Ajé tàbí Ọ̀ṣun.,"Ní ọdún 1971, ó kẹ́kọ̀ọ́ gboyè Masters ní . Ó kẹ́kọ̀ọ́ gboyè Doctorate nípa ìtàn àròsọ láti ní ọdún 1966. Abímbólá jẹ́ akẹ́kọ̀ọ́ gboyè PhD àkọ́kọ́ ní . Ó di ọ̀jọ̀gbọ́n (Professor) ni3 1976. Abimbola kọ́ àwọn akẹ́kọ̀ọ́ ní Fáṣítì mẹ́ta ọ̀tọ̀ọ̀tọ̀ ní orílẹ̀-èdè , awon náà ní; láàrin ọdún 1963 sí 1965, láàrin 1966 sí 1972, láàrin ọdún 1972 sí 1991.",nei,yoruba,3
afrifact_data_culture_igbo_093,igbo,nei,nei,nei,supports,nei,nei,nei,True,True,False,True,True,True,E riela m osikapa na ofe.,"A na-eri ya ọsịsọ makana a hapụ ya ka o tee aka, ọ na-agbakarị ụka ọsịsọ ụfọdụ oge.",nei,igbo,5
afrifact_data_culture_igbo_046,igbo,nei,nei,supports,supports,nei,nei,nei,True,False,False,True,True,True,Ichi e nwere n'ụlọakwụkwọ Abidịị buru ibu.,"Ichi abụghị ụlọ akwụkwọ a ma ama, ya mere, ndị Igbo na ụfọdụ Delta Igbo anaghị eme ya.",nei,igbo,4
afrifact_data_culture_igbo_541,igbo,refutes,refutes,supports,supports,nei,refutes,nei,True,False,False,False,True,False,Ọkaiwu Paul Achalla gwara ndị BBC Igbo na Nnamdị Kanụ dara Iwu Facebook ya mere e ji machie akantụ ya.,"Paul Achalla bụ ọkaiwu na mba ofesi ma bụrụkwa onye otu Ipob ekwuola atụmatụ ha ga-agbaso iji weghachi akara Facebook onyeisi ha bụ Nnamdi Kanu. Na mkparịtaụka ya na BBC Igbo, Achalla kọwara na o nwereike ịbụ maka otu ihe maọbụ nke ọzọ ka e ji wetuo akara facebook Nnamdi Kanu, mana Facebook kwesịrị inye ya ohere ka ọ zara ọnụ ya. ",refutes,igbo,2
afrifact_data_culture_hausa_506,hausa,nei,nei,nei,supports,nei,nei,nei,True,True,False,True,True,True,Akwai mutane da suke ikirarin cewa su musulmai ne amma ba su yarda da hadisai ba.,A wajen su ma’anar Hadisi shi ne Hakaito Fadar Manzon Allah [S.A.W] Aikinsa da kuma Tabbatarwarsa.,nei,hausa,5
afrifact_data_culture_igbo_387,igbo,nei,nei,nei,supports,supports,nei,nei,True,True,False,False,True,True,Ji bụ nri ụmụ ntakịrị na-eri n'ụlọakwụkwọ ma e tinye ya beans na osikapa.,"N'obodo ụfọdụ, emume ahụ na-ewe otu ụbọchị dum, ebe n'ọtụtụ ebe ọ nwere ike iwe otu izu maọbụ karịa.",nei,igbo,4
afrifact_data_culture_yoruba_788,yoruba,refutes,supports,supports,supports,supports,supports,refutes,False,False,False,False,False,True,"Ẹ̀sìn ìsìlámù níí ṣe pẹ̀lú àìṣòdodo, èyí sì ń darí gbogbo ènìyàn sí ohun tí yóò ṣe ànfààní fún wọn.","Ìsìlámù ni ẹ̀sìn tí ó ṣe pé ìmọ̀-Ọlọ́hun ni (al- Taoheed) ní ìpìl̀ẹ rè, òdodo ni òpó rẹ̀, ó dá lórí déédé,otito. Òhun sì ni ẹ̀sìn tí ó gbópọn tí ó jẹ́ pé ó ń darí gbogbo ẹ̀dá sí ibi gbogbo ohun tí yó̀o jẹ́ ànfààní fún wọn ní ọ̀run àti ayé wọn. Bẹ́ẹ̀ náà ni ó sì tún ń kì wọ́n nílọ̀ nípa gbogbo ohun tí yó̀o ṣaburú fún wọn yálà láyé ni tàbí ni ọ̀run.",refutes,yoruba,1
afrifact_data_culture_igbo_256,igbo,nei,nei,supports,supports,nei,nei,nei,True,False,False,True,True,True,Igwe onyonyo nke Kanu Sports dị oke ọnụ n'ahịa.,"Ọ bụkwa onye nwe igwe onyonyo nke Kanu Sports, ụlọ ọrụ igwe onyonyo egwuregwu Ịntanetị.",nei,igbo,4
afrifact_data_culture_hausa_530,hausa,nei,supports,nei,supports,nei,nei,nei,False,True,False,True,True,True,Muhammad Bello Yabo malami ne na ahlussunah da ke garin Sokoto.,Wanda a faifan bidiyon ya caccaki Gwamnan jihar Kaduna da sauran gwamnoni kan hana Sallar Idi a jihohinsu.,nei,hausa,4
afrifact_data_culture_hausa_514,hausa,refutes,supports,supports,supports,nei,refutes,refutes,False,False,False,False,True,True,Duk abinda aka aikata a gaban Annabi (S.A.W) ya zama sunna.,"Asalin sunan ya zo ne daga kalmar Sunna , wato koyi da yin dukkan abun da Annabi (S.A.W.) ya aikata, ko ya yi umarni, da a aikata ko kuma aka aikata shi a gabansa amma baiyi hani akan abun da aka aikatan ba.",refutes,hausa,2
afrifact_data_culture_igbo_447,igbo,nei,refutes,supports,supports,supports,nei,nei,False,False,False,False,True,True,Mba Nigeria nwere steeti iri atọ na isii ndị e ji ịrụ ọrụ na ịgba mbọ wee mara,"Ejidere Kanu maka ebubo aghụghọ na dị na Nigeria na ka ọnwa Ọktọba dị na mkpụrụ ụbọchị iri na anọ na afo 2015 wee jidere ya ihe karịrị otu afọ, n'agbanyeghị iwu dị iche iche ụlọ ikpe nyere maka ịhapụ ya.",nei,igbo,2
afrifact_data_culture_yoruba_383,yoruba,refutes,supports,supports,supports,supports,nei,nei,False,False,False,False,False,False,"Àwọn fídíò tó ń lọ káàkiri orí Íńtánẹ́ẹ̀tì fi hàn pé àwọn òṣìṣẹ́ ń jẹ́ kí àwọn àlejò pàtàkì fi ọwọ́ kan òkúta náà ní ìkọ̀kọ̀, èyí tó fi hàn pé níṣe ni wọ́n ya àwọn kan sọ́tọ̀ tí òfin náà ò lè múnáà sílò.","Yatọ si Ka'abah, awọn alalaji ko tun ni fọwọ kan okuta dudu ti a mọ si Hajar Aswad, ti wọn si tun gbọdọ fi aye ijina sira ẹni iwọn mita kan ati aabọ si ara wọn silẹ, lasiko ti wọn ba n ṣe ijọsin . Ọpọ musulumi ni ko ni lanfani lati kopa ninu Hajj tọdun yii, nitori bi Saudi ti kede pe, eeyan diẹ ni yoo kopa ninu ijọsin yii, to jẹ opo kan pataki ninu ẹsin Islam.",refutes,yoruba,0
afrifact_data_culture_hausa_674,hausa,nei,nei,supports,supports,nei,nei,nei,True,False,False,True,True,True,Kowacce ƙasa tana samun cigaba ne idan tanada tsaro sosai.,Ta ce bincikenta ya nuna cewa jami'an tsaro sun kashe mutane akalla 18 daga lokacin da dokar takaita zirga-zirgar ta soma aiki a ranar 30 ga watan Maris.,nei,hausa,4
afrifact_data_culture_hausa_523,hausa,refutes,nei,nei,supports,nei,nei,nei,False,False,False,False,False,False,Gwamnatin Najeriya ce ta bada umarnin kashe Sheikh Ja'afar Mahmud Adam.,"Duk da yake wasu sun ce , wata kungiya mai tsattsauran ra'ayi, ta kashe Sheikh din, wasu sun ce Mista Shekarau, gwamnan Kano a lokacin, na iya kasancewa da alhakin saboda malamin yana daya daga cikin manyan masu sukar sa.",refutes,hausa,0
afrifact_data_culture_hausa_117,hausa,nei,nei,supports,supports,refutes,nei,nei,True,False,False,False,True,True,Najeriya ƙasa ce da ta ke tutiya da arziƙin man fetur.,Ya halarci Makarantar Sakandaren Gwamnati ta Biu a Jihar Borno tsakanin shekarar 1977 zuwa shekarar 1982.,nei,hausa,3
afrifact_data_culture_yoruba_377,yoruba,refutes,nei,supports,supports,supports,nei,nei,False,False,False,False,False,False,Àwọn ará-ìlú kọ̀ láti gbóríyìn fún Oṣinbajo fún iṣẹ́ takuntakun tó ṣe láti ri pé ètò ọrọ̀-ajé  ń lọ bó ṣe yẹ.,"Ko si idi meji tawọn ọmọ orilẹ-ede Naijiria fi n kan saara si Ọjọgbọn Oṣinbajo, ju awọn igbesẹ akọ to gbe lasiko to fi n dele fun aarẹ Muhammadu Buhari fun ọjọ mẹwaa to lọ lo fun isinmi laipẹ ati latẹyin wa. Amọ ṣa, gẹgẹ bii oloṣelu to wa lati ẹkun guusu orilẹ-ede Naijiria, ko daju pe Ọṣinbajo yoo lee dide dije fun ipo aarẹ lasiko idibo apapọ ọdun to n bọ, nitori ilana yan-ki-n-yan eleyi ti wọn fi le ori eto idipo-mu laarin ẹkun ariwa ati guusu orilẹ-ede naa. 'Ipaniyan ati ifiyajẹni lọna ti ko bofinmu lọwọ awọn ọlọpaa' Laipẹ yii ni Ọjọgbọn Ọṣinbajo paṣẹ atunto ikọ agbenawoju awọn adigunjale, FSARS ti o ti di atobi-maṣee-bawi bayii nitori oniruru ẹsun iwa ibajẹ ti wọn fi n kan wọn.",refutes,yoruba,0
afrifact_data_culture_hausa_321,hausa,nei,refutes,supports,supports,nei,nei,nei,False,False,False,True,True,True,Goro ana yawan amfani da shi wajen shirya abin sha mai ɗanɗano wanda yake bada kuzari musamman ga matasa a Afirka.," wa lafiyar ɗan’adam kamar yadda ake ta yayatawa, binciken masana ya tabbatar da cewa, “Amfanin goro ga lafiyar ɗan’adam ya fi illolinsa yawa”, Ugwu da Tawagarsa (2020). Yana washe (wanke) baki, yana ƙara kuzari, yana gusar da yunwa da ƙishin ruwa, yana wartsakar da jiki sannan kuma yana ɗauke da sinadaran magani da sauran abubuwa masu tarin yawa (Lovejoy, 1980) A kimiyyance ana kiran itaciyar da ",nei,hausa,3
afrifact_data_culture_hausa_171,hausa,nei,nei,nei,supports,nei,nei,nei,True,True,False,True,True,True,Jihar Katsina ta samu ayyukan ci gaba sosai loƙacin mulkin soja.,Wannan turka-turka da wasu caje-caje da ke da nasaba da kuɗi su ka sa hukumar watau E.F.C.C ta gurfanar da Gwamna Shema a gaban kotu kan cajin almundahanar kuɗaɗen da suka kai kimanin biliyan goma sha ɗaya (N11 billion).,nei,hausa,5
afrifact_data_culture_hausa_504,hausa,nei,nei,supports,supports,nei,supports,supports,True,False,False,True,False,False,Littafin Alƙur'ani mai girma ya ambaci Attaura sau goma sha takwas.,"A cikin Alqur'ani [ | ] Kalmar Tawrat ta zo sau goma sha takwas a cikin Alqur'ani kuma an ambaci sunan Musa sau 136 a cikin Alqur'ani; babu inda aka rubuta cewa Musa shi kadai aka bai wa Tawrat, amma akasin haka an rubuta a cikin Alkur’ani cewa annabawa sun yi mulki da Tawrat.",nei,hausa,2
afrifact_data_culture_hausa_392,hausa,refutes,nei,supports,supports,nei,nei,nei,False,False,False,False,False,False,Mabiya JIBWIS suna gudanar da taruka na koyan girki da zaman lafiya a cikin al’umma.,"Jama'atu Izalatul Bidi'a Wa'Ikamatus Sunnah ( JIBWIS ). ƙungiyar addinin ce, mabiya tsira da amincin Allah su kara tabbata a gareshi. Sannan kuma an kafa wannan ƙungiyar ne a babban Birnin Jihar dake wanda babban malamin Musulunci kuma Babban Hafsan Sojan ya kafa, wato Sheikh Jos wanda kuma har yanzu Cibiyar Gudanarwa na ƙungiyar yana garin Jos a ƙarƙashin jagorancin Khalifa na farko na wannan ƙungiya wato Sheikh wanda kuma har yanzu Cibiyar Gudanarwa na kungiyar yana garin Jos a karkashin jagorancin Khalifa na farko na wannan ƙungiya wato Sheikh Ƙungiya ce da aka kafa ta da manufar yaƙi da bidi'o'i, wato ƙirqire-ƙirqire a cikin addini da kuma tabbatar da biyayya ga (Aminci Allah ya kara tabbata a gare shi) tare da abubuwan da ya zo da su daga Allah Maɗaukakin Sarki, ba tare da daɗi ko ragi ba.",refutes,hausa,0
afrifact_data_culture_igbo_280,igbo,nei,nei,supports,supports,supports,nei,nei,True,False,False,False,True,True,Ndị na-akụ azụ na ndị na-eme njem ụgbọ mmiri na Mmiri Ọnụ Ọwarị Ọgbaru na-atụ ụtụ nye gọọmentị Anambara.,"Ọ bụ ọdọ mmiri kachasị ukwuu di na Imo , Ndịda Ọwụwa Anyanwụ ; n'ime mpaghara mmiri ozuzo nke Niger . ",nei,igbo,3
afrifact_data_culture_hausa_304,hausa,refutes,nei,supports,supports,supports,nei,refutes,False,False,False,False,False,True,Awara abinci ne mai ɗanɗano wanda aka yi gaba ɗaya da alkama,"Awara dai anayin ta ne da waken suya, inda ake niƙa waken a tace ƙullun waken a Dora Shi Akan wuta saiya taso yatausa sannan asamishi ruwan tsami Ko tsamiya zaaga yafara Hada jikinta Sai Asami buhu Ko abin Tata Mai kyau Mai tsafta adinga kwashewa sannan a tsaneta Idan ruwanta yagama fitasannan a yanka a soya a wurin soyawan wasu Sukan Saka Mata Kwai yadanganta da raayin mutum.",refutes,hausa,1
afrifact_data_culture_hausa_334,hausa,refutes,nei,supports,supports,supports,nei,refutes,False,False,False,False,False,True,Dambe wasa ne na rukuni mai sauƙi wanda akeyi da ƙwallon ƙafa,Dambe fasaha ce ta gwagwarmayar Hausawa daga kasar Najeriya. Masu fafatawa a cikin wasan wasa na yau da kullun suna son su rinjayi junansu cikin jimlar kaddamarwa galibi a cikin zagaye uku. Sau da yawa yana haifar da munanan raunuka na jiki ga masu kalubalen kamar karyayyun mukamuki da hakarkari.,refutes,hausa,1
afrifact_data_culture_yoruba_766,yoruba,nei,refutes,supports,supports,supports,nei,nei,False,False,False,False,True,True,Gbogbo ọbẹ̀ ni wọ́n máa ń kọ́kọ́ ṣan ewé wọn kí wọ́n tó ṣàmúlò rẹ̀.,"Ọbẹ̀ Oha jẹ́ ọbẹ̀ tó wọ́pọ̀ ní apá gúúsù mọ́ ìlà-oòrùn orílẹ̀-èdè . Ọbẹ̀ oha jẹ́ ọbẹ̀ agbègbè Ìlà-oòrùn, tó sì jẹ́ pé àwọn ará Íbò ni wọ́n sábà máa ń sè é, láti ará igi ewébẹ̀ láéláé tí orúkọ sáyẹ́ńsì rẹ̀ ń ṣe Pterocarpus mildraedii ni ọbẹ̀ náà ti ṣẹ̀.",nei,yoruba,2
afrifact_data_culture_hausa_700,hausa,nei,refutes,supports,supports,supports,nei,nei,False,False,False,False,True,True,Yana da kyau mutane su ke yin bincike mai zurfi kafin su je baƙon wuri don yin hutu.,"Masu bincike sun ce a mafiya yawan lokutan mutane kan tura da sakonin karya ko kuma hotonan bidiyo bogi zuwa ga sauran mutane da suke mu'amala da su a dandalin sada zumunta, inda wasu suna da mabiya fiye da 100. Daga nan ne cikin sauri sai gungun mutane su taru domin kai wa baki hari, kuma 'yan sanda ba su da isashen lokacin mayar da martani.",nei,hausa,2
afrifact_data_culture_hausa_812,hausa,nei,supports,refutes,supports,refutes,nei,nei,False,False,False,False,True,True,Muhammadu Buhari ya shafe tsawon shekaru 8 yana mulkin Najeriya.,"Masharhanta salon siyasar Najeriya na ganin ficewar 'yan majalisa da kuma wasu gwamnonin APC, babban al'amari ne da zai iya raunata matsayin Shugaba Muhammadu Buhari a majalisar dokoki, kuma wata babbar barazana ce ga takararsa a zaben 2019.",nei,hausa,2
afrifact_data_culture_yoruba_341,yoruba,refutes,refutes,supports,supports,supports,nei,nei,True,False,False,False,False,False,Ọjọ́ Ìṣẹ́gun ni àwọn oníròyìn gbé ìròyìn yìí síta nípa ilé alárinrin tí Aláàfin kọ fún àwọn olorì rẹ̀.,"Ọjọ Aiku la mu iroyin wa fun yin pe Kabiyesi naa fun Olori Memunat Omowunmi ni ẹbun ile alarinrin kan nilu Ibadan. Amọ olori keji, Aishat Folasade toun naa gba ẹbun ile alarinrin mii naa ti kede sita loju opo ibanidọrẹpọ rẹ pe oriire naa kan oun.",refutes,yoruba,1
afrifact_data_culture_yoruba_181,yoruba,nei,refutes,supports,supports,supports,nei,nei,False,False,False,False,True,True,Ọgbẹ́ni Wọlé parọ́ fún màmá tí ó bá sọ̀rọ̀ lórí aago wípé òun wà ní kíláàsì.,"ina ṣetán láti yọwọ́ kúrò nínú sísan owó oṣù àwọn aṣòfin ìpínlẹ̀ àti Adájọ́- Fayemi Ijọba ti ni ki awọn adajọ ati aṣofin ni ipinlẹ fi ọkan balẹ nitori awọn gomina ti ṣetan lati jẹ ki wọn da duro lori owo osu wọn. Gomina ipinlẹ Ekiti ati Alaga ẹgbẹ awọn gomina lorilẹede Naijiria, Kayode Fayemi lo kede rẹ lẹyin ipade ni ile ijọ,ba ni ilu Abuja Fayemi ni ko si otitọ ninu iroyin pe awọn gomina ipinlẹ tako aba ki awọn aṣofin daduro lai si iranwọ ijọba ipinlẹ ati eto idajọ ni ipinlẹ naa pẹlu. O ni ori",nei,yoruba,2
afrifact_data_culture_hausa_560,hausa,nei,nei,refutes,supports,refutes,nei,nei,True,False,False,False,True,True,Malamai su na jindaɗi sosai yayin da su ka ga ɗalibansu na samun cigaba a ɓangaren karatunsu.,"A yawancin ƙasashe, ƙwararrun malamai ana biyan su kuɗi ne, don su koyawa ɗalibai na yau da kullun.",nei,hausa,3
afrifact_data_culture_yoruba_323,yoruba,refutes,refutes,supports,supports,nei,supports,refutes,True,False,False,False,False,True,"Wọ́n filé pọ̀ntí, wọ́n fọ̀nà rokà níbi ìgbéyàwó ọmọ Buhari, tí ọ̀pọ̀ ènìyàn sí péjú pésẹ síbẹ̀, láìbìkítà nípa àwọn ìlànà Covid-19.","""Igbeyawo ọmọ Aarẹ Buhari jẹ ọkan gboogi lara awọn igbeyawo onirẹlẹ julọ ti awọn to n tukọ ijọba yoo ṣe ninu itan orilẹ-ede Naijiria."" Ni ti fidio kan to n tan kalẹ lori ayelujara, nibi ti tọkọ-taya ti n jo ti awọn eeyan kan si n na wọn lowo, Aliyu ni kii ṣe ile ijọba ni Abuja ni wọn ti ya fidio ọhun, ṣugbọn iṣẹlẹ naa waye lẹyin ti iyawo dele ọkọ rẹ tan ni Kaduna. Aliyu ni iyawo Aisha Buhari mọ pe arun Covid-19 ṣi wa lawujọ, nitori naa lo ṣe ri daju pe gbogbo awọn to peju sibi igbeyawo ọmọ rẹ tẹle ilana ijinasiraẹni ti awọn eleto ilera gbe kalẹ.",refutes,yoruba,2
afrifact_data_culture_yoruba_043,yoruba,nei,refutes,supports,supports,supports,nei,nei,False,False,False,False,True,True,"Gbogbo igi ló ń juwọ́ sí Ọlọ́run Ọba, ewéko àti gbogbo àwọn ewé ilẹ̀ pátápátá.",Àwọn wọ̀nyí ni wọ́n ma ń pidán tí wọ́n sì ma ń yí . Egúngún Apẹ̀ṣà. Irúfẹ́ àwọn egúngún wọ̀nyí ló m a ń kọrin ki àwọn ènìyàn. Egúngún Aláago. Àwọn eégún wọ̀nyí jẹ́ egúngún oní fàájì àti bbl. Orúkọ tí wọ́n ń pe àwọn egúngún wọ yí tún yàtọ̀ síra wọn ní ìlú sílú ati àdúgbò sí àdúgbò. Ìtàn nípa Egúngún [ | ] Onirunrun itan lo ro mo Iwasayi tabi ibere egungun sugbon eyi ti a o salaye ni Itan akoni ti a mo si Ogogo omo kulodo.,nei,yoruba,2
afrifact_data_culture_igbo_013,igbo,refutes,supports,supports,supports,nei,nei,refutes,False,False,False,False,False,True,"Bianca Ojukwu bụ nwaanyị nke abụọ bụ onyeisi n'ụlọọrụ ""Nigerian Stock Exchange"" ","Ọ bụ nwaanyị mbụ nọ n'oche ọchịchị dịka onyeisi n'ụlọọrụ ""Nigerian Stock Exchange"".",refutes,igbo,1
afrifact_data_culture_yoruba_218,yoruba,refutes,refutes,supports,supports,supports,refutes,refutes,True,False,False,False,True,True,Kò sí nínú ìbúra àwọn olóṣèlú láti pèsè ààbò tó rinlẹ̀ fún àwọn ará ìlú.,"Bakan naa ni awọ̀n oriade nilẹ́ Yoruba bii Ọ́ọni tilu Ile Ifẹ, Ọba Adeyẹye Ẹnitan Ogunwusi, Olugbọn tile Igbọn ti peju sibi ayẹyẹ naa. Ninu ọrọ ikini kaabọ rẹ, olugbalejo pataki nibi ayẹyẹ ifilọlẹ ọhun, gomina Ṣeyi Makinde ti ipinlẹ Ọyọ ni, asiko ti to fun ilẹ Yooba lati dẹruba ẹru gangan funra rẹ. Makinde tẹsiwaju pe agbẹkale Amọtẹkun waye fun igbaye-gbadun ati eto aabo to nipọn fun gbogbo ọmọ Oodua. O ni gbogbo gomina lo bura lati bọwọ fun ofin nipa ṣiṣe agbekale eto aabo ti yoo rẹsẹwalẹ fun gbogbo awọn araalu.",refutes,yoruba,3
afrifact_data_culture_yoruba_557,yoruba,refutes,supports,nei,supports,supports,nei,nei,False,False,False,False,False,False,Oríṣi Gaàrí kan ló wà nílẹ̀ Yorùbá. Èyí sì ni Gaàrí ìjẹ̀bú.,"Garri flour Cooked garri ( ) on a plate in Cameroon Whole cassava tubers Peeled cassava pieces Ní ẹkùn ìwọ̀ oòrùn , gaàrí (tí a tún mọ̀ sí gari , galli , tàbí gali ) ó jẹ́ ìyẹ̀fun tí a rí láti ara ẹ̀gẹ́. Nínú èdè , gaàrí túmọ̀ sí ìyẹ̀fun ti , , , , , àti . Fún àpẹẹrẹ, garin dawa jẹ́ èyí tí a rí láti ara , garin masara àti garin alkama jẹ́ èyí tí a rí láti àti wíìtì bákan náà, nígbà tí garin magani jẹ́ irinṣẹ́ ìyẹ̀fun. A máa ń pò ó papọ̀ mọ́ omi tútù àti omi gbígbóná ní àwọn orílẹ̀-èdè kan ní ilẹ̀ bíi: , , , , , àti . Ẹ̀gẹ́, èyí tí ó jẹ́ egbò tí a ti rí gaárí , ó kún fún àwọn èròjà tí ó pọ̀. Gaàrí tún fara jọ tí orílẹ̀-èdè , tí wọ́n máa ń lò láti pèsè àwọn onírúurú oúnjẹ, pàápàá jùlọ ní Ìpínlẹ̀ . Bí a ṣe ń ṣe é [ | ] Process of garri making Láti ṣe ìyẹ̀fun gaàrí , a máa wú , bẹ ẹ́, lẹ́yìn náà ni a máa fọ̀ ọ́ tónítóní kí á tó gún un. A le fi òróró sí i kí a tó dà á sínú àpò, lẹ́yìn náà ni a máa gbé e sí abẹ̀ ẹ̀rọ tí a fi máa fún un fún wákàtí kan sí wákàtí mẹ́rìnlélógún láti fún àwọn omi tí ó wà lára rẹ̀. Lẹ́yìn tí ó bá gbẹ tán ni a máa yan án nínú agbada ńlá, a le fi òróró sí i tàbí kí a má fi sí i. Lẹ́yìn èyí ni ó máa fún wa ní Gaàrí, a le rọ́ pamọ́ fún ọjọ́ pípẹ́. A le gún un lódó tàbí kí á lọ̀ ọ́ lẹ́rọ láti fún wa ní ìyẹ̀fun. Gaàrí pín sí oríṣiríṣi, lébú, èyí tí kò kúná àti èyí tí kò kùnà púpọ̀, èyí tí a le lò láti ṣe onírúurú oúnjẹ.",refutes,yoruba,0
afrifact_data_culture_igbo_191,igbo,refutes,supports,supports,supports,nei,nei,refutes,False,False,False,False,False,True,Ndị Awụsa bụ ndị bi ne ebe ugwu nke Ọ̀hà Delta na Ọ̀hà Rivas,Ọ bụkwa ndi Ìgbò bi na ebe ugwu nke Ọ̀hà Delta na Ọ̀hà Rivas.,refutes,igbo,1
afrifact_data_culture_hausa_211,hausa,refutes,nei,supports,supports,refutes,nei,nei,False,False,False,True,False,False,Gidan Arewa gini ne da ya kasance wurin ajiyar kayan yaƙin turawan mulkin mallaka.,"An yi amfani da gidan a matsayin cibiyar bincike tun daga shekarar 1970, bayan da aka ba kwamitin da aka sani da Kwamitin Tarihin Arewacin Najeriya alhakin rubuta littafi akan tarihin Arewacin Najeriya.",refutes,hausa,1
afrifact_data_culture_hausa_537,hausa,nei,nei,supports,supports,supports,nei,nei,True,False,False,False,True,True,Ya halarta ayi sallah guda biyu da alwala ɗaya.,"idan ka samu ruwa mai kyau (Mai tsarki ) wanda yake tsarkakewa da kansa, bayan kayi tsarki wanda shari'a ta zo da shi wato a musulunce. Sai ka samu guri mai tsarki ka zauna, sai ka ajiye abun alwalanka a gefen dama idan budadde ne, idan kuma rufaffe ne sai ka ajjiye sa a bangarenka na hagu.",nei,hausa,3
afrifact_data_culture_hausa_472,hausa,refutes,nei,supports,supports,supports,nei,nei,False,False,False,False,False,False,Mai azumi na iya saduwa da iyalinsa kafin rana ta faɗi.,Azumi shi ne kamewa daga barin cin abinci ko sha ko jima'i (saduwan tsakanin namiji da mace) ko shan taba ko allura ta abinci daga ketowar alfijir nabiyu har zuwa faduwan rana.,refutes,hausa,0
afrifact_data_culture_hausa_238,hausa,refutes,nei,supports,supports,nei,nei,refutes,False,False,False,False,False,True,An gina kasuwar kurmi a cikin gundumar sahara.,"An kafa kasuwar Kurmi a cikin karni na goma sha biyar (15) a matsayin cibiyar kasuwanci da adana kayayyaki don cigaban kasuwanci a cikin birni, sakamakon fadada kasuwancin yanki da Sahara. An Kuma gina ta a cikin gundumar Jakara na cikin birni. ",refutes,hausa,1
afrifact_data_culture_igbo_697,igbo,refutes,refutes,supports,supports,refutes,nei,refutes,True,False,False,True,False,True,R.Kelly mara onwe ya ikpe n'ebubo niile e boro ya.,R. Kelly sị na aka ya dị ọcha n'ebubo mmetọ ọhụrụ Otiegwu a ma ama na mba Amerịka bụ R.Kelly ekwuola na aka ya dị ọcha n'ebubo na o metọrọ ụmụaka iri na atọ na Chicago gụnyere ebubo onye ọhụru. Onye nke ọhụrụ a kpọrọ 'Minor Six' so na ebubo ọ hụụ ahụ.,refutes,igbo,3
afrifact_data_culture_hausa_599,hausa,nei,nei,refutes,supports,nei,nei,nei,True,False,False,True,True,True,Sheikh Qaribullah ya auri mata biyu yana da shekaru ashirin da biyu.," cikin sababbin tufafi, a yi shi zuwa kwankwasa, ko kuma a yi amfani da shi. Yawancin matakan da ake amfani da su wajen yin tufafi daga karce (saka, yin kira, yankewa, gyare-gyare, da sauransu) na nufin cewa mata sukan yi musayar kwarewarsu ta wata fasaha da juna. Ayyukan allura na ado irin su kwankwasa fasaha ce mai kima, kuma 'yan mata masu lokaci da hanyoyin za su yi aiki don gina kwarewar su a wannan yanki. Tun daga tsakiyar zamanai zuwa karni na 17, kayan aikin dinki i",nei,hausa,4
afrifact_data_culture_yoruba_757,yoruba,nei,nei,supports,supports,supports,nei,nei,True,False,False,False,True,True,Ìṣẹ̀lẹ̀ apànìyàn yìí wáyé ní ìlú Ìjẹ̀ṣà ní Ìdómínàà ní pàtó.,"Tí a bá sọ̀rọ̀ nípa àwọn tí ó wà ní abẹ́ Ìjẹ̀sà, ọ̀pọ̀lọpọ̀ ìlú ni a lè rí tọ́kasí lábẹ́ wọn. Lára àwọn ìlú wọ̀nyí ní a tí rí ìlú ńláńlá àti kékeré. Àwọn ìlú naa nì wọ̀nyí (1) Ìpólé (2) Ìrógbó (3) Ìwukùn (4) Ìbòdì (5) Ìtapá (6) Òdò (7) Olówu (8) Ìperindó (9) Ìlokò (10) Ìwáráya (11) Ìsè-Ìjẹ̀sà (12) Ìlérín (13) Ìjẹ̀bú- Jẹ̀sà (14) Ìpetu- jẹ̀sà (15) Èrìn –Ìjèsà (16) Ìdómínàà (17) Ìlásè (18) Ìlówá (19) Ìkíyìnwá (20) Ifẹ̀wàrà (21) Èsà-òkè (22) Èsà-odò (23) Ìbòkun (24) Òtan-ilé (25) Ìmèsí-ilé (26) Òsú (27) Ìpetu-ilé (28) Ìlàrè (29) Ìlayè (30) Ìtagúnmodu (31) Mogbàrà (32) Òmò (33) Ìgángán (34) Ilésà gan-an (35) Ẹ̀rìnmọ̀ Ìjẹ̀sà",nei,yoruba,3
afrifact_data_culture_yoruba_217,yoruba,nei,nei,supports,supports,supports,nei,nei,True,False,False,False,True,True,Kìkìdá àwọn akẹ́kọ̀ọ́ tí wọ́n bá wúlò fún àwọn olùkọ wọn ni olùkọ́ yóò rántí wọn lákòókò tí wọ́n bá nílò wọn.,"O ni Amọtẹkun ko waye lati rọpo awọn ileeṣẹ aabo to n bẹ nilẹ tẹlẹ, ṣugbọn yoo ṣiṣẹ papọ pẹlu awọn ẹṣọ aabo to ku, ki eto naa le kẹsẹjari. O ṣe afikun ọrọ wi pe, gbogbo awọn aṣoju Amọtẹkun ni yoo maa ṣe amojuto awọn agbegbe kọọkan pẹlu oye ede ati aṣa awọn agbegbe naa. Fayẹmi ṣe alaye wi pe, Amọtẹkun ipinlẹ kọọkan ni yoo maa mojuto ipinlẹ ti wọn pin wọn si lai rekọja lọ si ipinlẹ mii, ayafi ti iṣẹlẹ pajawiri ba waye.",nei,yoruba,3
afrifact_data_culture_yoruba_034,yoruba,nei,nei,supports,supports,supports,nei,nei,True,False,False,False,True,True,"Mínísítà sọ pé ó dára kí á pa àgọ́ mẹ́ta, ṣùgbọ́n a ò ní fún Daud àti Lọ́ládé ni ọ̀kankan.","Ṣugbọn, onimọ kan nipa ọrọ aje, Gbadamosi Olusola, to jẹ Igbakeji Aarẹ Ẹgbẹ awọn onimọ ọrọ aje ati iṣiro ni Naijiria, sọ fun BBC pe, idẹrun ọlọjọ diẹ ni yoo mu wa fun araalu. Eyi ko ṣẹyin bi coronavirus ṣe ti ṣakoba fun ọrọ aje. Oore wo ni titi bọda ṣe fun Naijiria? Ọgbẹni Gbadamosi Olusola ṣalaye pe ko si anfaani kankan ti Naijiria jẹ lara titi awọn ẹnu ibode, nitori pe iṣẹ fayawọ lọ soke si, ti ko si tun si ayipada lori ọrọ eto aabo.",nei,yoruba,3
afrifact_data_culture_igbo_299,igbo,refutes,supports,nei,supports,nei,nei,refutes,False,False,False,False,False,True,"Na 1957, Ozumba Mbadiwe weere ọkwa dịka ọka ikpe n'ụlọ ike kacha elu nke Naịjirịa. ","Na 1957, e mere ya Minister nke Azụmahịa.",refutes,igbo,1
afrifact_data_culture_hausa_488,hausa,nei,nei,supports,supports,refutes,nei,nei,True,False,False,False,True,True,Mutane da dama sunyi alhinin mutuwar Muhammad Auwal Albaniy Zariya.,Ƴan bindigar sun harbe Sheikh Muhammad Auwal Adam Albani Zariya tare da ɗaya daga cikin matansa a cikin garin a kan hanyarsu ta dawowa gida bayan sun halarci karatun Tafsirin yamma da suka saba zuwa a cikin garin.,nei,hausa,3
afrifact_data_culture_hausa_019,hausa,refutes,refutes,supports,supports,nei,nei,refutes,True,False,False,False,False,True,Hatsarin mota ne yayi sanadiyyar mutuwar Murtala Muhammad a Legas.,An kashe Murtala Muhammad ne bayan sallar asuba kuma an harbe shi ne da bindiga bayan ya fito masallaci a hanyar sa ta komawa gidan sa dake cikin garin Legas inda wani da ake kira Buka Suka Dimka ya harbe shi da bindiga.,refutes,hausa,2
afrifact_data_culture_hausa_771,hausa,nei,refutes,supports,supports,nei,nei,nei,False,False,False,True,True,True,Sheikh Abdullahi Uwais sannan likitan zuciya ne a garin Kano.,An haifi Sheikh Abdullahi Uwaisu a unguwar Limanci ta birnin Kano da ke Najeriya a shekarar 1954.,nei,hausa,3
afrifact_data_culture_igbo_489,igbo,nei,nei,nei,supports,refutes,nei,nei,True,True,False,False,True,True,Peter Obi na-enye ụlọakwukwọ dị iche iche onyinye ego kwa mgbe,"Ọ gara Christ the King College, Onitsha, ebe ọ gụsịrị akwụkwọ sekọndrị ya",nei,igbo,4
afrifact_data_culture_hausa_463,hausa,refutes,supports,supports,supports,supports,nei,nei,False,False,False,False,False,False,Ma su arziƙi za su iya karɓar zakka don su ƙara jari.,(Faqirai) A kan Tafarkin Allah (Fi sabilillihi) Bayi Waɗanda ake jansu zuwa musulunci Miskinai Matafiyi wanda bada saɓon Allah ba Waɗanda ake bi bashi Masu aiki a kan dukiyan zakka,refutes,hausa,0
afrifact_data_culture_igbo_202,igbo,nei,nei,supports,supports,supports,nei,nei,True,False,False,False,True,True,Ndị ntọrị ga-enwetarịrị ụgwọ ọrụ ha.,"Igosipụta ọnọdu a, n'afọ 2018, ha tọọrọ ihe karịrị umụakwụkwọ narị n'obodo Dapchi.",nei,igbo,3
afrifact_data_culture_hausa_397,hausa,refutes,nei,supports,supports,refutes,nei,supports,False,False,False,True,False,False,Rabe-raben musulmi bai haifar da faruwar Shi’anci nan take ba.,"Ya kamata a lura da cewa musulmi a lokacin ba su kasu kashi biyu ba, wato ‘yan Shi’a da Sunna, sai dai hakan ya faru ne bayan wafatin Manzon Allah, tsira da amincin Allah su tabbata a gare shi da alayensa, da taron juyin mulkin da aka yi a Saqifa. Bani Sa'ida da zabin Abubakar a matsayin magajin Manzon Allah, tsira da amincin Allah su tabbata a gare shi da alayensa, a kan musulmi. Al’amarin ya fuskanci adawar Ali binu Abi Talib, tsira da amincin Allah su tabbata a gare shi, da dukkan Bani Hashim, da Salman Al-Farisiy, da Abu Zarr Al-Ghafari, da Al-Miqdad bin Al-Aswad, da Ammar bin Yasser, da Ibn Al-Tayhan. Othman bin Hanif, da sauran sahabbai da mabiyan Ali, tsira da amincin Allah su tabbata a gare shi. Daga nan ne bishiya Shi'anci ta fara girma.",refutes,hausa,1
afrifact_data_culture_hausa_165,hausa,nei,nei,supports,supports,supports,nei,nei,True,False,False,False,True,True,Jihar Zamfara na fama da matsalar tsaro da har yanzu gwamnati ta kasa magancewa.,"Sanya fitulun titi masu amfani da hasken rana a babban birnin jihar ya kara inganta rayuwar mazauna jihar, tare da inganta tsaro da tsaro.",nei,hausa,3
afrifact_data_culture_igbo_507,igbo,nei,supports,nei,supports,nei,nei,nei,False,True,False,True,True,True,"Agbụrụ ndị Yoroba nwere alụsi ha na-akpọ Sango, bụ nke ha hụrụ ka chi siri ike."," Ọ na-achịkwa ụlọ ọrụ, ọrụ ugbo, na onye ọrụ ugbo, a na-eme kwa ememme kwa afọ na ememme Ikenga kwa afọ.",nei,igbo,4
afrifact_data_culture_igbo_197,igbo,refutes,refutes,supports,supports,refutes,supports,refutes,True,False,False,True,False,True,Akụkọ a ma ama na-ekwu na-ekwu na onye atọ a mara nke ọma n'Akwete bụ Dada Nwakata,Akụkọ ọdịnala a ma ama na-ekwu na otu nwanyị aha ya bụ Dada Nwakata bụ onye mbụ a maara nke ọma na Akwete.,refutes,igbo,3
afrifact_data_culture_yoruba_413,yoruba,refutes,refutes,supports,supports,nei,nei,nei,True,False,False,False,False,False,Ìjọba Buhari ti ṣẹ́gun ogun Boko Haram pátá ní orílẹ̀-èdè Nàìjíríà.,"Ni ọdun 2002 ni wọn da ẹgbẹ Boko Haram silẹ, gẹgẹ bii ẹgbẹ ti kii se oniwahala pẹlu afojusun ati ṣe afọmọ ilana ẹsin Islam lẹkun ariwa orilẹede Naijiria. Amọṣa ẹgbẹ naa yi pada di agbebọn ninu ilepa awọn afojusun rẹ. Kii ṣe orilẹede Naijiria nikan ni Boko Haram wa mọ bayii, itakun rẹ ti kan de awọn orilẹede to fẹgbẹkẹgbẹ pẹlu Naijiria bii Chad, Niger ati Cameroun. Ọkẹ aimoye awọn eeyan ni wọn ti ran lọ sọrun apapandodo, ti awọn bi miliọnu meji miran si ti di atipo. Boko Haram kii ye ji awọn akẹkọ gbe eleyi to mu ki oju orilẹede agbaye ṣi si ọdọ rẹ lọdun 2014, lẹyin to ji nnkan bii ọọdunrun akẹkọbinrin gbe nileewe kan to wa ni ilu Chibok nipinlẹ Borno, ipinlẹ ti Boko Haram ti kọkọ di agbebọn. Ni ọdun 2015, Boko Haram gba idanimọ gẹgẹ bii ẹgbẹ agbesunmọmi to buru julọ lagbaye, gẹgẹ bi ajọ to wa fun ọrọ aje ati alaafia lagbaye ṣe sọ.",refutes,yoruba,1
afrifact_data_culture_hausa_230,hausa,nei,nei,supports,supports,supports,nei,nei,True,False,False,False,True,True,Mata da yawa sun taru a kasuwar.,"Washegari, mutanen Daura suka taru a bakin rijiyar, suna mamakin wanda ya kashe macijin; Magajiya , sarauniyar yankin ta ba da ikon mallakar rabin garin ga duk wanda zai tabbatar da cewa ya kashe macijin. Maza da yawa sun kawo kawunan maciji a gaba, amma kawunan bai dace da jikin ba.",nei,hausa,3
afrifact_data_culture_igbo_581,igbo,refutes,refutes,supports,supports,nei,nei,refutes,True,False,False,False,False,True,Ọ dịghị mkpa ka a kuziere ụmụaka otu e si akpata na otu e si emefu ego,"Malite n'oge kuziwere ụmụ gị etu e si edokọba ego Ikuziri nwatakịrị maka mkpata na mmefu n'oge ga-eme ka ọ mara etu ọ ga-esi chekwa ego na akụnaụba, nke ga-enyere ya aka ruo mgbe ọ ga-abụ okenye. Ụmụaka na-esi na ngosipụta amụta ihe, nke bụ na ị bụrụ onye na-emezi ego ọfụma, ọ gaghị ara ha ahụ ịmụta ya n'aka gị.",refutes,igbo,2
afrifact_data_culture_hausa_616,hausa,refutes,nei,supports,supports,refutes,nei,nei,False,False,False,True,False,False,Mamma Shata shahararren makarancin alƙur'ani ne.,"Ya kasance mashahurin Mawaki, domin a fagen wakarsa ya shahara, Kasancewarsa a cikin wakar ba abin da ba zai iya yi wa waka ba idan ya ga dama.",refutes,hausa,1
afrifact_data_culture_hausa_355,hausa,refutes,nei,supports,supports,nei,nei,refutes,False,False,False,False,False,True,Babbar Sallar ita kawai mutane suna ziyartar juna.,"Babbar sallah Rana ce mai dimbin tarihi a duniyar musulunci da misulmai wadda take zuwa bayan an yi sallah karama da wata 2 da kwanaki 10. Ranar babbar sallah rana ce wadda dimbin miliyoyin musulmin ke fitowa su je filin idi domin su hallarci sallar nafila raka'a biyu domin nuna godiya ga mahaliccinsu da nuna murnarsu a gare shi da ya ba su damar halattar wannan rana a tarihin rayuwarsu, a wannan ranar ana yanka abun layya abun da ya sawwaqa ga mutum daga rago, , , , , , , amale, . Wadannan sune jinsin dabbobin wadanda ake layya dasu kuma ya fi kowane daraja haka rakuma tafi kowannen su karancin daraja wato itace mai daraja ta can kasar.",refutes,hausa,1
afrifact_data_culture_igbo_451,igbo,refutes,refutes,supports,supports,nei,nei,nei,True,False,False,False,False,False,Chris Nwabueze Ngige laghachiri azụ bụrụ Gọvanọ mgbe ọ rụchara ọrụ dịka onye Omeiwu,"N'ọnwa Eprel afọ 2011, Ngige gbara ọsọ maka ntuli aka maka onye omeiwu nke Anambra Central, na ikpo okwu Action Congress of Nigeria (ACN). Mgbe nsogbu ịtụ vootu n'akụkụ ụfọdụ nke mpaghara ahụ na 9 Eprel, e mere ntuli aka na mpaghara ndị a na 25 Eprel ma kwupụta na Ngige bụ onye mmeri karịa onye bụbu Minista nke Ozi na Mmekọrịta Prọfesọ nke APGA, na vootu 69,765 na vootu Akunyili nke 69,292.",refutes,igbo,1
afrifact_data_culture_yoruba_700,yoruba,nei,refutes,supports,supports,supports,nei,nei,False,False,False,False,True,True,Ilé ìfowópamọ́ àgbáyé tí ń ṣàkòóso àwọn ètò láti fi dínkù iye owó oúnjẹ lágbayé.,"Muhammadu Buhari (tí wọ́n bí ní Ọjọ́ ketàdínlógún, Oṣù Kejìlá Odún 1942 o si ku ni Oṣu Keje ọjọ 13, Ọdun 2025) olóṣèlú tí ó jẹ́ Ààrẹ orílè-èdè láàrin ọdún 2015 sí ọdún 2023. Ó lo ṣáà àkọ́kọ́ rẹ̀ láàrin odún 2015 sí 2019 àti kejì láàrin ọdún 2019 sí 2023 .",nei,yoruba,2
afrifact_data_culture_yoruba_781,yoruba,nei,nei,supports,supports,supports,nei,nei,True,False,False,False,True,True,Ìgbàgbọ́ àti ìmọ̀ lè jọra nínú ìmúṣẹ àmọ́ ìyàtọ̀ wọn wà ní ìlọ́po.,"Yemọja jẹ́ òrìṣà inú omi gẹ́gẹ́ ìgbàgbọ́ ẹ̀sìn àbáláyé tàbí ìṣẹ̀ṣe Yorùbá. Yorùbá ìgbàgbọ́ pé, Yemoja jẹ́ ìyá gbogbo àwọn òrìṣà pátápátá. Ó tun jẹ́ ìyá gbogbo ènìyàn adáríhunrun.",nei,yoruba,3
afrifact_data_culture_yoruba_367,yoruba,nei,refutes,supports,supports,nei,supports,supports,False,False,False,True,False,False,Ẹbọ ọkùnrin àti obìnrin tí kò ní ìbálòpọ̀ rí ni wọ́n rú dènà ogun Fulani ní ìlú Ògbómọ̀ṣọ́.," Ijọba Eko wa kede pe Mary Daniels ko si ni agọ ọlọpaa fun iwadi kankan tabi pe asiri tu pe o parọ, bẹẹ ni wọn ko maa sewadi rẹ nitori pe baba rẹ wa nile aye. Bawo ni itan Mary Daniel se jẹ losu diẹ sẹyin: Bẹẹ ba gbagbe, laipẹ yii ni ori ayelujara kun fun iroyin obinrin naa, ti ọpọ eeyan si n da owo jọ fun lati saanu rẹ. Arabinrin to ge lẹsẹ naa ṣalaye, nigba t'awọn oniroyin n f'ọrọ waa lẹnu wo nigba ti iroyin rẹ jade pe, salaye pe inu ijamba mọto to gbẹmi gbogbo awọn ero inu ọkọ naa, loun ti padanu ẹsẹ oun kan. O ni inu ijamba mọto yii kan naa lawọn obi oun mejeji ku si. Nigba ti fọto rẹ nibi to ti n kiri omi pure water ni Osodi nilu Eko, bọ sigboro aye lọsẹ diẹ sẹyin, ọpọlọpọ ẹlẹyinju aanu ni Naijiria ati loke okun ni wọn dide iranwọ fun. Ogbomoso: Ẹbọ ọkùnrin àti obìnrin tí kò ní ìbálòpọ̀ rí ni wọ́n rú dènà ogun Fulani O ṣalaye ninu iforowerọ kan pe ọmọ orukan loun ati pe oun loun n da gbe bukata ọmọ kan ti oun bi ati iya agba oun.",nei,yoruba,1
afrifact_data_culture_hausa_712,hausa,nei,nei,supports,supports,supports,nei,nei,True,False,False,False,True,True,Amurka na daga cikin ƙasashen da suke da ƙarfin sojoji a duniya,"Wanne irin sauyi za a samu karkashin shugabancin Biden? Abubuwa kadan za mu iya hasashen - sauyin alaka da kawayen Amurka, sai maganar sauyin yanayi, da kuma rikicin gabas ta tsakiya. Alaka tsakanin Amurka da ƙawayenta Trump ya yi ta goyon bayan 'yan kama karya da kuma haɗa hannu da su.",nei,hausa,3
afrifact_data_culture_hausa_640,hausa,refutes,nei,supports,supports,nei,refutes,refutes,False,False,False,False,True,True,Gidajen Talabijin da na radiyo ba sa amfani da kiɗa wurin gabatar da shirye-shiryensu.,"Ana amfani da kiɗa don samar da wasu kafofin watsa labaru, kamar a cikin waƙoƙin sauti zuwa fina-finai, nunin TV, wasan operas, da wasannin bidiyo.",refutes,hausa,2
afrifact_data_culture_igbo_419,igbo,nei,supports,supports,supports,nei,refutes,nei,False,False,False,True,False,True,"Akanu Ibiam, n'agbanyeghị na ọ bụ onye ụlọ ụka Protestant, nyere aka n'ọrụ ụlọ uka Katọlik.","ka ndị ọcha, bụ ihe a ma ama. Na 1962, ọ bụ onye isi oche kọmitii hiwere ụlọ ụka Protestant na ",nei,igbo,2
afrifact_data_culture_igbo_037,igbo,refutes,nei,supports,supports,supports,refutes,refutes,False,False,False,False,True,True,Ha anaghị akwado ogige golf n'ọtụtụ ụlọ nkwarị,Ha na-akwado ogige golf na ọtụtụ ụlọ nkwari.,refutes,igbo,2
afrifact_data_culture_yoruba_077,yoruba,refutes,nei,supports,supports,supports,supports,nei,False,False,False,False,False,False,"Ọjọ́ kẹtàdínlọ́gbọ̀n, oṣù kẹta, ọdún 2020 ni òfin yìí ò ní ṣiṣẹ́ mọ́.","Oyo kéde pé kí àwọn òṣìṣẹ́ ìjọba dáwọ́ iṣẹ́ dúró nítorí coronavirus Ijọba ipinlẹ Ọyọ ti ti ilẹkun ileeṣẹ ijọba pa fun ọsẹ meji gbako nitori itankalẹ aarun coronavirus nipinlẹ naa. Gomina ipinlẹ naa, Seyi Makinde lo kede bẹ ẹ ninu atẹjade kan to fi sita loju opo Twitter rẹ lọjọru. Aṣẹ naa yoo bẹrẹ iṣẹ ni ọjọ Ẹti, ọjọ kẹtadinlọgbọn, oṣu Kẹta, ọdun 2020.",refutes,yoruba,0
afrifact_data_culture_hausa_592,hausa,nei,nei,supports,supports,refutes,nei,nei,True,False,False,False,True,True,Dinki sana'a cewa mai wahala sosai.,An yi amfani da dinki wajen dinke fatun dabbobi wuri guda domin sutura da matsuguni.,nei,hausa,3
afrifact_data_culture_igbo_287,igbo,refutes,supports,supports,supports,refutes,supports,refutes,False,False,False,True,False,True,Sam Mbakwe bụ osote gọvanọ nke mbụ nke ndịda Naịjirịa n'afọ 1979. ,"Sam” Onunaka Mbakwe (1929 { - Ụbọchị nke ise n'ọnwa Jenụwarị nke afọ 2004) onye amaara dị ka Dee Sam bụ onye ndọrọ ndọrọ ọchịchị na-onye gọvanọ ochichi onye kwuo uche ya nke mbụ , ebe ndịda site 1 October 1979 ruo mgbe 31 December 1983. ",refutes,igbo,2
afrifact_data_culture_igbo_295,igbo,refutes,refutes,supports,supports,nei,nei,nei,True,False,False,False,False,False,Ozumba Mbadiwe wubere akwụkwọ mbipụta Native News mgbe ọ rụchara ọrụ ya dịka onye Minista n'afọ 1961,"Mbadiwe hibere akwụkwọ akụkọ nke ya, Daily Telegraph, dịka akụkụ ngagharị iwe.",refutes,igbo,1
afrifact_data_culture_igbo_629,igbo,refutes,supports,supports,supports,refutes,nei,refutes,False,False,False,True,False,True,"Ndị mmadụ na-achọ ịma ụfọdụ ihe gbasara njem ụgbala, nke mere ka Henrietta Yakubu kwuo na gọọmentị amachiela ndị mmadụ iji ụgbọala eme njem ugbua ruo ọnwa abụọ na-abịa.","Kama dịka ọ dị ugbua, gọọmentị na-eme njikere ịwepụ mmachị amachiri njem ụgbọelu. Onyeisi na-ahụ maka mmekọ na-etiti ụlọọrụ nke ngalaba na-ahụ maka ọdọ ụgbọelu bụ Federal Airports Authority of Nigeria (FAAN) aha ya bụ Henrietta Yakubu zara ụfọdụ ajụjụ na ụfọdụ ihe ndị mmadụ chọrọ ị ma maka njem ụgbọelụ n'oge a.",refutes,igbo,2
afrifact_data_culture_hausa_799,hausa,refutes,nei,supports,supports,nei,supports,nei,False,False,False,False,False,False,Sofia Sadek malama ce a makarantar firamare a ƙasar Tunisia.,"Sofia Sadek mawakiya ce 'yar kasar Tunisia, wadda shahararriya ce musamman a yankin Arewacin Afirka. AFP ta gano cewa bidiyon ya samo asali ne daga shafin Youtube, inda wani gidan rediyo mai suna Radio Med ya wallafa ranar 24 ga Satumbar 2016. Bidiyon yana dauke da taken ""Sofia Sadek tana karanta Kur'ani yayin wata hira"".",refutes,hausa,0
afrifact_data_culture_yoruba_749,yoruba,refutes,supports,supports,supports,supports,nei,nei,False,False,False,False,False,False,"Délànà gbà pé orírun gidi àwọn Ẹ̀gbá wá láti Ọ̀yọ́, ó sì fi kún un pé ọmọ àlè tàbí ẹrú ni Ẹ̀gbá tí kò ní orírun láti Ọ̀yọ́.","Ọ̀pọ̀lọpọ̀ onímọ̀ ló ti sọ nípa bí a ti se tẹ ilẹ̀ Ẹ̀gbá dó, tí wọn sí tì gbé àbọ̀ ìwádìí wọn fún aráyé rí. Ara irú àwọn báyìí ni Samuel Johnson, Sàbírì Bíòbákú, Ajísafẹ́, Délànà àti àwọn mìíràn tó jẹ́ òpìtàn àtẹnudẹ́nu. Johnson gbà pé Ọ̀yọ́ ni àwọn Ẹ̀gbá ti wá. O ní àwọn ẹ̀yà Ẹ̀gbá tòótọ́ lé ti orírun wọn de Ọ̀yọ́. ó tún tẹ̀ síwájú síi pé ọmọ àlè tàbí ẹrú ni Ẹ̀gbá tí kò bá ní orírun láti Ọ̀yọ́. ",refutes,yoruba,0
afrifact_data_culture_igbo_727,igbo,refutes,nei,supports,supports,nei,nei,refutes,False,False,False,False,False,True,Lukmon Akanbi kwuru na nwaokorobịa ọ gbara egbe anwụghị anwụ.,"Aka ndị uweojii akparala ofu onye otu ha ji egbe gbagbuo otu nwata nwaokorobịa na mpaghara Legọs Aịland ụbọchị Fraịde. Onye uweojii a aha ya bụ Lukmon Akanbi na nwaokorobịa aha ya bụ Ramon Adeniyi nwere obere nghọtahie o wee mịrị egbe gbatuo ya. Bala Elkana bụ ọnụ na-ekwuru ndị uweojii na Legọs kwuru na e kpeela Akanbi ikpe imeụlọ dịka iwu ndị uweojii sị dị, wee chụọ ya n'ọrụ.",refutes,igbo,1
afrifact_data_culture_yoruba_145,yoruba,nei,refutes,supports,supports,supports,nei,nei,False,False,False,False,True,True,Àwọn kọ̀m̀pútà tí wọn ń ṣe láyé òde òní ò dára tó àwọn ti àtijọ́.,"Lẹ́hìn èyí, tí àwọn méjèèjì sí ti gbà fún Ọlọ́hun wọn Allah tí wọ́n sì ṣe ijúwọ̀-jusẹ̀ sílè fún Ìfẹ Ọlọ́hun), tí òun (Ibrahim) sí tí tẹ́ orí ẹ́e (Ishamel) lọ sílẹ̀ (ní ààyè itébà sí iwájú); ""Báyìí náà ní Àwa sí pé òun: ""Ìwọ Ibrahim o!"" ""Ìwọọ (Ibrahin) tí ṣe gẹ́gẹ́ bí A ti fi hàn ó (ní ojúran) ní òtítọ àti ní òdodo! Báyìí náà sì ní Àwa ṣe má ń san ẹ̀san fún (gbogbo àwọn) Múhsínùn (olùṣe rere lótitọ àti l'ódodo) - Sheikh Adélabú ṣe ìtọka sí Ẹsẹ Ọrọ Ọlọ́hun nínú kúránì Orí 2:112)."" Láì kọ́ ṣe àníàní, ìdánwò nlá tí ó fi ojú hàn gbángba ní eléyìí jẹ́. Nítorí ìdí èyí ní À wa fi ṣe ìrópò (gẹ́gẹ́ bí ìràpadà) ọmọ (Ishamael) tí òun (Ibrahim) náà pẹ̀lú àgùntàn kàn bọ̀lọ̀jọ̀ (láti fi dípò ní ṣíṣe ìdúpẹ́ òòrè láti Ọ̀dọ̀ Ọlọ́hun)",nei,yoruba,2
afrifact_data_culture_yoruba_511,yoruba,nei,nei,supports,supports,supports,nei,nei,True,False,False,False,True,True,Ìròyìn lábẹ́ akọ́mọlédè àti àṣà sọ pẹ́ kí àwọn ènìyàn kọ́ ẹ̀kọ́ si nípa ààlọ́ nílẹ̀ Yorùbá,"Pasan tijọba fi na ileesẹ Channels yoo da kun isoro Naijiria - PDP Ẹwẹ, ẹgbẹ oṣelu PDP ti juwe igbesẹ ti ajọ NBC gbe lori ileeṣẹ iroyin Channels gẹgẹ bii eyii to bani lọkan jẹ. PDP sọ ninu atẹjade kan pe ""Igbesẹ yii jẹ eyii to le da kun wahala to wa nilẹ ni Naijiria, paapaa lasiko ti a wa yii, nitori naa a rọ ijọba lati tun ọrọ naa gbe yẹwo."" Lori eto ileesẹ Channels ni agbẹnusọ fun ẹgbẹ IPOB ti ijọba ti fofin de, fẹsun kan ileeṣẹ ologun pe wọn pa ọkan lara awọn adari ẹgbẹ ọhun lọna aitọ loju ọna abule rẹ, ti wọn si parọ fun awọn araalu bi ọrọ iku ọhun ṣe jẹ.",nei,yoruba,3
afrifact_data_culture_yoruba_025,yoruba,nei,supports,supports,supports,nei,nei,nei,False,False,False,True,True,True,Gbogbo àwọn ẹrú tí ó rà pátápátá ni wọ́n kó lọ sí òkè ọya.," Àwọn ará Awori ní ìtàn-àkọọ́lẹ̀ pípẹ́ nípa níní ibùgbé sí àárín , èyí tó bẹ̀rẹ̀ ṣáájú ìjọba amúnisìn. Àwọn ni wọ́n dá ìlú Èkó sílẹ̀, wọ́n jẹ́ pẹjapẹja àti oníṣòwò, ó sì fìdí múlẹ̀ gẹ́gẹ́ bí òwò tí wọ́n ń ṣe ní apá . Ìtàn orísun [ | ] Ìtàn náà ni pé, Olófin àti àwọn ọmọlẹ́yìn rẹ̀ kúrò ní ààfin Ọba (tó jẹ́ olùṣẹ̀dásílẹ̀ ilẹ̀ Yorùbá) ní , wọ́n sì ṣí lọ síhà Gúúsù létí odò kan.",nei,yoruba,3
afrifact_data_culture_hausa_301,hausa,refutes,nei,supports,supports,nei,refutes,refutes,False,False,False,False,True,True,Kalmar “tofu” ta Turanci ta samo asali ne daga yaren Faransanci,"Kalmar Turanci *""tofu""* ta samo asali ne daga kalmar Japananci *tōfu (豆腐)*. Wannan kuma an arota ne daga kalmar Sinanci *豆腐* (a Mandarin: *dòufǔ*; tou4-fu) wato *‘cuku daga wake’* ko *‘ferment ɗin wake’*.'. [ 10 ] Takaddun farko na kalmar a Turanci yana cikin fassarar 1704 na Domingo Fernández Navarrete 's A Collection of Voyages and Travels , wanda ya bayyana yadda aka yi tofu. Kalmar towfu kuma ta bayyana a cikin wasiƙar 1770 daga ɗan kasuwan Ingila James Flint zuwa Benjamin Franklin . : 73 An yi amfani da kalmar ""curd (s)"" na tofu a Amurka tun aƙalla 1840.",refutes,hausa,2
afrifact_data_culture_hausa_428,hausa,nei,refutes,supports,supports,refutes,nei,nei,False,False,False,False,True,True,Ibrahim Zakzaky ya na fita kasashen waje domin gabatar da makaloli a duk shekara.,"Rikicin Yan shi'a na shekarar 2014 a Zariya [ | ] Ibrahim Zakzaky A ranar 25 ga watan na shekarar 2014 ne aka samu tashin hankali tsakanin yaƙungiyar r 'yan uwa musulmi mabiya zakzaky da sojojin a birnin , a yayin gudanar da lumanar zanga zanga akan nuna goyon bayan mutanen falasdinu inda mutane 35 suka rasa rayukansu ciki har da 'ya'yan Ibrahim Zakzaky guda uku (3).",nei,hausa,2
afrifact_data_culture_yoruba_770,yoruba,refutes,refutes,supports,supports,refutes,nei,nei,True,False,False,True,False,False,Kò sí ààmì kan pàtó láti fi hàn pé Èṣù máa ń tọ́ni sọ́nà ni.,"Oríta ní Èṣù máa ń gbé. Èṣù jẹ́ alárèékérékè èdá. Òun ni ó ń kọ́ àwọn ènìyàn láti máa pé ojú méjì ni gbogbo ọ̀rọ̀ máa ń ní. Ó máa ń ṣọ̀tún, ṣòsì má ba ìbìkan jẹ́, bẹ́ẹ̀ náà ni ó máa ń tọ́ni sọ́nà. Ìdí nì yìí tí wọ́n fi sọ pé Ẹ̀ṣù ṣe pàtàkì láti ní ayé tó létò.",refutes,yoruba,2
afrifact_data_culture_yoruba_578,yoruba,refutes,nei,supports,supports,supports,nei,nei,False,False,False,False,False,False,"Calcium, carbohydrate, àti proteins ni àwọn èròjà inú àkàrà tó lè múni sanra.","Akara ní àwọn èròjà láti múni sanra, torí àwọn èròjà proteins, vitamins àti minerals bí i calcium, iron àti zinc inú rẹ̀. Àmọ́ ṣáá, àwọn èròjà inú rẹ̀ lè ti dínkù nítorí àwọn àfikún kan bí iphytates, fibers, lectins, polyphenols àti tannins tí kì í ṣe ara lóore.",refutes,yoruba,0
afrifact_data_culture_igbo_775,igbo,refutes,refutes,supports,supports,nei,supports,refutes,True,False,False,False,False,True,"BBC Igbo kwuru na ndị na-eso ha na Facebook sị na mmanya ọtọbịrịbịrị, azụ ndụ amịrị amị, data na mmanya beer. esoghi na ihe ndị na-enye ha obi aṅụrị. ","BBC Igbo jụrụ ndị mmadụ na-eso anyị na Facebook ajụjụ ihe ha na-atụnye ego iji mee onwe ha obiụtọ na ihe ọ na-eri ha n'izu. Ọtụtụ kwuru na ihe na-amasị ha gụnyere ịṅụ manya 'beer', mmanya ọtọbịrịbịrị, nkwọbi, azụ ndụ amịrị amị, 'data' e ji aga n'ịntanetị nakwa ego e ji akpọ ekwentị. ",refutes,igbo,2
afrifact_data_culture_igbo_227,igbo,refutes,refutes,supports,supports,nei,supports,refutes,True,False,False,False,False,True,"Dr Tedros kwuru na n'izuụka abụọ gara aga, ndị na-ebutebeghị ọrịa ma a gụpụ Chaina dị mmaji iri na abụọ.","Dr Tedros gara n'ihu kwuo na n'izuụka abụọ gara aga, ndị burula ọrịa ma agụpụ Chaina dị mmaji iri na atọ, ebe mba dị oferela dị mmaji atọ.",refutes,igbo,2
afrifact_data_culture_igbo_045,igbo,nei,nei,supports,supports,nei,nei,nei,True,False,False,True,True,True,Nwoke ichi Ọzọ gosiri na onye ahụ amalitela ikwu okwu.,"Tupu Nwoke etorue ichi Ozo, o ga ebu uzo chie ' Nze ' nke na-egosi mmụọ dị ndụ na nna ochie.",nei,igbo,4
afrifact_data_culture_igbo_664,igbo,nei,nei,supports,supports,nei,nei,nei,True,False,False,True,True,True,Ụfọdụ ụmụnwaanyị ka a na-awa afọ ma ha chọọ ịmụ nwa. Ụfọdụ na-amụrụ onwe ha nwa.,"Igbo kwenyere na ama ọbụla na-amụtaghị nwa nwoka ga-echi. Ya mere ha jị agụ nwoke aha dịka Obiechina, Amaechina na ndị ọzọ. Ọtụtụ ezinaụlo akụsaala maka amụghị nwa nwoke. Ya bụ, ọ dị ezigbo mkpa ịmụta nwa nwoke n'ezinaụlo, ya mere anyị ji ede akụkọ a. ",nei,igbo,4
afrifact_data_culture_yoruba_158,yoruba,refutes,supports,supports,supports,supports,nei,nei,False,False,False,False,False,False,Èdè Yorùbá àti èdè Kwa kò fi ibì kankan ní ìbátan rárá àti rárá.," Èdè Yorùbá jẹ́ èdè kan ti ó gbalẹ̀ tí ó sì wuyì káàkiri àgbáyé. Ìtàn sọ fún wa pé ìbátan ní èdè Yorùbá jé, kwa jẹ́ ẹ̀yà kan ní apá . A lè sọ pé àwọn tí wọ́n ń sọ èdè Yorùbá yàtọ̀ sí orílẹ̀ èdè Nàìjíríà lé ní Ọgbọ̀n mílíọ̀nùn tàbì jù bẹ́ẹ̀ lọ.",refutes,yoruba,0
afrifact_data_culture_hausa_754,hausa,nei,nei,supports,supports,supports,nei,nei,True,False,False,False,True,True,Tarihi ya nuna cewa ba a jituwa tsakanin ƙasar Iran da ta Amurka.," An ruwaito Shugaban Ma'aikatar Leken Asirin Iran yana cewa: ""An yanke wa wadannan 'yan leken asiri hukunci--wasu daga cikinsu hukuncin kisa saboda lafin 'fasadi a bayan kasa' (laifin da hukuncinsa kisa a dokokin shari'ar Musulunci na Iran"", A ranar Lahadi, Ministan Leken Asiri Mahmoud Alavi ya sanar da cewa za a nuna wani shiri na talbijin kan kama ""masu leken asirin Amurkan"" a gidan talbijin na Iran.",nei,hausa,3
afrifact_data_culture_hausa_016,hausa,nei,refutes,supports,supports,nei,refutes,refutes,False,False,False,True,False,False,Sir Ahmadu Bello bai samu shiga majalisar ƙasa a shekarar 1949 ba.,"A shekarar alif 1949, ya sami zuwa majalisar dokoki ta yankin , yana kuma daga cikin mutum ukku da aka zaba acikin kungiyar da ta rubuta sabon kundin tsarin mulkin kasar",nei,hausa,1
afrifact_data_culture_igbo_393,igbo,nei,refutes,nei,supports,nei,nei,nei,False,True,False,True,True,True,Chibuike Rotimi Amaechi kwuru okwu n'afọ 2022 sị na agụmakwụkọ bara uru maka ụmụaka Nigeria,Ọ rụrụ ọrụ dị ka gọvanọ nke Rivers Steeti nke jupụtara na mmanụ site n'afọ 2007 ruo afọ 2015,nei,igbo,4
afrifact_data_culture_igbo_316,igbo,nei,nei,nei,supports,nei,nei,nei,True,True,False,True,True,True,Ndị Anambra North na South nwere otu ụdị omenala e jiri mara ha,"Mgbe ọ gụsịrị akwụkwọ na Mahadum Katọlik nke America na Washington D.C., na Masters na Sayensị ndọrọ ndọrọ ọchịchị, Chuba gara n'ihu site n'inweta nzere doctorate abụọ na nkà ihe ọmụma na sayensị ndọrọ ọchịchị na Washington, D.C",nei,igbo,5
afrifact_data_culture_igbo_079,igbo,refutes,nei,supports,supports,supports,refutes,refutes,False,False,False,False,True,True,Wike gwara ha aṅala Nnadị Kanu nti.,Mana Nnadị Kanu gwara ha aṅala ntị.,refutes,igbo,2
afrifact_data_culture_igbo_035,igbo,refutes,refutes,supports,supports,nei,refutes,nei,True,False,False,False,True,False,"N'ime ụdị ihe abụọ e ji arụ ọja, nke na-anaghị anọte aka bụ nke osisi","N'ime ụdị ihe abụọ a e ji arụ ya, nke osisi na-aka nọtee aka ruo ogologo oge. ",refutes,igbo,2
afrifact_data_culture_igbo_658,igbo,nei,supports,refutes,supports,nei,nei,refutes,False,False,False,True,True,False,Ndị agha U.S anwakpola ndị agha Naịjirịa. Gọọmentị Naịjirịa na-arịọ ka ndị amala Naịjirịa gbatara ha ọsọ enyemaka.,"Boko Haram na nwakpo ndị agha Naịjirịa Ihe nkiri a na-ekegharị na soshal midia na-egosi ihe yiri ndi agha Naịjirịa ka Boko Haram na-awakpo ha. Ihe a mere n'ọdọ ndị agha akpọrọ Metele dị na Borno. Agbanyeghị na ndị agha Naịjirịa ekwubeghị okwu maka mwakpo a, ndị omeiwu Naịjirịa ekwuola na ha ga nyocha etu o siri mee.",nei,igbo,2
afrifact_data_culture_yoruba_409,yoruba,nei,supports,supports,supports,supports,nei,nei,False,False,False,False,True,True,Bákan náà ni ìjínigbé ń wáyé ní ẹ̀kun Ààrin gbùngbùn Gúúsù orílẹ̀-èdè Nàìjíríà níbi tí wíwa epo rọ̀bì ti ń wáyé.,"Ni ọdun 2002 ni wọn da ẹgbẹ Boko Haram silẹ, gẹgẹ bii ẹgbẹ ti kii se oniwahala pẹlu afojusun ati ṣe afọmọ ilana ẹsin Islam lẹkun ariwa orilẹede Naijiria. Amọṣa ẹgbẹ naa yi pada di agbebọn ninu ilepa awọn afojusun rẹ. Kii ṣe orilẹede Naijiria nikan ni Boko Haram wa mọ bayii, itakun rẹ ti kan de awọn orilẹede to fẹgbẹkẹgbẹ pẹlu Naijiria bii Chad, Niger ati Cameroun. Ọkẹ aimoye awọn eeyan ni wọn ti ran lọ sọrun apapandodo, ti awọn bi miliọnu meji miran si ti di atipo. Boko Haram kii ye ji awọn akẹkọ gbe eleyi to mu ki oju orilẹede agbaye ṣi si ọdọ rẹ lọdun 2014, lẹyin to ji nnkan bii ọọdunrun akẹkọbinrin gbe nileewe kan to wa ni ilu Chibok nipinlẹ Borno, ipinlẹ ti Boko Haram ti kọkọ di agbebọn. Ni ọdun 2015, Boko Haram gba idanimọ gẹgẹ bii ẹgbẹ agbesunmọmi to buru julọ lagbaye, gẹgẹ bi ajọ to wa fun ọrọ aje ati alaafia lagbaye ṣe sọ.",nei,yoruba,2
afrifact_data_culture_yoruba_634,yoruba,nei,nei,nei,supports,supports,nei,nei,True,True,False,False,True,True,Fásítì Èkó ló jáwé borí nínú ìdíje pẹ̀lú àwọn ilé ẹ̀kọ́ gíga mẹ́wàá mìíràn.,Iṣẹ́ ti àwọn ará Ipetumodu máa ń ṣe ni iṣẹ́ àgbẹ̀ àti iṣẹ́ ìkòkò mímọ. Ìtàn ìlú ipetumodu [ | ] Àwọn akọni tó kọ́wọ̀ọ́rìn bíi Orunmila àti Obatala ló tẹ ìlú náà dó láti àringbùngùn ayé.,nei,yoruba,4
afrifact_data_culture_hausa_628,hausa,nei,nei,refutes,supports,refutes,nei,nei,True,False,False,False,True,True,Waƙa abu ne da ake yin shi domin fita daga cikin damuwa.,"Waka ita ce rubutun adabi, wanda mawaƙi ya rubuta, ta amfani da wannan ka'ida.",nei,hausa,3
afrifact_data_culture_yoruba_548,yoruba,refutes,supports,supports,supports,supports,nei,nei,False,False,False,False,False,False,Olóyè Ọbásanjọ́ jẹ́ ọ̀kan lára àwọn ọ̀gagun tí wọ́n fi ipá yọ kúrò nínú ipò. Ó sì ti dé ìgbà mẹ́ta tí Ọbásanjọ́ jẹ́ Ààrẹ orílẹ̀-èdè Nàìjíríà.,"Ile iwe Saint David Ebenezer School ni Ibogun ni oloye obasanjo ti ka iwa alakobere( primary school education),ni odun 1948. Oloye Obasanjo jé ògágun tó tifèyìntì kúrò nínú iṣẹ́ Ológun ilè Nàìjíríà ati olóṣèlú ọmọ ilè . Oun ni lati odún títí dé ọdún . Èyí ni ìgbà iketa tí Obasanjo yíò jé Ààre orílè-èdè Nàìjírìa.",refutes,yoruba,0
afrifact_data_culture_igbo_149,igbo,nei,supports,refutes,supports,supports,nei,nei,False,False,False,False,True,True,Mpaghara ọdịbendị na asụsụ nkịtị na ndịda bụ Ala Awụsa.,Ọ bụ mpaghara ọdịbendị na asụsụ nkịtị na ndịda .,nei,igbo,2
afrifact_data_culture_igbo_207,igbo,nei,nei,nei,supports,nei,nei,nei,True,True,False,True,True,True,Atụmatụ e mere n'afọ 2005 kwuru na ụmụanụmanụ bi na Awka Etiti.,E nwekwara nnukwu ndị Awka-Etiti diaspora nke na-enye aka na akụ na ụba obodo.,nei,igbo,5
afrifact_data_culture_yoruba_157,yoruba,nei,refutes,supports,supports,refutes,nei,nei,False,False,False,False,True,True,"Inú bíbélì ni a ti rí i tí wọ́n sọ pé ""Ó dára kí á pa àgọ́ mẹ́ta"""," Èdè Yorùbá jẹ́ èdè kan ti ó gbalẹ̀ tí ó sì wuyì káàkiri àgbáyé. Ìtàn sọ fún wa pé ìbátan ní èdè Yorùbá jé, kwa jẹ́ ẹ̀yà kan ní apá . A lè sọ pé àwọn tí wọ́n ń sọ èdè Yorùbá yàtọ̀ sí orílẹ̀ èdè Nàìjíríà lé ní Ọgbọ̀n mílíọ̀nùn tàbì jù bẹ́ẹ̀ lọ.",nei,yoruba,2
afrifact_data_culture_igbo_610,igbo,refutes,supports,nei,supports,supports,nei,refutes,False,False,False,False,False,True,Igbo enweghi usoro ha si achị onwe ha. Ọgbaghara na-adị n'ala Igbo oge niile tupu ndị Bekee abịa.," Ụmụnna - Ndị a bụ ụmụnwoke ụmụọkpala si n'ezinaụlọ dị icheiche n'obodo. Ha bụ ndị na-eme mkpebi gbasara okwu dị icheiche n'obodo etu o si gbasara agamnihu na ọdịmma obodo. Ndị ụmụnna ka a na-ekpesara ma onye ọbụla mee ihe ọjọọ, ha bụ ndị na-aga n'ọnụ arụsị ịchọpụta ihe arụsị na-ekwu gbasara obodo maọbụ gbasara ezinaụlọ ha.",refutes,igbo,1
afrifact_data_culture_hausa_368,hausa,nei,nei,supports,supports,nei,nei,nei,True,False,False,True,True,True,Bikin argungun yana jan hankalin masu yawon buɗe ido," A ranar karshe ta bikin, ana gudanar da gasa inda dubunnan maza suka yi layi a bakin kogin kuma da karar harbe-harbe, dukkansu suna yin tsalle a cikin kogin kuma suna da sa'a guda don kama manyan kifaye. Wanda ya yi nasara zai iya ɗaukar gida har $ 7,500 dalar Amurka. Ana ba wa masu gasa damar amfani da kayan aikin kamun kifi na gargajiya kuma da yawa sun fi so su kama kifin gaba ɗaya da hannu (wani aikin kuma sananne a wasu wurare kuma ana kiransa "" noodling "") don nuna bajintar su.",nei,hausa,4
afrifact_data_culture_igbo_643,igbo,refutes,nei,supports,supports,nei,refutes,nei,False,False,False,False,True,False,Dave Adenuba amaghị ma o nwere ndị gọọmentị Anambra ji ụgwọ.,N'otu aka ahụ kọmishịọna mgbasaozi bụ Don Adenuba gwara BBC Igbo na o nweghi onye ọrụ bekee ọbụla e ji ụgwọ n'Anambra Steeti. Ọ sị na gọọmentị ha kwụrụ ụgwọ n'ụbọchị iri abụọ na isii nke ọnwa Eprelụ afọ 2020.,refutes,igbo,1
afrifact_data_culture_yoruba_299,yoruba,refutes,refutes,supports,supports,supports,supports,refutes,True,False,False,False,False,True,Àwọn ará àdúgbò náà fi tó àwọn oníroyìn létí pé Sunday Igboho ló rán awọn géńdé méjèèjì ọ̀hún láti lọ pa àwọn ènìyàn nípakúpa.,"Sunday Igboho gba àwọn èèyàn Soka n'Ibadan sílẹ̀ lọ́wọ́ àwọn ọmọ onílẹ̀ tó wá ṣọṣẹ́ Ọrọ di boo lọ, ko yago fun mi ladugbo Soka nilu Ibadan lasiko ti gende meji to gbe ohun ija oloro lọwọ, ti wọn pe ara wọn ni ọmọ onilẹ ya bo agbegbe naa. Owurọ ọjọ Isẹgun ana niroyin gba igboro Ibadan kan, tawọn eeyan si n pe sori redio gbogbo nilu naa pe ẹmi awọn eeyan to n gbe ladugbo naa ko de tori awọn gende agbebọn to ya bo wọn. Àwọn iròyin tì ẹ leè ní ìfẹ̀ síí: A gbọ pe se ni iro ibọn n dun lakọ-lakọ, tawọn eeyan si n sa asala fun ẹmi lasiko ti awọn ọmọ onilẹ ọhun ni ki awọn onile gbe ile wọn kuro lori ilẹ awọn. Se lawọn ọmọde ati agba, alaboyun ati awọn iyalọmọ, to fi mọ awọn arugbo n sa asala fun ẹmi wọn, ti awọn to si laya lati beere pe ki lo fa isẹlẹ naa, jẹ ajẹkun iya. Ẹnikan ti isẹlẹ naa soju rẹ salaye pe ọpẹlọpẹ asaaju ọmọ Yoruba kan, Oloye Sunday Adeyẹmọ, ti gbogbo eeyan mọ si Sunday Igboho to tete de sadugbo ọhun lasiko ti laasigbo naa gbona janin-jani. A gbọ pe Igboho ati ọkunrin kan ti wọn pe orukọ rẹ Babatunde Arowolo, ti gbogbo eeyan mọ si Bako, lo de lasiko lati gba awọn eeyan adugbo naa silẹ, ni kete ti aawọn ọmọ onilẹ naa si foju gaani rẹ, ni wọn ba juba ehoro.",refutes,yoruba,2
afrifact_data_culture_yoruba_686,yoruba,refutes,supports,supports,supports,supports,refutes,refutes,False,False,False,False,True,True,"Títóbi ìpínlẹ̀ Ọ̀yọ́ tó nǹkan bí i 28,454 kìlómítà, ó sì wà ní ipò kéjìlà nípa fífẹ̀.","Ṣèyí Mákindé jẹ́ gómìnà ìpínlẹ́ Ọ̀yọ́, à dìbọ̀ yan nì ọ̀dun 2019. Geography [ | ] Ìpínlẹ̀ Ọ̀yọ́ gbòòrò ní nǹkan bí 28,454 kìlómítà níbùúgbùú, ó sì wà ní ipò kẹrìnlá nípa ìtòbi.",refutes,yoruba,2
afrifact_data_culture_igbo_796,igbo,nei,refutes,supports,supports,supports,nei,nei,False,False,False,False,True,True,Gọọmentị tụrụ ụmụ ntorobịa isii na-atọrọ ndị mmadụ nga n'ihi na ha na-emegide nchekwa obodo.,"Duruagwu kwuru na o nwegodu ihe mmụta dị n'ụzọ ochie ndị a, ndị ọchichị agaghị achọ iwere ya mee ihe makana ọ ga-aghọ ha ahia. O kwuru na ọ bụ ndị nwe obodo ga-echekwa obodo, ihe dịrị gọọmenti bụ iwere ego kwado ihe ndị obodo na-eme. ",nei,igbo,2
afrifact_data_culture_hausa_782,hausa,nei,refutes,refutes,supports,refutes,nei,nei,False,False,False,False,True,True,Marigayi Umaru Musa 'Yar'aduwa ya kasance shugaban ƙasa da ya kwatanta adalci sosai lokacin mulkinsa.,"Mista Jonathan ya ce ba anan kadai Amurka ta tsaya ba wajen yunkurin kifar da gwamnatinsa, har ta kai Shugaba Obama ya shawo kan firaministan Burtaniya David Cameron ya mara masa baya duk da kyakkyawar dangantakar da ke tsakanin Jonathan da Cameron",nei,hausa,2
afrifact_data_culture_igbo_257,igbo,refutes,refutes,supports,supports,nei,refutes,refutes,True,False,False,False,True,True,"Nwankwo Kanu abụghị otu n'ime ndị egwuregwu ole na ole meriri Premier League, FA Cup, Champions League, UEFA Cup na Olympic Gold Medal."," Ọ bụ otu n'ime ndị egwuregwu ole na ole meriri Premier League, FA Cup, Champions League, UEFA Cup na Olympic Gold Medal.",refutes,igbo,3
afrifact_data_culture_yoruba_053,yoruba,refutes,nei,supports,supports,supports,refutes,refutes,False,False,False,False,True,True,Kò sí ẹ̀yà kankan tí ó ń jẹ́ Àkókó nínú àwọn ẹ̀yà Yorùbá.,"Àwọn ẹ̀yà Yorùbá Àkókó ni wọ́n kó ìdá ogún ó lé ẹ̀sún mẹ́ta (20.3%) nínú ìdá márùn ún tó lé ẹ̀sún meje (5.7%) ènìyàn tí wọn ń gbé ní . Ẹ̀Wẹ̀, agbègbè Àkókó ní ìjọba ìbílẹ̀ mẹ́rin, àwọn ni: , , àti , tí ó fi mọ́ tí ó wà ní àárín àti . Ilé ẹ̀kọ́ fásitì náà wà nílú Bákan náà ni ilé-ìwòsàn ti ìjọba ìpínlẹ̀ wà ní ìlú , nígbà tí ilé-ìwòsàn gbogbo-gbòò ti ìjọba náà wà ní ìlú àti ìlú .",refutes,yoruba,2
afrifact_data_culture_igbo_286,igbo,nei,supports,supports,supports,nei,nei,nei,False,False,False,True,True,True,Mahadum Imo steeti na nke Abia Steeti na-enweta enyemaka ego site n'aka ndị nne nke ụka Catholic na Anglịcan,"N'afọ 1981, Sam Mbakwe hiwere mahadum Imo steeti. Ụlọ akwụkwọ ahụ dị na mpaghara e nyere n'afọ 1991 ma meekwa ya baptizim ọzọ nke Abia State University . Agbanyeghị, Mahadum Imo steeti nwetara ụlọ akwụkwọ ọhụrụ na ma ka dị.",nei,igbo,3
afrifact_data_culture_yoruba_161,yoruba,refutes,nei,supports,supports,supports,nei,refutes,False,False,False,False,False,True,Yóò tó bí ẹgbẹ̀rún mẹ́wàá ọdún sẹ́yìn ni àwọn èdè bẹ̀rẹ̀ sí ní yapa síra wọn lọ́tọ̀ọ̀tọ̀.,"Àwọn onímọ̀ èdè kan tilẹ̀ ti fi ìdí ọ̀rọ̀ múlẹ̀ pé láti orírun kan náà ni àwọn èdè bí Yorùbá, Kru, Banle, Twi, Ga, Ewe, Fon, Edo, Nupe, Igbo, Idoma, Efik àti Ijaw ti bẹ̀rẹ̀ sí yapa gẹ́gẹ́ bi èdè ọ̀tọ̀ọ̀tọ̀ tó dúró láti bí ẹgbẹ̀rún mẹ́ta ọ̀dún sẹ́yìn",refutes,yoruba,1
afrifact_data_culture_igbo_190,igbo,nei,nei,nei,supports,supports,nei,nei,True,True,False,False,True,True,E nwere steeti iri abụọ na asatọ na Naijirịa.,Ọ bụkwa ndi Ìgbò bi na ebe ugwu nke Ọ̀hà Delta na Ọ̀hà Rivas.,nei,igbo,4
afrifact_data_culture_yoruba_398,yoruba,refutes,refutes,supports,supports,supports,nei,nei,True,False,False,False,False,False,NIN ò fi bẹ́ẹ̀ wúlò láti gba ìwé-ẹ̀rí fún ọkọ̀ wíwà.,"Wo àwọn nǹkan to tún nílò NIN fún yàtọ̀ fún ìforúkọsílẹ̀ síìmù Laipẹ yii ni ajọ to n risi ibaraẹnisọrọ ni Naijiria, NCC fi aṣẹ sita pe, gbogbo ọmọ Naijiria to n lo siimu ẹrọ ibaraẹnisọrọ, gbọdọ fi NIN kun iforukọsilẹ siimu wọn. Gbedeke ọsẹ meji pere si ni ajọ naa fi silẹ lati sẹ bẹ ẹ. Amọ yatọ si iforukọsilẹ siimu, awọn nnkan mii wa ti o tun nilo NIN rẹ fun gẹgẹ bii ọmọ Naijiria. Àwọn iròyin tì ẹ leè ní ìfẹ̀ síí: Apo asunwọn banki: Awọn banki ni Naijiria ma n gba NIN gẹgẹ bi ami idanimọ, ki wọn o to le ṣi apo asunwọn pẹlu wọn, tabi bẹrẹ si ni lo asunwọn ti o ko lo fun igba pipẹ pada. Iforukọsilẹ fun iwe irinna: Ajọ to n risi iwọle-wọde ni Naijiria ti sọ ọ di dandan fun ẹnikẹni to ba fẹ ẹ gba iwe irinna pasipọọti tuntun, tabi tun ti akọkọ ṣe, gbọdọ ṣe afihan NIN rẹ ko to o di ṣisẹ. Iwe aṣẹ fun ọkọ wiwa: Ajọ ẹṣọ oju popo, FRSC, naa ti n beere fun NIN lọwọ ẹnikẹni to ba fẹ ẹ gba laisẹnsi gẹgẹ bi awakọ.",refutes,yoruba,1
afrifact_data_culture_yoruba_349,yoruba,nei,nei,supports,supports,supports,nei,nei,True,False,False,False,True,True,Àwọn ọmọ ẹgbẹ́ Ebila gbìyànjú láti fi àdá ṣá Ekugbemi àmọ́ àdá náà ò ràn án àfi ìgbà tí wọ́n ṣe nǹkan sí ara àdá náà.,"Iwaju ile ijọsin nla Cathedral Church of Saint David, ni Kudeti, ni awọn janduku naa ti fa rogbodiyan kan to waye lọjọ kọkandinlogun, oṣu Kejila, ọdun 2016. Kii ṣe igba akọkọ niyẹn ti ẹgbẹ naa ati awọn orogún wọn fa wahala ni agbegbe naa. Ni nkan bi aago mẹjọ alẹ ni ìró ìbọn bẹrẹ si ni i dún, eyi to mu ki ọpọ eeyan o fi ile, sọọbu wọn silẹ, koda awọn kan fi ara pa. Iroyin sọ nigba naa pe ọkọ ayọkẹlẹ, kẹẹkẹ 'maruwa', ati ọkada ni awọn janduku naa gùn wọ adugbo ni alẹ ọjọ buruku, eṣu gbomi mu ọhun. Iṣẹlẹ naa mu ẹ̀mí awọn ara adugbo kan lọ. Wọn tun dana sun awọn ile itaja kan ni adugbo naa. Awọn iroyin kan tilẹ sọ pe búrẹ́dì ni awọn janduku naa rẹ ni epo bẹtiro, ti wọn si n ju sinu sọọbu, ki wọn o to sọ ina si i. Nkan to fà iṣẹlẹ buruku to sọ awọn idile kan sinu ibanujẹ ko ṣe e sọ ni pato",nei,yoruba,3
afrifact_data_culture_igbo_088,igbo,nei,nei,nei,supports,supports,nei,nei,True,True,False,False,True,True,"I rie ji a sụrụ asụ na ofe nsala, ị gaghị achọzị osikapa a i na-eri.",Ndị Igbo na-eji ji ama onye bụ dimkpa nakwa onye abụghị onye ume ngwụ.,nei,igbo,4
afrifact_data_culture_yoruba_539,yoruba,refutes,refutes,supports,supports,nei,nei,nei,True,False,False,False,False,False,Àìbìkítà awakọ̀ yìí ló mú kí àwọn ajínigbé rí Rẹ̀mí àti àwọn ènìyàn tó kú tó wà nínú ọkọ̀ náà mú.,"Remi Oladoye, ẹni to salaye bii isẹlẹ naa se waye fun BBC Yoruba ni, ti kii ba se ọpẹ Ọlọrun ati ti awakọ to wa ọkọ ti oun wa, boya isẹlẹ buruku ko ba waye tabi ki oun se ọdun tuntun ni akata awọn ajinigbe. O fikun pe, agbegbe ilu Erinmo Ijesa si Iwaraja ni ọkọ awọn de lọjọ Aje ana, ni deede aago meje si meje aabọ, to fi se alabapade isẹlẹ ijinigbe to n waye lọwọ lagbegbe naa. Àwọn iròyin tì ẹ leè ní ìfẹ̀ síí: ""A ri pe ọkan lara awọn mọto to wa niwaju wa duro lojiji, tawọn gende agbebọn to jade lati inu igbo tiiki to wa laarin ilu mejeeji yii si yọ ibọn sawọn ero to wa ninu mọto naa. Inu igbo nla ti igi tiiki wa yi ni awọn ajinigbe naa maa n fara soko si lati sisẹ ibi wọn Bi wọn se n ja wọn lole lọwọ, kia ni awakọ tiwa, to ti mọ nipa isẹlẹ to n waye lọwọ naa, nitori ọmọ Efon Alaaye ni, ti fa ọkọ jade lati sẹri pada.",refutes,yoruba,1
afrifact_data_culture_yoruba_496,yoruba,nei,nei,supports,supports,supports,nei,nei,True,False,False,False,True,True,"Àwọn ọmọdé fẹ́ràn láti máa yí kẹ̀kẹ́, wọ́n sì máa ń ṣe láti orí ẹnìkan sí èkejì ni, títí yóò fi kárí àwọn tókù.","Ere Ayo: Ati ọmọde ati agba ni o ma n ṣe ere ayo. Ninu iho ribiti to ni oju mejila, ti mẹfa si koju ara wọn ni wọn ma n lo pẹlu okuta wẹwẹ abi ọmọ ayo mejidinlaadọta. Ọmọ ayo mẹrin mẹrin yoo si wa ninu koto kọọkan. Ẹni to ba gbiyanju lati tete jẹ ki awo koto tirẹ kun fun ayo ni yoo gbegba oroke ninu idije naa. Ere yii maa n jẹ ki ọpọlọ ọmọde ati agba to n ta ji pepe, o n dani laraya, mu ki ifẹ wa, ti yoo si tun fikun imọ isiro awọn to ba n taa. Ere Boss ati Actor: Ọpọlọpọ awọn ọmọde ti wọn ba ti wo ere onija a bẹrẹ si ni ṣe awokọse fiimu ti wọn wo ,nipa yiyan ‘Boss’ to jẹ ole ati ‘Actor’ to jẹ bii ọlọpaa ti yoo si bori Boss ninu idije naa.",nei,yoruba,3
afrifact_data_culture_yoruba_071,yoruba,refutes,nei,supports,supports,nei,nei,refutes,False,False,False,False,False,True,Olóyè Ògúnwán̄dé Abím̄bọ́lá jẹ́ akọ́ṣẹ́mọṣẹ́ dókítà alábẹ́rẹ́ ní ilé ìwòsàn UCH ní ìlú Ìbàdàn.,"Chief Ògúnwán̄dé Abím̄bọ́lá Ọjọ́ ìbí 24 Oṣù Kejìlá 1932 ( 1932-12-24 ) (ọmọ ọdún 92) ọ̀yọ́, Iṣẹ́ olórí ẹsìn, ònímọ̀-àgbà fásitì, ati Alma mater Wándé Abímbọ́lá (ọjọ́ ìbí 26, 1932 ní. ìlú , ) ó jẹ́ olùkọ́ lítírésọ̀ ní ẹ̀ka-ẹ̀kọ́ Èdè àti Lítírésọ̀ Aáfíríkà ní ní , Nigeria. Ó jẹ́ olórí ẹ̀ka-ẹ̀kọ́ yìí fún ọjọ́ pípé kí ó tó wá di 'Dean Faculty of Arts' ní ilé-ẹ̀kọ́ kan náà.",refutes,yoruba,1
afrifact_data_culture_yoruba_014,yoruba,refutes,nei,supports,supports,nei,refutes,refutes,False,False,False,False,True,True,Orílẹ̀-èdè Brazil kò ní ìbátan pẹ̀lú àwùjọ àwọn Aláwọ̀ dúdú.,"Fún ìdí èyí, a lè sọ pé Òrìṣà Aganju ni àjọṣe pẹ̀lú àwọn Òkè Ńláńlá Ilé Cuba, tí a bá sì wò ọjọ́ orí wón tàbí ìgbà tí wọ́n ti wà, a máa tó Ọgọ́rùn-ún ọdún sẹ́yìn. A tún lè sọ pé Ìbínú Òrìṣà Aganju wá ní ìbámu tàbí ní àjọṣe pẹ̀lú OroIna tí ó jẹ́ Òrìṣà kan nílé Cuba tí àwọn Yorùbá gba pe òun ni Ọ̀rànmíyán ni èdè Yorùbá Candomblé [ | ] Ní orílẹ̀ èdè Brazil tí wọ́n ni ìbátan pẹ̀lu àwọn aláwọ̀ dúdú tí Ìsìn wọn fẹ́ jọ tí , Wọ́n gbà pé Aganju a máa ṣé bí ti Òrìṣà Ṣàǹgó, èyí ló mú wọn kí wọn máa pè é ní Xango Aganjú ",refutes,yoruba,2
afrifact_data_culture_yoruba_625,yoruba,nei,nei,supports,supports,supports,nei,nei,True,False,False,False,True,True,Gbogbo ẹrú pátá ni kò ní ìbọ̀wọ̀ fún nítorí pé ó jẹ́ ohun ìtìjú.,"Ìsàlẹ̀ Èkó (Lagos Island) ni ó já pọ̀ mọ́ mainland ní ọ̀nà mẹ́ta pẹ̀lú àwọn afárá méta (1st-3rd mailand bridge). tí ó tóbi tó nà kọjá lórí afonífojì Èkó tí ó fi dé Èbúté Mẹ́ta. Bákan náà ni ó tún já pọ̀ mọ́ agbègbè tí ó sún mọ bíi: Ìkòyí sí Victoria Island, tó fi dé ibùdókò ọkọ̀ ojú-omi ti Àpápá tí ó dajú kọ apá ìwọ̀ Oòrùn erékùṣù náà,",nei,yoruba,3
afrifact_data_culture_yoruba_313,yoruba,nei,refutes,supports,supports,nei,nei,nei,False,False,False,True,True,True,Neo àti Vee nìkan ni olólùfẹ́ méjì tí idà Big Brother kò tí ì bẹ́ ìrẹ́pọ̀ wọn sí méjì.,"Ninu fidio tawọn eeyan rọra ge lara eto naa to gba ori ayelujara kan, ẹrọ ayaworan ṣafihan Neo to n fọ aṣọ nigbati Nengi ati Vee n wo o. Ọrọ ko ba tilẹ ma han sita bi ko ṣe igba ti Vee sọ pe ""Ololufẹ mi, ko ma si pata kan ninu aṣọ, ọrọ naa ba ṣe oju Nengi wara wara to ya a lẹnu. Nengi kọkọ ka a sara ko sọrọ, nigba to ya lo ba fọhun pe ""Neo, ṣe pe o tun n fọ pataaa, haaa!Vee naa ba da a lohun pe ""Neo mi gan mọ pe onimọtoto ni"". Nengi wa sọ fun Neo pe o yẹ ẹ gan o.Iṣẹlẹ yii ti n mu ki ọpọlọpọ ọmọ Naijiria fọn ti wọn si ti n fesi. Awọn esi wọn n pa ni lẹrin jọjọ, ṣe ẹ mọ pe bi igbati o n ṣẹlẹ lẹyinkunle wọn lawọn to n wo eto naa ṣe maa n sọrọ...@Zoeman ni ""aṣe o tilẹ tun lẹnu lati sọ pe o ku pata kan, ara ni yoo san pa pata kan ọhun"". O ni arifin Neo ma pọ o.@Iamemzy ni ""Jeeesu, Neo n fọ pata, kilode tawọn ọkunrin maa n doju ti mi bayii lẹnu ọjọ mẹta""...@emmanueladem naa sọ loju opo Twitter pe o yẹ Vee gan o pe koda Ozo gan ko ṣe to bẹẹ.",nei,yoruba,3
afrifact_data_culture_hausa_388,hausa,nei,nei,supports,supports,nei,nei,nei,True,False,False,True,True,True,Wasu yankuna a Arewacin Najeriya  ko soke al'adar lefe saboda suna ganin baya da wani amfani,"Al'adar Hausawa ce inda ango ke siyan kayan amfani masu kyau da tsada a matsayin wata babbar kyauta da zai bawa amaryarsa. Wadannan kyaututtukan ango na gama sayen sune kafin Auren shi, bayan sun gama kammaluwa, sai iyayen Ango kama daga Inna, Gwaggonninsa da sauran su, mata ne suke kai kayan gidan Amarya, Ita kuma Amarya sai iyayen ta mata su karba kayan su dan ba iyayen Ango abinci da dan tukuici. ",nei,hausa,4
afrifact_data_culture_igbo_625,igbo,refutes,nei,supports,supports,nei,supports,nei,False,False,False,False,False,False,Henrietta Yakubu gwara ndị na-eme njem ụgbọelu ka ha na-eyichi ahụ ha nke ọma maka oyi.,"Yakubu kwuru sị ""Anyi ga-eme ọtụtụ nyocha maka ahụike, nke gụnyere igbu nje nwereike ị nọ n'akpa mmadụ. Ihe ndịa ga-ewe ọtụtụ oge nke mere na ọ dị mkpa ka ọnye ụgbọelu ya ga-apụ ihe dika elkere iri ka ọ bịa ọdọ ụgbọelu n'ihe dịka elekere asaa"". ",refutes,igbo,0
afrifact_data_culture_igbo_562,igbo,nei,refutes,supports,supports,nei,nei,refutes,False,False,False,True,True,False,Ndị Anambra East gwara ndị gọọmentị Steeti Anambra ka ha gbatara ha ọsọ enyemaka n'ihi na agụọ na mmiri adịghị ọcha na-achọ ikpochapụ ndụ ha.,Ndị mpaghara Anambra-East akwaala arịrị n'ihi enweghi ndị ọrụ ahụike n'ụlọọrụ ahụike ha dị icheiche ma rịọ ka e zitere ha ndị dọkịta ji otu afọ efe ala nna ha. Ha rịọrọ nke a site n'ọnụ onyeisioche ha bụ Orji Okafor n'emume ọpụpụ ndị ji otu afọ efe ala nna ha e zitere ebe ahụ.,nei,igbo,2
afrifact_data_culture_yoruba_373,yoruba,nei,refutes,supports,supports,refutes,nei,nei,False,False,False,False,True,True,Ìròyìn fi lélẹ̀ pé Ààrẹ Muhammadu Buhari ti dé sí Gbọ̀gàn ìdìbò,"Ko si idi meji tawọn ọmọ orilẹ-ede Naijiria fi n kan saara si Ọjọgbọn Oṣinbajo, ju awọn igbesẹ akọ to gbe lasiko to fi n dele fun aarẹ Muhammadu Buhari fun ọjọ mẹwaa to lọ lo fun isinmi laipẹ ati latẹyin wa. Amọ ṣa, gẹgẹ bii oloṣelu to wa lati ẹkun guusu orilẹ-ede Naijiria, ko daju pe Ọṣinbajo yoo lee dide dije fun ipo aarẹ lasiko idibo apapọ ọdun to n bọ, nitori ilana yan-ki-n-yan eleyi ti wọn fi le ori eto idipo-mu laarin ẹkun ariwa ati guusu orilẹ-ede naa. 'Ipaniyan ati ifiyajẹni lọna ti ko bofinmu lọwọ awọn ọlọpaa' Laipẹ yii ni Ọjọgbọn Ọṣinbajo paṣẹ atunto ikọ agbenawoju awọn adigunjale, FSARS ti o ti di atobi-maṣee-bawi bayii nitori oniruru ẹsun iwa ibajẹ ti wọn fi n kan wọn.",nei,yoruba,2
afrifact_data_culture_yoruba_607,yoruba,nei,nei,supports,supports,nei,nei,nei,True,False,False,True,True,True,Láàárín àwọn etíkun mẹ́ta ni Ìlú Badagry wà.,Oṣìnlokùn àti àwọn alátìlẹyìn rẹ̀ dúró gẹ́gẹ́ bí i lòdì sí ìjọba Àdèlé. Èyí fà á kí òpin wá sí ìjọba Àdèlé ní 1819 nípasẹ̀ ẹ̀gbọ́n rẹ̀ Oṣìnlokùn. Ìṣẹ̀lẹ̀ yìí náà ni ó fà á kí Àdèlé sí kúrò ní Èkó lọ sí Badagry tí ó sì jẹ gẹ́gẹ́ bí olórí níbẹ̀.,nei,yoruba,4
afrifact_data_culture_igbo_117,igbo,nei,refutes,supports,supports,nei,refutes,nei,False,False,False,True,False,True,Ọchịchị ime obodo a akaghị ịdị ire ma ọ bụrụ na ọ nweghị obodo mebere ya.,"Obodo ndị mebere ọchịchị ime obodo bụ Akwu-Ukwu, Alor, Awka-Etiti, Ojoto, Nnokwa, Oba na Nnobi.",nei,igbo,2
afrifact_data_culture_igbo_069,igbo,nei,nei,supports,supports,nei,nei,nei,True,False,False,True,True,True,Ala Igbo bụ sọ mma.,"A mụrụ Osadebe na March 17, 1936, n'obodo Igbo dị na Atani na ndịda ọwụwa anyanwụ Naijiria.",nei,igbo,4
afrifact_data_culture_igbo_503,igbo,refutes,refutes,supports,supports,refutes,refutes,refutes,True,False,False,True,True,True,"Ogwashi Uku dị na mpaghara Anaocha nke Anambara steeti ma nwee ihe erughị mmadụ puku iri ise, narị abụọ na iri atọ na anọ.","Ogwashi Uku , bụ obodo Igbo na . Ọ dị na ọdịda anyanwụ nke isi obodo steeti, Asaba ma bụrụ isi ụlọ ọrụ gọọmentị ime obodo, Aniocha South . Ndị bi na Ọgwashi-Ukwu dị ihe dị ka puku iri ise, narị abụọ na iri atọ na anọ. Ọnụ ọgụgụ ya abawanyela nke ukwuu. Ọ bụ na mpaghara Anioma nke Delta steeti, ndị na-asụ Igbo na ndị obodo ya bụ ndị Enuani . ",refutes,igbo,4
afrifact_data_culture_yoruba_638,yoruba,refutes,nei,supports,supports,refutes,refutes,refutes,False,False,False,True,True,True,"Síbẹ̀, ìgbàgbọ́ wọn nípa Jésù ò yàtọ̀ síra nítorí gbogbo wọn ló gbà pé olùgbàlà ni Jésù.",Onírúurú ìjọ onìgbàgbọ́ ló ní orísìírísìí ìtumọ̀ fún bibeli torí ìdí eyi onírúrú ìlànà èsìn ni ìjọ kọ̀ọ̀kan ní. Àtí pé ìgbàgbọ wọn nípa ohun tí Jésù jẹ́ yàtọ̀ díèdíẹ̀ síbèsíbè gbogbo wọn gbà pé olùgbàlà ni Jésù.,refutes,yoruba,3
afrifact_data_culture_yoruba_296,yoruba,nei,refutes,supports,supports,refutes,nei,nei,False,False,False,False,True,True,"Ìjọba ìpínlẹ̀ Ọ̀yọ́ rán àwọn ọlọ́pàá sí agbègbè tí àwọn ọmọ onílẹ̀ ti ń ṣọṣẹ́ yìí, tí wọ́n sì kó àwọn jàǹdùkú náà lọ sí àgọ́ ọlọ́pàá lá ti fi wọ́n sí àtìmọ́lẹ́. ","Awọn ara adugbo naa ti wa rọ ijọba ipinlẹ Ọyọ lati tete da si ọrọ naa tori kii se igba akọkọ ree ti awọn ọmọ onilẹ yoo wa maa dun mahuru-mahuru mọ wọn lori ilẹ ti wọn ti ra lati ọdun gbọọrọ. Gẹgẹ bi iroyin naa ti wi, nigba ti BBC Yoruba kan si agbẹnusọ fun ileesẹ ọlọpa nipinlẹ Ọyọ, Olugbenga Fadeyi lati gbọ tẹnu rẹ, o ni ka pe oun pada laipẹ.",nei,yoruba,2
afrifact_data_culture_yoruba_092,yoruba,refutes,nei,supports,supports,supports,refutes,refutes,False,False,False,False,True,True,"Jọ̀lọ́ọ̀fù jẹ́ oúnjẹ kan tí kò nílò iyọ̀, magí, kọrí tàbí táìmù láti sè é."," Àwọn èròjà [ | ] Jollof rice with fish, plantains, cucumber, and tomatoes. Ìrẹsì jọ̀lọ́fu jẹ́ àpapọ̀ ìrẹsì, òróró, ẹfọ bíi tòmáatì, Àlùbósà,ata rodo, Ata ilé, Aáyù, ata ṣœm̀bọ̀. Láti lè jẹ́ kí ô pọ́n-ọ́n, wọn á má fí tòmáatì sí. Bákan náà ní wọn á máa fí awọn èròjà dídùn bíi, iyọ̀, magí, àwọn spices mìíràn bí curry, àti táàmù lati tún bọ̀ jẹ́ kì ó ta sán sán.",refutes,yoruba,2
afrifact_data_culture_hausa_199,hausa,refutes,nei,supports,supports,nei,nei,nei,False,False,False,False,False,False,Zuwan turawan mulkin mallaka ya taimaka wurin musuluntar sarakunan gargajiya na Kano.,"Bayan zuwan Musulunci a ƙarni na 14 zuwa 15, muhimmancin Dutsen Dala wajen bauta ya ragu, domin sarakunan Kano suka rungumi Musulunci.",refutes,hausa,0
afrifact_data_culture_igbo_531,igbo,nei,nei,supports,supports,nei,nei,nei,True,False,False,True,True,True,Ndị niile jigoro ọkwa onye isi ọrụ ndị Amị (COAS) nke Naịjirịa na ndị ezinụlọ ha na-aga ala bekee ga biri.,"Azụbụike Ihejirika, CFR (Amụrụ Febuwarị 13, 1956) bụ onye gara ezumike nká Amị Naịjirịa, onyeisi jenaral na onye bụbu Onye isi ọrụ Amị.",nei,igbo,4
afrifact_data_culture_igbo_253,igbo,refutes,supports,supports,supports,nei,refutes,refutes,False,False,False,False,True,True,"Nwankwo Kanu abụghị onye nwe igwe onyonyo nke Kanu Sports, ụlọ ọrụ igwe onyonyo egwuregwu Ịntanetị.","Ọ bụkwa onye nwe igwe onyonyo nke Kanu Sports, ụlọ ọrụ igwe onyonyo egwuregwu Ịntanetị.",refutes,igbo,2
afrifact_data_culture_yoruba_703,yoruba,nei,nei,supports,supports,supports,nei,nei,True,False,False,False,True,True,Orílẹ̀-èdè Nàìjíríà jẹ́ mímọ̀ fún àwọn àṣà ní mèremère.,"Nàìjíríà bẹ̀rẹ̀ sí ní lọ owó náírà ní ọjọ́ kìíní oṣù kìíní ọdún 1973, wọ́n pààrọ̀ owó tí Nàìjíríà ń lò tẹ́lẹ̀. Owó yìí ni Pọ́nhùn kan(£1) tí a ṣe sí náírà meji.",nei,yoruba,3
afrifact_data_culture_yoruba_272,yoruba,refutes,refutes,supports,supports,nei,nei,refutes,True,False,False,False,False,True,Iṣẹ́ ẹrú ni Abass Williams ṣe títí tó fi kú láìní àkójọ kankan.,"Agbegbe Ọfin ni isalẹ Eko nilu Eko ni William Abass tẹdo si nigba to ti orilẹede Portugal de, ti ọpọ arọmọdọmọ rẹ to wa nisalẹ Eko lonii si n jẹ Williams, nigba tawọn miran pa orukọ mejeeji pọ, William Abass. Lẹyin naa lo tun lọ tẹdo silu Badagry laarin ọdun 1830, nibiti owo ẹru ti gbilẹ, to si mọ ilu naa bii atẹlẹwọ rẹ nitori o sunmọ ilu Porto Novo to ti se ẹru tẹlẹ. William Abass n sisẹ owo ẹru lọ pẹlu ọga rẹ ni Brazil, to si n fi ọpọ ẹrun ransẹ si onitọun, ti oun naa si n ni owo ati ọrọ lati ipasẹ okoowo ẹru naa. Pẹlu atilẹyin ọga rẹ, William Abass kọ ibudo nla kan silu Badagry ti wọn pe ni Brazillian Barracoon eyi ti wọn kọkọ fi ọparun kọ lọdun 1840.",refutes,yoruba,2
afrifact_data_culture_igbo_151,igbo,refutes,nei,nei,supports,nei,nei,nei,False,False,False,False,False,False,Ndị Ideato South abụghịkwa ndị ahịa.,Ha bụkwa ndị ahịa.,refutes,igbo,0
afrifact_data_culture_hausa_182,hausa,nei,nei,supports,supports,nei,nei,nei,True,False,False,True,True,True,Shinkafa da wake da masara na daga cikin kayan abincin da aka fi nomawa loƙacin rani.,"Fiye da mutane miliyan 30 suka sami abin biyan buƙatunsu daga Tafkin Chadi ta hanyar kamun kifi, kiwon jari kai tsaye da kuma noma.",nei,hausa,4
afrifact_data_culture_hausa_374,hausa,nei,nei,supports,supports,supports,nei,nei,True,False,False,False,True,True,"A al’adar Hausawa a wasu yankuna, ana gudanar da raɗin suna ne a kwanaki bakwai bayan haihuwa",Ga Maguzawan da ke gundumar Kwatarkwashi ta Jihar Zamfara waɗanda ke bautar Magiro a garuruwansu na da ba su da wata tsayayyar rana wadda suke raɗa wa ‘ya’yansu suna. A al’adar waɗannan mutane ba a raɗa wa yaro suna sai lokacin da ake da damar yin sunan ko da kuwa bayan shekaru ne. A wurinsu mutum yana iya haɗa ‘ya’yansa da yawa tun daga na ɗaya ko fiye da ɗaya don ya yi masu suna a rana ɗaya.,nei,hausa,3
afrifact_data_culture_igbo_171,igbo,nei,nei,nei,supports,nei,nei,nei,True,True,False,True,True,True,Mmiri na-agba na mpaghara anyị ruru inyi.,"Ọ sị na ""ọ bụ mmiri ndị mmadụ gbapere na be ha ka ha na-aṅụkarị.""",nei,igbo,5
afrifact_data_culture_yoruba_035,yoruba,refutes,nei,supports,supports,nei,supports,refutes,False,False,False,False,False,True,Coronavirun kò ṣe àkóbá kankan fún ètò ọrọ̀-ajé.,"Ṣugbọn, onimọ kan nipa ọrọ aje, Gbadamosi Olusola, to jẹ Igbakeji Aarẹ Ẹgbẹ awọn onimọ ọrọ aje ati iṣiro ni Naijiria, sọ fun BBC pe, idẹrun ọlọjọ diẹ ni yoo mu wa fun araalu. Eyi ko ṣẹyin bi coronavirus ṣe ti ṣakoba fun ọrọ aje. Oore wo ni titi bọda ṣe fun Naijiria? Ọgbẹni Gbadamosi Olusola ṣalaye pe ko si anfaani kankan ti Naijiria jẹ lara titi awọn ẹnu ibode, nitori pe iṣẹ fayawọ lọ soke si, ti ko si tun si ayipada lori ọrọ eto aabo.",refutes,yoruba,1
afrifact_data_culture_yoruba_425,yoruba,refutes,refutes,supports,supports,supports,refutes,refutes,True,False,False,False,True,True,Ẹgbẹ́ agbábọ́ọ̀lù Chelsea kò sí lára àwọn ẹgbẹ́ tó darapọ̀ mọ́ líìgì tuntun náà.,"Iroyin naa burẹkẹ sii pẹlu bi awọn agba ọjẹ ẹgbẹ agbabọọlu mẹfa lati liigi Premiership ni ilẹ Gẹẹsi ṣe kede ati darapọ mọ liigi tuntun naa. Awọn ẹgbẹ agbabọọlu mẹfa naa ni Arsenal, Chelsea, Manchester city, Manchester United, Liverpool ati Tottenham. Bawo lọrọ naa ṣe bẹrẹ? Ni oṣu kẹwaa, ọdun to kọja ni igbesẹ kọkọ bẹrẹ pẹlu ijiroro to lọwọ ileeṣẹ iṣuna kan ti orukọ rẹ n jẹ JP Morgan ninu. Koko apero naa ni lati gbe idije kan kalẹ lati rọpo idije Champions League ni ilẹ Yuroopu ti owo ori rẹ yoo si to biliọnu mẹfa o le ẹgbẹta miliọnu pọun. Ajọ UEFA gbe igbesẹ lati gbe idije Champions League tuntun pẹlu awọn ẹgbẹ agbabọọlu mẹrindinlogoji.",refutes,yoruba,3
afrifact_data_culture_yoruba_469,yoruba,nei,refutes,refutes,supports,refutes,nei,nei,False,False,False,False,True,True,"Bákan náà ni Aláàfin kọ lẹ́ta sí Ààrẹ Muhammadu Buhari lórí ètò ààbò nílẹ̀ Yorùbá, nínú èyí tó ti sọ fún Ààrẹ pé kó fi òpin sí bí àwọn kan ṣe nh kọlu ilẹ̀ Yorùbá.","Bakan naa ni Minisita fun idagbasoke awọn ọdọ ati ere idaraya ni Naijiria, Sunday Dare ti ki Alaafin ku oriire aadọta ọdun lori itẹ. Ninu ọrọ ikini to fi sita, Ọgbẹni Dare ṣapejuwe Ọba Adeyẹmi gẹgẹ bi ẹni to n mu iṣọkan wa nilẹ Yoruba, to tun n gbe aṣa larugẹ. O ni kii ṣe idagbasoke, iduroṣinṣin ati ilọsiwaju nikan ni asiko rẹ ti mu wọ ipinlẹ Ọyọ, amọ o tun mu ki iṣọkan, ifẹ ati ireti jọba ni ipinlẹ naa ati Naijiria lapapọ. Wo ọ̀pọ̀ àṣeyọrí tí Aláàfin ṣe láti àádọ́ta ọdún tó ti jọba Yoruba ni ariṣe larika, arika si ni baba iregun. O pe aadọta ọdun ti Ọba Lamidi Adeyẹmi kẹta ti di Alaafin ilu Ọyọ, ko si ṣe e ṣe lati ṣami ajọdun naa lai tọka si diẹ lara awọn nnkan aritọkasi to gbe ṣe. Ta ba ni ka maa ka ni eni, eji, ilẹ kun nidi ọpọ aseyọri ti Alaafin ti gbe se ori oye, amọ diẹ lara awọn aseyọri naa ree, se bi ọmọ ko ba ba itan, yoo ba arọba.",nei,yoruba,2
afrifact_data_culture_hausa_410,hausa,nei,refutes,refutes,supports,refutes,nei,nei,False,False,False,False,True,True,Musulmai suna gudanar da sallar kullum sau biyar don nuna biyayya ga koyarwar Alƙur’ani.,"al-Islām , Turanci: Islam) Shine shaidawa babu abun bautawa da gaskiya sai , kuma (S A W) bawan Allah ne kuma manzon Allah ne. Addinin yana da alaƙa da kuma ya ƙunshi hukunce hukunce daga da kuma koyarwar Manzon tsira wanda shine ya zo da littafin sannan akwai aƙalla mabiya addinin mutum biliyan ɗaya da ɗugo tara (1.9B).",nei,hausa,2
afrifact_data_culture_yoruba_392,yoruba,refutes,refutes,supports,supports,supports,nei,refutes,True,False,False,False,False,True,"Àwọn tó ṣe màgòmágó nínú ètò ìdìbò ọdún 2019 fara ire lọ, láì gba ìdájọ́ tó yẹ, bẹ́ẹ̀ sì ni ilé-ẹjọ́ ò rí ohunkóhun ṣe sí àṣìṣe INEC.","Orji Uzor Kalu - Delta Ile ẹjọ to n gbọ ẹjọ ẹsun to ni i se pẹlu idibo sile igbimọ aṣofin ni ipinlẹ Delta naa tun ti wọgile ibo to gbe Orji Uzor Kalu wọle. Orji ni ẹni to jẹ gomina ana nipinle ọhun. Nigba ti o n ṣedajọ rẹ lọjọ Aje, igbimọ ẹlẹni mẹta ti adajọ I. P. C Igwe n dari ni olupẹjọ, Mao Ohuabunwa ti fi idi ẹjọ to pe mulẹ. Saaju ni olupẹjọ ti rọ ile ẹjọ naa lati wọgile ibo to gbe ọgbẹni Kalu wọle, nitori ko wa pẹlu ibamu ofin to ni i ṣe pẹlu ọrọ eto idibo ti ọdun 2010. Ohabunwa sọ fun ile ẹjọ pe, INEC yọ awọn ibo kan ṣeyin nigba ti wọn fẹ ka ibo naa, ati pe, ọpọlọpọ eeyan to yẹ ki wọn dibo ni ajọ INEC ko gba laaye lati dibo. Leyin atotonu olupẹjọ ati olujẹjọ ni adajọ ọhun da ibo naa nu, to wa paṣe pe ki wọn tun ibo naa di ni awọn agbegbe kan laarin oṣu mẹta. Orji ni ẹni to jẹ gomina ana nipinle ọhun. Dino Melaye -Kogi Lara awọn ti ile ẹjọ to n gbẹsun idibo da pada sile ni Sẹnetọ Dino Melaye to n soju ẹkun idibo iwọ oorun ipinlẹ Kogi. Ikọ ẹlẹni mẹta to n risi ipẹjọ ti adajọ A.O Chijioke n dari lo ṣedajọ naa lọjọ kẹtalelogun, oṣu kejọ ọdun yii. Adajọ naa wa paṣẹ fun ajọ INEC lati tun ibo naa di laarin aadọrun un ọjọ. Sugbọn Sẹnetọ Melaye ti ni ti adajọ ni o n sọ, oun yoo pe ejọ kotẹmilọrun. Lazarus Ogbe - Ebonyi Ile ẹjọ to n ṣegbẹjọ ẹsun idibo ni Abakaliki ti ni ki ọgbẹni Lazarus Ogbe, ọmọ ẹgbẹ PDP to n soju ẹkun guusu Ezza kẹru rẹ kuro nile aṣoju l'Abuja pada sile. O ni ki ẹni ti wọn kede ni ipinlẹ Ebonyi yii kuro ni ipo naa nitori naa lo ṣe da ibo to gbe e wọle nu. Ile ẹjọ naa kede Chinedu Ogah, lati ẹgbẹ APC, gẹgẹ bi ojulowo ẹni to jawe olubori ninu idibo naa.",refutes,yoruba,2
afrifact_data_culture_yoruba_752,yoruba,refutes,refutes,supports,supports,supports,nei,refutes,True,False,False,False,False,True,Nínú àwọn ilẹ̀ omi nìkan ni igi ọ̀gẹ̀dẹ̀ ti lè hù.,"Kò sí orí ilẹ̀ tí ọ̀gẹ̀dẹ̀ ò ti lè hù, ní bí i 60 centimetres (2.0 ft) sínú ilẹ̀, ó sì fẹ̀ dáadáa. Igi ọ̀gẹ̀dẹ̀ jẹ́ èyí tó máa ń tètè hù nínú gbogbo àwọn igi eléso yòókù.",refutes,yoruba,2
afrifact_data_culture_yoruba_566,yoruba,refutes,nei,supports,supports,supports,supports,nei,False,False,False,False,False,False,"Bí ifá tí a bá dá fún èèyàn bá ṣè aburú nìkan ni ẹbọ rírú ṣe pàtàkì. Àìjẹ́ bẹ́ẹ̀, kò nílò.","Ẹbọ rírú se pàtàkì fún ẹni tí a bá dá ifá fún. bí ifá tí a dá fún ènìyàn bá se rere tàbí búbúru, oní tọ̀hùn ni lati rúbọ kí ohun tí ó dá ifá sí náà ó lè baà dará: lọ́nà kìní:- Ẹbọ ifá jẹ́ ounjẹ fún òrìṣà tí ifá bá so wí pé kí á rúbọ, Fun àpẹẹrẹ, tí ènìyàn bá fẹ́ se nǹkan. ti o ba bèrè lọ́wọ́ ifá, wọ́n le sọ pé ki o lọ rubọ fun ògun, Ẹbọ ifá jẹ́ ètùtù pàtàkì nítorí tí Babaláwo bání kí ènìyàn se nǹkan óní láti se é, ki òun pàápàá ólè ba à ni ìgboyà wípé àteégún-àteésà, nítori èyí ní àwọn babaláwo fi máa ńwí fún ẹní tí a ní kí ó rúbọ̣ pé kí ó wá oúnjẹ fún àwọn aládùgbóó rẹ.",refutes,yoruba,0
afrifact_data_culture_yoruba_431,yoruba,refutes,nei,supports,supports,supports,nei,nei,False,False,False,False,False,False,"Wọ́n fi ẹ̀sùn owó kíkójẹ àti ṣíṣẹ owó báṣubàṣụ kan Emir, ìdí nìyí tí wọ́n fi yọ ọ́ nípò.","Ninu atẹjade kan ti agbẹjọro agba, Abubakar Balarabe Mahmoud, fi sita l'orukọ igbimọ agbẹjọro fun Emir Sanusi, ni wọn ti sọ pe awọn n ṣiṣẹ niluu Kano ati Abuja lọwọlọwọ lati pe ẹjọ, ayaafi ti wọn ba tu Emir naa silẹ ni ihamọ ni kiakia ni ko ni i jẹ ki awọn o gbe igbesẹ nilan ofin. Igbimọ naa to ṣapejuwe lile Emir Sanusi kuro niluu Kano lẹyin ti wọn rọ ọ l'oye, gẹgẹ bi nkan ti ko ba ode oni mu sọ pe ko si ninu ofin Naijiria. Ati wi pe ile ẹjọ Kotẹmilọrun l'orilẹ-ede Naijiria sọ ọ ni gbangba pe iru igbesẹ bẹ ko ba ofin mu, lasiko ti ijọba ipinlẹ Kebbi rọ Emir ilu Kebbi l'oye. Wọn tẹsiwaju lati sọ pe ""ko si igba kankan ti ijọba ipinlẹ Kano fi iwe ranṣẹ tabi pe Emir si akiyesi lori ẹsun aigbọran si awọn alaṣẹ, ati kikuna lati maa lọ fun ipade ati eto ti ijọba ba gbe kalẹ, ti wọn fi kan an. ",refutes,yoruba,0
afrifact_data_culture_hausa_544,hausa,nei,refutes,supports,supports,nei,nei,nei,False,False,False,True,True,True,Isah Ali Ibrahim Pantami ɗaya ne daga cikin masu hannun jari a hukumar kula da hanyoyin sadarwa na zamani ta Najeriya.,"A baya, ya riƙe muƙamin Darekta Janar na hukumar Kula da hanyoyin sadarwa na zamani (NITDA).",nei,hausa,3
afrifact_data_culture_igbo_797,igbo,refutes,refutes,supports,supports,nei,supports,refutes,True,False,False,False,False,True,E ji izu ihe mmadụ maọbụ ịnapụ mmadụ oke ruru ya mara ndị Igbo kemgbe elu bụ ala ọsa.,"Mana, ọbụghịkwanụ sọsọ ugbua ka a malitere ikwu maka nchekwa. Mgbe elu ka bụ ala ọsa n'ala Igbo, ezi nchekwa obodo dị makana ndị mmadụ na-atụ ụjọ izu oshi, ịbanye be mmadụ n'ike maọbụ zọkọrọ oke na-abụghị nke ha. Nke a bụ makana ha ma na ihe ga-eso ya abụghị ihe eji ọnụ akọcha.",refutes,igbo,2
afrifact_data_culture_hausa_051,hausa,nei,nei,supports,supports,nei,nei,nei,True,False,False,True,True,True,Samun muƙamin manjo na ɗaya daga cikin burin kowanne soja.,"Ya kasance ɗan siyasan Najeriya ne kuma wanda yayi mulki ta karfin iko a matsayin shugaban ƙasa soja tun daga shekarar (1985) a lokacin da ya shirya juyin mulki a kan abokin adawansa na kusa , har zuwa ajiye mulkinsa a shekara ta (1993) a dalilin zabe na bayan watan Yuli 12, (1993) wanda ya soke ta ba tare da wani dalili na doka ba.",nei,hausa,4
afrifact_data_culture_hausa_103,hausa,refutes,nei,supports,supports,refutes,supports,refutes,False,False,False,True,False,True,Gwamnan Kano ya bawa Sunusi Lamido Sunusi muƙamin kwamishina a shekarar 2024.,"Gomnan Kano Abba Kabir Yusuf ya sake tabbatar da Sanusi Lamido Sanusi a matsayin sarkin Kano. Ayau Alhamis 23 ga watan Mayu, shekarar 2024.",refutes,hausa,2
afrifact_data_culture_yoruba_049,yoruba,nei,refutes,supports,supports,supports,nei,nei,False,False,False,False,True,True,Ìjọ̀ba ti fi ẹ̀sùn kan gbogbo àwọn ajáwèé owó orí pátá pé wọ́n lọ́wọ́ nínú mọ̀kàrúrù.,"Àwọn ẹ̀yà Yorùbá Àkókó ni wọ́n kó ìdá ogún ó lé ẹ̀sún mẹ́ta (20.3%) nínú ìdá márùn ún tó lé ẹ̀sún meje (5.7%) ènìyàn tí wọn ń gbé ní . Ẹ̀Wẹ̀, agbègbè Àkókó ní ìjọba ìbílẹ̀ mẹ́rin, àwọn ni: , , àti , tí ó fi mọ́ tí ó wà ní àárín àti . Ilé ẹ̀kọ́ fásitì náà wà nílú Bákan náà ni ilé-ìwòsàn ti ìjọba ìpínlẹ̀ wà ní ìlú , nígbà tí ilé-ìwòsàn gbogbo-gbòò ti ìjọba náà wà ní ìlú àti ìlú .",nei,yoruba,2
afrifact_data_culture_hausa_417,hausa,nei,nei,supports,supports,nei,nei,nei,True,False,False,True,True,True,Matar Ahmad at-Tijjani ta farko asalin 'yar Ingila ce kuma tana da yara uku,"Tarihi da yaɗa oda [ | ] Tushen tsari [ | ] An haifi Ahmad al-Tijani (1737-1815) a Ain Madhi a kuma ya rasu a na . Ya yi karatun addini a Fes, Morocco. Da wahayi daga wasu waliyan Moroko ya kafa tsarin Tijjaniyya a cikin 1780s; kafofin sun bambanta dangane da ainihin kwanan wata tsakanin 1781 da 1784.",nei,hausa,4
afrifact_data_culture_igbo_681,igbo,nei,nei,supports,supports,supports,nei,nei,True,False,False,False,True,True,Pericoma so n'aha mmanwụ ndị Igbo na-efe. Onweghi onye Igbo ji mmanwụ a egwu egwu,"Otiegwu Speed Darlington , onye a ma dịka ""Akpị"" bụ nwa Pericoma Okoye ""O siri ike mmadụ. Ọ bụ nwa dịbịa e nweghị dịbịa ga-amali ya aka."" Mana o nwere mgbe a kọrọ akụkọ na Pericoma chegharịrị dịka o tiri egwu ụka, ""Ụnụ ekwela ka eduhie ụnụ "". Mana Odenigbo bụ onye ya na ya rụkọọ ọrụ egwu kọwara na ọ bụ ahịa ka ọ na-ere. "" 'Marketer' ya na ya na-arụkọ ọrụ gwara ya ka ọ kụo egwu ahụ iji ree ahịa.""",nei,igbo,3
afrifact_data_culture_igbo_719,igbo,refutes,supports,supports,supports,nei,supports,refutes,False,False,False,False,False,True,"John Abeng bụ onyeisi ndị uweoji na Steeti Anambra ekwughi ihe ọbụla banyere ịchụpụ ndị ohi, ndịotu nzuzo na ndị ntọrị mmadụ na Steeti Anambra.","Onyeisi ndị uweojii na Anambra steeti bụ John Abang ewkusiela ike na ya ga-enye aka ka Anambra steeti bụrụ kpoo na-nchekwa. O kwukwara na ha ga akpalite ""Operation Puffadder i ji chụpụ ndị otu nzuzo,ndiohi ma ọkachasị ndị ntọrị.""",refutes,igbo,1
afrifact_data_culture_igbo_787,igbo,refutes,refutes,supports,supports,nei,supports,refutes,True,False,False,False,False,True,Kọmishọna na-ahụ maka azụmahịa aha ya bụ Christian Madụbuko gwara ndị Anambra ka ha na-akwụ onyeọbụla masịrị ha ụtụ isi.," Kọmịsọna na-ahụ maka azụmahịa Christain Madubuko kọwara na gọọmentị Anambra nwụchiri mmadu atọ na steeti ahụ. O kwuru na ndị a, nke otu n'ime ha a bụ eze, ji aghụghọ anapụ ndị mmadụ ego ụtụ isi n'ahịa. Madubuko dọkwara ndị mmadụ aka na ntị ha hie asaa na anya gbasara onye ha na-akwụ ụtụ isi ma kwukwa na ọ bụ sọsọ gọọmentị nwere ikike ihibe ahịa.",refutes,igbo,2
afrifact_data_culture_yoruba_280,yoruba,nei,refutes,supports,supports,supports,nei,nei,False,False,False,False,True,True,Ìgbà kan tún rèé tí Ààrẹ Buhari àtàwọn aṣòfin kọlu ara wọn lórí àbá owó ìṣúná ọdún 2016,"Ti ẹ ko ba gbagbe, lọjọ ti eto idibo naa waye, ọtọ ni awọn ti ẹgbẹ oṣelu All Progressives Congress to jẹ ẹgbẹ to wa ni iṣakoso, ati ẹgbẹ to ni aṣofin ju n ile fi ọwọ si. Buhari nìkan kọ́ ni aṣíwájú táwọn èèyàn dẹ́yẹsí 'Mí ò sí lára awọ̀n aṣòfin tó bú Buhari'' Amọ ṣa, niṣe ni Bukọla Saraki ati Yakubu Dogara ati awọn ọmọ ẹgbẹ oṣelu PDP gba 'ọna ẹburu' lati ṣeto idibo naa laisi awọn ọmọ ẹgbẹ APC nile, botilẹjẹ pe ọmọ ẹgbẹ naa ni awọn naa jẹ. Awọn alaṣẹ ẹgbẹ oṣelu APC pe ipade fun awọn aṣofin to jẹ ọmọ ẹgbẹ wọn lati jiroro lori bi wọn yooo ṣe yan awọn olori ile aṣofin, ti awọn ọmọ ẹgbẹ PDP si lo anfaani naa lati sẹto idibo.",nei,yoruba,2
afrifact_data_culture_igbo_133,igbo,refutes,supports,supports,supports,supports,refutes,refutes,False,False,False,False,True,True,"Mgbe a na-akuziri ụmụnwoke etu ha ga-esi bụrụ ụmụnwoke ga-abara obodo uru, a na-ekwu ihe na-eme ebe ahụ.","Mana, adịghị ekwu ihe na-eme ebe ahụ.",refutes,igbo,2
afrifact_data_culture_yoruba_223,yoruba,nei,nei,supports,supports,supports,nei,nei,True,False,False,False,True,True,Aago mẹ́fà àbọ̀ òwúrọ̀ ni àwọn akẹ́kọ̀ọ́ máa ń tò wọlé ní àwọn ilé-ìwé òkè òkùn.,"Rashidi Yekini (23 October 1963 – 4 May 2012) je , elege-ara lowo iwaju omo ile . O je eni to gba boolu metadinlogoji Sonu awon nigba ti o n gba boolu fun egbe agbaboolu ni orile ede gege bi akoko omo orile ede olominira ile ti yoo koko gba iru ami ayo bee wole.",nei,yoruba,3
afrifact_data_culture_yoruba_056,yoruba,refutes,refutes,supports,supports,refutes,nei,refutes,True,False,False,True,False,True,Kò sí àgbàlagbà ọkùnrin tí ó fi ipá bá àwọn ọmọdé lò lásìkò yìí.,"Elizabeth ni: ''Mo gbe igbesẹ lati sọrọ yii lasiko yii nitori mo ti gbe ile aye ṣerere, gẹgẹ bi oniroyin ati minisita tẹlẹri lorilẹ-ede Ghana. Ti mo ba ku bayii, awọn eeyan yoo ri nnkan rere tọka si nipa mi.'' ''Ohun miiran to mu mi sọ iriri mi ni pe ọpọ lo ri ifipa ba awọn ọmọdebinrin lo pọ si ohun ti ko too pọn ọn. Ọpọ awọn agbalagba ọkunrin lo n fipa bawọn ọmọde lopọ lasiko yii, tawọn eeyan ko si sọ ohun kan nipa rẹ.''",refutes,yoruba,3
afrifact_data_culture_hausa_573,hausa,nei,nei,supports,supports,supports,nei,nei,True,False,False,False,True,True,Taɓarya ta na da muhimmanci sosai wurin yin jajjage.,"Turmi ya kasu kashi biyu, Turmin da aka sassaƙa da Turmin ƙarfe, Turmin da aka sassaƙa shi ne Wanda ake aikin gida da shi, kamar daka da jajjagen da dai sauran su.",nei,hausa,3
afrifact_data_culture_hausa_638,hausa,nei,nei,supports,supports,supports,nei,nei,True,False,False,False,True,True,Al'umma daban-daban su na da irin nasu salon kiɗa da waƙa.,"Masana'antar kiɗa ta haɗa da mawaƙa, masu yin wasan kwaikwayo, injiniyoyin sauti, furodusoshi, masu shirya balaguro, masu rarraba kayan kida, na'urorin haɗi, da masu buga kida da rikodi.",nei,hausa,3
afrifact_data_culture_hausa_343,hausa,refutes,refutes,supports,supports,supports,refutes,refutes,True,False,False,False,True,True,ƙwallon kwando an ƙirƙire ta ne a Asiya,"An ƙirƙira shi a cikin 1891 ta malamin motsa jiki ɗan ƙasar Kanada-Ba-Amurke James Naismith a Springfield, Massachusetts, Amurka, ƙwallon kwando ya samo asali ya zama ɗayan shahararrun wasanni na duniya da ake kallo. Ƙungiyar ƙwallon kwando ta ƙasa (NBA) ita ce babbar ƙungiyar ƙwallon kwando mafi mahimmanci a duniya ta fuskar shahara, albashi, hazaka, da matakin gasa.",refutes,hausa,3
afrifact_data_culture_yoruba_185,yoruba,refutes,refutes,supports,supports,supports,supports,refutes,True,False,False,False,False,True,Ọwọ́ àwọn Gómìnà ìpínlẹ̀ kò sí nínú owó tí wọ́n máa ń fún àwọn ẹka ìjọba.,"Àwọn ọmọ ẹgbẹ́ PDP fẹ̀hónúhàn nílé ẹjọ́ gíga jùlọ Iru ofin wo ni wọn fi n ṣe eto owo iṣuna ẹka idajọ tẹlẹ? Ṣaaju ki Aarẹ Buhari to o pa aṣẹ naa, awọn gomina ipinlẹ lo ma n sọ iye owo ti wọn yoo fun awọn ẹka ijọba yooku, to fi mọ yiyọnda owo naa fun wọn. O ma n farahan ninu aba owo isuna ti wọn n gbe lọ siwaju awọn aṣofin ipinlẹ.",refutes,yoruba,2
afrifact_data_culture_yoruba_190,yoruba,nei,nei,supports,supports,supports,supports,nei,True,False,False,False,False,True,Ààrẹ ń sọ̀rọ̀ kábakàba bí ẹni pé ọmọ egbẹ́ lẹ́yìnlẹ́yìn ni.,"Oluwo tun n sọ kaakiri pe igbesẹ ti awọn lọbalọba gbe naa ko kan oun tori oun si n jọba lọ ni, ti Oluwo ko si gba alaafia laaye lori aawọ naa, oun ko si lee gba ko fi iya jẹ oun gbe. ""Ẹni ti iya ba jẹ ko ni dakẹ, mo ti sọ funle ẹjọ pe ko se ẹtọ ati igbesẹ to daa lori iya ti Oluwo fi jẹ mi, amọ to pada sọ pe ko si ija kankan laarin wa.",nei,yoruba,2
afrifact_data_culture_yoruba_739,yoruba,nei,refutes,supports,supports,supports,nei,nei,False,False,False,False,True,True,"Ní ilẹ̀ Yorùbá,  tí obìnrin bá ń ṣe ìgbéyàwó, dandan ni kí ó wọ ilẹ̀kẹ̀ sọ́rùn.","Olúwọlé kú lọ́dún 1841 nígbà tí sísán àrá fàá tí àgbá àdó-olóró l'áàfin Ọba fi dún gbàmù. Gbogbo ẹran ara Olúwọlé ló fọ́n túká káàkiri, débi pé ilẹ̀kẹ̀ oyè rẹ̀ ní kan ni wọ́n fi dá a mọ̀.",nei,yoruba,2
afrifact_data_culture_yoruba_416,yoruba,refutes,refutes,supports,supports,nei,nei,nei,True,False,False,False,False,False,"Ikú Ebila le mú kí ẹgbẹ́ One Million Boys sọ agbára nù, àmọ́  ó túnbọ̀ ró àwọn ẹgbẹ́ òkùnkùn kékèèké mìíràn lágbàra.","Ṣe iku Abiola Ebila yoo fopin si ẹgbẹ one million boys bi? Ni ọjọ mẹta ṣẹyin, ni osu kẹrin, ọdun 2020, ni Abiola Ebila pa orogun rẹ ninu ẹgbẹ okunkun miran, Ekugbemi, lati igba naa si ni awọn agbofinro ti n wa Abiola Abila, ko le e koju igbejọ ẹṣun naa. Ni irọlẹ ọjọ Aiku, ọjọ Kejila oṣu Keje ọdun 2020 ni ariwo gba ilu kan pe ọwọ ti tẹ olori ọmọ ẹgbẹ one million boys, Abiola Ebila, to si ti jẹ Ọlọrun nipe. Ariwo ayọ gba ilu kan pe eegun ẹyin ẹgbẹ okunkun naa ti ṣẹ, paapaa pẹlu olori rẹ to ku naa, ti awọn ọmọ ẹyin rẹ yoo si fi ẹsẹ fẹ. Ṣugbọn ibeere ti ọpọ eeyan n beere ni pe, ṣe opin patapata ti de ba ẹgbẹ aseku pani one million boys ni bayii ti olori wọn ti silẹ bora? Ṣugbọn awọn miran n ro ninu ọkan wọn pe, agbo to fi ẹyin rin lọ ni ọrọ ẹgbẹ okunkun one million boys yii lee jẹ, o ṣee ṣe ki wọn lọ tun agbara mu wa.",refutes,yoruba,1
afrifact_data_culture_igbo_755,igbo,refutes,supports,supports,supports,nei,nei,refutes,False,False,False,False,False,True,Ndị Brazil nyere goolu ozugbu Neymar gbanyere bọọlụ na poostu.," Brazịl gaara enye goolu ugbua, ka Paulinho gbabatara nso poostu, Neymar bufeere ya bọọlụ, mana ọ banyeghị ọfụma n'ụkwụ Paulinho, mere ka ọ gbafuo ya. Nkeji 10: Ụkwụ Neymar emetụbeghị bọọlụ ọfụma etu ndị mmadụ chọrọ maọbụ na-eche. ",refutes,igbo,1
afrifact_data_culture_yoruba_560,yoruba,refutes,nei,supports,supports,supports,nei,refutes,False,False,False,False,False,True,"Láti rìnrìn-àjò dé Porto Novo láti Èkó, èèyàn á nílò láti wọ ọkọ̀ ojú ọ̀nà.","Gẹ́gẹ́bí erékùsù Èkó, Àgbádárìgì jẹ́ ìlú tí a tẹ̀dó sí etí omi, nítorí ìdí èyí, àyè wà láti rìnrìn-àjò gbojú omi láti Èkó sí Ìlú Porto Novo.",refutes,yoruba,1
afrifact_data_culture_yoruba_233,yoruba,refutes,nei,supports,supports,supports,refutes,nei,False,False,False,False,True,False,Àfọ̀njá kò rí àtìlẹyìn kankan gbà lọ́dọ̀ Hausa nígbà tí ó dìtẹ̀ lórí ìjọba.,"Ìlórin jẹ́ ìlú tí àwọn Yorùbá pílẹ̀ rẹ, ọ̀kan lára àwọn ẹ̀yà mẹ́ta tó pàtàkì jùlọ ní Nàìjíríà, níbi ọgọrùn lọnà méjìdínlógún sẹ́yìn (18th century). Ó di olú ìlú fún awọn ológun agbègbè tin bẹ̀ lábẹ́ Ìjọba Ọ̀yọ́ títí di ọdún 1817, nígbà tí Kàkànfò agbègbè náà, ẹni tí orúkọ rẹ̀ ń jẹ́ Afọ̀njá, dìtẹ lórí ìjọba, pẹ̀lú àtìlẹyìn lọ́dọ̀ Hausa kan tí orúkọ rẹ̀ ń jẹ́ Shehu Àlímì, wòlíì àti olùkọ́ ẹ̀sìn Ísílàámù.",refutes,yoruba,1
afrifact_data_culture_yoruba_764,yoruba,refutes,refutes,supports,supports,supports,nei,refutes,True,False,False,False,False,True,Irúfẹ́ àwọn orúkọ mìíràn tí a tún lè pe ọbẹ̀ yìí pín sí méje.,"Àwọn orúkọ mìíràn tí wọ́n tún ń pe ọbẹ̀ náà ni uha àti ọbẹ̀ ora. Àwọn Oúnjẹ tí ẹ le fi jẹ Oha [ | ] Ọbẹ̀ oha/Uha dára jù lọ pẹ̀lú fùfú. Iyán, sẹ̀mó, ọlá àti ẹ̀bà gbogbo àwọn wọ̀nyí náà ni wọ́n dára pẹ̀lú ọbẹ̀ oha.",refutes,yoruba,2
afrifact_data_culture_igbo_743,igbo,refutes,refutes,supports,supports,nei,nei,refutes,True,False,False,False,False,True,Jurgen Klopp kwuru na ọ gaghị akwụ ụgwọ iwu ọ dara n'ihi na o mere ya na-amaghị ama.,"N'egwuregwu Onye nchịkọta otu egwu Liverpool bụ Jurgen Klopp anabatala iwu ego dị nde paụnds asatọ e riri ya maka ịgbaba n'ime ọgbọ egwuregwu. Klopp kwuru na ọ bụ eziokwu na ọ dara iwu, na ọ pụghị ịgbanarị nke a. ",refutes,igbo,2
afrifact_data_culture_igbo_347,igbo,refutes,supports,supports,supports,nei,nei,nei,False,False,False,False,False,False,"Na Republic nke abụọ nke Nigeria, P.N. Okeke-Ojiudu ji ọkwa Gọvanọ Anambara. ","Ọ bụ Mịnịsta na-ahụ maka ọrụ ugbo site na 1959-1966, oge akpọrọ Nigeria First Republic . ",refutes,igbo,0
afrifact_data_culture_hausa_673,hausa,refutes,nei,supports,supports,refutes,nei,nei,False,False,False,True,False,False,Ana zargin 'yan bindiga dadi da kisan mutane lokacin da aka saka dokar hana zirga-zirgar jama'a.,Ta ce bincikenta ya nuna cewa jami'an tsaro sun kashe mutane akalla 18 daga lokacin da dokar takaita zirga-zirgar ta soma aiki a ranar 30 ga watan Maris.,refutes,hausa,1
afrifact_data_culture_hausa_040,hausa,refutes,refutes,supports,supports,refutes,refutes,refutes,True,False,False,True,True,True,Kasar Landan ba ta cikin wuraren da Abubakar Tafawa Balewa ya yi karatu.,"A cikin shekarar 1944, Abubakar Tafawa Balewa da wasu malamai masu ilimi a Lardunan Arewa aka zabi su yi karatu a kasashen waje a Cibiyar Ilimi ta Jami'ar London, wadda a yau ta zama wani bangare na Kwalejin Jami'ar .",refutes,hausa,4
afrifact_data_culture_igbo_423,igbo,nei,refutes,nei,supports,supports,nei,nei,False,True,False,False,True,True,Obodo ọtụtụ mmadụ bi n'ime ya na-enwe nsogbu mmiri na ebe obibi dị mma karịsịa ebe ha dị obere.,"Ruo mgbe ndị Europe rutere na Naijiria, akụ na ụba Mbaise dabeere na ọrụ ugbo",nei,igbo,3
afrifact_data_culture_hausa_315,hausa,nei,nei,supports,supports,supports,nei,nei,True,False,False,False,True,True,Hausawa suna amfani da gyaɗa wajen haɗa ƙuli-ƙuli da wasu nau’ikan abinci ba wai miyar gyaɗa ba kawai.,"Miyar gyaɗa miya ce da ake yi da gyaɗa, sau da yawa tare da wasu sinadarai iri-iri. Babban ne amma kuma ana ci a Gabashin ( ), (yafi a ) da sauran yankuna na . Har ila yau, ya zama ruwan dare a wasu yankuna, kamar arewa maso yamma, da , inda a wasu lokuta ana iya ba da shi da naman kashi da ɗan gajeren taliya ko soya.",nei,hausa,3
afrifact_data_culture_yoruba_266,yoruba,refutes,refutes,supports,supports,nei,nei,refutes,True,False,False,False,False,True,"Nínú ìtàn, Gẹ̀lẹ̀dẹ́ àti Ẹ̀fẹ̀ kò rú ẹbọ tí Ifá wí ni wọn ò ṣe rọ́mọ bí láyé.","Àbíkéjì Yemọja tó jẹ́ obìnrin tí orúkọ rẹ̀ ń jẹ́ ""Gẹ̀lẹ̀dẹ́"" ni ó sanra gẹ́gẹẹ́ bí ìyá wọn, tí ó dì fẹ́ràn ìyá wọn gidigidi, tí òun náà sì fẹ́ràn láti ma jó. Lẹ́yìn tí àwọn ọmọm méjèjì náà deni tí ń láya òun ọkọ, wọ́n níi. Ṣùgbọ́n, àwọn náà kò rọ́mọ bí, nìyá wọn bá tún gboko Aláwo lọ̀. Ifá ní kí Ẹ̀fẹ̀ òun Gẹ̀lẹ̀dẹ́ ó rúbọ tí ìyá wọ rú kí àwọn náà ó lè dọlọ́mọ láyé. Wọ́n rúbọ gẹ́gẹ́ bí ifá ti wí; ni wọ́n bá dọlọ́mọ wẹẹrẹ lọ́ọ̀dẹ̀.",refutes,yoruba,2
afrifact_data_culture_igbo_556,igbo,nei,supports,supports,supports,nei,nei,nei,False,False,False,True,True,True,Ọsụọfịa na Ada Jesus nwere esemokwu. Nke mere ka Ada Jesus bụrụ onye nwụrụ anwụ.,"Rita Edochie, Odumeje, Ada Jesus: 'Chukwu abọrọla m ọbọ n'isi nwada a' Onye na-eme ihe nkiri ama ama aha ya bụ Rita Edochie ekwuola na ọ gbagharala Ada Jesus bụ ọkpaọchị ama ama maka okwu ọjọọ o kwuru megide ya. O kwuru si na obi dị ya ụtọ na ụwa amarala na Ada Jesus tụgidere ya asị. ",nei,igbo,3
afrifact_data_culture_yoruba_461,yoruba,refutes,refutes,supports,supports,supports,nei,nei,True,False,False,False,False,False,Ọgbẹni Egbebi ò gbìyànjú láti lọ bere lọwọ awọn ara inu ọja kí ó tó gba ohun tí ìyàwó rẹ̀ sọ gbọ́,"Ẹgbẹ oṣiṣẹ ṣe iwọde lati ja fun ẹtọ arabinri oloyun. Ẹwẹ, ẹgbẹ awọn osisẹ nipinlẹ Ondo ti ke si gomina Rotimi Akeredolu lati gba isẹ lọwọ amugbalẹgbẹ rẹ fọrọ akanse isẹ ati aato, Ọmọwe Doyin Odebowale. Saaju la ti mu iroyin wa fun yin pe obinrin alaboyun kan to jẹ osisẹ nileesẹ kolẹ-kodọti lo daku nigba ti Odebowale gba leti lẹnu isẹ. Ẹgbẹ osisẹ naa ni iwa idojuti gbaa ni Odebowale hu si alaboyun naa, Adeola Egbebi lasiko ti obinrin naa wa lẹnu isẹ ladugbo Oja Oba nilu Akure l'Ọjọbọ. Àwọn iròyin tì ẹ leè ní ìfẹ̀ síí: Atẹjade kan ti akọwe ẹgbẹ apapọ awọn osisẹ ọba (AUPCTRE) nipinlẹ naa, Comrade Moyin Banso fisita lọjọ Ẹti, lo sisọ loju ọrọ yii. 'Ẹ kálọ sí ìlú mi'... Ètò ńlá tó bẹ̀ sílẹ̀ kìjà lórí BBC Yorùbá ""A fi gbogbo ẹnu bẹnu atẹ lu iwa ti ọmọwe Odebowale hu si obinrin naa, idi si ree ta se n beere pe kijọba juwe ọna ile fun. Igbesẹ yii nikan si lo le jẹ ki alaafia jọba, ki wọn si maa tọpinpin ipo ti ilera obinrin naa wa."" Ki lo sẹlẹ saaju: Mo dákú rangbọndan lẹ̀yìn tí amúgbálẹ́gbẹ gómìnà Akeredolu fún mi ní ìgbájú olóyì - Aláboyún Alaboyun kan ti fẹsun kan olubamọran pataki lori akanṣe iṣẹ si gomina Rotimi Akeredolu ti ipinlẹ Ondo, Ọmọwe Doyin Odebowale pe o fọ oun leti. Obinrin naa, Egbedi Adeola ati ọkọ rẹ ṣalaye fun BBC Yoruba pe gbagede inu ọja ọba ilu Akure ni iṣẹlẹ naa ti waye. Gẹgẹ bo ṣe sọ, Adeola ni iṣẹlẹ naa waye lasiko ti wọn n ṣe eto gbalumọ inu ọja ti wọn maa n ṣe ni gbogbo Ọjọbọ.",refutes,yoruba,1
afrifact_data_culture_igbo_557,igbo,refutes,refutes,supports,supports,nei,nei,refutes,True,False,False,False,False,True,Ọrịa mmịwụ gburu Mmesoma Mercy Cynthia Obi. Ọ nwụrụ ọnwa abụọ tupu o mee nncheta ọmụmụ ya.,"Mmesoma Mercy Cynthia Obi Ada Jesus nwụrụ ụbọchị Wenezde n'ụlọọgwụ dị n'Abuja ebe e bugara ya maka ịgwọ ya ọrịa metụtara akịrị, abalị ole na ole o jiri mechaa ncheta ọmụmụ ya. Ụbọchị ncheta ọmụmụ Ada Jesus - Mmesoma Mercy Obi na 19 Epreelu, 2021 Ada Jesus, di ya na ndị ọzọ so ṅụrịa ụbọchị ncheta ọmụmụ ya Otu onye ya na-ezinaụlọ ya dị na mma bụ Harrison Gwamishu gwara BBC Igbo n'ekwentị na akụkọ ahụ bụ eziokwu. ",refutes,igbo,2
afrifact_data_culture_hausa_384,hausa,nei,refutes,supports,supports,nei,nei,nei,False,False,False,True,True,True,Malaman addini suna ganin Maulidi na iya amfani da sabbin abubuwa ba tare da bin dukkan ayyukan Annabi ba.," Kuma idan muka lura dacewar dole sai komai Annabi ya aikata zamuyi. Toh muna bukatar amsoshi da dama kamar; 1. Annabi yayi amfani da wayar hannu 2. Yaje makkah a jirgi 3. Ya kira Sallah da sifika 4. Ya sa fanka ko a.c a masallaci 5. Ya hau mota. Da dai sauran su, kuma idan mukai duba da wasu abubuwa addinin Musulunci bazai cigaba ba sai da su kamar zuwa aikin hajji a jirgi, kamar shiga mota saboda ya da Musulunci da dai sauran su. Allah shine masani",nei,hausa,3
afrifact_data_culture_yoruba_149,yoruba,refutes,refutes,refutes,supports,nei,nei,refutes,True,True,False,False,False,True,Ọlọ́run ṣe àdéhùn fún Dáúdà pé bí ó bá bímọ yóò fi ọmọ náà jọ́sìn fún òun.,"Ọdún Ìdúpẹ́-Ọòrẹ"" jẹ́ ọjọ́ ìsinmi pàtàkì nínú ẹsìn Ìsìlàámù ti àwọn ṣe àjọyọ̀ káàkiri àgbáyé láti ṣerántí àmì kàn tí wọ́n ní ìfẹ sí tí ó ń jẹ́ Ànọ́bì Ìbùrọ̀hìmù ( ( ). Oríṣiríṣi àlàyé ló wà fún ọdún yìi, lára àwọn àlàyé náà ni: Ní ọdún 1991, Sheikh Dr. Abu-Abdullah Adélabú ṣe àlàyé nípa Ọdún Iléyá ní orí Ẹ̀rọ-sọ̀rọ̀sọ̀rọ̀ Rẹ́díò Abùjá wí pé Ọdún Iléyá jẹ́ àjọ̀dún ìfi-ẹ̀mí-ìmọorè-hàn, Ọlọ́hun ní kí Ibrahim ó ṣe láti fi ẹ̀mí-ìmọ́orè hàn èyí tí ó sí fí ọmọ rẹ̀ Ishmael sílè fún ìfi ẹ̀mí-ìmọ́orè hàn sí Ọlọ́run tí ó ṣe àdéhùn fún pé bí oun Ibrahim bá bímọ nínú ogbó pé òun yóò fí ọmọ náà jọ́sín fún Ọlọ́run.",refutes,yoruba,3
afrifact_data_culture_igbo_323,igbo,refutes,supports,supports,supports,nei,nei,nei,False,False,False,False,False,False,Ejike Obumneme Aghanya bụ onye nkụzi kpọ ụmụakwụkwọ ya wee gba ọsọ n'oge Agha Biafra.,"Ejike Obumneme Aghanya Ejike Ebenezer Obumneme Aghanya (27 Nọvemba 1932 - 3 Julaị 2020) bụ onye agha na onye injinia eletrik nke jere ozi na na ndị agha Biafran, na-ala ezumike nká dị ka onye colonel.",refutes,igbo,0
afrifact_data_culture_yoruba_289,yoruba,nei,nei,nei,supports,nei,nei,nei,True,True,False,True,True,True,Sunday Igboho ní òun kò fẹ́ oyè ọ̀gá àgbà páta fún ikọ̀ Amotekun nílẹ̀ Yorùbá,"Agba amofin naa gba awọn gomina mejeeji yii ni gbolohun nitori abẹwo ti wọn se sọdọ aarẹ Buhari lọjọru lori eto aabo to mẹhẹ nipa ọsẹ tawọn ọdaran darandaran n se. Bẹẹ ba gbagbe, gomina Makinde ati Akeredolu lo tọ Buhari lọ nilu Abuja lati beere fun afikun eto aabo to peye, nitori ọwọja awọn ọdaran darandaran to gogo nipinlẹ koowa wọn. Àwọn iròyin tì ẹ leè ní ìfẹ̀ síí: Makinde, to bawọn akọroyin sọrọ lẹyin ipade wọn pẹlu aarẹ si ni oun lo anfaani abẹwo naa lati beere fun agbekalẹ afikun ileesẹ ọlọpaa kogberegbe nipinlẹ toun. Ifọrọwerọ pẹlu Gani Adams lori ọrọ Sunday Igboho Amọ Falana, lasiko to n takurọsọ pẹlu awọn akọroyin ni, awọn gomina yiii ni ipese eto aabo to peye wa nikawọ wọn, pẹlu ileesẹ ọlọpaa, ko si yẹ ki wọn lọ sọdọ aarẹ. Agba amofin naa woye pe aarẹ lo n dari ileesẹ ologun nilẹ Naijiria, kii se ileesẹ ọlọpaa, ko ba si san ko jẹ pe ọdọ ajọ to n sakoso ileesẹ ọlọpaa nilẹ wa, ni wọn gbe ibeere wọn lọ.",nei,yoruba,5
afrifact_data_culture_hausa_416,hausa,nei,nei,supports,supports,nei,nei,nei,True,False,False,True,True,True,Zubairu shine yake jagorancin haɗa waƙoƙin yabon Ahmad at-Tijjanī wanda za ayi ranar jumma'a,"Bugu da ƙari, almajirai a wurare da yawa suna shirya taruka na yau da kullun, galibi a ranar Alhamis da yamma ko kafin Waẓīfa da Hailat al-Jum'ah don yin Allah , ko ambaton . A irin waɗannan tarurrukan, ana iya haɗa waƙoƙin yabon Allah, , Ahmad at-Tijjanī, ko wani shugaban addini tare da zikiri. Irin waɗannan tarurrukan na iya haɗawa da maimaita sauƙaƙa a matsayin ƙungiya ko amsa ƙira, inda ɗaya ko fiye da shugabanni ke jagorantar waƙar wasu kuma suna maimaita ko kuma ba da amsa.",nei,hausa,4
afrifact_data_culture_hausa_770,hausa,nei,nei,supports,supports,refutes,nei,nei,True,False,False,False,True,True,Neman ilimin addini ya wajaba akan kowanne musulmi namiji da mace,"Ya ce bai dace a ce malami ya wuce sa'a uku yana koyarwa bai huta ba ""amma ka'ida sai a ce ana neman ka yi awa shida ko awa bakwai wanda dole idan ka fara, awa daya, awa biyu kana jin nishadi a kan koyarwa, amma awa uku, awa hudu to ka fara jin jiki ko kwakwalwar kanta tana bukatar a ce ta huta""",nei,hausa,3
afrifact_data_culture_hausa_633,hausa,nei,nei,supports,supports,supports,nei,nei,True,False,False,False,True,True,"Yawancin waƙoƙin zamani basa haɓaka, kuma basa bada wata gudummawa ga haɓakar harshe.","Waka ita ce rubutun adabi, wanda mawaƙi ya rubuta, ta amfani da wannan ka'ida. taron waka music center Waƙar tana da dogon tarihi daban-daban, tana tasowa daban-daban a duk faɗin duniya. Ta samo asali aƙalla tun kafin tarihi tare da waƙoƙin farauta a da kuma waƙar waƙa da waka na daulolin , , da kwarin Volta. Wasu daga cikin rubutattun wakoki na farko a Afirka sun kasance a cikin pyramid texts da kuma aka rubuta a ƙarni na 25 KZ.",nei,hausa,3
afrifact_data_culture_yoruba_263,yoruba,refutes,refutes,supports,supports,supports,refutes,refutes,True,False,False,False,True,True,Mọ́ímọ́í dáa ṣùgbọ́n wọn kì í fí jẹ ìrẹsì àti àwọn oúnjẹ mìíràn.," A tún mọ mọ́í-mọ́í sí ""àlẹ̀lẹ̀"" tàbí ""ọ̀lẹ̀lẹ̀” ní àwọn ẹ̀ka-èdè Yorùbá mìíràn, bẹ́ẹ̀ bí àwọn ènìyàn ṣe mọ̀ ọ́ sí ní àti . Wọ́n sábà máa ń jẹ́ mọ́í-mọ́í pẹ̀lú /kókó. Tubaani (tàbí Tubani) jẹ́ irúfẹ́ oúnjẹ yìí( mọ́í-mọ́í) ní apá Àríwá ilẹ̀ Gánà. Wọ́n máa ń fi , kókó, tàbí kọ́sítádì jẹ mọ́í-mọ́í náà. Ó tún jé oúnjẹ-àfikẹ́ẹ̀gbẹ́ ní àwọn ìnáwó , tí wọ́n ń fi kún ìrẹsì alésèpọ̀ àti irúfẹ́ àwọn oúnjẹ mìíràn.",refutes,yoruba,3
