id,language_original,claim_original,gold_evidence_original,gold_label_original,raw_response_original,predicted_label_original,correct_original,language_translated,claim_translated,gold_evidence_translated,gold_label_translated,raw_response_translated,predicted_label_translated,correct_translated,gold_label,language,original_prediction,translated_prediction,original_correct,translated_correct,transition
afrifact_data_culture_hausa_657,hausa,Shugaba Muhammadu Buhari ya kaddamar da eNaira a ranar 20 ga watan Yunin 2016.,"An samo sunan “Naira” daga kalmar “Nigeria” ta Obafemi Awolowo.Sai dai kuma, Naira a matsayin kudin da Shehu Shagari ya kaddamar a matsayin ministan kudi a shekarar 1973. Babban bankin Najeriya ya yi ikirarin cewa sun yi yunkurin shawo kan hauhawar farashin kayayyaki a duk shekara kasa da kashi 10%.",nei,nei,nei,True,hausa,"President Muhammadu Buhari launched the eNaira on June 20, 2016.","The name ""Naira"" was derived from the word ""Nigeria"" by Obafemi Awolowo. However, the Naira as a currency was launched by Shehu Shagari as the Minister of Finance in 1973. The Central Bank of Nigeria claims that they have tried to control the annual inflation rate below 10%.",nei,nei,nei,True,nei,hausa,nei,nei,True,True,correct_to_correct
afrifact_data_culture_igbo_058,igbo,Ngagharị iwe a bụ ụzọ e si edozi esemokwu.,Ọ bụ nnukwu nnupụisi mbụ ụmụ nwanyị mere na West Africa.,nei,nei,nei,True,igbo,This protest is a way of resolving conflict.,It was the first major women's rebellion in West Africa.,nei,nei,nei,True,nei,igbo,nei,nei,True,True,correct_to_correct
afrifact_data_culture_igbo_749,igbo,Ihe isi ike anaghị emetụta ihe ndị e ji alụ ụm̀ụ nwaanyị Igbo. Ụmụ ntorobịa Igbo kwuru na ha zuru ka emee.,"Ndị ntorobia Igbo: Belatanụ Ihe eji alụ nwaanyị Ndị ntorobia Igbo akpola oku ka obodo dị n'Igbo wedata ihe ndị ọ na-eri iji lụọ nwaanyị n'ala igbo. Ndị ntorobịa kwuru a nke na mkparịtaụka BBC hiwere na Facebook ụbọchị Fraide rụtụ®ụaka na ihe isi ike, ihe ilụnwaanyị na-erị nakwa oke mgbuchi nne nna na Igbo na-egbuchi ụmụ ha ndị nwaanyị so 'ihe na akpata alụghhị di maọbụ nwaanyị n'oge.",refutes,refutes,refutes,True,igbo,Hardship does not affect the marriage of Igbo women. Igbo youths said that they are ready to do it.,Igbo youths: Reduce wedding expenses Igbo youths have called on Igbo communities to reduce the cost of marrying a woman in Igbo land. The youth said this in a discussion on Facebook organized by the BBC on Friday.,refutes,refutes,refutes,True,refutes,igbo,refutes,refutes,True,True,correct_to_correct
afrifact_data_culture_igbo_384,igbo,"N'ịgbado ụkwụ n'oke ala nakwa ngwaahịa, Ahịa Main Market Ọnicha bụ otu n'ime ahịa kacha bu ibu n'ọdịda anyanwụ Afịrịka",Ahịa Ọnicha nke a makwaara dị ka Onitsha Main Market na bekee bụ otu n'ime ahịa kacha ibu na ọdịda anyanwụ Afrịka dabere na nha ala na oke ngwongwo ahịa a n'ere ebe ahụ.,supports,supports,supports,True,igbo,"In terms of land and products, the Main Market is one of the largest markets in West Africa.",Onitsha Market also known as Onitsha Main Market in English is one of the largest markets in West Africa based on land size and the amount of goods sold there.,supports,supports,supports,True,supports,igbo,supports,supports,True,True,correct_to_correct
afrifact_data_culture_yoruba_723,yoruba,"Abíọ́lá ní ìfẹ́ sí ìṣèlú látìgbà tí ó wà ní ọmọ ọdún mọ́kàndínlógún, ó sì bẹ̀rẹ̀ sí í kópa ní ẹgbẹ́ òṣèlú látàrí ìfẹ́ tí ó ní sí i.rẹ̀ sí i.","Abíọ́́lá jẹ́ Olóòtú ìwé ìròyìn ọ̀sọ̀ọ̀sẹ̀ ilé-ìwé wọn tí ó ń jẹ́ tí sì jẹ́ igbákejì rẹ. Ó dára pọ̀ mọ́ ẹgbẹ́ ní ìgbà tí ó di ọmọ ọdún mọ́kàndínlógún nítorí ìfẹ́ tí ó ní sí ètò òṣèlú àwa arawa ó darapọ́ mọ́ ẹgbẹ́ òṣèlú jẹ́ olùdásílẹ̀ rẹ̀ Ní ọdún 1960, Moshood jẹ àǹfàníi ẹ̀kọ́ ọ̀fẹ́ ti ijọba láti lọ ka ìwé ní University ti Glasgow ní ìlú Scotland ni ibi tí ó ti gba oyè nínú ìmọ̀ ìṣirò.",supports,supports,supports,True,yoruba,"Abiola has been interested in politics since he was 19 years old, and he started participating in the political party because of his interest in politics.","Abiola is the Editor of their weekly school newspaper who is and still is your deputy. He joined the party when he was 19 years old because of his interest in the political system of us, he joined the political party and was its founder. In 1960, Moshood was given the opportunity of free education by the government to study at the University of Glasgow in Scotland where he received a degree in mathematics.",supports,supports,supports,True,supports,yoruba,supports,supports,True,True,correct_to_correct
afrifact_data_culture_hausa_081,hausa,Rabiu Musa Kwankwaso ne ya naɗa Sunusi Lamido Sunusi sarautar Kano bayan mutuwar Ado Bayero.,"Ado Bayero ya kasance kafin ya zama sarkin kano shahararren ɗan kasuwa ne, kuma yayi aikin banki, tsohon ɗan sanda ne kuma Sannan yayi aiki a matsayin jakadan [Nijeriya]",nei,nei,nei,True,hausa,Rabiu Musa Kwankwaso appointed Sunusi Lamido Sunusi as the king of Kano after the death of Ado Bayero.,"Ado Bayero was before becoming king of Kano a famous businessman, he also worked as a banker, he was a former policeman and then he worked as an ambassador [to Nigeria]",nei,nei,nei,True,nei,hausa,nei,nei,True,True,correct_to_correct
afrifact_data_culture_igbo_141,igbo,Akwa mmiri ahụ adaala.,"Dịka ọ dị ugbua, amabeghi ihe ha kpatara na nzukọ a.",nei,nei,nei,True,igbo,The bridge has collapsed.,"As of now, their reason for meeting is unknown.",nei,nei,nei,True,nei,igbo,nei,nei,True,True,correct_to_correct
afrifact_data_culture_hausa_389,hausa,"Ango a al'adar Hausawa yana da alhakin siyan kayan lefe kafin aure, sannan kayan ana kai su gidan amarya ta hannun mata.","Al'adar Hausawa ce inda ango ke siyan kayan amfani masu kyau da tsada a matsayin wata babbar kyauta da zai bawa amaryarsa. Wadannan kyaututtukan ango na gama sayen sune kafin Auren shi, bayan sun gama kammaluwa, sai iyayen Ango kama daga Inna, Gwaggonninsa da sauran su, mata ne suke kai kayan gidan Amarya, Ita kuma Amarya sai iyayen ta mata su karba kayan su dan ba iyayen Ango abinci da dan tukuici. ",supports,supports,supports,True,hausa,"In Hausa culture, the groom is responsible for buying lepe clothes before the wedding, and the clothes are taken to the bride's house by the women.","It is a Hausa tradition where the groom buys beautiful and expensive items as a great gift to his bride. These gifts that the groom buys are before the wedding, after they have finished, the groom's parents, including his mother, his puppets and others, are the women who take the things to the bride's house.",supports,nei,nei,False,supports,hausa,supports,nei,True,False,correct_to_wrong
afrifact_data_culture_igbo_241,igbo,Ụfọdụ ụlọakwụkwọ dị na Beijing na Shanghai emepebeghị dịka ụmụakwụkwọ agaghị akwụkwọ taa,Ụfọdụ ụlọakwụkwọ dị na Beijing na Shanghai emepekwaala dịka ụmụakwụkwọ malitere ịga akwụkwọ taa.,refutes,refutes,refutes,True,igbo,Some schools in Beijing and Shanghai have not opened as students will not go to school today,Some schools in Beijing and Shanghai have also reopened as students begin classes today.,refutes,refutes,refutes,True,refutes,igbo,refutes,refutes,True,True,correct_to_correct
afrifact_data_culture_igbo_424,igbo,O bụ ịkọ ọrụ ugbo so na ọrụ ndị mba Brazil dabere na ya isi na-abawanye ọnọdụ akụ na ụba ha ruo ugbu a.,"Mbaise bụ mpaghara dị na Imo Steeti na ndịda ọwụwa anyanwụ . N'etiti , mpaghara ahụ gụnyere ọtụtụ obodo na obodo ukwu. Ndị bi na ya bụ ndị agbụrụ, ndị jikọtara site na alụmdi na nwunye. Mbaise bụ mpaghara kacha nwee ọnụ ọgụgụ mmadụ n'Ebe Ọdịda Anyanwụ Afrịka; ọnụ ọgụgụ ndị bi na ya n'afọ 2006 bụ puku narị isii na iri nà otu, narị abụọ na anọ.",nei,nei,nei,True,igbo,It is farming that is one of the activities that Brazilians rely on to increase their economic status until now.,"Mbaise is a region in Imo State in the south east. In between, the region includes many towns and cities. Its inhabitants are tribal people, who are connected by marriage. Mbaise is the most populous region in West Africa; The population in 2006 was six hundred and eleven thousand, two hundred and four.",nei,nei,nei,True,nei,igbo,nei,nei,True,True,correct_to_correct
afrifact_data_culture_hausa_004,hausa,Muhammadu Buhari ya zama shugan kasa na mulkin soja yana matsayin kanal.,"Muhammadu Buhari (17 Disamba 1942 – 13 Yuli 2025) ne wanda ya yi mulkin ƙasar a matsayin daga 2015 zuwa 2023. Soja ne mai matsayi na majo janar a , kuma ya shugabanci ƙasar a matsayin daga 31 Disamba 1983 zuwa 27 Agusta 1985. Buhari ya tsaya takarar shugaban ƙasa a Najeriya a ƙarƙashin jam’iyyar a zaɓen shugaban ƙasa na 2003 da na 2007, sannan kuma a ƙarƙashin jam’iyyar Congress for Progressive Change (CPC) a zaɓen shugaban ƙasa na 2011",refutes,nei,nei,False,hausa,Muhammadu Buhari became the president of the military regime as a colonel.,"Muhammadu Buhari (17 December 1942 – 13 July 2025) is the one who ruled the country from 2015 to 2023. He is a soldier with the rank of major general, and he led the country from 31 December 1983 to 27 August 1985. Buhari ran for the presidency of Nigeria under the party in the 2003 and 2007 presidential elections, and then under the Congress for Progressive Change (CPC) party in the 2011 presidential election",refutes,refutes,refutes,True,refutes,hausa,nei,refutes,False,True,wrong_to_correct
afrifact_data_culture_igbo_383,igbo,"N'ịgbado ụkwụ n'oke ala nakwa ngwaahịa, Ahịa Main Market Ọnicha akaghị ahịa Arịarịa nke Aba bu ibu",Ahịa Ọnicha nke a makwaara dị ka Onitsha Main Market na bekee bụ otu n'ime ahịa kacha ibu na ọdịda anyanwụ Afrịka dabere na nha ala na oke ngwongwo ahịa a n'ere ebe ahụ.,refutes,nei,nei,False,igbo,"Based on the geographical area and the product, the Main Market is not a large market.",Onitsha Market also known as Onitsha Main Market in English is one of the largest markets in West Africa based on land size and the amount of goods sold there.,refutes,refutes,refutes,True,refutes,igbo,nei,refutes,False,True,wrong_to_correct
afrifact_data_culture_yoruba_562,yoruba,"Ní orílẹ̀-èdè Nàìjíríà, ètò ìkànìyàn bẹ̀rẹ̀ Ní ọdún 1852 láti ṣe àkọsílẹ̀ iye èèyàn tó wà lórílẹ̀-èdè náà.","Gẹ́gẹ́bí àkọsílẹ̀ ètò ìkànìyàn ọdún 2006, àpapọ̀ iye enìyàn tó wà ní Àgbádárìgì jẹ́ 241,093.",nei,nei,nei,True,yoruba,"In Nigeria, the census system started in 1852 to record the number of people in the country.","According to the 2006 census, the total number of people in Agbadarigi is 241,093.",nei,nei,nei,True,nei,yoruba,nei,nei,True,True,correct_to_correct
afrifact_data_culture_igbo_173,igbo,Otu onye bi n'Anambra kwuru na ọ ruola afọ iri mmiri gbadebere na mpaghara ya.,Otu onye bi Enugwu sị na o ruola afọ iri mmiri gbadebere na mpaghara ya bi n'Enugwu.,refutes,refutes,refutes,True,igbo,A resident of Anambra said that it has been 10 years of rain in his area.,A resident of Enugu said that it has been 10 years since he lived in Enugu.,refutes,nei,nei,False,refutes,igbo,refutes,nei,True,False,correct_to_wrong
afrifact_data_culture_hausa_058,hausa,Usman Dan Fodiyo ɗan asalin kabilar Hausawa ne.,Shehu Usman Ɗan Fodiyo yayi yaki a tsakanin shekarar alif dubu ɗaya da ɗari takwas da huɗu (1804) har zuwa alif dubu ɗaya da ɗari takwas da sha biyu (1812) ya fito ne daga ƙabilar Toronkawa na fulani. ya kasance daga zuriyar ɗaya daga cikin dangin (Toronkawa) na ƙabilar dake zaune a cikin tun daga farkon shekara ta alif dubu ɗaya da ɗari hudu (1400),refutes,nei,nei,False,hausa,Usman Dan Fodiyo is a native of the Hausa tribe.,Shehu Usman Son of Fodiyo fought between the year one thousand eight hundred and four alif (1804) until one thousand eight hundred and twelve alif (1812). He was a descendant of one of the families (Toronkawa) of the tribe living in since the beginning of the year one thousand four hundred alif (1400),refutes,nei,nei,False,refutes,hausa,nei,nei,False,False,wrong_to_wrong
afrifact_data_culture_igbo_301,igbo,Naanị ikuku na ọhịa bụ ihe dị ka ọrụ ugbo mkpa iji wee ịga nke ọma,"Ọrụ ugbo chọrọ mmiri, aja di mma na ala di larịị.",refutes,nei,nei,False,igbo,Only the wind and the forest are what agriculture needs to be successful,"Farming requires water, good sand and flat land.",refutes,refutes,refutes,True,refutes,igbo,nei,refutes,False,True,wrong_to_correct
afrifact_data_culture_igbo_735,igbo,"Nnamdị Kanu bụ omeiwu. Ụgbụa, a kpọgara ya ụlọ nga dị na Sokoto.",N'ofesi Otu onye oji egbe agbagbuola ihe ruru mmadụ isii n'otu ụlọọgwụ dị na mba Czech Republic ma gbagbuo onwe ya n'akụkọ ebe ahụ. Ndị uweojii hụrụ ozu nwoke a dịka ọ tọgbọ site n'ọnya egbe ọ gbara onwe ya n'isi.,nei,nei,nei,True,igbo,"Kanu's wife is a member of parliament. Soon, he was taken to a prison in Sokoto.",Abroad A gunman has shot up to six people in a hospital in the Czech Republic and shot himself in the news there. The police found the man's body as he lay with a self-inflicted gunshot wound to the head.,nei,nei,nei,True,nei,igbo,nei,nei,True,True,correct_to_correct
afrifact_data_culture_hausa_250,hausa,Masanin tarihin abinci da aikin gona James C. McCann ya ba da shawarar daina yaɗa shinkafa.,"Masanin tarihin abinci da aikin gona James C. McCann yayi la'akari da wannan ikirarin mai yiwuwa idan aka yi la’akari da shaharar shinkafa a cikin kwarin Niger ta sama, amma yana ganin ba zai yuwu tasa ta iya yaɗuwa daga Senegal zuwa inda take yanzu tunda ba a ganin irin wannan yaɗuwar a cikin “harshe, tsarin siyasa ko tarihi "". Maimakon haka ya ba da shawarar cewa tasa ta yaɗu tare da masarautar Mali, musamman masu sana'ar Djula waɗanda suka bazu ko'ina zuwa cibiyoyin kasuwanci da biranen yanki, tare da ɗaukar fasahar tattalin arziƙin ""ƙera, ƙaramin sikelin, da agronomy shinkafa"" gami da addini. na Musulunci.",refutes,supports,supports,False,hausa,Food and agricultural historian James C. McCann recommends stopping the spread of rice.,"Historian of food and agriculture James C. McCann considers this claim possible given the popularity of rice in the upper Niger valley, but he thinks it is unlikely that it could have spread from Senegal to its current location since such a spread is not seen in ""language, political system or history"". Instead he suggested that the dish spread with the Kingdom of Mali, especially the Djula artisans who spread throughout the commercial centers and regional cities, taking the economic technology of ""production, small scale, and rice agronomy"" as well as religion. Islamic.",refutes,nei,nei,False,refutes,hausa,supports,nei,False,False,wrong_to_wrong
afrifact_data_culture_hausa_827,hausa,Yan majalisar sun ce su wakilan jama'a ne don haka suna da ikon yin ƙarin ayyuka a cikin kasafin.,"Game da ayyukan da aka ce 'yan majalisar sun kara, ya ce su ma wakilai ne ""na jama'a kuma suna da damar sanya ayyukan da za su yi tasiri a rayuwar talaka,"" kamar yadda wata sanarwa da ya aike wa manema labarai ta ce.",supports,refutes,refutes,False,hausa,The MPs said that they are the people's representatives and therefore they have the power to do more in the budget.,"Regarding the activities that the members of parliament have added, he said that they are also representatives ""of the people and have the opportunity to implement activities that will have an impact on the lives of the poor,"" according to a statement he sent to the press.",supports,nei,nei,False,supports,hausa,refutes,nei,False,False,wrong_to_wrong
afrifact_data_culture_yoruba_701,yoruba,"Nígbà tí Buhari jẹ́ ààrẹ, ó lo sáà méjì àti àbọ̀ kí ó tó kúrò ní ipò.","Muhammadu Buhari (tí wọ́n bí ní Ọjọ́ ketàdínlógún, Oṣù Kejìlá Odún 1942 o si ku ni Oṣu Keje ọjọ 13, Ọdun 2025) olóṣèlú tí ó jẹ́ Ààrẹ orílè-èdè láàrin ọdún 2015 sí ọdún 2023. Ó lo ṣáà àkọ́kọ́ rẹ̀ láàrin odún 2015 sí 2019 àti kejì láàrin ọdún 2019 sí 2023 .",refutes,supports,supports,False,yoruba,"When Buhari was president, he spent two and a half years before leaving office.","Muhammadu Buhari (born on December 17, 1942 and died on July 13, 2025) politician who was the President of the country between 2015 and 2023. He served his first term between 2015 and 2019 and the second between 2019 and 2023 .",refutes,nei,nei,False,refutes,yoruba,supports,nei,False,False,wrong_to_wrong
afrifact_data_culture_yoruba_592,yoruba,Gbogbo ìlú tí ó wà ní ìpínlẹ̀ Kwara ni ẹ̀yà náà tẹ̀dó sí.,"Àwọn méjì tí ó jẹ́ akíkanjú jùlọ ìyẹn Ajẹbú àti Olóde ni a pa orúkọ wọn pọ̀ tí ó wá di “AJẸ́BU-OLÓDE” èyí tí à ń pè ní ÌJẸ̀BÚ-ÒDE títí di òní olóni yìí. Èdè Ìjẹ̀bu ni àwọn ẹ̀yà yìí máa ń sọ. A sì le rí wọn káàkiri ilẹ̀ Nàìjíríà. Àpẹẹrẹ àwọn ìlú tí a lè rí ni ẹkùn Ìjẹ̀bú ni Ìjẹ̀bú-Òde, Musin, Ata-Ìjẹ̀bú, Imọ̀pè, Òdo-Pótu, Àgọ́-Ìwòyè, Ìjẹ̀bú-Igbó, Orù, Awà, Ìlápòrú, Ìṣònyìn, Ìpàrí-Ńlá, Òdokálàbà, Ìdọwá, Merígò, Òdoogbolú, Ọ̀ṣọṣà àti bẹ́ẹ̀ bẹ́ẹ̀ lọ.",nei,refutes,refutes,False,yoruba,Every town in Kwara state is inhabited by the tribe.,"Two of the bravest people, namely Ajebu and Olode, their names were combined to become ""AJEBU-OLODE"" which is called IJEBU-ODE until today. These tribes speak the Ijebu language. And we can see them all over Nigeria. Examples of towns that can be found in Ijebu region are Ijebu-Ode, Musin, Ata-Ijebu, Oppe, Odo-Potu, Ago-Iwoye, Ijebu-Igbo, Oru, Awa, Ilaporu, Okononi, Ipari-Tula, Odokalaba, Idawa, Merigo, Odoogbolu, Ososha and so on.",nei,nei,nei,True,nei,yoruba,refutes,nei,False,True,wrong_to_correct
afrifact_data_culture_igbo_273,igbo,"Mmanya ndị dị ka fanta, coke na sprite na-amasị ụmụaka iji je akwụkwọ","Eji aha dị iche iche mara ya na mpaghara dị iche iche ma bụrụkwa ihe a na-ahụkarị na mpaghara Eshia, Africa, Caribbean, South America na Micronesia . ",nei,nei,nei,True,igbo,"Alcohol such as fanta, coke and sprite are preferred by children to go to school","It is known by different names in different regions and is common in Asia, Africa, the Caribbean, South America and Micronesia.",nei,nei,nei,True,nei,igbo,nei,nei,True,True,correct_to_correct
afrifact_data_culture_hausa_509,hausa,"Hadisi na nufin faɗar Annabi Sallallahu Alaihi Wasallama, aikin sa da kuma tabbatarwarsa.",A wajen su ma’anar Hadisi shi ne Hakaito Fadar Manzon Allah [S.A.W] Aikinsa da kuma Tabbatarwarsa.,supports,supports,supports,True,hausa,"Hadith refers to the sayings of the Prophet Sallallahu Alaihi Wasallam, his work and his confirmation.","According to them, the meaning of Hadith is Hakaito Fadar of the Messenger of God [S.A.W] His work and confirmation.",supports,supports,supports,True,supports,hausa,supports,supports,True,True,correct_to_correct
afrifact_data_culture_hausa_515,hausa,Sunna na nufin abinda Annabi (S.A.W) ya yi ko aka yi a gabansa bai hana ba.,"Asalin sunan ya zo ne daga kalmar Sunna , wato koyi da yin dukkan abun da Annabi (S.A.W.) ya aikata, ko ya yi umarni, da a aikata ko kuma aka aikata shi a gabansa amma baiyi hani akan abun da aka aikatan ba.",supports,supports,supports,True,hausa,Sunnah means what the Prophet (S.A.W) did or what was done before him did not prevent.,"The origin of the name comes from the word Sunna, that is to learn and do everything that the Prophet (S.A.W.) did, or ordered, to be done or was done before him but he did not prohibit what was done.",supports,supports,supports,True,supports,hausa,supports,supports,True,True,correct_to_correct
afrifact_data_culture_igbo_604,igbo,Ọnụọgụ mmadụ puku abụọ na itoolu anwụọla na mba Kenya n'ihi nje Ebola.,A na-eche na ọtụtụ mmadụ anwụọla na mpaghara Festac dị na Legọs a na-akpọ Abule Ado dịka igwe na-ebu gassị nwuru ọkụ ma gbaa ka ogbunigwe n'ụtụtụ Sọnde. Ebe a mberede a mere dị n'okpuru ọchịchi Amaọdofin. Onye ntaakụkọ BBC nọ n'ebe ahụ n'akọwa na-ana eme nyocha ka achọpụta ụdịrị mmanụ igwe ahụ bụ. Ndị ọrụ gbata gbata dị iche iche nọkwa ebe ahụ.,nei,nei,nei,True,igbo,"A total of 2,900 people have died in Kenya due to the Ebola virus.",Many people are believed to have died in the Festac area of ​​Lagos known as Abule Ado as a gas truck caught fire and exploded on Sunday morning. This place where the accident happened is under the command of Amadofin. A BBC reporter was there explaining and doing research to find out what kind of oil the machine was. Various international workers are also there.,nei,nei,nei,True,nei,igbo,nei,nei,True,True,correct_to_correct
afrifact_data_culture_igbo_029,igbo,Ozi a ha wepụtara adịghị n'akara twitter ha.,Nke a dị n'ozi ha wepụtara n'akara twitter ha.,refutes,refutes,refutes,True,igbo,This message they released is not on their twitter handle.,This is in a message they released on their twitter account.,refutes,refutes,refutes,True,refutes,igbo,refutes,refutes,True,True,correct_to_correct
afrifact_data_culture_yoruba_292,yoruba,Jude Chukwuka: Wò ó bí oríkì àwọn ìlú Yorùbá ṣe yọ̀ lẹ́nu ọmọ Igbo jú ọmọ onílùú lọ.,"Agba amofin naa gba awọn gomina mejeeji yii ni gbolohun nitori abẹwo ti wọn se sọdọ aarẹ Buhari lọjọru lori eto aabo to mẹhẹ nipa ọsẹ tawọn ọdaran darandaran n se. Bẹẹ ba gbagbe, gomina Makinde ati Akeredolu lo tọ Buhari lọ nilu Abuja lati beere fun afikun eto aabo to peye, nitori ọwọja awọn ọdaran darandaran to gogo nipinlẹ koowa wọn. Àwọn iròyin tì ẹ leè ní ìfẹ̀ síí: Makinde, to bawọn akọroyin sọrọ lẹyin ipade wọn pẹlu aarẹ si ni oun lo anfaani abẹwo naa lati beere fun agbekalẹ afikun ileesẹ ọlọpaa kogberegbe nipinlẹ toun. Ifọrọwerọ pẹlu Gani Adams lori ọrọ Sunday Igboho Amọ Falana, lasiko to n takurọsọ pẹlu awọn akọroyin ni, awọn gomina yiii ni ipese eto aabo to peye wa nikawọ wọn, pẹlu ileesẹ ọlọpaa, ko si yẹ ki wọn lọ sọdọ aarẹ. Agba amofin naa woye pe aarẹ lo n dari ileesẹ ologun nilẹ Naijiria, kii se ileesẹ ọlọpaa, ko ba si san ko jẹ pe ọdọ ajọ to n sakoso ileesẹ ọlọpaa nilẹ wa, ni wọn gbe ibeere wọn lọ.",nei,nei,nei,True,yoruba,Jude Chukwuka: Look at how the poetry of Yoruba cities is more pleasing to the Igbo than to the city dwellers.,"The senior lawyer accepted the two governors' sentence because of the visit they made to President Buhari in violation of the weak security system regarding the week that the herdsmen are doing. If you forget, governors Makinde and Akeredolu went to Buhari in Abuja to ask for an additional adequate security system, because of the number of herdsmen criminals in their state. The news made you more interested: Makinde, when he spoke to journalists after their meeting with the president, he used the opportunity of the visit to ask for the formation of an additional police station in the state. Discussion with Gani Adams on Sunday Igboho Amo Falana, when he was arguing with journalists, these governors have adequate security system, including the police, and they should not go to the president. The senior lawyer realized that the president is leading the military in Nigeria, not the police, and if it is not the youth of the organization that controls the police in our country, they will take their questions.",nei,nei,nei,True,nei,yoruba,nei,nei,True,True,correct_to_correct
afrifact_data_culture_yoruba_791,yoruba,Ẹ̀sìn ìsìláàmù jẹ́ àṣà tí Ọlọ́run ń lò láti fi ránṣẹ́ sí ànọ́bì kí àlàáfíà àti ìrọ̀rùn lè wà láàárín gbogbo ọmọnìyàn.," jẹ́ ẹ̀sìn àlááfíà,ìrọ̀rùn àti ìjupá-jusẹ̀ sílẹ̀ fún Ọlọ́run aṣẹ̀dá gbogbo ayé nípa ṣ́iṣe ìfẹ́ àti títèlé àṣẹ rẹ̀ yálà o tẹ́ ọ lọ́rùn tàbí kò tẹ́ ọ lọ́rùn. Ó tún jẹ́ ẹ̀sin tí Ọlọ́run tún fi ránṣẹ́ sí gbogbo ayé látọwọ́ àwọn òjíṣ̣́e rẹ̀ tó ti rán wá ṣáájú ànọ́bì ọmọ Abdullah (kí ìkẹ́ àti ọlà Ọlọ́hun ó ma bá a). ",refutes,supports,supports,False,yoruba,Islam is a practice that God uses to send a prophet so that there can be peace and ease among all people.,"is a religion of peace, simplicity and submission to God, the creator of the whole world by doing his will and following his command whether you like it or not. It is also a religion that God sent to the whole world through his messengers who sent us before the prophet Abdullah (may God bless him).",refutes,supports,supports,False,refutes,yoruba,supports,supports,False,False,wrong_to_wrong
afrifact_data_culture_yoruba_186,yoruba,Àwọn ọmọ ẹgbẹ́ PDP fẹ̀hónúhàn nílé ẹjọ́ gíga jùlọ lórí owó ìṣúná ẹ̀ka ìdájọ́.,"Àwọn ọmọ ẹgbẹ́ PDP fẹ̀hónúhàn nílé ẹjọ́ gíga jùlọ Iru ofin wo ni wọn fi n ṣe eto owo iṣuna ẹka idajọ tẹlẹ? Ṣaaju ki Aarẹ Buhari to o pa aṣẹ naa, awọn gomina ipinlẹ lo ma n sọ iye owo ti wọn yoo fun awọn ẹka ijọba yooku, to fi mọ yiyọnda owo naa fun wọn. O ma n farahan ninu aba owo isuna ti wọn n gbe lọ siwaju awọn aṣofin ipinlẹ.",supports,supports,supports,True,yoruba,PDP members protested at the Supreme Court on the budget of the judiciary.,"PDP members spoke at the supreme court What kind of law are they making the budget of the justice department before? Before President Buhari closed the order, the state governors used to say how much money they would give to other government departments, so that they know how much money will be given to them. It often appears in the budget proposals that are being presented to state legislators.",supports,nei,nei,False,supports,yoruba,supports,nei,True,False,correct_to_wrong
afrifact_data_culture_yoruba_295,yoruba,"Sunday Igboho ní pé àwọn Fulani kò leè dúró, táa bá lo ohun tí a jogún lọ́dọ̀ àwọ̀n bàbá ńlá wa.","Awọn ara adugbo naa ti wa rọ ijọba ipinlẹ Ọyọ lati tete da si ọrọ naa tori kii se igba akọkọ ree ti awọn ọmọ onilẹ yoo wa maa dun mahuru-mahuru mọ wọn lori ilẹ ti wọn ti ra lati ọdun gbọọrọ. Gẹgẹ bi iroyin naa ti wi, nigba ti BBC Yoruba kan si agbẹnusọ fun ileesẹ ọlọpa nipinlẹ Ọyọ, Olugbenga Fadeyi lati gbọ tẹnu rẹ, o ni ka pe oun pada laipẹ.",nei,nei,nei,True,yoruba,"Sunday Igboho said that the Fulani cannot stand, if we use what we inherited from our forefathers.","The people of the neighborhood have come to urge the Oyo state government to quickly intervene in the matter because it is not the first time that the children of the land will come and play mahuru-mahuru against them on the land they have bought for years. According to the report, when BBC Yoruba contacted the spokesperson for the police station in Oyo state, Olugbenga Fadeyi to hear his insistence, he said that he returned soon.",nei,nei,nei,True,nei,yoruba,nei,nei,True,True,correct_to_correct
afrifact_data_culture_yoruba_321,yoruba,"Àwọn arákùnrin kan figbe ta nígbà tí wọ́n gbọ́ pé ọmọ Buhari fẹ́ ṣe ìgbeyawò, kódà ọ̀kan lára wọn ní òun máa ṣekú pa ara òun bí òun kò bá ní oore-ọ̀rẹ́ láti fẹ́ arábìnrin náà.","Amọ oniruuru awọn ọkunrin lo ti jade sita lati kede ifẹ ti wọn ni si Hanan, ni kete ti wọn gbọ pe o fẹ se igbeyawo,to si wu wọn lati fi se aya wọn. Koda, ọkan lara wọn ni Abba Ahmed, ẹni to kede pe oun setan lati pa ara oun ti ọmọ aarẹ ba fi se igbeyawo lẹyin oun. Ọpẹlọpẹ ileesẹ ọlọpaa to parọwa si ọkunrin naa, ti ko fi se bo se wi. Nibayii, Abdullahi Bashir, ẹni ọdun mejilelogun to tun ti yọju sita lori itakun agbaye, to si ni aise alabapade ọmọ aarẹ nilu Abuja lati fẹ, da irẹwẹsi si oun lara. Amọ Bashir, tii se ẹlomiran to tun sẹsẹ kede ifẹ rẹ si Hanan loju opo itakun agbaye, ni to ba jẹ pe ọmọ aarẹ fẹ oun ni, maalu aadọjọ ni oun ko ba fi san owo ori rẹ. Sugbọn ọkunrin naa, ni kete to gbọ pe oloruka ti gba oruka, ti Hanan si ti lọ sile ọkọ rẹ, lo ba gba fun Ọlọrun. Bashir, tii se darandaran nipinlẹ Adamawa lo kede pe oun ti yofẹ pẹlu ọmọ aarẹ ati awọn aworan fọto to n ya. O ni to ba see se ni, obinrin naa lo wu oun lati fi se aya. Iléeṣẹ́ Ọlọ́pàá dènà ọkùnrin tó fẹ́ pa ara rẹ̀ nítorí ọmọbìnrin Buhari Saaju la ti kọkọ mu iroyin wa fun yin pe ileeṣẹ ọlọpaa ni ipinlẹ Kano ni oun ti pẹtu sinu arakunrin kan, Abba Ahmed, to ni oun yoo pa ara oun ti ọmọ aarẹ Buhari, Hanan ko ba fẹ oun. Ahmed ti fi lede bayii pe oun ti jawọ ninu ero bẹẹ, nitori o ti han gbangba pe iru ero bẹẹ ko dara rara, ati wi pe ko fihan pe oun fẹran Hanan.",supports,supports,supports,True,yoruba,"Some brothers cried when they heard that Buhari's son wanted to marry, even one of them said that he would kill himself if he did not have the grace to marry the sister.","All kinds of men came out to declare their love for Hanan, as soon as they heard that he wanted to get married, and they wanted to make him their wife. However, one of them is Abba Ahmed, who announced that he is ready to kill himself if the president's son marries after him. The police officer who persuaded the man, who did not say anything. Meanwhile, Abdullahi Bashir, a twenty-two-year-old who has also emerged on the international scene, and who has not met the president's son in Abuja to marry, expressed his disappointment. Amo Bashir, who has yet to declare his love for Hanan on the world stage, if the president's son wants her, he will not pay her tribute. But the man, as soon as he heard that the ring bearer had taken the ring, and that Hanan had left her husband, he took it for God. Bashir, a herdsman in Adamawa state, announced that he was in love with the president's son and that he was taking photos. He said that if he can do it, the woman he wants to marry. The Police stopped the man who wanted to kill himself because of Buhari's daughter Before we first brought you the news that the police station in Kano state has been involved in a brother, Abba Ahmed, who said he would kill himself if President Buhari's son Hanan did not marry him. Ahmed has now announced that he has given up on such an idea, because it is clear that such an idea is not good at all, and said that it does not show that he likes Hanan.",supports,supports,supports,True,supports,yoruba,supports,supports,True,True,correct_to_correct
afrifact_data_culture_igbo_002,igbo,Ndị edemede America na Dreux Richard bi na Okwe iji mezue ederede ya mgbe ọ nọ Naijiria.,Onye edemede America na onye edemede Dreux Richard bi na Okwe iji mezue ederede ya mgbe ọ nọ na Naijiria.,supports,supports,supports,True,igbo,American writer Dreux Richard lived in Okwe to complete his writing while in Nigeria.,American author and writer Dreux Richard lives in Okwe to complete his writing while in Nigeria.,supports,supports,supports,True,supports,igbo,supports,supports,True,True,correct_to_correct
afrifact_data_culture_hausa_403,hausa,Babu bambanci tsakanin ambaton Musa da Yesu a Al-Qur’ani.,"A Musulunci, Musa fitaccen Annabi ne kuma manzon Allah kuma mutum ne da aka fi ambata a cikin Alkur’ani, inda aka ambaci sunansa har sau 136, an kuma ba da labarin rayuwarsa fiye da na kowane Annabi. Ana ɗaukan Yesu wani annabi mai muhimmanci tare da haihuwarsa mara uba, (66:12, 21:89) na musamman tare da furcin da aka yi amfani da shi a gare shi, kamar “kalmar” da “ruhu” daga wurin Allah da kuma sura da aka keɓe ga uwarsa Maryamu a cikin Littafi Mai Tsarki.",refutes,refutes,refutes,True,hausa,There is no difference between the mention of Moses and Jesus in the Qur'an.,"In Islam, Musa is a prominent prophet and the messenger of God and he is the most mentioned person in the Qur'an, where his name is mentioned 136 times, and the story of his life has been told more than that of any other prophet. Jesus is considered an important prophet with his birth without a father, (66:12, 21:89) especially with the expressions used for him, such as ""the word"" and ""spirit"" from God and the chapter dedicated to his mother Mary in the Bible.",refutes,refutes,refutes,True,refutes,hausa,refutes,refutes,True,True,correct_to_correct
afrifact_data_culture_yoruba_774,yoruba,Lára àwọn òrìṣà tí Olódùmarè rán wá láti ìkọ̀lé ọ̀run sí ayé ni Èṣù. Ó sì wà láàárín àwọn ibọ ìran Yorùbá.,"Èṣù jẹ́ ọ̀kan lára àwọn tí àwọn ìran Yorùbá ń bọ. Ó wà lára àwọn òrìṣà tí Olódùmarè rán láti ìkọ̀lé ọ̀run wá sí ayé. Èṣù ni a lè pè ní olópàá tàbí agbófiró àwọn òrìṣà yòókù tí Olódùmarè rán. Ìdí nipé òun ní o máa rí i dájú pé wọ́n tèlé òfin. Bí ó tilẹ̀ jẹ́ pé orúkọ Eṣù tí yàtọ̀ láti orílè-èdè kan sí òmíràn, ọ̀nà tí wọ́n ń gbà sìn í kò yàtọ̀.",supports,supports,supports,True,yoruba,Among the gods sent by the Almighty from the creation of the heavens to the earth is the Èṣù. And he is among the Yoruba people.,"The Èṣù is one of those that the Yoruba generations are coming. He is one of the gods that the Almighty sent from heaven to earth. The Èṣù can be called the policeman or the enforcer of other gods sent by the Almighty. Because he will make sure that they follow the law. Although the name of the devil is different from one country to another, the way they worship him is not different.",supports,supports,supports,True,supports,yoruba,supports,supports,True,True,correct_to_correct
afrifact_data_culture_hausa_064,hausa,Sarauniya Amina ta samu sarautar Zazzau a shekarar 1533.,"Sarauniya Amina Sarauniyar Zazzau, ta rayu daga shekara ta alif 1533 zuwa shekara ta alif 1610, ɗaya ce daga cikin yara biyu da sarkin Bakwa ya haifa.",refutes,supports,supports,False,hausa,Queen Amina got the throne of Zazzau in 1533.,"Queen Amina, Queen of Zazzau, lived from the year 1533 to the year 1610, she was one of the two children born to the king of Bakwa.",refutes,nei,nei,False,refutes,hausa,supports,nei,False,False,wrong_to_wrong
afrifact_data_culture_yoruba_121,yoruba,Dangote ni ẹni tí ó kọ́kọ́ ní ilé-iṣẹ́ Ìfọpo ní orílẹ̀-èdè Nàìjííríà.,Ẹ̀wà Àgànyìn jẹ́ oúnjẹ àdúgbò tí ó wọ́pọ̀ ní ọ̀pọ̀lọpọ̀ ìpínlẹ̀ ní orílẹ̀-èdè pàá pàá jùlọ Wọ́n ma ń sábà se ẹ̀wà yí kí ó rọ̀ tàbí kí ó fọ́ dára dára .,nei,nei,nei,True,yoruba,Dangote was the first person in Nigeria to have a joint venture.,Ewa Aganinh is a local food that is common in many states in the country especially.,nei,nei,nei,True,nei,yoruba,nei,nei,True,True,correct_to_correct
afrifact_data_culture_igbo_379,igbo,Ndị na-achịkwa Ahịa Main Market Ọnicha ruo taata bụ ndị National Union of Road Transport Workers (NURTW).,Ndị na achịkwa ma na elekọta ahịa ahụ bụ otu a na akpọ na bekee Onitsha Market Traders Association (OMATA).,refutes,nei,nei,False,igbo,The Main Market is currently controlled by the National Union of Road Transport Workers (NURTW).,The people who manage and manage the market are the Onitsha Market Traders Association (OMATA).,refutes,refutes,refutes,True,refutes,igbo,nei,refutes,False,True,wrong_to_correct
afrifact_data_culture_yoruba_731,yoruba,"Ernest wà ní ipò láti ọjọ́ mẹ́rindínlọ́gbọ̀n, oṣù kẹjọ, ọdún 1993 títí dé ọjọ́ kẹ́tadínlógún, oṣù kọkànlá ọdún 1993 tí ó fi fẹ̀yìn tì.","Ernest Adégúnlé Oládéìǹdé Shónèkàn, ( ọjọ́ kẹẹ̀sán, oṣù Ebi ọdún1936 ní , orílẹ̀-èdè ) jẹ́ agbejọ́rò ará ilẹ̀ Nàìjíríà. Shónékà jẹ́ fún ìgbà díẹ̀ láti ọjọ mẹ́rìndínlọ́gbọ̀n, oṣù kẹ́jọ, ọdún 1993 títí dé ọjọ́ kẹtàdínlógún, oṣù kọkànlá, ọdún 1993 tí ọ̀gágun fipa gbà joba lọ́wọ́ rẹ̀.",supports,supports,supports,True,yoruba,"Ernest was in office from the twenty-sixth day of August, 1993 until the seventeenth day of November, 1993 when he retired.","Ernest Adégúnlé Oladéindé Shonekán, (9th day, month of Ebi year 1936 in , country ) is a Nigerian lawyer. Shoneka was for a short time from the twenty-sixth day of the eighth month of 1993 until the seventeenth day of the eleventh month of 1993 when the general took over from him.",supports,nei,nei,False,supports,yoruba,supports,nei,True,False,correct_to_wrong
afrifact_data_culture_hausa_579,hausa,Duk farkon damuna manoma na yin amfani da lauje wurin cire ƙiraren ciyawa da suka bushe.,"Haka kuma suna wani karin magana ""akwai lauje cikin naɗi"" ma'ana in kaji bahaushe yace akwai lauje cikin naɗi, kenan akwai wani munafunci.",nei,nei,nei,True,hausa,"Every early winter, farmers use a shovel to remove the dried grass.","They also have a proverb ""there is a lie in the name"" which means if you hear a bahasa say there is a lie in the name, then there is some hypocrisy.",nei,nei,nei,True,nei,hausa,nei,nei,True,True,correct_to_correct
afrifact_data_culture_yoruba_763,yoruba,"Ní àgbáyé, ọbẹ̀ jẹ́ ohun pàtàkì nínú oúnjẹ tí ènìyàn ń jẹ láti lókun.","Ọbẹ̀ Oha jẹ́ ọbẹ̀ tó wọ́pọ̀ ní apá gúúsù mọ́ ìlà-oòrùn orílẹ̀-èdè . Ọbẹ̀ oha jẹ́ ọbẹ̀ agbègbè Ìlà-oòrùn, tó sì jẹ́ pé àwọn ará Íbò ni wọ́n sábà máa ń sè é, láti ará igi ewébẹ̀ láéláé tí orúkọ sáyẹ́ńsì rẹ̀ ń ṣe Pterocarpus mildraedii ni ọbẹ̀ náà ti ṣẹ̀.",nei,nei,nei,True,yoruba,"In the world, soup is an important part of the diet that people eat to strengthen.","Oha soup is a common soup in the south and east of the country. Oha soup is a soup of the Eastern region, and it is usually cooked by the people of Ibo, from the evergreen tree whose scientific name is Pterocarpus mildraedii.",nei,nei,nei,True,nei,yoruba,nei,nei,True,True,correct_to_correct
afrifact_data_culture_hausa_338,hausa,Super Eagles sun lashe Gasar Cin Kofin Afirka ta farko,"Baturen Ingila ne ya fara gabatar da kwallon kafa a Najeriya a farkon karni na ashirin.Wasan kwallon kafa na farko da aka yi rikodin a Nijeriya shi ne a shekara ta Alif 1904. Zuwa shekarar ta 1950, kwallon kafa ta zama wasan kasa na kasar. A wannan lokacin a tarihin Afirka, ƙasashe da yawa sun fara shiga cikin ƙungiyoyin kishin ƙasa inda suka nuna rashin amincewa da ikon mulkin mallaka.A Najeriya, kwallon kafa ta bai wa 'yan kasa abin alfahari na kasa tare da zaburar da su don samun' yancin siyasa.",nei,nei,nei,True,hausa,The Super Eagles won the first African Cup of Nations,"The Englishman introduced football in Nigeria at the beginning of the twentieth century. The first recorded football game in Nigeria was in the year 1904. By 1950, football became the national sport of the country. At this time in the history of Africa, many countries started participating in nationalist movements where they protested against the colonial power. In Nigeria, football gave the citizens a sense of national pride and inspired them to get political freedom.",nei,nei,nei,True,nei,hausa,nei,nei,True,True,correct_to_correct
afrifact_data_culture_hausa_266,hausa,Jerin sunanyen wannan shekar ya fito daga ofishin shugaban makaranta.,"Ana haɗa shi da ko miyar taushe ko miyar wajen ci. . Wato tuwon shinkafa yana ɗaya daga cikin abincin gargajiya, saboda shi ma akan haɗa shi da garin masara wani sa’in. Amma mafi akasari wasu ba sa sa wa, sannan sunan tuwon shinkafa ya samo asali ne daga shinkafar da ake yinsa da ita.",nei,nei,nei,True,hausa,This year's list comes from the school principal's office.,"It is mixed with either soft soup or soup to eat. . That is, tuwon rice is one of the traditional foods, because it is also mixed with corn flour sometimes. But most of the time some people don't wear it, and the name of the rice bowl is derived from the rice it is made with.",nei,nei,nei,True,nei,hausa,nei,nei,True,True,correct_to_correct
afrifact_data_culture_yoruba_454,yoruba,"Ìṣẹ̀lẹ̀ yìí mú Bisi Fayemi sunkún nítorí ìṣẹ̀lẹ̀ yìí ti ṣẹlẹ̀ sí òun náà rí, lásìkò tó wà ní ilé-ẹ̀kọ́ gíga.","Akori fidio naa lo pe ni 'Ibalopọ fun maaki' tawọn oloyinbo n pe ni 'Sex for Grades', eyi to ti n mu ki oju awọn opo itakun agbaye gbona jain-jain. Ẹkunrẹrẹ fidio oniwakati kan ti BBC fisita nirọlẹ ọjọ Aje naa ree: End of YouTube post, 1 Bi o tilẹ jẹ pe fidio onisẹju mẹtala pere ni BBC kọkọ ju sori afẹfẹ nidaji ọjọ Aje naa, lawọn oju opo ikansira ẹni rẹ lori itakun agbaye, eyi ti BBC Yoruba ko gbẹyin nibẹ, amọ nigba ti yoo fi di aago meje irọlẹ ọjọ naa, ẹkunrẹrẹ fidio naa, to jẹ oniwakati kan ti gba afẹfẹ kan. Àwọn iròyin tì ẹ leè ní ìfẹ̀ síí: Olukọ kan lati fasiti Eko, UNILAG, Ọmọwe Boniface Igbenegbu pẹlu akẹẹgbẹ rẹ ni fasiti Ghana, Ọmọwe Paul Butakor, ni wọn foju han ninu fidio naa, amọ fidio oniwakati kan yii lo tun fi oju awọn olukọ meji miran han to n kopa ninu iwa idojutini yii lati fasiti mejeeji taa darukọ siwaju naa.",nei,nei,nei,True,yoruba,"This incident made Bisi Fayemi cry because this incident had happened to him before, when he was in high school.","The theme of the video is called 'Sex for Grades', which is known as 'Sex for Grades', which is causing the eyes of the world's most influential people to warm up. Full video of a one-hour broadcast by the BBC in the evening of Monday: End of YouTube post, 1 Although the BBC first threw a thirteen-minute video on the air in the middle of the day of Monday, with its personal commentary on the global impact, which BBC Yoruba did not last there, but when it will be 7 o'clock in the evening of the day, the full video, which is one hour, has been aired. The news makes you want more: A teacher from the University of Lagos, UNILAG, Student Boniface Igbenegbu and his colleague from the University of Ghana, Student Paul Butakor, were seen in the video, but this one-hour video also shows the faces of two other teachers who are participating in this disgraceful act from both universities mentioned before.",nei,nei,nei,True,nei,yoruba,nei,nei,True,True,correct_to_correct
afrifact_data_culture_yoruba_298,yoruba,Obateru Akinruntan sọ wí pé wíwá ohun tí àwọn máa jẹ ló gbé àwọn kúrò ní Ilé-Ifè.,"Sunday Igboho gba àwọn èèyàn Soka n'Ibadan sílẹ̀ lọ́wọ́ àwọn ọmọ onílẹ̀ tó wá ṣọṣẹ́ Ọrọ di boo lọ, ko yago fun mi ladugbo Soka nilu Ibadan lasiko ti gende meji to gbe ohun ija oloro lọwọ, ti wọn pe ara wọn ni ọmọ onilẹ ya bo agbegbe naa. Owurọ ọjọ Isẹgun ana niroyin gba igboro Ibadan kan, tawọn eeyan si n pe sori redio gbogbo nilu naa pe ẹmi awọn eeyan to n gbe ladugbo naa ko de tori awọn gende agbebọn to ya bo wọn. Àwọn iròyin tì ẹ leè ní ìfẹ̀ síí: A gbọ pe se ni iro ibọn n dun lakọ-lakọ, tawọn eeyan si n sa asala fun ẹmi lasiko ti awọn ọmọ onilẹ ọhun ni ki awọn onile gbe ile wọn kuro lori ilẹ awọn. Se lawọn ọmọde ati agba, alaboyun ati awọn iyalọmọ, to fi mọ awọn arugbo n sa asala fun ẹmi wọn, ti awọn to si laya lati beere pe ki lo fa isẹlẹ naa, jẹ ajẹkun iya. Ẹnikan ti isẹlẹ naa soju rẹ salaye pe ọpẹlọpẹ asaaju ọmọ Yoruba kan, Oloye Sunday Adeyẹmọ, ti gbogbo eeyan mọ si Sunday Igboho to tete de sadugbo ọhun lasiko ti laasigbo naa gbona janin-jani. A gbọ pe Igboho ati ọkunrin kan ti wọn pe orukọ rẹ Babatunde Arowolo, ti gbogbo eeyan mọ si Bako, lo de lasiko lati gba awọn eeyan adugbo naa silẹ, ni kete ti aawọn ọmọ onilẹ naa si foju gaani rẹ, ni wọn ba juba ehoro.",nei,nei,nei,True,yoruba,Obateru Akinruntan said that finding something to eat drove them away from Ilé-Ifè.,"Sunday Igboho rescued the people of Soka in Ibadan from the natives who came to attack the word, he did not avoid me immediately in Soka in Ibadan when two gangs carrying deadly weapons, who called themselves the natives, invaded the area. In the morning of Isgun yesterday, news spread across the streets of Ibadan, and people were calling on the radio all over the city that the lives of the people living in the fields were not reached because of the gunmen who attacked them. The news made you want more: We heard that the gunshots were ringing first, and people were running for their lives when the children of the landowners asked the landowners to move their houses off their land. The children and the elderly, the pregnant women and the children, who knew the old people were running for their lives, and those who dared to ask that they cause the incident, are mother's pieces. A person who witnessed the incident explained that thanks to a Yoruba leader, Oloye Sunday Adeyemmo, known to all as Sunday Igboho, who arrived earlier, things were very hot at the time. We heard that Igboho and a man called Babatunde Arowolo, known to everyone as Bako, came in time to save the people of the neighborhood, and when the natives ignored him, they killed the rabbit.",nei,nei,nei,True,nei,yoruba,nei,nei,True,True,correct_to_correct
afrifact_data_culture_yoruba_179,yoruba,"Òrìṣà ńlá tí wọ́n máa ń gbóríyìn fún ni Ṣági fún agbára rẹ̀ láti lè pèsè owó, ọlá, àti àṣeyọrí fún àwọn olùsìn rẹ̀.","Àwọn Yorùbá gbà gbọ́ pé Olókun ní ó bí Aje, èyí tí ó jẹ́ Òrìsà fún Ọrọ̀, Ọlá, tí ó wà ní ìsàlẹ̀ òkun. Olókun jẹ́ òrìsà tí ó ń darí àwọn ohun tí ó wà lábé Omi òkun, Ó sí jẹ́ òrìsà tí ó lágbára jù gbogbo ohùn tí ó wà lábé Omi òkun tàbí àwọn òrìṣà kékéèèké tí ó wà lábé Omi òkun. Olókun jẹ́ Òrìsà nlá tí wọn máa ń gbórínyìn fún nípa bí ó ti lágbára láti fún àwọn olúsín rẹ ní Owó, Ọlá, Ọrọ̀, àti àṣeyọrí nígbà tí wọn bá kìí tán. ",refutes,supports,supports,False,yoruba,"Sági is a great deity who is praised for his ability to provide money, honor, and success to his worshippers.","The Yorubas believe that Olokun gave birth to Aje, which is the God of Wealth, Ola, who is at the bottom of the sea. Olokun is the god who controls the things under the sea, and he is the god who is stronger than all the voices under the sea or the small gods who are under the sea. Olokun is a great God who is praised for his ability to give his worshipers Money, Honor, Wealth, and success when they are not finished.",refutes,nei,nei,False,refutes,yoruba,supports,nei,False,False,wrong_to_wrong
afrifact_data_culture_yoruba_596,yoruba,Adebayo Shittu je mínísítà fún ètò ìbánisọ̀rọ̀ ní Nàìjíríà láti ọdún 2017 sí ọdún 2019.,"Adebayo Shittu jẹ́ minisita fún ètò ìbánisọ̀rọ̀ ní Nàìjíríà tẹ́lẹ̀ láàárín ọdún 2011 sí 2019 lábẹ́ Ààrẹ tẹ́lẹ̀ rí. Shittu lo rọpo gege bi minisita fun eto ibanisoro, Isa Ali Pantami lo tele.",refutes,supports,supports,False,yoruba,Adebayo Shittu was the Minister of Communications in Nigeria from 2017 to 2019.,"Adebayo Shittu was the former Minister of Communications in Nigeria between 2011 and 2019 under the former President. Shittu was replaced as minister for communication, followed by Isa Ali Pantami.",refutes,nei,nei,False,refutes,yoruba,supports,nei,False,False,wrong_to_wrong
afrifact_data_culture_igbo_616,igbo,Pompeo achọtaghị akwụkwọ na-egosi mmekọrịta ochịchị Trump na mba Ukren.,"Gọọmentị chọburu ka e lie Mugabe ebe a na-eli ndị dike obodo ji biri, mana ezinụlọ ya ekweghị. Ha kwuru na Mugabe chọrọ ka ili ya na nke nne ya bụ Bona dịkọta nso. Onweghị onye ọrụ gọọmentị gbalitere n'ọkwa bịara olili Mugabe. Nwunye ya bụ Grace nakwa ụmụ ya socha duru akpati ya ruo mgbe a dọnyere ya n'ala. ",nei,nei,nei,True,igbo,Pompeo did not find documents showing the Trump administration's relationship with Ukraine.,"The government had wanted Mugabe to be buried in the country's heroes' cemetery, but his family refused. They said that Mugabe wanted his grave and that of his mother Bona to be close together. No high-ranking official attended Mugabe's funeral. His wife Grace and his children carried his coffin until it was placed on the ground.",nei,nei,nei,True,nei,igbo,nei,nei,True,True,correct_to_correct
afrifact_data_culture_igbo_739,igbo,Mansur Dan-Ali nyere ndị agha Naịjirịa iwu ịkwaga Borno ngwangwa.,Ndị agha kwaga Borno ozugbo! Muhammadu Buhari na ndị isi agha Naịjirịa Gọọmenti etiti enyela ọchịagha Tukur Buratai iwu ya kwara ngwongwo ya gafee n'ọwaanyụ nke ukwu awusa ka ọ ga mara ebe ya bụ asuruasu dowere akaodo. Minista na ahụ maka ndị agha bụ Mansur Dan-Ali kwuputara nke a n'Abuja ụnyahụ.,refutes,nei,nei,False,igbo,Mansur Dan-Ali ordered the Nigerian army to move to Borno immediately.,"Soldiers move to Borno immediately! Muhammadu Buhari and the Nigerian military leaders, the Federal Government has ordered Commander Tukur Buratai to take his belongings across the Great Awasa so that he will know where he is. The Minister of Defense, Mansur Dan-Ali, disclosed this in Abuja yesterday.",refutes,nei,nei,False,refutes,igbo,nei,nei,False,False,wrong_to_wrong
afrifact_data_culture_yoruba_051,yoruba,"Ọ̀kà-Àkókó, Ọ̀bà, Ikun, Arigidi, Ùgbẹ̀, Ọ̀gbàgì, Òkèàgbè jẹ́ àpẹẹrẹ àwọn ìlú tí a lè bá pàdé lábẹ́ ẹ̀yà Àkókó.","Díẹ̀ lára àwọn ìlú tí wọ́n wà ní abẹ́ Àkókó ni: Ọ̀kà-Àkókó, , Ọ̀bà, Ikun, Arigidi, Ùgbẹ̀, Ọ̀gbàgì, Òkèàgbè, Ìkárám, Ìbárám, Iyani, Àkùngbá, Erúṣú, Àjọwá, Àkùnù, Gedegede, Ìsùà, Àuga, Ìkakúmọ́, Ṣúpárè, Ẹpìnmì, Ìpè, Ìfira, Ìsẹ̀, Ìbòròpa, Ìrùn, Iye, Afin, Ìgáṣì, Ṣósàn, Ìpèsì, Etíòro, Ayégúnlẹ̀, Erítí àti Oyín Àkókó.",supports,supports,supports,True,yoruba,"Oka-Akoko, Oba, Ikun, Arigidi, Ugge, Ogbagi, Okeagbe are examples of towns that can be found under the Akoko tribe.","Some of the towns under Akoko are: Oka-Akoko, , Oba, Ikun, Arigidi, Ugge, Ogbagi, Okeagebe, Ikram, Ibaram, Iyani, Akungba, Erusu, Ajwwa, Akunu, Gedegede, Isua, Auga, Ikakumou, Supare, Epinmi, Ipe, Ifira, Action, Ibolopa, Odor, Value, Afin, Igasa, Sosan, Ipesi, Etioro, Ayegunle, Eriti and Oyin Akoko.",supports,supports,supports,True,supports,yoruba,supports,supports,True,True,correct_to_correct
afrifact_data_culture_hausa_339,hausa,Najeriya ta buga wasan farko a gasar cin Kofin Afirka a shekarar 1963,"Baturen Ingila ne ya fara gabatar da kwallon kafa a Najeriya a farkon karni na ashirin.Wasan kwallon kafa na farko da aka yi rikodin a Nijeriya shi ne a shekara ta Alif 1904. Zuwa shekarar ta 1950, kwallon kafa ta zama wasan kasa na kasar. A wannan lokacin a tarihin Afirka, ƙasashe da yawa sun fara shiga cikin ƙungiyoyin kishin ƙasa inda suka nuna rashin amincewa da ikon mulkin mallaka.A Najeriya, kwallon kafa ta bai wa 'yan kasa abin alfahari na kasa tare da zaburar da su don samun' yancin siyasa.",nei,nei,nei,True,hausa,Nigeria played its first match in the African Cup of Nations in 1963,"The Englishman introduced football in Nigeria at the beginning of the twentieth century. The first recorded football game in Nigeria was in the year 1904. By 1950, football became the national sport of the country. At this time in the history of Africa, many countries started participating in nationalist movements where they protested against the colonial power. In Nigeria, football gave the citizens a sense of national pride and inspired them to get political freedom.",nei,nei,nei,True,nei,hausa,nei,nei,True,True,correct_to_correct
afrifact_data_culture_yoruba_017,yoruba,Aganjú jẹ́ iya Sango àti ìyá Àjàká tí wọ́n jọ jọba ní ìlú Ọ̀yọ́ ri.,"Aganjú tàbí Aganyú ni òdò awon elédèè Spanish ni wón ń pè ní . Wón gbà pé ó ń ṣíṣe pọ̀ pẹ̀lú nínú Ẹsin ti àwọn Cuban, èyí tí wọ́n ń pè ní Santería. Wọ́n gbàgbọ́ pé Aganjú ni àjọṣe pẹ̀lú Òrìsà ṣàǹgó. Gẹ́gẹ́ bí Ọba ní Ọ̀yọ́ rí, Aganju jẹ́ ọmọ Ẹ̀gbọ́n Ṣàǹgó tí orúkọ rẹ̀ ń jẹ́ Àjàká. Èyí tí ó jẹ́ pé àwọn méjèèjì tí fi ìgbà kan jẹ́ Ọba ìlú Ọ̀yọ́ rí tí wọ́n ti ìpàṣẹ rẹ̀ di Òrìṣà tí wọ́n ń bọ.",refutes,nei,nei,False,yoruba,Aganju is the mother of Sango and the mother of Ajaka who ruled together in the city of Oyo.,"Aganju or Aganyú is the river of the Spanish natives. They believe that he is working together in the Religion of the Cuban people, which they call Santería. They believe that Aganju is related to the Goddess Aganju. As the King in Oyo, Aganju is the son of Shango's uncle whose name is Ajaka. Which is that the two who were once the King of the city of Oyo have become the future Gods at his command.",refutes,refutes,refutes,True,refutes,yoruba,nei,refutes,False,True,wrong_to_correct
afrifact_data_culture_igbo_609,igbo,Esemokwu dị n'etiti n̄ọchịchị Naịjirịa na Nnamdị Kanu. Nke mere ka gọọmentị Naịjirịa tụọ ya nga ndụ.," Ụmụnna - Ndị a bụ ụmụnwoke ụmụọkpala si n'ezinaụlọ dị icheiche n'obodo. Ha bụ ndị na-eme mkpebi gbasara okwu dị icheiche n'obodo etu o si gbasara agamnihu na ọdịmma obodo. Ndị ụmụnna ka a na-ekpesara ma onye ọbụla mee ihe ọjọọ, ha bụ ndị na-aga n'ọnụ arụsị ịchọpụta ihe arụsị na-ekwu gbasara obodo maọbụ gbasara ezinaụlọ ha.",nei,nei,nei,True,igbo,There is a conflict between the Nigerian government and Nnamdi Kanu. That made the Nigerian government sentence him to life imprisonment.,"Brothers - These are the noble men from different families in the village. They are the people who make decisions about various issues in the country as it pertains to the development and welfare of the country. The brothers are preached to if anyone does something wrong, they are the ones who go to the idols to find out what the idols say about the country or about their family.",nei,nei,nei,True,nei,igbo,nei,nei,True,True,correct_to_correct
afrifact_data_culture_yoruba_339,yoruba,"Ìròyìn fi lélẹ̀ pé ọ̀rẹ́ kòríkòsùn ní àwọn olorì méjèèjì yìí, tí wọ́n sì jọ máa ń wọ àǹkóò lọ sóde ní gbogbo ìgbà.","Mo ki ara mi ku oriire, mo si gba adura pe ki Ọlọrun tubọ maa bukun fun mi siwaju si. Emi ni iya onile tuntun lọwọlọwọ laarin igboro."" Iroyin ohun to n lọ fi ye ni pe kori-kosun ni Olori Folashade ati Olori Omowunmi, ti ajọsepọ to dan mọran si wa ni aarin awọn mejeeji. Ankoo asọ ni wọn maa n wọ lọ sode nigba gbogbo, ti wọn si maa n dijọ ya aworan papọ lori ayelujara lati fi han araye pe ọrẹ gidi ni awọn laafin Oyo. Bakan naa ni Olori Omowunmi fidi rẹ mulẹ pe kii se oun nikan ni oun gba ẹbun ile alarinrin yii, nitori ọrọ to sẹsẹ kọ soju opo Instagram rẹ lo sisọ loju eyi. Olori Omowunmi mi oun ati Olori Folashade ko sẹsẹ maa pe ara awọn ni oloriire julọ laarin awọn obinrin. ",supports,nei,nei,False,yoruba,"Reports say that these two leaders are good friends, and they go out together all the time.","I congratulate myself and pray that God will continue to bless me. I am the new mother of the house in the middle of the street."" The news that is going to be understood is that the head of Folashade and the head of Omowunmi, who is familiar with the organization between the two of them. They always go hunting, and they often take pictures together on the internet to show the world that the Oyo women are real friends. Also, the head of Omowunmi confirmed that he is not the only one. He won this amazing house because of the words he wrote on Instagram.",supports,supports,supports,True,supports,yoruba,nei,supports,False,True,wrong_to_correct
afrifact_data_culture_igbo_552,igbo,Davido kwuru na enyi ya nwaanyị bụ Chioma nwere ọrịa coronavirus. Davido matara ọrịa enyi ya nwaanyị mgbe ha si London lọta.,Davido kọwara na ọ bu dịka o si njem Lọndọn lọta were mee nyocha ka ha chọpụtara na Chioma bụ coronavirus. Nwa ha nwoke ebughị ya bụ ọrịa. O kwuru na-ahu siri Chioma ike dịka o dopụrụ onwe ya ma na anata ọgwụgwọ.,supports,nei,nei,False,igbo,Davido said his girlfriend Chioma has the coronavirus. Davido learned of his girlfriend's illness when they returned from London.,Davido explained that it was after he returned from a trip to London that they discovered that Chioma had the coronavirus. Their son did not carry the disease. He said that Chioma is strong as she has kept herself and is receiving treatment.,supports,supports,supports,True,supports,igbo,nei,supports,False,True,wrong_to_correct
afrifact_data_culture_igbo_765,igbo,Gọọmentị Naịjerịa na-achọ ụzọ ha ga-esi ebite ego ha ga-etinye n'ọrụ ugbo.,"Mmefu ego gọọmentị na ịkwụghachi ego mbite na-arị elu mana ego dị n'akpaego obodo ejirila pasentị 45 ghara iru ihe o kwesiri kemgbe afọ 2015. N'agbanyeghi nke a, onyeisiala Naịjirịa ebunyela ụlọọrụ na-elekọta ụgwọ ụtụ isi ukpa ekele maka iwulite ọnụ ọgụgụ ndị na-akwụ ụgwọ ụtụ isi kemgbe afọ 2015.",nei,nei,nei,True,igbo,The Nigerian government is looking for ways to increase their investment in agriculture.,"Government spending and loan repayments are on the rise but the money in the public treasury has been 45 percent short of what it should have been since 2015. Despite this, the president of Nigeria has commissioned a company to manage tax payments thanks to the increase in the number of tax payers since 2015.",nei,nei,nei,True,nei,igbo,nei,nei,True,True,correct_to_correct
afrifact_data_culture_yoruba_528,yoruba,Wizkid jẹ́ ọ̀kan lára àwọn olórin tàkásúfẹ̀ẹ́  Afro Beat tó wà ní orílẹ̀-èdè Nàìjíríà.,Orin Takasufe Afro kíkọ lọ́nà àrà Ọpọlọpọ ọmọ Naijiria lo ti gbe ògo orin Takasufe ti wọn n pe ni Afro Beats ga nile ati lẹyin odi. Wizkid jẹ ọkan lara awọn ọdọmọde olowo to bẹrẹ orin kikọ lọmọ ọdun 11 nile ijọsin Eyi tun pegede si ti orin oloogbe Fela Anikulapo Kuti to n kọ Afro Beat nigba aye rẹ ninu eyi to ti ṣadapọ orin alariwo ati takasufe papọ.,supports,supports,supports,True,yoruba,Wizkid is one of the best Afro Beat musicians in Nigeria.,Takasufe's Afro music sung in a traditional way Many Nigerians have raised the glory of Takasufe's music which they call Afro Beats at home and abroad. Wizkid is one of the rich youths who started writing music at the age of 11 in church. This is also similar to the music of the late Fela Anikulapo Kuti who was writing Afro Beat during his life in which he has mixed loud music and takasufe together.,supports,nei,nei,False,supports,yoruba,supports,nei,True,False,correct_to_wrong
afrifact_data_culture_igbo_624,igbo,Mmadụ iri asaa na asatọ nọ n'ime ụgbọelu Sibera Airlines si obodo Tel Aviv aga obodo Novobirsk Rọshịa nwụrụ ka ugbọelu ha dabara n'oshimiri ojii. Ndị agha Ukren gọrọ na aka ha adịghị ya mechaa kweta na aka ha dị na ya.,"Otu ụgbọelu Siberia Airlines plane si obodo Tel Aviv dị na Esrel aga obodo Novosibirsk, dị na Rọshia oge agbaturu ya. Ụgbọelu a dabara n'ime oshimiri ojii. Mmadụ 78 nọ n'ime ya nwụrụ. Ndị agha Ukren kwuburu na aka ha adịghị ya mana ha mechara kwenyere na ọ bụ ha. Ha sị na ọ bụ ka a na-akuziri ndị agha ka ihe mere.",supports,supports,supports,True,igbo,"Seventy-eight people on board a Sibera Airlines flight from Tel Aviv to Novobirsk, Russia died when their plane crashed into the Black River. The Ukrainian military denied that they had anything to do with it and later admitted that they did.","A Siberia Airlines plane was flying from Tel Aviv, Israel to Novosibirsk, Russia when it was shot down. The plane crashed into the black sea. 78 people on board died. The Ukrainian military initially claimed that it was not their fault but later admitted that it was them. They said that this is how soldiers are trained.",supports,"nei

The evidence mentions the Black Sea,",nei,False,supports,igbo,supports,nei,True,False,correct_to_wrong
afrifact_data_culture_yoruba_722,yoruba,"Ní ọdún 1950, Moshood gba àǹfààní ẹ̀kọ́ ọ̀fẹ́ ti ìjọba, tí ó fi gba oyè nípa imọ̀ ìṣirò.","Abíọ́́lá jẹ́ Olóòtú ìwé ìròyìn ọ̀sọ̀ọ̀sẹ̀ ilé-ìwé wọn tí ó ń jẹ́ tí sì jẹ́ igbákejì rẹ. Ó dára pọ̀ mọ́ ẹgbẹ́ ní ìgbà tí ó di ọmọ ọdún mọ́kàndínlógún nítorí ìfẹ́ tí ó ní sí ètò òṣèlú àwa arawa ó darapọ́ mọ́ ẹgbẹ́ òṣèlú jẹ́ olùdásílẹ̀ rẹ̀ Ní ọdún 1960, Moshood jẹ àǹfàníi ẹ̀kọ́ ọ̀fẹ́ ti ijọba láti lọ ka ìwé ní University ti Glasgow ní ìlú Scotland ni ibi tí ó ti gba oyè nínú ìmọ̀ ìṣirò.",refutes,refutes,refutes,True,yoruba,"In the year 1950, Moshood received the benefit of free government education, which earned him a degree in mathematics.","Abiola is the Editor of their weekly school newspaper who is and still is your deputy. He joined the party when he was 19 years old because of his interest in the political system of us, he joined the political party and was its founder. In 1960, Moshood was given the opportunity of free education by the government to study at the University of Glasgow in Scotland where he received a degree in mathematics.",refutes,refutes,refutes,True,refutes,yoruba,refutes,refutes,True,True,correct_to_correct
afrifact_data_culture_igbo_611,igbo,Ndị ụmụnna abaghị uru ọbụla n'obodo maọbụ n'ezinụlọ ha.," Ụmụnna - Ndị a bụ ụmụnwoke ụmụọkpala si n'ezinaụlọ dị icheiche n'obodo. Ha bụ ndị na-eme mkpebi gbasara okwu dị icheiche n'obodo etu o si gbasara agamnihu na ọdịmma obodo. Ndị ụmụnna ka a na-ekpesara ma onye ọbụla mee ihe ọjọọ, ha bụ ndị na-aga n'ọnụ arụsị ịchọpụta ihe arụsị na-ekwu gbasara obodo maọbụ gbasara ezinaụlọ ha.",refutes,supports,supports,False,igbo,The brothers are of no use to the community or to their families.,"Brothers - These are the noble men from different families in the village. They are the people who make decisions about various issues in the country as it pertains to the development and welfare of the country. The brothers are preached to if anyone does something wrong, they are the ones who go to the idols to find out what the idols say about the country or about their family.",refutes,refutes,refutes,True,refutes,igbo,supports,refutes,False,True,wrong_to_correct
afrifact_data_culture_yoruba_288,yoruba,"Arapaja ṣé alága ìjọba ìbílẹ̀ Ìlà-oòrùn Ìbàdán lẹ́ẹ̀mejì ọ̀tọ̀tọ̀, láàárín ọdún 1996 sí ọdún 2003.","Ohun mẹ́wàá tó yẹ kí o mọ̀ nípa Taofeek Oladejo Arapaja Taofeek Oladejo Arapaja jẹ ọkan Pataki lara awọn oloṣelu Naijiria lati ipinlẹ Oyo, oun si ni Igbakeji Gomina Ipinlẹ Oyo tẹlẹ,lasiko isejọba Adebayo Alao-Akala lati ọdun 2007. Wọn bi Arapaja ni ọjọ kẹwaa, oṣu kọkanla, ọdun 1958. O kawe nile ẹkọ girama Lagelu, niluu Ibadan, o si kawe gboye ni fasiti Wales, nilẹ Gẹẹsi. Ko to darapọ mọ oselu, o ṣiṣẹ pẹlu ileeṣẹ to n ri si eto ẹkọ nipinlẹ Oyo, iyẹn Teaching Service Commision, lọdun 1992. Arapaja ṣe alaga ijọba ibilẹ ila oorun Ibadan lẹẹmeji ọtọtọ, laarin ọdun 1996 si ọdun 2003. Lẹyin naa ni wọn yan si ipo aṣoju-ṣofin fun ẹkun guusu ila-oorun ati ariwa ila-oorun Ibadan laarin ọdun 2003 si 2007. Egbejila Fish Village: Àwọn ọlọ́sìn ẹja ní àwọn fi iṣẹ́ báńkì sílẹ̀ wá ṣe ọ̀sìn ẹja ni Ọdun 2007 ni wọn fi ibo gbe wọle gẹgẹ bii igbakeji gomina ipiinlẹ Oyo labẹ ẹgbẹ oṣelu PDP.",supports,supports,supports,True,yoruba,"Arapaja chaired the East Ibadan local government twice, between 1996 and 2003.","10 things you should know about Taofeek Oladejo Arapaja Taofeek Oladejo Arapaja is one of the important Nigerian politicians from Oyo State, and he was the former Deputy Governor of Oyo State, during the administration of Adebayo Alao-Akala from 2007. Arapaja was born on the tenth day of November, 1958. He studied at Lagelu Grammar School, in Ibadan, and studied graduated from the University of Wales, in English. Before joining politics, he worked with the Education Service Commission in Oyo State in 1992. Arapaja served as the chairman of Ibadan East local government twice, between 1996 and 2003. He was then appointed as the representative for South East and North East Ibadan between 2003 and 2007. Egbejila Fish Village: The fish farmers who left their banking jobs and became fish farmers in 2007 were voted in as the deputy governor of Oyo state under the PDP political party.",supports,supports,supports,True,supports,yoruba,supports,supports,True,True,correct_to_correct
afrifact_data_culture_igbo_485,igbo,Lawrence Ifeanyi Ugwuanyi bụ Osote Gọvanọ nke Enugu Steeti malite n'ọnwa Eprel nke afo 2015.,"Lawrence Ifeanyi Ugwuanyi // (na-ege ntị) CON (nke a maara nke ọma dị ka "" Gburugburu "") (amụrụ na 20 Machị n'afo 1964) bụ onye ndọrọ ndọrọ ọchịchị Naijiria nke a họpụtara dị ka Gọvanọ nke Enugu Steeti n'ọnwa Eprel n'afo 2015, a ṅụrụ iyi na 29 Mee n'afo 2015.",refutes,supports,supports,False,igbo,Lawrence Ifeanyi Ugwuanyi has been the Deputy Governor of Enugu State since April 2015.,"Lawrence Ifeanyi Ugwuanyi // (listening) CON (popularly known as "" Gburugburu "") (born on 20 March 1964) is a Nigerian politician who was elected as the Governor of Enugu State in April 2015 and was sworn in on 29 May 2015.",refutes,refutes,refutes,True,refutes,igbo,supports,refutes,False,True,wrong_to_correct
afrifact_data_culture_yoruba_498,yoruba,"Eré bọ́ọ̀lù ló pọ̀ jù láàrin àwọn ọmọkùnrin gẹ́gẹ́ bí eré ṣíṣe, àmọ́ eré-ọmọdé mìíràn wà tí wọ́n kúndùn láti máa ṣe.","Awọn ere idaraya yii ma n jẹ ki ifẹ gbooro si laarin awọn ewe ati ọdọ ni agboole si agboole, ati wi pe, o ma n wu awọn ọmọde naa lati tete dagba ni kiakia, nitori naa ni wọn ṣe n ṣe awọn ere ohun. Erebọọlu lo pọ ju laarin awọn ọmọkunrin gẹgẹ bi ere ṣiṣe, amọ awọn ere ọmọde wọnyiii wa ti wọn tun kundun lati ma a ṣe, paapaa ti wọn ba de lati ile iwe ati labẹ osupa lalẹ ti wọn ba de ile. Awọn ere ọmọde to wọpọ laye igba kan: Ere Tẹ́ntẹ́: Ti wọn ba fẹ ṣe ere yii, awọn ọmọdebinrin a kọju si ara wọn, wọn a si ma a patẹwọ, ti wọn a si maa gbe ẹsẹ wọn bakan naa si orin Tẹ́ntẹ́ ti wọn ba n kọ.",supports,supports,supports,True,yoruba,"Football is the most popular sport among boys, but there are other children's games that they enjoy playing.","These sports make love to grow between children and young people from door to door, and say that, the children want to grow up quickly, that's why they play games. Football is too much among the boys as a game, but there are these children's games that they still want to play, even if they come from school and under the moonlight tonight when they get home. Common children's games at one time: Tente Game: If they want to play this game, the girls face each other, they will clap their hands, and they will move their feet as well to the Tente song they are singing.",supports,supports,supports,True,supports,yoruba,supports,supports,True,True,correct_to_correct
afrifact_data_culture_hausa_026,hausa,Ana fama da rashin tsaro na boko-haram da yan bindiga a jahohin arewacin Najeriya.,"Gowon ya bayyana cewa shi bai aikata wani aikin ta'addancci ba, asali ma shugabncin ya kwato kasar ne daga rushewa.",nei,nei,nei,True,hausa,The insecurity of boko-haram and bandits in the northern states of Nigeria.,"Gowon stated that he did not commit any act of terrorism, the president actually rescued the country from destruction.",nei,nei,nei,True,nei,hausa,nei,nei,True,True,correct_to_correct
afrifact_data_culture_igbo_072,igbo,"Na March 17, 1936, n'obodo Igbo dị na Atani ka a mụrụ Osadebe.","A mụrụ Osadebe na March 17, 1936, n'obodo Igbo dị na Atani na ndịda ọwụwa anyanwụ Naijiria.",supports,supports,supports,True,igbo,"Osadebe was born on March 17, 1936, in an Igbo town in Atani.","Osadebe was born on March 17, 1936, in the Igbo town of Atani in South East Nigeria.",supports,supports,supports,True,supports,igbo,supports,supports,True,True,correct_to_correct
afrifact_data_culture_hausa_454,hausa,Ana aikin Hajji ne a ƙarshen shekarar musulunci.,"Mahajjata Aikin Hajji Musulmai suna tafiya a ranar Arfa daga minna Aikin Hajji, Ɗaya ne daga cikin rukunai guda biyar da aka gina addinin akai .",nei,nei,nei,True,hausa,Hajj is performed at the end of the Islamic year.,Hajj Pilgrims Muslims travel on the day of Arfa from Minna. Hajj is one of the five pillars on which the religion is built.,nei,nei,nei,True,nei,hausa,nei,nei,True,True,correct_to_correct
afrifact_data_culture_hausa_195,hausa,Zuwa gidajen shaƙatawa yana ɗebewa mutane kewa ya kawar mu su da damuwarsu.,"An kafa wurin shakatawa na Kainji a shekara ta 1978 kuma an raba shi zuwa sassa uku daban-daban, Zugurma Game Reserve, Borgu Game Reserve da Kainji Lake.",nei,nei,nei,True,hausa,He goes to the entertainment houses and picks people up to get rid of them and their worries.,"Kainji Game Reserve was established in 1978 and is divided into three different parts, Zugurma Game Reserve, Borgu Game Reserve and Kainji Lake.",nei,nei,nei,True,nei,hausa,nei,nei,True,True,correct_to_correct
afrifact_data_culture_igbo_455,igbo,"N'oge Chris Nwabueze Ngigeji ọkwa Gọvanọ Anambra Steeti, ndị òtù Peoples Democratic Party gbahapụrụ ya",Ọ bụ gọvanọ Anambra steeti na Naịjirịa site na Mee 2003 ruo Maachị 2006 n'okpuru People's Democratic Party (PDP).,nei,nei,nei,True,igbo,"During Chris Nwabueze Ngigeji's tenure as Governor of Anambra State, he was abandoned by members of the Peoples Democratic Party",He was the governor of Anambra State in Nigeria from May 2003 to March 2006 under the People's Democratic Party (PDP).,nei,nei,nei,True,nei,igbo,nei,nei,True,True,correct_to_correct
afrifact_data_culture_yoruba_148,yoruba,"Asúnrétete kò ní kọjá ilé, Arìngbẹ̀rẹ̀ kò ní sùn sọ́nà.","Lẹ́hìn èyí, tí àwọn méjèèjì sí ti gbà fún Ọlọ́hun wọn Allah tí wọ́n sì ṣe ijúwọ̀-jusẹ̀ sílè fún Ìfẹ Ọlọ́hun), tí òun (Ibrahim) sí tí tẹ́ orí ẹ́e (Ishamel) lọ sílẹ̀ (ní ààyè itébà sí iwájú); ""Báyìí náà ní Àwa sí pé òun: ""Ìwọ Ibrahim o!"" ""Ìwọọ (Ibrahin) tí ṣe gẹ́gẹ́ bí A ti fi hàn ó (ní ojúran) ní òtítọ àti ní òdodo! Báyìí náà sì ní Àwa ṣe má ń san ẹ̀san fún (gbogbo àwọn) Múhsínùn (olùṣe rere lótitọ àti l'ódodo) - Sheikh Adélabú ṣe ìtọka sí Ẹsẹ Ọrọ Ọlọ́hun nínú kúránì Orí 2:112)."" Láì kọ́ ṣe àníàní, ìdánwò nlá tí ó fi ojú hàn gbángba ní eléyìí jẹ́. Nítorí ìdí èyí ní À wa fi ṣe ìrópò (gẹ́gẹ́ bí ìràpadà) ọmọ (Ishamael) tí òun (Ibrahim) náà pẹ̀lú àgùntàn kàn bọ̀lọ̀jọ̀ (láti fi dípò ní ṣíṣe ìdúpẹ́ òòrè láti Ọ̀dọ̀ Ọlọ́hun)",nei,nei,nei,True,yoruba,"Asunretete will not pass the house, Aringrete will not sleep on the way.","After this, both of them had accepted their God Allah and had surrendered to God's Will), and he (Ibrahim) had lowered his head (Ishamel) (in the space of a palm in front); This is how We said to him: ""O Ibrahim!"" And this is how We do not reward (all those) Muhsinun (who do good and righteous) - Sheikh Adélabu refers to the Verse of the Word of God in the Qur'an Chapter 2:112). redemption) of the son (Ishamael) that he (Ibrahim) with the sheep just came (to replace it in giving thanks for the favor from God)",nei,nei,nei,True,nei,yoruba,nei,nei,True,True,correct_to_correct
afrifact_data_culture_igbo_470,igbo,"Irighiri ihe ndị e ji esi ofe egusi gụnyere mmanụ, ose, yabasị, akwụkwọ nri, crayfish, anụ, azụ, bitterleaf, pumpkin leaf na spinach.","E wezụga mkpụrụ, mmiri, na mmanụ, ofe egusi na-enwekarị akwụkwọ nri, , akwụkwọ nri ndị ọzọ, ihe na-esi ísì ụtọ, na anụ. Akwụkwọ nri ndị a na-ejikarị eme ofe egusi gụnyere bitterleaf, pumpkin leaf, celosia na spinach. Nri ndị ọzọ na-agụnye tomato na okra. Ihe ndị a na-ahụkarị na-agụnye ose chili, yabasị, na agwa igurube. A na-ejikarị anụ ehi, ewu, azụ, shrimp, ma ọ bụ crayfish.",supports,supports,supports,True,igbo,"Ingredients used to cook melon soup include oil, pepper, onion, vegetables, crayfish, meat, fish, bitterleaf, pumpkin leaf and spinach.","Besides seeds, water, and oil, melon soup usually contains vegetables, , other vegetables, spices, and meat. Vegetables commonly used in melon soup include bitterleaf, pumpkin leaf, celosia and spinach. Other foods include tomatoes and okra. Common ingredients include chili peppers, onions, and chickpeas. Beef, goat, fish, shrimp, or crayfish are usually used.",supports,supports,supports,True,supports,igbo,supports,supports,True,True,correct_to_correct
afrifact_data_culture_yoruba_663,yoruba,"Ní ilẹ̀ Adúláwọ̀, ọ̀pọ̀lọpọ̀ àgbẹ̀ ní ń gbin iṣu.","A máa ń gbin iṣu láti jẹ ẹ́ bí i oúnjẹ, pàápàá jù lọ, ní ilẹ̀ Adúláwọ̀. Ọ̀pọ̀lọpọ̀ iṣu ni ó wà nítorí pé ọ̀pọ̀lọpọ̀ àgbẹ̀ ní ń gbin iṣu.",supports,supports,supports,True,yoruba,"In Adulalawi land, many farmers are growing yams.","We grow yams to eat them as food, especially in the land of Adulalaw. There are many yams because many farmers are growing yams.",supports,supports,supports,True,supports,yoruba,supports,supports,True,True,correct_to_correct
afrifact_data_culture_hausa_163,hausa,Tsadar fitulu masu amfani da hasken rana ne yasa gwamnatoci ke barin titinan jiharsu a cikin duhu.,"Sanya fitulun titi masu amfani da hasken rana a babban birnin jihar ya kara inganta rayuwar mazauna jihar, tare da inganta tsaro da tsaro.",nei,nei,nei,True,hausa,The high cost of solar lights is why governments are leaving their state roads in the dark.,"The installation of solar powered street lights in the state capital has improved the lives of the residents of the state, as well as improved security and safety.",nei,refutes,refutes,False,nei,hausa,nei,refutes,True,False,correct_to_wrong
afrifact_data_culture_hausa_578,hausa,Bahaushe ya na da karin magana daban-daban da ya ke amfani dasu wurin isar da saƙonni.,"Akan yi yankan ciyawa dashi domin a baiwa dabbobi na gida, da kuma yankan da amma anfi amfani dashi wajen yankan ciyawa wacce ake bawa awakai da tumaki har da dan maraqin sa.",nei,nei,nei,True,hausa,Baha'i has different idioms that he uses to convey messages.,"It is used to cut grass to give to domestic animals, and it is mainly used to cut grass which is given to goats and sheep as well as its meat.",nei,nei,nei,True,nei,hausa,nei,nei,True,True,correct_to_correct
afrifact_data_culture_igbo_325,igbo,Chinwoke Mbadinuju zọrọ ọkwa onye isi ala ka afọ anọ gachara Naịjirịa laghachiri n'ọchịchị onye kwuo uche ya n'afọ 2003.,"Gọvanọ nke Anambra Steeti [ | ] Anambra na Mgbe ọ laghachiri na ọchịchị onye kwuo uche ya na 1998, Chinwoke Mbadinuju ghọrọ onye na-azọ ọkwa gọvanọ nke People's Democratic Party (PDP) maka ọchịchị Anambra State",refutes,nei,nei,False,igbo,Chinwoke Mbadinuju claimed the presidency four years after Nigeria returned to democracy in 2003.,"Governor of Anambra State [ | ] Anambra and After the return to democracy in 1998, Chinwoke Mbadinuju became the gubernatorial candidate of the People's Democratic Party (PDP) for Anambra State.",refutes,nei,nei,False,refutes,igbo,nei,nei,False,False,wrong_to_wrong
afrifact_data_culture_igbo_169,igbo,Uche Nwonwu kwuru na ọ bụ mmiri dị n'azụ be ha ka ha na-aṅụ.,"Ọ sị na ""ọ bụ mmiri ndị mmadụ gbapere na be ha ka ha na-aṅụkarị.""",refutes,nei,nei,False,igbo,Uche Nwonwu said that it was the water behind their beds that they were drinking.,"He said that ""it is the water that people splashed on their beds that they usually drink.""",refutes,refutes,refutes,True,refutes,igbo,nei,refutes,False,True,wrong_to_correct
afrifact_data_culture_igbo_688,igbo,Nabil Fekir kpọ ndị ya nọ n'otu egwuregwu Lyon gaa Algerịa inwe obi aṅụrị.,"Ibuli iko mbaụwa bụ ihe e ji anya isi nye obodo ọbụla buliri ya Dele Alli Bamidele Jermaine Alli (Tottenham Hotspur, England) Bamidele Jermaine Alli, nke a ma dịka Dele Alli, na-agbara ndị Tottenham Hotspur na otu egwurewgu bọolụ mba England. Nna Alli bụ onye Naịjirịa. N'asọmpị enyi na enyi ndị Naịjirịa na ndị England gbara nso nso a, ụfọdụ ndị Naịjirịa kworo ya ekwo n'ọgbọ egwuregwu, maka na okweghị agbara ndị Naịjirịa bọolụ mgbe akpọrọ ya oku.",nei,nei,nei,True,igbo,Nabil Fekir took his Lyon team to Algeria to cheer.,"Lifting the World Cup is something to be proud of for any country that lifts it. Dele Alli Bamidele Jermaine Alli (Tottenham Hotspur, England) Bamidele Jermaine Alli, known as Dele Alli, plays for Tottenham Hotspur and the English national football team. Alli's father is Nigerian. In the recent friendly match between Nigeria and England, some Nigerians booed him in the stadium, because the Nigerians did not play the ball when he was called.",nei,nei,nei,True,nei,igbo,nei,nei,True,True,correct_to_correct
afrifact_data_culture_hausa_757,hausa,Chinenye Okafor ta bar wasan ƙwallon kafa ne saboda ra'ayin kanta.,"Chinenye Okafor ta koma mai kitso da gyaran gashi saboda rashin albashi Wannan ne halin da Chinenye Okafor ta tsinci kanta a ciki, amma ba haka abin yake ba kwata-kwata.",refutes,nei,nei,False,hausa,Chinenye Okafor quit football because of her own opinion.,"Chinenye Okafor went back to being fat and having her hair done because of lack of pay This is the situation that Chinenye Okafor found herself in, but that is not the case at all.",refutes,nei,nei,False,refutes,hausa,nei,nei,False,False,wrong_to_wrong
afrifact_data_culture_hausa_046,hausa,Umaru Musa 'Yar'adua bai taɓa zama mamba na wata kwalleji a jihar Katsina ba.,"Ya taɓa zama mamba a kamfanin samar da kayan noma na jihar Katsina tsakanin shekarar 1984 zuwa 1985, kuma memba a majalisar gudanarwa ta kwalejin fasaha ta Katsina da Katsina Polytechnic tsakanin 1978 zuwa 1983, shugaban hukumar zuba jari da raya kadarori ta jihar Katsina tsakanin shekara ta 1994 zuwa shekarar 1996.",refutes,nei,nei,False,hausa,Umaru Musa 'Yar'adua has never been a member of any college in Katsina state.,"He was a member of the Katsina State Agricultural Production Company between 1984 and 1985, and a member of the board of directors of Katsina College of Technology and Katsina Polytechnic between 1978 and 1983, the chairman of the Katsina State Investment and Property Development Board between 1994 and 1996.",refutes,refutes,refutes,True,refutes,hausa,nei,refutes,False,True,wrong_to_correct
afrifact_data_culture_hausa_208,hausa,Jihar Taraba ta kasance mafi girman ƙasa a cikin johohin Najeriya.,"Ana samun garin ne a yankin Mambilla dake yankin kudu maso gabashin jihar Taraba, kusa da kan iyakar Najeriya da Kamaru.",nei,nei,nei,True,hausa,Taraba State is the largest state in Nigeria.,"The town is located in the Mambilla area in the southeast of Taraba state, near the border of Nigeria and Cameroon.",nei,nei,nei,True,nei,hausa,nei,nei,True,True,correct_to_correct
afrifact_data_culture_igbo_544,igbo,Facebook mere Ọkaiwu Paul Achallaonye nnọchite anya ya na Naịjrịa.,Nnamdi Kanu Facebook ban: Ndị otu Ipob etiela mkpụ maka etu e si wetuo akara Facebook onye ndu ha Nke a bụ azịza ha nyere maka ajụjụ BBC Igbo jụrụ ha gbasara ihe kpatara ha ji chụọ Nnamdi Kanu ọsọ ụkwụ eru ala.,nei,nei,nei,True,igbo,Facebook appointed Lawyer Paul Achalla as its representative in Nigeria.,Nnamdi Kanu Facebook Ban: Members of IPOB have criticized the way their leader's Facebook account has been taken down.,nei,nei,nei,True,nei,igbo,nei,nei,True,True,correct_to_correct
afrifact_data_culture_hausa_696,hausa,Yawan matan da ke kashe kan su a ƙasar Japan ya ƙaru da kashi 70 a watan Nuwamba.,"A wata daya kawai, watan Okotoba, matan da ke kashe kansu sun karu da kashi 70 a Japan idan aka kwatanta da watan Oktoban da ya gabace shi.",refutes,nei,nei,False,hausa,The number of female suicides in Japan increased by 70 percent in November.,"In just one month, the month of Okotoba, women who commit suicide have increased by 70 percent in Japan compared to the previous month of October.",refutes,supports,supports,False,refutes,hausa,nei,supports,False,False,wrong_to_wrong
afrifact_data_culture_yoruba_635,yoruba,"Ní ìwọ̀ oòrùn ìtà Ipetumodu ni ilé ìwé Federal Government Girl's College wà, èyí tó jẹ́ aládàá ní.","Ipetumodu jẹ́ ìlú ńlá kan ní ilẹ̀ Yorùbá ní apá Ìwọ-oòrùn Gúúsù ilẹ̀ , ó sì jẹ́ ìlú pàtàkì kan ní tí ó sì jẹ́ olú ìlú . Ìlú yìí ní ilé-ẹ̀kọ́ gíga aládàáni kan tí orúkọ rẹ̀ ń jẹ́ Oduduwa University àti ilé-ìwé gírámà márùn-ún, tí ó jẹ́ ti ìjọba àti ilé-ìwé Federal Government Girls' College",refutes,supports,supports,False,yoruba,"In the west of Ipetumodu street is the Federal Government Girl's College, which is very beautiful.","Ipetumodu is a large city in Yoruba land in the South West part of the country, and it is an important city and is the capital of the city. This town has a private university called Oduduwa University and five public grammar schools and the Federal Government Girls' College.",refutes,nei,nei,False,refutes,yoruba,supports,nei,False,False,wrong_to_wrong
afrifact_data_culture_hausa_234,hausa,Sarauniyar yankin za ta ba da rabin garin ga duk wanda ya kashe macijin.,"Washegari, mutanen Daura suka taru a bakin rijiyar, suna mamakin wanda ya kashe macijin; Magajiya , sarauniyar yankin ta ba da ikon mallakar rabin garin ga duk wanda zai tabbatar da cewa ya kashe macijin. Maza da yawa sun kawo kawunan maciji a gaba, amma kawunan bai dace da jikin ba.",supports,supports,supports,True,hausa,The queen of the area will give half of the town to whoever kills the snake.,"The next day, the people of Daura gathered at the edge of the well, wondering who killed the snake; The heiress, the queen of the area has given the right to own half of the town to anyone who can prove that he killed the snake. Many men brought the heads of snakes before, but the heads did not match the body.",supports,supports,supports,True,supports,hausa,supports,supports,True,True,correct_to_correct
afrifact_data_culture_igbo_429,igbo,"Naịjirịa bụ mba dị n'Afịrịka, nke ndị bi na ya si agbụrụ dị iche iche ma ọgbaghara na-adapụta mgbe ụfọdụ",Alexander Ifeanyichukwu Ekwueme // ⓘ GCON (21 October 1932 – 19 Nọvemba 2017) bụ onye ndọrọndọrọ ọchịchị Naijiria nke jere dịka osote onyeisiala mbụ nke Naijiria site na 1979 ruo 1983 n'oge Naịjiria Republic nke Abụọ n'okpuru onyeisiala Shehu Shagari dịka onye otu National Party.,nei,nei,nei,True,igbo,"Nigeria is a country in Africa, whose inhabitants are from different ethnic groups and conflicts sometimes occur.",Alexander Ifeanyichukwu Ekwueme // ⓘ GCON (21 October 1932 – 19 November 2017) was a Nigerian politician who served as the first vice president of Nigeria from 1979 to 1983 during the Second Nigerian Republic under President Shehu Shagari as a member of the National Party.,nei,nei,nei,True,nei,igbo,nei,nei,True,True,correct_to_correct
afrifact_data_culture_yoruba_306,yoruba,"Àwọn abiyamọ tí ọmọ wọn ní ìpènijà ara máa ń la ọ̀pọ̀lọpọ̀ nǹkan kọjá, bẹ́ẹ̀ sì ni ìdojúkọ wọn pọ̀ rẹpẹtẹ nítorí ọ̀pọ̀ nǹkan ni ojú wọn máa ń rí.","Ìyá ọlọ́mọ mẹ́ta ọ̀hún sọ pé ìbànújẹ́ òun maa n wáyé látara bí àwọn ènìyàn ṣe maa n wo òun, àti ìhùwàsí wọn si i lójoojúmọ́. Fídíò mánigbàgbé nípa ìgbà ayé Bàbá Sala ""Ní ìbẹ̀rẹ̀ pẹ̀pẹ̀, mó maa n bi ara mi lérè pé kí lódé tí Ọlọrun fún mi nírú ọmọ bẹ́ẹ̀.'' Abílékọ Mutemi, tó n gbé l'ábúlé Katoloni ní ẹkùn ìlà oorùn Kenya sọ pé ''Ó ṣòro fún mi láti rìn láàrin ìlú pẹ̀lú ọmọ mi, nítorí ojú burúkú tí àwọn ènìyàn fí n wò mí. Agnes sọ pé àìsàn tí wọ́n n pè ní Asphyxia ni ọmọ òun ní. Àìsàn nàá maa n jẹyọ tí ọmọ tuntun kò bá rí atẹ́gùn gbà sára lásìkò tí ìyá rẹ̀ bá n rọbí. Èyí ló fà á tí ẹsẹ̀ rẹ̀ kò ṣe ní àláàfíà, tí wàhálà sí bá ọpọlọ rẹ̀ nàá. Bí o ṣe gba ìwòsàn Lẹ́yìn ọ̀pọ̀lọpọ̀ àbẹ̀wò sí iléèwòsàn, Agnes lọ fi orúkọ ọmọ rẹ̀ sílẹ̀ ní ìléèwé kan tó n kọ́ àwọn ọmọdé nígbà tó wà l'ọ́mọ ọdún mẹ́ta.",supports,nei,nei,False,yoruba,"Mothers whose children have physical challenges go through a lot of things, and their focus is a lot because their eyes see a lot of things.","The mother of three said that her sadness is caused by the way people look at her, and their behavior towards her every day. Unforgettable video about the life of Baba Sala ""In the beginning, I used to ask myself why God gave me such a child."" Abileko Mutemi, who lives in Katoloni village in the eastern region of Kenya said that ""It is difficult for me to walk in the city with my son, because of the evil eyes that people look at me. Agnes said that it is a disease called Her son has asphyxia. This disease is caused by the lack of air when his mother is giving birth. This is why his legs are not healthy, and his brain is in trouble. After many visits to the hospital, Agnes left his son in a hospital. I was teaching children when he was three years old.",supports,supports,supports,True,supports,yoruba,nei,supports,False,True,wrong_to_correct
afrifact_data_culture_hausa_513,hausa,Mumini na gaske shi ne wanda baya cutar da muslumai.,"Asalin sunan ya zo ne daga kalmar Sunna , wato koyi da yin dukkan abun da Annabi (S.A.W.) ya aikata, ko ya yi umarni, da a aikata ko kuma aka aikata shi a gabansa amma baiyi hani akan abun da aka aikatan ba.",nei,nei,nei,True,hausa,A true believer is one who does not harm Muslims.,"The origin of the name comes from the word Sunna, that is to learn and do everything that the Prophet (S.A.W.) did, or ordered, to be done or was done before him but he did not prohibit what was done.",nei,nei,nei,True,nei,hausa,nei,nei,True,True,correct_to_correct
afrifact_data_culture_hausa_021,hausa,Murtala Muhammad ya girma a hannun kawunsa da ke zaune a jihar Kaduna.,An kashe Murtala Muhammad ne bayan sallar asuba kuma an harbe shi ne da bindiga bayan ya fito masallaci a hanyar sa ta komawa gidan sa dake cikin garin Legas inda wani da ake kira Buka Suka Dimka ya harbe shi da bindiga.,nei,nei,nei,True,hausa,Murtala Muhammad grew up in the arms of his uncle who lives in Kaduna state.,Murtala Muhammad was killed after morning prayer and he was shot with a gun after leaving the mosque on his way back to his home in Lagos where a person called Buka Suka Dimka shot him with a gun.,nei,nei,nei,True,nei,hausa,nei,nei,True,True,correct_to_correct
afrifact_data_culture_yoruba_488,yoruba,Ìpínlẹ̀ Èkó ni ọkọ̀ Gómìnà náà ń lọ kí àwọn Boko Haram tó da ìbọ̀n lù wọ́n,"Boko Haram da ìbọn bo ọkọ̀ gómìnà Borno, ẹ̀ṣọ́ àláàbò rẹ̀ farapa Ijọba ipinlẹ Borno ti fi idi rẹ mulẹ pe, lootọ l'awọn agbebọn Boko Haram kọlu awọn ọkọ to n kọwọrin pẹlu gomina ipinlẹ naa, Babagana Zullum ni Ọjọru. Agbẹnusọ fun gomina naa, Mallam Isa Gusau ṣalaye pe, ori ko gomina Zullum yọ lai farapa ṣugbọn diẹ lara awọn to baa rin, to fi kan awọn ẹṣọ alaabo, fara ṣeṣe. Isa fi kun un pe, ilu Baga ni gomina naa n lọ nigba ti ikọlu naa waye. Bawo lo ṣe ṣẹlẹ? Ni Ọjọru ni iṣẹlẹ yii waye ni nnkan bii agogo mẹrin irọlẹ lasiko ti gomina naa fẹ wọ ilu Baga l'awọn agbọn naa ba ṣina ibọn bolẹ. Awọn ẹṣọ alaabo to wa pẹlu rẹ naa daa ina ibọn bolẹ.",refutes,nei,nei,False,yoruba,The Governor's vehicle was going to Lagos State before Boko Haram shot at them,"Boko Haram opened fire on the Borno governor's vehicle, his security guard was injured The Borno state government has confirmed that, indeed, Boko Haram gunmen attacked the vehicles carrying the governor of the state, Babagana Zullum on Wednesday. The spokesperson for the governor, Mallam Isa Gusau explained that, the governor of Zullum did not escape without injury but some of those who walked, touching the disabled guards, took care. Isa added that the governor was going to Baga when the attack took place. How did it happen? On Wednesday, this incident happened at about 4 o'clock in the evening when the governor was about to enter Baga town and the gangsters opened fire. The disabled guards who were with him also returned fire.",refutes,refutes,refutes,True,refutes,yoruba,nei,refutes,False,True,wrong_to_correct
afrifact_data_culture_igbo_665,igbo,Nwa nwoke abaghị uru chacha. Ọ dịghị mkpa ịmụta nwa nwoke n'ezinụlọ ndị Igbo.,"Igbo kwenyere na ama ọbụla na-amụtaghị nwa nwoka ga-echi. Ya mere ha jị agụ nwoke aha dịka Obiechina, Amaechina na ndị ọzọ. Ọtụtụ ezinaụlo akụsaala maka amụghị nwa nwoke. Ya bụ, ọ dị ezigbo mkpa ịmụta nwa nwoke n'ezinaụlo, ya mere anyị ji ede akụkọ a. ",refutes,refutes,refutes,True,igbo,The boy is worthless. It is not necessary to adopt a son from an Igbo family.,"The Igbo believe that any woman who does not bear a son will die tomorrow. That is why they call men names like Obiechina, Amaechina and others. Many families have prayed for not having a son. That is, it is very important to adopt a son in the family, that is why we are writing this article.",refutes,refutes,refutes,True,refutes,igbo,refutes,refutes,True,True,correct_to_correct
afrifact_data_culture_igbo_136,igbo,Naanị ụmụnwaanyị ka a na-ebi ùgwù.,O kwusikwara ike na gọọm̀enti ya kwadosiri azụmahịa na mekọrịta nke mba ECOWAS.,nei,nei,nei,True,igbo,Only women are respected.,He also emphasized that his government is committed to trade and integration of ECOWAS countries.,nei,nei,nei,True,nei,igbo,nei,nei,True,True,correct_to_correct
afrifact_data_culture_igbo_219,igbo,Ha arụsịala ụlọ ahụ ha wuliri.,Mana ndị Igbo echeghi aka n'atụmatụ gọmenti sọọsọ.,nei,nei,nei,True,igbo,They have destroyed the house they built.,But the Igbo people are not waiting for the government plan alone.,nei,nei,nei,True,nei,igbo,nei,nei,True,True,correct_to_correct
afrifact_data_culture_hausa_553,hausa,Bara wata sana'a ce da ta keɓanta ga ƙananan yara kawai.,Mabarata ba su karkashin wata makaranta kuma zasu iya zama yara ko manya ko tsofaffi.,refutes,nei,nei,False,hausa,Begging is a profession that is only for small children.,"Beggars are not under any school and they can be children, adults or old people.",refutes,refutes,refutes,True,refutes,hausa,nei,refutes,False,True,wrong_to_correct
afrifact_data_culture_yoruba_200,yoruba,"Nínú àtẹ̀jáde kan tí wọ́n fi síta fún àwọn oníròyìn, kò sí ẹnìkankan látìmọ́lé nínú àwọn olùwọ́de Endsars.","Kọmisana feto idajọ ati agbẹjọro agba nipinlẹ Eko, Moyosore Onigbanjo SAN, ti rọ ileẹjọ lati tu awọn oluwọde EndSARS silẹ. Awọn oluwọde naa lo to ọtalerugba o din meje 253 ninu ọtalelọọdunrun ati ẹyọ kan, 361 to wa ni atimọle ọlọpaa nipinlẹ naa. Atẹjade kan tileesẹ eto idajọ fisita fawọn akọroyin lo sisọ lori igbesẹ naa",refutes,nei,nei,False,yoruba,"In a press release, none of the Endsars attackers were arrested.","The commissioner of judicial veto and senior lawyer in Lagos state, Moyosore Onigbanjo SAN, has urged the court to release the EndSARS detainees. The arrestees used 7,253 out of 1,100, 361 in police custody in the state. A press release following the justice system allowed a reporter to comment on the move",refutes,refutes,refutes,True,refutes,yoruba,nei,refutes,False,True,wrong_to_correct
afrifact_data_culture_igbo_283,igbo,Sam Mbakwe si Imo Steeti gaa wube mahadum nke Anambara n'afọ 1981,"N'afọ 1981, Sam Mbakwe hiwere mahadum Imo steeti. Ụlọ akwụkwọ ahụ dị na mpaghara e nyere n'afọ 1991 ma meekwa ya baptizim ọzọ nke Abia State University . Agbanyeghị, Mahadum Imo steeti nwetara ụlọ akwụkwọ ọhụrụ na ma ka dị.",refutes,refutes,refutes,True,igbo,Sam Mbakwe came from Imo State to build the University of Anambara in 1981,"In 1981, Sam Mbakwe founded Imo State University. The school was located in an area that was given in 1991 and was rechristened Abia State University. However, Imo State University got a new campus and it is still there.",refutes,refutes,refutes,True,refutes,igbo,refutes,refutes,True,True,correct_to_correct
afrifact_data_culture_igbo_798,igbo,O nwere otu oge n'ala Igbo mgbe ndị mmadụ na-atụ ụjọ izu ihe mmadụ ibe ha maọbụ zọkọrọ oke abụghị nke ha.,"Mana, ọbụghịkwanụ sọsọ ugbua ka a malitere ikwu maka nchekwa. Mgbe elu ka bụ ala ọsa n'ala Igbo, ezi nchekwa obodo dị makana ndị mmadụ na-atụ ụjọ izu oshi, ịbanye be mmadụ n'ike maọbụ zọkọrọ oke na-abụghị nke ha. Nke a bụ makana ha ma na ihe ga-eso ya abụghị ihe eji ọnụ akọcha.",supports,supports,supports,True,igbo,There was a time in Igbo land when people were afraid to steal things from their fellow human beings or steal things that were not theirs.,"But, it was not until now that we started talking about security. When the land is still dry land in Igbo land, there is good national security but people are afraid of theft, entering the people by force or trespassing on borders that are not theirs. This is their makana and what will follow it is not something that is used in the mouth.",supports,refutes,refutes,False,supports,igbo,supports,refutes,True,False,correct_to_wrong
afrifact_data_culture_igbo_369,igbo,Ndị mba ụwa ka na-enyocha etu ndị injinịa Biafra siri kpa ike ịrupụta ngwa agha n'oge agha Biafra nke 1967-1970.,"E debara aha ya na Biafra Research and Production (RaP) Directorate nke Prọfesọ Benjamin Chukwuka Nwosu, onye na-ahụ maka physics nuklia. . Iwuanyanwu jere ozi na Rocket Unit nke RaP nke Prọfesọ Gordian Ezekwe bu onye isi. . N'ịbụ ndị nwere obere ohere ịnweta ngwá agha site na ụwa ndị ọzọ, ìgwè ndị nchọpụta a tu kotara uche, wee gụnyere onye na-ahụ maka physics nuklia bu Dọkịta. Felix Oragwu, na-emepụta ihe ntụrụndụ na ngwá agha dị mkpa, ọkachasị Ogbunigwe a na-atụ egwu. . N'ịchọ ịhụ ọrụ, Iwuanyanwu mechara bụrụ onye agha na-arịgo ka ọ bụrụ onyeisi nke otu ndị agha nke Biafra na-ekewapụ onwe ya ma na-edu n'ihu agha.",nei,nei,nei,True,igbo,The international community is still investigating how Biafra's engineers struggled to extract weapons during the 1967-1970 Biafran war.,"It was registered at the Biafra Research and Production (RaP) Directorate of Professor Benjamin Chukwuka Nwosu, a nuclear physicist. . Iwuanyanwu served in the RaP Rocket Unit headed by Professor Gordian Ezekwe. . With little access to weapons from other worlds, this team of researchers gathers attention, and includes a nuclear physicist who is Dr. Felix Oragwu, manufactures recreational and important weapons, especially the dreaded Gun. . Desperate to find a job, Iwuanyanwu eventually became a soldier rising to become the head of the separatist army of Biafra and leading the war.",nei,nei,nei,True,nei,igbo,nei,nei,True,True,correct_to_correct
afrifact_data_culture_hausa_732,hausa,Hukumar zaɓe zata raba manyan rumfunan zaɓe gida biyu saboda samun saukin gudanar jefa kuri'u.,"Sai dai tanadin Hukumar zabe shi ne a duk lokacin da ta ga rumfar ta yi girman da ya kai a dan yayyanka ta yadda ranar zabe za a samu gudanar da zabubbuka a cikin sauki, za ta yi haka, Za ta kuma tura karin ma'aikata domin a samu damar gudanar da zabe a wannan rumfa, ba tare da an samu wani tawaya ko jinkiri ba.",supports,supports,supports,True,hausa,The Election Commission will divide the main polling stations into two parts for the convenience of voting.,"However, the provision of the Election Commission is whenever it sees that the booth is big enough so that on the election day the elections will be held easily, it will do so, and it will send more workers to be able to conduct elections in this booth, without any hindrance or delay.",supports,nei,nei,False,supports,hausa,supports,nei,True,False,correct_to_wrong
afrifact_data_culture_igbo_472,igbo,"Ndị Igbo nwere ihe ndị ha ji esi ji, nke mere na ha na-eri ya n'oge a na-eme mmemme Ofala","E wezụga mkpụrụ, mmiri, na mmanụ, ofe egusi na-enwekarị akwụkwọ nri, , akwụkwọ nri ndị ọzọ, ihe na-esi ísì ụtọ, na anụ. Akwụkwọ nri ndị a na-ejikarị eme ofe egusi gụnyere bitterleaf, pumpkin leaf, celosia na spinach. Nri ndị ọzọ na-agụnye tomato na okra. Ihe ndị a na-ahụkarị na-agụnye ose chili, yabasị, na agwa igurube. A na-ejikarị anụ ehi, ewu, azụ, shrimp, ma ọ bụ crayfish.",nei,nei,nei,True,igbo,"The Igbo people have their own traditions, which is why they eat them during the Ofala festival.","Besides seeds, water, and oil, melon soup usually contains vegetables, , other vegetables, spices, and meat. Vegetables commonly used in melon soup include bitterleaf, pumpkin leaf, celosia and spinach. Other foods include tomatoes and okra. Common ingredients include chili peppers, onions, and chickpeas. Beef, goat, fish, shrimp, or crayfish are usually used.",nei,nei,nei,True,nei,igbo,nei,nei,True,True,correct_to_correct
afrifact_data_culture_hausa_283,hausa,"ƙuli-ƙuli ba a haɗa shi daga wake, in aka dafa sai an bari ya bushe.","Gyada da ita ake hada kuli kuli Kuli-kuli mai siga Da farko ana samun Gyaɗa bayan an bare ta sai a soya ta sannan a murje ta a fece wato a hure dukan bawon gyadar. Daganan kuma sai a markada ta. Bayan an markada tane kuma za'ayi amfani da ayi ta juya ta ana juyata har sai manta duka an gama matse shi, ita kuma gyadar ta koma . ",nei,nei,nei,True,hausa,"The pods are not separated from the beans, when they are cooked they are left to dry.","Peanuts are used to make kuli kuli. Kuli-kuli with flavor. First, peanuts are obtained after peeling them, then they are fried and then they are crushed and crushed, that is, the whole shell of the peanuts is blown. Then it should be recorded. After it is marked and it will be used, it is turned and turned until it is completely squeezed, and the nut goes back.",nei,nei,nei,True,nei,hausa,nei,nei,True,True,correct_to_correct
afrifact_data_culture_hausa_792,hausa,Jihohin Florida da Ohio na daga cikin manyan jihohin da duk wani ɗan takarar shugabancin kasar Amurka ke buƙatar ci don samun nasara.,Fagen fafatawa kamar jihohin Florida da Ohio na da matuƙar muhimmanci wajen tattara ƙuri'u 270 na masu zaɓen shugaban kasa na musamman da ake bukata wajen cin galabar samun Fadar White House,supports,nei,nei,False,hausa,The states of Florida and Ohio are among the main states that any candidate for the presidency of the United States needs to win to win.,Contested states such as Florida and Ohio are critical to garnering the 270 electoral votes needed to win the White House.,supports,supports,supports,True,supports,hausa,nei,supports,False,True,wrong_to_correct
afrifact_data_culture_yoruba_070,yoruba,Àga dúdú kò dára fún nílò níbi àwọn ètò tí ó bá ti nííṣe pẹ̀lú òrìṣà Ajé tàbí Ọ̀ṣun.,"Ní ọdún 1971, ó kẹ́kọ̀ọ́ gboyè Masters ní . Ó kẹ́kọ̀ọ́ gboyè Doctorate nípa ìtàn àròsọ láti ní ọdún 1966. Abímbólá jẹ́ akẹ́kọ̀ọ́ gboyè PhD àkọ́kọ́ ní . Ó di ọ̀jọ̀gbọ́n (Professor) ni3 1976. Abimbola kọ́ àwọn akẹ́kọ̀ọ́ ní Fáṣítì mẹ́ta ọ̀tọ̀ọ̀tọ̀ ní orílẹ̀-èdè , awon náà ní; láàrin ọdún 1963 sí 1965, láàrin 1966 sí 1972, láàrin ọdún 1972 sí 1991.",nei,nei,nei,True,yoruba,A black chair is not good for needing in plans that have to do with the deity of Earth or the Moon.,"In 1971, he graduated from Masters in . He graduated with a Doctorate in mythology in 1966. Abimbaola was the first PhD student in . He became a professor (Professor) in 1976. Abimbola taught students in three different universities in the country, they are; between the years 1963 to 1965, between 1966 to 1972, between the years 1972 to 1991.",nei,nei,nei,True,nei,yoruba,nei,nei,True,True,correct_to_correct
afrifact_data_culture_igbo_093,igbo,E riela m osikapa na ofe.,"A na-eri ya ọsịsọ makana a hapụ ya ka o tee aka, ọ na-agbakarị ụka ọsịsọ ụfọdụ oge.",nei,nei,nei,True,igbo,I have eaten rice and soup.,"It is eaten quickly but if it is left to linger, it often talks quickly at times.",nei,nei,nei,True,nei,igbo,nei,nei,True,True,correct_to_correct
afrifact_data_culture_yoruba_235,yoruba,Gbogbo àwọn Òyìnbó amúnisìn tí wọ́n wà níbẹ̀ ni wọ́n fara mọ́ àbá tí Ọọ̀ni dá.,Oba Oyekan I (ó kú ní ọjọ́ ogbọ̀n oṣù Kẹ̀sán ọdún 1900) joba gẹ́gẹ́ bí Ọba ìlú Èkó láti oṣù kẹta ọdún 1885 sí ọjọ́ ogbọ̀n oṣù Kẹ̀sán ọdún 1900.,nei,nei,nei,True,yoruba,All the colonialists who were there agreed with Oni's proposal.,Oba Oyekan I (died on the 20th of September 1900) reigned as King of Eko from the third month of 1885 to the 20th of September 1900.,nei,nei,nei,True,nei,yoruba,nei,nei,True,True,correct_to_correct
afrifact_data_culture_igbo_618,igbo,Gọọmentị chọrọ ka e lie Mugabe ebe a na-eli ndị dike obodo mana Ezinụlọ Mugabe ekwenghị n'ihi na Mugabe gwara ha mgbe ọ dị ndụ ka ha lie ya n'akụkụ ala ili nna ya Bona.,"Gọọmentị chọburu ka e lie Mugabe ebe a na-eli ndị dike obodo ji biri, mana ezinụlọ ya ekweghị. Ha kwuru na Mugabe chọrọ ka ili ya na nke nne ya bụ Bona dịkọta nso. Onweghị onye ọrụ gọọmentị gbalitere n'ọkwa bịara olili Mugabe. Nwunye ya bụ Grace nakwa ụmụ ya socha duru akpati ya ruo mgbe a dọnyere ya n'ala. ",supports,supports,supports,True,igbo,The government wanted Mugabe to be buried at the National Heroes' Cemetery but Mugabe's family did not agree because Mugabe told them when he was alive to bury him next to his father Bona's burial ground.,"The government had wanted Mugabe to be buried in the country's heroes' cemetery, but his family refused. They said that Mugabe wanted his grave and that of his mother Bona to be close together. No high-ranking official attended Mugabe's funeral. His wife Grace and his children carried his coffin until it was placed on the ground.",supports,nei,nei,False,supports,igbo,supports,nei,True,False,correct_to_wrong
afrifact_data_culture_igbo_046,igbo,Ichi e nwere n'ụlọakwụkwọ Abidịị buru ibu.,"Ichi abụghị ụlọ akwụkwọ a ma ama, ya mere, ndị Igbo na ụfọdụ Delta Igbo anaghị eme ya.",nei,nei,nei,True,igbo,The number of children in Abidi's school is large.,"Ichi is not a popular school, therefore, the Igbo people in some Delta Igbo do not do it.",nei,nei,nei,True,nei,igbo,nei,nei,True,True,correct_to_correct
afrifact_data_culture_yoruba_189,yoruba,"Ọ̀rọ́ bẹ́yìn yọ Agbowu pe Olúwòó lẹ́jọ́, ó bèrè owó gbà mábínú lọ́wọ́ rẹ̀.","Ọ̀rọ̀ bẹ́yìn yọ! Agbowu pe Oluwo l'ẹ́jọ̀, ó ń bèèrè ₦100m owó gbà má bínú Saaju la ti kede fun yin pe Agbowu ti ilu Ọgbaagba, Oba Dhikirullahi Akinropo ti wọ Oluwo ti Iwo, ba Abdulrasheed Adewale Akanbi, Telu Kinni, lọ si iwaju ile ẹjọ giga ipinlẹ Osun, to si n beere fun owo gba, ma binu tii se ọgọrun miliọnu Naira fun bi Oluwo ṣe fi iya jẹ ẹ. ",supports,supports,supports,True,yoruba,"After that, Agbowu sued Oluwooo and asked him for money without getting angry.","So happy! Agbowu calls Oluwo to court, he is asking for ₦100m money, don't get angry Before we have announced to you that Agbowu of Ogbagaba town, Oba Dhikirullahi Akinropo, went to Oluwo ti Iwo, with Abdulrasheed Adewale Akanbi, Telu Kinni, in front of the Osun State High Court, and he is asking for money, I am sorry that he paid one hundred million Naira for how Oluwo betrayed his mother.",supports,supports,supports,True,supports,yoruba,supports,supports,True,True,correct_to_correct
afrifact_data_culture_igbo_541,igbo,Ọkaiwu Paul Achalla gwara ndị BBC Igbo na Nnamdị Kanụ dara Iwu Facebook ya mere e ji machie akantụ ya.,"Paul Achalla bụ ọkaiwu na mba ofesi ma bụrụkwa onye otu Ipob ekwuola atụmatụ ha ga-agbaso iji weghachi akara Facebook onyeisi ha bụ Nnamdi Kanu. Na mkparịtaụka ya na BBC Igbo, Achalla kọwara na o nwereike ịbụ maka otu ihe maọbụ nke ọzọ ka e ji wetuo akara facebook Nnamdi Kanu, mana Facebook kwesịrị inye ya ohere ka ọ zara ọnụ ya. ",refutes,refutes,refutes,True,igbo,Lawyer Paul Achalla told BBC Igbo that Nnamdi Kanû violated the Facebook Law and that is why his account was banned.,"Paul Achalla, a lawyer abroad and a member of Ipob, has stated the plan they will follow to restore the Facebook logo of their leader, Nnamdi Kanu. In his interview with BBC Igbo, Achalla explained that it may be for one reason or another that Nnamdi Kanu's Facebook account was taken down, but Facebook should give him a chance to respond.",refutes,nei,nei,False,refutes,igbo,refutes,nei,True,False,correct_to_wrong
afrifact_data_culture_hausa_506,hausa,Akwai mutane da suke ikirarin cewa su musulmai ne amma ba su yarda da hadisai ba.,A wajen su ma’anar Hadisi shi ne Hakaito Fadar Manzon Allah [S.A.W] Aikinsa da kuma Tabbatarwarsa.,nei,nei,nei,True,hausa,There are people who claim that they are Muslims but they do not believe in hadiths.,"According to them, the meaning of Hadith is Hakaito Fadar of the Messenger of God [S.A.W] His work and confirmation.",nei,nei,nei,True,nei,hausa,nei,nei,True,True,correct_to_correct
afrifact_data_culture_igbo_387,igbo,Ji bụ nri ụmụ ntakịrị na-eri n'ụlọakwụkwọ ma e tinye ya beans na osikapa.,"N'obodo ụfọdụ, emume ahụ na-ewe otu ụbọchị dum, ebe n'ọtụtụ ebe ọ nwere ike iwe otu izu maọbụ karịa.",nei,nei,nei,True,igbo,Ji is a meal that children eat at school and is made with beans and rice.,"In some cities, the ceremony lasts a whole day, while in many places it can last a week or more.",nei,nei,nei,True,nei,igbo,nei,nei,True,True,correct_to_correct
afrifact_data_culture_yoruba_788,yoruba,"Ẹ̀sìn ìsìlámù níí ṣe pẹ̀lú àìṣòdodo, èyí sì ń darí gbogbo ènìyàn sí ohun tí yóò ṣe ànfààní fún wọn.","Ìsìlámù ni ẹ̀sìn tí ó ṣe pé ìmọ̀-Ọlọ́hun ni (al- Taoheed) ní ìpìl̀ẹ rè, òdodo ni òpó rẹ̀, ó dá lórí déédé,otito. Òhun sì ni ẹ̀sìn tí ó gbópọn tí ó jẹ́ pé ó ń darí gbogbo ẹ̀dá sí ibi gbogbo ohun tí yó̀o jẹ́ ànfààní fún wọn ní ọ̀run àti ayé wọn. Bẹ́ẹ̀ náà ni ó sì tún ń kì wọ́n nílọ̀ nípa gbogbo ohun tí yó̀o ṣaburú fún wọn yálà láyé ni tàbí ni ọ̀run.",refutes,supports,supports,False,yoruba,"Islam has to do with injustice, and this leads everyone to what will benefit them.","Islam is the religion that believes that the knowledge of God (al-Taoheed) is its foundation, righteousness is its pillar, it is based on consistency, truth. And what is the great religion which is that it leads all creatures to all the things that will be beneficial for them in heaven and their world. In the same way, he also keeps them from going about everything that will be bad for them whether it is in the world or in heaven.",refutes,refutes,refutes,True,refutes,yoruba,supports,refutes,False,True,wrong_to_correct
afrifact_data_culture_igbo_256,igbo,Igwe onyonyo nke Kanu Sports dị oke ọnụ n'ahịa.,"Ọ bụkwa onye nwe igwe onyonyo nke Kanu Sports, ụlọ ọrụ igwe onyonyo egwuregwu Ịntanetị.",nei,nei,nei,True,igbo,Kanu Sports TV is very expensive in the market.,"He is also the owner of Kanu Sports Television, an Internet sports television company.",nei,nei,nei,True,nei,igbo,nei,nei,True,True,correct_to_correct
afrifact_data_culture_yoruba_606,yoruba,"Ìgè kú ní ọjọ́ kẹtàlélógún oṣù kejìlá, ọdún 2001 tí wọ́n fipá gba èmí rẹ̀.","A bí Ìgè ní ọjọ́ kẹtàlá oṣu kẹsàán ọdún 1930, ó di olóògbé ní ọjọ́ kẹtàlélógún oṣu kejìlá ọdún 2001. Ìgè di Alákòóso (mínísítà) ìjọba àpapọ̀ fún ẹ̀ka ètò ìdájọ́ àti Agbẹjọ́rò-Àgbà ìjọba àpapọ̀̀ láàrín ọdún 2000 títí di ọdún 2001 tí wọ́n fi fipá gba ẹ̀mí rẹ̀ nínú oṣù Kejìlá ọdún 2001. Ìgè jẹ gómìnà láti osù kẹwàá ọdún 1979 títí dé osù kẹwàá ọdún 2003. Lẹ́yìn ìgbàtí ìjọ̀ba olósèlú padà dé ní ọdún 1999. ̣̣̣̣̣̣̣̣̣́́́́́́́ Ìbẹ̀rẹ̀ ayé rẹ̀ [ | ] Wọ́n bí Jèmísìì Ajíbọ́lá Ìdòwú Adégòkè Ìgè ní ìlú ní ní ọjọ́ kẹtàlá oṣù kẹsàn-án ọdún 1930 bí ó tiḷẹ̀ jẹ́ pé ọmọ bíbí ìlú ní ni àwọn òbí rẹ̀. Ìgè gbéra lọ sí ìlú ní dédé ọmọ ọdún mẹ́rìnlá láti lọ kẹ́kọ́ nílé ẹ̀kọ́ ní àárín ọdún 1943 sí 1948.",supports,refutes,refutes,False,yoruba,"Igge died on the 23rd day of the 12th month, year 2001 when they forcibly took his life.","Ige was born on the 13th day of September 1930, he died on the 23rd day of the twelfth month of 2001. Ige became the Federal Government's Minister of Justice and the Attorney-General of the Federal Government between 2000 and 2001 when his life was forcibly taken. December 2001. Ige was the governor from the 10th month of 1979 until the 10th month of 2003. After the return of political power in 1999. The beginning of his life [ | ] Jemisii Ajibola Idowu Adégokke Ige was born in the city on the 13th day of September 1930 although his parents were born in the city. Ige moved to the city at the age of fourteen to study at school between 1943 and 1948.",supports,supports,supports,True,supports,yoruba,refutes,supports,False,True,wrong_to_correct
afrifact_data_culture_hausa_530,hausa,Muhammad Bello Yabo malami ne na ahlussunah da ke garin Sokoto.,Wanda a faifan bidiyon ya caccaki Gwamnan jihar Kaduna da sauran gwamnoni kan hana Sallar Idi a jihohinsu.,nei,nei,nei,True,hausa,Muhammad Bello Yabo is a teacher of Ahlussunah in Sokoto.,The one in the video criticized the governor of Kaduna state and other governors for banning Eid prayers in their states.,nei,nei,nei,True,nei,hausa,nei,nei,True,True,correct_to_correct
afrifact_data_culture_yoruba_309,yoruba,Sunday Igboho tẹ̀lẹ̀ àwọn ọlọ́pàá lọ sí ilé Seriki ní Igangan pẹ̀lú ìgboyà lẹ́yìn tí wọ́n fi ẹ̀sùn jíjó ilè náà kàn án láti fi ìdí rẹ̀ múlẹ̀ pẹ́ òun kò mọ ohunkóhun nípa rẹ̀.,"Sé lọ́ọ̀tọ́ ni Sunday Igboho jó ilé Seriki fulani ní Igangan? Ẹ jẹ́ kí n sàlàyé kí ọ̀rọ̀ le tán nílẹ̀. ""Nígbà tí mo dé Eruwa, mó lọ fi ara mi hàn lágọ̀ọ́ ọlọ́pàá, mò sì sọ ǹkan ti mo bá wá si àdúgbò náà, adáriu ẹka ilé iṣẹ́ ọlọ́pàá náà sì gbà láti tẹ̀lẹ́ wá lọ. Nígbà tí a de Igangan, à tún bá àwọn 'ọlọ́pàá operation Burst' a lọ sínú ]ilú náà rán pẹ́ asì pada lẹ́sẹ̀kẹsẹ̀ láti lọ sọ fún àwọn ọlọ́pà''a. Ìbéérè mi ni pé, ṣe ọ̀gá ọlọ́pàá yóà máa wò wá kí a lọ má dáná sun ilé Seriki? Sé ọlọ́pàá Operation Burst yóò jk kí a lọ tí a bá dáná sun ilé Seriki? Kò sí nkan tó jọ bẹ́ẹ̀ nígbà tí a wà níbẹ̀ nítorí náà àwa kọ́ ni a dáná sun ilé Seriki Fulani. Sunday Igboho wa gba gbogbo ọmọ Kárọ̀-oojíre nímọ̀ràn pé kí wọ́n wà ní ìṣọ̀kàn kí wọ́n sìmì ọ̀rọ̀ òṣèlú ṣíṣe lórí ǹkan tó niṣe pẹlú igbésí ayé àwọn ènìyàn.",supports,nei,nei,False,yoruba,Sunday Igboho preceded the police to Seriki's house in Igangan with courage after he was accused of breaking into the house to prove that he knew nothing about it.,"Is it true that Sunday Igboho burnt the house of Seriki Fulani in Igangan? Let me explain to be clear. ""When I arrived in Eruwa, I presented myself at the police station, and I said something when I came to the area, and the head of the police station agreed to accompany us. When we arrived in Igangan, we went to the city with the 'operation Burst police' and sent them back immediately to tell the police."" I said, will the police officer ask us not to burn Seriki's house? Will the police force let us go if we burn Seriki's house? There was nothing like that when we were there, so we did not burn Seriki's house. Sunday Igboho advised all the children of Karo-oojire to stay calm. It is important to talk about politics on things that have to do with people's lives.",supports,nei,nei,False,supports,yoruba,nei,nei,False,False,wrong_to_wrong
afrifact_data_culture_hausa_178,hausa,An samar da gidan namun daji a Kano a shekarar alif 2000.,"Yana ɗaya daga cikin tsofaffi kuma mafi girma ga lambunan dabbobi a Najeriya, wanda ya mamaye fili kimanin kadada 46. Tarihi.",nei,nei,nei,True,hausa,A zoo was established in Kano in 2000.,"It is one of the oldest and largest zoos in Nigeria, covering an area of ​​about 46 hectares. History.",nei,nei,nei,True,nei,hausa,nei,nei,True,True,correct_to_correct
afrifact_data_culture_igbo_481,igbo,Lawrence Ifeanyi Ugwuanyi bụ eze ọdịnaala ndị Ovoko dị n'ime ime obodo Igboeze Federal Constinuency nke Enugu State.,Ọ bụ Onye otu ụlọ nnọchiteanya nke of Nigeria ruo afọ iri na abụọ. Ọ bụ onye so na (PDP) onye nọchitere anya Igboeze North / Udenu Federal Constinuency nke Enugu State.,refutes,nei,nei,False,igbo,Lawrence Ifeanyi Ugwuanyi is the traditional king of the Ovoko people in Igboeze Federal Continuity of Enugu State.,He was a Member of the House of Representatives of Nigeria for twelve years. He is a member of the (PDP) representing Igboeze North/Udenu Federal Constituency of Enugu State.,refutes,refutes,refutes,True,refutes,igbo,nei,refutes,False,True,wrong_to_correct
afrifact_data_culture_hausa_514,hausa,Duk abinda aka aikata a gaban Annabi (S.A.W) ya zama sunna.,"Asalin sunan ya zo ne daga kalmar Sunna , wato koyi da yin dukkan abun da Annabi (S.A.W.) ya aikata, ko ya yi umarni, da a aikata ko kuma aka aikata shi a gabansa amma baiyi hani akan abun da aka aikatan ba.",refutes,refutes,refutes,True,hausa,Everything that was done before the Prophet (S.A.W) became Sunnah.,"The origin of the name comes from the word Sunna, that is to learn and do everything that the Prophet (S.A.W.) did, or ordered, to be done or was done before him but he did not prohibit what was done.",refutes,refutes,refutes,True,refutes,hausa,refutes,refutes,True,True,correct_to_correct
afrifact_data_culture_igbo_447,igbo,Mba Nigeria nwere steeti iri atọ na isii ndị e ji ịrụ ọrụ na ịgba mbọ wee mara,"Ejidere Kanu maka ebubo aghụghọ na dị na Nigeria na ka ọnwa Ọktọba dị na mkpụrụ ụbọchị iri na anọ na afo 2015 wee jidere ya ihe karịrị otu afọ, n'agbanyeghị iwu dị iche iche ụlọ ikpe nyere maka ịhapụ ya.",nei,nei,nei,True,igbo,Nigeria has 36 states that are known for their work and efforts,"Kanu was arrested on charges of fraud in Nigeria on October 14, 2015 and has been detained for over a year, despite various court orders for his release.",nei,nei,nei,True,nei,igbo,nei,nei,True,True,correct_to_correct
afrifact_data_culture_yoruba_383,yoruba,"Àwọn fídíò tó ń lọ káàkiri orí Íńtánẹ́ẹ̀tì fi hàn pé àwọn òṣìṣẹ́ ń jẹ́ kí àwọn àlejò pàtàkì fi ọwọ́ kan òkúta náà ní ìkọ̀kọ̀, èyí tó fi hàn pé níṣe ni wọ́n ya àwọn kan sọ́tọ̀ tí òfin náà ò lè múnáà sílò.","Yatọ si Ka'abah, awọn alalaji ko tun ni fọwọ kan okuta dudu ti a mọ si Hajar Aswad, ti wọn si tun gbọdọ fi aye ijina sira ẹni iwọn mita kan ati aabọ si ara wọn silẹ, lasiko ti wọn ba n ṣe ijọsin . Ọpọ musulumi ni ko ni lanfani lati kopa ninu Hajj tọdun yii, nitori bi Saudi ti kede pe, eeyan diẹ ni yoo kopa ninu ijọsin yii, to jẹ opo kan pataki ninu ẹsin Islam.",refutes,nei,nei,False,yoruba,"Videos circulating on the Internet show that officials allow special guests to touch the stone in secret, which shows how some people are isolated from the law.","Apart from the Ka'abah, worshipers will not touch the black stone known as Hajar Aswad, and they must also leave a distance of one meter and welcome to each other, while they are worshiping. Many Muslims will not have the opportunity to participate in this year's Hajj, because as Saudi has announced that, few people will participate in this church, which is an important group in the Islamic religion.",refutes,nei,nei,False,refutes,yoruba,nei,nei,False,False,wrong_to_wrong
afrifact_data_culture_hausa_674,hausa,Kowacce ƙasa tana samun cigaba ne idan tanada tsaro sosai.,Ta ce bincikenta ya nuna cewa jami'an tsaro sun kashe mutane akalla 18 daga lokacin da dokar takaita zirga-zirgar ta soma aiki a ranar 30 ga watan Maris.,nei,nei,nei,True,hausa,Every country gets development if it has good security.,She said her investigation showed that security forces have killed at least 18 people since the curfew came into effect on March 30.,nei,nei,nei,True,nei,hausa,nei,nei,True,True,correct_to_correct
afrifact_data_culture_igbo_036,igbo,"N'ime ụdị ihe abụọ e ji arụ ọja, nke na-aka anọte aka bụ nke osisi ","N'ime ụdị ihe abụọ a e ji arụ ya, nke osisi na-aka nọtee aka ruo ogologo oge. ",supports,supports,supports,True,igbo,"Of the two types of construction materials, the most common is wood","Of these two types of construction materials, the one made of wood has been used for a long time.",supports,nei,nei,False,supports,igbo,supports,nei,True,False,correct_to_wrong
afrifact_data_culture_igbo_086,igbo,Ji ahụrụ ahụ bụ ji e ji eme emume iri ji ọhụrụ.,Ọ bụ ya ka e ji eme emume iri ji ọhụrụ.,supports,supports,supports,True,igbo,Seeing the body is used to celebrate the New Year.,It is what is used to celebrate the New Year.,supports,refutes,refutes,False,supports,igbo,supports,refutes,True,False,correct_to_wrong
afrifact_data_culture_hausa_523,hausa,Gwamnatin Najeriya ce ta bada umarnin kashe Sheikh Ja'afar Mahmud Adam.,"Duk da yake wasu sun ce , wata kungiya mai tsattsauran ra'ayi, ta kashe Sheikh din, wasu sun ce Mista Shekarau, gwamnan Kano a lokacin, na iya kasancewa da alhakin saboda malamin yana daya daga cikin manyan masu sukar sa.",refutes,nei,nei,False,hausa,The Nigerian government ordered the killing of Sheikh Ja'afar Mahmud Adam.,"While some said that a radical group killed the Sheikh, others said that Mr. Shekarau, the governor of Kano at the time, could be responsible because the teacher was one of his biggest critics.",refutes,nei,nei,False,refutes,hausa,nei,nei,False,False,wrong_to_wrong
afrifact_data_culture_hausa_464,hausa,Talakawa da yawa suna rabauta da zakkar da masu kuɗin Kano ke fitarwa a lokacin azumin ramadana.,"Ana fitar da ita ne daga cikin dukiyar da ya mallaka wanda ya haɗa da tsabar , kadara, da kuma ma'adanai wanda yakai tsawon wani adadi na musamman sannan kuma ta kai wani lokaci keɓantacce zuwa ga waɗansu keɓantattun .",nei,nei,nei,True,hausa,Many poor people share the zakat that Kano's rich people give out during the Ramadan fast.,"It is taken out of the wealth that he owns which includes coins, property, and minerals which is up to a certain amount and it reaches a specific time to some of them.",nei,nei,nei,True,nei,hausa,nei,nei,True,True,correct_to_correct
afrifact_data_culture_hausa_117,hausa,Najeriya ƙasa ce da ta ke tutiya da arziƙin man fetur.,Ya halarci Makarantar Sakandaren Gwamnati ta Biu a Jihar Borno tsakanin shekarar 1977 zuwa shekarar 1982.,nei,nei,nei,True,hausa,Nigeria is a country that thrives on oil wealth.,He attended Biu Government Secondary School in Borno State between 1977 and 1982.,nei,nei,nei,True,nei,hausa,nei,nei,True,True,correct_to_correct
afrifact_data_culture_yoruba_377,yoruba,Àwọn ará-ìlú kọ̀ láti gbóríyìn fún Oṣinbajo fún iṣẹ́ takuntakun tó ṣe láti ri pé ètò ọrọ̀-ajé  ń lọ bó ṣe yẹ.,"Ko si idi meji tawọn ọmọ orilẹ-ede Naijiria fi n kan saara si Ọjọgbọn Oṣinbajo, ju awọn igbesẹ akọ to gbe lasiko to fi n dele fun aarẹ Muhammadu Buhari fun ọjọ mẹwaa to lọ lo fun isinmi laipẹ ati latẹyin wa. Amọ ṣa, gẹgẹ bii oloṣelu to wa lati ẹkun guusu orilẹ-ede Naijiria, ko daju pe Ọṣinbajo yoo lee dide dije fun ipo aarẹ lasiko idibo apapọ ọdun to n bọ, nitori ilana yan-ki-n-yan eleyi ti wọn fi le ori eto idipo-mu laarin ẹkun ariwa ati guusu orilẹ-ede naa. 'Ipaniyan ati ifiyajẹni lọna ti ko bofinmu lọwọ awọn ọlọpaa' Laipẹ yii ni Ọjọgbọn Ọṣinbajo paṣẹ atunto ikọ agbenawoju awọn adigunjale, FSARS ti o ti di atobi-maṣee-bawi bayii nitori oniruru ẹsun iwa ibajẹ ti wọn fi n kan wọn.",refutes,nei,nei,False,yoruba,The citizens refused to praise Osinbajo for the hard work he did to see that the economy was going as it should.,"There are no two reasons why Nigerians are so angry with Professor Oşinbajo, than the steps he took during his visit to President Muhammadu Buhari for the last ten days he spent on vacation recently and after us. Amso, like a politician from the southern part of Nigeria, is not sure that Osinbajo will be able to compete for the position of president during next year's general election, because of the pick-and-pick process that they put on the system of representation between the north and south of the country. 'Unlawful killing and punishment by the police' Recently, Professor Osinbajo ordered the reorganization of the armed forces of robbers, FSARS, which has now become too big because of the various accusations of corruption against them.",refutes,nei,nei,False,refutes,yoruba,nei,nei,False,False,wrong_to_wrong
afrifact_data_culture_hausa_321,hausa,Goro ana yawan amfani da shi wajen shirya abin sha mai ɗanɗano wanda yake bada kuzari musamman ga matasa a Afirka.," wa lafiyar ɗan’adam kamar yadda ake ta yayatawa, binciken masana ya tabbatar da cewa, “Amfanin goro ga lafiyar ɗan’adam ya fi illolinsa yawa”, Ugwu da Tawagarsa (2020). Yana washe (wanke) baki, yana ƙara kuzari, yana gusar da yunwa da ƙishin ruwa, yana wartsakar da jiki sannan kuma yana ɗauke da sinadaran magani da sauran abubuwa masu tarin yawa (Lovejoy, 1980) A kimiyyance ana kiran itaciyar da ",nei,nei,nei,True,hausa,Nuts are often used to prepare a tasty drink that gives energy especially to young people in Africa.,"to human health as it has been rumored, expert research has confirmed that, ""The benefits of walnuts for human health are more than its harmful effects"", Ugwu and his team (2020). It washes the mouth, increases energy, quenches hunger and thirst, refreshes the body and contains many medicinal and other substances (Lovejoy, 1980).",nei,nei,nei,True,nei,hausa,nei,nei,True,True,correct_to_correct
afrifact_data_culture_yoruba_045,yoruba,"Eégún Alábala ni ó máa ń pidán, eégún Apẹ̀sà ni ó máa ń kọrin ki àwọn ènìyàn nígbà tí eégún Aláago jẹ́ eégún onífàájì",Àwọn wọ̀nyí ni wọ́n ma ń pidán tí wọ́n sì ma ń yí . Egúngún Apẹ̀ṣà. Irúfẹ́ àwọn egúngún wọ̀nyí ló m a ń kọrin ki àwọn ènìyàn. Egúngún Aláago. Àwọn eégún wọ̀nyí jẹ́ egúngún oní fàájì àti bbl. Orúkọ tí wọ́n ń pe àwọn egúngún wọ yí tún yàtọ̀ síra wọn ní ìlú sílú ati àdúgbò sí àdúgbò. Ìtàn nípa Egúngún [ | ] Onirunrun itan lo ro mo Iwasayi tabi ibere egungun sugbon eyi ti a o salaye ni Itan akoni ti a mo si Ogogo omo kulodo.,supports,nei,nei,False,yoruba,"The curse of Alabala is the curse, the curse of Apesa is the one who sings to people while the curse of Aláago is the curse of leisure",These are the ones who keep twisting and turning. The Bone of the Fisherman. I am singing to the people about the beauty of these bones. The Clock's Bone. Àwọn eégún wọ̀nyí jẹ́ egúngún oní fàájì àti bbl. The names they call these bones also differ from city to city and community to community. The Story of Bones [ | ] The story teller thinks Iwasayi or the beginning of the bones but what we will explain is the story of the hero known as Ogogo son of kulodo.,supports,nei,nei,False,supports,yoruba,nei,nei,False,False,wrong_to_wrong
afrifact_data_culture_hausa_096,hausa,Malaman makaranta guda 22000 ne suka rasa aiki sakamakon wani garanbawul da Nasir El-Rufa'i ya yiwa ma'aikatar ilimi a jihar Kaduna.,"gwamna, El-Rufai ya fara aiwatar da garambawul a fannin ilimi da nufin sake fasalin yanayin ilimi a jihar. El-Rufai ya kori sama da malaman firamare 22,000. [ ] Gwamnatin E",supports,nei,nei,False,hausa,22000 school teachers have lost their jobs as a result of a guarantee by Nasir El-Rufai to the Ministry of Education in Kaduna State.,"The governor, El-Rufai has started the implementation of reforms in the education sector with the aim of reforming the educational environment in the state. El-Rufai sacked over 22,000 primary school teachers. [ ] The government of E",supports,nei,nei,False,supports,hausa,nei,nei,False,False,wrong_to_wrong
afrifact_data_culture_igbo_728,igbo,Onye uweojii aha ya bụ Lukmon Akanbi agbagbuola otu nwaokorobịa ya na ya nwere nghọtahie na Legọọs Aịland ụbọchị Fraịde. Ndị uweojii kpere ya ikpe ma chụọ ya n'ọrụ.,"Aka ndị uweojii akparala ofu onye otu ha ji egbe gbagbuo otu nwata nwaokorobịa na mpaghara Legọs Aịland ụbọchị Fraịde. Onye uweojii a aha ya bụ Lukmon Akanbi na nwaokorobịa aha ya bụ Ramon Adeniyi nwere obere nghọtahie o wee mịrị egbe gbatuo ya. Bala Elkana bụ ọnụ na-ekwuru ndị uweojii na Legọs kwuru na e kpeela Akanbi ikpe imeụlọ dịka iwu ndị uweojii sị dị, wee chụọ ya n'ọrụ.",supports,supports,supports,True,igbo,A police officer named Lukmon Akanbi has shot dead a young man who had a disagreement with him in Lagos Island on Friday. The police convicted him and fired him.,The police have arrested a person who shot and killed a young boy in Lagos Island on Friday. The police officer named Lukmon Akanbi and a young man named Ramon Adeniyi had a small disagreement and he shot him down. Bala Elkana who spoke to the police in Lagos said that Akanbi has been sentenced to domestic violence according to the law of the police and fired.,supports,supports,supports,True,supports,igbo,supports,supports,True,True,correct_to_correct
afrifact_data_culture_igbo_020,igbo,Abang kwuru na ya na ndị ọrụ ya ekeela nkwụcha ịhụ na ọgbatauhire ọbụla adịghị n'ụzọ ahụ n'izu a.,Abang sị na ya na ndị ọrụ ya ekeela nkwụcha ịhụ na enweghị ọgbatauhire ọbụla na ụzọ ahụ n'izu a.,supports,nei,nei,False,igbo,Abang said that he and his staff have made sure that no motorcycle is on the road this week.,Abang said that he and his staff have made sure that there are no motorcycles on the road this week.,supports,supports,supports,True,supports,igbo,nei,supports,False,True,wrong_to_correct
afrifact_data_culture_igbo_427,igbo,Alexander Ekwueme gụrụ akwụkwọ na Mahadum nke Nigeria ma nweta nzere Bachelo tupu ọ gawa ala Bekee,"Dị ka onye nwetara Fulbright Scholarship na United States of America (bụ otu n'ime ndị Naijiria mbụ nwetara onyinye ahụ), Ọ gara Mahadum Washington ebe ọ nwetara nzere bachelọ na Architecture na nhazi obodo. ",refutes,nei,nei,False,igbo,Alexander Ekwueme studied at the University of Nigeria and obtained a Bachelor's degree before moving to England,"As a recipient of a Fulbright Scholarship in the United States of America (being one of the first Nigerians to receive the award), He attended the University of Washington where he obtained a Bachelor's degree in Architecture and Urban Planning.",refutes,refutes,refutes,True,refutes,igbo,nei,refutes,False,True,wrong_to_correct
afrifact_data_culture_yoruba_167,yoruba,Táyé Taiwò gbá bọ́ọ̀lù nínú líìgì àgbábuta orílẹ̀-èdè South Africa fún ọdún márùn-ún.," International. Wọ́n ra Taiwo wá si ìpele Nigeria Premier League, sínú ẹgbẹ́ agbábọ́ọ̀lù Lobi Stars. Níbi tí ó tún ti lo ọdún kan . Olympique de Marseille [ | ] Ní ọdún 2005, nígbà tí ó pé ọmọ ogún ọdún, ẹgbẹ́ agbábọ́ọ̀lù ilẹ̀ Faranse kan ti o n je Olympique de Marseille gba Taiwo sinu iko won. Won ra Taiwo lati le ropo ogbeni Bixente Lizarazu ti o ti lo sinu egbe agbaboolu Bayern Munich. Taiwo lo gba boolu ti iko re Olympic Marseille fi jawe olubori",refutes,nei,nei,False,yoruba,Tayé Taiwo played football in the South African national league for five years.,"International. They bought Taiwo to the Nigerian Premier League, into the Lobi Stars football team. Where he also spent a year. Olympique de Marseille [| ] In 2005, when he was 20 years old, a French football club called Olympique de Marseille took Taiwo into their possession. They bought Taiwo in order to replace Mr. Bixente Lizarazu who has gone to the Bayern Munich soccer team. Taiwo took the ball and Olympic Marseille became the winner",refutes,refutes,refutes,True,refutes,yoruba,nei,refutes,False,True,wrong_to_correct
afrifact_data_culture_hausa_354,hausa,Ahmed Musa ya zura ƙwallaye biyu a nasarar Najeriya 2-0 akan Iceland a gasar cin kofin duniya ta 2018.,"Duk da cewa wasan da ya yi da Iceland ya yi fice, bai ma isa ya ajiye 'yan Afirka ta Yamma a gasar ba saboda Argentina ta fitar da su A ranar 22 ga Yuni 2018, Musa ya ci sau biyu a wasan da suka doke Iceland da ci 2-0 a rukuninsu na biyu. wasan gasar cin kofin duniya. A watan Yunin 2019 ya zama dan wasa na uku da ya fi taka leda a kungiyar kwallon kafa ta Najeriya, inda ya zarce , bayan ya bayyana a wasan sada zumunci da Zimbabwe.",supports,supports,supports,True,hausa,Ahmed Musa scored two goals in Nigeria's 2-0 win over Iceland at the 2018 World Cup.,"Although his performance against Iceland was outstanding, it was not enough to keep the West Africans out of the tournament as they were knocked out by Argentina. On 22 June 2018, Musa scored twice in a 2-0 win over Iceland in their second group match. World Cup match. In June 2019, he became the third most capped player in the Nigerian football team, surpassing him, after appearing in a friendly match against Zimbabwe.",supports,supports,supports,True,supports,hausa,supports,supports,True,True,correct_to_correct
afrifact_data_culture_yoruba_096,yoruba,"Ìrẹsì aládùn kan tí à ń fi tòmátì, àlùbọ́sà àti àwọn amóúnjẹ-ta-sánsán sè ni jọ̀lọ́ọ̀fù jẹ́.","Oúnjẹ yìí jẹ́ àdàpọ̀ ìrẹsì, tòmátì, àlùbọ́sà, àwọn èròjà amóúnjẹ-ta-sánsán, ẹ̀fọ́ àti ẹran papọ́ sínú ìkòkò kàn, pẹ̀lú èròjà, àti pé orísirísi ònà ní àwọn èèyàn ń gbà ṣe oúnjẹ yìí níbikíbi. Ìtàn àti ìpìlẹ̀ṣẹ̀ [ | ] Wọ́n tọ orírun ìrẹsì àsèpọ̀ jọ̀lọ́ọ̀fù lọsí agbègbè Sẹ̀nẹ̀gáḿbíà lábẹ ìjọba Jọ̀lọ́ọ̀fù tàbí Wọ́lọ́ọ̀fù ní ọ̀rúndún kẹrìnlá, èyí tí Sẹ̀nẹ̀gà, Gáḿbíà àti Mọriténíà máa ń dáko ìrẹsì.",supports,supports,supports,True,yoruba,"Jalofuf is a delicious rice cooked with tomatoes, onions and herbs.","This dish is a mixture of rice, tomato, onion, vegetables, herbs and meat together in a pot, with ingredients, and people cook this dish in different ways everywhere. History and background [ | ] They brought a type of mixed rice similar to the Senegalese in the region of Senegal under the kingdom of Joloofu or Wolofu in the 14th century, which Senegal, Gambia and Mauritania used to exchange rice.",supports,nei,nei,False,supports,yoruba,supports,nei,True,False,correct_to_wrong
afrifact_data_culture_hausa_171,hausa,Jihar Katsina ta samu ayyukan ci gaba sosai loƙacin mulkin soja.,Wannan turka-turka da wasu caje-caje da ke da nasaba da kuɗi su ka sa hukumar watau E.F.C.C ta gurfanar da Gwamna Shema a gaban kotu kan cajin almundahanar kuɗaɗen da suka kai kimanin biliyan goma sha ɗaya (N11 billion).,nei,nei,nei,True,hausa,Katsina State has achieved a lot of development activities during the military rule.,This push and pull and other charges that are related to money have made the commission i.e. E.F.C.C to prosecute Governor Shema before the court on charges of corruption of funds amounting to about eleven billion (N11 billion).,nei,nei,nei,True,nei,hausa,nei,nei,True,True,correct_to_correct
afrifact_data_culture_hausa_504,hausa,Littafin Alƙur'ani mai girma ya ambaci Attaura sau goma sha takwas.,"A cikin Alqur'ani [ | ] Kalmar Tawrat ta zo sau goma sha takwas a cikin Alqur'ani kuma an ambaci sunan Musa sau 136 a cikin Alqur'ani; babu inda aka rubuta cewa Musa shi kadai aka bai wa Tawrat, amma akasin haka an rubuta a cikin Alkur’ani cewa annabawa sun yi mulki da Tawrat.",nei,supports,supports,False,hausa,The Holy Qur'an mentions the Torah eighteen times.,"In the Qur'an [ | ] The word Tawrat appears eighteen times in the Qur'an and the name of Moses is mentioned 136 times in the Qur'an; nowhere is it written that Moses alone was given the Torah, but on the contrary it is written in the Qur'an that the prophets ruled with the Torah.",nei,supports,supports,False,nei,hausa,supports,supports,False,False,wrong_to_wrong
afrifact_data_culture_hausa_392,hausa,Mabiya JIBWIS suna gudanar da taruka na koyan girki da zaman lafiya a cikin al’umma.,"Jama'atu Izalatul Bidi'a Wa'Ikamatus Sunnah ( JIBWIS ). ƙungiyar addinin ce, mabiya tsira da amincin Allah su kara tabbata a gareshi. Sannan kuma an kafa wannan ƙungiyar ne a babban Birnin Jihar dake wanda babban malamin Musulunci kuma Babban Hafsan Sojan ya kafa, wato Sheikh Jos wanda kuma har yanzu Cibiyar Gudanarwa na ƙungiyar yana garin Jos a ƙarƙashin jagorancin Khalifa na farko na wannan ƙungiya wato Sheikh wanda kuma har yanzu Cibiyar Gudanarwa na kungiyar yana garin Jos a karkashin jagorancin Khalifa na farko na wannan ƙungiya wato Sheikh Ƙungiya ce da aka kafa ta da manufar yaƙi da bidi'o'i, wato ƙirqire-ƙirqire a cikin addini da kuma tabbatar da biyayya ga (Aminci Allah ya kara tabbata a gare shi) tare da abubuwan da ya zo da su daga Allah Maɗaukakin Sarki, ba tare da daɗi ko ragi ba.",refutes,nei,nei,False,hausa,Followers of JIBWIS organize meetings to learn cooking and peace in the community.,"Jama'atu Izalatul Bid'a Wa'Ikamatus Sunnah (JIBWIS). it is a religious group, the followers may be safe and secure in God's safety. And this organization was established in the capital city of the state which was founded by the great teacher of Islam and the Chief of the Army, that is Sheikh Jos and the Organization Center is still in Jos under the leadership of the first Khalifa of this organization that is Sheikh and the organization is still in Jos under the leadership of the first Khalifa of this organization that is Sheikh. trust in him) with the things he brought from God Almighty, without pleasure or loss.",refutes,nei,nei,False,refutes,hausa,nei,nei,False,False,wrong_to_wrong
afrifact_data_culture_yoruba_690,yoruba,Ìpínlẹ̀ Ọ̀yọ́ tó wà ní ìwọ̀ oòrùn orílẹ̀-èdè Nàìjíríà jẹ́ ọ̀kan nínú àwọn ìpínlẹ̀ mẹ́rindínlógójì tí orílẹ̀-èdè náà ni.,"Ìpínlẹ̀ Oyo jẹ́ ọ̀kan lára àwọn ìpínlẹ̀ Mẹ́rìndínlógójì tí ó wà ní orílẹ̀-èdè . Ìpínlẹ̀ yí wà ní Ìwọ̀ Oòrùn orílẹ̀-èdè Nàìjíríà, tí olú-ìlú rẹ̀ sì fìdí kalẹ̀ sí ìlú , tí olú-ìlú rẹ̀ sí jẹ́ ìlú kẹta tí ó lérò púpò julọ ni orílẹ̀-èdè Nàìjíríà, tí o si figbakan je ìlú Kejì tó lérò púpò julọ ní Áfríkà ri.",supports,supports,supports,True,yoruba,Oyo State in the west of Nigeria is one of the 36 states of the country.,"Oyo State is one of the 36 states in the country. This state is located in the West of Nigeria, and its capital is based in the city, and its capital is the third most populous city in Nigeria, and it is also the second most populous city in Africa.",supports,supports,supports,True,supports,yoruba,supports,supports,True,True,correct_to_correct
afrifact_data_culture_igbo_280,igbo,Ndị na-akụ azụ na ndị na-eme njem ụgbọ mmiri na Mmiri Ọnụ Ọwarị Ọgbaru na-atụ ụtụ nye gọọmentị Anambara.,"Ọ bụ ọdọ mmiri kachasị ukwuu di na Imo , Ndịda Ọwụwa Anyanwụ ; n'ime mpaghara mmiri ozuzo nke Niger . ",nei,nei,nei,True,igbo,Fishermen and those who travel by boat in the River Sum Owari Ogbaru pay taxes to the Anambara government.,"It is the largest lake in Imo, South East; in the rain region of Niger.",nei,nei,nei,True,nei,igbo,nei,nei,True,True,correct_to_correct
afrifact_data_culture_yoruba_624,yoruba,Ìpínlẹ̀ Òndó tí a tún mọ̀ sí Sunshine State jẹ́ ọ̀kàndínlógún ìpínlẹ̀ tí àwọn èèyàn pọ̀ jùlọ lórílẹ̀-èdè.,"Ondo state Tí orúkọ ìnagijẹ rẹ̀ njẹ́ ""Sunshine State"", Ondo jé ọ̀kàndìnlógún Ìpínlẹ̀ tí ó pọ̀ jùlọ ní orílẹ̀ èdè , tí ó sì jẹ́ ìpínlẹ̀ karùndínlọ́gbọ̀n tó fẹ̀ jùlọ gẹ́gẹ́ bí ìwọ̀n ilẹ̀ gbígbà.",supports,supports,supports,True,yoruba,"Ondo State, also known as the Sunshine State, is the 19th most populous state in the country.","Ondo state Nicknamed ""Sunshine State"", Ondo is the 11th largest state in the country and the 25th largest state in terms of land area.",supports,nei,nei,False,supports,yoruba,supports,nei,True,False,correct_to_wrong
afrifact_data_culture_hausa_079,hausa,Allah ya karbi ran Ado Bayero a garin Landan bayan ya sha fama da rashin lafiya.,"A ranar 6 ga watan Yuni shekarata 2014, bayan shekaru hamsin da dayayi akan kursiyin, Ado Bayero ya mutu a fadarsa",refutes,nei,nei,False,hausa,God took the life of Ado Bayero in London after suffering from illness.,"On June 6, 2014, after fifty years on the throne, Ado Bayero died in his palace.",refutes,refutes,refutes,True,refutes,hausa,nei,refutes,False,True,wrong_to_correct
afrifact_data_culture_igbo_554,igbo,"Odumeje, Rita Edochie na Ada Jesus nwere nsogbu. Rita Edochie mechara gbaghara Ada Jesus ebubo niile o boro ya.","Rita Edochie, Odumeje, Ada Jesus: 'Chukwu abọrọla m ọbọ n'isi nwada a' Onye na-eme ihe nkiri ama ama aha ya bụ Rita Edochie ekwuola na ọ gbagharala Ada Jesus bụ ọkpaọchị ama ama maka okwu ọjọọ o kwuru megide ya. O kwuru si na obi dị ya ụtọ na ụwa amarala na Ada Jesus tụgidere ya asị. ",supports,supports,supports,True,igbo,"Odumeje, Rita Edochie and Ada Jesus have problems. Rita Edochie later forgave Ada Jesus of all the accusations she made against him.","Rita Edochie, Odumeje, Ada Jesus: 'Chukwu I have taken revenge on this lady' A famous actress named Rita Edochie has said that she has forgiven Ada Jesus who is a famous actress for the bad words she said against her. He said that he was happy that the world knew that Ada Jesus hated him.",supports,nei,nei,False,supports,igbo,supports,nei,True,False,correct_to_wrong
afrifact_data_culture_yoruba_135,yoruba,Ayọ̀deji Balogun kọ́kọ́ peregedé fún àmì ẹyẹ Grammy lọ́dún 2015,"Ayodeji Ibrahim Balogun ti ọpọ mọ si Wizkid kọkọ pegede fun ami ẹyẹ Grammy pẹlu iṣẹ ajọṣepọ rẹ pẹlu olorin takasufe ilẹ Amẹrika, Drake lọdun 2015. Ilumọọka olorin ni Wizkid ti ọpọ gbagbọ pe o bẹrẹ iṣẹ orin kikọ lọmọ ọdun mọkanla. Wizkid di ẹni tu araye n sọ nipa rẹ lagba ile orin lọdun 2011 lẹyin to gbe orin ''Holla at Your Boy'' jade. 5. Seun Kuti Seun Kuti to jẹ ọkan lara awọn ọmọkunrin oloogbe Fela Kuti to n kọrin jọ ọkan lara awọn olorin ọmọ Naijiria ti wọn fa kalẹ fun ami ẹyẹ Grammy lọdun 2018.",supports,supports,supports,True,yoruba,Ayodeji Balogun was nominated for a Grammy award in 2015,"Ayodeji Ibrahim Balogun popularly known as Wizkid first qualified for the Grammy award with his collaboration with American rapper Drake in 2015. Wizkid is widely believed to have started writing music at the age of eleven. Wizkid became the talk of the town in 2011 after releasing the song ""Holla at Your Boy"". 5. Seun Kuti Seun Kuti who is one of the sons of the late Fela Kuti who is singing along with one of the Nigerian singers nominated for the Grammy award in 2018.",supports,supports,supports,True,supports,yoruba,supports,supports,True,True,correct_to_correct
afrifact_data_culture_hausa_304,hausa,Awara abinci ne mai ɗanɗano wanda aka yi gaba ɗaya da alkama,"Awara dai anayin ta ne da waken suya, inda ake niƙa waken a tace ƙullun waken a Dora Shi Akan wuta saiya taso yatausa sannan asamishi ruwan tsami Ko tsamiya zaaga yafara Hada jikinta Sai Asami buhu Ko abin Tata Mai kyau Mai tsafta adinga kwashewa sannan a tsaneta Idan ruwanta yagama fitasannan a yanka a soya a wurin soyawan wasu Sukan Saka Mata Kwai yadanganta da raayin mutum.",refutes,nei,nei,False,hausa,Awara is a savory food made entirely of wheat,"Awara is used to make soy beans, where the beans are ground and filtered, the beans are placed on the fire until it becomes soft, and the sour cream or sour cream is added to the body.",refutes,refutes,refutes,True,refutes,hausa,nei,refutes,False,True,wrong_to_correct
afrifact_data_culture_hausa_334,hausa,Dambe wasa ne na rukuni mai sauƙi wanda akeyi da ƙwallon ƙafa,Dambe fasaha ce ta gwagwarmayar Hausawa daga kasar Najeriya. Masu fafatawa a cikin wasan wasa na yau da kullun suna son su rinjayi junansu cikin jimlar kaddamarwa galibi a cikin zagaye uku. Sau da yawa yana haifar da munanan raunuka na jiki ga masu kalubalen kamar karyayyun mukamuki da hakarkari.,refutes,nei,nei,False,hausa,Boxing is a simple team sport similar to football,Boxing is a martial art of Hausas from Nigeria. Competitors in a regular game like to beat each other in total launch usually in three rounds. It often causes serious physical injuries to the challengers such as broken jaws and ribs.,refutes,refutes,refutes,True,refutes,hausa,nei,refutes,False,True,wrong_to_correct
afrifact_data_culture_yoruba_766,yoruba,Gbogbo ọbẹ̀ ni wọ́n máa ń kọ́kọ́ ṣan ewé wọn kí wọ́n tó ṣàmúlò rẹ̀.,"Ọbẹ̀ Oha jẹ́ ọbẹ̀ tó wọ́pọ̀ ní apá gúúsù mọ́ ìlà-oòrùn orílẹ̀-èdè . Ọbẹ̀ oha jẹ́ ọbẹ̀ agbègbè Ìlà-oòrùn, tó sì jẹ́ pé àwọn ará Íbò ni wọ́n sábà máa ń sè é, láti ará igi ewébẹ̀ láéláé tí orúkọ sáyẹ́ńsì rẹ̀ ń ṣe Pterocarpus mildraedii ni ọbẹ̀ náà ti ṣẹ̀.",nei,nei,nei,True,yoruba,All soups are first rinsed before using them.,"Oha soup is a common soup in the south and east of the country. Oha soup is a soup of the Eastern region, and it is usually cooked by the people of Ibo, from the evergreen tree whose scientific name is Pterocarpus mildraedii.",nei,nei,nei,True,nei,yoruba,nei,nei,True,True,correct_to_correct
afrifact_data_culture_hausa_700,hausa,Yana da kyau mutane su ke yin bincike mai zurfi kafin su je baƙon wuri don yin hutu.,"Masu bincike sun ce a mafiya yawan lokutan mutane kan tura da sakonin karya ko kuma hotonan bidiyo bogi zuwa ga sauran mutane da suke mu'amala da su a dandalin sada zumunta, inda wasu suna da mabiya fiye da 100. Daga nan ne cikin sauri sai gungun mutane su taru domin kai wa baki hari, kuma 'yan sanda ba su da isashen lokacin mayar da martani.",nei,nei,nei,True,hausa,It's a good idea for people to do a lot of research before going on vacation.,"Investigators say that most of the time, people send fake messages or fake videos to other people they deal with on social media, where some have more than 100 followers. Then a group of people quickly gathers to attack strangers, and the police do not have enough time to respond.",nei,nei,nei,True,nei,hausa,nei,nei,True,True,correct_to_correct
afrifact_data_culture_hausa_812,hausa,Muhammadu Buhari ya shafe tsawon shekaru 8 yana mulkin Najeriya.,"Masharhanta salon siyasar Najeriya na ganin ficewar 'yan majalisa da kuma wasu gwamnonin APC, babban al'amari ne da zai iya raunata matsayin Shugaba Muhammadu Buhari a majalisar dokoki, kuma wata babbar barazana ce ga takararsa a zaben 2019.",nei,nei,nei,True,hausa,Muhammadu Buhari has been ruling Nigeria for 8 years.,"The political style of Nigeria is seeing the departure of members of parliament and some governors of the APC, it is a big issue that can weaken the position of President Muhammadu Buhari in the parliament, and it is a big threat to his candidacy in the 2019 election.",nei,nei,nei,True,nei,hausa,nei,nei,True,True,correct_to_correct
afrifact_data_culture_yoruba_341,yoruba,Ọjọ́ Ìṣẹ́gun ni àwọn oníròyìn gbé ìròyìn yìí síta nípa ilé alárinrin tí Aláàfin kọ fún àwọn olorì rẹ̀.,"Ọjọ Aiku la mu iroyin wa fun yin pe Kabiyesi naa fun Olori Memunat Omowunmi ni ẹbun ile alarinrin kan nilu Ibadan. Amọ olori keji, Aishat Folasade toun naa gba ẹbun ile alarinrin mii naa ti kede sita loju opo ibanidọrẹpọ rẹ pe oriire naa kan oun.",refutes,nei,nei,False,yoruba,"On Victory Day, journalists published this news about the magnificent house built by Aláfin for its leaders.","On Sunday we bring you the news that His Majesty gifted Chief Memunat Omowunmi with a beautiful house in Ibadan. The second leader, Aishat Folasade, who also won the award, has announced on her social media that she was lucky.",refutes,nei,nei,False,refutes,yoruba,nei,nei,False,False,wrong_to_wrong
afrifact_data_culture_yoruba_181,yoruba,Ọgbẹ́ni Wọlé parọ́ fún màmá tí ó bá sọ̀rọ̀ lórí aago wípé òun wà ní kíláàsì.,"ina ṣetán láti yọwọ́ kúrò nínú sísan owó oṣù àwọn aṣòfin ìpínlẹ̀ àti Adájọ́- Fayemi Ijọba ti ni ki awọn adajọ ati aṣofin ni ipinlẹ fi ọkan balẹ nitori awọn gomina ti ṣetan lati jẹ ki wọn da duro lori owo osu wọn. Gomina ipinlẹ Ekiti ati Alaga ẹgbẹ awọn gomina lorilẹede Naijiria, Kayode Fayemi lo kede rẹ lẹyin ipade ni ile ijọ,ba ni ilu Abuja Fayemi ni ko si otitọ ninu iroyin pe awọn gomina ipinlẹ tako aba ki awọn aṣofin daduro lai si iranwọ ijọba ipinlẹ ati eto idajọ ni ipinlẹ naa pẹlu. O ni ori",nei,nei,nei,True,yoruba,Mr. Wole lied to mom when he said on the clock that he was in class.,"Ina is ready to stop paying the salaries of state legislators and Judges - Fayemi The government has asked judges and legislators in the state to calm down because the governors are ready to stop them from paying their salaries. The governor of Ekiti state and the chairman of the governors' association in Nigeria, Kayode Fayemi announced this after a meeting in the church in Abuja. He has a head",nei,nei,nei,True,nei,yoruba,nei,nei,True,True,correct_to_correct
afrifact_data_culture_hausa_525,hausa,Sheikh Ja'afar Mahmud Adam ya kasance ya na yin tafsirin alƙur'ani a duk ranar juma'a a masallacin Gadon ƙaya.,"Shiekh Ja'afar Mahmud Adam (Fabrairu 12, 1960 - Afrilu 13, 2007) ya kasance masanin addinin kuma memba na Jama'at Izalat al Bid'a Wa Iqamatus Sunnah na Najeriya, ƙungiyar addini da siyasa da ke da hedikwata a Abuja .",nei,nei,nei,True,hausa,Sheikh Ja'afar Mahmud Adam used to interpret the Qur'an every Friday at Gadon Kaya Mosque.,"Shiekh Ja'afar Mahmud Adam (February 12, 1960 - April 13, 2007) was a religious scholar and member of Jama'at Izalat al Bid'a Wa Iqamatus Sunnah of Nigeria, a religious and political organization headquartered in Abuja.",nei,nei,nei,True,nei,hausa,nei,nei,True,True,correct_to_correct
afrifact_data_culture_hausa_560,hausa,Malamai su na jindaɗi sosai yayin da su ka ga ɗalibansu na samun cigaba a ɓangaren karatunsu.,"A yawancin ƙasashe, ƙwararrun malamai ana biyan su kuɗi ne, don su koyawa ɗalibai na yau da kullun.",nei,nei,nei,True,hausa,The teachers are very happy when they see their students progressing in their studies.,"In most countries, professional teachers are paid a fee to teach regular students.",nei,nei,nei,True,nei,hausa,nei,nei,True,True,correct_to_correct
afrifact_data_culture_yoruba_323,yoruba,"Wọ́n filé pọ̀ntí, wọ́n fọ̀nà rokà níbi ìgbéyàwó ọmọ Buhari, tí ọ̀pọ̀ ènìyàn sí péjú pésẹ síbẹ̀, láìbìkítà nípa àwọn ìlànà Covid-19.","""Igbeyawo ọmọ Aarẹ Buhari jẹ ọkan gboogi lara awọn igbeyawo onirẹlẹ julọ ti awọn to n tukọ ijọba yoo ṣe ninu itan orilẹ-ede Naijiria."" Ni ti fidio kan to n tan kalẹ lori ayelujara, nibi ti tọkọ-taya ti n jo ti awọn eeyan kan si n na wọn lowo, Aliyu ni kii ṣe ile ijọba ni Abuja ni wọn ti ya fidio ọhun, ṣugbọn iṣẹlẹ naa waye lẹyin ti iyawo dele ọkọ rẹ tan ni Kaduna. Aliyu ni iyawo Aisha Buhari mọ pe arun Covid-19 ṣi wa lawujọ, nitori naa lo ṣe ri daju pe gbogbo awọn to peju sibi igbeyawo ọmọ rẹ tẹle ilana ijinasiraẹni ti awọn eleto ilera gbe kalẹ.",refutes,supports,supports,False,yoruba,"They threw a party, they threw rock at the wedding of Buhari's son, and many people gathered there, not caring about the Covid-19 regulations.","""The marriage of President Buhari's son is one of the most humble weddings that those who are building the government will do in the history of Nigeria."" Regarding a video that is spreading on the internet, where the tires are burning and some people are beating them, Aliyu said it was not the government building in Abuja where the video was taken, but the incident happened after the wife left her husband in Kaduna. Aliyu, Aisha Buhari's wife, knows that the Covid-19 disease is still prevalent in the society, so she made sure that all those attending her son's wedding follow the hygiene guidelines laid down by the health authorities.",refutes,refutes,refutes,True,refutes,yoruba,supports,refutes,False,True,wrong_to_correct
afrifact_data_culture_yoruba_043,yoruba,"Gbogbo igi ló ń juwọ́ sí Ọlọ́run Ọba, ewéko àti gbogbo àwọn ewé ilẹ̀ pátápátá.",Àwọn wọ̀nyí ni wọ́n ma ń pidán tí wọ́n sì ma ń yí . Egúngún Apẹ̀ṣà. Irúfẹ́ àwọn egúngún wọ̀nyí ló m a ń kọrin ki àwọn ènìyàn. Egúngún Aláago. Àwọn eégún wọ̀nyí jẹ́ egúngún oní fàájì àti bbl. Orúkọ tí wọ́n ń pe àwọn egúngún wọ yí tún yàtọ̀ síra wọn ní ìlú sílú ati àdúgbò sí àdúgbò. Ìtàn nípa Egúngún [ | ] Onirunrun itan lo ro mo Iwasayi tabi ibere egungun sugbon eyi ti a o salaye ni Itan akoni ti a mo si Ogogo omo kulodo.,nei,nei,nei,True,yoruba,"Every tree bows to God the King, the plant and all the leaves of the earth.",These are the ones who keep twisting and turning. The Bone of the Fisherman. I am singing to the people about the beauty of these bones. The Clock's Bone. These curses are cursed curses etc. The names they call these bones also differ from city to city and community to community. The Story of Bones [ | ] The story teller thinks Iwasayi or the beginning of the bones but what we will explain is the story of the hero known as Ogogo son of kulodo.,nei,nei,nei,True,nei,yoruba,nei,nei,True,True,correct_to_correct
afrifact_data_culture_igbo_013,igbo,"Bianca Ojukwu bụ nwaanyị nke abụọ bụ onyeisi n'ụlọọrụ ""Nigerian Stock Exchange"" ","Ọ bụ nwaanyị mbụ nọ n'oche ọchịchị dịka onyeisi n'ụlọọrụ ""Nigerian Stock Exchange"".",refutes,nei,nei,False,igbo,Bianca Ojukwu is the second female CEO of the Nigerian Stock Exchange.,She is the first woman to hold a position as the head of the Nigerian Stock Exchange.,refutes,refutes,refutes,True,refutes,igbo,nei,refutes,False,True,wrong_to_correct
afrifact_data_culture_yoruba_218,yoruba,Kò sí nínú ìbúra àwọn olóṣèlú láti pèsè ààbò tó rinlẹ̀ fún àwọn ará ìlú.,"Bakan naa ni awọ̀n oriade nilẹ́ Yoruba bii Ọ́ọni tilu Ile Ifẹ, Ọba Adeyẹye Ẹnitan Ogunwusi, Olugbọn tile Igbọn ti peju sibi ayẹyẹ naa. Ninu ọrọ ikini kaabọ rẹ, olugbalejo pataki nibi ayẹyẹ ifilọlẹ ọhun, gomina Ṣeyi Makinde ti ipinlẹ Ọyọ ni, asiko ti to fun ilẹ Yooba lati dẹruba ẹru gangan funra rẹ. Makinde tẹsiwaju pe agbẹkale Amọtẹkun waye fun igbaye-gbadun ati eto aabo to nipọn fun gbogbo ọmọ Oodua. O ni gbogbo gomina lo bura lati bọwọ fun ofin nipa ṣiṣe agbekale eto aabo ti yoo rẹsẹwalẹ fun gbogbo awọn araalu.",refutes,refutes,refutes,True,yoruba,It is not included in the oath of the politicians to provide good security for the citizens.,"Similarly, Yoruba dignitaries such as O'oni tilu Ile Ife, King Adeyeye Onitan Ogunwusi, Olugb tile Igbh attended the ceremony. In his welcome speech, the chief guest at the inauguration ceremony, governor Sheyi Makinde of Oyo state, said it is time for Yooba land to threaten the real terror itself. Makinde went on to say that the Amotekunk building is for the enjoyment of life and a strong security system for all the children of Oodua. He said every governor has sworn to respect the law by developing a security system that will work for all citizens.",refutes,refutes,refutes,True,refutes,yoruba,refutes,refutes,True,True,correct_to_correct
afrifact_data_culture_hausa_465,hausa,Masu kuɗi na iya kai zakkar su hukumar zakka da hubusi don a bayar da ita ga waɗanda su ka cancanta.,(Faqirai) A kan Tafarkin Allah (Fi sabilillihi) Bayi Waɗanda ake jansu zuwa musulunci Miskinai Matafiyi wanda bada saɓon Allah ba Waɗanda ake bi bashi Masu aiki a kan dukiyan zakka,nei,nei,nei,True,hausa,Those who have money can take their zakat to the zakat and hubusi board so that it can be given to those who deserve it.,(The poor) On the path of Allah (For the sake of reason) Servants Those who are drawn to Islam The poor The traveler who does not blaspheme Allah Those who are in debt Those who work on the wealth of Zakat,nei,nei,nei,True,nei,hausa,nei,nei,True,True,correct_to_correct
afrifact_data_culture_yoruba_557,yoruba,Oríṣi Gaàrí kan ló wà nílẹ̀ Yorùbá. Èyí sì ni Gaàrí ìjẹ̀bú.,"Garri flour Cooked garri ( ) on a plate in Cameroon Whole cassava tubers Peeled cassava pieces Ní ẹkùn ìwọ̀ oòrùn , gaàrí (tí a tún mọ̀ sí gari , galli , tàbí gali ) ó jẹ́ ìyẹ̀fun tí a rí láti ara ẹ̀gẹ́. Nínú èdè , gaàrí túmọ̀ sí ìyẹ̀fun ti , , , , , àti . Fún àpẹẹrẹ, garin dawa jẹ́ èyí tí a rí láti ara , garin masara àti garin alkama jẹ́ èyí tí a rí láti àti wíìtì bákan náà, nígbà tí garin magani jẹ́ irinṣẹ́ ìyẹ̀fun. A máa ń pò ó papọ̀ mọ́ omi tútù àti omi gbígbóná ní àwọn orílẹ̀-èdè kan ní ilẹ̀ bíi: , , , , , àti . Ẹ̀gẹ́, èyí tí ó jẹ́ egbò tí a ti rí gaárí , ó kún fún àwọn èròjà tí ó pọ̀. Gaàrí tún fara jọ tí orílẹ̀-èdè , tí wọ́n máa ń lò láti pèsè àwọn onírúurú oúnjẹ, pàápàá jùlọ ní Ìpínlẹ̀ . Bí a ṣe ń ṣe é [ | ] Process of garri making Láti ṣe ìyẹ̀fun gaàrí , a máa wú , bẹ ẹ́, lẹ́yìn náà ni a máa fọ̀ ọ́ tónítóní kí á tó gún un. A le fi òróró sí i kí a tó dà á sínú àpò, lẹ́yìn náà ni a máa gbé e sí abẹ̀ ẹ̀rọ tí a fi máa fún un fún wákàtí kan sí wákàtí mẹ́rìnlélógún láti fún àwọn omi tí ó wà lára rẹ̀. Lẹ́yìn tí ó bá gbẹ tán ni a máa yan án nínú agbada ńlá, a le fi òróró sí i tàbí kí a má fi sí i. Lẹ́yìn èyí ni ó máa fún wa ní Gaàrí, a le rọ́ pamọ́ fún ọjọ́ pípẹ́. A le gún un lódó tàbí kí á lọ̀ ọ́ lẹ́rọ láti fún wa ní ìyẹ̀fun. Gaàrí pín sí oríṣiríṣi, lébú, èyí tí kò kúná àti èyí tí kò kùnà púpọ̀, èyí tí a le lò láti ṣe onírúurú oúnjẹ.",refutes,nei,nei,False,yoruba,There is a type of Gaari in Yoruba land. And this is Gaari the curse.,"Garri flour Cooked garri ( ) on a plate in Cameroon Whole cassava tubers Peeled cassava pieces In the western region, garri (also known as gari, galli, or gali) is a flour obtained from the body of cassava. In the language, sugar means the powder of , , , , , and . For example, garin dawa is obtained from flesh, garin masara and garin alkama are obtained from wheat as well, while garin magani is a flour tool. We mix it together with cold and hot water in some countries such as: , , , , , and . Egeg, which is a sore that we have seen, is full of many ingredients. Gaari is also similar to that of the country, which is used to prepare different types of food, especially in the state. How we do it [ | ] Process of garri making To make garri powder, we will boil it, then we will wash it clean before we grind it. We can add oil to it before pouring it into the bag, then we will put it under the machine where we will give it for one hour to twenty-four hours to give the water that is on it. After it is dry, it will be baked in a large bowl, we can add oil or not. After this he will give us Gaari, we can hide for a long day. We can stab him or use him to give us flour. Salt is divided into different types, lebu, which does not fail and which does not fail much, which can be used to make different kinds of food.",refutes,nei,nei,False,refutes,yoruba,nei,nei,False,False,wrong_to_wrong
afrifact_data_culture_igbo_191,igbo,Ndị Awụsa bụ ndị bi ne ebe ugwu nke Ọ̀hà Delta na Ọ̀hà Rivas,Ọ bụkwa ndi Ìgbò bi na ebe ugwu nke Ọ̀hà Delta na Ọ̀hà Rivas.,refutes,nei,nei,False,igbo,The Awsa people live in the northern parts of Delta and Rivas,It is also the Igbo people who live in the northern part of Delta River and River Rivas.,refutes,refutes,refutes,True,refutes,igbo,nei,refutes,False,True,wrong_to_correct
afrifact_data_culture_hausa_211,hausa,Gidan Arewa gini ne da ya kasance wurin ajiyar kayan yaƙin turawan mulkin mallaka.,"An yi amfani da gidan a matsayin cibiyar bincike tun daga shekarar 1970, bayan da aka ba kwamitin da aka sani da Kwamitin Tarihin Arewacin Najeriya alhakin rubuta littafi akan tarihin Arewacin Najeriya.",refutes,nei,nei,False,hausa,The North House is a building that used to be a storage place for British colonial war equipment.,"The house has been used as a research center since 1970, after a committee known as the Committee on the History of Northern Nigeria was tasked with writing a book on the history of Northern Nigeria.",refutes,nei,nei,False,refutes,hausa,nei,nei,False,False,wrong_to_wrong
afrifact_data_culture_hausa_537,hausa,Ya halarta ayi sallah guda biyu da alwala ɗaya.,"idan ka samu ruwa mai kyau (Mai tsarki ) wanda yake tsarkakewa da kansa, bayan kayi tsarki wanda shari'a ta zo da shi wato a musulunce. Sai ka samu guri mai tsarki ka zauna, sai ka ajiye abun alwalanka a gefen dama idan budadde ne, idan kuma rufaffe ne sai ka ajjiye sa a bangarenka na hagu.",nei,nei,nei,True,hausa,He attended two prayers and one ablution.,"if you get good (pure) water that purifies itself, after you have purified yourself, which the law has brought, that is, in Islam. Then you find a holy place and sit down, then put your ablution item on the right side if it is open, and if it is closed, you should put it on your left side.",nei,nei,nei,True,nei,hausa,nei,nei,True,True,correct_to_correct
afrifact_data_culture_hausa_472,hausa,Mai azumi na iya saduwa da iyalinsa kafin rana ta faɗi.,Azumi shi ne kamewa daga barin cin abinci ko sha ko jima'i (saduwan tsakanin namiji da mace) ko shan taba ko allura ta abinci daga ketowar alfijir nabiyu har zuwa faduwan rana.,refutes,nei,nei,False,hausa,The fasting person can meet his family before sunset.,"Fasting is abstaining from eating, drinking, having sex (sexual intercourse between a man and a woman) or smoking or injecting food from the beginning of dawn until sunset.",refutes,nei,nei,False,refutes,hausa,nei,nei,False,False,wrong_to_wrong
afrifact_data_culture_yoruba_118,yoruba,Òpópónà tuntun tí wọn ń ṣe láti Èkó sí Calabar yóò jẹ́ kí ètò ọ̀rọ̀ ajé rú gọ́gọ́ síi.,"Ṣùgbọ́n gbogbo bẹ́líìtì àmìn ẹ̀yẹ yìí ni Anthony Joshua gbà padà báyìí. Bákan náà, òun ni alámì ẹ̀yẹ tí British and Commonwealth Heavyweight láti ọdún 2014 sí 2016. Àwọn Ìtọ́kasí [ | ] Penn, Matt (2019-12-08).",nei,nei,nei,True,yoruba,The new road that they are building from Lagos to Calabar will make the economy even more chaotic.,"But Anthony Joshua has now taken back all of these championship belts. Also, he was the British and Commonwealth Heavyweight champion from 2014 to 2016. References [ | ] Penn, Matt (2019-12-08).",nei,nei,nei,True,nei,yoruba,nei,nei,True,True,correct_to_correct
afrifact_data_culture_hausa_238,hausa,An gina kasuwar kurmi a cikin gundumar sahara.,"An kafa kasuwar Kurmi a cikin karni na goma sha biyar (15) a matsayin cibiyar kasuwanci da adana kayayyaki don cigaban kasuwanci a cikin birni, sakamakon fadada kasuwancin yanki da Sahara. An Kuma gina ta a cikin gundumar Jakara na cikin birni. ",refutes,nei,nei,False,hausa,A forest market was built in the Sahara district.,"The market of Kurmi was established in the fifteenth century (15) as a center of trade and storage of goods for the development of business in the city, as a result of the expansion of trade in the region and the Sahara. It was built in the Jakara district of the city.",refutes,refutes,refutes,True,refutes,hausa,nei,refutes,False,True,wrong_to_correct
afrifact_data_culture_hausa_429,hausa,Mabiya addinin shi'a su na da karanci a Nigeria idan aka kwatanta su da 'yan darika.,"Shi ne ya kafa ƙungiyar 'yan' uwa ko kuma ace muslim brothers a shekara ta alif 1979 a Zaria, mutanen gari kuma na ce masu 'yan Shi'a ko ' yan Burazas .",nei,nei,nei,True,hausa,The followers of the Shia religion are in short supply in Nigeria when compared to the sectarians.,He is the one who founded the Muslim brothers group in 1979 in Zaria.,nei,nei,nei,True,nei,hausa,nei,nei,True,True,correct_to_correct
afrifact_data_culture_igbo_608,igbo,Otu ọgbọ bụ ndị na-ahụ na obodo gara nke ọma ma ndị ụmụnna nye iwu. Ha na-edebe obodo ọcha na-agakwa agha mgbe ọgụ dapụtara,"Otu ọgbọ - Nke a bụ otu ebe ndị bụ ọgbọ dịka ụmụnwoke a mụrụ n'otu oge. ha bụ ndị na-ahụ maka nchekwa obodo niile. Ha bụkwa ndị na-aga agha maọbụ ọgụ oge ọbụla ọgụ dapụtara. Ha bụ ndị na-ekpocha ụzọ, mmiri na ahịa ma o nwee ihe gbochiri ya maọbụ na mmiri buru ahịhịa nọchie ụzọ. Ọ bụkwa ha na-emepụta ihe ọbụla otu ụmụnna maọbụ ndị nze na ọzọ nyere n'iwu dịka ọ bụrụ na o nwere onye a ga-achụpụ n'obodo maọbụ onye a ga-amachị.",supports,nei,nei,False,igbo,One generation is those who see that the country is successful and the brothers give orders. They keep the country white and go to war when a fight breaks out,"A generation - This is a group of people who are the same age as men who were born at the same time. they are responsible for the security of the entire country. They are also the ones who go to war or fight whenever there is a fight. They are the ones who clean the road, water and market if there is something blocking it or the water is filled with trash. It is they who create anything that a group of brothers or elders and others have ordered, such as if there is someone who will be expelled from the country or someone who will be punished.",supports,supports,supports,True,supports,igbo,nei,supports,False,True,wrong_to_correct
afrifact_data_culture_igbo_697,igbo,R.Kelly mara onwe ya ikpe n'ebubo niile e boro ya.,R. Kelly sị na aka ya dị ọcha n'ebubo mmetọ ọhụrụ Otiegwu a ma ama na mba Amerịka bụ R.Kelly ekwuola na aka ya dị ọcha n'ebubo na o metọrọ ụmụaka iri na atọ na Chicago gụnyere ebubo onye ọhụru. Onye nke ọhụrụ a kpọrọ 'Minor Six' so na ebubo ọ hụụ ahụ.,refutes,nei,nei,False,igbo,R.Kelly pleaded guilty to all charges against him.,"R. Kelly says he is innocent of the new molestation charges The famous American singer, R. Kelly, has said he is innocent of the allegations that he molested 13 children in Chicago, including a witness. A new person called the 'Minor Six' is among the accused.",refutes,refutes,refutes,True,refutes,igbo,nei,refutes,False,True,wrong_to_correct
afrifact_data_culture_hausa_599,hausa,Sheikh Qaribullah ya auri mata biyu yana da shekaru ashirin da biyu.," cikin sababbin tufafi, a yi shi zuwa kwankwasa, ko kuma a yi amfani da shi. Yawancin matakan da ake amfani da su wajen yin tufafi daga karce (saka, yin kira, yankewa, gyare-gyare, da sauransu) na nufin cewa mata sukan yi musayar kwarewarsu ta wata fasaha da juna. Ayyukan allura na ado irin su kwankwasa fasaha ce mai kima, kuma 'yan mata masu lokaci da hanyoyin za su yi aiki don gina kwarewar su a wannan yanki. Tun daga tsakiyar zamanai zuwa karni na 17, kayan aikin dinki i",nei,nei,nei,True,hausa,Sheikh Qaribullah married two women at the age of twenty-two.,"in new clothes, make it into a quilt, or use it. The many steps used in making clothes from scratch (weaving, making, cutting, repairing, etc.) means that women often share their skills with each other. Decorative needlework such as needlework is a valuable skill, and girls with the time and means will work to build their skills in this area. From the Middle Ages to the 17th century, sewing tools i",nei,nei,nei,True,nei,hausa,nei,nei,True,True,correct_to_correct
afrifact_data_culture_yoruba_757,yoruba,Ìṣẹ̀lẹ̀ apànìyàn yìí wáyé ní ìlú Ìjẹ̀ṣà ní Ìdómínàà ní pàtó.,"Tí a bá sọ̀rọ̀ nípa àwọn tí ó wà ní abẹ́ Ìjẹ̀sà, ọ̀pọ̀lọpọ̀ ìlú ni a lè rí tọ́kasí lábẹ́ wọn. Lára àwọn ìlú wọ̀nyí ní a tí rí ìlú ńláńlá àti kékeré. Àwọn ìlú naa nì wọ̀nyí (1) Ìpólé (2) Ìrógbó (3) Ìwukùn (4) Ìbòdì (5) Ìtapá (6) Òdò (7) Olówu (8) Ìperindó (9) Ìlokò (10) Ìwáráya (11) Ìsè-Ìjẹ̀sà (12) Ìlérín (13) Ìjẹ̀bú- Jẹ̀sà (14) Ìpetu- jẹ̀sà (15) Èrìn –Ìjèsà (16) Ìdómínàà (17) Ìlásè (18) Ìlówá (19) Ìkíyìnwá (20) Ifẹ̀wàrà (21) Èsà-òkè (22) Èsà-odò (23) Ìbòkun (24) Òtan-ilé (25) Ìmèsí-ilé (26) Òsú (27) Ìpetu-ilé (28) Ìlàrè (29) Ìlayè (30) Ìtagúnmodu (31) Mogbàrà (32) Òmò (33) Ìgángán (34) Ilésà gan-an (35) Ẹ̀rìnmọ̀ Ìjẹ̀sà",nei,nei,nei,True,yoruba,This murderous incident took place in the city of Ijessa in Idominaa specifically.,"If we talk about those who are under Sin, many cities can be found under them. Among these cities we have seen big and small cities. The cities are these (1) Ipole (2) Forest (3) Iwungung (4) Ibode (5) Itapa (6) River (7) Olowu (8) Iperindo (9) Iloko (10) Iwaraya (11) Ijesa-Ijesa (12) Ilejesa (13) Ijebesa-Jessa (14) Ipetu-jesa (15) Erin -Ijesa (16) Idominaa (17) Ilase (18) Ilowa (19) Ikifwa (20) Love (21) Esa-oke (22) Esa-odo (23) Ibokun (24) Otan-ile (25) Imese-ile (26) Osu (27) Ipetu-ile (28) Ilare (29) Life (30) Itagunmodu (31) Mogbara (32) Son (33) Existence (34) Very Healing (35) Sin",nei,nei,nei,True,nei,yoruba,nei,nei,True,True,correct_to_correct
afrifact_data_culture_yoruba_414,yoruba,Boko Haram ni wọ́n dá sílẹ̀ láti jẹ́ ẹgbẹ́ tí kì í ṣe oníwàhálà pẹ̀lú àfojúsùn láti ṣe àfọ̀mọ́ ìlànà ẹ̀sìn Islam ní ẹ̀kun Àríwá orílẹ̀-èdè Nàìjíríà.,"Ni ọdun 2002 ni wọn da ẹgbẹ Boko Haram silẹ, gẹgẹ bii ẹgbẹ ti kii se oniwahala pẹlu afojusun ati ṣe afọmọ ilana ẹsin Islam lẹkun ariwa orilẹede Naijiria. Amọṣa ẹgbẹ naa yi pada di agbebọn ninu ilepa awọn afojusun rẹ. Kii ṣe orilẹede Naijiria nikan ni Boko Haram wa mọ bayii, itakun rẹ ti kan de awọn orilẹede to fẹgbẹkẹgbẹ pẹlu Naijiria bii Chad, Niger ati Cameroun. Ọkẹ aimoye awọn eeyan ni wọn ti ran lọ sọrun apapandodo, ti awọn bi miliọnu meji miran si ti di atipo. Boko Haram kii ye ji awọn akẹkọ gbe eleyi to mu ki oju orilẹede agbaye ṣi si ọdọ rẹ lọdun 2014, lẹyin to ji nnkan bii ọọdunrun akẹkọbinrin gbe nileewe kan to wa ni ilu Chibok nipinlẹ Borno, ipinlẹ ti Boko Haram ti kọkọ di agbebọn. Ni ọdun 2015, Boko Haram gba idanimọ gẹgẹ bii ẹgbẹ agbesunmọmi to buru julọ lagbaye, gẹgẹ bi ajọ to wa fun ọrọ aje ati alaafia lagbaye ṣe sọ.",supports,supports,supports,True,yoruba,Boko Haram was created to be a non-violent group with the aim of spreading Islamic principles in the Northern part of Nigeria.,"In 2002, they founded Boko Haram, as a non-terrorist group with the goal of purifying the Islamic religion in northern Nigeria. The idol of the group turned into a gunman in the pursuit of his goals. Boko Haram is not only in Nigeria now, its influence has reached neighboring countries such as Chad, Niger and Cameroun. Countless thousands of people have been sent to heaven, and another two million have become settlers. Boko Haram should not abduct students, which made the eyes of the world open to him in 2014, after abducting about a hundred female students from a school in Chibok, Borno state, the state where Boko Haram first became a terrorist. In 2015, Boko Haram was recognized as the world's worst terrorist group, according to the Organization for Economic Co-operation and Development.",supports,supports,supports,True,supports,yoruba,supports,supports,True,True,correct_to_correct
afrifact_data_culture_yoruba_719,yoruba,"Nígbà ìbárà yìí,  àwọn láàárín Ìjẹ̀bú máa gbé oúnjẹ wá láti gba iyọ̀. ","Bàbá Kutere jẹ́ ní Ìpínlẹ̀ Èkó nígbà àwọn ọdún 1700s. Nígbà tí Kutere wà lórí oyè, ìbárà láàrin Èkó àti and Ijebu wọ́pọ̀ si, àwọn Ìjẹ̀bú gbé oúnjẹ wá láti gba iyọ̀, tobacco, spirits, àti àwọn ìkan míràn tí àwọn",supports,supports,supports,True,yoruba,"During this time, the people of Ijebu will bring food to get salt.","Kutere's father was in Lagos State during the 1700s. When Kutere was in power, the friendship between Lagos and Ijebu increased, the Ijebu people brought food to get salt, tobacco, spirits, and other things that they",supports,nei,nei,False,supports,yoruba,supports,nei,True,False,correct_to_wrong
afrifact_data_culture_hausa_371,hausa,Bikin Argungu yana da tarihi tun daga 1934 kuma yana da muhimmanci ga tattalin arziki da al’ummar yankin.,"Bikin ya fara ne tun a shekara ta 1934, a matsayin wata alama ta kawo karshen dadaddiyar rashin jituwa tsakanin da Masarautar Kebbi. A shekara ta 2005, kifin da ya ci nasara lashe gasar, kifin yanada nauyin 75 Kg, kuma yana buƙatar mazaje huɗu dan ɗora shi akan ma'aunin. A shekara ta 2006 bikin ya hana kamun kifi saboda matsalolin tsaro da suka shafi karancin ruwa. Mahimmancin bikin ga tattalin arziki ya sa gwamnati ta kiyaye kifin ta hanyar hana amfani da gidan sauro da raga . ",supports,supports,supports,True,hausa,The Argungu festival has a history since 1934 and is important for the economy and the people of the region.,"The festival started in the year 1934, as a symbol of the end of the old disagreement between the Kingdom of Kebbi. In 2005, the winning fish weighed 75 kg and required four men to weigh it. In 2006, the festival banned fishing due to safety concerns related to water scarcity. The importance of the festival to the economy has made the government protect the fish by prohibiting the use of mosquito nets.",supports,supports,supports,True,supports,hausa,supports,supports,True,True,correct_to_correct
afrifact_data_culture_yoruba_217,yoruba,Kìkìdá àwọn akẹ́kọ̀ọ́ tí wọ́n bá wúlò fún àwọn olùkọ wọn ni olùkọ́ yóò rántí wọn lákòókò tí wọ́n bá nílò wọn.,"O ni Amọtẹkun ko waye lati rọpo awọn ileeṣẹ aabo to n bẹ nilẹ tẹlẹ, ṣugbọn yoo ṣiṣẹ papọ pẹlu awọn ẹṣọ aabo to ku, ki eto naa le kẹsẹjari. O ṣe afikun ọrọ wi pe, gbogbo awọn aṣoju Amọtẹkun ni yoo maa ṣe amojuto awọn agbegbe kọọkan pẹlu oye ede ati aṣa awọn agbegbe naa. Fayẹmi ṣe alaye wi pe, Amọtẹkun ipinlẹ kọọkan ni yoo maa mojuto ipinlẹ ti wọn pin wọn si lai rekọja lọ si ipinlẹ mii, ayafi ti iṣẹlẹ pajawiri ba waye.",nei,nei,nei,True,yoruba,Only those students who are useful to their teachers will be remembered by the teacher when they need them.,"He said Amotekun is not meant to replace the existing security agencies, but will work together with the remaining security guards, so that the system can be effective. He added that, all Amotekun representatives will be responsible for each area with knowledge of the language and culture of the areas. Fayemi explained that, Amotekun of each state will control the state they are divided into without crossing to my state, unless an emergency occurs.",nei,nei,nei,True,nei,yoruba,nei,nei,True,True,correct_to_correct
afrifact_data_culture_yoruba_034,yoruba,"Mínísítà sọ pé ó dára kí á pa àgọ́ mẹ́ta, ṣùgbọ́n a ò ní fún Daud àti Lọ́ládé ni ọ̀kankan.","Ṣugbọn, onimọ kan nipa ọrọ aje, Gbadamosi Olusola, to jẹ Igbakeji Aarẹ Ẹgbẹ awọn onimọ ọrọ aje ati iṣiro ni Naijiria, sọ fun BBC pe, idẹrun ọlọjọ diẹ ni yoo mu wa fun araalu. Eyi ko ṣẹyin bi coronavirus ṣe ti ṣakoba fun ọrọ aje. Oore wo ni titi bọda ṣe fun Naijiria? Ọgbẹni Gbadamosi Olusola ṣalaye pe ko si anfaani kankan ti Naijiria jẹ lara titi awọn ẹnu ibode, nitori pe iṣẹ fayawọ lọ soke si, ti ko si tun si ayipada lori ọrọ eto aabo.",nei,nei,nei,True,yoruba,"The minister said that it is good that we close three camps, but we will not have one for Daud and Loladé.","However, an economist, Gbadamosi Olusola, who is the Vice President of the Association of Economists and Accountants in Nigeria, told the BBC that a few days of danger will be brought to the people. This is not the end of how the coronavirus has affected the economy. What good has till date done for Nigeria? Ọgbẹni Gbadamosi Olusola ṣalaye pe ko si anfaani kankan ti Naijiria jẹ lara titi awọn ẹnu ibode, nitori pe iṣẹ fayawọ lọ soke si, ti ko si tun si ayipada lori ọrọ eto aabo.",nei,nei,nei,True,nei,yoruba,nei,nei,True,True,correct_to_correct
afrifact_data_culture_igbo_707,igbo,Mary Udumeke na-agba mbọ na styeeti Anambra ịhụ na a kwụsịrị ibi ụmụ nwaanyị ugwu.,"Mary Udumeke bụ nwaanyị na-agba mbọ ịkwụsị ibi nwaanyị ugwu n'Ebonyi steeti Ọ dịzi n'aka ndị omeiwu steeti dị icheiche ibinye aka n'iwu a ka o wee dị ire na steeti ha. Mana a bịa na mpaghara Ọwụwa Anyanwụ, naanị Abia na Imo steetị bụ ndị ebinyebeghị aka n'iwu a bụ 'Violence Against Persons Prohibition Act'. ",refutes,nei,nei,False,igbo,Mary Udumeke is working hard in Anambra city to ensure that women are not allowed to live in the mountains.,"Mary Udumeke is a woman who is trying to stop women living in the mountains in Ebonyi state. But when it comes to the Eastern region, only Abia and Imo states have not signed the 'Violence Against Persons Prohibition Act'.",refutes,nei,nei,False,refutes,igbo,nei,nei,False,False,wrong_to_wrong
afrifact_data_culture_yoruba_442,yoruba,"Roqeeb Aderogba ní ìgbà mẹ́fà ọ̀tọ̀ọ̀tọ̀ ni òun kùnà láti ṣe dírónù, kó tó yege","Ọba alaye nilẹ Yoruba to ba ni oun ko se tiwa ko ni pẹ Bakan naa ni Sunday Igboho fi da gbogbo ọmọ Yoruba loju pe gba gba gba lawọn ọba alaye nilẹ Yoruba n bẹ lẹyin oun fun iwa ijijagbara ti oun n se. Igboho sọ pe ''gbogbo ọba alaye ilẹ Yoruba lo wa lẹyin wa, ọba to ba wa ni oun ko si lẹyin wa, ki o lọ ṣe fidio lori ayelujara ki a ri, ko ni di ọjọ keji.'' Wakili tẹẹ rí yẹn kìí ṣe ẹran rírọ̀, ó ń díbọ́n ní o - Iba Gani Adams Ọmọ Yoruba to wa nilẹ Hausa, ẹ maa bọ nile Ajijagbara ilẹ Yoruba naa wa ke pe awọn ọmọ Yoruba to wa lapa oke ọya Naijiria pe ki wọn maa bọ wale. Igboho ni imọran ti oun ni, ni oun n gba awọn ọmọ Yoruba to wa loke ọya naa pe ile to lọ. ""Ẹ maa bọ nile o, iya to n jẹ wa ti to gẹ, asiko ti to, ile ti ya, ẹ jẹ ka se ara wa ni ọkan soso. ''Asiko ti to, ile ti ya, ẹ jẹ ki a ṣe ara wa ni ọkan,'' Igboho lo sọ bẹẹ",nei,nei,nei,True,yoruba,Roqeeb Aderogba failed to do the drone six times before he succeeded.,"The king of information in the Yoruba land if he does not do ours will not be long. Similarly, Sunday Igboho assured all Yoruba children that the king of information in the Yoruba land is behind him for the act of activism he is doing. Igboho said that ""all the kings of Yoruba land are behind us, if there is a king, he is not behind us, go and make a video on the internet and we will see, it will not be the next day."" Igboho is the idea that he has, he is taking the Yoruba children who are above the salary to call the house he is going to. ""Come home, the mother who feeds us is enough, the time is enough, the house is broken, let's make each other one. ""The time is enough, the house is broken, let us make each other one,'' said Igboho.",nei,nei,nei,True,nei,yoruba,nei,nei,True,True,correct_to_correct
afrifact_data_culture_igbo_299,igbo,"Na 1957, Ozumba Mbadiwe weere ọkwa dịka ọka ikpe n'ụlọ ike kacha elu nke Naịjirịa. ","Na 1957, e mere ya Minister nke Azụmahịa.",refutes,nei,nei,False,igbo,"In 1957, Ozumba Mbadiwe took office as a judge in the highest court of Nigeria.","In 1957, he was made Minister of Commerce.",refutes,refutes,refutes,True,refutes,igbo,nei,refutes,False,True,wrong_to_correct
afrifact_data_culture_hausa_488,hausa,Mutane da dama sunyi alhinin mutuwar Muhammad Auwal Albaniy Zariya.,Ƴan bindigar sun harbe Sheikh Muhammad Auwal Adam Albani Zariya tare da ɗaya daga cikin matansa a cikin garin a kan hanyarsu ta dawowa gida bayan sun halarci karatun Tafsirin yamma da suka saba zuwa a cikin garin.,nei,nei,nei,True,hausa,Many people mourned the death of Muhammad Auwal Albaniy Zaria.,The gunmen shot Sheikh Muhammad Auwal Adam Albani Zaria along with one of his wives in the town on their way back home after attending the evening Tafsir recitation that they used to attend in the town.,nei,nei,nei,True,nei,hausa,nei,nei,True,True,correct_to_correct
afrifact_data_culture_hausa_019,hausa,Hatsarin mota ne yayi sanadiyyar mutuwar Murtala Muhammad a Legas.,An kashe Murtala Muhammad ne bayan sallar asuba kuma an harbe shi ne da bindiga bayan ya fito masallaci a hanyar sa ta komawa gidan sa dake cikin garin Legas inda wani da ake kira Buka Suka Dimka ya harbe shi da bindiga.,refutes,nei,nei,False,hausa,Murtala Muhammad died in a car accident in Lagos.,Murtala Muhammad was killed after morning prayer and he was shot with a gun after leaving the mosque on his way back to his home in Lagos where a person called Buka Suka Dimka shot him with a gun.,refutes,refutes,refutes,True,refutes,hausa,nei,refutes,False,True,wrong_to_correct
afrifact_data_culture_igbo_290,igbo,"Linnaeus bụ onye kewara unere n'ụdị abụọ, nke gụnyere Musa paradisiaca na Musa sapientum.",Linnaeus na mbụ kewara unere n'ụdị abụọ iche na ojiji ha dị ka nri: Musa paradisiaca maka unere na Musa sapientum maka unere nri.,supports,supports,supports,True,igbo,"Linnaeus divided bananas into two species, including Musa paradisiaca and Musa sapientum.",Linnaeus originally divided bananas into two species based on their use as food: Musa paradisiaca for bananas and Musa sapientum for food bananas.,supports,supports,supports,True,supports,igbo,supports,supports,True,True,correct_to_correct
afrifact_data_culture_hausa_771,hausa,Sheikh Abdullahi Uwais sannan likitan zuciya ne a garin Kano.,An haifi Sheikh Abdullahi Uwaisu a unguwar Limanci ta birnin Kano da ke Najeriya a shekarar 1954.,nei,nei,nei,True,hausa,Sheikh Abdullahi Uwais is a cardiologist in Kano.,"Sheikh Abdullahi Uwaisu was born in Limanci area of ​​Kano, Nigeria in 1954.",nei,nei,nei,True,nei,hausa,nei,nei,True,True,correct_to_correct
afrifact_data_culture_igbo_489,igbo,Peter Obi na-enye ụlọakwukwọ dị iche iche onyinye ego kwa mgbe,"Ọ gara Christ the King College, Onitsha, ebe ọ gụsịrị akwụkwọ sekọndrị ya",nei,nei,nei,True,igbo,Peter Obi regularly donates money to various libraries,"He attended Christ the King College, Onitsha, where he completed his secondary education",nei,nei,nei,True,nei,igbo,nei,nei,True,True,correct_to_correct
afrifact_data_culture_yoruba_464,yoruba,Ìròyìn fi lélè pé ìyanṣẹ́lódí náa yóò wá sópin nítorí àwọn ọmọ ẹgbẹ́ ASUU tí gba ohun tí ìjọba fi lélẹ̀.,"Ọmọwe Ashiru sọ pe iyansẹlodi si n lọ lọwọ, nitori pe awọn ko tii yanjú ọrọ pẹlu ijọba apapọ. O sọ eyi gẹgẹ bi esi si ikede ti ijọba apapọ Naijiria fi sita pe oun yoo ṣepade pẹlu ẹgbẹ ASUU ni ọsẹ yii lati yanju nkan to mu ki ẹgbẹ naa wa ni iyansẹlodi fun ọpọlọpọ oṣu. Ninu ifọrọwanilẹnu kan to ṣe pẹlu ileesẹ iroyin Channels, Minisita fun eto igbani sisẹ ati ọrọ awọn oṣiṣẹ, Ọmọwe Chris Ngige fidi rẹ mulẹ pe ijiroro yoo bẹrẹ pada pẹlu awọn olori ẹgbẹ awọn oṣiṣẹ agba ni fasiti, SSANU ati awọn alasẹ eto ẹkọ lati yanju ọrọ to wa laarin ijọba ati ẹgbẹ ASUU. Ọmọwe Ngige ni oun ni ireti oun ni pe wọn o ri ọrọ naa yanjú ni ọsẹ yii , ti eto ẹkọ yoo si bẹrẹ pada ni awọn Fasiti. Bakan naa lo sọ pe ijọba apapọ ń ṣe awọn ipade miran labẹnu, nibi ti wọn ti ṣe akọsilẹ awọn nkan pataki ti yoo yanju ọrọ naa. Ilana imọ ẹ̀rọ tuntun ti ijọba fẹ ẹ ma fi san owo osu awọn olukọ naa (Integrated Payroll and Personal Information System, IPPIS) lo fa iyansẹlodi tí ASUU gunle. Aarẹ ẹgbẹ ASUU, Biodun Ogunyemi sọ pe inira ni ilana tuntun naa yoo mu ba awọn ọmọ ẹgbẹ rẹ.",refutes,nei,nei,False,yoruba,Reports suggest that the assignment will end because of ASUU members who accepted what the government gave.,"Scholar Ashiru said that the conflict is still going on, because they have not resolved the issue with the federal government. He said this in response to the announcement by the federal government of Nigeria that he will meet with the ASUU group this week to resolve the issue that has kept the group in conflict for several months. In an interview with Channels News, the Minister of Employment and Labor Affairs, Academician Chris Ngige confirmed that the dialogue will resume with the leaders of the senior staff union in the university, SSANU and the educational institutions to resolve the issue between the government and the ASUU union. He is a Ngige scholar and he hopes that the matter will be resolved this week, and the education system will resume in the universities. He also said that the federal government is holding other internal meetings, where they have documented the important things that will solve the issue. The new technology system that the government wants to use to pay the salaries of the teachers (Integrated Payroll and Personal Information System, IPPIS) is the cause of the ASUU's protest. The president of ASUU, Biodun Ogunyemi said that the new policy will bring hardship to its members.",refutes,refutes,refutes,True,refutes,yoruba,nei,refutes,False,True,wrong_to_correct
afrifact_data_culture_hausa_624,hausa,Mamman Shata yana ɗaya daga cikin manyan mawaƙan da aka sani a ƙasashe da dama. 'Yan Arewa Ku Bar Barci na ɗaya daga cikin waƙoƙin Shata.,"Mamman Shata yana daya daga cikin Manyan mawakan da aka fi sani a kasashen da ma , kai har ma da duniya baki daya. Ya kasance mashahurin Mawaki, domin a fagen wakarsa ya shahara, Kasancewarsa a cikin wakar ba abin da ba zai iya yi wa waka ba idan ya ga dama. "" 'Yan Arewa Ku Bar Barci "" na daya daga cikin wakokinsa. Shata: 'Yan Arewa Ku Bar Barci, Najeriyarmu Akwai Dadi 'Yan Arewa a bar barci, Najeriyarmu akwai dadi. To! 'Yan Amshi: A a, 'Yan Arewa, a bar barci, Najeriyarmu, akwai dadi.",supports,supports,supports,True,hausa,Mamman Shata is one of the greatest singers known in many countries. Northerners Leave Sleep is one of Shata's songs.,"Mamman Shata is one of the most famous singers in the world. He was a famous singer, because he was famous in the field of his music. ""The Northerners Leave Sleep"" is one of his songs. Shatta: Northerners Stop Sleeping, Our Nigeria is Sweet Northerners should be left sleeping, our Nigeria is sweet. So! Answers: Yes, Northerners, let sleep, our Nigerians, there is happiness.",supports,supports,supports,True,supports,hausa,supports,supports,True,True,correct_to_correct
afrifact_data_culture_hausa_137,hausa,Hukumar EFCC ta tuhumi Sule Lamido bisa satar kuɗin gwamnati a shekarar 2015.,A shekarar 2015 an gurfanar da shi da ‘ya’yansa maza bisa zargin satar kuɗaɗen gwamnati da EFCC ta yi.,supports,nei,nei,False,hausa,The EFCC charged Sule Lamido with stealing government funds in 2015.,"In 2015, he and his sons were charged with embezzlement of government funds by the EFCC.",supports,supports,supports,True,supports,hausa,nei,supports,False,True,wrong_to_correct
afrifact_data_culture_hausa_463,hausa,Ma su arziƙi za su iya karɓar zakka don su ƙara jari.,(Faqirai) A kan Tafarkin Allah (Fi sabilillihi) Bayi Waɗanda ake jansu zuwa musulunci Miskinai Matafiyi wanda bada saɓon Allah ba Waɗanda ake bi bashi Masu aiki a kan dukiyan zakka,refutes,nei,nei,False,hausa,Even the rich can receive zakat to increase their capital.,(The poor) On the path of Allah (For the sake of reason) Servants Those who are drawn to Islam The poor The traveler who does not blaspheme Allah Those who are in debt Those who work on the wealth of Zakat,refutes,nei,nei,False,refutes,hausa,nei,nei,False,False,wrong_to_wrong
afrifact_data_culture_hausa_239,hausa,An gina kasuwar kurmi a cikin gundumar Jakara.,"An kafa kasuwar Kurmi a cikin karni na goma sha biyar (15) a matsayin cibiyar kasuwanci da adana kayayyaki don cigaban kasuwanci a cikin birni, sakamakon fadada kasuwancin yanki da Sahara. An Kuma gina ta a cikin gundumar Jakara na cikin birni. ",supports,supports,supports,True,hausa,A forest market was built in Jakara district.,"The market of Kurmi was established in the fifteenth century (15) as a center of trade and storage of goods for the development of business in the city, as a result of the expansion of trade in the region and the Sahara. It was built in the Jakara district of the city.",supports,refutes,refutes,False,supports,hausa,supports,refutes,True,False,correct_to_wrong
afrifact_data_culture_igbo_240,igbo,Edochie bụ onye Katọlik.,Edochie bụkwa onye Katọlik.,supports,supports,supports,True,igbo,Replaced is a Catholic.,Replaced is also a Catholic.,supports,supports,supports,True,supports,igbo,supports,supports,True,True,correct_to_correct
afrifact_data_culture_igbo_202,igbo,Ndị ntọrị ga-enwetarịrị ụgwọ ọrụ ha.,"Igosipụta ọnọdu a, n'afọ 2018, ha tọọrọ ihe karịrị umụakwụkwọ narị n'obodo Dapchi.",nei,nei,nei,True,igbo,Thieves must receive their reward.,"To demonstrate this situation, in 2018, they kidnapped more than a hundred students in Dapchi town.",nei,nei,nei,True,nei,igbo,nei,nei,True,True,correct_to_correct
afrifact_data_culture_hausa_397,hausa,Rabe-raben musulmi bai haifar da faruwar Shi’anci nan take ba.,"Ya kamata a lura da cewa musulmi a lokacin ba su kasu kashi biyu ba, wato ‘yan Shi’a da Sunna, sai dai hakan ya faru ne bayan wafatin Manzon Allah, tsira da amincin Allah su tabbata a gare shi da alayensa, da taron juyin mulkin da aka yi a Saqifa. Bani Sa'ida da zabin Abubakar a matsayin magajin Manzon Allah, tsira da amincin Allah su tabbata a gare shi da alayensa, a kan musulmi. Al’amarin ya fuskanci adawar Ali binu Abi Talib, tsira da amincin Allah su tabbata a gare shi, da dukkan Bani Hashim, da Salman Al-Farisiy, da Abu Zarr Al-Ghafari, da Al-Miqdad bin Al-Aswad, da Ammar bin Yasser, da Ibn Al-Tayhan. Othman bin Hanif, da sauran sahabbai da mabiyan Ali, tsira da amincin Allah su tabbata a gare shi. Daga nan ne bishiya Shi'anci ta fara girma.",refutes,nei,nei,False,hausa,The division of Muslims did not immediately lead to the emergence of Shiism.,"It should be noted that the Muslims at that time were not divided into two groups, that is, the Shia and the Sunni, but this happened after the death of the Messenger of God, may God's peace and safety be upon him and his family, and the coup d'état held in Saqifa. Bani Sa'ida and the choice of Abubakar as the successor of the Messenger of God, may the peace and safety of God be upon him and his family, upon the Muslims. The matter faced the opposition of Ali bin Abi Talib, peace and blessings of God be upon him, and all Bani Hashim, Salman Al-Farisi, Abu Zarr Al-Ghafari, Al-Miqdad bin Al-Aswad, Ammar bin Yasser, and Ibn Al-Tayhan. Othman bin Hanif, and other companions and followers of Ali, may God's peace and safety be upon him. This is where the tree of Shia started growing.",refutes,supports,supports,False,refutes,hausa,nei,supports,False,False,wrong_to_wrong
afrifact_data_culture_hausa_165,hausa,Jihar Zamfara na fama da matsalar tsaro da har yanzu gwamnati ta kasa magancewa.,"Sanya fitulun titi masu amfani da hasken rana a babban birnin jihar ya kara inganta rayuwar mazauna jihar, tare da inganta tsaro da tsaro.",nei,nei,nei,True,hausa,Zamfara State is suffering from a security problem that the government has not yet been able to solve.,"The installation of solar powered street lights in the state capital has improved the lives of the residents of the state, as well as improved security and safety.",nei,nei,nei,True,nei,hausa,nei,nei,True,True,correct_to_correct
afrifact_data_culture_igbo_507,igbo,"Agbụrụ ndị Yoroba nwere alụsi ha na-akpọ Sango, bụ nke ha hụrụ ka chi siri ike."," Ọ na-achịkwa ụlọ ọrụ, ọrụ ugbo, na onye ọrụ ugbo, a na-eme kwa ememme kwa afọ na ememme Ikenga kwa afọ.",nei,nei,nei,True,igbo,"The Yoroba tribe has a tribe called Sango, which they see as powerful gods.","It governs industry, agriculture, and the farmer, and is celebrated annually in the Ikenga festival.",nei,nei,nei,True,nei,igbo,nei,nei,True,True,correct_to_correct
afrifact_data_culture_igbo_197,igbo,Akụkọ a ma ama na-ekwu na-ekwu na onye atọ a mara nke ọma n'Akwete bụ Dada Nwakata,Akụkọ ọdịnala a ma ama na-ekwu na otu nwanyị aha ya bụ Dada Nwakata bụ onye mbụ a maara nke ọma na Akwete.,refutes,supports,supports,False,igbo,A popular story says that the third person who is well known in Akwete is Dada Nwakata,A popular tradition says that a woman named Dada Nwakata was the first known person in Akwete.,refutes,refutes,refutes,True,refutes,igbo,supports,refutes,False,True,wrong_to_correct
afrifact_data_culture_yoruba_168,yoruba,"Agbábọ́ọ̀lù ọwọ́ ẹ̀yìn ni Táyé Taiwò, ó sì gbá bọ́ọ̀lù fún ikọ̀ orílẹ̀-èdè Nigeria."," International. Wọ́n ra Taiwo wá si ìpele Nigeria Premier League, sínú ẹgbẹ́ agbábọ́ọ̀lù Lobi Stars. Níbi tí ó tún ti lo ọdún kan . Olympique de Marseille [ | ] Ní ọdún 2005, nígbà tí ó pé ọmọ ogún ọdún, ẹgbẹ́ agbábọ́ọ̀lù ilẹ̀ Faranse kan ti o n je Olympique de Marseille gba Taiwo sinu iko won. Won ra Taiwo lati le ropo ogbeni Bixente Lizarazu ti o ti lo sinu egbe agbaboolu Bayern Munich. Taiwo lo gba boolu ti iko re Olympic Marseille fi jawe olubori",supports,supports,supports,True,yoruba,"Táyé Taiwò is a back-handed footballer, and he plays for the Nigerian national team.","International. They bought Taiwo to the Nigerian Premier League, into the Lobi Stars football team. Where he also spent a year. Olympique de Marseille [| ] In 2005, when he was 20 years old, a French football club called Olympique de Marseille took Taiwo into their possession. They bought Taiwo in order to replace Mr. Bixente Lizarazu who has gone to the Bayern Munich soccer team. Taiwo took the ball and Olympic Marseille became the winner",supports,nei,nei,False,supports,yoruba,supports,nei,True,False,correct_to_wrong
afrifact_data_culture_igbo_229,igbo,Site na nkwado ndị PDP mere Obaseki ji bụrụ gọvanọ Edo steeti.,"Makana e wepụ nkwado anyị, Obaseki agaraghị ịbụ gọvanọ Edo steeti"".",supports,nei,nei,False,igbo,"With the support of the PDP, Obaseki became the governor of Edo state.","But without our support, Obaseki would not have been the governor of Edo State”.",supports,supports,supports,True,supports,igbo,nei,supports,False,True,wrong_to_correct
afrifact_data_culture_yoruba_413,yoruba,Ìjọba Buhari ti ṣẹ́gun ogun Boko Haram pátá ní orílẹ̀-èdè Nàìjíríà.,"Ni ọdun 2002 ni wọn da ẹgbẹ Boko Haram silẹ, gẹgẹ bii ẹgbẹ ti kii se oniwahala pẹlu afojusun ati ṣe afọmọ ilana ẹsin Islam lẹkun ariwa orilẹede Naijiria. Amọṣa ẹgbẹ naa yi pada di agbebọn ninu ilepa awọn afojusun rẹ. Kii ṣe orilẹede Naijiria nikan ni Boko Haram wa mọ bayii, itakun rẹ ti kan de awọn orilẹede to fẹgbẹkẹgbẹ pẹlu Naijiria bii Chad, Niger ati Cameroun. Ọkẹ aimoye awọn eeyan ni wọn ti ran lọ sọrun apapandodo, ti awọn bi miliọnu meji miran si ti di atipo. Boko Haram kii ye ji awọn akẹkọ gbe eleyi to mu ki oju orilẹede agbaye ṣi si ọdọ rẹ lọdun 2014, lẹyin to ji nnkan bii ọọdunrun akẹkọbinrin gbe nileewe kan to wa ni ilu Chibok nipinlẹ Borno, ipinlẹ ti Boko Haram ti kọkọ di agbebọn. Ni ọdun 2015, Boko Haram gba idanimọ gẹgẹ bii ẹgbẹ agbesunmọmi to buru julọ lagbaye, gẹgẹ bi ajọ to wa fun ọrọ aje ati alaafia lagbaye ṣe sọ.",refutes,nei,nei,False,yoruba,Buhari's government has completely defeated Boko Haram in Nigeria.,"In 2002, they founded Boko Haram, as a non-terrorist group with the goal of purifying the Islamic religion in northern Nigeria. The idol of the group turned into a gunman in the pursuit of his goals. Boko Haram is not only in Nigeria now, its influence has reached neighboring countries such as Chad, Niger and Cameroun. Countless thousands of people have been sent to heaven, and another two million have become settlers. Boko Haram should not abduct students, which made the eyes of the world open to him in 2014, after abducting about a hundred female students from a school in Chibok, Borno state, the state where Boko Haram first became a terrorist. In 2015, Boko Haram was recognized as the world's worst terrorist group, according to the Organization for Economic Co-operation and Development.",refutes,nei,nei,False,refutes,yoruba,nei,nei,False,False,wrong_to_wrong
afrifact_data_culture_yoruba_388,yoruba,"Lọ́wọ́ lọ́wọ́ báyìí, oríire ti gbé aláwo ire ko Adetutu, nígbà tí gbajú-gbajà olórin kan ní ilẹ̀ Amerika, ìyẹn Rihanna ṣe fèsì sí ọ̀rọ̀ rẹ̀ láti bá ṣiṣẹ́ pọ̀.","Adetutu fi kun pe, o de asiko kan, ti oun lọ ba awọn obi oun lati mọ idi ti wọn se kọ oun ni ila, amọ alaye wọn ni pe ara asa ilẹ Yoruba ni ila kikọ, eyi ti yoo bu kun ẹwa oun. O tun sọ siwaju pe ọpọ awọn alejo to ba ri oun ni wọn maa n sọ pe oun burẹwa, toun ba si n rin lọ loju popo nigba miran, awọn eeyan maa n fa oun sẹyin pe oun burẹwa, amọ ti awọn eeyan miran maa n gbeja oun. Koda, ila kikọ yii ni Adetutu sọ pe o tun mu ki baba ọmọ oun kọ oun silẹ, nitori pe oju maa n tii lati ba oun rin loju popo. ""Ara idi ti baba ọmọ mi fi kọ mi silẹ ni pe ko fẹ maa fi mi han loju taye. O si ni alẹ ni ki a maa pade. A pade ni ikọkọ fun osu diẹ lọdun 2008, ti mo si loyun lọdun 2009. Obinrin ni mo bi fun-un, ti yoo si pe ọdun mẹsan laipẹ."" Adetutu ni oun ro pe oun ni oun burẹwa julọ ni gbogbo agbaye, toun ko si fẹ ni ajọsepọ pẹlu ọkunrin kankan mọ tori alẹ nikan ni wọn fẹ maa ba oun jade. Koda o ni ọkan tiẹ wa, ti oun ba jade fun ọdun meji, gbedeke to si fi lelẹ ni pe alẹ ni awọn yoo maa pade, ti oun si fara daa, toripe ọmọ ọdun mẹrin ni oun wa, ti iya oun fi ku, ajọ alaanu kan si lo wo oun dagba.",nei,nei,nei,True,yoruba,"Now, luck has favored Adetutu, when a famous musician in America, that is Rihanna, responded to his offer to work together.","Adetutu added that, there came a time, when he went to his parents to find out why they wrote him a line, but their explanation was that writing is part of the Yoruba culture, which will add to his beauty. He also said that many strangers who see him say that he is ugly, and when he walks on the street sometimes, people pull him back saying he is ugly, but other people defend him. However, this line of writing, Adetutu said, also caused his son's father to abandon him, because he was reluctant to walk with him. ""Part of the reason my son's father left me is that he didn't want to show me in public. And it was at night that we used to meet. We met privately for a few months in 2008, and I got pregnant in 2009. I gave birth to a woman for him, who will be nine years old soon."" Adetutu thinks that he is the most beautiful in the whole world, and he doesn't want to be with any man anymore because they only want to go out with him at night. Even he has one of our own, if he goes out for two years, he made a promise that they would meet at night, and he was fine, because he was four years old, his mother died, and a charitable organization watched him grow up.",nei,nei,nei,True,nei,yoruba,nei,nei,True,True,correct_to_correct
afrifact_data_culture_yoruba_756,yoruba,"Ní àwọn orílẹ̀-èdè kọ̀ọ̀kan tí wọ́n máa ń din ọ̀gẹ̀dẹ̀, wọ́n máa ń ya àwọn ọ̀gẹ̀dẹ̀ yìí sọ́tọ̀ sí èyí tó wà fún jíjẹ.","Ní àwọn orílẹ̀-èdè mìíràn, wọ́n máa ń dín ọ̀gẹ̀dẹ̀, wọ́n sì máa ń yà wọ́n sọ́tọ̀ sí èyí tó wà fún jíjẹ. Èso náà máa ń wà ní oríṣiríṣi ìwọ̀n, àwọ̀ àti ìrísí, àmọ́, ó máa ń gùn tó sì máa ń rí ṣọnṣọ, pẹ̀lú ara tó rọ̀.",supports,supports,supports,True,yoruba,"In each country where bananas are fried, these bananas are separated from those that are for eating.","In other countries, bananas are cut and separated into edible ones. The fruit comes in different sizes, colors and shapes, but it is long and beautiful, with a soft body.",supports,nei,nei,False,supports,yoruba,supports,nei,True,False,correct_to_wrong
afrifact_data_culture_hausa_230,hausa,Mata da yawa sun taru a kasuwar.,"Washegari, mutanen Daura suka taru a bakin rijiyar, suna mamakin wanda ya kashe macijin; Magajiya , sarauniyar yankin ta ba da ikon mallakar rabin garin ga duk wanda zai tabbatar da cewa ya kashe macijin. Maza da yawa sun kawo kawunan maciji a gaba, amma kawunan bai dace da jikin ba.",nei,nei,nei,True,hausa,Many women gathered in the market.,"The next day, the people of Daura gathered at the edge of the well, wondering who killed the snake; The heiress, the queen of the area has given the right to own half of the town to anyone who can prove that he killed the snake. Many men brought the heads of snakes before, but the heads did not match the body.",nei,nei,nei,True,nei,hausa,nei,nei,True,True,correct_to_correct
afrifact_data_culture_hausa_407,hausa,Al-Qur’ani shine littafin Allah na ƙarshe kuma an saukar da shi a harshen Larabci ta hannun annabi SAW.,"Al-Qur'ani : rubutun cikin alkur ani bangon Alkur ani (Larabci; القرآن al-Qur'an) ko kuma mai girma kamar yanda akasani, Shine littafin da Allah ya saukar a harshen Annabin Rahama, wato larabci, kuma shine littafin da Allah ya rufe saukar da duk wani littafi mai tsarki a bayansa, (babu littafin da Allah zai sake saukarwa a bayansa) kamar yadda Allah ya saukar ga Annabawan da suka gabata, domin (S A w) shine cika makin Annabawan Allah. Surat al-Nisa' Wanda Allah ya saukar da ayoyinsa ga Annabin Annabi (S.A.W) ta hannun . ",supports,supports,supports,True,hausa,Al-Qur'an is the last book of God and it was revealed in Arabic language by the Prophet SAW.,"Al-Qur'an: the text inside the al-Qur'an and the wall of the Al-Qur'an (Arabic; Al-Qur'an al-Qur'an) or the great one as it is known. It is the book that God revealed in the language of the Prophet of Mercy, that is Arabic, and it is the book that God closed the revelation of any holy book after it, (there is no book that God will reveal again after it) as God revealed to the previous Prophets, because (S A w) is the completion of the Prophets of God. Surat al-Nisa' which God sent down his verses to the Prophet of the Prophet (S.A.W) through the hand of .",supports,supports,supports,True,supports,hausa,supports,supports,True,True,correct_to_correct
afrifact_data_culture_yoruba_180,yoruba,"Nínú ìgbàgbọ́ àwọn Yorùbá, wọ́n nígbàgbọ́ pé Olókun ni ìyá Ajé","Àwọn Yorùbá gbà gbọ́ pé Olókun ní ó bí Aje, èyí tí ó jẹ́ Òrìsà fún Ọrọ̀, Ọlá, tí ó wà ní ìsàlẹ̀ òkun. Olókun jẹ́ òrìsà tí ó ń darí àwọn ohun tí ó wà lábé Omi òkun, Ó sí jẹ́ òrìsà tí ó lágbára jù gbogbo ohùn tí ó wà lábé Omi òkun tàbí àwọn òrìṣà kékéèèké tí ó wà lábé Omi òkun. Olókun jẹ́ Òrìsà nlá tí wọn máa ń gbórínyìn fún nípa bí ó ti lágbára láti fún àwọn olúsín rẹ ní Owó, Ọlá, Ọrọ̀, àti àṣeyọrí nígbà tí wọn bá kìí tán. ",supports,supports,supports,True,yoruba,"In the faith of the Yoruba people, they believe that Olokun is the mother of Ajé","The Yorubas believe that Olokun gave birth to Aje, which is the God of Wealth, Ola, who is at the bottom of the sea. Olokun is the god who controls the things under the sea, and he is the god who is stronger than all the voices under the sea or the small gods who are under the sea. Olokun is a great God who is praised for his ability to give his worshipers Money, Honor, Wealth, and success when they are not finished.",supports,refutes,refutes,False,supports,yoruba,supports,refutes,True,False,correct_to_wrong
afrifact_data_culture_igbo_581,igbo,Ọ dịghị mkpa ka a kuziere ụmụaka otu e si akpata na otu e si emefu ego,"Malite n'oge kuziwere ụmụ gị etu e si edokọba ego Ikuziri nwatakịrị maka mkpata na mmefu n'oge ga-eme ka ọ mara etu ọ ga-esi chekwa ego na akụnaụba, nke ga-enyere ya aka ruo mgbe ọ ga-abụ okenye. Ụmụaka na-esi na ngosipụta amụta ihe, nke bụ na ị bụrụ onye na-emezi ego ọfụma, ọ gaghị ara ha ahụ ịmụta ya n'aka gị.",refutes,nei,nei,False,igbo,There is no need to teach children how to earn and how to spend money,"Start at an early age to teach your children how to save money Teaching a child about impulse and spending in time will make him know how to save money and wealth, which will help him until he becomes an adult. Children learn from demonstration, which is that if you are a good money maker, they will not get used to learning from you.",refutes,refutes,refutes,True,refutes,igbo,nei,refutes,False,True,wrong_to_correct
afrifact_data_culture_hausa_616,hausa,Mamma Shata shahararren makarancin alƙur'ani ne.,"Ya kasance mashahurin Mawaki, domin a fagen wakarsa ya shahara, Kasancewarsa a cikin wakar ba abin da ba zai iya yi wa waka ba idan ya ga dama.",refutes,nei,nei,False,hausa,Mamma Shata is a famous Quranic school.,"He was a famous singer, because he was famous in the field of his music.",refutes,nei,nei,False,refutes,hausa,nei,nei,False,False,wrong_to_wrong
afrifact_data_culture_hausa_355,hausa,Babbar Sallar ita kawai mutane suna ziyartar juna.,"Babbar sallah Rana ce mai dimbin tarihi a duniyar musulunci da misulmai wadda take zuwa bayan an yi sallah karama da wata 2 da kwanaki 10. Ranar babbar sallah rana ce wadda dimbin miliyoyin musulmin ke fitowa su je filin idi domin su hallarci sallar nafila raka'a biyu domin nuna godiya ga mahaliccinsu da nuna murnarsu a gare shi da ya ba su damar halattar wannan rana a tarihin rayuwarsu, a wannan ranar ana yanka abun layya abun da ya sawwaqa ga mutum daga rago, , , , , , , amale, . Wadannan sune jinsin dabbobin wadanda ake layya dasu kuma ya fi kowane daraja haka rakuma tafi kowannen su karancin daraja wato itace mai daraja ta can kasar.",refutes,nei,nei,False,hausa,The Great Salat is just people visiting each other.,"The Great Prayer is a day with a lot of history in the world of Islam and Muslims which comes after the small prayer is performed for 2 months and 10 days. The day of the Great Prayer is a day when millions of Muslims go to the Eid ground to attend the Nafila prayer for two units to show their gratitude to their creator and show their joy to him who gave them the opportunity to allow this day in the history of their lives. , , , amale, . These are the species of animals that are charmed with them and it is more valuable than any other, so the camel is less valuable than any of them, which is a valuable tree in the country.",refutes,refutes,refutes,True,refutes,hausa,nei,refutes,False,True,wrong_to_correct
afrifact_data_culture_yoruba_041,yoruba,Martins jẹ́ ọ̀kan nínú àwọn agbábọ́ọ̀lù tí kò gbá bọ́ọ̀lù jẹun lórílẹ̀-èdè Germany rí.,"Martins wà lọ́mọ ọdún mẹ́rìdínlógún nígbà tí ó lọ sí òkè òkun lórílẹ̀ èdè Italy, láti ìgbà náà, ó ti gbá Bọ́ọ̀lù fún ọ̀pọ̀lọpọ̀ . Lọ́dún 2002 ni ó bẹ̀rẹ̀ sí ní gbá Bọ́ọ̀lù fún ikọ̀ ẹgbẹ́ agbábọ́ọ̀lù àfẹsẹ̀gbá àgbà ní orílẹ̀ èdè Italy, ikọ̀ ẹgbẹ́ agbábọ́ọ̀lù ló ti kọ́kọ́ wà kí ó tó wá sí orílẹ̀ èdè Gẹ̀ẹ́sì, tí ó sìn dara pọ̀ mọ́ ikọ̀ ẹgbẹ́ agbábọ́ọ̀lù lọ́dún 2006, lẹ́yìn èyí ó kọjá sí orílẹ̀ èdè Germany níbi tí ó ti gbá Bọ́ọ̀lù fún lọ́dún 2009.",refutes,refutes,refutes,True,yoruba,Martins is one of the players who never played football in Germany.,"Martins was 18 years old when he went overseas to Italy, since then, he has played football for a lot. In 2002, he started playing football for the Italian football team, he was the first football team ambassador before he came to England, he joined the football team in 2006, after which he moved to the country of Germany where he played football for in 2009.",refutes,refutes,refutes,True,refutes,yoruba,refutes,refutes,True,True,correct_to_correct
afrifact_data_culture_igbo_451,igbo,Chris Nwabueze Ngige laghachiri azụ bụrụ Gọvanọ mgbe ọ rụchara ọrụ dịka onye Omeiwu,"N'ọnwa Eprel afọ 2011, Ngige gbara ọsọ maka ntuli aka maka onye omeiwu nke Anambra Central, na ikpo okwu Action Congress of Nigeria (ACN). Mgbe nsogbu ịtụ vootu n'akụkụ ụfọdụ nke mpaghara ahụ na 9 Eprel, e mere ntuli aka na mpaghara ndị a na 25 Eprel ma kwupụta na Ngige bụ onye mmeri karịa onye bụbu Minista nke Ozi na Mmekọrịta Prọfesọ nke APGA, na vootu 69,765 na vootu Akunyili nke 69,292.",refutes,nei,nei,False,igbo,Chris Nwabueze Ngige returned to become Governor after serving as a Member of Parliament,"In April 2011, Ngige ran for Anambra Central Member of Parliament, on the platform of the Action Congress of Nigeria (ACN). After voting difficulties in some parts of the region on 9 April, elections were held in these regions on 25 April and it was declared that Ngige was the winner over the former Minister of Information and Relations Professor APGA, with 69,765 votes and Akunyili's 69,292 votes.",refutes,nei,nei,False,refutes,igbo,nei,nei,False,False,wrong_to_wrong
afrifact_data_culture_yoruba_700,yoruba,Ilé ìfowópamọ́ àgbáyé tí ń ṣàkòóso àwọn ètò láti fi dínkù iye owó oúnjẹ lágbayé.,"Muhammadu Buhari (tí wọ́n bí ní Ọjọ́ ketàdínlógún, Oṣù Kejìlá Odún 1942 o si ku ni Oṣu Keje ọjọ 13, Ọdun 2025) olóṣèlú tí ó jẹ́ Ààrẹ orílè-èdè láàrin ọdún 2015 sí ọdún 2023. Ó lo ṣáà àkọ́kọ́ rẹ̀ láàrin odún 2015 sí 2019 àti kejì láàrin ọdún 2019 sí 2023 .",nei,nei,nei,True,yoruba,The World Bank manages programs to reduce the cost of food around the world.,"Muhammadu Buhari (born on December 17, 1942 and died on July 13, 2025) politician who was the President of the country between 2015 and 2023. He served his first term between 2015 and 2019 and the second between 2019 and 2023 .",nei,nei,nei,True,nei,yoruba,nei,nei,True,True,correct_to_correct
afrifact_data_culture_yoruba_781,yoruba,Ìgbàgbọ́ àti ìmọ̀ lè jọra nínú ìmúṣẹ àmọ́ ìyàtọ̀ wọn wà ní ìlọ́po.,"Yemọja jẹ́ òrìṣà inú omi gẹ́gẹ́ ìgbàgbọ́ ẹ̀sìn àbáláyé tàbí ìṣẹ̀ṣe Yorùbá. Yorùbá ìgbàgbọ́ pé, Yemoja jẹ́ ìyá gbogbo àwọn òrìṣà pátápátá. Ó tun jẹ́ ìyá gbogbo ènìyàn adáríhunrun.",nei,nei,nei,True,yoruba,Faith and knowledge may be similar in practice but their difference is manifold.,Yemoja is a water goddess according to the belief of the world religion or Yoruba practice. Yoruba believe that Yemoja is the mother of all gods. She is also the mother of all supernatural beings.,nei,nei,nei,True,nei,yoruba,nei,nei,True,True,correct_to_correct
afrifact_data_culture_yoruba_367,yoruba,Ẹbọ ọkùnrin àti obìnrin tí kò ní ìbálòpọ̀ rí ni wọ́n rú dènà ogun Fulani ní ìlú Ògbómọ̀ṣọ́.," Ijọba Eko wa kede pe Mary Daniels ko si ni agọ ọlọpaa fun iwadi kankan tabi pe asiri tu pe o parọ, bẹẹ ni wọn ko maa sewadi rẹ nitori pe baba rẹ wa nile aye. Bawo ni itan Mary Daniel se jẹ losu diẹ sẹyin: Bẹẹ ba gbagbe, laipẹ yii ni ori ayelujara kun fun iroyin obinrin naa, ti ọpọ eeyan si n da owo jọ fun lati saanu rẹ. Arabinrin to ge lẹsẹ naa ṣalaye, nigba t'awọn oniroyin n f'ọrọ waa lẹnu wo nigba ti iroyin rẹ jade pe, salaye pe inu ijamba mọto to gbẹmi gbogbo awọn ero inu ọkọ naa, loun ti padanu ẹsẹ oun kan. O ni inu ijamba mọto yii kan naa lawọn obi oun mejeji ku si. Nigba ti fọto rẹ nibi to ti n kiri omi pure water ni Osodi nilu Eko, bọ sigboro aye lọsẹ diẹ sẹyin, ọpọlọpọ ẹlẹyinju aanu ni Naijiria ati loke okun ni wọn dide iranwọ fun. Ogbomoso: Ẹbọ ọkùnrin àti obìnrin tí kò ní ìbálòpọ̀ rí ni wọ́n rú dènà ogun Fulani O ṣalaye ninu iforowerọ kan pe ọmọ orukan loun ati pe oun loun n da gbe bukata ọmọ kan ti oun bi ati iya agba oun.",nei,supports,supports,False,yoruba,The sacrificial men and women who never had sex were violated to stop the Fulani war in the town of Ogbomoso.,"Our Lagos government announced that Mary Daniels is not at the police station for any investigation or that it is a secret that she is lying, nor are they investigating her because her father is in the world. How was the story of Mary Daniel a few months ago: If you forget, recently the internet is full of news about the woman, and many people are raising money to sympathize with her. The woman who amputated explained, when the journalists were talking to us when her news came out, she explained that in a car accident that killed all the passengers in the vehicle, she had lost one of her legs. He said that both his parents died in this same car accident. When this photo of him swimming in pure water in Osodi in Lagos, came to the world a few weeks ago, many compassionate people in Nigeria and overseas came to help him. Ogbomoso: The sacrifice of a man and a woman who never had sex were violated to stop the Fulani war.",nei,supports,supports,False,nei,yoruba,supports,supports,False,False,wrong_to_wrong
afrifact_data_culture_igbo_306,igbo,"A na-arụkari ọrụ ugbo n'ime ime obodo ma n'ala Igbo, obodo nile na-arụ oru ugbo, ma nwoke, nwanyi, okorobịa na agbọghọbịa.","A na-arụkari ọrụ ugbo n'ime ime obodo ebe enwere obosara ala. Nwoke, nwanyi, okorobịa na agbọghọbịa na-arụ ọrụ ugbo. A bia na ala Igbo, a ga-asị na obodo nile na-arụ oru ugbo. N'ezie, e ji ọrụ ugbo mara ndi Igbo.",supports,supports,supports,True,igbo,"Agriculture is mainly done in rural areas and in Igbo land, all villages are engaged in agriculture, both men, women, young men and women.","Farming is mainly done in rural areas where there is a lot of land. Men, women, young men and women work in agriculture. When we come to Igbo land, it is as if all the villages are engaged in agriculture. In fact, the Igbo people are known for their agriculture.",supports,supports,supports,True,supports,igbo,supports,supports,True,True,correct_to_correct
afrifact_data_culture_igbo_484,igbo,"Lawrence Ifeanyi Ugwuanyi gara ileta ndị ọrịa na-arụ ọrụ n'obi eze nke ndị Ovoko, n'Igboeze North.",Ọ bụ Onye otu ụlọ nnọchiteanya nke of Nigeria ruo afọ iri na abụọ. Ọ bụ onye so na (PDP) onye nọchitere anya Igboeze North / Udenu Federal Constinuency nke Enugu State.,nei,nei,nei,True,igbo,"Lawrence Ifeanyi Ugwuanyi went to visit patients working at the heart of the Ovoko people, in Igboeze North.",He was a Member of the House of Representatives of Nigeria for twelve years. He is a member of the (PDP) representing Igboeze North/Udenu Federal Constituency of Enugu State.,nei,nei,nei,True,nei,igbo,nei,nei,True,True,correct_to_correct
afrifact_data_culture_hausa_712,hausa,Amurka na daga cikin ƙasashen da suke da ƙarfin sojoji a duniya,"Wanne irin sauyi za a samu karkashin shugabancin Biden? Abubuwa kadan za mu iya hasashen - sauyin alaka da kawayen Amurka, sai maganar sauyin yanayi, da kuma rikicin gabas ta tsakiya. Alaka tsakanin Amurka da ƙawayenta Trump ya yi ta goyon bayan 'yan kama karya da kuma haɗa hannu da su.",nei,nei,nei,True,hausa,The United States is one of the most powerful military countries in the world,"What kind of change will there be under the leadership of Biden? A few things we can predict - the change in relations with America's allies, then the issue of climate change, and the conflict in the Middle East. Relations between the United States and its allies Trump has been supporting liars and collaborating with them.",nei,nei,nei,True,nei,hausa,nei,nei,True,True,correct_to_correct
afrifact_data_culture_hausa_640,hausa,Gidajen Talabijin da na radiyo ba sa amfani da kiɗa wurin gabatar da shirye-shiryensu.,"Ana amfani da kiɗa don samar da wasu kafofin watsa labaru, kamar a cikin waƙoƙin sauti zuwa fina-finai, nunin TV, wasan operas, da wasannin bidiyo.",refutes,refutes,refutes,True,hausa,Television and radio stations do not use music in their programs.,"Music is used to create other media, such as in soundtracks to movies, TV shows, operas, and video games.",refutes,refutes,refutes,True,refutes,hausa,refutes,refutes,True,True,correct_to_correct
afrifact_data_culture_igbo_419,igbo,"Akanu Ibiam, n'agbanyeghị na ọ bụ onye ụlọ ụka Protestant, nyere aka n'ọrụ ụlọ uka Katọlik.","ka ndị ọcha, bụ ihe a ma ama. Na 1962, ọ bụ onye isi oche kọmitii hiwere ụlọ ụka Protestant na ",nei,refutes,refutes,False,igbo,"Akanu Ibiam, although a member of the Protestant church, helped in the work of the Catholic church.","as white people, is popular. In 1962, he was the chairman of the committee to establish a Protestant church",nei,nei,nei,True,nei,igbo,refutes,nei,False,True,wrong_to_correct
afrifact_data_culture_igbo_037,igbo,Ha anaghị akwado ogige golf n'ọtụtụ ụlọ nkwarị,Ha na-akwado ogige golf na ọtụtụ ụlọ nkwari.,refutes,refutes,refutes,True,igbo,They don't support golf courses at most hotels,They host a golf course and many hotels.,refutes,refutes,refutes,True,refutes,igbo,refutes,refutes,True,True,correct_to_correct
afrifact_data_culture_yoruba_091,yoruba,Kò sí ẹnìkankan níbẹ̀ nígbà tí Dauda gbé iṣẹ́ fún arábìnrin yìí.,"Oúnjẹ yìí jẹ́ àdàpọ̀ ìrẹsì, tòmátì, àlùbọ́sà, àwọn èròjà amóúnjẹ-ta-sánsán, ẹ̀fọ́ àti ẹran papọ́ sínú ìkòkò kàn, pẹ̀lú èròjà, àti pé orísirísi ònà ní àwọn èèyàn ń gbà ṣe oúnjẹ yìí níbikíbi. Ìtàn àti ìpìlẹ̀ṣẹ̀ [ | ] Wọ́n tọ orírun ìrẹsì àsèpọ̀ jọ̀lọ́ọ̀fù lọsí agbègbè Sẹ̀nẹ̀gáḿbíà lábẹ ìjọba Jọ̀lọ́ọ̀fù tàbí Wọ́lọ́ọ̀fù ní ọ̀rúndún kẹrìnlá, èyí tí Sẹ̀nẹ̀gà, Gáḿbíà àti Mọriténíà máa ń dáko ìrẹsì.",nei,nei,nei,True,yoruba,There was no one there when Dauda gave work to this sister.,"This dish is a mixture of rice, tomato, onion, vegetables, herbs and meat together in a pot, with ingredients, and people cook this dish in different ways everywhere. History and background [ | ] They brought a type of mixed rice similar to the Senegalese in the region of Senegal under the kingdom of Joloofu or Wolofu in the 14th century, which Senegal, Gambia and Mauritania used to exchange rice.",nei,nei,nei,True,nei,yoruba,nei,nei,True,True,correct_to_correct
afrifact_data_culture_yoruba_077,yoruba,"Ọjọ́ kẹtàdínlọ́gbọ̀n, oṣù kẹta, ọdún 2020 ni òfin yìí ò ní ṣiṣẹ́ mọ́.","Oyo kéde pé kí àwọn òṣìṣẹ́ ìjọba dáwọ́ iṣẹ́ dúró nítorí coronavirus Ijọba ipinlẹ Ọyọ ti ti ilẹkun ileeṣẹ ijọba pa fun ọsẹ meji gbako nitori itankalẹ aarun coronavirus nipinlẹ naa. Gomina ipinlẹ naa, Seyi Makinde lo kede bẹ ẹ ninu atẹjade kan to fi sita loju opo Twitter rẹ lọjọru. Aṣẹ naa yoo bẹrẹ iṣẹ ni ọjọ Ẹti, ọjọ kẹtadinlọgbọn, oṣu Kẹta, ọdun 2020.",refutes,supports,supports,False,yoruba,"On the twenty-seventh day, third month, of the year 2020, this law will no longer work.","Oyo announced that government employees should stop working because of the coronavirus The Oyo state government has closed the doors of government offices for two weeks due to the spread of the coronavirus disease in the state. The governor of the state, Seyi Makinde made the announcement in a press release he posted on his Twitter handle. The order will come into effect on Wednesday, the twenty-seventh day of March, 2020.",refutes,nei,nei,False,refutes,yoruba,supports,nei,False,False,wrong_to_wrong
afrifact_data_culture_hausa_583,hausa,A shekarar 2022 America ta fara ƙera motoci masu amfani da diesel.," watan Oktoba na shekara ta 2022, Kamfanin Amurka mai suna Ideanomics, wanda ke da ƙwarewa acikin motocin lantarki, ya bada umurni ga abin da yake da'awar shine mafi girman masana'antar taro don tarakta na lantarki a Arewacin Amurka.",nei,nei,nei,True,hausa,"In 2022, America will start manufacturing diesel cars.","In October 2022, Ideanomics, an American company specializing in electric vehicles, commissioned what it claims is the largest assembly plant for electric tractors in North America.",nei,refutes,refutes,False,nei,hausa,nei,refutes,True,False,correct_to_wrong
afrifact_data_culture_hausa_592,hausa,Dinki sana'a cewa mai wahala sosai.,An yi amfani da dinki wajen dinke fatun dabbobi wuri guda domin sutura da matsuguni.,nei,nei,nei,True,hausa,Sewing is a very difficult job.,Sewing was used to sew animal skins together for clothing and shelter.,nei,nei,nei,True,nei,hausa,nei,nei,True,True,correct_to_correct
afrifact_data_culture_igbo_287,igbo,Sam Mbakwe bụ osote gọvanọ nke mbụ nke ndịda Naịjirịa n'afọ 1979. ,"Sam” Onunaka Mbakwe (1929 { - Ụbọchị nke ise n'ọnwa Jenụwarị nke afọ 2004) onye amaara dị ka Dee Sam bụ onye ndọrọ ndọrọ ọchịchị na-onye gọvanọ ochichi onye kwuo uche ya nke mbụ , ebe ndịda site 1 October 1979 ruo mgbe 31 December 1983. ",refutes,supports,supports,False,igbo,Sam Mbakwe was the first deputy governor of southern Nigeria in 1979.,"Sam"" Onunaka Mbakwe (1929 { - 5th day of January 2004) known as Dee Sam is a politician who was the first democratic governor, South from 1 October 1979 to 31 December 1983.",refutes,refutes,refutes,True,refutes,igbo,supports,refutes,False,True,wrong_to_correct
afrifact_data_culture_hausa_187,hausa,Dajin Yankari ya fara ne daga kudancin Kano kuma ya kare a arewacin Jigawa.,An bayyana Yankari a matsayin wani yanki na kudancin jihar Bauchi a lokacin inda namun daji masu yawa ke wanzuwa kuma ana iya kare su.,refutes,refutes,refutes,True,hausa,Yankari Forest starts from the south of Kano and ends at the north of Jigawa.,Yankari has been described as a part of southern Bauchi state at the time where many wild animals exist and can be protected.,refutes,nei,nei,False,refutes,hausa,refutes,nei,True,False,correct_to_wrong
afrifact_data_culture_hausa_726,hausa,Bincike ya nuna cewa anfi samun masu cututtukan sikila a arewacin Najeriya saboda rashin gwaji lokacin yin aure.,"Wata kididdiga da aka fitar a watan Maris din bana ta nuna cewa Najeriya ce ta fi yawan mutanen da ke dauke da wannan cuta a duniya, inda kimanin mutum 91,011 ke fama da ita. Yankin arewacin kasar ne kuma aka fi samun wadanda ke fama da cutar. Kuma ana alakanta rashin gwaji kafin aure ne babban dalilin da ya sa cutar ke yaduwa a kasar.",supports,supports,supports,True,hausa,Research has shown that there are more people with sickle cell disease in northern Nigeria because of the lack of testing at the time of marriage.,"A statistic released in March this year shows that Nigeria has the highest number of people with this disease in the world, where about 91,011 people are suffering from it. It is the northern part of the country and the most affected people are found. And it is linked to the lack of testing before marriage is the main reason why the disease is spreading in the country.",supports,supports,supports,True,supports,hausa,supports,supports,True,True,correct_to_correct
afrifact_data_culture_yoruba_276,yoruba,Ìlú Ilaro ní ìpínlẹ̀ Ògùn ni wọ́n bí Ọba Seriki Ifaremilekun Abass Williams Fagbemi sí.,"Itan aye Ọba Seriki Ifaremilekun Abass Williams Fagbemi: Abule Joga-Orile lagbegbe ilu Ilaro nipinlẹ Ogun bayii ni wọn ti bi Ifaremilekun, ti orukọ baba rẹ si n jẹ Fagbemi. Olowo ẹru kan nilu Dahomey ti orukọ rẹ n jẹ Abass si lo mu lẹru lasiko ogun Dahomey ati Egba nigba to wa ni ọmọ ọdun mẹfa, to si pa orukọ rẹ da si ti ọga rẹ. Idi si ree to fi n jẹ Ifaremilẹkun Fagbemi Abass. 'Oyenusi ló mú mi wọ ẹgbẹ́ adigunjalè kó tó di pé mo b'Ólúwa pàdé' Lẹyin naa ni wọn ta soko ẹru fun oyinbo Brazil kan to n jẹ Williams, ẹni to gbe Seriki Abass lọ sorilẹede Brazil lati lọ se ọmọ ọdọ rẹ. Ni kete to si de silẹ Brazil ni ọga rẹ yii tun yi orukọ rẹ pada si Williams nitori ẹru ko ni idamọ kankan to yatọ si ti olowo rẹ. Brazil ni William Abass ti mọọkọ-mọọka ninu ede Dutch tilẹ Netherlands, bakan naa lo gbọ ede oyinbo, Spanish ati pọtugi.",supports,supports,supports,True,yoruba,King Seriki Ifaremilekun Abass Williams Fagbemi was born in Ilaro in Ogun state.,"The life story of King Seriki Ifaremilekun Abass Williams Fagbemi: Joga-Orile village in Ilaro town in Ogun state was where Ifarmilekun was born, and his father's name was Fagbemi. A rich man in Dahomey whose name was Abass was taken prisoner during the war between Dahomey and Egba when he was six years old, and he changed his name to that of his boss. That is why he is being married to Fagbemi Abass. 'Oyenusi is the one who made me join the gang before I met God' Then they sold the goods to a Brazilian chef named Williams, who took Seriki Abass to Brazil to marry his young son. As soon as he arrived in Brazil, his boss changed his name to Williams because the slave did not have any identity different from his money. William Abass was born in Brazil and studied Dutch and the Netherlands, as well as Spanish and Portuguese.",supports,supports,supports,True,supports,yoruba,supports,supports,True,True,correct_to_correct
afrifact_data_culture_igbo_587,igbo,Ndị amụsu anarana ndị Enugwu steeti obodo ha n'ike.,"O nwere ihe ọjọọ dị na inyobanye anya n'okwu gbasaara ịta amụsụ? Otu jikọrọ ndị ụka ọgbara ọhụrụ a kpọrọ 'Pentecostal Fellowship of Nigeria (PFN)' buru agha ekpere abalị abụọ iji kagbuo ọgbakọ ahụ. Dịka onyeisi PFN n'Enugwu steeti bụ Bishọp Godwin Madu siri kwuo n'akwụkwọ mgbasaozi o wepụtara, o kwuru na ha agaghị anọrọ gba nkịtị ewere steeti ahụ nyefee n'aka ndị amusu. ",refutes,nei,nei,False,igbo,Those who were forced to name the people of Enugu state their country.,"Is there anything wrong with delving into the spread of divination? A group of modern churches called 'Pentecostal Fellowship of Nigeria (PFN)' launched a two-night prayer war to cancel the conference. According to the head of the PFN in Enugu state, Bishop Godwin Madu, in a press release, he said that they will not remain silent and hand the state over to the amusu people.",refutes,nei,nei,False,refutes,igbo,nei,nei,False,False,wrong_to_wrong
afrifact_data_culture_igbo_295,igbo,Ozumba Mbadiwe wubere akwụkwọ mbipụta Native News mgbe ọ rụchara ọrụ ya dịka onye Minista n'afọ 1961,"Mbadiwe hibere akwụkwọ akụkọ nke ya, Daily Telegraph, dịka akụkụ ngagharị iwe.",refutes,nei,nei,False,igbo,Ozumba Mbadiwe founded Native News after serving as Minister in 1961,"Mbadiwe founded his own newspaper, the Daily Telegraph, as part of the protest.",refutes,nei,nei,False,refutes,igbo,nei,nei,False,False,wrong_to_wrong
afrifact_data_culture_igbo_629,igbo,"Ndị mmadụ na-achọ ịma ụfọdụ ihe gbasara njem ụgbala, nke mere ka Henrietta Yakubu kwuo na gọọmentị amachiela ndị mmadụ iji ụgbọala eme njem ugbua ruo ọnwa abụọ na-abịa.","Kama dịka ọ dị ugbua, gọọmentị na-eme njikere ịwepụ mmachị amachiri njem ụgbọelu. Onyeisi na-ahụ maka mmekọ na-etiti ụlọọrụ nke ngalaba na-ahụ maka ọdọ ụgbọelu bụ Federal Airports Authority of Nigeria (FAAN) aha ya bụ Henrietta Yakubu zara ụfọdụ ajụjụ na ụfọdụ ihe ndị mmadụ chọrọ ị ma maka njem ụgbọelụ n'oge a.",refutes,nei,nei,False,igbo,"People want to know some things about traveling in the country, which made Henrietta Yakubu to say that the government has already restricted people from using vehicles for the next two months.","Instead, as it is now, the government is preparing to lift the ban on air travel. The Inter-Agency Liaison Officer of the Federal Airports Authority of Nigeria (FAAN) named Henrietta Yakubu answered some questions and some things people want to know about air travel these days.",refutes,refutes,refutes,True,refutes,igbo,nei,refutes,False,True,wrong_to_correct
afrifact_data_culture_hausa_799,hausa,Sofia Sadek malama ce a makarantar firamare a ƙasar Tunisia.,"Sofia Sadek mawakiya ce 'yar kasar Tunisia, wadda shahararriya ce musamman a yankin Arewacin Afirka. AFP ta gano cewa bidiyon ya samo asali ne daga shafin Youtube, inda wani gidan rediyo mai suna Radio Med ya wallafa ranar 24 ga Satumbar 2016. Bidiyon yana dauke da taken ""Sofia Sadek tana karanta Kur'ani yayin wata hira"".",refutes,supports,supports,False,hausa,Sofia Sadek is a primary school teacher in Tunisia.,"Sofia Sadek is a singer from Tunisia, who is famous especially in North Africa. AFP found out that the video originated from YouTube, where a radio station called Radio Med published it on September 24, 2016. The video has the title ""Sofia Sadek reciting the Koran during an interview"".",refutes,nei,nei,False,refutes,hausa,supports,nei,False,False,wrong_to_wrong
afrifact_data_culture_yoruba_749,yoruba,"Délànà gbà pé orírun gidi àwọn Ẹ̀gbá wá láti Ọ̀yọ́, ó sì fi kún un pé ọmọ àlè tàbí ẹrú ni Ẹ̀gbá tí kò ní orírun láti Ọ̀yọ́.","Ọ̀pọ̀lọpọ̀ onímọ̀ ló ti sọ nípa bí a ti se tẹ ilẹ̀ Ẹ̀gbá dó, tí wọn sí tì gbé àbọ̀ ìwádìí wọn fún aráyé rí. Ara irú àwọn báyìí ni Samuel Johnson, Sàbírì Bíòbákú, Ajísafẹ́, Délànà àti àwọn mìíràn tó jẹ́ òpìtàn àtẹnudẹ́nu. Johnson gbà pé Ọ̀yọ́ ni àwọn Ẹ̀gbá ti wá. O ní àwọn ẹ̀yà Ẹ̀gbá tòótọ́ lé ti orírun wọn de Ọ̀yọ́. ó tún tẹ̀ síwájú síi pé ọmọ àlè tàbí ẹrú ni Ẹ̀gbá tí kò bá ní orírun láti Ọ̀yọ́. ",refutes,nei,nei,False,yoruba,"Delana agreed that the real origin of the Egba came from Oyo, and added that Egba who do not have origin from Oyo are the children of ale or slave.","Many scientists have told about how the land of Egba was laid, and they have presented their findings to the world. Samuel Johnson, Sabiri Biobaku, Ajisafe, Delana and others are oral historians. Johnson believed that the Eagles came from Oyo. You have the true tribes of Egga whose origins reach Oyo. he also went on to say that Egba is the son of a slave or a slave if he does not have roots from Oyo.",refutes,nei,nei,False,refutes,yoruba,nei,nei,False,False,wrong_to_wrong
afrifact_data_culture_hausa_144,hausa,"Kananan hukumomin Dambatta, makoɗa da Minjibir na samun ruwan sha daga Thomas dam.","Aikinsa na samar da ruwansha na Timas Danbatta ya tsaya, har sai a shekarar 2008 sannan aka karasa shi inda ake samar da ruwan sha ga kananan hukumomin Dambatta, Makoda da Minjibir.",supports,supports,supports,True,hausa,"The local governments of Dambatta, Makoda and Minjibir get drinking water from Thomas dam.","His work to provide drinking water for Timas Danbatta stopped, until in 2008 and it was completed where drinking water was provided for the local governments of Dambatta, Makoda and Minjibir.",supports,nei,nei,False,supports,hausa,supports,nei,True,False,correct_to_wrong
afrifact_data_culture_hausa_809,hausa,Mutuwar mazaje na jefa matayensu cikin mummunan halin rayuwa.,"Matan da mazansu suka mutu A al'adance, ana daukar mata a matsayin mallakar mazajensu, a wasu al'adun, duk lokacin da namiji ya mutu, mace kan fada cikin wani hali na takura da muzgunawa daga dangi.",supports,nei,nei,False,hausa,The death of husbands puts their wives in a bad situation.,"Women whose husbands have died Traditionally, women are considered to be the property of their husbands. In some cultures, whenever a man dies, a woman falls into a state of oppression and abuse from her family.",supports,supports,supports,True,supports,hausa,nei,supports,False,True,wrong_to_correct
afrifact_data_culture_yoruba_525,yoruba,"Kì í ṣe Wizkid nìkan ló jẹ́ olórin ẹlẹ́bùn àtinúdá ní orílẹ̀-èdè Nàìjíríà, àwọn olórin mìí tó tún ti di ìlúmọ̀ọ́ká ni Yemi Alade, Tekno, Falz, Olamide, Simi, Mr Eazi, Mologo àti Patoranking","Awọn onkorin lasiko yii gba pé orin Afro Beats ti n nipa lori ọna iṣọwọ kọrin awọn miran ni ori ayelujara ni eyi to tun n fun Naijiria lokiki sii lagbaye. Ayanbinrin Ara fi ilu kọ'rin ibilẹ Naijiria Eyi lo bi ẹya orin bii Afro-pop, azonto, hiplife atawọn mii laarin awọn eniyan Ghana ati Naijiria bi apẹrẹ orin Oliver Twist ti DBanj tun ṣi oju awọn eniyan si i. Awọn olorin Naijiria mii to tun ti di ilumọọka ni Yemi Alade, Tekno, Falz, Olamide, Simi, Mr Eazi, Mologo ati Patoranking. ",supports,nei,nei,False,yoruba,"Wizkid is not the only talented musician in Nigeria, other musicians who have become famous are Yemi Alade, Tekno, Falz, Olamide, Simi, Mr Eazi, Mologo and Patoranking","Today's singers agree that the Afro Beats music that is being played by others online is what is making Nigeria more popular in the world. Ayanbinrin Ara fi drum sings a Nigerian song. This is used as a musical element such as Afro-pop, azonto, hiplife and others among the people of Ghana and Nigeria as the song Oliver Twist by DBanj also opened people's eyes to it. Other Nigerian artists who have also become popular are Yemi Alade, Tekno, Falz, Olamide, Simi, Mr Eazi, Mologo and Patoranking.",supports,supports,supports,True,supports,yoruba,nei,supports,False,True,wrong_to_correct
afrifact_data_culture_igbo_727,igbo,Lukmon Akanbi kwuru na nwaokorobịa ọ gbara egbe anwụghị anwụ.,"Aka ndị uweojii akparala ofu onye otu ha ji egbe gbagbuo otu nwata nwaokorobịa na mpaghara Legọs Aịland ụbọchị Fraịde. Onye uweojii a aha ya bụ Lukmon Akanbi na nwaokorobịa aha ya bụ Ramon Adeniyi nwere obere nghọtahie o wee mịrị egbe gbatuo ya. Bala Elkana bụ ọnụ na-ekwuru ndị uweojii na Legọs kwuru na e kpeela Akanbi ikpe imeụlọ dịka iwu ndị uweojii sị dị, wee chụọ ya n'ọrụ.",refutes,nei,nei,False,igbo,Lukmon Akanbi said the young man he shot did not die.,The police have arrested a person who shot and killed a young boy in Lagos Island on Friday. The police officer named Lukmon Akanbi and a young man named Ramon Adeniyi had a small disagreement and he shot him down. Bala Elkana who spoke to the police in Lagos said that Akanbi has been sentenced to domestic violence according to the law of the police and fired.,refutes,refutes,refutes,True,refutes,igbo,nei,refutes,False,True,wrong_to_correct
afrifact_data_culture_yoruba_145,yoruba,Àwọn kọ̀m̀pútà tí wọn ń ṣe láyé òde òní ò dára tó àwọn ti àtijọ́.,"Lẹ́hìn èyí, tí àwọn méjèèjì sí ti gbà fún Ọlọ́hun wọn Allah tí wọ́n sì ṣe ijúwọ̀-jusẹ̀ sílè fún Ìfẹ Ọlọ́hun), tí òun (Ibrahim) sí tí tẹ́ orí ẹ́e (Ishamel) lọ sílẹ̀ (ní ààyè itébà sí iwájú); ""Báyìí náà ní Àwa sí pé òun: ""Ìwọ Ibrahim o!"" ""Ìwọọ (Ibrahin) tí ṣe gẹ́gẹ́ bí A ti fi hàn ó (ní ojúran) ní òtítọ àti ní òdodo! Báyìí náà sì ní Àwa ṣe má ń san ẹ̀san fún (gbogbo àwọn) Múhsínùn (olùṣe rere lótitọ àti l'ódodo) - Sheikh Adélabú ṣe ìtọka sí Ẹsẹ Ọrọ Ọlọ́hun nínú kúránì Orí 2:112)."" Láì kọ́ ṣe àníàní, ìdánwò nlá tí ó fi ojú hàn gbángba ní eléyìí jẹ́. Nítorí ìdí èyí ní À wa fi ṣe ìrópò (gẹ́gẹ́ bí ìràpadà) ọmọ (Ishamael) tí òun (Ibrahim) náà pẹ̀lú àgùntàn kàn bọ̀lọ̀jọ̀ (láti fi dípò ní ṣíṣe ìdúpẹ́ òòrè láti Ọ̀dọ̀ Ọlọ́hun)",nei,nei,nei,True,yoruba,The computers they make today are not as good as those of the past.,"After this, both of them had accepted their God Allah and had surrendered to God's Will), and he (Ibrahim) had lowered his head (Ishamel) (in the space of a palm in front); This is how We said to him: ""O Ibrahim!"" And this is how We do not reward (all those) Muhsinun (who do good and righteous) - Sheikh Adélabu refers to the Verse of the Word of God in the Qur'an Chapter 2:112). redemption) of the son (Ishamael) that he (Ibrahim) with the sheep just came (to replace it in giving thanks for the favor from God)",nei,nei,nei,True,nei,yoruba,nei,nei,True,True,correct_to_correct
afrifact_data_culture_yoruba_511,yoruba,Ìròyìn lábẹ́ akọ́mọlédè àti àṣà sọ pẹ́ kí àwọn ènìyàn kọ́ ẹ̀kọ́ si nípa ààlọ́ nílẹ̀ Yorùbá,"Pasan tijọba fi na ileesẹ Channels yoo da kun isoro Naijiria - PDP Ẹwẹ, ẹgbẹ oṣelu PDP ti juwe igbesẹ ti ajọ NBC gbe lori ileeṣẹ iroyin Channels gẹgẹ bii eyii to bani lọkan jẹ. PDP sọ ninu atẹjade kan pe ""Igbesẹ yii jẹ eyii to le da kun wahala to wa nilẹ ni Naijiria, paapaa lasiko ti a wa yii, nitori naa a rọ ijọba lati tun ọrọ naa gbe yẹwo."" Lori eto ileesẹ Channels ni agbẹnusọ fun ẹgbẹ IPOB ti ijọba ti fofin de, fẹsun kan ileeṣẹ ologun pe wọn pa ọkan lara awọn adari ẹgbẹ ọhun lọna aitọ loju ọna abule rẹ, ti wọn si parọ fun awọn araalu bi ọrọ iku ọhun ṣe jẹ.",nei,nei,nei,True,yoruba,News under the media and the culture tells people to learn more about fortune telling in Yoruba land.,"The fact that the government has stopped Channels will add to the problem of Nigeria - PDP Well, the PDP political party has described the action taken by NBC on Channels news agency as this one is heartbreaking. PDP said in a press release that ""This move is one that can add to the problem in Nigeria, especially at this time, so we urge the government to reconsider the issue."" On Channels TV, the spokesperson for the banned IPOB party accused the military that they killed one of the leaders of the party unlawfully on the road to his village, and lied to the public about the death of the party.",nei,nei,nei,True,nei,yoruba,nei,nei,True,True,correct_to_correct
afrifact_data_culture_yoruba_025,yoruba,Gbogbo àwọn ẹrú tí ó rà pátápátá ni wọ́n kó lọ sí òkè ọya.," Àwọn ará Awori ní ìtàn-àkọọ́lẹ̀ pípẹ́ nípa níní ibùgbé sí àárín , èyí tó bẹ̀rẹ̀ ṣáájú ìjọba amúnisìn. Àwọn ni wọ́n dá ìlú Èkó sílẹ̀, wọ́n jẹ́ pẹjapẹja àti oníṣòwò, ó sì fìdí múlẹ̀ gẹ́gẹ́ bí òwò tí wọ́n ń ṣe ní apá . Ìtàn orísun [ | ] Ìtàn náà ni pé, Olófin àti àwọn ọmọlẹ́yìn rẹ̀ kúrò ní ààfin Ọba (tó jẹ́ olùṣẹ̀dásílẹ̀ ilẹ̀ Yorùbá) ní , wọ́n sì ṣí lọ síhà Gúúsù létí odò kan.",nei,nei,nei,True,yoruba,All the slaves he bought outright were taken to the mountain.,"The Awori people have a long history of living in the center, which started before the colonial government. They are the ones who founded the city of Eko, they are merchants and traders, and it is established as the business they do in the area. Source Story [ | ] The story is that, Olófin and his followers left the King's palace (who is the founder of Yoruba land) in , and they moved towards the South by a river.",nei,nei,nei,True,nei,yoruba,nei,nei,True,True,correct_to_correct
afrifact_data_culture_hausa_647,hausa,Raƙumi na daga cikin dabbobi da su ke iya ɗaukan tsawon loƙaci ba tare da sun ci ko sun sha ba.,Raƙumi zai iya rayuwa har na tsawon kwana takwas ba tare da ci ko sha ba.,supports,nei,nei,False,hausa,Camel is one of the animals that can go for a long time without eating or drinking.,A camel can live for up to eight days without eating or drinking.,supports,supports,supports,True,supports,hausa,nei,supports,False,True,wrong_to_correct
afrifact_data_culture_hausa_301,hausa,Kalmar “tofu” ta Turanci ta samo asali ne daga yaren Faransanci,"Kalmar Turanci *""tofu""* ta samo asali ne daga kalmar Japananci *tōfu (豆腐)*. Wannan kuma an arota ne daga kalmar Sinanci *豆腐* (a Mandarin: *dòufǔ*; tou4-fu) wato *‘cuku daga wake’* ko *‘ferment ɗin wake’*.'. [ 10 ] Takaddun farko na kalmar a Turanci yana cikin fassarar 1704 na Domingo Fernández Navarrete 's A Collection of Voyages and Travels , wanda ya bayyana yadda aka yi tofu. Kalmar towfu kuma ta bayyana a cikin wasiƙar 1770 daga ɗan kasuwan Ingila James Flint zuwa Benjamin Franklin . : 73 An yi amfani da kalmar ""curd (s)"" na tofu a Amurka tun aƙalla 1840.",refutes,refutes,refutes,True,hausa,"The English word ""tofu"" comes from the French language","Kalmar Turanci *""tofu""* ta samo asali ne daga kalmar Japananci *tōfu (豆腐)*. This is borrowed from the Chinese word *豆腐* (in Mandarin: *dòufǔ*; tou4-fu) that is *'cheese from beans'* or *'fermented beans'*.' [10] The first document of the word in English is in the 1704 translation of Domingo Fernández Navarrete's A Collection of Voyages and Travels, which describes how tofu is made. The word towfu also appears in a 1770 letter from English merchant James Flint to Benjamin Franklin. : 73 The term ""curd(s)"" for tofu has been used in the United States since at least 1840.",refutes,refutes,refutes,True,refutes,hausa,refutes,refutes,True,True,correct_to_correct
afrifact_data_culture_igbo_672,igbo,"Na omenala Igbo, a na-atụ anya na onye ọbụla gbagooro afọ iri ise na itoolu ekwesịla ịmepụta ihe na ndụ ya. Mba ọbụrụ gbagooro afọ iri ise na itoolu ekwesịgo inwe ihe ha mepụtagooro. Ihe ndị a na-ele anya iji chọpụta ogo ha nọ gụnyere nrụrụaka, ụgwọ opekatampe were dịrị gawa.","Ọ bụrụ n'omenala Igbo, onye gbara afọ iri ise na itoolu ekwesila imezu ihe a tụrụ anya na ndụ ya. Na ntule anyị mere, anyị chọrọ ịchọpụta mba kacha eme nke ọma. Ihe enyochara Ihe ndị anyị ji mee nchọpụta a gụnyere ọnwụ ụmụaka amụru ọhụrụ nke Bekee kpọrọ ""Infant Mortality"", ogologo afọ ndụ (life expectancy), ụgwọ opekatampe (minimum wage) na nrụrụaka (corruption).",supports,nei,nei,False,igbo,"In Igbo culture, it is expected that anyone over the age of 59 should be creative in his life. A country that has reached fifty-nine years should have what they have created. The things that are looked at to determine their quality include corruption, minimum wage and existence.","In Igbo culture, a person who turns 59 years old is allowed to achieve what is expected in his life. In our analysis, we wanted to find out which countries are doing the best. What was analyzed The things we used for this research include infant mortality, life expectancy, minimum wage and corruption.",supports,nei,nei,False,supports,igbo,nei,nei,False,False,wrong_to_wrong
afrifact_data_culture_yoruba_673,yoruba,"Ní ọdún 2015 náà, ọ̀pọ̀ àwọn ìlú míràn ní ilẹ̀ Yorùbá tún ní ayẹyẹ ìyípadà ọba, tí wọ́n fi gbé àwọn ọba tuntun kalẹ̀ gẹ́gẹ́ bí àṣà wọn.","Gẹ́gẹ́ bí a ti kàá nínú ìtàn, Ọọ̀ni àkọ́kọ́ tí yóò kọ́kọ́ jẹ ní Ifẹ̀ ni ó jẹ́ ọmọ bíbí inú Odùduwà tí ó jẹ́ ọ̀kànlélógójì òrìṣà fúnra rẹ̀, nígbà tí Ọọ̀ni tí ó wà níbẹ̀ lọ́wọ́ lọ́wọ́ báyí jẹ́ Ọọ̀ni Adéyẹyè Ẹnìtàn Ògúnwùsì Ọ̀jájá Kejì(II) tí wọ́n jẹ ní ọdún 2015.",nei,nei,nei,True,yoruba,"In the year 2015, many other cities in Yoruba land also had a king change ceremony, in which they installed new kings according to their custom.","As we have read in the history, the first Oni who will eat in Love is the child born from Oduduwa who is a forty-one goddess herself, while the Oni who is there now is the second Ogunwusi Ojaja (II) Chicken Hen who was born in the year 2015.",nei,nei,nei,True,nei,yoruba,nei,nei,True,True,correct_to_correct
afrifact_data_culture_hausa_428,hausa,Ibrahim Zakzaky ya na fita kasashen waje domin gabatar da makaloli a duk shekara.,"Rikicin Yan shi'a na shekarar 2014 a Zariya [ | ] Ibrahim Zakzaky A ranar 25 ga watan na shekarar 2014 ne aka samu tashin hankali tsakanin yaƙungiyar r 'yan uwa musulmi mabiya zakzaky da sojojin a birnin , a yayin gudanar da lumanar zanga zanga akan nuna goyon bayan mutanen falasdinu inda mutane 35 suka rasa rayukansu ciki har da 'ya'yan Ibrahim Zakzaky guda uku (3).",nei,nei,nei,True,hausa,Ibrahim Zakzaky has been going abroad to present articles every year.,"The 2014 Shia conflict in Zaria [| ] Ibrahim Zakzaky On the 25th of the month of 2014, there was violence between the group of Muslim brothers who follow Zakzaky and the army in the city, during a peaceful protest in support of the Palestinian people where 35 people lost their lives including the three (3) sons of Ibrahim Zakzaky.",nei,nei,nei,True,nei,hausa,nei,nei,True,True,correct_to_correct
afrifact_data_culture_hausa_042,hausa,Abubakar Tafawa  Balewa ya riƙe muƙamin ministan Ayyuka da kuma Sufuri.,,supports,nei,nei,False,hausa,Abubakar Tafawa Balewa held the position of Minister of Works and Transport.,,supports,nei,nei,False,supports,hausa,nei,nei,False,False,wrong_to_wrong
afrifact_data_culture_yoruba_770,yoruba,Kò sí ààmì kan pàtó láti fi hàn pé Èṣù máa ń tọ́ni sọ́nà ni.,"Oríta ní Èṣù máa ń gbé. Èṣù jẹ́ alárèékérékè èdá. Òun ni ó ń kọ́ àwọn ènìyàn láti máa pé ojú méjì ni gbogbo ọ̀rọ̀ máa ń ní. Ó máa ń ṣọ̀tún, ṣòsì má ba ìbìkan jẹ́, bẹ́ẹ̀ náà ni ó máa ń tọ́ni sọ́nà. Ìdí nì yìí tí wọ́n fi sọ pé Ẹ̀ṣù ṣe pàtàkì láti ní ayé tó létò.",refutes,nei,nei,False,yoruba,There is no specific sign to show that the Èṣù guides.,"The Èṣù lives on a fork. The Èṣù is a cunning creature. He is the one who teaches people that every word has two faces. He always corrects, so as not to spoil something, he also guides. This is why they say that the Devil is important to have an orderly world.",refutes,nei,nei,False,refutes,yoruba,nei,nei,False,False,wrong_to_wrong
afrifact_data_culture_igbo_083,igbo,Ọ nweghị ihe e mebiri na Lekki Lagos.,E mebiri ọtụtụ ihe ma gbaa ọtụtụ ọkụ ebe ahụ nke gụnyere ogige ndị uweojii atọ bụ nke a gbara ọkụ.,refutes,nei,nei,False,igbo,Nothing was damaged in Lekki Lagos.,"Many things were destroyed and many fires were set there, including three police stations which were set on fire.",refutes,refutes,refutes,True,refutes,igbo,nei,refutes,False,True,wrong_to_correct
afrifact_data_culture_yoruba_578,yoruba,"Calcium, carbohydrate, àti proteins ni àwọn èròjà inú àkàrà tó lè múni sanra.","Akara ní àwọn èròjà láti múni sanra, torí àwọn èròjà proteins, vitamins àti minerals bí i calcium, iron àti zinc inú rẹ̀. Àmọ́ ṣáá, àwọn èròjà inú rẹ̀ lè ti dínkù nítorí àwọn àfikún kan bí iphytates, fibers, lectins, polyphenols àti tannins tí kì í ṣe ara lóore.",refutes,nei,nei,False,yoruba,"Calcium, carbohydrate, and proteins are the ingredients in bread that can make you fat.","Bread has ingredients to make you fat, because it contains proteins, vitamins and minerals such as calcium, iron and zinc. Of course, its contents may have been reduced due to some additives such as iphytates, fibers, lectins, polyphenols and tannins that are not organic.",refutes,nei,nei,False,refutes,yoruba,nei,nei,False,False,wrong_to_wrong
afrifact_data_culture_hausa_713,hausa,Trump ya goyi bayan 'yan kama karya a lokacin mulkinsa.,"Wanne irin sauyi za a samu karkashin shugabancin Biden? Abubuwa kadan za mu iya hasashen - sauyin alaka da kawayen Amurka, sai maganar sauyin yanayi, da kuma rikicin gabas ta tsakiya. Alaka tsakanin Amurka da ƙawayenta Trump ya yi ta goyon bayan 'yan kama karya da kuma haɗa hannu da su.",supports,supports,supports,True,hausa,Trump has supported liars during his administration.,"What kind of change will there be under the leadership of Biden? A few things we can predict - the change in relations with America's allies, then the issue of climate change, and the conflict in the Middle East. Relations between the United States and its allies Trump has been supporting liars and collaborating with them.",supports,supports,supports,True,supports,hausa,supports,supports,True,True,correct_to_correct
afrifact_data_culture_igbo_329,igbo,Chinwoke Mbadinuju ji ọkwa dịka onye isi ndị amị n'oge Shehu Shagari bụ onye isi ala Naịjirịa.,Ọ rụrụ ọrụ dịka onye enyemaka onwe onye nye onyeisi ala Shehu Shagari n'etiti 1980 na 1983.,refutes,nei,nei,False,igbo,Chinwoke Mbadinuju held the position of Chief of Staff at the time Shehu Shagari was the President of Nigeria.,He worked as a personal assistant to President Shehu Shagari between 1980 and 1983.,refutes,nei,nei,False,refutes,igbo,nei,nei,False,False,wrong_to_wrong
afrifact_data_culture_hausa_401,hausa,Mabiya Sunnah sun zaɓi Abubakar ya jagorance su saboda Annabi bai nuna wanda zai bi bayan sa ba.," Hujjar mabiya aƙidar Sunnah kuwa ita ce da yake Manzon Allah (s.a.w) bai nuna wani ba wanda za'a bi bayansa sai suka yanke hukuncin yin Shura (wato kuri'a tsakanin al'umma) bayan Wafatin, wato rasuwar Annabi (s.a.w) kuma suka zaɓi Sayyadina Abubakar a matsayin Jagoran daular musulunci kuma jagoran Musulmai. ",supports,supports,supports,True,hausa,The followers of the Sunnah chose Abubakar to lead them because the Prophet did not indicate who would follow him.,"The argument of the followers of the Sunnah belief is that the Messenger of God (s.a.w) did not show anyone who should be followed after him, so they decided to hold a Shura (that is, a vote among the people) after the death of the Prophet (s.a.w) and they chose Sayyadina Abubakar as the Leader of the Islamic State and the leader of the Muslims.",supports,supports,supports,True,supports,hausa,supports,supports,True,True,correct_to_correct
afrifact_data_culture_yoruba_358,yoruba,"Àjọ ìṣọ̀kan àgbáyé sì ti kéde pé tí gbogbo àwùjọ àgbáyé bá ń fún ọmọ lọ́yàn, èyí lè doola ẹ̀mí tó tó ẹgbẹ̀rún lọ́nà ẹgbẹ̀rin.","Ẹ mase feti si awọn apọnpo nipa ifọmọ lọyan, gbogbo igba naa kọ lo rọrun lati fun ọmọ lọyan Ajọ isọkan agbaye si ti kede pe ti gbogbo awujọ agbaye ba n fun ọmọ lọyan, eyi lee doola ẹmi to to ẹgbẹrun lọna ẹgbẹrin. Ọpọ iyalọmọ lo maa n gbaradi lasiko ti wọn loyun lati fun ọmọ wọn lọyan, sugbọn o se ni laanu pe ọpọ wọn ni ko ni oye to nipa bo se yẹ ki wọn fun ọmọ ni ọyan, ko si mu amuyo. Àwọn iròyin tì ẹ leè ní ìfẹ̀ síí: Fifun ọmọ lọyan: Ireti ati otitọ ohun to n sẹlẹ Ọpọ ọmọ ni ebi maa n pa, ti yoo si maa sunkun lasiko to ba n mu ọyan, iya rẹ yoo ro pe ko fẹ gba ọyan ni laimọ pe ọyan naa ko se omi sẹnu ọmọ ọhun. Igba tiru iyalọmọ bẹẹ ba si de ile iwosan, nitori ori ọyan rẹ to ti bẹ, ti wọn ba tẹ ọyan rẹ fun omi, ni ẹjẹ yoo maa jade dipo omi ọyan.",supports,supports,supports,True,yoruba,"The United Nations has announced that if the entire world community donates a child, this can save thousands of lives in eight hundred ways.","Don't listen to the myths about breastfeeding, it's not always easy to breastfeed and the World Organization has announced that if the entire world community breastfeeds, this could save thousands of lives. Many pregnant women are preparing to breastfeed their children, but unfortunately, many of them do not have enough knowledge about how to breastfeed their children, and do not take it seriously. Stories that make you love more: Breastfeeding: Hope and the truth of what is happening Many children are hungry, and will cry when breastfeeding, your mother will think that she does not want to breastfeed, not knowing that the breast does not put water in the baby's mouth. When such a miscarriage comes to the hospital, because your breasts are so large, if they press your breasts for water, blood will come out instead of breast milk.",supports,refutes,refutes,False,supports,yoruba,supports,refutes,True,False,correct_to_wrong
afrifact_data_culture_igbo_775,igbo,"BBC Igbo kwuru na ndị na-eso ha na Facebook sị na mmanya ọtọbịrịbịrị, azụ ndụ amịrị amị, data na mmanya beer. esoghi na ihe ndị na-enye ha obi aṅụrị. ","BBC Igbo jụrụ ndị mmadụ na-eso anyị na Facebook ajụjụ ihe ha na-atụnye ego iji mee onwe ha obiụtọ na ihe ọ na-eri ha n'izu. Ọtụtụ kwuru na ihe na-amasị ha gụnyere ịṅụ manya 'beer', mmanya ọtọbịrịbịrị, nkwọbi, azụ ndụ amịrị amị, 'data' e ji aga n'ịntanetị nakwa ego e ji akpọ ekwentị. ",refutes,supports,supports,False,igbo,"BBC Igbo said that those who follow them on Facebook say that they are drinking alcohol, dried fish, data and beer. not among the things that give them joy.","BBC Igbo asked people who follow us on Facebook what they spend money on to make themselves happy and what it costs them in a week. Many said that their favorite things included drinking beer, wine, beer, dried fish, internet data and mobile phone bills.",refutes,refutes,refutes,True,refutes,igbo,supports,refutes,False,True,wrong_to_correct
afrifact_data_culture_igbo_227,igbo,"Dr Tedros kwuru na n'izuụka abụọ gara aga, ndị na-ebutebeghị ọrịa ma a gụpụ Chaina dị mmaji iri na abụọ.","Dr Tedros gara n'ihu kwuo na n'izuụka abụọ gara aga, ndị burula ọrịa ma agụpụ Chaina dị mmaji iri na atọ, ebe mba dị oferela dị mmaji atọ.",refutes,supports,supports,False,igbo,"Dr Tedros said that in the past two weeks, there were 12 people who had not contracted the disease, excluding China.","Dr Tedros went on to say that in the past two weeks, the number of people who have been infected and discharged from China is 13, while the rest of the country has been infected by 3.",refutes,refutes,refutes,True,refutes,igbo,supports,refutes,False,True,wrong_to_correct
afrifact_data_culture_igbo_045,igbo,Nwoke ichi Ọzọ gosiri na onye ahụ amalitela ikwu okwu.,"Tupu Nwoke etorue ichi Ozo, o ga ebu uzo chie ' Nze ' nke na-egosi mmụọ dị ndụ na nna ochie.",nei,nei,nei,True,igbo,Another man's voice indicated that the person had begun to speak.,"Before a man reaches the age of ichi Ozo, he will take the path to worship 'Nze' which represents the living spirit and ancestors.",nei,nei,nei,True,nei,igbo,nei,nei,True,True,correct_to_correct
afrifact_data_culture_igbo_646,igbo,Dave Adenuba bụ kọmishọna ndị Abịa Steeti gwara ndị gọọmentị Enugwu ka ha na-akwụ ndị Enugwu ụgwọ ọnwa oge kwesịrị.,N'otu aka ahụ kọmishịọna mgbasaozi bụ Don Adenuba gwara BBC Igbo na o nweghi onye ọrụ bekee ọbụla e ji ụgwọ n'Anambra Steeti. Ọ sị na gọọmentị ha kwụrụ ụgwọ n'ụbọchị iri abụọ na isii nke ọnwa Eprelụ afọ 2020.,refutes,refutes,refutes,True,igbo,"Dave Adenuba, the State Commissioner for Immigration, told the Enugu government to pay the people of Enugu on time.","In the same way, the media commissioner, Don Adenuba, told BBC Igbo that he does not have any English worker in Anambra State. He said that their government paid the bill on the 26th day of April 2020.",refutes,nei,nei,False,refutes,igbo,refutes,nei,True,False,correct_to_wrong
afrifact_data_culture_igbo_664,igbo,Ụfọdụ ụmụnwaanyị ka a na-awa afọ ma ha chọọ ịmụ nwa. Ụfọdụ na-amụrụ onwe ha nwa.,"Igbo kwenyere na ama ọbụla na-amụtaghị nwa nwoka ga-echi. Ya mere ha jị agụ nwoke aha dịka Obiechina, Amaechina na ndị ọzọ. Ọtụtụ ezinaụlo akụsaala maka amụghị nwa nwoke. Ya bụ, ọ dị ezigbo mkpa ịmụta nwa nwoke n'ezinaụlo, ya mere anyị ji ede akụkọ a. ",nei,nei,nei,True,igbo,Ụfọdụ ụmụnwaanyị ka a na-awa afọ ma ha chọọ ịmụ nwa. Some have children of their own.,"The Igbo believe that any woman who does not bear a son will die tomorrow. That is why they call men names like Obiechina, Amaechina and others. Many families have prayed for not having a son. That is, it is very important to adopt a son in the family, that is why we are writing this article.",nei,nei,nei,True,nei,igbo,nei,nei,True,True,correct_to_correct
afrifact_data_culture_yoruba_559,yoruba,Kò sí ibi tí èèyàn ò lè gbojú omi dé ní gbogbo àgbáyé.,"Gẹ́gẹ́bí erékùsù Èkó, Àgbádárìgì jẹ́ ìlú tí a tẹ̀dó sí etí omi, nítorí ìdí èyí, àyè wà láti rìnrìn-àjò gbojú omi láti Èkó sí Ìlú Porto Novo.",nei,refutes,refutes,False,yoruba,There is no place in the world where people cannot reach water.,"Like the island of Lagos, Agbadarigi is a city settled on the water's edge, because of this, there is an opportunity to travel by water from Lagos to Porto Novo.",nei,nei,nei,True,nei,yoruba,refutes,nei,False,True,wrong_to_correct
afrifact_data_culture_yoruba_158,yoruba,Èdè Yorùbá àti èdè Kwa kò fi ibì kankan ní ìbátan rárá àti rárá.," Èdè Yorùbá jẹ́ èdè kan ti ó gbalẹ̀ tí ó sì wuyì káàkiri àgbáyé. Ìtàn sọ fún wa pé ìbátan ní èdè Yorùbá jé, kwa jẹ́ ẹ̀yà kan ní apá . A lè sọ pé àwọn tí wọ́n ń sọ èdè Yorùbá yàtọ̀ sí orílẹ̀ èdè Nàìjíríà lé ní Ọgbọ̀n mílíọ̀nùn tàbì jù bẹ́ẹ̀ lọ.",refutes,nei,nei,False,yoruba,The Yoruba language and the Kwa language are not related at all.,"The Yoruba language is a popular and popular language around the world. History tells us that kinship in the Yoruba language is, also a tribe in apa . We can say that those who speak the Yoruba language apart from the Nigerian language are over 100 million or more.",refutes,nei,nei,False,refutes,yoruba,nei,nei,False,False,wrong_to_wrong
afrifact_data_culture_yoruba_691,yoruba,"Ní ilẹ̀ Yorùbá, láàárín ọdún 1988 sí ọdún 1999, wọ́n fi àwọn awo mẹ́ta ṣe olùdarí àwọn ẹgbẹ́ ọ̀tọ̀ọ̀tọ̀.","Láàárín ọdún 1951-54 Awólọ́wọ̀ jẹ́ Alákòóso Fún Iṣẹ́ Ìjọba àti Ìjọba Ìbílẹ̀, ó sì di Olórí Ìjọba Agbègbè Ìwọ̀ Oòrùn Ilẹ̀ Nàìjíríà ní ọdún 1954 lẹ́yìn àtúnkọ Ìwé Ìgbépapọ̀ Àti Òfin (constitution).Gẹ́gẹ́ bí Olórí Ìjọba Agbègbè Ìwọ̀ Oòrùn Ilẹ̀ Nàìjíríà, Awólọ́wọ̀ dá ẹ̀kọ́ ọ̀fẹ́ sílẹ̀ fún gbogbo ọ̀dọ́ láti rí i pé mọ̀ọ́kọ-mọ̀ọ́kà gba le ka.",nei,nei,nei,True,yoruba,"In Yoruba land, between the years 1988 and 1999, three plates were used to guide different groups.","Between the years 1951-54, Awololo was the Minister for Public Service and Local Government, and became the Head of the Western Regional Government of Nigeria in 1954 after the rewriting of the Constitution. As the Head of the Western Regional Government of Nigeria, Awololo created free education for all young people to ensure that they can read and write.",nei,nei,nei,True,nei,yoruba,nei,nei,True,True,correct_to_correct
afrifact_data_culture_hausa_754,hausa,Tarihi ya nuna cewa ba a jituwa tsakanin ƙasar Iran da ta Amurka.," An ruwaito Shugaban Ma'aikatar Leken Asirin Iran yana cewa: ""An yanke wa wadannan 'yan leken asiri hukunci--wasu daga cikinsu hukuncin kisa saboda lafin 'fasadi a bayan kasa' (laifin da hukuncinsa kisa a dokokin shari'ar Musulunci na Iran"", A ranar Lahadi, Ministan Leken Asiri Mahmoud Alavi ya sanar da cewa za a nuna wani shiri na talbijin kan kama ""masu leken asirin Amurkan"" a gidan talbijin na Iran.",nei,nei,nei,True,hausa,History shows that there is no harmony between Iran and America.,"The head of Iran's Intelligence Ministry was quoted as saying: ""These spies have been sentenced to death - some of them for the crime of 'corruption behind the scenes' (a crime punishable by death in Iran's Islamic law"").",nei,nei,nei,True,nei,hausa,nei,nei,True,True,correct_to_correct
afrifact_data_culture_hausa_658,hausa,"20 ga watan Afrilu, 2025, darajar Naira ta karye zuwa ₦1,629 kan kowacce dala a kasuwar musayar kuɗi ta Najeriya.","Daga ranar 20 ga watan Yunin 2016, Naira ta samu damar yin iyo, bayan da aka sanya ta a kan ₦197 zuwa dalar Amurka 1 na tsawon watanni. Ciniki[a cewar wane?] ya yi hasashen yawan adadin naira zai kasance tsakanin ₦280 da ₦350 zuwa dala. A watan Oktoban 2021, Shugaba Muhammadu Buhari ya kaddamar da eNaira, nau'in dijital na kudin jihar a Najeriya.",nei,nei,nei,True,hausa,"On April 20, 2025, the value of the Naira broke to ₦1,629 per dollar in the Nigerian exchange market.","From June 20, 2016, the Naira was allowed to float, after being pegged at ₦197 to US$1 for months. Trade [according to who?] predicts the naira exchange rate will be between ₦280 and ₦350 to the dollar. In October 2021, President Muhammadu Buhari launched eNaira, the digital version of the state currency in Nigeria.",nei,nei,nei,True,nei,hausa,nei,nei,True,True,correct_to_correct
afrifact_data_culture_hausa_690,hausa,Jami'an gwamnati da yawa ba su bi ƙa'idar korona ba lokacin da aka yi jana'izar Abba Kyari.,"Mun duba mafiya shahara daga ckinsu kamar haka: Mutuwar babban jami'in gwamnati a Najeriya Waɗanda suka halarci jana'izar Abba Kyari ba su bi ƙa'idojin bayar da tazara ba A Najeriya, annobar korona ta shiga har fadar Gwamnatin Tarayya.",supports,supports,supports,True,hausa,Many government officials did not follow the rules of corona when Abba Kyari's funeral was held.,"We have looked at the most famous of them as follows: The death of a senior government official in Nigeria Those who attended Abba Kyari's funeral did not follow the rules of social distancing In Nigeria, the corona epidemic has reached the Federal Government House.",supports,supports,supports,True,supports,hausa,supports,supports,True,True,correct_to_correct
afrifact_data_culture_hausa_648,hausa,Raƙumi na iya tafiya a cikin hamada ko da ana iska mai karfi.,"Amma mahaliccin raƙumi ya halitta masa wata fata daga saman idonsa kamar gilashi, wadda take sakkowa yayin da iskar ta taso, sai ta zama kariya ga idon.",supports,nei,nei,False,hausa,A camel can walk in the desert even in strong winds.,"But the creator of the camel created for him a skin from above his eye like glass, which loosens when the wind rises, and becomes a protection for the eye.",supports,nei,nei,False,supports,hausa,nei,nei,False,False,wrong_to_wrong
afrifact_data_culture_hausa_016,hausa,Sir Ahmadu Bello bai samu shiga majalisar ƙasa a shekarar 1949 ba.,"A shekarar alif 1949, ya sami zuwa majalisar dokoki ta yankin , yana kuma daga cikin mutum ukku da aka zaba acikin kungiyar da ta rubuta sabon kundin tsarin mulkin kasar",nei,refutes,refutes,False,hausa,Sir Ahmadu Bello did not get to join the National Assembly in 1949.,"In the year 1949, he got to the local parliament, and he was one of the three people who were elected to the group that wrote the new constitution of the country.",nei,refutes,refutes,False,nei,hausa,refutes,refutes,False,False,wrong_to_wrong
afrifact_data_culture_igbo_393,igbo,Chibuike Rotimi Amaechi kwuru okwu n'afọ 2022 sị na agụmakwụkọ bara uru maka ụmụaka Nigeria,Ọ rụrụ ọrụ dị ka gọvanọ nke Rivers Steeti nke jupụtara na mmanụ site n'afọ 2007 ruo afọ 2015,nei,nei,nei,True,igbo,Chibuike Rotimi Amaechi speaks in 2022 saying that literacy is good for Nigerian children,He served as the governor of the oil-rich Rivers State from 2007 to 2015.,nei,nei,nei,True,nei,igbo,nei,nei,True,True,correct_to_correct
afrifact_data_culture_igbo_316,igbo,Ndị Anambra North na South nwere otu ụdị omenala e jiri mara ha,"Mgbe ọ gụsịrị akwụkwọ na Mahadum Katọlik nke America na Washington D.C., na Masters na Sayensị ndọrọ ndọrọ ọchịchị, Chuba gara n'ihu site n'inweta nzere doctorate abụọ na nkà ihe ọmụma na sayensị ndọrọ ọchịchị na Washington, D.C",nei,nei,nei,True,igbo,The people of Anambra North and South have the same cultural identity,"After graduating from the Catholic University of America in Washington D.C., with a Masters in Political Science, Chuba went on to earn two doctorates in philosophy and political science in Washington, D.C.",nei,nei,nei,True,nei,igbo,nei,nei,True,True,correct_to_correct
afrifact_data_culture_igbo_252,igbo,"Rachael Okonkwo malitere ime ihe nkiri mgbe ọ bụ nwata, mana n'ihi Ọ naghị enweta ọrụ, ọ gbanwere ọrụ ya n'ịgba egwu.","Ọ malitere ime ihe nkiri mgbe ọ bụ nwata, mana n'ihi Ọ naghị enweta ọrụ, ọ gbanwere ọrụ ya n'ịgba egwu.",supports,nei,nei,False,igbo,"Rachael Okonkwo started acting when she was young, but because she couldn't get work, she changed her career to dancing.","He started acting as a child, but due to not getting work, he changed his career to dancing.",supports,nei,nei,False,supports,igbo,nei,nei,False,False,wrong_to_wrong
afrifact_data_culture_igbo_079,igbo,Wike gwara ha aṅala Nnadị Kanu nti.,Mana Nnadị Kanu gwara ha aṅala ntị.,refutes,refutes,refutes,True,igbo,Wike told them not to listen to Lord Kanu.,But Nnadi Kanu told them not to pay attention.,refutes,refutes,refutes,True,refutes,igbo,refutes,refutes,True,True,correct_to_correct
afrifact_data_culture_igbo_458,igbo,Dora Akunyili bụ onye ji ọkwa mịnịsịta na-ahụ maka mgbasa ozi na Naiịjiria ruo ihe dị ka afọ abụọ,Akunyili bụkwara mịnịsịta hụrụ maka mgbasa ozi n'ala site na-afọ̀ 2008 ruo 2010.,supports,nei,nei,False,igbo,Dora Akunyili who held the position of Minister of Information in Nigeria for about two years,Akunyili was also a minister for television broadcasting from 2008 to 2010.,supports,nei,nei,False,supports,igbo,nei,nei,False,False,wrong_to_wrong
afrifact_data_culture_igbo_035,igbo,"N'ime ụdị ihe abụọ e ji arụ ọja, nke na-anaghị anọte aka bụ nke osisi","N'ime ụdị ihe abụọ a e ji arụ ya, nke osisi na-aka nọtee aka ruo ogologo oge. ",refutes,refutes,refutes,True,igbo,"Of the two types of building materials, the non-durable is wood","Of these two types of construction materials, the one made of wood has been used for a long time.",refutes,nei,nei,False,refutes,igbo,refutes,nei,True,False,correct_to_wrong
afrifact_data_culture_igbo_658,igbo,Ndị agha U.S anwakpola ndị agha Naịjirịa. Gọọmentị Naịjirịa na-arịọ ka ndị amala Naịjirịa gbatara ha ọsọ enyemaka.,"Boko Haram na nwakpo ndị agha Naịjirịa Ihe nkiri a na-ekegharị na soshal midia na-egosi ihe yiri ndi agha Naịjirịa ka Boko Haram na-awakpo ha. Ihe a mere n'ọdọ ndị agha akpọrọ Metele dị na Borno. Agbanyeghị na ndị agha Naịjirịa ekwubeghị okwu maka mwakpo a, ndị omeiwu Naịjirịa ekwuola na ha ga nyocha etu o siri mee.",nei,nei,nei,True,igbo,The U.S. Army has attacked the Nigerian Army. The Nigerian government is asking the people of Nigeria to come to their aid.,"Boko Haram and the attack of the Nigerian army The video circulating on social media shows what appears to be the Nigerian army being attacked by Boko Haram. The incident happened at a military base called Metele in Borno. Although the Nigerian military has not commented on the attack, the Nigerian parliament has said that they will investigate how it happened.",nei,refutes,refutes,False,nei,igbo,nei,refutes,True,False,correct_to_wrong
afrifact_data_culture_igbo_446,igbo,"Gọọmentị Nigeria boro Nnamdị Kanụ ebubo aghụghọ, nwụchie ya ma jigide ya n'ụlọ mkpọrọ n'afọ 2015","Ejidere Kanu maka ebubo aghụghọ na dị na Nigeria na ka ọnwa Ọktọba dị na mkpụrụ ụbọchị iri na anọ na afo 2015 wee jidere ya ihe karịrị otu afọ, n'agbanyeghị iwu dị iche iche ụlọ ikpe nyere maka ịhapụ ya.",supports,nei,nei,False,igbo,"The Nigerian government accused Nnamdi Kanyu of fraud, arrested him and held him in prison in 2015.","Kanu was arrested on charges of fraud in Nigeria on October 14, 2015 and has been detained for over a year, despite various court orders for his release.",supports,supports,supports,True,supports,igbo,nei,supports,False,True,wrong_to_correct
afrifact_data_culture_yoruba_409,yoruba,Bákan náà ni ìjínigbé ń wáyé ní ẹ̀kun Ààrin gbùngbùn Gúúsù orílẹ̀-èdè Nàìjíríà níbi tí wíwa epo rọ̀bì ti ń wáyé.,"Ni ọdun 2002 ni wọn da ẹgbẹ Boko Haram silẹ, gẹgẹ bii ẹgbẹ ti kii se oniwahala pẹlu afojusun ati ṣe afọmọ ilana ẹsin Islam lẹkun ariwa orilẹede Naijiria. Amọṣa ẹgbẹ naa yi pada di agbebọn ninu ilepa awọn afojusun rẹ. Kii ṣe orilẹede Naijiria nikan ni Boko Haram wa mọ bayii, itakun rẹ ti kan de awọn orilẹede to fẹgbẹkẹgbẹ pẹlu Naijiria bii Chad, Niger ati Cameroun. Ọkẹ aimoye awọn eeyan ni wọn ti ran lọ sọrun apapandodo, ti awọn bi miliọnu meji miran si ti di atipo. Boko Haram kii ye ji awọn akẹkọ gbe eleyi to mu ki oju orilẹede agbaye ṣi si ọdọ rẹ lọdun 2014, lẹyin to ji nnkan bii ọọdunrun akẹkọbinrin gbe nileewe kan to wa ni ilu Chibok nipinlẹ Borno, ipinlẹ ti Boko Haram ti kọkọ di agbebọn. Ni ọdun 2015, Boko Haram gba idanimọ gẹgẹ bii ẹgbẹ agbesunmọmi to buru julọ lagbaye, gẹgẹ bi ajọ to wa fun ọrọ aje ati alaafia lagbaye ṣe sọ.",nei,nei,nei,True,yoruba,"Similarly, kidnappings are taking place in the Central-South region of Nigeria where oil exploration is taking place.","In 2002, they founded Boko Haram, as a non-terrorist group with the goal of purifying the Islamic religion in northern Nigeria. The idol of the group turned into a gunman in the pursuit of his goals. Boko Haram is not only in Nigeria now, its influence has reached neighboring countries such as Chad, Niger and Cameroun. Countless thousands of people have been sent to heaven, and another two million have become settlers. Boko Haram should not abduct students, which made the eyes of the world open to him in 2014, after abducting about a hundred female students from a school in Chibok, Borno state, the state where Boko Haram first became a terrorist. In 2015, Boko Haram was recognized as the world's worst terrorist group, according to the Organization for Economic Co-operation and Development.",nei,nei,nei,True,nei,yoruba,nei,nei,True,True,correct_to_correct
afrifact_data_culture_yoruba_634,yoruba,Fásítì Èkó ló jáwé borí nínú ìdíje pẹ̀lú àwọn ilé ẹ̀kọ́ gíga mẹ́wàá mìíràn.,Iṣẹ́ ti àwọn ará Ipetumodu máa ń ṣe ni iṣẹ́ àgbẹ̀ àti iṣẹ́ ìkòkò mímọ. Ìtàn ìlú ipetumodu [ | ] Àwọn akọni tó kọ́wọ̀ọ́rìn bíi Orunmila àti Obatala ló tẹ ìlú náà dó láti àringbùngùn ayé.,nei,nei,nei,True,yoruba,The University of Lagos won the competition with ten other universities.,The work of the people of Ipetumodu is farming and making sacred pottery. History of the city of Ipetomodu [ | ] Heroes who sing like Orunmila and Obatala besieged the city from the top of the world.,nei,nei,nei,True,nei,yoruba,nei,nei,True,True,correct_to_correct
afrifact_data_culture_igbo_260,igbo,Phyno chọburu ịbụ onye ọkwọ ụgbọ mmiri mana a gwara ya na ọ ga-abụ dọkịta.,"O buru ụzọ chọọ ịbụ onye ọkwọ ụgbọ mmiri, mana a gwara ya na ọ ga-abụ dọkịta.",supports,nei,nei,False,igbo,Phyno used to want to be a sailor but was told he would be a doctor.,"He first wanted to be a sailor, but was told he would be a doctor.",supports,nei,nei,False,supports,igbo,nei,nei,False,False,wrong_to_wrong
afrifact_data_culture_yoruba_555,yoruba,Gaàrí funfun àti Gaàrí yẹ́lò jẹ́ oríṣi Gaàrí méjì tó wà ní ìwọ̀ oòrùn orílẹ̀-èdè Nàìjíríà.,"Ní ìwọ̀-oòrùn , oríṣi gaari méjì ni ó wà, àwọn náà ni gaàrí funfun yẹ́lò. Gaàrí yẹ́lò jẹ́ èyí tí wọ́n fi epo pupa sí nígbà tí wọ́n bá ń yan án. Orílẹ̀-èdè àti ni a ti le rí funfun àti yẹ́lò. Irúfẹ́ Gaàrí funfun kan ni wọ́n ń pè ní Gaàrí-Ìjẹ̀bú . Èyí tí wọ́n máa ń ṣe ní ilẹ̀ lọ́dọ̀ àwọn ará ní orílẹ̀-èdè .",supports,supports,supports,True,yoruba,White sugar and brown sugar are two types of sugar found in western Nigeria.,"In the west, there are two types of sugar, and they are white sugar. Gaari is the one to which red oil is added when they are baking it. Country and can be seen white and used. A type of white sugar is called Gaari-Ijebu. What they used to do in the land with the brothers in the country.",supports,nei,nei,False,supports,yoruba,supports,nei,True,False,correct_to_wrong
afrifact_data_culture_hausa_628,hausa,Waƙa abu ne da ake yin shi domin fita daga cikin damuwa.,"Waka ita ce rubutun adabi, wanda mawaƙi ya rubuta, ta amfani da wannan ka'ida.",nei,nei,nei,True,hausa,Singing is something that is done to get out of stress.,"A poem is a literary text, written by a poet, using this principle.",nei,nei,nei,True,nei,hausa,nei,nei,True,True,correct_to_correct
afrifact_data_culture_hausa_791,hausa,Tawagar yaƙin zaɓen Trump sun dage da kamfen a jihar Florida saboda muhimmanci ta wurin cin zaɓen shugaban ƙasa,Tawagar yaƙin neman zaɓen Trump na fafutuka tuƙuru a jihar ta Florida - faɗuwa zaɓe a nan ka iya haramta masa sake komawa Fadar White House.,supports,nei,nei,False,hausa,Trump's campaign team has decided to campaign in Florida because of its importance in winning the presidential election,Trump's campaign team is fighting hard in the state of Florida - a failed election here could ban him from returning to the White House.,supports,supports,supports,True,supports,hausa,nei,supports,False,True,wrong_to_correct
afrifact_data_culture_igbo_528,igbo,"Emmanuel Nnamdị Ụba ji ọkwa dị ka Gọvanọ Anambra Steeti naanị ọnwa atọ, bido na April 2007 rue Juunu 2007","N’afọ 2007, Ụba zọọrọ na nhọputa PDP maka ntuli aka gọvanọ nke steeti Anambara, a ma họpụta ya na ntuli aka na Epurel 14 2007. Mana, onye bụbu gọvanọ gbara akwụkwọ na ntuliaka ahụ, na-ekwu na, n’ihi na ụlọ ikpe nabatara na Obi meriri na ntuli aka Epurel 2003 na 15 Machị 2006, na ọ ka nwere afọ atọ ọzọ ma ọ bụ afọ anọ ya ịchị. Ndị ọkaikpe ahụ nakweere arụmụka ahụ, na 14 Juunu 2007, ha kwụsịrị ntuli aka nke Andy Ụba. ",supports,nei,nei,False,igbo,"Emmanuel Nnamdi Uba served as Governor of Anambra State for only three months, from April 2007 to June 2007","In 2007, Uba contested the PDP election for the governorship election of Anambara state, and was elected in the election on April 14, 2007. But, the former governor sued the election, saying that, because the court accepted that Obi won the April 2003 election on March 15, 2006, he still has three or more years left. his fourth to rule. The judges accepted the argument, and on 14 June 2007, they canceled Andy Uba's election.",supports,supports,supports,True,supports,igbo,nei,supports,False,True,wrong_to_correct
afrifact_data_culture_hausa_528,hausa,Anyi zargin cewa Shekarau ya na da hannu a cikin kisan da aka yi wa Sheikh Ja'afar Mahmud Adam.,"Duk da yake wasu sun ce , wata kungiya mai tsattsauran ra'ayi, ta kashe Sheikh din, wasu sun ce Mista Shekarau, gwamnan Kano a lokacin, na iya kasancewa da alhakin saboda malamin yana daya daga cikin manyan masu sukar sa.",supports,nei,nei,False,hausa,It is suspected that Shekarau was involved in the killing of Sheikh Ja'afar Mahmud Adam.,"While some said that a radical group killed the Sheikh, others said that Mr. Shekarau, the governor of Kano at the time, could be responsible because the teacher was one of his biggest critics.",supports,nei,nei,False,supports,hausa,nei,nei,False,False,wrong_to_wrong
afrifact_data_culture_yoruba_548,yoruba,Olóyè Ọbásanjọ́ jẹ́ ọ̀kan lára àwọn ọ̀gagun tí wọ́n fi ipá yọ kúrò nínú ipò. Ó sì ti dé ìgbà mẹ́ta tí Ọbásanjọ́ jẹ́ Ààrẹ orílẹ̀-èdè Nàìjíríà.,"Ile iwe Saint David Ebenezer School ni Ibogun ni oloye obasanjo ti ka iwa alakobere( primary school education),ni odun 1948. Oloye Obasanjo jé ògágun tó tifèyìntì kúrò nínú iṣẹ́ Ológun ilè Nàìjíríà ati olóṣèlú ọmọ ilè . Oun ni lati odún títí dé ọdún . Èyí ni ìgbà iketa tí Obasanjo yíò jé Ààre orílè-èdè Nàìjírìa.",refutes,nei,nei,False,yoruba,Chief Obasanjo was one of the officers who were forced out of office. And it has been three times that Obasanjo was the President of Nigeria.,Saint David Ebenezer School in Ibogun was where Chief Obasanjo received his primary school education in 1948. Chief Obasanjo was a retired soldier from the Nigerian Army and a local politician. He is from year to year. This is the third time that Obasanjo will be the President of Nigeria.,refutes,nei,nei,False,refutes,yoruba,nei,nei,False,False,wrong_to_wrong
afrifact_data_culture_igbo_149,igbo,Mpaghara ọdịbendị na asụsụ nkịtị na ndịda bụ Ala Awụsa.,Ọ bụ mpaghara ọdịbendị na asụsụ nkịtị na ndịda .,nei,nei,nei,True,igbo,The common cultural and linguistic area in the south is Ala Awsa.,It is a common cultural and linguistic area in the south.,nei,nei,nei,True,nei,igbo,nei,nei,True,True,correct_to_correct
afrifact_data_culture_yoruba_522,yoruba,"Ọba Wahab Kayode Oyedọtun ní Ọọ̀ni ti ìlú Ilé-Ifẹ̀ ló pe ìpàdé pàjáwìrì àwọn lọ́balọ́ba fún fún ìjíròrò, láti mọ ohun tó fa aáwọ̀ láàárín Olúwo àti Agbowu.","Ọba Wahab Kayode Oyedọtun, Bibire Kinni salaye pe, ko si ẹni to kanro Oluwo sinu tabi korira rẹ tori pe o n se akọ, asa ilẹ wa naa lo n gbe ga, eyi si kọ lo jẹ kawọn juwe ọna ile fun. Ọba Oyedọtun ni, Ọọni tilu Ile Ifẹ lo pe ipade pajawiri awọn lọbalọba pe kawọn wa jiroro, lori ohun to lee faa aawọ laarin Oluwo ati Agbowu, gẹgẹ bo se waye lọsẹ kan sẹyin, bẹẹ si ni ọjọ naa kii se ọjọ ipade awọn. O ni ipade naa kun gan, ti awọn ọba to wa nibẹ si le ni ọgọrin, nigba ti Ọọni si n fi ẹdun ọkan rẹ han lori isẹlẹ naa, lo ti salaye pe oun ko si nile, Abuja ni oun wa, amọ oun sare wale ni, inu awọn ọba Arẹwa ati ila oorun ilẹ yii ko dun sawọn ni Ọsun, ti wọn si n rọ oun lati wa nkan se si bi ọba se n na ọba nilẹ Yoruba.",supports,supports,supports,True,yoruba,"King Wahab Kayode Oyedotun in Ooni of Ile-Ife called an emergency meeting of the leaders for discussion, to find out what caused the conflict between Oluwo and Agbowu.","King Wahab Kayode Oyedotun, Bibire Kinni explained that, no one is questioning Oluwo or hating him because he is a man, the culture of our land is being raised, and this is not the way to go home. King Oyedotun, Ooni three of the House of Love called an emergency meeting of the chiefs to discuss what could cause a crisis between Oluwo and Agbowu, as happened a week ago, and that day was not the day of the meeting. He said the meeting was very full, and the kings who were there were about eighty, and when Oni was expressing his grievances about the incident, he explained that he is not at home, he is in Abuja, but he is running away, the hearts of the kings of Arewa and the east of this land are not happy with them in Osun, and they are urging him to find something to do with how the king is beating the king in Yoruba land.",supports,supports,supports,True,supports,yoruba,supports,supports,True,True,correct_to_correct
afrifact_data_culture_yoruba_456,yoruba,"BBC Yorùbá ṣe àgbéjáde fídíò kan láti fi tú àṣírí àwọn olùkọ́ tí wọ́n máa ń gbìyànjú láti ní ìbáṣepọ̀ pẹ̀lú àwọn akẹ́kọ̀ọ́ wọn, nítorí máàkì.","Akori fidio naa lo pe ni 'Ibalopọ fun maaki' tawọn oloyinbo n pe ni 'Sex for Grades', eyi to ti n mu ki oju awọn opo itakun agbaye gbona jain-jain. Ẹkunrẹrẹ fidio oniwakati kan ti BBC fisita nirọlẹ ọjọ Aje naa ree: End of YouTube post, 1 Bi o tilẹ jẹ pe fidio onisẹju mẹtala pere ni BBC kọkọ ju sori afẹfẹ nidaji ọjọ Aje naa, lawọn oju opo ikansira ẹni rẹ lori itakun agbaye, eyi ti BBC Yoruba ko gbẹyin nibẹ, amọ nigba ti yoo fi di aago meje irọlẹ ọjọ naa, ẹkunrẹrẹ fidio naa, to jẹ oniwakati kan ti gba afẹfẹ kan. Àwọn iròyin tì ẹ leè ní ìfẹ̀ síí: Olukọ kan lati fasiti Eko, UNILAG, Ọmọwe Boniface Igbenegbu pẹlu akẹẹgbẹ rẹ ni fasiti Ghana, Ọmọwe Paul Butakor, ni wọn foju han ninu fidio naa, amọ fidio oniwakati kan yii lo tun fi oju awọn olukọ meji miran han to n kopa ninu iwa idojutini yii lati fasiti mejeeji taa darukọ siwaju naa.",supports,supports,supports,True,yoruba,"BBC Yoruba released a video to reveal the secrets of teachers who try to have relationships with their students, because of grades.","The theme of the video is called 'Sex for Grades', which is known as 'Sex for Grades', which is causing the eyes of the world's most influential people to warm up. Full video of a one-hour broadcast by the BBC in the evening of Monday: End of YouTube post, 1 Although the BBC first threw a thirteen-minute video on the air in the middle of the day of Monday, with its personal commentary on the global impact, which BBC Yoruba did not last there, but when it will be 7 o'clock in the evening of the day, the full video, which is one hour, has been aired. The news makes you want more: A teacher from the University of Lagos, UNILAG, Student Boniface Igbenegbu and his colleague from the University of Ghana, Student Paul Butakor, were seen in the video, but this one-hour video also shows the faces of two other teachers who are participating in this disgraceful act from both universities mentioned before.",supports,supports,supports,True,supports,yoruba,supports,supports,True,True,correct_to_correct
afrifact_data_culture_igbo_207,igbo,Atụmatụ e mere n'afọ 2005 kwuru na ụmụanụmanụ bi na Awka Etiti.,E nwekwara nnukwu ndị Awka-Etiti diaspora nke na-enye aka na akụ na ụba obodo.,nei,nei,nei,True,igbo,A plan made in 2005 said that the animals live in Awka Etiti.,There is also a large Awka-Etiti diaspora that contributes to the country's economy.,nei,nei,nei,True,nei,igbo,nei,nei,True,True,correct_to_correct
afrifact_data_culture_yoruba_765,yoruba,"Yàtọ́ sí oha tí jẹ́ orúkọ ọbẹ̀ náà, ó tún ní àwọn orúkọ oríṣi méjì tí wọ́n tún pe ọbẹ̀ náà. Àwọn ni, uha tabi ọbẹ̀ ora.","Àwọn orúkọ mìíràn tí wọ́n tún ń pe ọbẹ̀ náà ni uha àti ọbẹ̀ ora. Àwọn Oúnjẹ tí ẹ le fi jẹ Oha [ | ] Ọbẹ̀ oha/Uha dára jù lọ pẹ̀lú fùfú. Iyán, sẹ̀mó, ọlá àti ẹ̀bà gbogbo àwọn wọ̀nyí náà ni wọ́n dára pẹ̀lú ọbẹ̀ oha.",supports,supports,supports,True,yoruba,"Apart from oha which is the name of the soup, it also has two different names that are also called the soup. They are, uha or sobe ora.","Other names that they call the soup are uha and ora soup. Foods that you can eat Oha [ | ] Uha/Uha soup is best with fufu. Desire, semo, honor and fear all these are good with oha soup.",supports,nei,nei,False,supports,yoruba,supports,nei,True,False,correct_to_wrong
afrifact_data_culture_hausa_492,hausa,An kashe Muhammad Auwal Albaniy Zaria tare da matarsa akan hanyarsa ta dawowa daga wurin tafsiri.,Ƴan bindigar sun harbe Sheikh Muhammad Auwal Adam Albani Zariya tare da ɗaya daga cikin matansa a cikin garin a kan hanyarsu ta dawowa gida bayan sun halarci karatun Tafsirin yamma da suka saba zuwa a cikin garin.,supports,supports,supports,True,hausa,Muhammad Auwal Albaniy Zaria was killed along with his wife on his way back from the interpretation.,The gunmen shot Sheikh Muhammad Auwal Adam Albani Zaria along with one of his wives in the town on their way back home after attending the evening Tafsir recitation that they used to attend in the town.,supports,supports,supports,True,supports,hausa,supports,supports,True,True,correct_to_correct
afrifact_data_culture_igbo_432,igbo,"Na Republic Naịjirịa nke Abụọ, Alex Ifeanyichukwu Ekwueme ji ọkwa osote onyeisiala nke Naijiria site n'afọ 1979 ruo 1983",Alexander Ifeanyichukwu Ekwueme // ⓘ GCON (21 October 1932 – 19 Nọvemba 2017) bụ onye ndọrọndọrọ ọchịchị Naijiria nke jere dịka osote onyeisiala mbụ nke Naijiria site na 1979 ruo 1983 n'oge Naịjiria Republic nke Abụọ n'okpuru onyeisiala Shehu Shagari dịka onye otu National Party.,supports,supports,supports,True,igbo,"In the Second Nigerian Republic, Alex Ifeanyichukwu Ekwueme held the position of Vice President of Nigeria from 1979 to 1983.",Alexander Ifeanyichukwu Ekwueme // ⓘ GCON (21 October 1932 – 19 November 2017) was a Nigerian politician who served as the first vice president of Nigeria from 1979 to 1983 during the Second Nigerian Republic under President Shehu Shagari as a member of the National Party.,supports,supports,supports,True,supports,igbo,supports,supports,True,True,correct_to_correct
afrifact_data_culture_yoruba_157,yoruba,"Inú bíbélì ni a ti rí i tí wọ́n sọ pé ""Ó dára kí á pa àgọ́ mẹ́ta"""," Èdè Yorùbá jẹ́ èdè kan ti ó gbalẹ̀ tí ó sì wuyì káàkiri àgbáyé. Ìtàn sọ fún wa pé ìbátan ní èdè Yorùbá jé, kwa jẹ́ ẹ̀yà kan ní apá . A lè sọ pé àwọn tí wọ́n ń sọ èdè Yorùbá yàtọ̀ sí orílẹ̀ èdè Nàìjíríà lé ní Ọgbọ̀n mílíọ̀nùn tàbì jù bẹ́ẹ̀ lọ.",nei,nei,nei,True,yoruba,"It has been seen in the Bible that they say ""it is good to keep three tents""","The Yoruba language is a popular and popular language around the world. History tells us that kinship in the Yoruba language is, also a tribe in apa . We can say that those who speak the Yoruba language apart from the Nigerian language are over 100 million or more.",nei,nei,nei,True,nei,yoruba,nei,nei,True,True,correct_to_correct
afrifact_data_culture_igbo_610,igbo,Igbo enweghi usoro ha si achị onwe ha. Ọgbaghara na-adị n'ala Igbo oge niile tupu ndị Bekee abịa.," Ụmụnna - Ndị a bụ ụmụnwoke ụmụọkpala si n'ezinaụlọ dị icheiche n'obodo. Ha bụ ndị na-eme mkpebi gbasara okwu dị icheiche n'obodo etu o si gbasara agamnihu na ọdịmma obodo. Ndị ụmụnna ka a na-ekpesara ma onye ọbụla mee ihe ọjọọ, ha bụ ndị na-aga n'ọnụ arụsị ịchọpụta ihe arụsị na-ekwu gbasara obodo maọbụ gbasara ezinaụlọ ha.",refutes,nei,nei,False,igbo,The Igbo do not have a system of governing themselves. There was chaos in Igbo land all the time before the English came.,"Brothers - These are the noble men from different families in the village. They are the people who make decisions about various issues in the country as it pertains to the development and welfare of the country. The brothers are preached to if anyone does something wrong, they are the ones who go to the idols to find out what the idols say about the country or about their family.",refutes,refutes,refutes,True,refutes,igbo,nei,refutes,False,True,wrong_to_correct
afrifact_data_culture_hausa_185,hausa,Tafkin Tiga na ɗaya daga cikin madatsun ruwan da aka gina a Kano don bunƙasa noman rani.,An gina madatsar ruwan ne a lokacin gwamnatin Gwamna a ƙoƙarin inganta samar da abinci ta hanyar ayyukan noman rani.,supports,nei,nei,False,hausa,Tiga Lake is one of the dams built in Kano for the development of dry farming.,The dam was built during the Governor's administration in an effort to improve food production through dry farming activities.,supports,nei,nei,False,supports,hausa,nei,nei,False,False,wrong_to_wrong
afrifact_data_culture_hausa_784,hausa,Jonathan ya zama shigaban kasar Najeriya bayan rasuwar Umaru 'Yar'adua.,"A cikin gida kuma, tsohon shugaban ya ce shugaban hukumar zabe na wancan lokacin Farfesa Attahiru Jega ya yi masa abin da bai yi tsammani ba, saboda har yanzu nan ya kasa fahimtar abin da ya sa Jegan ya nace cewar ya shirya wa yin zabe lokacin da kashi 40% bisa dari na masu zabe ba su karbi katinsu na zabe ba.",nei,nei,nei,True,hausa,Jonathan became the president of Nigeria after the death of Umaru 'Yar'adua.,"At home, the former president said that the head of the electoral commission at that time, Professor Attahiru Jega, did something to him that he did not expect, because he still could not understand why Jegan insisted that he was ready to vote when 40% of the voters did not receive their voter cards.",nei,nei,nei,True,nei,hausa,nei,nei,True,True,correct_to_correct
afrifact_data_culture_igbo_332,igbo,Igbo-Ukwu bụ obodo ebe e gwupụtara ihe mgbe ochie ndị gosiri na omenala ha gụnyere ịrụ ọrụ ọla kọpa kamgbe 90 AD.,"Igbo-Ukwu bụ ebe ama ama maka ebe nchọcha ihe mgbe ochie atọ, ebe ngwungwu achọpụtala ihe ọla kọpa sitere n'omenala ọla na-arụ ọrụ ọla kọpa nke malitere na narị afọ nke itoolu AD, narị afọ tupu ọla ndị ọzọ ama ama na mpaghara ahụ. ",supports,nei,nei,False,igbo,Igbo-Ukwu is a community where ancient artifacts have been excavated which show that their culture includes copper working since 90 AD.,"Igbo-Ukwu is famous for three archeological sites, where Nggwu has discovered copper artifacts from a copper-working metal culture that dates back to the ninth century AD, centuries before other metals were known in the area.",supports,refutes,refutes,False,supports,igbo,nei,refutes,False,False,wrong_to_wrong
afrifact_data_culture_hausa_031,hausa,Sani Abacha ya rasu a ƙasar Saudiyya lokacin da ya ke gudanar da aikin hajji.,"A ranar 8 ga watan Yuni na shekarar alif da ɗari tara da chasa'in da takwas 1998, Abacha ya rasu a fadar shugaban ƙasa ta Aso Rock Villa dake .",refutes,refutes,refutes,True,hausa,Sani Abacha died in Saudi Arabia while performing Hajj.,"On June 8, 1998, Abacha died at the Aso Rock Villa Presidential Palace.",refutes,refutes,refutes,True,refutes,hausa,refutes,refutes,True,True,correct_to_correct
afrifact_data_culture_yoruba_279,yoruba,"Ní ọdún 2016, ilé aṣòfin àgbà kọ àbá Ààrẹ Buhari láti yá owó tó lé ní bílíọ̀nù mọ́kànlélọ́gbọ̀n Dọ́là ($29.9) láti ilẹ̀ òkèèrè.","Bakan naa lọdun 2016, ile aṣofin agba kọ aba aarẹ Buhari lati ya owo to le ni biliọnu mọkanlelọgbọn Dọla ($29.9) lati ilẹ okeere. Ẹwẹ, awọn aṣofin naa tun kọ lati fi ọwọ si yiyan Ibrahim Magu gẹgẹ bi alaga ajọ to n gbogun ti iwa ibajẹ, EFCC, ti wọn fi ẹsun kan pe 'oniwa ibajẹ ni.' Titi di asiko yii, ipo adele alaga ajọ EFCCC ṣi ni Ibrahim Magu wa, ile aṣofin ko fọwọ si iyansipo rẹ bi alaga, eyi ti inu awọn aṣofin ko dun si i. Ọpọlọpọ iyannisipo ti Buhari fẹ ẹ ṣe ni awọn aṣofin naa ko buwọlu, ti awọn miran si pẹ pupọ ki wọn to o fọwọ si i.",supports,supports,supports,True,yoruba,"In 2016, the parliament rejected President Buhari's proposal to borrow more than 21 billion dollars ($29.9) from abroad.","Similarly, in 2016, the House of Representatives rejected President Buhari's proposal to borrow thirty-one billion dollars ($29.9) from abroad. Meanwhile, the lawmakers also refused to approve the appointment of Ibrahim Magu as the chairman of the anti-corruption agency, EFCC, accusing him of being 'corrupt.' Until now, Ibrahim Magu is still the interim chairman of the EFCCC, the legislature did not approve his appointment as chairman, which the lawmakers are not happy with. Many of the appointments that Buhari wanted to make were not signed by the lawmakers, and others took a long time before they signed it.",supports,supports,supports,True,supports,yoruba,supports,supports,True,True,correct_to_correct
afrifact_data_culture_hausa_368,hausa,Bikin argungun yana jan hankalin masu yawon buɗe ido," A ranar karshe ta bikin, ana gudanar da gasa inda dubunnan maza suka yi layi a bakin kogin kuma da karar harbe-harbe, dukkansu suna yin tsalle a cikin kogin kuma suna da sa'a guda don kama manyan kifaye. Wanda ya yi nasara zai iya ɗaukar gida har $ 7,500 dalar Amurka. Ana ba wa masu gasa damar amfani da kayan aikin kamun kifi na gargajiya kuma da yawa sun fi so su kama kifin gaba ɗaya da hannu (wani aikin kuma sananne a wasu wurare kuma ana kiransa "" noodling "") don nuna bajintar su.",nei,nei,nei,True,hausa,The argungun festival attracts tourists,"On the last day of the festival, a competition is held where thousands of men line up on the river bank and with the sound of gunshots, they all jump into the river and have one hour to catch big fish. The winner can take home up to $7,500 USD. Competitors are given the opportunity to use traditional fishing equipment and many prefer to catch a whole fish by hand (an activity also known in some areas as ""noodling"") to show off their prowess.",nei,nei,nei,True,nei,hausa,nei,nei,True,True,correct_to_correct
afrifact_data_culture_igbo_643,igbo,Dave Adenuba amaghị ma o nwere ndị gọọmentị Anambra ji ụgwọ.,N'otu aka ahụ kọmishịọna mgbasaozi bụ Don Adenuba gwara BBC Igbo na o nweghi onye ọrụ bekee ọbụla e ji ụgwọ n'Anambra Steeti. Ọ sị na gọọmentị ha kwụrụ ụgwọ n'ụbọchị iri abụọ na isii nke ọnwa Eprelụ afọ 2020.,refutes,refutes,refutes,True,igbo,Dave Adenuba does not know if he owes Anambra government.,"In the same way, the media commissioner, Don Adenuba, told BBC Igbo that he does not have any English worker in Anambra State. He said that their government paid the bill on the 26th day of April 2020.",refutes,nei,nei,False,refutes,igbo,refutes,nei,True,False,correct_to_wrong
afrifact_data_culture_yoruba_299,yoruba,Àwọn ará àdúgbò náà fi tó àwọn oníroyìn létí pé Sunday Igboho ló rán awọn géńdé méjèèjì ọ̀hún láti lọ pa àwọn ènìyàn nípakúpa.,"Sunday Igboho gba àwọn èèyàn Soka n'Ibadan sílẹ̀ lọ́wọ́ àwọn ọmọ onílẹ̀ tó wá ṣọṣẹ́ Ọrọ di boo lọ, ko yago fun mi ladugbo Soka nilu Ibadan lasiko ti gende meji to gbe ohun ija oloro lọwọ, ti wọn pe ara wọn ni ọmọ onilẹ ya bo agbegbe naa. Owurọ ọjọ Isẹgun ana niroyin gba igboro Ibadan kan, tawọn eeyan si n pe sori redio gbogbo nilu naa pe ẹmi awọn eeyan to n gbe ladugbo naa ko de tori awọn gende agbebọn to ya bo wọn. Àwọn iròyin tì ẹ leè ní ìfẹ̀ síí: A gbọ pe se ni iro ibọn n dun lakọ-lakọ, tawọn eeyan si n sa asala fun ẹmi lasiko ti awọn ọmọ onilẹ ọhun ni ki awọn onile gbe ile wọn kuro lori ilẹ awọn. Se lawọn ọmọde ati agba, alaboyun ati awọn iyalọmọ, to fi mọ awọn arugbo n sa asala fun ẹmi wọn, ti awọn to si laya lati beere pe ki lo fa isẹlẹ naa, jẹ ajẹkun iya. Ẹnikan ti isẹlẹ naa soju rẹ salaye pe ọpẹlọpẹ asaaju ọmọ Yoruba kan, Oloye Sunday Adeyẹmọ, ti gbogbo eeyan mọ si Sunday Igboho to tete de sadugbo ọhun lasiko ti laasigbo naa gbona janin-jani. A gbọ pe Igboho ati ọkunrin kan ti wọn pe orukọ rẹ Babatunde Arowolo, ti gbogbo eeyan mọ si Bako, lo de lasiko lati gba awọn eeyan adugbo naa silẹ, ni kete ti aawọn ọmọ onilẹ naa si foju gaani rẹ, ni wọn ba juba ehoro.",refutes,supports,supports,False,yoruba,The local people reminded the journalists that it was Sunday Igboho who sent the two gangs to kill people.,"Sunday Igboho rescued the people of Soka in Ibadan from the natives who came to attack the word, he did not avoid me immediately in Soka in Ibadan when two gangs carrying deadly weapons, who called themselves the natives, invaded the area. In the morning of Isgun yesterday, news spread across the streets of Ibadan, and people were calling on the radio all over the city that the lives of the people living in the fields were not reached because of the gunmen who attacked them. The news made you want more: We heard that the gunshots were ringing first, and people were running for their lives when the children of the landowners asked the landowners to move their houses off their land. The children and the elderly, the pregnant women and the children, who knew the old people were running for their lives, and those who dared to ask that they cause the incident, are mother's pieces. A person who witnessed the incident explained that thanks to a Yoruba leader, Oloye Sunday Adeyemmo, known to all as Sunday Igboho, who arrived earlier, things were very hot at the time. We heard that Igboho and a man called Babatunde Arowolo, known to everyone as Bako, came in time to save the people of the neighborhood, and when the natives ignored him, they killed the rabbit.",refutes,refutes,refutes,True,refutes,yoruba,supports,refutes,False,True,wrong_to_correct
afrifact_data_culture_yoruba_686,yoruba,"Títóbi ìpínlẹ̀ Ọ̀yọ́ tó nǹkan bí i 28,454 kìlómítà, ó sì wà ní ipò kéjìlà nípa fífẹ̀.","Ṣèyí Mákindé jẹ́ gómìnà ìpínlẹ́ Ọ̀yọ́, à dìbọ̀ yan nì ọ̀dun 2019. Geography [ | ] Ìpínlẹ̀ Ọ̀yọ́ gbòòrò ní nǹkan bí 28,454 kìlómítà níbùúgbùú, ó sì wà ní ipò kẹrìnlá nípa ìtòbi.",refutes,refutes,refutes,True,yoruba,"The size of the state of Oyo is about 28,454 kilometers, and it is in the twelfth place in terms of area.","This Makinde is the governor of Oyo state, we will be elected in 2019. Geography [ | ] Oyo State has an area of ​​about 28,454 square kilometers, and is in the fourteenth place in terms of size.",refutes,refutes,refutes,True,refutes,yoruba,refutes,refutes,True,True,correct_to_correct
afrifact_data_culture_hausa_546,hausa,An bawa Isah Ali Ibrahim Pantami muƙamin ministan sadarwa a loƙacin da Buhari ya ci zaɓensa karo na biyu.,"Farfesa Isah Ali Ibrahim Pantami ya zama ministan tun bayan sake babban zaɓen shugaban ƙasa na shekarar dubu biyu da goma sha tara (2019), bayan da ya yi nasara.",supports,nei,nei,False,hausa,Isah Ali Ibrahim Pantami was given the position of Minister of Communications when Buhari won his second term.,"Professor Isah Ali Ibrahim Pantami became the minister after the general presidential election of the year two thousand and nineteen (2019), after he won.",supports,nei,nei,False,supports,hausa,nei,nei,False,False,wrong_to_wrong
afrifact_data_culture_hausa_618,hausa,Mawaki Mamman Shata ya ce Magaji Salam ne ya fara saka ma sa sunan Shata.,"Wanda ya sa mini wannan suna Shata sunansa Magaji Salam, shi ne ya samin suna Shata Mijin mai daki, ita mai dakin kaka ta ce, ita ce ta haifi wanda ya haife ni.",supports,nei,nei,False,hausa,Singer Mamman Shata said that Magaji Salam was the first to give him the name Shata.,"The person who gave me the name Shata, his name is Magaji Salam, he got the name Shata from the husband of the roommate, the roommate's grandmother said, she gave birth to the one who gave birth to me.",supports,nei,nei,False,supports,hausa,nei,nei,False,False,wrong_to_wrong
afrifact_data_culture_igbo_796,igbo,Gọọmentị tụrụ ụmụ ntorobịa isii na-atọrọ ndị mmadụ nga n'ihi na ha na-emegide nchekwa obodo.,"Duruagwu kwuru na o nwegodu ihe mmụta dị n'ụzọ ochie ndị a, ndị ọchichị agaghị achọ iwere ya mee ihe makana ọ ga-aghọ ha ahia. O kwuru na ọ bụ ndị nwe obodo ga-echekwa obodo, ihe dịrị gọọmenti bụ iwere ego kwado ihe ndị obodo na-eme. ",nei,nei,nei,True,igbo,The government has jailed six young people who have been kidnapping people for opposing national security.,"Duruagwu said that he learned from these old ways, the elders will not want to use it because it will become a business for them. He said that it is the owners of the country who will protect the country, what the government has to do is to take money to support the activities of the people.",nei,nei,nei,True,nei,igbo,nei,nei,True,True,correct_to_correct
afrifact_data_culture_yoruba_300,yoruba,Sunday Igboho àti Babatunde Arowolo lọ́ farahàn níbi ti àwọn ọmọ onílẹ̀ ti ń ṣọṣẹ́ láti gba àwọn èèyàn Soka ní ìlú Ìbàdàn sílẹ̀.,"Sunday Igboho gba àwọn èèyàn Soka n'Ibadan sílẹ̀ lọ́wọ́ àwọn ọmọ onílẹ̀ tó wá ṣọṣẹ́ Ọrọ di boo lọ, ko yago fun mi ladugbo Soka nilu Ibadan lasiko ti gende meji to gbe ohun ija oloro lọwọ, ti wọn pe ara wọn ni ọmọ onilẹ ya bo agbegbe naa. Owurọ ọjọ Isẹgun ana niroyin gba igboro Ibadan kan, tawọn eeyan si n pe sori redio gbogbo nilu naa pe ẹmi awọn eeyan to n gbe ladugbo naa ko de tori awọn gende agbebọn to ya bo wọn. Àwọn iròyin tì ẹ leè ní ìfẹ̀ síí: A gbọ pe se ni iro ibọn n dun lakọ-lakọ, tawọn eeyan si n sa asala fun ẹmi lasiko ti awọn ọmọ onilẹ ọhun ni ki awọn onile gbe ile wọn kuro lori ilẹ awọn. Se lawọn ọmọde ati agba, alaboyun ati awọn iyalọmọ, to fi mọ awọn arugbo n sa asala fun ẹmi wọn, ti awọn to si laya lati beere pe ki lo fa isẹlẹ naa, jẹ ajẹkun iya. Ẹnikan ti isẹlẹ naa soju rẹ salaye pe ọpẹlọpẹ asaaju ọmọ Yoruba kan, Oloye Sunday Adeyẹmọ, ti gbogbo eeyan mọ si Sunday Igboho to tete de sadugbo ọhun lasiko ti laasigbo naa gbona janin-jani. A gbọ pe Igboho ati ọkunrin kan ti wọn pe orukọ rẹ Babatunde Arowolo, ti gbogbo eeyan mọ si Bako, lo de lasiko lati gba awọn eeyan adugbo naa silẹ, ni kete ti aawọn ọmọ onilẹ naa si foju gaani rẹ, ni wọn ba juba ehoro.",supports,supports,supports,True,yoruba,Sunday Igboho and Babatunde Arowolo appeared where the natives were rushing to save the people of Soka in Ibadan.,"Sunday Igboho rescued the people of Soka in Ibadan from the natives who came to attack the word, he did not avoid me immediately in Soka in Ibadan when two gangs carrying deadly weapons, who called themselves the natives, invaded the area. In the morning of Isgun yesterday, news spread across the streets of Ibadan, and people were calling on the radio all over the city that the lives of the people living in the fields were not reached because of the gunmen who attacked them. The news made you want more: We heard that the gunshots were ringing first, and people were running for their lives when the children of the landowners asked the landowners to move their houses off their land. The children and the elderly, the pregnant women and the children, who knew the old people were running for their lives, and those who dared to ask that they cause the incident, are mother's pieces. A person who witnessed the incident explained that thanks to a Yoruba leader, Oloye Sunday Adeyemmo, known to all as Sunday Igboho, who arrived earlier, things were very hot at the time. We heard that Igboho and a man called Babatunde Arowolo, known to everyone as Bako, came in time to save the people of the neighborhood, and when the natives ignored him, they killed the rabbit.",supports,supports,supports,True,supports,yoruba,supports,supports,True,True,correct_to_correct
afrifact_data_culture_hausa_084,hausa,Ado Bayero ya rasu a shekarar 2014 bayan ya shafe sama da shekaru 50 ya na mulki.,"A ranar 6 ga watan Yuni shekarata 2014, bayan shekaru hamsin da dayayi akan kursiyin, Ado Bayero ya mutu a fadarsa",supports,nei,nei,False,hausa,Ado Bayero died in 2014 after ruling for more than 50 years.,"On June 6, 2014, after fifty years on the throne, Ado Bayero died in his palace.",supports,supports,supports,True,supports,hausa,nei,supports,False,True,wrong_to_correct
afrifact_data_culture_hausa_782,hausa,Marigayi Umaru Musa 'Yar'aduwa ya kasance shugaban ƙasa da ya kwatanta adalci sosai lokacin mulkinsa.,"Mista Jonathan ya ce ba anan kadai Amurka ta tsaya ba wajen yunkurin kifar da gwamnatinsa, har ta kai Shugaba Obama ya shawo kan firaministan Burtaniya David Cameron ya mara masa baya duk da kyakkyawar dangantakar da ke tsakanin Jonathan da Cameron",nei,nei,nei,True,hausa,The late Umaru Musa 'Yar'aduwa was a president who exemplified justice during his reign.,"Mr. Jonathan said that the United States did not stop here in the attempt to overthrow his government, it took President Obama to convince British Prime Minister David Cameron to support him despite the good relationship between Jonathan and Cameron.",nei,nei,nei,True,nei,hausa,nei,nei,True,True,correct_to_correct
afrifact_data_culture_yoruba_735,yoruba,"Ìwó tún ní àwọn agbègbè ìjọba ìbílẹ̀ mẹ́rin mìíràn, èyí tó yàtọ sí àwọn yòókù.","Iwo ti ní àwọn agbègbè ìjọba ìbílẹ̀ mẹ́rin si, àwọn ni: Iwo East, Olomowewe; Iwo West, Agberire; Ọla Oluwa South East, Ilemowu; Ayedire South East, Oluponna.",supports,nei,nei,False,yoruba,"Iwo also has four other local government areas, which are different from the others.","Iwo has four more local government areas, they are: Iwo East, Olomowewe; Iwo West, Agbrere; Ola Oluwa South East, Ilemowu; Ayedire South East, Oluponna.",supports,nei,nei,False,supports,yoruba,nei,nei,False,False,wrong_to_wrong
afrifact_data_culture_igbo_526,igbo,Mpaghara ndịda Anambara Steeti na na-eti mkpu banyere ike mbuze na-akpa na mpaghara ha kamgbe afọ 2011.,"Emmanuel Nnamdị Uba , ma ọ bụ Andy Ụba (amụrụ ya 14 Disemba 1958), bụ onye ndọrọndọrọ ọchịchị Naịjirịa nke ahọpụtara ka Sinatọ ndị ndịda Anambara , Naịjirịa, na Epurel 2011.",nei,nei,nei,True,igbo,The southern region of Anambara State has been crying out about the power of erosion in their region since 2011.,"Emmanuel Nnamdi Uba, or Andy Uba (born 14 December 1958), is a Nigerian politician who was elected as the Senator for Southern Anambara, Nigeria, in April 2011.",nei,nei,nei,True,nei,igbo,nei,nei,True,True,correct_to_correct
afrifact_data_culture_hausa_735,hausa,"Yahya Jammeh shugaba ne da aka yi masa shaidar nisantar aikata laifuka, musamman laifin cin zarafi.","Babban sakataren TRRC Baba Jallow ya shaida wa BBC cewa binciken da hukumarsa ta kaddamar wata takwas da suka wuce zai mayar da hankali ne kan cin zarafin da ya faru a watan Satumba. ""Muna sane da zarge-zargen cin zarafi da ake yi wa Yahya Jammeh, amma har yanzu ba mu saurari wadanda abin ya shafa ba a hukumance",refutes,nei,nei,False,hausa,"Yahya Jammeh is a leader who has a proven record of avoiding crime, especially rape.","TRRC General Secretary Baba Jallow told the BBC that the investigation launched eight months ago will focus on the abuse that happened in September. ""We are aware of the allegations of abuse against Yahya Jammeh, but we are yet to listen to the victims officially.",refutes,refutes,refutes,True,refutes,hausa,nei,refutes,False,True,wrong_to_correct
afrifact_data_culture_yoruba_594,yoruba,"Àwọn orúkọ méjì ni a pa pọ̀ tí ó fi di ""AJẸ́BU-OLÓDE"" èyí tí a mọ̀ sí ÌJẸ̀BÚ-ÒDE títí di òní.","Àwọn méjì tí ó jẹ́ akíkanjú jùlọ ìyẹn Ajẹbú àti Olóde ni a pa orúkọ wọn pọ̀ tí ó wá di “AJẸ́BU-OLÓDE” èyí tí à ń pè ní ÌJẸ̀BÚ-ÒDE títí di òní olóni yìí. Èdè Ìjẹ̀bu ni àwọn ẹ̀yà yìí máa ń sọ. A sì le rí wọn káàkiri ilẹ̀ Nàìjíríà. Àpẹẹrẹ àwọn ìlú tí a lè rí ni ẹkùn Ìjẹ̀bú ni Ìjẹ̀bú-Òde, Musin, Ata-Ìjẹ̀bú, Imọ̀pè, Òdo-Pótu, Àgọ́-Ìwòyè, Ìjẹ̀bú-Igbó, Orù, Awà, Ìlápòrú, Ìṣònyìn, Ìpàrí-Ńlá, Òdokálàbà, Ìdọwá, Merígò, Òdoogbolú, Ọ̀ṣọṣà àti bẹ́ẹ̀ bẹ́ẹ̀ lọ.",supports,supports,supports,True,yoruba,"Two names were combined to form ""AJEBU-OLODE"" which is known as IJEBU-ODE until today.","Two of the bravest people, namely Ajebu and Olode, their names were combined to become ""AJEBU-OLODE"" which is called IJEBU-ODE until today. These tribes speak the Ijebu language. And we can see them all over Nigeria. Examples of towns that can be found in Ijebu region are Ijebu-Ode, Musin, Ata-Ijebu, Oppe, Odo-Potu, Ago-Iwoye, Ijebu-Igbo, Oru, Awa, Ilaporu, Okononi, Ipari-Tula, Odokalaba, Idawa, Merigo, Odoogbolu, Ososha and so on.",supports,supports,supports,True,supports,yoruba,supports,supports,True,True,correct_to_correct
afrifact_data_culture_yoruba_348,yoruba,"Ìjínigbé àti ìwà ọ̀daràn ń pọ̀ si ní ìpínlẹ̀ Oǹdó, pàápàá jùlọ ní ìlú Ọ̀wọ̀.","Ọ̀pọ̀lọ̀pọ̀ ìgbà ni ìjínigbé ti wáyé ní ojú ọ̀nà ìlú Ọ̀wọ̀ sí Ìkàrẹ́-Àkókó. Alukoro fun ileeṣẹ ọlọpa nipinlẹ Ondo, Fẹmi Joseph sọ fun akọroyin BBC Yoruba, pe eniyan mẹta ni awọn ti wọn ji gbe lootọ, ṣugbọn ''ileeṣẹ ọlọpaa ko ti i le sọ boya Fulani lo ji wọn gbe nitori pe a ko ti i ri wọn'' tako iroyin to jade pe awọn fulani daran-daran lo ji wọn gbe. Bakan naa lo sọ ijinigbe ati iwa ọdaran gbogbo kiiṣe ọrọ ẹya tabi ẹsin. Ile isẹ ọlọpaa n gbe Ọrẹkunrin Khadijat rẹlẹ ẹjọ ni Ọjọ Aje ""Ọwọ wa tẹ awọn afurasi ajinigbe mẹjọ ni bi ọsẹ meji sẹyin, ko si si ẹya Fulani kankan lara wọn. Awọn mẹjọ naa si ti wa ni ihamọ nitori ọrọ wọn ti de ile ẹjọ."" Gẹgẹ bi ohun ti Joseph sọ, ọkan lara awọn mẹta ti wọn ji gbe jẹ olukọ ni ileewe gbogbonise Rufus Giwa to wa ni ilu Ọwọ nipinlẹ Ondo. Ọna to lọ si ilu Ipele nitosi Ọwọ ni wọn ti ji olukọ naa gbe.",supports,supports,supports,True,yoruba,"Kidnapping and crime are increasing in Ondo state, especially in the town of Owo.","There have been several kidnappings on the road from Owo to Ikare-Akoko. The head of the police station in Ondo state, Femi Joseph, told the BBC Yoruba reporter, that three people were actually abducted, but ""the police station has not been able to say whether they were abducted by the Fulani because we have not seen them"". He also said that kidnapping and all crimes are not a matter of ethnicity or religion. Khadijat's boyfriend is being prosecuted by the police on Monday ""We arrested eight kidnap suspects about two weeks ago, and there was no Fulani tribe among them. The eight are in custody because their case has reached the court."" According to Joseph, one of the three abducted is a teacher at Rufus Giwa public school in Owo town in Ondo state. The teacher was kidnapped on the way to Ipele town near Owo.",supports,nei,nei,False,supports,yoruba,supports,nei,True,False,correct_to_wrong
afrifact_data_culture_igbo_257,igbo,"Nwankwo Kanu abụghị otu n'ime ndị egwuregwu ole na ole meriri Premier League, FA Cup, Champions League, UEFA Cup na Olympic Gold Medal."," Ọ bụ otu n'ime ndị egwuregwu ole na ole meriri Premier League, FA Cup, Champions League, UEFA Cup na Olympic Gold Medal.",refutes,refutes,refutes,True,igbo,"Nwankwo Kanu is not one of the few players who won Premier League, FA Cup, Champions League, UEFA Cup and Olympic Gold Medal.","He is one of the few players who won the Premier League, FA Cup, Champions League, UEFA Cup and Olympic Gold Medal.",refutes,refutes,refutes,True,refutes,igbo,refutes,refutes,True,True,correct_to_correct
afrifact_data_culture_yoruba_053,yoruba,Kò sí ẹ̀yà kankan tí ó ń jẹ́ Àkókó nínú àwọn ẹ̀yà Yorùbá.,"Àwọn ẹ̀yà Yorùbá Àkókó ni wọ́n kó ìdá ogún ó lé ẹ̀sún mẹ́ta (20.3%) nínú ìdá márùn ún tó lé ẹ̀sún meje (5.7%) ènìyàn tí wọn ń gbé ní . Ẹ̀Wẹ̀, agbègbè Àkókó ní ìjọba ìbílẹ̀ mẹ́rin, àwọn ni: , , àti , tí ó fi mọ́ tí ó wà ní àárín àti . Ilé ẹ̀kọ́ fásitì náà wà nílú Bákan náà ni ilé-ìwòsàn ti ìjọba ìpínlẹ̀ wà ní ìlú , nígbà tí ilé-ìwòsàn gbogbo-gbòò ti ìjọba náà wà ní ìlú àti ìlú .",refutes,"refutes

The evidence states that the Àk",refutes,True,yoruba,There is no tribe called Akoko among the Yoruba tribes.,"Yoruba Akoko ethnic groups make up twenty-three percent (20.3%) of the seven-fifths (5.7%) of the people who live in . Ewe, Akoko area has four local governments, they are: , , and , which is located between and . The university is in the city. Similarly, the state government hospital is in the city, while the government's general hospital is in the city and the city.",refutes,refutes,refutes,True,refutes,yoruba,refutes,refutes,True,True,correct_to_correct
afrifact_data_culture_igbo_286,igbo,Mahadum Imo steeti na nke Abia Steeti na-enweta enyemaka ego site n'aka ndị nne nke ụka Catholic na Anglịcan,"N'afọ 1981, Sam Mbakwe hiwere mahadum Imo steeti. Ụlọ akwụkwọ ahụ dị na mpaghara e nyere n'afọ 1991 ma meekwa ya baptizim ọzọ nke Abia State University . Agbanyeghị, Mahadum Imo steeti nwetara ụlọ akwụkwọ ọhụrụ na ma ka dị.",nei,nei,nei,True,igbo,Imo State University and Abia State University receive financial assistance from Catholic and Anglican Church mothers,"In 1981, Sam Mbakwe founded Imo State University. The school was located in an area that was given in 1991 and was rechristened Abia State University. However, Imo State University got a new campus and it is still there.",nei,nei,nei,True,nei,igbo,nei,nei,True,True,correct_to_correct
afrifact_data_culture_igbo_462,igbo,Dora Akunyili jibu ọkwa daịrekụtọ jenaralụ n'ụlọ-ọru na-ahụ maka mmepụta na nkesa ọgwụ n'ụdị kwesịrị ekwesị n'ime Naịjirịa.,"Ọ bụbu nnukwu onyeisi ntụziaka (nke a na-akpọ daịrekụtọ jenaralụ n'asụsụ Bekee) n'ụlọ-ọru na-ahụ na a na-emepụta nakwa na-ekekesa ọgwụ, ihe ọńụńụ na ihe oriri n'ụdị kwesịrị ekwesị.",supports,nei,nei,False,igbo,Dora Akunyili previously held the position of Director General in the office responsible for the production and distribution of medicines in the proper form in Nigeria.,"He used to be the chief director (called general director in English) in the factory that ensures that medicines, sweets and food are produced and distributed in the right way.",supports,nei,nei,False,supports,igbo,nei,nei,False,False,wrong_to_wrong
afrifact_data_culture_yoruba_161,yoruba,Yóò tó bí ẹgbẹ̀rún mẹ́wàá ọdún sẹ́yìn ni àwọn èdè bẹ̀rẹ̀ sí ní yapa síra wọn lọ́tọ̀ọ̀tọ̀.,"Àwọn onímọ̀ èdè kan tilẹ̀ ti fi ìdí ọ̀rọ̀ múlẹ̀ pé láti orírun kan náà ni àwọn èdè bí Yorùbá, Kru, Banle, Twi, Ga, Ewe, Fon, Edo, Nupe, Igbo, Idoma, Efik àti Ijaw ti bẹ̀rẹ̀ sí yapa gẹ́gẹ́ bi èdè ọ̀tọ̀ọ̀tọ̀ tó dúró láti bí ẹgbẹ̀rún mẹ́ta ọ̀dún sẹ́yìn",refutes,nei,nei,False,yoruba,It will be ten thousand years ago that the languages ​​began to separate from each other.,"Some linguists have even confirmed that from the same source, languages ​​such as Yoruba, Kru, Banle, Twi, Ga, Ewe, Fon, Edo, Nupe, Igbo, Idoma, Efik and Ijaw have started to separate as different languages ​​that stood to be born three thousand years ago",refutes,refutes,refutes,True,refutes,yoruba,nei,refutes,False,True,wrong_to_correct
afrifact_data_culture_hausa_009,hausa,Sojojin Najeriya sun nuna bajimta sosai a yaƙi da boko-haram.,"Shehu Shagari ya zama a watan Oktoban shekara ta alif dari tara da Saba'in da tara (1979), inda yayi mulki har zuwa Disamban shekara ta alif da dari tara da tamanin da uku (1983), wanda sojoji suka kwace mulki a hunnunsa, a jagorancin . Shehu Shagari shine shugaban Najeriya da ya hau mulki ta sanadiyar zaɓe na farko.",nei,nei,nei,True,hausa,The Nigerian Army has shown great courage in the fight against the boko-haram.,"Shehu Shagari took office in October 1979 (1979), where he ruled until December 1983 (1983), when the military seized power from him, under the leadership of . Shehu Shagari is the president of Nigeria who came to power through the first election.",nei,nei,nei,True,nei,hausa,nei,nei,True,True,correct_to_correct
afrifact_data_culture_hausa_003,hausa,Shugaban kasa Muhammadu Buhari ya je ziyarar aiki kasar China a shekar 2016.,"Buhari ya lashe zaɓen, inda ya kayar da shugaban ƙasa mai ci Goodluck Ebele Jonathan. Wannan shi ne karo na farko a tarihin Najeriya da shugaban ƙasa mai ci ya sha kaye a zaɓen tazarce.",nei,nei,nei,True,hausa,President Muhammadu Buhari went on a working visit to China in 2016.,"Buhari won the election, defeating the incumbent President Goodluck Ebele Jonathan. This is the first time in the history of Nigeria that a sitting president has lost in a by-election.",nei,nei,nei,True,nei,hausa,nei,nei,True,True,correct_to_correct
afrifact_data_culture_igbo_080,igbo,Nnadị Kanu gwara ndị Ipob ha aṅala ihe Wike na-ekwu ntị.,Mana Nnadị Kanu gwara ha aṅala ntị.,supports,nei,nei,False,igbo,Mr. Kanu told the Ipob people that they should not listen to what Wike is saying.,But Nnadi Kanu told them not to pay attention.,supports,nei,nei,False,supports,igbo,nei,nei,False,False,wrong_to_wrong
afrifact_data_culture_hausa_133,hausa,Jam'iyyar APC ce ta tsayar da Sule Lamido takarar gwamnan jigawa a shekarar 2007.,"sule lamido yayi shekara takwas yana mulkin gwamna a jahar jigawa, ƙarƙashin jam’iyar PDP kuma ya nemi takaran shugaban ƙasa a shekara ta 2019.",refutes,refutes,refutes,True,hausa,The APC nominated Sule Lamido for the governorship of Jigawa in 2007.,"Sule Lamido has been the governor of Jigawa state for eight years, under the PDP party and has sought the presidential candidate in 2019.",refutes,refutes,refutes,True,refutes,hausa,refutes,refutes,True,True,correct_to_correct
afrifact_data_culture_hausa_169,hausa,Gwamna Shema ya samu lambar yabo ta girmamawa daga hukumar EFCC.,Wannan turka-turka da wasu caje-caje da ke da nasaba da kuɗi su ka sa hukumar watau E.F.C.C ta gurfanar da Gwamna Shema a gaban kotu kan cajin almundahanar kuɗaɗen da suka kai kimanin biliyan goma sha ɗaya (N11 billion).,refutes,supports,supports,False,hausa,Governor Shema received an award of honor from the EFCC.,This push and pull and other charges that are related to money have made the commission i.e. E.F.C.C to prosecute Governor Shema before the court on charges of corruption of funds amounting to about eleven billion (N11 billion).,refutes,refutes,refutes,True,refutes,hausa,supports,refutes,False,True,wrong_to_correct
afrifact_data_culture_hausa_336,hausa,"Dambe ya samo asali ne daga al’adun gungun mahauta, wadanda su ne ke shiga gasa, suna ƙalubalantar sauran maza a yankinsu."," A al'adance, ana gudanar da gasa tsakanin maza na gungun mahauta wadanda kuma za su kalubalanci maza daga masu sauraron kauyensu. An zana shi daga kananan kabilar Hausa wadanda su kadai ne za su iya yanka dabbobi da sarrafa nama, mahauta masu tafiya sun kafa gungiyoyin dambe daga darajarsu da ake kira ""runduna"".",supports,supports,supports,True,hausa,"Boxing originated from the culture of a group of butchers, who participate in competitions and challenge other men in their area.","Traditionally, a competition is held between the men of the butcher group who will challenge men from their village audience. It was drawn from the small Hausa tribe who were the only ones who could slaughter animals and process meat, traveling butchers formed boxing groups from their rank called ""rundun"".",supports,supports,supports,True,supports,hausa,supports,supports,True,True,correct_to_correct
afrifact_data_culture_yoruba_597,yoruba,Mínísítà fún ètò ìbánisọ̀rọ̀ ní Nàìjíríà tele ni Adebayo Shittu je. Ó sì wà lábẹ́ Ààrẹ tó wà nípò ní àkókò náà.,"Adebayo Shittu jẹ́ minisita fún ètò ìbánisọ̀rọ̀ ní Nàìjíríà tẹ́lẹ̀ láàárín ọdún 2011 sí 2019 lábẹ́ Ààrẹ tẹ́lẹ̀ rí. Shittu lo rọpo gege bi minisita fun eto ibanisoro, Isa Ali Pantami lo tele.",supports,supports,supports,True,yoruba,Adebayo Shittu was the former Minister of Communications in Nigeria. And it was under the President who was in place at the time.,"Adebayo Shittu was the former Minister of Communications in Nigeria between 2011 and 2019 under the former President. Shittu was replaced as minister for communication, followed by Isa Ali Pantami.",supports,supports,supports,True,supports,yoruba,supports,supports,True,True,correct_to_correct
afrifact_data_culture_hausa_398,hausa,Tarihin siyasar Musulunci ya shafi yadda ake fahimtar shugabanci da biyayya a cikin al’umma.,"Ya kamata a lura da cewa musulmi a lokacin ba su kasu kashi biyu ba, wato ‘yan Shi’a da Sunna, sai dai hakan ya faru ne bayan wafatin Manzon Allah, tsira da amincin Allah su tabbata a gare shi da alayensa, da taron juyin mulkin da aka yi a Saqifa. Bani Sa'ida da zabin Abubakar a matsayin magajin Manzon Allah, tsira da amincin Allah su tabbata a gare shi da alayensa, a kan musulmi. Al’amarin ya fuskanci adawar Ali binu Abi Talib, tsira da amincin Allah su tabbata a gare shi, da dukkan Bani Hashim, da Salman Al-Farisiy, da Abu Zarr Al-Ghafari, da Al-Miqdad bin Al-Aswad, da Ammar bin Yasser, da Ibn Al-Tayhan. Othman bin Hanif, da sauran sahabbai da mabiyan Ali, tsira da amincin Allah su tabbata a gare shi. Daga nan ne bishiya Shi'anci ta fara girma.",supports,supports,supports,True,hausa,The history of Islamic politics affects the understanding of leadership and obedience in society.,"It should be noted that the Muslims at that time were not divided into two groups, that is, the Shia and the Sunni, but this happened after the death of the Messenger of God, may God's peace and safety be upon him and his family, and the coup d'état held in Saqifa. Bani Sa'ida and the choice of Abubakar as the successor of the Messenger of God, may the peace and safety of God be upon him and his family, upon the Muslims. The matter faced the opposition of Ali bin Abi Talib, peace and blessings of God be upon him, and all Bani Hashim, Salman Al-Farisi, Abu Zarr Al-Ghafari, Al-Miqdad bin Al-Aswad, Ammar bin Yasser, and Ibn Al-Tayhan. Othman bin Hanif, and other companions and followers of Ali, may God's peace and safety be upon him. This is where the tree of Shia started growing.",supports,supports,supports,True,supports,hausa,supports,supports,True,True,correct_to_correct
afrifact_data_culture_igbo_190,igbo,E nwere steeti iri abụọ na asatọ na Naijirịa.,Ọ bụkwa ndi Ìgbò bi na ebe ugwu nke Ọ̀hà Delta na Ọ̀hà Rivas.,nei,nei,nei,True,igbo,There are 28 states in Nigeria.,It is also the Igbo people who live in the northern part of Delta River and River Rivas.,nei,nei,nei,True,nei,igbo,nei,nei,True,True,correct_to_correct
afrifact_data_culture_yoruba_398,yoruba,NIN ò fi bẹ́ẹ̀ wúlò láti gba ìwé-ẹ̀rí fún ọkọ̀ wíwà.,"Wo àwọn nǹkan to tún nílò NIN fún yàtọ̀ fún ìforúkọsílẹ̀ síìmù Laipẹ yii ni ajọ to n risi ibaraẹnisọrọ ni Naijiria, NCC fi aṣẹ sita pe, gbogbo ọmọ Naijiria to n lo siimu ẹrọ ibaraẹnisọrọ, gbọdọ fi NIN kun iforukọsilẹ siimu wọn. Gbedeke ọsẹ meji pere si ni ajọ naa fi silẹ lati sẹ bẹ ẹ. Amọ yatọ si iforukọsilẹ siimu, awọn nnkan mii wa ti o tun nilo NIN rẹ fun gẹgẹ bii ọmọ Naijiria. Àwọn iròyin tì ẹ leè ní ìfẹ̀ síí: Apo asunwọn banki: Awọn banki ni Naijiria ma n gba NIN gẹgẹ bi ami idanimọ, ki wọn o to le ṣi apo asunwọn pẹlu wọn, tabi bẹrẹ si ni lo asunwọn ti o ko lo fun igba pipẹ pada. Iforukọsilẹ fun iwe irinna: Ajọ to n risi iwọle-wọde ni Naijiria ti sọ ọ di dandan fun ẹnikẹni to ba fẹ ẹ gba iwe irinna pasipọọti tuntun, tabi tun ti akọkọ ṣe, gbọdọ ṣe afihan NIN rẹ ko to o di ṣisẹ. Iwe aṣẹ fun ọkọ wiwa: Ajọ ẹṣọ oju popo, FRSC, naa ti n beere fun NIN lọwọ ẹnikẹni to ba fẹ ẹ gba laisẹnsi gẹgẹ bi awakọ.",refutes,nei,nei,False,yoruba,NIN is not very useful to obtain a certificate of occupancy.,"Look at the things that also need NIN for different phone registration. Recently, the organization that provides communication in Nigeria, NCC issued an order that all Nigerians who use mobile phones, must add NIN to their mobile phone registration. Only two weeks left for the organization to deny it. But apart from SIM registration, there are other things that you also need your NIN for as a Nigerian. News that makes you want more: Bank wallet: Banks in Nigeria often accept NIN as a sign of identification, before they can open a wallet with them, or start using the wallet that you have not used for a long time. Registration for a passport: The Nigerian immigration agency has made it mandatory for anyone who wants to get a new passport, or renew the original one, to show their NIN before it becomes valid. Driver's License: The National Highway Traffic Safety Administration, FRSC, is asking anyone who wants to get a driver's license for NIN.",refutes,nei,nei,False,refutes,yoruba,nei,nei,False,False,wrong_to_wrong
afrifact_data_culture_igbo_158,igbo,"Ákàrà nsibiri dị puku, nke há mà dị 500 nke ha détùrù","nsibiri dị puku, nke há mà dị 500 nke hé détùrù. Hé zì",supports,supports,supports,True,igbo,"There are thousands of seals, of which there are 500 that they have left","There are thousands, of which there are only 500 left. He said",supports,nei,nei,False,supports,igbo,supports,nei,True,False,correct_to_wrong
afrifact_data_culture_yoruba_349,yoruba,Àwọn ọmọ ẹgbẹ́ Ebila gbìyànjú láti fi àdá ṣá Ekugbemi àmọ́ àdá náà ò ràn án àfi ìgbà tí wọ́n ṣe nǹkan sí ara àdá náà.,"Iwaju ile ijọsin nla Cathedral Church of Saint David, ni Kudeti, ni awọn janduku naa ti fa rogbodiyan kan to waye lọjọ kọkandinlogun, oṣu Kejila, ọdun 2016. Kii ṣe igba akọkọ niyẹn ti ẹgbẹ naa ati awọn orogún wọn fa wahala ni agbegbe naa. Ni nkan bi aago mẹjọ alẹ ni ìró ìbọn bẹrẹ si ni i dún, eyi to mu ki ọpọ eeyan o fi ile, sọọbu wọn silẹ, koda awọn kan fi ara pa. Iroyin sọ nigba naa pe ọkọ ayọkẹlẹ, kẹẹkẹ 'maruwa', ati ọkada ni awọn janduku naa gùn wọ adugbo ni alẹ ọjọ buruku, eṣu gbomi mu ọhun. Iṣẹlẹ naa mu ẹ̀mí awọn ara adugbo kan lọ. Wọn tun dana sun awọn ile itaja kan ni adugbo naa. Awọn iroyin kan tilẹ sọ pe búrẹ́dì ni awọn janduku naa rẹ ni epo bẹtiro, ti wọn si n ju sinu sọọbu, ki wọn o to sọ ina si i. Nkan to fà iṣẹlẹ buruku to sọ awọn idile kan sinu ibanujẹ ko ṣe e sọ ni pato",nei,nei,nei,True,yoruba,The members of Ebila tried to beat Ekugbemi with a bat but the bat did not help him except when they did something to the bat.,"In front of the Cathedral Church of Saint David, in Kudeti, the Janduku have caused a conflict that took place on the 19th of December, 2016. That is not the first time that the group and their rivals have caused trouble in the area. At about eight o'clock in the night, the sound of gunshots started ringing, which caused many people to leave their homes and homes, and some even committed suicide. Reports said at that time that a car, a 'maruwa' bicycle, and a rickshaw were used by the janduku to enter the neighborhood on a bad night. The incident took the lives of some neighbors. They also set fire to some shops in the neighborhood. Some reports even say that the bread was soaked in butter, and they were throwing it in the oven, before they set fire to it. The cause of the tragic event that plunged some families into grief is not clear",nei,nei,nei,True,nei,yoruba,nei,nei,True,True,correct_to_correct
afrifact_data_culture_igbo_088,igbo,"I rie ji a sụrụ asụ na ofe nsala, ị gaghị achọzị osikapa a i na-eri.",Ndị Igbo na-eji ji ama onye bụ dimkpa nakwa onye abụghị onye ume ngwụ.,nei,nei,nei,True,igbo,"If you eat it with a soup, you will not need the rice you are eating anymore.",The Igbo people know who is strong and who is not.,nei,nei,nei,True,nei,igbo,nei,nei,True,True,correct_to_correct
afrifact_data_culture_yoruba_539,yoruba,Àìbìkítà awakọ̀ yìí ló mú kí àwọn ajínigbé rí Rẹ̀mí àti àwọn ènìyàn tó kú tó wà nínú ọkọ̀ náà mú.,"Remi Oladoye, ẹni to salaye bii isẹlẹ naa se waye fun BBC Yoruba ni, ti kii ba se ọpẹ Ọlọrun ati ti awakọ to wa ọkọ ti oun wa, boya isẹlẹ buruku ko ba waye tabi ki oun se ọdun tuntun ni akata awọn ajinigbe. O fikun pe, agbegbe ilu Erinmo Ijesa si Iwaraja ni ọkọ awọn de lọjọ Aje ana, ni deede aago meje si meje aabọ, to fi se alabapade isẹlẹ ijinigbe to n waye lọwọ lagbegbe naa. Àwọn iròyin tì ẹ leè ní ìfẹ̀ síí: ""A ri pe ọkan lara awọn mọto to wa niwaju wa duro lojiji, tawọn gende agbebọn to jade lati inu igbo tiiki to wa laarin ilu mejeeji yii si yọ ibọn sawọn ero to wa ninu mọto naa. Inu igbo nla ti igi tiiki wa yi ni awọn ajinigbe naa maa n fara soko si lati sisẹ ibi wọn Bi wọn se n ja wọn lole lọwọ, kia ni awakọ tiwa, to ti mọ nipa isẹlẹ to n waye lọwọ naa, nitori ọmọ Efon Alaaye ni, ti fa ọkọ jade lati sẹri pada.",refutes,nei,nei,False,yoruba,The carelessness of this driver led the kidnappers to see Rehmi and the dead people in the vehicle.,"Remi Oladoye, the person who explained how the incident happened to BBC Yoruba, was it not for the thanks of God and the driver who drove the car that he was in, either the bad incident would not have happened or he would have spent the new year in the hands of the kidnappers. He added that, in the area of ​​Erinmo Ijesa city, Iwaraja, the vehicle arrived yesterday, Monday, at exactly 7:30 to 7:30, to discover the incident of kidnapping that is happening in the area. The news made you want more: ""We saw that one of the cars in front of us stopped suddenly, the gunmen who came out of the teak forest between these two cities and shot the passengers in the car. In this big forest of our teak trees, the kidnappers used to hide in order to hide their place. It is the son of the Living Elephant, who pulled out the boat to return.",refutes,nei,nei,False,refutes,yoruba,nei,nei,False,False,wrong_to_wrong
afrifact_data_culture_hausa_353,hausa,Ahmed Musa ya zura ƙwallaye biyu a wasan Najeriya da Argentina a gasar cin kofin duniya ta 2014.,"Ahmad Musa ya zama ɗan na farko da ya ci fiye da ɗaya a gasar cin kofin duniya wato , bayan da yaci Argentina kwallaye biyu a gasar cin kofin duniya ta shekara dubu biyu da goma sha huɗu (2014). Ahmad Musa shine Ɗan na farko da ya zura kwallo a gasar cin kofin duniya ta guda biyu, bayan ya zura kwallaye biyu a ragar Iceland a matakin rukuni na .",supports,nei,nei,False,hausa,Ahmed Musa scored two goals in the match between Nigeria and Argentina in the 2014 World Cup.,"Ahmad Musa became the first child to score more than one goal in the World Cup, after he scored two goals for Argentina in the World Cup in the year two thousand and fourteen (2014). Ahmad Musa is the first Dan to score in two World Cups, after scoring two goals against Iceland in the group stage.",supports,refutes,refutes,False,supports,hausa,nei,refutes,False,False,wrong_to_wrong
afrifact_data_culture_igbo_525,igbo,Ndị ji ọkwa Dọvanọ na Naịjirịa na-enye ndị ọka ike aka azụ ka ha kwụnyere ha mgbe ha na-ekpe ikpe.,"N’afọ 2007, Ụba zọọrọ na nhọputa PDP maka ntuli aka gọvanọ nke steeti Anambara, a ma họpụta ya na ntuli aka na Epurel 14 2007. Mana, onye bụbu gọvanọ gbara akwụkwọ na ntuliaka ahụ, na-ekwu na, n’ihi na ụlọ ikpe nabatara na Obi meriri na ntuli aka Epurel 2003 na 15 Machị 2006, na ọ ka nwere afọ atọ ọzọ ma ọ bụ afọ anọ ya ịchị. Ndị ọkaikpe ahụ nakweere arụmụka ahụ, na 14 Juunu 2007, ha kwụsịrị ntuli aka nke Andy Ụba. ",nei,nei,nei,True,igbo,Those who hold the position of Dovano in Nigeria give back to the judges to hang them when they judge.,"In 2007, Uba contested the PDP election for the governorship election of Anambara state, and was elected in the election on April 14, 2007. But, the former governor sued the election, saying that, because the court accepted that Obi won the April 2003 election on March 15, 2006, he still has three or more years left. his fourth to rule. The judges accepted the argument, and on 14 June 2007, they canceled Andy Uba's election.",nei,nei,nei,True,nei,igbo,nei,nei,True,True,correct_to_correct
afrifact_data_culture_igbo_708,igbo,Na Steeti Ebonyi Mary Udumeke na-agba mbọ ịhụ na a kwụsị ibi ụmụnwaanyị ugwu na steeti ya. Ọ na-agba mbọ ịhụ na iwu kwadoro nke a. Steeti Abịa na Imo ebinyebeghi aka na nkwado iwu a.,"Mary Udumeke bụ nwaanyị na-agba mbọ ịkwụsị ibi nwaanyị ugwu n'Ebonyi steeti Ọ dịzi n'aka ndị omeiwu steeti dị icheiche ibinye aka n'iwu a ka o wee dị ire na steeti ha. Mana a bịa na mpaghara Ọwụwa Anyanwụ, naanị Abia na Imo steetị bụ ndị ebinyebeghị aka n'iwu a bụ 'Violence Against Persons Prohibition Act'. ",supports,nei,nei,False,igbo,"In Ebonyi State, Mary Udumeke is trying to ensure that women in the north are stopped living in her state. He is trying to ensure that this is legal. The State of Abe and Imo has not yet signed the ratification of this law.","Mary Udumeke is a woman who is trying to stop women living in the mountains in Ebonyi state. But when it comes to the Eastern region, only Abia and Imo states have not signed the 'Violence Against Persons Prohibition Act'.",supports,refutes,refutes,False,supports,igbo,nei,refutes,False,False,wrong_to_wrong
afrifact_data_culture_yoruba_496,yoruba,"Àwọn ọmọdé fẹ́ràn láti máa yí kẹ̀kẹ́, wọ́n sì máa ń ṣe láti orí ẹnìkan sí èkejì ni, títí yóò fi kárí àwọn tókù.","Ere Ayo: Ati ọmọde ati agba ni o ma n ṣe ere ayo. Ninu iho ribiti to ni oju mejila, ti mẹfa si koju ara wọn ni wọn ma n lo pẹlu okuta wẹwẹ abi ọmọ ayo mejidinlaadọta. Ọmọ ayo mẹrin mẹrin yoo si wa ninu koto kọọkan. Ẹni to ba gbiyanju lati tete jẹ ki awo koto tirẹ kun fun ayo ni yoo gbegba oroke ninu idije naa. Ere yii maa n jẹ ki ọpọlọ ọmọde ati agba to n ta ji pepe, o n dani laraya, mu ki ifẹ wa, ti yoo si tun fikun imọ isiro awọn to ba n taa. Ere Boss ati Actor: Ọpọlọpọ awọn ọmọde ti wọn ba ti wo ere onija a bẹrẹ si ni ṣe awokọse fiimu ti wọn wo ,nipa yiyan ‘Boss’ to jẹ ole ati ‘Actor’ to jẹ bii ọlọpaa ti yoo si bori Boss ninu idije naa.",nei,nei,nei,True,yoruba,"Children like to spin the wheel, and they do it from one person to the other, until it covers the others.","Gambling: Both children and adults play gambling. In the hole that has twelve faces, and six face each other, they use it with gravel or fifty-eight lucky children. And there will be four cubs in each pit. The person who tries to make his own koto plate full of joy first will win the competition. This game usually makes the brain of the child and the adult who is playing awake, it is encouraging, it makes us love, and it will also strengthen the math skills of those who are playing. Game Boss and Actor: Many children who have watched a fighter game started to make inspiration from the movie they watched, by choosing the 'Boss' who is a thief and the 'Actor' who is like a policeman and who will win the Boss in the competition.",nei,nei,nei,True,nei,yoruba,nei,nei,True,True,correct_to_correct
afrifact_data_culture_yoruba_071,yoruba,Olóyè Ògúnwán̄dé Abím̄bọ́lá jẹ́ akọ́ṣẹ́mọṣẹ́ dókítà alábẹ́rẹ́ ní ilé ìwòsàn UCH ní ìlú Ìbàdàn.,"Chief Ògúnwán̄dé Abím̄bọ́lá Ọjọ́ ìbí 24 Oṣù Kejìlá 1932 ( 1932-12-24 ) (ọmọ ọdún 92) ọ̀yọ́, Iṣẹ́ olórí ẹsìn, ònímọ̀-àgbà fásitì, ati Alma mater Wándé Abímbọ́lá (ọjọ́ ìbí 26, 1932 ní. ìlú , ) ó jẹ́ olùkọ́ lítírésọ̀ ní ẹ̀ka-ẹ̀kọ́ Èdè àti Lítírésọ̀ Aáfíríkà ní ní , Nigeria. Ó jẹ́ olórí ẹ̀ka-ẹ̀kọ́ yìí fún ọjọ́ pípé kí ó tó wá di 'Dean Faculty of Arts' ní ilé-ẹ̀kọ́ kan náà.",refutes,nei,nei,False,yoruba,Chief Ogunwande Abimbola is a junior doctor at UCH hospital in Ibadan.,"Chief Ogunwandé Abímbolá Date of birth December 24, 1932 (1932-12-24) (92 years old) oyyo, religious leader, senior university scholar, and Alma mater Wándé Abímbolá (birth date 26, 1932 in. city, ) he is a literature teacher in Department of African Languages and Literatures in , Nigeria. He was the head of this department for a whole day before he became the 'Dean Faculty of Arts' in the same school.",refutes,refutes,refutes,True,refutes,yoruba,nei,refutes,False,True,wrong_to_correct
afrifact_data_culture_igbo_736,igbo,Nje Ebola abatala Czech Republic. Onyeisiala mba Czech Republic  gwara ndị BBC nke a.,N'ofesi Otu onye oji egbe agbagbuola ihe ruru mmadụ isii n'otu ụlọọgwụ dị na mba Czech Republic ma gbagbuo onwe ya n'akụkọ ebe ahụ. Ndị uweojii hụrụ ozu nwoke a dịka ọ tọgbọ site n'ọnya egbe ọ gbara onwe ya n'isi.,nei,nei,nei,True,igbo,The Ebola virus has entered the Czech Republic. The President of the Czech Republic told the BBC this.,Abroad A gunman has shot up to six people in a hospital in the Czech Republic and shot himself in the news there. The police found the man's body as he lay with a self-inflicted gunshot wound to the head.,nei,nei,nei,True,nei,igbo,nei,nei,True,True,correct_to_correct
afrifact_data_culture_yoruba_014,yoruba,Orílẹ̀-èdè Brazil kò ní ìbátan pẹ̀lú àwùjọ àwọn Aláwọ̀ dúdú.,"Fún ìdí èyí, a lè sọ pé Òrìṣà Aganju ni àjọṣe pẹ̀lú àwọn Òkè Ńláńlá Ilé Cuba, tí a bá sì wò ọjọ́ orí wón tàbí ìgbà tí wọ́n ti wà, a máa tó Ọgọ́rùn-ún ọdún sẹ́yìn. A tún lè sọ pé Ìbínú Òrìṣà Aganju wá ní ìbámu tàbí ní àjọṣe pẹ̀lú OroIna tí ó jẹ́ Òrìṣà kan nílé Cuba tí àwọn Yorùbá gba pe òun ni Ọ̀rànmíyán ni èdè Yorùbá Candomblé [ | ] Ní orílẹ̀ èdè Brazil tí wọ́n ni ìbátan pẹ̀lu àwọn aláwọ̀ dúdú tí Ìsìn wọn fẹ́ jọ tí , Wọ́n gbà pé Aganju a máa ṣé bí ti Òrìṣà Ṣàǹgó, èyí ló mú wọn kí wọn máa pè é ní Xango Aganjú ",refutes,refutes,refutes,True,yoruba,Brazil has nothing to do with the black community.,"For this reason, we can say that the Goddess Aganju is related to the Great Mountains of Cuba, and if we look at their age or when they have existed, we will reach a hundred years ago. We can also say that the Anger of the Goddess Aganju comes in accordance or in relation with OroIna who is a Goddess in Cuba that the Yoruba believe is Oranmiyan in the Yoruba Candomblé language [ | ] In the country of Brazil, who are related to the black people whose religion they want to be together, they believe that Aganju will act like the God Xango, this is why they call him Xango Aganju",refutes,refutes,refutes,True,refutes,yoruba,refutes,refutes,True,True,correct_to_correct
afrifact_data_culture_yoruba_625,yoruba,Gbogbo ẹrú pátá ni kò ní ìbọ̀wọ̀ fún nítorí pé ó jẹ́ ohun ìtìjú.,"Ìsàlẹ̀ Èkó (Lagos Island) ni ó já pọ̀ mọ́ mainland ní ọ̀nà mẹ́ta pẹ̀lú àwọn afárá méta (1st-3rd mailand bridge). tí ó tóbi tó nà kọjá lórí afonífojì Èkó tí ó fi dé Èbúté Mẹ́ta. Bákan náà ni ó tún já pọ̀ mọ́ agbègbè tí ó sún mọ bíi: Ìkòyí sí Victoria Island, tó fi dé ibùdókò ọkọ̀ ojú-omi ti Àpápá tí ó dajú kọ apá ìwọ̀ Oòrùn erékùṣù náà,",nei,nei,nei,True,yoruba,All slaves are disrespected because they are shameful.,"Lower Lagos (Lagos Island) is connected to the mainland in three ways with three bridges (1st-3rd mailand bridge). which is so big that it stretches over the Eko valley until it reaches Ebute Meta. In the same way, it connects with the nearby area such as: Ikoyi to Victoria Island, until it reaches the boat station of Apapa facing the western part of the island,",nei,nei,nei,True,nei,yoruba,nei,nei,True,True,correct_to_correct
afrifact_data_culture_yoruba_313,yoruba,Neo àti Vee nìkan ni olólùfẹ́ méjì tí idà Big Brother kò tí ì bẹ́ ìrẹ́pọ̀ wọn sí méjì.,"Ninu fidio tawọn eeyan rọra ge lara eto naa to gba ori ayelujara kan, ẹrọ ayaworan ṣafihan Neo to n fọ aṣọ nigbati Nengi ati Vee n wo o. Ọrọ ko ba tilẹ ma han sita bi ko ṣe igba ti Vee sọ pe ""Ololufẹ mi, ko ma si pata kan ninu aṣọ, ọrọ naa ba ṣe oju Nengi wara wara to ya a lẹnu. Nengi kọkọ ka a sara ko sọrọ, nigba to ya lo ba fọhun pe ""Neo, ṣe pe o tun n fọ pataaa, haaa!Vee naa ba da a lohun pe ""Neo mi gan mọ pe onimọtoto ni"". Nengi wa sọ fun Neo pe o yẹ ẹ gan o.Iṣẹlẹ yii ti n mu ki ọpọlọpọ ọmọ Naijiria fọn ti wọn si ti n fesi. Awọn esi wọn n pa ni lẹrin jọjọ, ṣe ẹ mọ pe bi igbati o n ṣẹlẹ lẹyinkunle wọn lawọn to n wo eto naa ṣe maa n sọrọ...@Zoeman ni ""aṣe o tilẹ tun lẹnu lati sọ pe o ku pata kan, ara ni yoo san pa pata kan ọhun"". O ni arifin Neo ma pọ o.@Iamemzy ni ""Jeeesu, Neo n fọ pata, kilode tawọn ọkunrin maa n doju ti mi bayii lẹnu ọjọ mẹta""...@emmanueladem naa sọ loju opo Twitter pe o yẹ Vee gan o pe koda Ozo gan ko ṣe to bẹẹ.",nei,nei,nei,True,yoruba,Neo and Vee are the only two lovers whose relationship has not been torn apart by Big Brother's sword.,"In their video, people slowly cut through the program that took over the internet, the graphics show Neo washing clothes while Nengi and Vee look on. The words didn't even come out until Vee said, ""My dear, there is not a stain in the clothes, and the words made Nengi's eyes milk milk and she was shocked. Nengi first read it and didn't speak, when she stopped, she said, ""Neo, are you still washing the clothes, haaa! Vee replied that ""Neo, I really know that he is a cleaner"". Nengi wa told Neo that he really deserves it. This incident is making many Nigerians angry and they are reacting. Their answers are laughable, do you know that when it's happening behind them, those who watch the program are always talking... @Zoeman said ""even if you are afraid to say that you are dead, the body will pay for it"". He said, Neo is very good. @Iamemzy said ""Jeeesu, Neo is breaking the bank, why do men keep staring at me for three days now""... @emmanueladem said on Twitter that Vee is really worthy and even Ozo is not enough.",nei,nei,nei,True,nei,yoruba,nei,nei,True,True,correct_to_correct
afrifact_data_culture_yoruba_526,yoruba,Davido fi ọkọ̀ Porsche ṣe ayẹyẹ ọjọ́ ìbí fún Chioma,"Awọn onkorin lasiko yii gba pé orin Afro Beats ti n nipa lori ọna iṣọwọ kọrin awọn miran ni ori ayelujara ni eyi to tun n fun Naijiria lokiki sii lagbaye. Ayanbinrin Ara fi ilu kọ'rin ibilẹ Naijiria Eyi lo bi ẹya orin bii Afro-pop, azonto, hiplife atawọn mii laarin awọn eniyan Ghana ati Naijiria bi apẹrẹ orin Oliver Twist ti DBanj tun ṣi oju awọn eniyan si i. Awọn olorin Naijiria mii to tun ti di ilumọọka ni Yemi Alade, Tekno, Falz, Olamide, Simi, Mr Eazi, Mologo ati Patoranking. ",nei,nei,nei,True,yoruba,Davido celebrated Chioma's birthday with a Porsche,"Today's singers agree that the Afro Beats music that is being played by others online is what is making Nigeria more popular in the world. Ayanbinrin Ara fi drum sings a Nigerian song. This is used as a musical element such as Afro-pop, azonto, hiplife and others among the people of Ghana and Nigeria as the song Oliver Twist by DBanj also opened people's eyes to it. Other Nigerian artists who have also become popular are Yemi Alade, Tekno, Falz, Olamide, Simi, Mr Eazi, Mologo and Patoranking.",nei,nei,nei,True,nei,yoruba,nei,nei,True,True,correct_to_correct
afrifact_data_culture_hausa_388,hausa,Wasu yankuna a Arewacin Najeriya  ko soke al'adar lefe saboda suna ganin baya da wani amfani,"Al'adar Hausawa ce inda ango ke siyan kayan amfani masu kyau da tsada a matsayin wata babbar kyauta da zai bawa amaryarsa. Wadannan kyaututtukan ango na gama sayen sune kafin Auren shi, bayan sun gama kammaluwa, sai iyayen Ango kama daga Inna, Gwaggonninsa da sauran su, mata ne suke kai kayan gidan Amarya, Ita kuma Amarya sai iyayen ta mata su karba kayan su dan ba iyayen Ango abinci da dan tukuici. ",nei,nei,nei,True,hausa,Some areas in Northern Nigeria have canceled the practice of lepe because they see no benefit,"It is a Hausa tradition where the groom buys beautiful and expensive items as a great gift to his bride. These gifts that the groom buys are before the wedding, after they have finished, the groom's parents, including his mother, his puppets and others, are the women who take the things to the bride's house.",nei,nei,nei,True,nei,hausa,nei,nei,True,True,correct_to_correct
afrifact_data_culture_hausa_672,hausa,"Wasa ƙwaƙwalwa da kacici-kacici ana yin sune ta sigar tambaya ko magana a zube, sai dai kawai kacici-kacici ana cewa ""Kacici-Kacici"" a farko.","Tsari [ | ] Kacici-kcici yana da alaqa da wasa kwakwalwa, amman galibi suna da bambamci, wasa kwakwalwa ana yinshi ta sigar tambaya ko magana a zube,wanda shima kacici-kacici haka yake,sai dai kawai kacici-kacici ana cewa “Kacici-Kacici” idan za ayi,shi kuma wasa kwakwalwa farawa kawai akeyi. ",supports,supports,supports,True,hausa,"Brain games and riddles are done in the form of questions or spoken words, but only riddles are called ""Kacici-Kacici"" first.","Process [ | ] Riddles are related to brain games, but mostly they are different, brain games are done in the form of questions or spoken words, which is also the same as riddles, except that riddles are called ""Kacici-Kacici"" if it is to be done, and brain games are just beginning.",supports,supports,supports,True,supports,hausa,supports,supports,True,True,correct_to_correct
afrifact_data_culture_yoruba_246,yoruba,Ìlú Àkókó jẹ́ ìlú kan tí ó kalẹ̀ sí agbègbè Àríwá àti Ìlà oòrùn ìpínlẹ̀ Oǹdó.," Ìkàrẹ́-Àkókó ni olú ilé ịṣẹ́ ìjọba ìbílẹ̀ wà. Ìlú náà sì tó iye ọgọ́rùn ún kìlọ́mítà (100 km) sí ìlú tí ó jẹ́ olú ìlú fún gbogbo lápapọ̀. Àkókó wà ní agbede-méjì àríwá àti ìlà oòrùn Ìpínlè Ondó.̀ Ohun tí wọ́n fi ń ṣọrọ̀ ajé ní ìlú Ìkàrẹ́ ni ǹkan ọ̀gbìn bíi: , , àti bẹ́ẹ̀ bẹ́ẹ̀ lọ. ",supports,supports,supports,True,yoruba,Ilu Akkoko is a city located in the North and East region of Ondo state.,"Ikare-Akoko is the head of the local government office. And the city is about a hundred kilometers (100 km) from the city that is the capital for all. Time is in the middle-both north and east of Ondo State. What they are doing business in Ikare town are agricultural things like: , , and so on.",supports,nei,nei,False,supports,yoruba,supports,nei,True,False,correct_to_wrong
afrifact_data_culture_igbo_062,igbo,Oyi bụ ebe obibi nke ndị Oyi,Ọ bụ ebe obibi nke ndị Oyi.,supports,supports,supports,True,igbo,Oyi is the home of the Oyi people,It is the home of the Oyi people.,supports,supports,supports,True,supports,igbo,supports,supports,True,True,correct_to_correct
afrifact_data_culture_igbo_404,igbo,"Ndị e ji egwu Igbo haịlaịf kacha mara gụnyere Chiifụ Stephen Osita Ọsadebe, Oliver De Coque, Ali Chukwuma, , Sir Warrior, Oriental Brothers, Ikem Mazeli.","Otu onye n’ime ndị kachasị edee egwu mana emepụta egwu a bụ Chiifụ Stephen Osita Ọsadebe onye ọrụ ya ruru afọ iri anọ ma gafee. Ihe nkiri Osadebe gụnyere ọtụtụ egwu ama ama gụnyere egwu ""1984 ""Ọsọndị Owendị"" nke bugoro ya na ọkwa ụwa dịka onye mbụ bidoro Igbo haịlaịf . Ọ kwe ukwe na ọ kpọọ jita Oliver De Coque, bụ ""onye a gụnyere dịka otu n'ime ndị eji ama atụ na onye isi nkenkepụ n'egwu ọgbara ọhụrụ ama ama."" Coque bụ onye kpatara owuwu Igbo haịlaịf na nkanka. N'ime egwu ya ama ama bụ ""Biri Ka Mbiri"", ""Ana Enwe Obodo Enwe"", ""Nnukwu Mmanwu"" na ""Identity"", ha niile rụpụtara ọfụma na 1980 niile. Ndị ọzọ na-eme ihe nkiri n'oge gara aga n'ụdị a bụ ndị nyere nnukwu onyinye na mmepe ya bụ, Ali Chukwuma, , Sir Warrior, , Nico Mbarga, Oriental Brothers, Isaac Rogana Ottah, Ikem Mazeli.",supports,supports,supports,True,igbo,"The most famous Igbo highlife musicians include Chief Stephen Osita Osadebe, Oliver De Coque, Ali Chukwuma, , Sir Warrior, Oriental Brothers, Ikem Mazeli.","One of the greatest music writers and producers of this music is Chief Stephen Osita Ósadebe who has been working for over 40 years. Osadebe's music includes many famous songs including the song ""Ososande Owendi"" in 1984, which took him to the world stage as the first person to start Igbo highlife. He said that he played the guitar of Oliver De Coque, who is ""included as one of the most famous people and the leader of the famous modern music."" Coque is responsible for the construction of Igbo highlife. Monkey"", ""Nnukwu Mmanwu"" and ""Identity"", all of them were successful in the 1980s. Other actors in the past in this genre who contributed greatly to its development are, Ali Chukwuma, , Sir Warrior, , Nico Mbarga, Oriental Brothers, Isaac Rogana Ottah, Ikem Mazeli.",supports,supports,supports,True,supports,igbo,supports,supports,True,True,correct_to_correct
afrifact_data_culture_igbo_768,igbo,Ego mmefu na ego mbite Gọọmentị na-arị elu mana akpaego gọọmentị erubeghi ihe ihe o kwesịrị kemgbe afọ 2025. Nke a egbochighi onyeisiala Naịjirịa ikele ụlọọrụ na-elekọta ụgwọ ụtụ maka iwulite ọnọọgụgụ ndị na-atụ ụtụ.,"Mmefu ego gọọmentị na ịkwụghachi ego mbite na-arị elu mana ego dị n'akpaego obodo ejirila pasentị 45 ghara iru ihe o kwesiri kemgbe afọ 2015. N'agbanyeghi nke a, onyeisiala Naịjirịa ebunyela ụlọọrụ na-elekọta ụgwọ ụtụ isi ukpa ekele maka iwulite ọnụ ọgụgụ ndị na-akwụ ụgwọ ụtụ isi kemgbe afọ 2015.",supports,nei,nei,False,igbo,Government spending and borrowing are increasing but the government's budget has not reached what it should have since the year 2025. This has not stopped the president of Nigeria from thanking the tax administration for building up the number of tax payers.,"Government spending and loan repayments are on the rise but the money in the public treasury has been 45 percent short of what it should have been since 2015. Despite this, the president of Nigeria has commissioned a company to manage tax payments thanks to the increase in the number of tax payers since 2015.",supports,nei,nei,False,supports,igbo,nei,nei,False,False,wrong_to_wrong
afrifact_data_culture_igbo_214,igbo,Okigbo bi ndụ ya niile n'ọdụ ahịa.,Okigbo ji afọ ndụ ya niile na-agagharị na ọdụ.,supports,nei,nei,False,igbo,Okigbo lived his whole life in the market.,Okigbo spent all his life moving around the station.,supports,refutes,refutes,False,supports,igbo,nei,refutes,False,False,wrong_to_wrong
afrifact_data_culture_igbo_625,igbo,Henrietta Yakubu gwara ndị na-eme njem ụgbọelu ka ha na-eyichi ahụ ha nke ọma maka oyi.,"Yakubu kwuru sị ""Anyi ga-eme ọtụtụ nyocha maka ahụike, nke gụnyere igbu nje nwereike ị nọ n'akpa mmadụ. Ihe ndịa ga-ewe ọtụtụ oge nke mere na ọ dị mkpa ka ọnye ụgbọelu ya ga-apụ ihe dika elkere iri ka ọ bịa ọdọ ụgbọelu n'ihe dịka elekere asaa"". ",refutes,supports,supports,False,igbo,Henrietta Yakubu advised air travelers to dress appropriately for the cold.,"Yakubu said, ""We will do a lot of medical tests, which include killing any germs that may be in the person's pocket. This will take a lot of time so it is necessary for the pilot to leave at about 10:00 to arrive at the airport at about 7:00"".",refutes,nei,nei,False,refutes,igbo,supports,nei,False,False,wrong_to_wrong
afrifact_data_culture_hausa_012,hausa,Sojoji ne suka hamɓarar da gamnatin Shehu Shagari a shekarar 1983.,"Shehu Shagari ya zama a watan Oktoban shekara ta alif dari tara da Saba'in da tara (1979), inda yayi mulki har zuwa Disamban shekara ta alif da dari tara da tamanin da uku (1983), wanda sojoji suka kwace mulki a hunnunsa, a jagorancin . Shehu Shagari shine shugaban Najeriya da ya hau mulki ta sanadiyar zaɓe na farko.",supports,supports,supports,True,hausa,The military overthrew the Shehu Shagari government in 1983.,"Shehu Shagari took office in October 1979 (1979), where he ruled until December 1983 (1983), when the military seized power from him, under the leadership of . Shehu Shagari is the president of Nigeria who came to power through the first election.",supports,supports,supports,True,supports,hausa,supports,supports,True,True,correct_to_correct
afrifact_data_culture_yoruba_630,yoruba,"Bí a bá n sọ̀rọ̀ nípa Ìsàlẹ̀ Èkó, oríṣi afárá ńlá ńlá mẹ́tà ló ní tí ó fi já pọ̀ mọ́ mainland. Àwọn afárá wọ̀nyí ni, afárá kìíní, afárá kejì, àti afárá kẹta.","Ìsàlẹ̀ Èkó (Lagos Island) ni ó já pọ̀ mọ́ mainland ní ọ̀nà mẹ́ta pẹ̀lú àwọn afárá méta (1st-3rd mailand bridge). tí ó tóbi tó nà kọjá lórí afonífojì Èkó tí ó fi dé Èbúté Mẹ́ta. Bákan náà ni ó tún já pọ̀ mọ́ agbègbè tí ó sún mọ bíi: Ìkòyí sí Victoria Island, tó fi dé ibùdókò ọkọ̀ ojú-omi ti Àpápá tí ó dajú kọ apá ìwọ̀ Oòrùn erékùṣù náà,",supports,supports,supports,True,yoruba,"If we are talking about Lower Lagos, there are three types of big bridges that connect it to the mainland. These bridges are the first bridge, the second bridge, and the third bridge.","Lower Lagos (Lagos Island) is connected to the mainland in three ways with three bridges (1st-3rd mailand bridge). which is so big that it stretches over the Eko valley until it reaches Ebute Meta. In the same way, it connects with the nearby area such as: Ikoyi to Victoria Island, until it reaches the boat station of Apapa facing the western part of the island,",supports,supports,supports,True,supports,yoruba,supports,supports,True,True,correct_to_correct
afrifact_data_culture_yoruba_147,yoruba,Ibrahin àti Ismael gbà wọ́n sì juwọ́ jusẹ̀ fún Ọlọ́run wọn Allah.,"Lẹ́hìn èyí, tí àwọn méjèèjì sí ti gbà fún Ọlọ́hun wọn Allah tí wọ́n sì ṣe ijúwọ̀-jusẹ̀ sílè fún Ìfẹ Ọlọ́hun), tí òun (Ibrahim) sí tí tẹ́ orí ẹ́e (Ishamel) lọ sílẹ̀ (ní ààyè itébà sí iwájú); ""Báyìí náà ní Àwa sí pé òun: ""Ìwọ Ibrahim o!"" ""Ìwọọ (Ibrahin) tí ṣe gẹ́gẹ́ bí A ti fi hàn ó (ní ojúran) ní òtítọ àti ní òdodo! Báyìí náà sì ní Àwa ṣe má ń san ẹ̀san fún (gbogbo àwọn) Múhsínùn (olùṣe rere lótitọ àti l'ódodo) - Sheikh Adélabú ṣe ìtọka sí Ẹsẹ Ọrọ Ọlọ́hun nínú kúránì Orí 2:112)."" Láì kọ́ ṣe àníàní, ìdánwò nlá tí ó fi ojú hàn gbángba ní eléyìí jẹ́. Nítorí ìdí èyí ní À wa fi ṣe ìrópò (gẹ́gẹ́ bí ìràpadà) ọmọ (Ishamael) tí òun (Ibrahim) náà pẹ̀lú àgùntàn kàn bọ̀lọ̀jọ̀ (láti fi dípò ní ṣíṣe ìdúpẹ́ òòrè láti Ọ̀dọ̀ Ọlọ́hun)",supports,supports,supports,True,yoruba,Ibrahim and Ismael agreed and bowed down to their God Allah.,"After this, both of them had accepted their God Allah and had surrendered to God's Will), and he (Ibrahim) had lowered his head (Ishamel) (in the space of a palm in front); This is how We said to him: ""O Ibrahim!"" And this is how We do not reward (all those) Muhsinun (who do good and righteous) - Sheikh Adélabu refers to the Verse of the Word of God in the Qur'an Chapter 2:112). redemption) of the son (Ishamael) that he (Ibrahim) with the sheep just came (to replace it in giving thanks for the favor from God)",supports,supports,supports,True,supports,yoruba,supports,supports,True,True,correct_to_correct
afrifact_data_culture_igbo_562,igbo,Ndị Anambra East gwara ndị gọọmentị Steeti Anambra ka ha gbatara ha ọsọ enyemaka n'ihi na agụọ na mmiri adịghị ọcha na-achọ ikpochapụ ndụ ha.,Ndị mpaghara Anambra-East akwaala arịrị n'ihi enweghi ndị ọrụ ahụike n'ụlọọrụ ahụike ha dị icheiche ma rịọ ka e zitere ha ndị dọkịta ji otu afọ efe ala nna ha. Ha rịọrọ nke a site n'ọnụ onyeisioche ha bụ Orji Okafor n'emume ọpụpụ ndị ji otu afọ efe ala nna ha e zitere ebe ahụ.,nei,nei,nei,True,igbo,The people of Anambra East have called on the Anambra State government to come to their aid because the tigers and unsanitary water are threatening to wipe out their lives.,"The people of Anambra-East region have lamented the lack of medical staff in their various health facilities and requested that doctors be sent to them for a year to fly to their homeland. They requested this from their president, Orji Okafor, at the departure ceremony of those who spent a year flying to their homeland who were sent there.",nei,refutes,refutes,False,nei,igbo,nei,refutes,True,False,correct_to_wrong
afrifact_data_culture_yoruba_373,yoruba,Ìròyìn fi lélẹ̀ pé Ààrẹ Muhammadu Buhari ti dé sí Gbọ̀gàn ìdìbò,"Ko si idi meji tawọn ọmọ orilẹ-ede Naijiria fi n kan saara si Ọjọgbọn Oṣinbajo, ju awọn igbesẹ akọ to gbe lasiko to fi n dele fun aarẹ Muhammadu Buhari fun ọjọ mẹwaa to lọ lo fun isinmi laipẹ ati latẹyin wa. Amọ ṣa, gẹgẹ bii oloṣelu to wa lati ẹkun guusu orilẹ-ede Naijiria, ko daju pe Ọṣinbajo yoo lee dide dije fun ipo aarẹ lasiko idibo apapọ ọdun to n bọ, nitori ilana yan-ki-n-yan eleyi ti wọn fi le ori eto idipo-mu laarin ẹkun ariwa ati guusu orilẹ-ede naa. 'Ipaniyan ati ifiyajẹni lọna ti ko bofinmu lọwọ awọn ọlọpaa' Laipẹ yii ni Ọjọgbọn Ọṣinbajo paṣẹ atunto ikọ agbenawoju awọn adigunjale, FSARS ti o ti di atobi-maṣee-bawi bayii nitori oniruru ẹsun iwa ibajẹ ti wọn fi n kan wọn.",nei,nei,nei,True,yoruba,News reports that President Muhammadu Buhari has arrived at the Election Hall,"There are no two reasons why Nigerians are so angry with Professor Oşinbajo, than the steps he took during his visit to President Muhammadu Buhari for the last ten days he spent on vacation recently and after us. Amso, like a politician from the southern part of Nigeria, is not sure that Osinbajo will be able to compete for the position of president during next year's general election, because of the pick-and-pick process that they put on the system of representation between the north and south of the country. 'Unlawful killing and punishment by the police' Recently, Professor Osinbajo ordered the reorganization of the armed forces of robbers, FSARS, which has now become too big because of the various accusations of corruption against them.",nei,nei,nei,True,nei,yoruba,nei,nei,True,True,correct_to_correct
afrifact_data_culture_yoruba_501,yoruba,"Sheik Muideen Ajani Bello ló wàásù níbí ìsìnkú Ajimobi, tí ó sì gbóríyìn fún Ajimobi gẹ́gẹ́ bí ẹni tí ó bẹ̀rù Ọlọ́run, tí ó sì rọ gbogbo ènìyàn láti ronúpìwàdà, bẹ́ẹ̀ sì ni ó gbàdúrà pé kí Ọlọ́run san án fun gẹ́gẹ́ bí iṣẹ́ ọwọ́ rẹ̀.","Bakan naa, Sheik Muideen Ajani Bello, tii se oniwaasi agbaye to se waasi nibi akanse eto adura naa ni ijoko adura naa ti to fun waasi nikan. Bello ni ""ọpọ awọn fọnran aworan ti Ajimobi ti sọrọ silẹ nigba aye rẹ fihan pe, oloogbe naa kii se eeyan lasan, wolii Ọlọrun ni. Gbogbo ohun ti kaluku wa ba n se ni ka yipada, abi, ta a ni sọ."" O wa gbadura pe ki Ọlọrun kẹ Ajimọbi, ko gẹ ẹ, ko si san gbogbo laada to yẹ ko duro jẹ fun ninu saare. ""Iya ni ọpọ eeyan ti ko yin Ajimobi loju aye rẹ, amọ ti wọn n yin lẹyin to ku tan yoo jẹ niwaju Ọlọrun, nitori igba to wa laye lo yẹ ki wsn sọ daada nipa rẹ.""",supports,supports,supports,True,yoruba,"Sheik Muideen Ajani Bello preached at Ajimobi's funeral, and praised Ajimobi as a God-fearing person, and urged everyone to repent, and prayed that God would reward him according to his handiwork.","Similarly, Sheik Muideen Ajani Bello, who is the world's leading preacher who preached at the prayer program project, has only given a sermon at the prayer seat. Bello said ""many pictures of Ajimobi who spoke during his life show that the deceased is not just a person, he is a prophet of God. Everything that each one of us is doing will change, or not, who will say."" He came and prayed that God would forgive Ajimobi, not punish him, and not pay all the compensation that he should not wait for in saare. ""Mother, there are many people who did not praise Ajimobi in his life, but those who praise him after his death will be before God, because while he is alive, they should speak well of him.""",supports,nei,nei,False,supports,yoruba,supports,nei,True,False,correct_to_wrong
afrifact_data_culture_yoruba_672,yoruba,Ìpínlẹ̀ Èkìtì tí ó wà ní apá ìwọ̀ oòrùn jẹ́ ìdásílẹ̀ pẹ̀lú àwọn ìpínlẹ̀ tuntun márùn-ún mìíràn.,"Ìpínlẹ̀ Èkìtì jẹ́ ní apá ìwọ̀ oòrùn tí ó jẹ́ dídásílẹ̀ ní ọjọ́ kìíní oṣù ọwàwà, pẹ̀lú àwọn ìpínlẹ̀ tuntun márùn-rún mìíràn látọwọ́ ọ̀gágun . Èkìtì ti jẹ́ ìpínlẹ̀ olómìnira kí àwọn òyìnbó tó dé.",supports,supports,supports,True,yoruba,The western state of Ekiti was created along with five other new states.,"Ekiti State is in the western part which was established on the first day of the month of Owawa, along with five hundred other new states by the general. Ekiti had been an independent state before the arrival of the Africans.",supports,refutes,refutes,False,supports,yoruba,supports,refutes,True,False,correct_to_wrong
afrifact_data_culture_yoruba_490,yoruba,Alaga Hajj ni Naijiria ni inú wọn kò dùn sí bí Hajj kò ṣe ní wáyé ní ọdún 2020.,"Boko Haram da ìbọn bo ọkọ̀ gómìnà Borno, ẹ̀ṣọ́ àláàbò rẹ̀ farapa Ijọba ipinlẹ Borno ti fi idi rẹ mulẹ pe, lootọ l'awọn agbebọn Boko Haram kọlu awọn ọkọ to n kọwọrin pẹlu gomina ipinlẹ naa, Babagana Zullum ni Ọjọru. Agbẹnusọ fun gomina naa, Mallam Isa Gusau ṣalaye pe, ori ko gomina Zullum yọ lai farapa ṣugbọn diẹ lara awọn to baa rin, to fi kan awọn ẹṣọ alaabo, fara ṣeṣe. Isa fi kun un pe, ilu Baga ni gomina naa n lọ nigba ti ikọlu naa waye. Bawo lo ṣe ṣẹlẹ? Ni Ọjọru ni iṣẹlẹ yii waye ni nnkan bii agogo mẹrin irọlẹ lasiko ti gomina naa fẹ wọ ilu Baga l'awọn agbọn naa ba ṣina ibọn bolẹ. Awọn ẹṣọ alaabo to wa pẹlu rẹ naa daa ina ibọn bolẹ.",nei,nei,nei,True,yoruba,The chairman of Hajj in Nigeria is not happy that Hajj will not take place in 2020.,"Boko Haram opened fire on the Borno governor's vehicle, his security guard was injured The Borno state government has confirmed that, indeed, Boko Haram gunmen attacked the vehicles carrying the governor of the state, Babagana Zullum on Wednesday. The spokesperson for the governor, Mallam Isa Gusau explained that, the governor of Zullum did not escape without injury but some of those who walked, touching the disabled guards, took care. Isa added that the governor was going to Baga when the attack took place. How did it happen? On Wednesday, this incident happened at about 4 o'clock in the evening when the governor was about to enter Baga town and the gangsters opened fire. The disabled guards who were with him also returned fire.",nei,nei,nei,True,nei,yoruba,nei,nei,True,True,correct_to_correct
afrifact_data_culture_yoruba_249,yoruba,Ilé ìwé Girama Badagry Grammar School ni wọ́n ti ṣe ayẹyẹ Àgbádá-rìgì tó kọjá.,"Àjọ̀dún tí wọ́n ṣe kẹ́yìn wáyé nínú ọgb̀a ilé ìwẹ́ girama ìlú náà ìyẹn (Badagry Grammar School), Badagry, , Nàìjíríà. Ìtàn òwò ẹrú nílu Àgbádá-rìgì [ | ] Orúkọ tí ìlú náà ń jẹ́ lónìí (Badagry) ni wọ́n fà yọ láti inú iṣẹ́ àwọn ènìyàn ìlú náà. Lára iṣẹ́ náà ni: iyọ̀ ṣíṣe, ẹja pípa, iṣẹ́ àgbẹ̀. Bákan náà, àwọn mìíràn gbà wípé ìlú náà ni wọ́n fi sọrí ẹnìkan tí ó ń jẹ́ Agbedeh, ẹni tị ó jẹ́ gbajú-gbajà àgbẹ̀ nílu náà tí orúkọ oko rẹ̀ ń jẹ́ Àgbádá-rìgì, tí àwọn Èèbó amúnisìn padà yí sí (Badagry).",supports,supports,supports,True,yoruba,Badagry Grammar School has been celebrating the last Aggada-rigi.,"The last celebration took place in the garden of the town's Grammar School (Badagry Grammar School), Badagry, , Nigeria. The story of the slave trade in Agbadá-rigì [ | ] The name of the city today (Badagry) was taken from the work of the people of the city. Among the jobs are: making salt, fishing, farming. Also, others believe that the town was named after a person named Agbedeh, who was a famous farmer in the town whose farm was called Agbada-rigi, which the colonialists changed to (Badagry).",supports,nei,nei,False,supports,yoruba,supports,nei,True,False,correct_to_wrong
afrifact_data_culture_hausa_426,hausa,Sheikh Qaribullah ya auri mata biyu yana da shekaru ashirin da biyu.,"Kuma haka rayuwa ta kasance a gare shi har ya kai ga ,kuma abin mamaki, ya auri mata biyu yana da shekaru ashirin da biyu a 1982. Kamar yadda ba a saba gani ba, da ban mamaki, ko da yake halal ne,kamar daura auren mata biyu a lokaci guda - a wani lokaci, sun yi zaman jituwa tare, na wani lokaci kafin shi, Sheikh Qareebullah, ya yi auren mata fiye da ɗaya na gaske. Wannan aure (salon auren mata fiye da daya ),ba kamar yadda yake ba, sai da ya haifa masa ‘ya’ya goma sha tara.",supports,nei,nei,False,hausa,Sheikh Qaribullah married two women at the age of twenty-two.,"And that's how life was for him until, surprisingly, he married two women at the age of twenty-two in 1982. As unusual, and strange, although it is halal, like marrying two women at the same time - at one time, they lived together, for some time before he, Sheikh Qareebullah, married more than one real wife. This marriage (the style of marrying more than one wife), not as it was, had to give birth to nineteen children.",supports,supports,supports,True,supports,hausa,nei,supports,False,True,wrong_to_correct
afrifact_data_culture_yoruba_018,yoruba,Ọ̀kan nínú àwọn nǹkan tí ó wọ́pọ̀ nínú àwùjọ àwọn elédè Spanish àti ẹ̀sìn àwọn Cuban ni Aganjú.,"Aganjú tàbí Aganyú ni òdò awon elédèè Spanish ni wón ń pè ní . Wón gbà pé ó ń ṣíṣe pọ̀ pẹ̀lú nínú Ẹsin ti àwọn Cuban, èyí tí wọ́n ń pè ní Santería. Wọ́n gbàgbọ́ pé Aganjú ni àjọṣe pẹ̀lú Òrìsà ṣàǹgó. Gẹ́gẹ́ bí Ọba ní Ọ̀yọ́ rí, Aganju jẹ́ ọmọ Ẹ̀gbọ́n Ṣàǹgó tí orúkọ rẹ̀ ń jẹ́ Àjàká. Èyí tí ó jẹ́ pé àwọn méjèèjì tí fi ìgbà kan jẹ́ Ọba ìlú Ọ̀yọ́ rí tí wọ́n ti ìpàṣẹ rẹ̀ di Òrìṣà tí wọ́n ń bọ.",supports,supports,supports,True,yoruba,One of the common things in the Spanish speaking community and Cuban religion is Aganju.,"Aganju or Aganyú is the river of the Spanish natives. They believe that he is working together in the Religion of the Cuban people, which they call Santería. They believe that Aganju is related to the Goddess Aganju. As the King in Oyo, Aganju is the son of Shango's uncle whose name is Ajaka. Which is that the two who were once the King of the city of Oyo have become the future Gods at his command.",supports,supports,supports,True,supports,yoruba,supports,supports,True,True,correct_to_correct
afrifact_data_culture_yoruba_607,yoruba,Láàárín àwọn etíkun mẹ́ta ni Ìlú Badagry wà.,Oṣìnlokùn àti àwọn alátìlẹyìn rẹ̀ dúró gẹ́gẹ́ bí i lòdì sí ìjọba Àdèlé. Èyí fà á kí òpin wá sí ìjọba Àdèlé ní 1819 nípasẹ̀ ẹ̀gbọ́n rẹ̀ Oṣìnlokùn. Ìṣẹ̀lẹ̀ yìí náà ni ó fà á kí Àdèlé sí kúrò ní Èkó lọ sí Badagry tí ó sì jẹ gẹ́gẹ́ bí olórí níbẹ̀.,nei,nei,nei,True,yoruba,Badagry City is located between three beaches.,Oshinlokhun and his supporters are standing like him against Adéle's government. This led to the end of Adéle's reign in 1819 by his brother Oşinlokun. It was this incident that caused Adéle to leave Lagos to Badagry where he was the chief.,nei,nei,nei,True,nei,yoruba,nei,nei,True,True,correct_to_correct
afrifact_data_culture_igbo_117,igbo,Ọchịchị ime obodo a akaghị ịdị ire ma ọ bụrụ na ọ nweghị obodo mebere ya.,"Obodo ndị mebere ọchịchị ime obodo bụ Akwu-Ukwu, Alor, Awka-Etiti, Ojoto, Nnokwa, Oba na Nnobi.",nei,refutes,refutes,False,igbo,This local government is not good if there is no local government.,"The communities that make up the local government are Akwu-Ukwu, Alor, Awka-Etiti, Ojoto, Nnokwa, Oba and Nnobi.",nei,nei,nei,True,nei,igbo,refutes,nei,False,True,wrong_to_correct
afrifact_data_culture_igbo_069,igbo,Ala Igbo bụ sọ mma.,"A mụrụ Osadebe na March 17, 1936, n'obodo Igbo dị na Atani na ndịda ọwụwa anyanwụ Naijiria.",nei,nei,nei,True,igbo,Igbo land is also beautiful.,"Osadebe was born on March 17, 1936, in the Igbo town of Atani in South East Nigeria.",nei,nei,nei,True,nei,igbo,nei,nei,True,True,correct_to_correct
afrifact_data_culture_igbo_503,igbo,"Ogwashi Uku dị na mpaghara Anaocha nke Anambara steeti ma nwee ihe erughị mmadụ puku iri ise, narị abụọ na iri atọ na anọ.","Ogwashi Uku , bụ obodo Igbo na . Ọ dị na ọdịda anyanwụ nke isi obodo steeti, Asaba ma bụrụ isi ụlọ ọrụ gọọmentị ime obodo, Aniocha South . Ndị bi na Ọgwashi-Ukwu dị ihe dị ka puku iri ise, narị abụọ na iri atọ na anọ. Ọnụ ọgụgụ ya abawanyela nke ukwuu. Ọ bụ na mpaghara Anioma nke Delta steeti, ndị na-asụ Igbo na ndị obodo ya bụ ndị Enuani . ",refutes,refutes,refutes,True,igbo,"Ogwashi Uku is located in Anaocha District of Anambara State and has less than 50,234 people.","Ogwashi Uku, is an Igbo town in . It is located west of the state capital, Asaba and is the headquarters of the local government, Aniocha South. The population of Ogwashi-Ukwu is about 50,234. Its numbers have increased dramatically. It is in the Anioma area of ​​Delta state, the people who speak Igbo and its people are the Enuani people.",refutes,refutes,refutes,True,refutes,igbo,refutes,refutes,True,True,correct_to_correct
afrifact_data_culture_igbo_488,igbo,N'ụlọ ọba ego ka Peter Obi na-arụ ọrụ tupu ọ banye na ndọrọ ndọrọ ọchịchị,Obi bụ onyeisi oche nke Fidelity Bank tupu ọ hapụ ọnọdụ ahụ ịbanye na ndọrọ ndọrọ ọchịchị.,supports,nei,nei,False,igbo,Peter Obi used to work in a financial institution before entering politics,Obi was the chairman of Fidelity Bank before he left that position to enter politics.,supports,supports,supports,True,supports,igbo,nei,supports,False,True,wrong_to_correct
afrifact_data_culture_hausa_005,hausa,Muhammadu Buhari ya yi mulkin Nigeria a matsayin shugaban kasa na farar hula daga shekara 2015 zuwa shekarar 2023.,"Muhammadu Buhari (17 Disamba 1942 – 13 Yuli 2025) ne wanda ya yi mulkin ƙasar a matsayin daga 2015 zuwa 2023. Soja ne mai matsayi na majo janar a , kuma ya shugabanci ƙasar a matsayin daga 31 Disamba 1983 zuwa 27 Agusta 1985. Buhari ya tsaya takarar shugaban ƙasa a Najeriya a ƙarƙashin jam’iyyar a zaɓen shugaban ƙasa na 2003 da na 2007, sannan kuma a ƙarƙashin jam’iyyar Congress for Progressive Change (CPC) a zaɓen shugaban ƙasa na 2011",supports,supports,supports,True,hausa,Muhammadu Buhari ruled Nigeria as a civilian president from 2015 to 2023.,"Muhammadu Buhari (17 December 1942 – 13 July 2025) is the one who ruled the country from 2015 to 2023. He is a soldier with the rank of major general, and he led the country from 31 December 1983 to 27 August 1985. Buhari ran for the presidency of Nigeria under the party in the 2003 and 2007 presidential elections, and then under the Congress for Progressive Change (CPC) party in the 2011 presidential election",supports,supports,supports,True,supports,hausa,supports,supports,True,True,correct_to_correct
afrifact_data_culture_igbo_156,igbo,Ndị Ideato South bụ ndị na-emepụta ihe a na-ere ere na nke a na-eri eri,Ndị Ideato South bụ ndị ọrụ ugbo na-emepụta ihe ụgbọ a na-ere ere nakwa nke a na-eri eri.,supports,nei,nei,False,igbo,Ideato South is a producer of marketable and edible products,The people of Ideato South are farmers who produce things that can be sold and eaten.,supports,supports,supports,True,supports,igbo,nei,supports,False,True,wrong_to_correct
afrifact_data_culture_yoruba_333,yoruba,"Ìgbẹ̀mí ara-ẹni pọ̀ gidi gan-an ní orílẹ̀-èdè Amẹ́ríkà, ìwádìí sì fi lélẹ̀ pé èyí wọ́pọ̀ láàárín àwọn ènìyàn tó ti fìgbà kan ni àìsàn ọpọlọ.","Bakan naa, ibudo orilẹede Amẹrika to n boju to itju aisan na ni akọsilẹ to sọ pe ẹgbẹrun mẹtadinlaadọta eeyan lo gba ẹmi ara wọn nilẹ amẹrika lọdun 2017 eyi si ni ohun to n ṣokunfa iku awọn ara Amẹrika larin ọdun mẹwaa si mẹrinlelọgbọn. Gbigba ẹmi ara ẹni lee nidi ṣugbọn o maa ni ibaṣepọ to nipọn pẹlu ilera ọpọlọ paapaa iporuru kan. ""Ida aadọrun awọn to gbẹmi ara wọn lo ti ni itan aisan to ni ṣe pẹlu ọpọlọ ri tabi iṣoro fifi ipa mu ni lasiko iku wọn Ohun ti awọn Bridgewath Angels n se ni lati dena gbigba ẹmi ara ẹni.",supports,supports,supports,True,yoruba,"Suicide is very high in the United States, and research shows that this is common among people who have had a history of mental illness.","Similarly, the American National Center for Disease Control has a document that says that fifty-seven thousand people took their own lives in the United States in 2017 and this is the reason for the death of Americans between ten and thirty-four years. Self-harm can be difficult but often has a strong relationship with mental health, even a disorder. ""Ninety percent of people who take their own lives have a history of mental illness or a problem with stress at the time of their death. What the Bridgewath Angels are doing is to prevent suicide.",supports,supports,supports,True,supports,yoruba,supports,supports,True,True,correct_to_correct
afrifact_data_culture_yoruba_638,yoruba,"Síbẹ̀, ìgbàgbọ́ wọn nípa Jésù ò yàtọ̀ síra nítorí gbogbo wọn ló gbà pé olùgbàlà ni Jésù.",Onírúurú ìjọ onìgbàgbọ́ ló ní orísìírísìí ìtumọ̀ fún bibeli torí ìdí eyi onírúrú ìlànà èsìn ni ìjọ kọ̀ọ̀kan ní. Àtí pé ìgbàgbọ wọn nípa ohun tí Jésù jẹ́ yàtọ̀ díèdíẹ̀ síbèsíbè gbogbo wọn gbà pé olùgbàlà ni Jésù.,refutes,refutes,refutes,True,yoruba,"However, their beliefs about Jesus are not different because they all believe that Jesus is the savior.","Different religious congregations have different interpretations of the Bible because of this, each congregation has different religious principles. And their beliefs about what Jesus is are slightly different as they all agree that Jesus is the savior.",refutes,refutes,refutes,True,refutes,yoruba,refutes,refutes,True,True,correct_to_correct
afrifact_data_culture_yoruba_296,yoruba,"Ìjọba ìpínlẹ̀ Ọ̀yọ́ rán àwọn ọlọ́pàá sí agbègbè tí àwọn ọmọ onílẹ̀ ti ń ṣọṣẹ́ yìí, tí wọ́n sì kó àwọn jàǹdùkú náà lọ sí àgọ́ ọlọ́pàá lá ti fi wọ́n sí àtìmọ́lẹ́. ","Awọn ara adugbo naa ti wa rọ ijọba ipinlẹ Ọyọ lati tete da si ọrọ naa tori kii se igba akọkọ ree ti awọn ọmọ onilẹ yoo wa maa dun mahuru-mahuru mọ wọn lori ilẹ ti wọn ti ra lati ọdun gbọọrọ. Gẹgẹ bi iroyin naa ti wi, nigba ti BBC Yoruba kan si agbẹnusọ fun ileesẹ ọlọpa nipinlẹ Ọyọ, Olugbenga Fadeyi lati gbọ tẹnu rẹ, o ni ka pe oun pada laipẹ.",nei,nei,nei,True,yoruba,"The Oyo state government sent the police to the area where the natives were working, and they took the rioters to the police station and put them in custody.","The people of the neighborhood have come to urge the Oyo state government to quickly intervene in the matter because it is not the first time that the children of the land will come and play mahuru-mahuru against them on the land they have bought for years. According to the report, when BBC Yoruba contacted the spokesperson for the police station in Oyo state, Olugbenga Fadeyi to hear his insistence, he said that he returned soon.",nei,nei,nei,True,nei,yoruba,nei,nei,True,True,correct_to_correct
afrifact_data_culture_hausa_786,hausa,Mista Jonathan ya zargin Obama da David Cameron da yunƙurin kifar da gwamnatinsa.,"Mista Jonathan ya ce ba anan kadai Amurka ta tsaya ba wajen yunkurin kifar da gwamnatinsa, har ta kai Shugaba Obama ya shawo kan firaministan Burtaniya David Cameron ya mara masa baya duk da kyakkyawar dangantakar da ke tsakanin Jonathan da Cameron",supports,nei,nei,False,hausa,Mr. Jonathan accused Obama and David Cameron of trying to overthrow his government.,"Mr. Jonathan said that the United States did not stop here in the attempt to overthrow his government, it took President Obama to convince British Prime Minister David Cameron to support him despite the good relationship between Jonathan and Cameron.",supports,nei,nei,False,supports,hausa,nei,nei,False,False,wrong_to_wrong
afrifact_data_culture_yoruba_092,yoruba,"Jọ̀lọ́ọ̀fù jẹ́ oúnjẹ kan tí kò nílò iyọ̀, magí, kọrí tàbí táìmù láti sè é."," Àwọn èròjà [ | ] Jollof rice with fish, plantains, cucumber, and tomatoes. Ìrẹsì jọ̀lọ́fu jẹ́ àpapọ̀ ìrẹsì, òróró, ẹfọ bíi tòmáatì, Àlùbósà,ata rodo, Ata ilé, Aáyù, ata ṣœm̀bọ̀. Láti lè jẹ́ kí ô pọ́n-ọ́n, wọn á má fí tòmáatì sí. Bákan náà ní wọn á máa fí awọn èròjà dídùn bíi, iyọ̀, magí, àwọn spices mìíràn bí curry, àti táàmù lati tún bọ̀ jẹ́ kì ó ta sán sán.",refutes,refutes,refutes,True,yoruba,"Jollofu is a food that does not need salt, magi, curry or time to cook it.","Ingredients [ | ] Jollof rice with fish, plantains, cucumber, and tomatoes. Rice is a combination of rice, oil, vegetables such as tomatoes, onions, red peppers, chilies, and chilies. In order to make it ripe, they will not add tomatoes. They will also add sweet ingredients such as salt, maggi, other spices such as curry, and talam to keep it from burning.",refutes,refutes,refutes,True,refutes,yoruba,refutes,refutes,True,True,correct_to_correct
afrifact_data_culture_yoruba_429,yoruba,Sanusi ṣàlàyé pé Ọlọ́run ti kọ ọ́ wí pé òun yóò jẹ́ Ọba Kano bẹ́ẹ̀ náà sì ni àkọsílẹ̀ wà wí pé wọn yóò yọ òun.,"Èyí ni fídíò bí wọ́n ṣe fi bàálù gbé Emir Sanusi kúrò ní ìpínlẹ̀ Nasarawa Iroyin kan to tẹwa lọwọ sọ pe wọn ti gbe Emir ilu Kano tẹlẹ, Sanusi Lamido Sanusi kuro ni ipinlẹ Nasarawa lọ si ibi ti ẹnikẹni ko mọ. Iroyin naa sọ pe baalu ayara fefe ẹlikọpita ni wọn fi gbe kuro ni abule Loko ti wọn fi pamọ si lati ọjọ Aje. Wọ́n ti gbé Emir Kano tẹ́lẹ̀, Sanusi Lamido kúrò ní Nasarawa lọ síbi tẹ́nìkan kò mọ̀ Ọjọ Aje ni gomina ipinlẹ Kano rọ Emir Sanusi l'oye, ti wọn si tun le kuro nilu Kano lọ si Nasarawa. Ao ma a mu wa fun yin bi nkan ba tun ṣe n lọ. Sanusi ní òun ti gba kádàrá ṣùgbọ́n agbẹjọ́rò rẹ̀ ní àwọn ṣì lè gba ilé ẹjọ́ lọ Emir ana ilu Kano Sanusi Lamido Sanusi ni oun ti gba kadara iyọnipo to ṣẹlẹ si oun gẹgẹ bi amuwa lati ọdọ Ọlọrun. Sanusi fi ọrọ yi sita ninu fọnran fidio kan to ṣe ki o to fi afin rẹ nilu Kano silẹ lọjọ Aje. Ninu fidio naa Sanusi sọ ni ede Hausa pe ''Ọlọrun ti kọ wi pe oun yoo jẹ́ ọba Kano bẹẹ naa si ni akọsilẹ wa wi pe wọn yoo yọ oun.'' O ni ''Inu mi dun mo si dupẹ.Mo ki ẹnikẹni ti wọn ba gbe oye naa fun ku orire.",supports,supports,supports,True,yoruba,Sanusi explained that God has written him that he will be the King of Kano and there is also a record that they will remove him.,"This is the video of how the Emir Sanusi was airlifted from Nasarawa state. A report that is circulating says that they have airlifted the former Emir of Kano, Sanusi Lamido Sanusi from Nasarawa state to a place that no one knows. The report said that they were taken away from Loko village in a high-speed helicopter, where they had been hiding since Monday. They have moved the Emir of Kano, Sanusi Lamido from Nasarawa to a place he does not know. On Monday, the governor of Kano state urged the Emir Sanusi to understand, and he was also expelled from Kano to Nasarawa. We will bring it to you if something goes wrong. Sanusi said that he has accepted his destiny but his lawyer said that they can still go to court. Sanusi made this statement in a video he made before leaving his prison in Kano on Monday. In the video, Sanusi said in Hausa language that ""God has written that he will be the king of Kano and also in our note that they will remove him.""",supports,supports,supports,True,supports,yoruba,supports,supports,True,True,correct_to_correct
afrifact_data_culture_igbo_096,igbo,"Osikapa bụ otu nri ga-abụ ihe kọgodu gị elu kọọ gị ala, i gote ya, ị ga-atụkwasịnwu ya ihe ọbụla were rie ya.","Osikapa bụ otu nri ọ na-abụ ego kọgodu gị elu kọọ gị ala, e nwee etu i si hụ obere ego jiri gote ya, ị ga-atụkwasịnwu ya ihe ọbụla were rie ya.",supports,supports,supports,True,igbo,"Rice is one food that will make you happy, you will eat it, you will add anything to it and eat it.","Rice is one of the foods that cost you money, no matter how much money you spend on it, you have to add anything to it and eat it.",supports,refutes,refutes,False,supports,igbo,supports,refutes,True,False,correct_to_wrong
afrifact_data_culture_hausa_199,hausa,Zuwan turawan mulkin mallaka ya taimaka wurin musuluntar sarakunan gargajiya na Kano.,"Bayan zuwan Musulunci a ƙarni na 14 zuwa 15, muhimmancin Dutsen Dala wajen bauta ya ragu, domin sarakunan Kano suka rungumi Musulunci.",refutes,nei,nei,False,hausa,The arrival of the British colonialists helped convert the traditional rulers of Kano to Islam.,"After the arrival of Islam in the 14th and 15th centuries, the importance of Mount Dala in worship decreased, because the rulers of Kano embraced Islam.",refutes,nei,nei,False,refutes,hausa,nei,nei,False,False,wrong_to_wrong
afrifact_data_culture_igbo_531,igbo,Ndị niile jigoro ọkwa onye isi ọrụ ndị Amị (COAS) nke Naịjirịa na ndị ezinụlọ ha na-aga ala bekee ga biri.,"Azụbụike Ihejirika, CFR (Amụrụ Febuwarị 13, 1956) bụ onye gara ezumike nká Amị Naịjirịa, onyeisi jenaral na onye bụbu Onye isi ọrụ Amị.",nei,nei,nei,True,igbo,All those who have held the position of Chief of Staff (COAS) of Nigeria and their families are going to England.,"Akshubukike Ihejirika, CFR (Born February 13, 1956) is a retired Ami Nigeria, president general and former Director General of Ami.",nei,nei,nei,True,nei,igbo,nei,nei,True,True,correct_to_correct
afrifact_data_culture_igbo_253,igbo,"Nwankwo Kanu abụghị onye nwe igwe onyonyo nke Kanu Sports, ụlọ ọrụ igwe onyonyo egwuregwu Ịntanetị.","Ọ bụkwa onye nwe igwe onyonyo nke Kanu Sports, ụlọ ọrụ igwe onyonyo egwuregwu Ịntanetị.",refutes,refutes,refutes,True,igbo,"Nwankwo Kanu is not the owner of Kanu Sports TV, an Internet sports TV company.","He is also the owner of Kanu Sports Television, an Internet sports television company.",refutes,refutes,refutes,True,refutes,igbo,refutes,refutes,True,True,correct_to_correct
afrifact_data_culture_yoruba_703,yoruba,Orílẹ̀-èdè Nàìjíríà jẹ́ mímọ̀ fún àwọn àṣà ní mèremère.,"Nàìjíríà bẹ̀rẹ̀ sí ní lọ owó náírà ní ọjọ́ kìíní oṣù kìíní ọdún 1973, wọ́n pààrọ̀ owó tí Nàìjíríà ń lò tẹ́lẹ̀. Owó yìí ni Pọ́nhùn kan(£1) tí a ṣe sí náírà meji.",nei,nei,nei,True,yoruba,Nigeria is known for its rich traditions.,"Nigeria began to use the naira on the first day of the first month of 1973, they replaced the money that Nigeria was using before. This money is a Ponhun (£1) made into two naira.",nei,nei,nei,True,nei,yoruba,nei,nei,True,True,correct_to_correct
afrifact_data_culture_hausa_010,hausa,An haifi shehu Shagari a watan Mayu na shekarar 1960.,"An haife shi a ranar ashirin da biyar 25 ga watan Fabrairu, shekara ta alif ɗari tara da ashirin da biyar 1925 a garin , (a yau ) , ya kuma rasu ne a ranar ashirin da takwas 28 ga watan Disamba, shekara ta dubu biyu da sha takwas 2018 bayan jinya da gajeriyar rashin lafiya da yayi a wani asibiti dake",refutes,nei,nei,False,hausa,Sheikh Shagari was born in May 1960.,"He was born on February 25, 1925 in the town of (today) and died on December 28, 2018 after a short illness in a hospital.",refutes,refutes,refutes,True,refutes,hausa,nei,refutes,False,True,wrong_to_correct
afrifact_data_culture_yoruba_564,yoruba,"Ní ọdún 2006, àpapọ̀ iye enìyàn tó wà ní Àgbádárìgì jẹ́ 241,093 gẹ́gẹ́ bí ètò ìkànìyàn.","Gẹ́gẹ́bí àkọsílẹ̀ ètò ìkànìyàn ọdún 2006, àpapọ̀ iye enìyàn tó wà ní Àgbádárìgì jẹ́ 241,093.",supports,supports,supports,True,yoruba,"In 2006, the total number of people in Agbadarigi was 241,093 according to the census system.","According to the 2006 census, the total number of people in Agbadarigi is 241,093.",supports,supports,supports,True,supports,yoruba,supports,supports,True,True,correct_to_correct
afrifact_data_culture_yoruba_272,yoruba,Iṣẹ́ ẹrú ni Abass Williams ṣe títí tó fi kú láìní àkójọ kankan.,"Agbegbe Ọfin ni isalẹ Eko nilu Eko ni William Abass tẹdo si nigba to ti orilẹede Portugal de, ti ọpọ arọmọdọmọ rẹ to wa nisalẹ Eko lonii si n jẹ Williams, nigba tawọn miran pa orukọ mejeeji pọ, William Abass. Lẹyin naa lo tun lọ tẹdo silu Badagry laarin ọdun 1830, nibiti owo ẹru ti gbilẹ, to si mọ ilu naa bii atẹlẹwọ rẹ nitori o sunmọ ilu Porto Novo to ti se ẹru tẹlẹ. William Abass n sisẹ owo ẹru lọ pẹlu ọga rẹ ni Brazil, to si n fi ọpọ ẹrun ransẹ si onitọun, ti oun naa si n ni owo ati ọrọ lati ipasẹ okoowo ẹru naa. Pẹlu atilẹyin ọga rẹ, William Abass kọ ibudo nla kan silu Badagry ti wọn pe ni Brazillian Barracoon eyi ti wọn kọkọ fi ọparun kọ lọdun 1840.",refutes,nei,nei,False,yoruba,Abass Williams worked as a slave until he died penniless.,"Ofin area below Lagos in Lagos was occupied by William Abass when he came to Portugal, and many of his descendants below Lagos today are called Williams, while others combine the two names, William Abass. After that, he went to occupy Badagry between 1830, where the slave trade flourished, and he knew the city like a friend because it was close to the city of Porto Novo, where he had already traded. William Abass is making cargo money with his boss in Brazil, and he is sending a lot of cargo to the owner, and he is also getting money and wealth from the cargo business. With the support of his boss, William Abass built a large port in Badagry called Brazillian Barracoon which was first built with a flag in 1840.",refutes,refutes,refutes,True,refutes,yoruba,nei,refutes,False,True,wrong_to_correct
afrifact_data_culture_igbo_151,igbo,Ndị Ideato South abụghịkwa ndị ahịa.,Ha bụkwa ndị ahịa.,refutes,nei,nei,False,igbo,Ideato South is also not a marketer.,They are also customers.,refutes,nei,nei,False,refutes,igbo,nei,nei,False,False,wrong_to_wrong
afrifact_data_culture_igbo_702,igbo,Ndị omeiwu Naịjirịa kwadoro onyeisiala bụ Buhari ibite egoijeri dọla iri abụọ na abụọ na ụma asaa.,Akụkọ ndị dị mkpa taa: Ndị ụlọomeiwu etinyela aka n'akwụkwọ ịkwado ka onyeisiala Buhari bite ego dị ijeri dọla iri abụọ na abụọ na ụma asaa. Ha mere nke a n'ụbọchị Tọzde na ngwụcha nrụrịtaụka dapụtara n'etiti ha banyere ego ahụ.,supports,supports,supports,True,igbo,The Nigerian Parliament has approved President Buhari's spending of 22.7 billion dollars.,Today's important news: Members of Parliament have signed a bill to approve President Buhari's budget of 22.7 billion dollars. They did this on Thursday at the end of a dispute between them about the money.,supports,supports,supports,True,supports,igbo,supports,supports,True,True,correct_to_correct
afrifact_data_culture_hausa_251,hausa,Masanin tarihin abinci da aikin gona James C. McCann ya ba da shawarar cewa tasa shinkafar ta yaɗu tare da masarautar Mali,"Masanin tarihin abinci da aikin gona James C. McCann yayi la'akari da wannan ikirarin mai yiwuwa idan aka yi la’akari da shaharar shinkafa a cikin kwarin Niger ta sama, amma yana ganin ba zai yuwu tasa ta iya yaɗuwa daga Senegal zuwa inda take yanzu tunda ba a ganin irin wannan yaɗuwar a cikin “harshe, tsarin siyasa ko tarihi "". Maimakon haka ya ba da shawarar cewa tasa ta yaɗu tare da masarautar Mali, musamman masu sana'ar Djula waɗanda suka bazu ko'ina zuwa cibiyoyin kasuwanci da biranen yanki, tare da ɗaukar fasahar tattalin arziƙin ""ƙera, ƙaramin sikelin, da agronomy shinkafa"" gami da addini. na Musulunci.",supports,supports,supports,True,hausa,Food and agricultural historian James C. McCann suggests that the rice dish spread with the Mali Empire.,"Historian of food and agriculture James C. McCann considers this claim possible given the popularity of rice in the upper Niger valley, but he thinks it is unlikely that it could have spread from Senegal to its current location since such a spread is not seen in ""language, political system or history"". Instead he suggested that the dish spread with the Kingdom of Mali, especially the Djula artisans who spread throughout the commercial centers and regional cities, taking the economic technology of ""production, small scale, and rice agronomy"" as well as religion. Islamic.",supports,supports,supports,True,supports,hausa,supports,supports,True,True,correct_to_correct
afrifact_data_culture_hausa_756,hausa,Shirin nukiliya na ƙasar irn shi ne babban dalilin da yasa Amurka ke yawan saka mata takunkumin tallalin arziƙi.,"A bara ne Mista Trump ya yi watsi da yarjejeniyar nukiliyar Iran ta kasa da kasa, kuma Amurka ta sake kakaba musu takunkuman tattalin arziki.",supports,nei,nei,False,hausa,Iran's nuclear program is the main reason why the United States often imposes economic sanctions on Iran.,"Last year, Mr. Trump abandoned the international nuclear agreement with Iran, and the United States reimposed economic sanctions on them.",supports,nei,nei,False,supports,hausa,nei,nei,False,False,wrong_to_wrong
afrifact_data_culture_hausa_182,hausa,Shinkafa da wake da masara na daga cikin kayan abincin da aka fi nomawa loƙacin rani.,"Fiye da mutane miliyan 30 suka sami abin biyan buƙatunsu daga Tafkin Chadi ta hanyar kamun kifi, kiwon jari kai tsaye da kuma noma.",nei,nei,nei,True,hausa,"Rice, beans and corn are some of the food crops that are grown during the summer.","More than 30 million people derive their livelihood from Lake Chad through fishing, livestock raising and agriculture.",nei,nei,nei,True,nei,hausa,nei,nei,True,True,correct_to_correct
afrifact_data_culture_yoruba_741,yoruba,"Nígbà tí Olúwọlé máa kú, gbogbo ẹran ara rẹ̀ ló fọ́nká yẹ́lẹyẹ̀lẹ.","Olúwọlé kú lọ́dún 1841 nígbà tí sísán àrá fàá tí àgbá àdó-olóró l'áàfin Ọba fi dún gbàmù. Gbogbo ẹran ara Olúwọlé ló fọ́n túká káàkiri, débi pé ilẹ̀kẹ̀ oyè rẹ̀ ní kan ni wọ́n fi dá a mọ̀.",supports,nei,nei,False,yoruba,"When Olulole dies, all his flesh is scattered.","Olulole died in 1841 when a thunderbolt exploded in the royal palace. All the body parts of Olulole were scattered all over the place, so much so that they recognized him only by the ring of his head.",supports,supports,supports,True,supports,yoruba,nei,supports,False,True,wrong_to_correct
afrifact_data_culture_yoruba_639,yoruba,"Àwọn ìjọ onígbàgbọ́ ọlọ́kan-ò-jọ̀kan ní orísìírísìí ìtumọ̀ fún Bíbélì, a sì rí ipa èyí nínú ìyàtọ̀ tí ó wà nínú ìlànà ẹ̀sìn tí ìjọ kọ̀ọ̀kan ní.",Onírúurú ìjọ onìgbàgbọ́ ló ní orísìírísìí ìtumọ̀ fún bibeli torí ìdí eyi onírúrú ìlànà èsìn ni ìjọ kọ̀ọ̀kan ní. Àtí pé ìgbàgbọ wọn nípa ohun tí Jésù jẹ́ yàtọ̀ díèdíẹ̀ síbèsíbè gbogbo wọn gbà pé olùgbàlà ni Jésù.,supports,supports,supports,True,yoruba,"Congregations of the same faith have different interpretations of the Bible, and we see the effect of this in the difference in the religious principles of each congregation.","Different religious congregations have different interpretations of the Bible because of this, each congregation has different religious principles. And their beliefs about what Jesus is are slightly different as they all agree that Jesus is the savior.",supports,supports,supports,True,supports,yoruba,supports,supports,True,True,correct_to_correct
afrifact_data_culture_hausa_374,hausa,"A al’adar Hausawa a wasu yankuna, ana gudanar da raɗin suna ne a kwanaki bakwai bayan haihuwa",Ga Maguzawan da ke gundumar Kwatarkwashi ta Jihar Zamfara waɗanda ke bautar Magiro a garuruwansu na da ba su da wata tsayayyar rana wadda suke raɗa wa ‘ya’yansu suna. A al’adar waɗannan mutane ba a raɗa wa yaro suna sai lokacin da ake da damar yin sunan ko da kuwa bayan shekaru ne. A wurinsu mutum yana iya haɗa ‘ya’yansa da yawa tun daga na ɗaya ko fiye da ɗaya don ya yi masu suna a rana ɗaya.,nei,nei,nei,True,hausa,"In the Hausa culture in some regions, the naming ceremony is held seven days after birth","For the Maguzans in Kwatarkwashi District of Zamfara State who worship Magiro in their towns they have no resistance to the day they whisper the name to their children. In the tradition of these people, a child is not named until there is a chance to name it, even if it is years later. In their place, a person can combine many of his children, starting from one or more than one, in order to have them named on the same day.",nei,nei,nei,True,nei,hausa,nei,nei,True,True,correct_to_correct
afrifact_data_culture_hausa_173,hausa,Aminu Bello Masari ya yi kwamishina a jihar Katsina loƙacin mulkin soja daga shekarar alif 1991 zuwa 1993.,Ya riƙe muƙamin Kwamishinan ayyuka da muhalli da kuma sufuri na Jihar Katsina a tsakanin shekarar 1991 zuwa 1993 a lokacin mulkin Soja,supports,nei,nei,False,hausa,Aminu Bello Masari was a commissioner in Katsina state during the military rule from 1991 to 1993.,"He held the position of Commissioner for Works, Environment and Transport of Katsina State between 1991 and 1993 during the military regime.",supports,supports,supports,True,supports,hausa,nei,supports,False,True,wrong_to_correct
afrifact_data_culture_igbo_171,igbo,Mmiri na-agba na mpaghara anyị ruru inyi.,"Ọ sị na ""ọ bụ mmiri ndị mmadụ gbapere na be ha ka ha na-aṅụkarị.""",nei,nei,nei,True,igbo,It is raining in our area.,"He said that ""it is the water that people splashed on their beds that they usually drink.""",nei,nei,nei,True,nei,igbo,nei,nei,True,True,correct_to_correct
afrifact_data_culture_hausa_434,hausa,Abubakar Gumi mutun ya kasance daya daga cikin malaman Izala da ake alfahari da su.,"Gumi ya fito a matsayin shugaba mai faɗa a ji a lokacin mulkin mallaka, inda yake ganin tsarin mulkin kai tsaye ya raunana ƙarfin addini na sarakuna da kuma karfafa Turawan Yamma.",nei,nei,nei,True,hausa,Abubakar Gumi the man was one of the proud teachers of Izala.,"Gumi emerged as an outspoken leader during the colonial period, where he believed that the direct rule weakened the religious power of the rulers and strengthened the Westerners.",nei,nei,nei,True,nei,hausa,nei,nei,True,True,correct_to_correct
afrifact_data_culture_yoruba_035,yoruba,Coronavirun kò ṣe àkóbá kankan fún ètò ọrọ̀-ajé.,"Ṣugbọn, onimọ kan nipa ọrọ aje, Gbadamosi Olusola, to jẹ Igbakeji Aarẹ Ẹgbẹ awọn onimọ ọrọ aje ati iṣiro ni Naijiria, sọ fun BBC pe, idẹrun ọlọjọ diẹ ni yoo mu wa fun araalu. Eyi ko ṣẹyin bi coronavirus ṣe ti ṣakoba fun ọrọ aje. Oore wo ni titi bọda ṣe fun Naijiria? Ọgbẹni Gbadamosi Olusola ṣalaye pe ko si anfaani kankan ti Naijiria jẹ lara titi awọn ẹnu ibode, nitori pe iṣẹ fayawọ lọ soke si, ti ko si tun si ayipada lori ọrọ eto aabo.",refutes,supports,supports,False,yoruba,Coronavirun does not do any harm to the economy.,"However, an economist, Gbadamosi Olusola, who is the Vice President of the Association of Economists and Accountants in Nigeria, told the BBC that a few days of danger will be brought to the people. This is not the end of how the coronavirus has affected the economy. What good has till date done for Nigeria? Mr. Gbadamosi Olusola explained that there is no benefit for Nigeria as far as the gates are concerned, because the boycott has gone up to, and there is no change on the matter of the security system.",refutes,refutes,refutes,True,refutes,yoruba,supports,refutes,False,True,wrong_to_correct
afrifact_data_culture_yoruba_425,yoruba,Ẹgbẹ́ agbábọ́ọ̀lù Chelsea kò sí lára àwọn ẹgbẹ́ tó darapọ̀ mọ́ líìgì tuntun náà.,"Iroyin naa burẹkẹ sii pẹlu bi awọn agba ọjẹ ẹgbẹ agbabọọlu mẹfa lati liigi Premiership ni ilẹ Gẹẹsi ṣe kede ati darapọ mọ liigi tuntun naa. Awọn ẹgbẹ agbabọọlu mẹfa naa ni Arsenal, Chelsea, Manchester city, Manchester United, Liverpool ati Tottenham. Bawo lọrọ naa ṣe bẹrẹ? Ni oṣu kẹwaa, ọdun to kọja ni igbesẹ kọkọ bẹrẹ pẹlu ijiroro to lọwọ ileeṣẹ iṣuna kan ti orukọ rẹ n jẹ JP Morgan ninu. Koko apero naa ni lati gbe idije kan kalẹ lati rọpo idije Champions League ni ilẹ Yuroopu ti owo ori rẹ yoo si to biliọnu mẹfa o le ẹgbẹta miliọnu pọun. Ajọ UEFA gbe igbesẹ lati gbe idije Champions League tuntun pẹlu awọn ẹgbẹ agbabọọlu mẹrindinlogoji.",refutes,refutes,refutes,True,yoruba,The Chelsea football team is not among the teams that joined the new league.,"The news is more interesting as six football club captains from the Premiership league in England have announced and joined the new league. The six football clubs are Arsenal, Chelsea, Manchester city, Manchester United, Liverpool and Tottenham. How did the story begin? In October last year, the first step began with a discussion with a financial firm named JP Morgan. The purpose of the conference is to set up a competition to replace the Champions League in Europe and its revenue will be up to six billion six hundred million pounds. UEFA took the step to launch a new Champions League with thirty-six football clubs.",refutes,refutes,refutes,True,refutes,yoruba,refutes,refutes,True,True,correct_to_correct
afrifact_data_culture_igbo_374,igbo,ECOWAS họpụtara Ike Ekweremadu dị ka onye ndu kọmitii pụrụ iche iji rụ ọrụ maka nlọghachi usoro iwu,"ECOWAS [ | ] N'ọnwa Septemba afọ 2009, a họpụtara ya ka ọ na-edu kọmitii pụrụ iche nke Economic Community of West African States (ECOWAS) iji rụọ ọrụ maka nlọghachi usoro iwu na .",supports,nei,nei,False,igbo,ECOWAS appointed Ike Ekweremadu as the leader of a special committee to work for the return of the constitution,"ECOWAS [| ] In September 2009, he was appointed to lead a special committee of the Economic Community of West African States (ECOWAS) to work for the return of the constitution to .",supports,nei,nei,False,supports,igbo,nei,nei,False,False,wrong_to_wrong
afrifact_data_culture_yoruba_642,yoruba,"Bíbélì wípé gbogbo ènìyàn ló ti ṣẹ̀, tí ó sì tì kùnà ògo Ọlọ́run.",Nígbàtí májẹ̀mú títun n ṣe àmúşę ohun tí màjèmú làìlàì sọ. Bíbélì fìdí rẹ múlè pé gbogbo ènìyàn ní ó sá ti ṣè tí ó sì ti kùnà ògo Ọlọrun (Romu 3:23). Èyí ni láti sọ pe ẹlẹ́sẹ̀ ni gbogbo ọmọ adárí hurun.,supports,supports,supports,True,yoruba,The Bible says that everyone has sinned and fallen short of the glory of God.,When the new covenant fulfills what the eternal covenant says. The Bible affirms that everyone has fallen short of the glory of God (Romans 3:23). This is to say that every leader's son is an athlete.,supports,supports,supports,True,supports,yoruba,supports,supports,True,True,correct_to_correct
afrifact_data_culture_hausa_270,hausa,Tuwon kyakkyawan abunci ne mai laushi aka shirya daga shinkafa ta gida wanda yake da taushi,"__LEAD_SECTION__ [ | ] Tuwon wani nau'in abinci ne kuma ana kawo shinkafar daga , da arewacin Najeriya. Kyakkyawan abunci ne mai laushi aka shirya daga shinkafa ta gida wanda yake da taushi kuma mai mannewa, kuma yawanci ana ba da shi tare da nau'ikan miya daban-daban kamar da .",supports,supports,supports,True,hausa,Tuwon is a delicious dish made from home made rice which is soft,"__LEAD_SECTION__ [ | ] Tuwon is a type of food and the rice is brought from , and the north of Nigeria. It is a good soft food prepared from local rice which is soft and sticky, and it is usually served with different kinds of sauces like da .",supports,supports,supports,True,supports,hausa,supports,supports,True,True,correct_to_correct
afrifact_data_culture_hausa_167,hausa,Bashir Ahmad ne ya sanar da komawar Bello Matawalle zuwa jam'iyyar APC ranar 27 ga watan Yuni.,"A ranar 27 ga watan Yuni, mai taimaka wa shugaban kasa kan harkokin yada labarai Bashir Ahmad ya ce Matawalle ya koma APC.",supports,supports,supports,True,hausa,Bashir Ahmad announced the return of Bello Matawalle to the APC party on June 27.,"On June 27, the presidential assistant on media affairs Bashir Ahmad said that Matawalle had joined the APC.",supports,supports,supports,True,supports,hausa,supports,supports,True,True,correct_to_correct
afrifact_data_culture_hausa_373,hausa,"A cikin Maguzawan Zamfara, iyalai na yin raɗin suna ga yaro ko ba a shirya ba",Ga Maguzawan da ke gundumar Kwatarkwashi ta Jihar Zamfara waɗanda ke bautar Magiro a garuruwansu na da ba su da wata tsayayyar rana wadda suke raɗa wa ‘ya’yansu suna. A al’adar waɗannan mutane ba a raɗa wa yaro suna sai lokacin da ake da damar yin sunan ko da kuwa bayan shekaru ne. A wurinsu mutum yana iya haɗa ‘ya’yansa da yawa tun daga na ɗaya ko fiye da ɗaya don ya yi masu suna a rana ɗaya.,supports,nei,nei,False,hausa,"Among the Zamfara people, families whisper the name to the child even if it is not prepared","For the Maguzans in Kwatarkwashi District of Zamfara State who worship Magiro in their towns they have no resistance to the day they whisper the name to their children. In the tradition of these people, a child is not named until there is a chance to name it, even if it is years later. In their place, a person can combine many of his children, starting from one or more than one, in order to have them named on the same day.",supports,nei,nei,False,supports,hausa,nei,nei,False,False,wrong_to_wrong
afrifact_data_culture_hausa_479,hausa,Sallah ta na cika ne idan mutum ya karanta fatiha a cikin kowacce raka'a.,"tar zai karanta wasu ayoyi daga cikin Ƙur'ani, da yabon Allah da kuma addu'o'i. Kalmar Sallah dai ana fassara ta da bauta, amma kalmar na nufin addu'a ne, shiyasa ma'anar keda rikitarwa. Musulmai na amfani da kalmar "" ",nei,nei,nei,True,hausa,My prayer is complete when a person recites Fatiha in every unit.,"He will read some verses from the Qur'an, praise God and pray. The word Sallah is translated as worship, but the word means prayer, that's why the meaning is complicated. Muslims use the word """,nei,nei,nei,True,nei,hausa,nei,nei,True,True,correct_to_correct
afrifact_data_culture_hausa_033,hausa,An gina sababbin filayen ƙwallon kafa a Lagos zamanin mulkin Sani Abacha.,"Sani Abacha shugaban ƙasar ne daga watan Nuwamba, a shekarar alif da ɗari tara da chasa'in da uku 1993, zuwa watan Yuni shekarar alif ɗari tara da chasa'in da takwas 1998",nei,nei,nei,True,hausa,New football fields were built in Lagos during the Sani Abacha regime.,Sani Abacha was the president of the country from November 1993 to June 1998.,nei,nei,nei,True,nei,hausa,nei,nei,True,True,correct_to_correct
afrifact_data_culture_yoruba_469,yoruba,"Bákan náà ni Aláàfin kọ lẹ́ta sí Ààrẹ Muhammadu Buhari lórí ètò ààbò nílẹ̀ Yorùbá, nínú èyí tó ti sọ fún Ààrẹ pé kó fi òpin sí bí àwọn kan ṣe nh kọlu ilẹ̀ Yorùbá.","Bakan naa ni Minisita fun idagbasoke awọn ọdọ ati ere idaraya ni Naijiria, Sunday Dare ti ki Alaafin ku oriire aadọta ọdun lori itẹ. Ninu ọrọ ikini to fi sita, Ọgbẹni Dare ṣapejuwe Ọba Adeyẹmi gẹgẹ bi ẹni to n mu iṣọkan wa nilẹ Yoruba, to tun n gbe aṣa larugẹ. O ni kii ṣe idagbasoke, iduroṣinṣin ati ilọsiwaju nikan ni asiko rẹ ti mu wọ ipinlẹ Ọyọ, amọ o tun mu ki iṣọkan, ifẹ ati ireti jọba ni ipinlẹ naa ati Naijiria lapapọ. Wo ọ̀pọ̀ àṣeyọrí tí Aláàfin ṣe láti àádọ́ta ọdún tó ti jọba Yoruba ni ariṣe larika, arika si ni baba iregun. O pe aadọta ọdun ti Ọba Lamidi Adeyẹmi kẹta ti di Alaafin ilu Ọyọ, ko si ṣe e ṣe lati ṣami ajọdun naa lai tọka si diẹ lara awọn nnkan aritọkasi to gbe ṣe. Ta ba ni ka maa ka ni eni, eji, ilẹ kun nidi ọpọ aseyọri ti Alaafin ti gbe se ori oye, amọ diẹ lara awọn aseyọri naa ree, se bi ọmọ ko ba ba itan, yoo ba arọba.",nei,nei,nei,True,yoruba,"Aláafin also wrote a letter to President Muhammadu Buhari on the security plan in Yoruba land, in which he told the President to put an end to how some people are attacking Yoruba land.","Similarly, the Minister of Youth Development and Sports in Nigeria, Sunday Dare congratulated the Alaafin on his fifty years on the throne. In his welcome speech, Mr. Dare described King Adeyemi as a person who is bringing unity in Yoruba land, who is also promoting culture. He said not only development, stability and progress in his time brought to Oyo state, but he also brought unity, love and hope to reign in the state and Nigeria as a whole. Look at the many achievements made by Aláafin during the 50 years that he has ruled the Yoruba. It is fifty years since King Lamidi Adeyemi the third has become the Alaafin of Oyo, and he could not celebrate the festival without referring to some of the notable things he has done. Whoever reads it will read it, the ghost, the earth is full of many successes that the Alaafin has placed on the head of the understanding, but some of the successes are good, if the child does not follow the story, it will follow the lame.",nei,nei,nei,True,nei,yoruba,nei,nei,True,True,correct_to_correct
afrifact_data_culture_hausa_612,hausa,Maguzawa na amfani da kayan al'adu don mallakar aljanu kafin zuwan musulunci.,"Ana daurawa kayan kidan wasu abubuwan al’adu daban-daban na yankin Sahel kafin zuwan Musulunci, don mallakar aljanu, kamar al’adun da Hauka na Maguzawan Hausawa, Zarma, Borori, da Songhay.",supports,supports,supports,True,hausa,Pagans used ritual objects to possess demons before the advent of Islam.,"The musical instruments of some different cultures of the Sahel region before the arrival of Islam are tied to possess demons, such as the Hauka culture of the Hausa, Zarma, Borori, and Songhay pagans.",supports,supports,supports,True,supports,hausa,supports,supports,True,True,correct_to_correct
afrifact_data_culture_igbo_189,igbo,Ọ nweghịzị onye bi n'Ọ̀hà Rivas.,"N'ịme Naijirịa, ndị Ìgbò bi na steeti dum. ",nei,nei,nei,True,igbo,No one lives in Rivas anymore.,"In Nigeria, the Igbo people live in the entire state.",nei,nei,nei,True,nei,igbo,nei,nei,True,True,correct_to_correct
afrifact_data_culture_igbo_224,igbo,Dr Tedros kwuru na ụfọdụ mba enweghị ndị ọrụ doro anya.,"O kwuru na ụfọdụ mba enweghị ndị ọrụ doro anya , ụfọdụ obodo enweghị ihe ọ ga-eri, ebe mba ụfọdụ enweghị mkpebi obi ime ihe kwesịrị.""",supports,supports,supports,True,igbo,Dr Tedros said that some countries do not have clear mandates.,"He said that some countries don't have clear workers, some countries don't have enough to eat, while some countries don't have the will to do the right thing.""",supports,nei,nei,False,supports,igbo,supports,nei,True,False,correct_to_wrong
afrifact_data_culture_hausa_410,hausa,Musulmai suna gudanar da sallar kullum sau biyar don nuna biyayya ga koyarwar Alƙur’ani.,"al-Islām , Turanci: Islam) Shine shaidawa babu abun bautawa da gaskiya sai , kuma (S A W) bawan Allah ne kuma manzon Allah ne. Addinin yana da alaƙa da kuma ya ƙunshi hukunce hukunce daga da kuma koyarwar Manzon tsira wanda shine ya zo da littafin sannan akwai aƙalla mabiya addinin mutum biliyan ɗaya da ɗugo tara (1.9B).",nei,nei,nei,True,hausa,Muslims pray five times a day to show obedience to the teachings of the Qur'an.,"al-Islām, English: Islam) is the testimony that there is no god but the truth, and (SAW) is the servant of God and the messenger of God. The religion is related to and contains rulings from and the teachings of the Messenger of God who came with the book and there are at least one billion and nine hundred followers of the religion (1.9B).",nei,nei,nei,True,nei,hausa,nei,nei,True,True,correct_to_correct
afrifact_data_culture_hausa_815,hausa,An yi hasashen cewa fitar 'yan majalisu da gwamnoni daga jam'iyyar APC na iya zama barazana ga nasarar Muhammadu Buhari a zaɓen shekarar 2015.,"Masharhanta salon siyasar Najeriya na ganin ficewar 'yan majalisa da kuma wasu gwamnonin APC, babban al'amari ne da zai iya raunata matsayin Shugaba Muhammadu Buhari a majalisar dokoki, kuma wata babbar barazana ce ga takararsa a zaben 2019.",refutes,nei,nei,False,hausa,It has been speculated that the expulsion of members of parliament and governors from the APC may be a threat to the victory of Muhammadu Buhari in the 2015 election.,"The political style of Nigeria is seeing the departure of members of parliament and some governors of the APC, it is a big issue that can weaken the position of President Muhammadu Buhari in the parliament, and it is a big threat to his candidacy in the 2019 election.",refutes,refutes,refutes,True,refutes,hausa,nei,refutes,False,True,wrong_to_correct
afrifact_data_culture_igbo_122,igbo,Akara Nollywood nwere ike itolite na ịgbasị ike site n'ihe nkiri na-atọ ọchị.,"Na iga na ihụ, ihe nkiri na-atọ ọchị nwe kwa ike ịtọlite ma guzosie ​​akara Nollywood ike.",supports,supports,supports,True,igbo,Nollywood brands can grow and flourish through comedy.,"As you can see, comedy movies also have the power to establish and strengthen the brand of Nollywood.",supports,supports,supports,True,supports,igbo,supports,supports,True,True,correct_to_correct
afrifact_data_culture_yoruba_392,yoruba,"Àwọn tó ṣe màgòmágó nínú ètò ìdìbò ọdún 2019 fara ire lọ, láì gba ìdájọ́ tó yẹ, bẹ́ẹ̀ sì ni ilé-ẹjọ́ ò rí ohunkóhun ṣe sí àṣìṣe INEC.","Orji Uzor Kalu - Delta Ile ẹjọ to n gbọ ẹjọ ẹsun to ni i se pẹlu idibo sile igbimọ aṣofin ni ipinlẹ Delta naa tun ti wọgile ibo to gbe Orji Uzor Kalu wọle. Orji ni ẹni to jẹ gomina ana nipinle ọhun. Nigba ti o n ṣedajọ rẹ lọjọ Aje, igbimọ ẹlẹni mẹta ti adajọ I. P. C Igwe n dari ni olupẹjọ, Mao Ohuabunwa ti fi idi ẹjọ to pe mulẹ. Saaju ni olupẹjọ ti rọ ile ẹjọ naa lati wọgile ibo to gbe ọgbẹni Kalu wọle, nitori ko wa pẹlu ibamu ofin to ni i ṣe pẹlu ọrọ eto idibo ti ọdun 2010. Ohabunwa sọ fun ile ẹjọ pe, INEC yọ awọn ibo kan ṣeyin nigba ti wọn fẹ ka ibo naa, ati pe, ọpọlọpọ eeyan to yẹ ki wọn dibo ni ajọ INEC ko gba laaye lati dibo. Leyin atotonu olupẹjọ ati olujẹjọ ni adajọ ọhun da ibo naa nu, to wa paṣe pe ki wọn tun ibo naa di ni awọn agbegbe kan laarin oṣu mẹta. Orji ni ẹni to jẹ gomina ana nipinle ọhun. Dino Melaye -Kogi Lara awọn ti ile ẹjọ to n gbẹsun idibo da pada sile ni Sẹnetọ Dino Melaye to n soju ẹkun idibo iwọ oorun ipinlẹ Kogi. Ikọ ẹlẹni mẹta to n risi ipẹjọ ti adajọ A.O Chijioke n dari lo ṣedajọ naa lọjọ kẹtalelogun, oṣu kejọ ọdun yii. Adajọ naa wa paṣẹ fun ajọ INEC lati tun ibo naa di laarin aadọrun un ọjọ. Sugbọn Sẹnetọ Melaye ti ni ti adajọ ni o n sọ, oun yoo pe ejọ kotẹmilọrun. Lazarus Ogbe - Ebonyi Ile ẹjọ to n ṣegbẹjọ ẹsun idibo ni Abakaliki ti ni ki ọgbẹni Lazarus Ogbe, ọmọ ẹgbẹ PDP to n soju ẹkun guusu Ezza kẹru rẹ kuro nile aṣoju l'Abuja pada sile. O ni ki ẹni ti wọn kede ni ipinlẹ Ebonyi yii kuro ni ipo naa nitori naa lo ṣe da ibo to gbe e wọle nu. Ile ẹjọ naa kede Chinedu Ogah, lati ẹgbẹ APC, gẹgẹ bi ojulowo ẹni to jawe olubori ninu idibo naa.",refutes,nei,nei,False,yoruba,"Those who committed fraud in the 2019 election got away with it, without getting a proper judgement, and the court did not find anything wrong with INEC.","Orji Uzor Kalu - Delta The court that is hearing the case related to the election to the Legislative Assembly in Delta state has also rejected the election that brought Orji Uzor Kalu. Orji is the one who is the governor of the state. While arraigning him on Monday, a three-judge panel led by Justice I. P. C Igwe and the prosecutor, Mao Ohuabunwa, confirmed the case. Earlier, the prosecutor had urged the court to annul the vote that Kalu had brought in, because it was not in compliance with the law related to the 2010 electoral system. Ohabunwa told the court that INEC removed some votes when they wanted to count the vote, and that many people who were supposed to vote were not allowed to vote by INEC. After the argument between the plaintiff and the defendant, the judge annulled the vote, ordering that the vote be re-held in certain areas within three months. Orji is the one who is the governor of the state. Dino Melaye - Kogi Among those who were returned by the court challenging the election is Senator Dino Melaye, who represents the western constituency of Kogi state. The trial of the three accused led by judge A.O Chijioke was held on the twenty-third day of the eighth month of this year. The judge ordered INEC to re-run the election within ninety days. But Senator Melaye is saying that he will call the Supreme Court. Lazarus Ogbe - Ebonyi The court hearing the election case in Abakaliki has asked the injured Lazarus Ogbe, a member of the PDP representing the southern region of Ezza, to leave his office in Abuja and return home. He asked the person who was announced in Ebonyi state to leave the position, so he destroyed the election that brought him in. The court declared Chinedu Ogah, from the APC party, as the official winner of the election.",refutes,refutes,refutes,True,refutes,yoruba,nei,refutes,False,True,wrong_to_correct
afrifact_data_culture_yoruba_752,yoruba,Nínú àwọn ilẹ̀ omi nìkan ni igi ọ̀gẹ̀dẹ̀ ti lè hù.,"Kò sí orí ilẹ̀ tí ọ̀gẹ̀dẹ̀ ò ti lè hù, ní bí i 60 centimetres (2.0 ft) sínú ilẹ̀, ó sì fẹ̀ dáadáa. Igi ọ̀gẹ̀dẹ̀ jẹ́ èyí tó máa ń tètè hù nínú gbogbo àwọn igi eléso yòókù.",refutes,nei,nei,False,yoruba,Banana trees can only grow in wetlands.,"There is no surface where bananas cannot grow, planted 60 centimeters (2.0 ft) into the ground, and grows well. The banana tree is the fastest growing of all the other fruit trees.",refutes,refutes,refutes,True,refutes,yoruba,nei,refutes,False,True,wrong_to_correct
afrifact_data_culture_yoruba_566,yoruba,"Bí ifá tí a bá dá fún èèyàn bá ṣè aburú nìkan ni ẹbọ rírú ṣe pàtàkì. Àìjẹ́ bẹ́ẹ̀, kò nílò.","Ẹbọ rírú se pàtàkì fún ẹni tí a bá dá ifá fún. bí ifá tí a dá fún ènìyàn bá se rere tàbí búbúru, oní tọ̀hùn ni lati rúbọ kí ohun tí ó dá ifá sí náà ó lè baà dará: lọ́nà kìní:- Ẹbọ ifá jẹ́ ounjẹ fún òrìṣà tí ifá bá so wí pé kí á rúbọ, Fun àpẹẹrẹ, tí ènìyàn bá fẹ́ se nǹkan. ti o ba bèrè lọ́wọ́ ifá, wọ́n le sọ pé ki o lọ rubọ fun ògun, Ẹbọ ifá jẹ́ ètùtù pàtàkì nítorí tí Babaláwo bání kí ènìyàn se nǹkan óní láti se é, ki òun pàápàá ólè ba à ni ìgboyà wípé àteégún-àteésà, nítori èyí ní àwọn babaláwo fi máa ńwí fún ẹní tí a ní kí ó rúbọ̣ pé kí ó wá oúnjẹ fún àwọn aládùgbóó rẹ.",refutes,supports,supports,False,yoruba,"If the sword created for a person causes harm, the sacrifice is only important. Otherwise, there is no need.","Sacrifice is important for the person for whom the sword is made. if the sword created for a person is good or bad, the person responsible has to sacrifice so that the thing that created the sword can be good: in the first way:- The sword offering is food for the deity that the sword says to sacrifice, for example, if a person wants to do something. if you ask for a sword, they can tell you to go and sacrifice for the war. The sacrifice of the sword is an important atonement because Babalawo does not want people to do things today to do it, so that even a thief has the courage to say ateegung-ateesa, because of this the Babalawo say to the person who is asked to sacrifice that he should find food for his neighbors.",refutes,nei,nei,False,refutes,yoruba,supports,nei,False,False,wrong_to_wrong
afrifact_data_culture_yoruba_431,yoruba,"Wọ́n fi ẹ̀sùn owó kíkójẹ àti ṣíṣẹ owó báṣubàṣụ kan Emir, ìdí nìyí tí wọ́n fi yọ ọ́ nípò.","Ninu atẹjade kan ti agbẹjọro agba, Abubakar Balarabe Mahmoud, fi sita l'orukọ igbimọ agbẹjọro fun Emir Sanusi, ni wọn ti sọ pe awọn n ṣiṣẹ niluu Kano ati Abuja lọwọlọwọ lati pe ẹjọ, ayaafi ti wọn ba tu Emir naa silẹ ni ihamọ ni kiakia ni ko ni i jẹ ki awọn o gbe igbesẹ nilan ofin. Igbimọ naa to ṣapejuwe lile Emir Sanusi kuro niluu Kano lẹyin ti wọn rọ ọ l'oye, gẹgẹ bi nkan ti ko ba ode oni mu sọ pe ko si ninu ofin Naijiria. Ati wi pe ile ẹjọ Kotẹmilọrun l'orilẹ-ede Naijiria sọ ọ ni gbangba pe iru igbesẹ bẹ ko ba ofin mu, lasiko ti ijọba ipinlẹ Kebbi rọ Emir ilu Kebbi l'oye. Wọn tẹsiwaju lati sọ pe ""ko si igba kankan ti ijọba ipinlẹ Kano fi iwe ranṣẹ tabi pe Emir si akiyesi lori ẹsun aigbọran si awọn alaṣẹ, ati kikuna lati maa lọ fun ipade ati eto ti ijọba ba gbe kalẹ, ti wọn fi kan an. ",refutes,nei,nei,False,yoruba,"Emir was accused of embezzlement and embezzlement, which is why he was sacked.","In a press release issued by the senior lawyer, Abubakar Balarabe Mahmoud, on behalf of the legal counsel for Emir Sanusi, they have said that they are currently working in Kano and Abuja to sue, unless the Emir is released from custody immediately, they will not allow them to take legal action. The committee that described the strictness of Emir Sanusi from the city of Kano after they urged him to understand, as something that is not in accordance with the modern day and that is not in the Nigerian constitution. And he said that the Supreme Court in Nigeria clearly stated that such a step is not in line with the law, while the Kebbi state government urged the Emir of Kebbi to understand. They continued to say that ""at no time did the Kano state government send a letter or call the Emir to attention on the charge of disobeying the authorities, and refusing to go to meetings and programs set up by the government, which they accused him of.",refutes,nei,nei,False,refutes,yoruba,nei,nei,False,False,wrong_to_wrong
afrifact_data_culture_hausa_544,hausa,Isah Ali Ibrahim Pantami ɗaya ne daga cikin masu hannun jari a hukumar kula da hanyoyin sadarwa na zamani ta Najeriya.,"A baya, ya riƙe muƙamin Darekta Janar na hukumar Kula da hanyoyin sadarwa na zamani (NITDA).",nei,nei,nei,True,hausa,Isah Ali Ibrahim Pantami is one of the shareholders in the Nigerian Telecommunications Authority.,"Previously, he held the post of Director General of the National Telecommunications Regulatory Authority (NITDA).",nei,nei,nei,True,nei,hausa,nei,nei,True,True,correct_to_correct
afrifact_data_culture_igbo_797,igbo,E ji izu ihe mmadụ maọbụ ịnapụ mmadụ oke ruru ya mara ndị Igbo kemgbe elu bụ ala ọsa.,"Mana, ọbụghịkwanụ sọsọ ugbua ka a malitere ikwu maka nchekwa. Mgbe elu ka bụ ala ọsa n'ala Igbo, ezi nchekwa obodo dị makana ndị mmadụ na-atụ ụjọ izu oshi, ịbanye be mmadụ n'ike maọbụ zọkọrọ oke na-abụghị nke ha. Nke a bụ makana ha ma na ihe ga-eso ya abụghị ihe eji ọnụ akọcha.",refutes,supports,supports,False,igbo,The Igbo people have been known to steal people's property or rob people of their due since the beginning of time.,"But, it was not until now that we started talking about security. When the land is still dry land in Igbo land, there is good national security but people are afraid of theft, entering the people by force or trespassing on borders that are not theirs. This is their makana and what will follow it is not something that is used in the mouth.",refutes,refutes,refutes,True,refutes,igbo,supports,refutes,False,True,wrong_to_correct
afrifact_data_culture_hausa_457,hausa,Duk inda ka samu masallaci za ka ga tsarin ginin iri daya ne da na ƙasar Saudiyya.,"Ana gina Masallatai ne a yanayin gine-gine irin na Musulunci a bisa akasari, amma kuma yawancin salon ginin masallatai ya danganta ne ga irin yadda salon ginin kasashe da al'adun mutane.",refutes,nei,nei,False,hausa,"Wherever you find a mosque, you will see the same building structure as in Saudi Arabia.","Mosques are built in the style of Islamic architecture, but most of the style of building mosques is related to the style of building countries and people's culture.",refutes,refutes,refutes,True,refutes,hausa,nei,refutes,False,True,wrong_to_correct
afrifact_data_culture_hausa_108,hausa,Abba Kabir Yusuf ya dawo da Sunusi Lamido Sunusi a matsayin Sarkin Kano a watan Mayu na shekarar 2024.,"Gomnan Kano Abba Kabir Yusuf ya sake tabbatar da Sanusi Lamido Sanusi a matsayin sarkin Kano. Ayau Alhamis 23 ga watan Mayu, shekarar 2024.",supports,supports,supports,True,hausa,Abba Kabir Yusuf returned Sunusi Lamido Sunusi as Emir of Kano in May 2024.,"The governor of Kano, Abba Kabir Yusuf, has reconfirmed Sanusi Lamido Sanusi as the Emir of Kano. Today is Thursday, May 23, 2024.",supports,supports,supports,True,supports,hausa,supports,supports,True,True,correct_to_correct
afrifact_data_culture_hausa_051,hausa,Samun muƙamin manjo na ɗaya daga cikin burin kowanne soja.,"Ya kasance ɗan siyasan Najeriya ne kuma wanda yayi mulki ta karfin iko a matsayin shugaban ƙasa soja tun daga shekarar (1985) a lokacin da ya shirya juyin mulki a kan abokin adawansa na kusa , har zuwa ajiye mulkinsa a shekara ta (1993) a dalilin zabe na bayan watan Yuli 12, (1993) wanda ya soke ta ba tare da wani dalili na doka ba.",nei,nei,nei,True,hausa,Achieving the rank of major is one of the goals of every soldier.,"He was a Nigerian politician who ruled by power as a military president from the year (1985) when he planned a coup against his closest opponent, until he resigned in the year (1993) due to the election after July 12, (1993) which he canceled without any legal reason.",nei,nei,nei,True,nei,hausa,nei,nei,True,True,correct_to_correct
afrifact_data_culture_yoruba_486,yoruba,"Elike Chibuzor ni orúkọ arákùnrin tí ọwọ́ àwọn ọlọ́pàá tẹ̀, tó ní òun lòun jí ọmọ tí wọ́n ń wa gbé.","ọwọ ileesẹ ọlọpa ipinlẹ Ondo tẹ ọkunrin kan to pe orukọ ara rẹ ni Elike Chibuzor, to ni oun loun ji Gold Kọlawọle gbe lọ. Nigba to n fi idi isẹlẹ yii mulẹ fun BBC Yoruba, agbẹnusọ fun ileesẹ ọlọpa nipinlẹ Ondo, Femi Joseph salaye pe, Chibuzor lo pe ileesẹ ọlọpa naa laarọ ọjọ Ẹti pe ọdọ oun ni Gold wa, ti wọn ba si fẹ gbaa pada, ki wọn san ẹgbẹrun lọna ẹgbẹrin naira (₦800,000) fun oun. Àwọn iròyin tì ẹ leè ní ìfẹ̀ síí: Afurasi naa, to ni ilu Akure ni oun ti n pe awọn ọlọpa ọhun, lo tun fi ye wọn pe, awọn eeyan kan lo ni ki oun parọ mọ Alfa Babatunde, ti ojisẹ Ọlọrun naa ko si mọ ohunkohun nipa bi ọmọde naa se sọnu ninu ile ijọsin Sotitobire.",supports,supports,supports,True,yoruba,"Elike Chibuzor is the name of the brother who was arrested by the police, who said he stole the child they were looking for.","The Ondo State Police arrested a man who identified himself as Elike Chibuzor, who allegedly stole Gold from Kolalazy. While confirming this incident to BBC Yoruba, the spokesperson for the police station in Ondo state, Femi Joseph explained that, Chibuzor called the police station on the morning of Eti and said that he is our Gold, and if they want to return him, they should pay him one thousand eight hundred naira (₦800,000). The news made you want more: The suspect, when he was in Akure town, he was calling the police, he also told them that some people told him to lie to Alfa Babatunde, and the messenger of God did not know anything about how the child disappeared in Sotitobire church.",supports,refutes,refutes,False,supports,yoruba,supports,refutes,True,False,correct_to_wrong
afrifact_data_culture_hausa_103,hausa,Gwamnan Kano ya bawa Sunusi Lamido Sunusi muƙamin kwamishina a shekarar 2024.,"Gomnan Kano Abba Kabir Yusuf ya sake tabbatar da Sanusi Lamido Sanusi a matsayin sarkin Kano. Ayau Alhamis 23 ga watan Mayu, shekarar 2024.",refutes,supports,supports,False,hausa,The governor of Kano has given Sanusi Lamido Sunusi the position of commissioner in 2024.,"The governor of Kano, Abba Kabir Yusuf, has reconfirmed Sanusi Lamido Sanusi as the Emir of Kano. Today is Thursday, May 23, 2024.",refutes,refutes,refutes,True,refutes,hausa,supports,refutes,False,True,wrong_to_correct
afrifact_data_culture_yoruba_049,yoruba,Ìjọ̀ba ti fi ẹ̀sùn kan gbogbo àwọn ajáwèé owó orí pátá pé wọ́n lọ́wọ́ nínú mọ̀kàrúrù.,"Àwọn ẹ̀yà Yorùbá Àkókó ni wọ́n kó ìdá ogún ó lé ẹ̀sún mẹ́ta (20.3%) nínú ìdá márùn ún tó lé ẹ̀sún meje (5.7%) ènìyàn tí wọn ń gbé ní . Ẹ̀Wẹ̀, agbègbè Àkókó ní ìjọba ìbílẹ̀ mẹ́rin, àwọn ni: , , àti , tí ó fi mọ́ tí ó wà ní àárín àti . Ilé ẹ̀kọ́ fásitì náà wà nílú Bákan náà ni ilé-ìwòsàn ti ìjọba ìpínlẹ̀ wà ní ìlú , nígbà tí ilé-ìwòsàn gbogbo-gbòò ti ìjọba náà wà ní ìlú àti ìlú .",nei,nei,nei,True,yoruba,The government has accused all tax collectors of being involved in fraud.,"Yoruba Akoko ethnic groups make up twenty-three percent (20.3%) of the seven-fifths (5.7%) of the people who live in . Ewe, Akoko area has four local governments, they are: , , and , which is located between and . The university is in the city. Similarly, the state government hospital is in the city, while the government's general hospital is in the city and the city.",nei,nei,nei,True,nei,yoruba,nei,nei,True,True,correct_to_correct
afrifact_data_culture_yoruba_604,yoruba,Adébọ́lá ni a bí ní ìlú u Ṣakí.,"Bọ́lá Ìgè dá ilé iṣẹ́ rẹ̀ sílẹ̀ tí ó pe ní Bola Ige & Co ní ọdún 1961, tí ó sì padà di Agbẹjọ́rò Àgbà ní orílẹ̀-èdè Nàìjíríà. Ìgè di ìlú-mọ̀ọ́ká agbẹjọ́rò ní orílẹ̀-èdè Nàìjíríà látàrí ìṣọwọ́sọ̀rọ̀ rẹ̀ tó mú béré béré ati akitiyan rẹ̀ lórí ẹ̀tọ́ ọmọnìyàn tó fi mọ́ ìṣèjọba àwa arawa. Bákan náà, Ìgè jẹ́ onígbàgbọ́ nínú ẹ̀sìn kìrìstẹ́nì. Bọ́",nei,nei,nei,True,yoruba,Adébola was born in the city of Shaki.,"Bola Ige founded his company called Bola Ige & Co in 1961, and became the Attorney General of Nigeria. Ige became a famous lawyer in Nigeria due to his eloquent speech and his efforts on the human rights that brought us Africans to power. Also, Ige is a believer in Christianity. Cover",nei,nei,nei,True,nei,yoruba,nei,nei,True,True,correct_to_correct
afrifact_data_culture_hausa_417,hausa,Matar Ahmad at-Tijjani ta farko asalin 'yar Ingila ce kuma tana da yara uku,"Tarihi da yaɗa oda [ | ] Tushen tsari [ | ] An haifi Ahmad al-Tijani (1737-1815) a Ain Madhi a kuma ya rasu a na . Ya yi karatun addini a Fes, Morocco. Da wahayi daga wasu waliyan Moroko ya kafa tsarin Tijjaniyya a cikin 1780s; kafofin sun bambanta dangane da ainihin kwanan wata tsakanin 1781 da 1784.",nei,nei,nei,True,hausa,Ahmad at-Tijjani's first wife is originally from England and has three children,"History and spread of order [ | ] Process root [ | ] Ahmad al-Tijani (1737-1815) was born in Ain Madhi and died in . He studied religion in Fes, Morocco. Inspired by some Moroccan saints, he established the Tijjaniyya system in the 1780s; sources differ as to the exact date between 1781 and 1784.",nei,nei,nei,True,nei,hausa,nei,nei,True,True,correct_to_correct
afrifact_data_culture_hausa_312,hausa,"Hanyar haɗa Alkaki tana buƙatar nika alkama, haɗawa da madara da mai, da soya shi a hankali.","Yanda ake hada Alkaki# 1: Zaka samu Alkama ka saka a kan tire kuma a ɗauko abubuwan da ba a so a cikin alkama da hannu. Mataki na 2: Fam don rage chaff (na zaɓi). Sannan a wanke da ruwa a yada ya bushe. Mataki na 3: A nika alkama kada ya zama foda (watau quartz) Mataki na 4: Ki samu kwandon ki hada da nikakken alkama da yoghurt/madara da mai. Mix shi don samar da kullu. Mataki na 5: Rufe shi don 3-5 hours. Mataki na 6: Ka sake haɗa shi, wannan lokacin a kan allon sara. A shafa mai don gujewa danko. Mataki na 7: Gyara zuwa sifofin da ake so kuma a rufe su da tawul mai tsabta. Mataki na 8: Yin amfani da kwanon frying, dafa sukarin adadin da ake so akan ƙaramin wuta. Mataki na 9: Ki kwaba sosai a zuba tamarind (tsamiya) da aka diluta ko kuma lemon tsami guda a samu Maganin Sugar. Mataki na 10: Ci gaba da dumi don guje wa ƙarfafawa. Mataki na 11: Soya kullu (Alkaki) ta amfani da kwanon frying akan ƙananan wuta. Bada shi ya koma launin zinari. Mataki na 12: Ki tace shi nan da nan ki zuba a cikin ruwan sukari. Bada minti 3-5. Mataki na 13: A ƙarshe, zuba shi a cikin akwati mai tsabta kuma ku ji daɗi.",supports,supports,supports,True,hausa,"Alkaki's method requires grinding the wheat, mixing it with milk and oil, and frying it slowly.","How to combine Wheat #1: You will get wheat and put it on a tray and pick up the unwanted things in the wheat by hand. Step 2: Pound to reduce chaff (optional). Then wash with water and spread to dry. Step 3: Grind the wheat so that it does not become a powder (i.e. quartz) Step 4: Get a bowl and mix the ground wheat with yogurt/milk and oil. Mix it to form a dough. Step 5: Cover it for 3-5 hours. Step 6: Assemble it again, this time on the chopping board. Apply oil to avoid stickiness. Step 7: Shape into desired shapes and cover with a clean towel. Step 8: Using a frying pan, cook the desired amount of sugar on low heat. Step 9: Stir well and add diluted tamarind (cream) or one lemon to get Sugar Solution. Step 10: Keep warm to avoid condensation. Step 11: Fry the dough (Alkaki) using a frying pan on low heat. Allow it to turn golden. Step 12: Strain it immediately and pour it into the sugar water. Allow 3-5 minutes. Step 13: Finally, pour it into a clean container and enjoy.",supports,supports,supports,True,supports,hausa,supports,supports,True,True,correct_to_correct
afrifact_data_culture_igbo_681,igbo,Pericoma so n'aha mmanwụ ndị Igbo na-efe. Onweghi onye Igbo ji mmanwụ a egwu egwu,"Otiegwu Speed Darlington , onye a ma dịka ""Akpị"" bụ nwa Pericoma Okoye ""O siri ike mmadụ. Ọ bụ nwa dịbịa e nweghị dịbịa ga-amali ya aka."" Mana o nwere mgbe a kọrọ akụkọ na Pericoma chegharịrị dịka o tiri egwu ụka, ""Ụnụ ekwela ka eduhie ụnụ "". Mana Odenigbo bụ onye ya na ya rụkọọ ọrụ egwu kọwara na ọ bụ ahịa ka ọ na-ere. "" 'Marketer' ya na ya na-arụkọ ọrụ gwara ya ka ọ kụo egwu ahụ iji ree ahịa.""",nei,nei,nei,True,igbo,Pericoma is one of the names of the sun worshiped by the Igbo people. No Igbo person is afraid of this sun,"Otiegwu Speed ​​Darlington, who is known as ""Akphi"" is the son of Pericoma Okoye. But it was once reported that Pericoma repented as he sang to the church, ""Don't let yourselves be deceived"". But Odenigbo, who has worked with him on music projects, explained that it is the market that he sells. ""The 'marketer' he was working with told him to play the song to sell.""",nei,nei,nei,True,nei,igbo,nei,nei,True,True,correct_to_correct
afrifact_data_culture_igbo_524,igbo,Emmanuel Nnamdị Ụba tuuru ugo dị ka onye a họpụtara ịnọchite anya ndị ndịda Anambara na ntuli aka nke Epurel 2011.,"Emmanuel Nnamdị Uba , ma ọ bụ Andy Ụba (amụrụ ya 14 Disemba 1958), bụ onye ndọrọndọrọ ọchịchị Naịjirịa nke ahọpụtara ka Sinatọ ndị ndịda Anambara , Naịjirịa, na Epurel 2011.",supports,supports,supports,True,igbo,Emmanuel Nnamdi Uba won the award as the person elected to represent the southern people of Anambara in the April 2011 election.,"Emmanuel Nnamdi Uba, or Andy Uba (born 14 December 1958), is a Nigerian politician who was elected as the Senator for Southern Anambara, Nigeria, in April 2011.",supports,supports,supports,True,supports,igbo,supports,supports,True,True,correct_to_correct
afrifact_data_culture_igbo_230,igbo,"Ọ bụrụ na e wepụ nkwado ndị APC, Obaseki agaghị ịbụ gọvanọ Edo steeti.","Makana e wepụ nkwado anyị, Obaseki agaraghị ịbụ gọvanọ Edo steeti"".",supports,supports,supports,True,igbo,"If the support of the APC is withdrawn, Obaseki will not be the governor of Edo state.","But without our support, Obaseki would not have been the governor of Edo State”.",supports,supports,supports,True,supports,igbo,supports,supports,True,True,correct_to_correct
afrifact_data_culture_igbo_542,igbo,Ọkaiwu Paul Achalla onye IPOB ekwuola na ha na-agba mbọ ka facebook weghachite akantụ onye ndụ ha.,"Paul Achalla bụ ọkaiwu na mba ofesi ma bụrụkwa onye otu Ipob ekwuola atụmatụ ha ga-agbaso iji weghachi akara Facebook onyeisi ha bụ Nnamdi Kanu. Na mkparịtaụka ya na BBC Igbo, Achalla kọwara na o nwereike ịbụ maka otu ihe maọbụ nke ọzọ ka e ji wetuo akara facebook Nnamdi Kanu, mana Facebook kwesịrị inye ya ohere ka ọ zara ọnụ ya. ",supports,nei,nei,False,igbo,IPOB's lawyer Paul Achalla has said that they are trying to get Facebook to return their accounts.,"Paul Achalla, a lawyer abroad and a member of Ipob, has stated the plan they will follow to restore the Facebook logo of their leader, Nnamdi Kanu. In his interview with BBC Igbo, Achalla explained that it may be for one reason or another that Nnamdi Kanu's Facebook account was taken down, but Facebook should give him a chance to respond.",supports,supports,supports,True,supports,igbo,nei,supports,False,True,wrong_to_correct
afrifact_data_culture_igbo_719,igbo,"John Abeng bụ onyeisi ndị uweoji na Steeti Anambra ekwughi ihe ọbụla banyere ịchụpụ ndị ohi, ndịotu nzuzo na ndị ntọrị mmadụ na Steeti Anambra.","Onyeisi ndị uweojii na Anambra steeti bụ John Abang ewkusiela ike na ya ga-enye aka ka Anambra steeti bụrụ kpoo na-nchekwa. O kwukwara na ha ga akpalite ""Operation Puffadder i ji chụpụ ndị otu nzuzo,ndiohi ma ọkachasị ndị ntọrị.""",refutes,supports,supports,False,igbo,"John Abeng, the Chief of Police in Anambra State, has not said anything about getting rid of thieves, gangs and extortionists in Anambra State.","The Chief of Police in Anambra State, John Abang, has confirmed that he will help make Anambra State safe and secure. He also said that they will initiate ""Operation Puffadder to drive out secret groups, criminals and especially those who are corrupt.""",refutes,refutes,refutes,True,refutes,igbo,supports,refutes,False,True,wrong_to_correct
afrifact_data_culture_igbo_787,igbo,Kọmishọna na-ahụ maka azụmahịa aha ya bụ Christian Madụbuko gwara ndị Anambra ka ha na-akwụ onyeọbụla masịrị ha ụtụ isi.," Kọmịsọna na-ahụ maka azụmahịa Christain Madubuko kọwara na gọọmentị Anambra nwụchiri mmadu atọ na steeti ahụ. O kwuru na ndị a, nke otu n'ime ha a bụ eze, ji aghụghọ anapụ ndị mmadụ ego ụtụ isi n'ahịa. Madubuko dọkwara ndị mmadụ aka na ntị ha hie asaa na anya gbasara onye ha na-akwụ ụtụ isi ma kwukwa na ọ bụ sọsọ gọọmentị nwere ikike ihibe ahịa.",refutes,supports,supports,False,igbo,"The Commissioner for Trade, Christian Madybuko told the people of Anambra to pay taxes to whomever they like.","The Commissioner for Trade Christain Madubuko explained that the Anambra government arrested three people in the state. He said that these people, one of whom is the king, used fraud to deprive the people of tax money in the market. Madubuko also warned people to be careful about who they are paying taxes to and said that only the government has the right to operate businesses.",refutes,refutes,refutes,True,refutes,igbo,supports,refutes,False,True,wrong_to_correct
afrifact_data_culture_yoruba_280,yoruba,Ìgbà kan tún rèé tí Ààrẹ Buhari àtàwọn aṣòfin kọlu ara wọn lórí àbá owó ìṣúná ọdún 2016,"Ti ẹ ko ba gbagbe, lọjọ ti eto idibo naa waye, ọtọ ni awọn ti ẹgbẹ oṣelu All Progressives Congress to jẹ ẹgbẹ to wa ni iṣakoso, ati ẹgbẹ to ni aṣofin ju n ile fi ọwọ si. Buhari nìkan kọ́ ni aṣíwájú táwọn èèyàn dẹ́yẹsí 'Mí ò sí lára awọ̀n aṣòfin tó bú Buhari'' Amọ ṣa, niṣe ni Bukọla Saraki ati Yakubu Dogara ati awọn ọmọ ẹgbẹ oṣelu PDP gba 'ọna ẹburu' lati ṣeto idibo naa laisi awọn ọmọ ẹgbẹ APC nile, botilẹjẹ pe ọmọ ẹgbẹ naa ni awọn naa jẹ. Awọn alaṣẹ ẹgbẹ oṣelu APC pe ipade fun awọn aṣofin to jẹ ọmọ ẹgbẹ wọn lati jiroro lori bi wọn yooo ṣe yan awọn olori ile aṣofin, ti awọn ọmọ ẹgbẹ PDP si lo anfaani naa lati sẹto idibo.",nei,nei,nei,True,yoruba,There was another time when President Buhari and lawmakers attacked each other over the 2016 budget.,"If you don't forget, on the day of the election, the political party All Progressives Congress, which is the party in control, and the party that has more than one legislator in the house are different. Buhari is not the only candidate who people hate, 'I am not among the legislators who cursed Buhari'', why did Bukola Saraki and Yakubu Dogara and PDP political members take the 'horrific way' to organize the election without APC members at home, even though they are members of the party. The leaders of the APC political party called a meeting for their members of parliament to discuss how they will elect the leaders of the parliament, and the PDP members used the opportunity to organize an election.",nei,nei,nei,True,nei,yoruba,nei,nei,True,True,correct_to_correct
afrifact_data_culture_igbo_133,igbo,"Mgbe a na-akuziri ụmụnwoke etu ha ga-esi bụrụ ụmụnwoke ga-abara obodo uru, a na-ekwu ihe na-eme ebe ahụ.","Mana, adịghị ekwu ihe na-eme ebe ahụ.",refutes,refutes,refutes,True,igbo,"When men are taught how to be men who will benefit the community, what is happening there is said.","But, don't say what is happening there.",refutes,refutes,refutes,True,refutes,igbo,refutes,refutes,True,True,correct_to_correct
afrifact_data_culture_igbo_198,igbo,Akụkọ a ma ama na-ekwu na-ekwu na onye mbụ a mara nke ọma n'Akwete bụ Dada Nwakata.,Akụkọ ọdịnala a ma ama na-ekwu na otu nwanyị aha ya bụ Dada Nwakata bụ onye mbụ a maara nke ọma na Akwete.,supports,supports,supports,True,igbo,A popular story says that the first person who was well known in Akwete was Dada Nwakata.,A popular tradition says that a woman named Dada Nwakata was the first known person in Akwete.,supports,supports,supports,True,supports,igbo,supports,supports,True,True,correct_to_correct
afrifact_data_culture_yoruba_223,yoruba,Aago mẹ́fà àbọ̀ òwúrọ̀ ni àwọn akẹ́kọ̀ọ́ máa ń tò wọlé ní àwọn ilé-ìwé òkè òkùn.,"Rashidi Yekini (23 October 1963 – 4 May 2012) je , elege-ara lowo iwaju omo ile . O je eni to gba boolu metadinlogoji Sonu awon nigba ti o n gba boolu fun egbe agbaboolu ni orile ede gege bi akoko omo orile ede olominira ile ti yoo koko gba iru ami ayo bee wole.",nei,nei,nei,True,yoruba,"At 6:30 in the morning, the students used to line up in the schools in the dark.",Rashidi Yekini (23 October 1963 - 4 May 2012) was a member of the family. He was the one who scored thirty-seven goals for Sonu Aon when he was scoring for the national football team as the first member of the Republic of Indonesia to score such a goal.,nei,nei,nei,True,nei,yoruba,nei,nei,True,True,correct_to_correct
afrifact_data_culture_yoruba_056,yoruba,Kò sí àgbàlagbà ọkùnrin tí ó fi ipá bá àwọn ọmọdé lò lásìkò yìí.,"Elizabeth ni: ''Mo gbe igbesẹ lati sọrọ yii lasiko yii nitori mo ti gbe ile aye ṣerere, gẹgẹ bi oniroyin ati minisita tẹlẹri lorilẹ-ede Ghana. Ti mo ba ku bayii, awọn eeyan yoo ri nnkan rere tọka si nipa mi.'' ''Ohun miiran to mu mi sọ iriri mi ni pe ọpọ lo ri ifipa ba awọn ọmọdebinrin lo pọ si ohun ti ko too pọn ọn. Ọpọ awọn agbalagba ọkunrin lo n fipa bawọn ọmọde lopọ lasiko yii, tawọn eeyan ko si sọ ohun kan nipa rẹ.''",refutes,nei,nei,False,yoruba,No adult man used violence against children during this time.,"Elizabeth said: ''I took the step to speak this time because I have lived in the world, as a journalist and a former minister in Ghana. If I die like this, people will see good things about me.'' Many adult men are raping children these days, and no one says anything about it.''",refutes,refutes,refutes,True,refutes,yoruba,nei,refutes,False,True,wrong_to_correct
afrifact_data_culture_hausa_573,hausa,Taɓarya ta na da muhimmanci sosai wurin yin jajjage.,"Turmi ya kasu kashi biyu, Turmin da aka sassaƙa da Turmin ƙarfe, Turmin da aka sassaƙa shi ne Wanda ake aikin gida da shi, kamar daka da jajjagen da dai sauran su.",nei,nei,nei,True,hausa,It's very important to have a good time.,"The mortar is divided into two parts, the carved mortar and the metal mortar.",nei,nei,nei,True,nei,hausa,nei,nei,True,True,correct_to_correct
afrifact_data_culture_yoruba_290,yoruba,Sunday Igboho ni àwọn ará Kebbi àti Zamfara kọ́ ló n jínígbé ní Oke Ogun.,"Femi Falana Gbajúgbajà agbẹjọ́rò àgbà tó tún jẹ́ ajàfẹ́tọ ọmọniyàn, Femi Falana, tí sàlàyé pé, Sunday Igboho kò lẹ́tọ̀ọ́ láti sọ pé kí ẹnikẹ́ni fi ìlú sílẹ̀, ó yẹ kí ó tẹ̀lé òfin ni. Falana sọ̀rọ̀ yìí lásìkò ìfọ̀rọ̀wérọ̀ rẹ̀ pẹ̀lú BBC l‘Ọjọru lórí ipò tí Nàìjíríà wà àti èrò rẹ̀ lórí àwọn olórí ẹ̀ṣọ́ ààbò tí ààrẹ Buhari yàn. Agbẹjọ́rò àgbà náà ní ""ìjọba gan kò létọ láti lé ẹnikẹni kúrò níbí tó wà nítori òfin Nàìjíríà gan sọ pé, lẹ́yìn ọdún mẹ́wàá tí ènìyàn bá ti gbé ní ìlú kan , ó lẹ́tọ̀ọ́ sí gbogbo ǹkan ti àwọn onílùú náà ní. Kódà kí ènìyàn jẹ́ ayálégbé, gan ó nílò àsìkò tó tó kí wọ́n tó le kúrò nínú ilé."" Ó wá rọ ìjọba ìpińlẹ̀ Oyo láti kọ́ àwọn ìbuba fún àwọn màálú.",refutes,nei,nei,False,yoruba,It is Sunday Igboho who are being kidnapped by Kebbi and Zamfara people in Oke Ogun.,"Femi Falana A prominent lawyer who is also a humanitarian, Femi Falana, who explained that, Sunday Igboho has no right to say that anyone should leave the city, he should follow the law. Falana said this during his interview with the BBC in Ojoru on the situation in Nigeria and his opinion on the security chiefs appointed by President Buhari. The senior lawyer said ""it is not right for the government to evict anyone because the Nigerian law says that after ten years when a person has lived in a city, he is entitled to everything that the people of the city have. Even if a person is a tenant, he really needs enough time before they can leave the house."" He then urged the Oyo state government to build shelters for cows.",refutes,nei,nei,False,refutes,yoruba,nei,nei,False,False,wrong_to_wrong
afrifact_data_culture_yoruba_084,yoruba,Baba Ginimbi àti ẹ̀gbọn rẹ̀ wà lára àwọn tí ó ṣorò níbi ìsìnkú rẹ̀.,"Baba Ginimbi ati ẹgbọn baba rẹ, Sekuru Ginimbi wa lara awọn to sọrọ nibi isinku rẹ. Ambuya to jẹ mama mama rẹ nitori mama rẹ gangan ti ku loṣu kinni ọdun to lọ, ati Amai to jẹ aburo mama rẹ naa sọrọ nini isinku rẹ. Ẹgbọn lobinrin, Tete naa wa nibẹ, Mwana, Munkuru, Mukwesha, Muroora lawọn eeyan mii to tun wa nibi isinku Kadungure.",supports,supports,supports,True,yoruba,Ginimbi's father and his brother were among those who attended his funeral.,"Ginimbi's father and his uncle, Sekuru Ginimbi were among those who spoke at his funeral. Ambuya who is his mother's mother because his mother actually died in January last year, and Amai who is his mother's uncle spoke about her funeral. The elder sister, Tete was there, Mwana, Munkuru, Mukwesha, Muroora and others who were also at the Kadungure burial.",supports,nei,nei,False,supports,yoruba,supports,nei,True,False,correct_to_wrong
afrifact_data_culture_igbo_726,igbo,"Naịjrịa bụ mba nwere ọtụtụ agbụrụ. N'agbanyeghị agbụrụ dị icheiche dị na Naịjirịa, e nwere ihe ndị na-ejikọ ha ọnụ. Ofufe ndị, ihe nkiri ha na ndọrọndọrọ ọchịchị so na ihe na-akpa oke n'etiti Naịjirịa.","Ihe kacha mkpa bụ na n'agbanyeghị na e nwere agbụrụ dị iche iche na Naịjirịa, e nwere ihe ole na ole na-ejikọta agbụrụ niile ahụ. Ihe ndị ahụ na-abụ o na-eme, ndị mmadụ echefuo agbụrụ nke ha, ma tinye uchu ha n'ikwado ya. Ihe ndị na-ejikọta Naịjirịa Ọtụtụ oge ka ndị Naịjirịa anaghị ekwekọrịta n'ụfọdụ ihe dịka ofufe na okwukwe ndị, ndọrọndọrọ ọchịchị nakwa ihe nkiri nke Bekee kpọrọ ""movies",supports,supports,supports,True,igbo,"Nigeria is a multi-ethnic country. Despite the different ethnic groups in Nigeria, there are things that unite them. People's worship, their films and politics are among the most divisive things in Nigeria.","The most important thing is that although there are different races in Nigeria, there are a few things that unite all the races. Those things often happen, people forget their own race, and put their efforts in supporting it. Things that unite Nigeria Many times Nigerians do not agree on some things such as worship and faith, politics and movies which the English call ""movies""",supports,supports,supports,True,supports,igbo,supports,supports,True,True,correct_to_correct
afrifact_data_culture_yoruba_405,yoruba,"Àsìkò tí ìkọlù yìí wáyé láàárín àwọn akẹ́kọ̀ọ́ FUOYE àti ọlọ́pàá ni ìyàwò Gómìnà ìpínlẹ̀ Èkìtì rìn sí, àmọ́ ìròyìn fi lélẹ̀ pé ìjàm̀bá kankan kò ṣe é.","Àwọn akẹ́kọ̀ọ́ ń fẹ̀họ́nú hàn nítorí iná ọba tó ń ṣe ségesège Awọn Alakoso ile iwe giga fasiti ijọba apapọ to wa ni Oye-Ekiti, (FUOYE) ti bu ẹnu ẹ̀tẹ́ lu ifẹhọnu han awọn akẹkọọ Ile- Iwe naa. Paapaa awọn to da rogbodiyan silẹ ni agbeegbe naa ni eyi ti o da alaafia Oye ru lasiko ọhun. Awọn akẹkọọ naa n fẹhọnu han nitori ina ijọba to n ṣe segesege ni awọn yara ikẹkọọ gbogbo to wa ni fasiti naa. Agbẹnusọ Ile-iṣẹ ọlọpaa nipinlẹ Ekiti, Caleb Ikechukwu ni awọn akẹkọọ naa fi ina si oko wọn. Wọn si tun gba ibọn awọn ọlọpaa meji, amọ, awọn akẹkọọ fẹsun kan ọlọpaa pe wọn pa akẹkọọ lasiko ifẹhọnu han, sugbọn ọlọpaa ni ko si ohun to jọ ọ. Bakan naa ni iroyin ni wi pe Iyawo Gomina Ipinlẹ Ekiti, Bisi Fayemi rin si asiko rogbodiyan yii ni. Ìròyìn ní orí ló kó ìyàwó gómìnà ìpínlẹ̀ Ekiti yọ lẹ́yìn tí ìfẹ̀họ́nú àwọn akẹ́ẹ̀kọ́ dá rògbòdìyàn sílẹ̀. Asiko naa ni wọn si ṣe ikọlu si ọkọ rẹ, to jẹ wi pe ori lo ko o yọ ninu ikọlu naa lẹyin ti awọn ọlọpaa lo ‘iṣe commando’ lati mu u kuro nibi rogbodiyan naa.",supports,supports,supports,True,yoruba,"At the time of this attack between the students of FUOYE and the police, the governor of Ekiti state went to visit, but reports say that there was no accident.","Students are protesting because of the fire that is causing havoc. Even those who created conflict in the region are the ones who disturb the peace of Oye at the moment. The students are protesting because of the government fire that is causing havoc in all the study rooms in the university. Ekiti State Police Spokesperson, Caleb Ikechukwu said the students set fire to their farm. They also shot two police officers, but the students accused the police that they killed the students while they were kissing, but the police said there was nothing like it. It is also reported that the wife of the Governor of Ekiti State, Bisi Fayemi went to this time of conflict. It was reported that the wife of the governor of Ekiti state was fired after the students' protest created a conflict. At that time, they attacked her husband, it is said that he survived the attack after the police used 'commando action' to take him away from the conflict.",supports,nei,nei,False,supports,yoruba,supports,nei,True,False,correct_to_wrong
afrifact_data_culture_hausa_638,hausa,Al'umma daban-daban su na da irin nasu salon kiɗa da waƙa.,"Masana'antar kiɗa ta haɗa da mawaƙa, masu yin wasan kwaikwayo, injiniyoyin sauti, furodusoshi, masu shirya balaguro, masu rarraba kayan kida, na'urorin haɗi, da masu buga kida da rikodi.",nei,nei,nei,True,hausa,Different communities have their own style of music and song.,"The music industry includes musicians, performers, sound engineers, producers, tour operators, distributors of musical instruments, accessories, and publishers of music and recordings.",nei,nei,nei,True,nei,hausa,nei,nei,True,True,correct_to_correct
afrifact_data_culture_hausa_343,hausa,ƙwallon kwando an ƙirƙire ta ne a Asiya,"An ƙirƙira shi a cikin 1891 ta malamin motsa jiki ɗan ƙasar Kanada-Ba-Amurke James Naismith a Springfield, Massachusetts, Amurka, ƙwallon kwando ya samo asali ya zama ɗayan shahararrun wasanni na duniya da ake kallo. Ƙungiyar ƙwallon kwando ta ƙasa (NBA) ita ce babbar ƙungiyar ƙwallon kwando mafi mahimmanci a duniya ta fuskar shahara, albashi, hazaka, da matakin gasa.",refutes,refutes,refutes,True,hausa,Basketball was invented in Asia,"Invented in 1891 by Canadian-American sports teacher James Naismith in Springfield, Massachusetts, USA, basketball has evolved into one of the world's most popular and watched sports. The National Basketball Association (NBA) is the most important professional basketball team in the world in terms of popularity, salary, talent, and level of competition.",refutes,refutes,refutes,True,refutes,hausa,refutes,refutes,True,True,correct_to_correct
afrifact_data_culture_yoruba_185,yoruba,Ọwọ́ àwọn Gómìnà ìpínlẹ̀ kò sí nínú owó tí wọ́n máa ń fún àwọn ẹka ìjọba.,"Àwọn ọmọ ẹgbẹ́ PDP fẹ̀hónúhàn nílé ẹjọ́ gíga jùlọ Iru ofin wo ni wọn fi n ṣe eto owo iṣuna ẹka idajọ tẹlẹ? Ṣaaju ki Aarẹ Buhari to o pa aṣẹ naa, awọn gomina ipinlẹ lo ma n sọ iye owo ti wọn yoo fun awọn ẹka ijọba yooku, to fi mọ yiyọnda owo naa fun wọn. O ma n farahan ninu aba owo isuna ti wọn n gbe lọ siwaju awọn aṣofin ipinlẹ.",refutes,supports,supports,False,yoruba,The hands of the state governors are not included in the money they give to the government departments.,"PDP members spoke at the supreme court What kind of law are they making the budget of the justice department before? Before President Buhari closed the order, the state governors used to say how much money they would give to other government departments, so that they know how much money will be given to them. It often appears in the budget proposals that are being presented to state legislators.",refutes,"refutes

The evidence suggests that state governors used",refutes,True,refutes,yoruba,supports,refutes,False,True,wrong_to_correct
afrifact_data_culture_hausa_257,hausa,Hausa koko abu ne na yau-da-kullun a Ghana kuma ana ci da abincin gargajiya kamar ƙosai ko Akara.,"An kira shi Hausa koko saboda ra'ayin da aka kirkire shi a yankunan Arewacin Ghana. Hakanan abu ne na yau-da-kullun a cikin yankuna daban-daban a Ghana. Yawanci ana tare da furen wake na Ghana wanda ake kira ƙosai, ɗanyen garin soyayyen garin- Pinkaso ko wainar wake ta Nijeriya da ake kira Akara. ",supports,supports,supports,True,hausa,Hausa cocoa is an everyday item in Ghana and is eaten with traditional foods such as kosai or Akara.,"It was called Hausa cocoa because the idea was created in the Northern regions of Ghana. It is also common in different regions in Ghana. It is usually accompanied by Ghanaian bean flower which is called kosai, raw fried flour - Pinkaso or Nigerian bean cake called Akara.",supports,supports,supports,True,supports,hausa,supports,supports,True,True,correct_to_correct
afrifact_data_culture_yoruba_190,yoruba,Ààrẹ ń sọ̀rọ̀ kábakàba bí ẹni pé ọmọ egbẹ́ lẹ́yìnlẹ́yìn ni.,"Oluwo tun n sọ kaakiri pe igbesẹ ti awọn lọbalọba gbe naa ko kan oun tori oun si n jọba lọ ni, ti Oluwo ko si gba alaafia laaye lori aawọ naa, oun ko si lee gba ko fi iya jẹ oun gbe. ""Ẹni ti iya ba jẹ ko ni dakẹ, mo ti sọ funle ẹjọ pe ko se ẹtọ ati igbesẹ to daa lori iya ti Oluwo fi jẹ mi, amọ to pada sọ pe ko si ija kankan laarin wa.",nei,supports,supports,False,yoruba,The president is talking as if he is a follower.,"Oluwo is also saying widely that the step taken by the leaders does not affect him because he is still ruling, and Oluwo does not allow peace over the crisis, and he cannot accept it. ""He who is the mother will not be silent, I have told the court that he did not do justice and good action against the mother that Oluwo has accused me, but he came back and said that there is no fight between us.",nei,nei,nei,True,nei,yoruba,supports,nei,False,True,wrong_to_correct
afrifact_data_culture_yoruba_172,yoruba,"Àná ni Pópọ́ọlá wọ aṣọ aláwọ̀ aró, ò ní ni Wọlé wọ tirẹ̀.","Ọrọ atilẹyin Ọjọgbọn Soyinka yii wa lẹyin ọjọ mẹrin ti awọn gomina iha Guusu-Iwọ Oorun ppkorajọ nilu Ibadan lati ṣe ifilọlẹ ikọ Amotekun naa. Ẹwẹ, ṣiṣi aṣọ loju ikọ alaabo yii ti n ru ọpọlọpọ ikunsinu, igboriyin, gbọyi s'ọyi, atilẹyin sita lorilẹ-ede Naijiria ati kaakiri agbaye. Awọn to ti n ṣatilẹyin fun ikọ Amotekun Ẹgbẹ awọn agbẹjọrọ Naijiria ti a mọ si Nigeria Bar Association, ẹka ti ipinlẹ Ekiti ni awọn gomina iwọ oorun guusu Naijiria ko tii ṣe kọja ilana ofin tọdun 1999 ti Naijiria n lo.",nei,nei,nei,True,yoruba,"Yesterday, Popola wore a purple dress, but Wohale will not wear his.","This statement of support by Professor Soyinka comes four days after the South-West governors gathered in Ibadan to launch the Leopard Ambassador. Yes, the opening of the clothes on the face of this disabled person has been causing a lot of emotion, praise, and support in Nigeria and around the world. Those who have been supporting Amotekun's speech, the Nigerian Bar Association, the branch of Ekiti state in the south-western governorates of Nigeria, have not gone beyond the 1999 constitution that Nigeria is using.",nei,nei,nei,True,nei,yoruba,nei,nei,True,True,correct_to_correct
afrifact_data_culture_yoruba_739,yoruba,"Ní ilẹ̀ Yorùbá,  tí obìnrin bá ń ṣe ìgbéyàwó, dandan ni kí ó wọ ilẹ̀kẹ̀ sọ́rùn.","Olúwọlé kú lọ́dún 1841 nígbà tí sísán àrá fàá tí àgbá àdó-olóró l'áàfin Ọba fi dún gbàmù. Gbogbo ẹran ara Olúwọlé ló fọ́n túká káàkiri, débi pé ilẹ̀kẹ̀ oyè rẹ̀ ní kan ni wọ́n fi dá a mọ̀.",nei,nei,nei,True,yoruba,"In Yoruba land, if a woman is getting married, she must wear a necklace around her neck.","Olulole died in 1841 when a thunderbolt exploded in the royal palace. All the body parts of Olulole were scattered all over the place, so much so that they recognized him only by the ring of his head.",nei,nei,nei,True,nei,yoruba,nei,nei,True,True,correct_to_correct
afrifact_data_culture_yoruba_416,yoruba,"Ikú Ebila le mú kí ẹgbẹ́ One Million Boys sọ agbára nù, àmọ́  ó túnbọ̀ ró àwọn ẹgbẹ́ òkùnkùn kékèèké mìíràn lágbàra.","Ṣe iku Abiola Ebila yoo fopin si ẹgbẹ one million boys bi? Ni ọjọ mẹta ṣẹyin, ni osu kẹrin, ọdun 2020, ni Abiola Ebila pa orogun rẹ ninu ẹgbẹ okunkun miran, Ekugbemi, lati igba naa si ni awọn agbofinro ti n wa Abiola Abila, ko le e koju igbejọ ẹṣun naa. Ni irọlẹ ọjọ Aiku, ọjọ Kejila oṣu Keje ọdun 2020 ni ariwo gba ilu kan pe ọwọ ti tẹ olori ọmọ ẹgbẹ one million boys, Abiola Ebila, to si ti jẹ Ọlọrun nipe. Ariwo ayọ gba ilu kan pe eegun ẹyin ẹgbẹ okunkun naa ti ṣẹ, paapaa pẹlu olori rẹ to ku naa, ti awọn ọmọ ẹyin rẹ yoo si fi ẹsẹ fẹ. Ṣugbọn ibeere ti ọpọ eeyan n beere ni pe, ṣe opin patapata ti de ba ẹgbẹ aseku pani one million boys ni bayii ti olori wọn ti silẹ bora? Ṣugbọn awọn miran n ro ninu ọkan wọn pe, agbo to fi ẹyin rin lọ ni ọrọ ẹgbẹ okunkun one million boys yii lee jẹ, o ṣee ṣe ki wọn lọ tun agbara mu wa.",refutes,nei,nei,False,yoruba,"The death of Ebila may make the One Million Boys lose power, but it also gives strength to other small cults.","Will Abiola Ebila's death end the one million boys group? Three days ago, in the fourth month of 2020, Abiola Ebila killed his rival in another sect, Ekugbemi, and since then the law enforcement agencies have been looking for Abiola Abila, he has not been able to face the criminal case. On the evening of Sunday, the 12th of July 2020, there was an uproar in a city that the leader of one million boys, Abiola Ebila, had been arrested and called God. There was an uproar in a city that the curse of the cult had been broken, even with its dead leader, and its children would be blown away. But the question that many people are asking is that, is the end of the group of one million boys now that their leader has fallen? But others are thinking in their hearts that the group that sent you away may be this one million boys cult group, it is possible that they will go and bring us power.",refutes,nei,nei,False,refutes,yoruba,nei,nei,False,False,wrong_to_wrong
afrifact_data_culture_igbo_755,igbo,Ndị Brazil nyere goolu ozugbu Neymar gbanyere bọọlụ na poostu.," Brazịl gaara enye goolu ugbua, ka Paulinho gbabatara nso poostu, Neymar bufeere ya bọọlụ, mana ọ banyeghị ọfụma n'ụkwụ Paulinho, mere ka ọ gbafuo ya. Nkeji 10: Ụkwụ Neymar emetụbeghị bọọlụ ọfụma etu ndị mmadụ chọrọ maọbụ na-eche. ",refutes,nei,nei,False,igbo,The Brazilians scored as soon as Neymar hit the post.,"Brazil should have given a goal already, as Paulinho ran near the post, Neymar passed the ball to him, but it did not go well to Paulinho's feet, causing him to miss. Minute 10: Neymar's feet never touched the ball as well as people wanted or thought.",refutes,refutes,refutes,True,refutes,igbo,nei,refutes,False,True,wrong_to_correct
afrifact_data_culture_igbo_498,igbo,"Ngozi Okonjo Iweala bụ mịnịsta na-ahụ maka ego na Nigeria, malite n’afọ 2003 rue 2006; nakwa site n’afọ 2011 rue 2015.",Ngọzị Okonjọ-Iweala rụrụ ọrụ dịka Mịnịsta na-ahụ maka ihe niile gbasara ego (Minister of Finance) na . Ọ rụrụ ọrụ mịnịsta ugboro abụọ: sitē n’afọ 2003 rue afọ 2006; sitekwa n’afọ 2011 rue 2015.,supports,supports,supports,True,igbo,"Ngozi Okonjo Iweala was the Minister of Finance in Nigeria, from 2003 to 2006; and from 2011 to 2015.",Ngóz Okonjjo-Iweala served as the Minister of Finance in . He served as minister twice: from 2003 to 2006; and from 2011 to 2015.,supports,supports,supports,True,supports,igbo,supports,supports,True,True,correct_to_correct
afrifact_data_culture_hausa_018,hausa,An kashe Sir Ahmadu Bello a gidansa a ranar 12 ga watan Junairu.,"A ranar 15 ga watan Janairu, wajen karfe 10 na dare, Major Nzeogu Kaduna da yaransa suka shiga gidan firemiya suka sake shi yana lazimi, suka harbe shi da bindiga har lahira.",refutes,refutes,refutes,True,hausa,Sir Ahmadu Bello was killed in his home on the 12th of January.,"On the 15th of January, at around 10 o'clock at night, Major Nzeogu Kaduna and his children entered the premier's house and released him while he was lying down, and shot him dead with a gun.",refutes,refutes,refutes,True,refutes,hausa,refutes,refutes,True,True,correct_to_correct
afrifact_data_culture_igbo_476,igbo,"Ndị mgbe gboo ji Ibini Ukpabi edozi esemokwu na nsogbu ndị dịka esemokwu ezinụlọ, igbu ọchụ, na ịta amoosu.","Eji Ibini Ukpabi dozie nsogbu, karịsịa nke igbu ọchụ, amoosu, nsị na esemokwu ezinụlọ. ",supports,supports,supports,True,igbo,"The ancients used Ibini Ukpabi to resolve disputes and problems such as family disputes, murder, and witchcraft.","Ibini Ukpabi is used to solve problems, especially murder, witchcraft, poisoning and family disputes.",supports,supports,supports,True,supports,igbo,supports,supports,True,True,correct_to_correct
afrifact_data_culture_hausa_487,hausa,Muhammad Auwal Albaniy Zariya ya rasu sanadiyyar hatsarin mota.,Ƴan bindigar sun harbe Sheikh Muhammad Auwal Adam Albani Zariya tare da ɗaya daga cikin matansa a cikin garin a kan hanyarsu ta dawowa gida bayan sun halarci karatun Tafsirin yamma da suka saba zuwa a cikin garin.,refutes,nei,nei,False,hausa,Muhammad Auwal Albaniy Zaria died in a car accident.,The gunmen shot Sheikh Muhammad Auwal Adam Albani Zaria along with one of his wives in the town on their way back home after attending the evening Tafsir recitation that they used to attend in the town.,refutes,refutes,refutes,True,refutes,hausa,nei,refutes,False,True,wrong_to_correct
afrifact_data_culture_hausa_556,hausa,Almajiri shi ne wanda ya bar garinsu zuwa wani gari don kasuwanci.,Saidai kuma akasari na yima kalmar Almajiri fassarar . Kamar yadda ake dan ganta yaran dake barin garuruwan su zuwa wadan su neman Ilimin Alkur'ani.,refutes,nei,nei,False,hausa,A disciple is someone who leaves his hometown to go to another town for business.,Said and the majority of the word Almajiri translation. As it is seen the children who leave their cities to go somewhere to seek the knowledge of the Qur'an.,refutes,refutes,refutes,True,refutes,hausa,nei,refutes,False,True,wrong_to_correct
afrifact_data_culture_yoruba_560,yoruba,"Láti rìnrìn-àjò dé Porto Novo láti Èkó, èèyàn á nílò láti wọ ọkọ̀ ojú ọ̀nà.","Gẹ́gẹ́bí erékùsù Èkó, Àgbádárìgì jẹ́ ìlú tí a tẹ̀dó sí etí omi, nítorí ìdí èyí, àyè wà láti rìnrìn-àjò gbojú omi láti Èkó sí Ìlú Porto Novo.",refutes,nei,nei,False,yoruba,"To travel to Porto Novo from Lagos, one needs to take a bus.","Like the island of Lagos, Agbadarigi is a city settled on the water's edge, because of this, there is an opportunity to travel by water from Lagos to Porto Novo.",refutes,refutes,refutes,True,refutes,yoruba,nei,refutes,False,True,wrong_to_correct
afrifact_data_culture_yoruba_552,yoruba,"Matthew Aremu tí a tún mọ̀ sí Olúṣẹ́gun Ọbásanjọ́ je àgbà olóṣèlú, ajagun-fẹ̀yìntì, àti ààrẹ àná ní orílẹ̀-èdè Nàìjíríà.","Matthew Àrẹ̀mú Olúṣẹ́gun Ọbásanjọ́ (tí wọ́n bí ní Ọjọ́ karùn-ún oṣù kẹta ọdún 1937) jẹ́ gbajúmọ̀ àgbà olóṣèlú, ajagun-fẹ̀yíntí àti Ààrẹ àná orílẹ̀ èdè Nàìjíríà. Orúkọ bàbá rẹ̀ ni Amos Àdìgún Ọbalúayésanjọ́ ""Obasanjo"" Bánkọ́lé, ìyá rẹ̀ sìn ń jẹ́ Àṣàbí.Ọbásanjọ́ jẹ́ ọmọ bíbí Òwu ní ìlú Abẹ́òkúta ní ìpínlẹ̀ Ògùn lórílẹ̀ èdè Nàìjíríà. Ìyá rẹ̀ kú ní ọdún 1958, bàbá rẹ̀ sìn kú bákan náà ní ọdún 1959.",supports,supports,supports,True,yoruba,"Matthew Aremu also known as Olusegun Obasanjo is a senior politician, retired soldier, and yesterday's president in the country of Nigeria.","Matthew Aremu Olusegun Obasanjo (born on the 5th day of the third month of 1937) is a prominent politician, retired soldier and former President of Nigeria. His father's name is Amos Adigun Obaluayesanjo ""Obasanjo"" Bankole, his mother's name is Ashabi. Obasanjo was born in Owu in Abeokuta town in Ogun state in Nigeria. His mother died in 1958, his father also died in 1959.",supports,supports,supports,True,supports,yoruba,supports,supports,True,True,correct_to_correct
afrifact_data_culture_yoruba_233,yoruba,Àfọ̀njá kò rí àtìlẹyìn kankan gbà lọ́dọ̀ Hausa nígbà tí ó dìtẹ̀ lórí ìjọba.,"Ìlórin jẹ́ ìlú tí àwọn Yorùbá pílẹ̀ rẹ, ọ̀kan lára àwọn ẹ̀yà mẹ́ta tó pàtàkì jùlọ ní Nàìjíríà, níbi ọgọrùn lọnà méjìdínlógún sẹ́yìn (18th century). Ó di olú ìlú fún awọn ológun agbègbè tin bẹ̀ lábẹ́ Ìjọba Ọ̀yọ́ títí di ọdún 1817, nígbà tí Kàkànfò agbègbè náà, ẹni tí orúkọ rẹ̀ ń jẹ́ Afọ̀njá, dìtẹ lórí ìjọba, pẹ̀lú àtìlẹyìn lọ́dọ̀ Hausa kan tí orúkọ rẹ̀ ń jẹ́ Shehu Àlímì, wòlíì àti olùkọ́ ẹ̀sìn Ísílàámù.",refutes,refutes,refutes,True,yoruba,Afonja did not get any support from the Hausa when he conspired against the government.,"Ilorin is a city founded by the Yoruba, one of the three most important tribes in Nigeria, in the 18th century. It became the capital of the local military under the Oyo Kingdom until 1817, when the local chieftain, whose name was Abhinja, conspired against the government, with the support of a Hausa named Shehu Alimi, a prophet and teacher of Islam.",refutes,nei,nei,False,refutes,yoruba,refutes,nei,True,False,correct_to_wrong
afrifact_data_culture_yoruba_764,yoruba,Irúfẹ́ àwọn orúkọ mìíràn tí a tún lè pe ọbẹ̀ yìí pín sí méje.,"Àwọn orúkọ mìíràn tí wọ́n tún ń pe ọbẹ̀ náà ni uha àti ọbẹ̀ ora. Àwọn Oúnjẹ tí ẹ le fi jẹ Oha [ | ] Ọbẹ̀ oha/Uha dára jù lọ pẹ̀lú fùfú. Iyán, sẹ̀mó, ọlá àti ẹ̀bà gbogbo àwọn wọ̀nyí náà ni wọ́n dára pẹ̀lú ọbẹ̀ oha.",refutes,nei,nei,False,yoruba,The variety of other names that we can call this soup is divided into seven.,"Other names that they call the soup are uha and ora soup. Foods that you can eat Oha [ | ] Uha/Uha soup is best with fufu. Desire, semo, honor and fear all these are good with oha soup.",refutes,refutes,refutes,True,refutes,yoruba,nei,refutes,False,True,wrong_to_correct
afrifact_data_culture_igbo_743,igbo,Jurgen Klopp kwuru na ọ gaghị akwụ ụgwọ iwu ọ dara n'ihi na o mere ya na-amaghị ama.,"N'egwuregwu Onye nchịkọta otu egwu Liverpool bụ Jurgen Klopp anabatala iwu ego dị nde paụnds asatọ e riri ya maka ịgbaba n'ime ọgbọ egwuregwu. Klopp kwuru na ọ bụ eziokwu na ọ dara iwu, na ọ pụghị ịgbanarị nke a. ",refutes,nei,nei,False,igbo,Jurgen Klopp said he will not pay the fine because he did it unknowingly.,"Liverpool manager Jurgen Klopp has accepted an £8 million bid to enter the club. Klopp said that it is true that he broke the law, and he cannot escape this.",refutes,refutes,refutes,True,refutes,igbo,nei,refutes,False,True,wrong_to_correct
afrifact_data_culture_igbo_347,igbo,"Na Republic nke abụọ nke Nigeria, P.N. Okeke-Ojiudu ji ọkwa Gọvanọ Anambara. ","Ọ bụ Mịnịsta na-ahụ maka ọrụ ugbo site na 1959-1966, oge akpọrọ Nigeria First Republic . ",refutes,nei,nei,False,igbo,"In the Second Republic of Nigeria, P.N. Okeke-Ojiudu held the position of Governor of Anambara.","He was the Minister of Agriculture from 1959-1966, when Nigeria was the First Republic.",refutes,nei,nei,False,refutes,igbo,nei,nei,False,False,wrong_to_wrong
afrifact_data_culture_igbo_806,igbo,Mazị Sam Ohuabunwa bụ ọkaibe n'ihe gbasara mkpata na mmefu akụ . Mazị Sam Ohuabunwa kwenyere na ndị Naịjirịa ji ụgwọ nwere ike ime ka ego Naịjirịa gharazi iwe isi nke na agaghịzi enwewu ike iji ya gotelie ihe na mba ụwa.,"Mazị Sam Ohuabunwa bụ onye ihe gbasara mkpata na mmefu akụ doro anya kwenyere na ya bụ egwu Atiku na-atụ. Ọ sị na n'ezie, ndị ebitere ego nwereike ịbịa were akụ na ụba Naịjirịa, mana na-enwere ụzọ ọzọ ha ga-esi gbata ụgwọ ego ha karịrị ịnwere akụ na ụba Naịjirịa. Ọ sị na ""ha nwereike ịme ka ego Naịjirịa tipie etipie nke bụ na-ọnweghịzị ihe ọ ga-egoteli na mba ụwa. Onweghịzịkwa ndị ga-atụkwasa Naịjirịa obi maka iresi ha ihe ma ha ejighị ego"".",supports,supports,supports,True,igbo,Mr. Sam Ohuabunwa is an expert in the field of finance and investment. Mr. Sam Ohuabunwa believes that Nigerians who are in debt can make Nigeria's money so weak that it will no longer be able to use it to get anything in the world.,"Mr. Sam Ohuabunwa, who is concerned with campaigning and spending, clearly believes that he is Atiku's fear. He said that of course, those who have borrowed money can come and take the wealth of Nigeria, but there are other ways for them to collect their money which is more than taking the wealth of Nigeria. He said that ""they can make Nigeria's money disappear, which means that it will no longer be worth anything to the international community. There will be no more people who will trust Nigeria for selling things to them if they don't use money"".",supports,nei,nei,False,supports,igbo,supports,nei,True,False,correct_to_wrong
afrifact_data_culture_hausa_673,hausa,Ana zargin 'yan bindiga dadi da kisan mutane lokacin da aka saka dokar hana zirga-zirgar jama'a.,Ta ce bincikenta ya nuna cewa jami'an tsaro sun kashe mutane akalla 18 daga lokacin da dokar takaita zirga-zirgar ta soma aiki a ranar 30 ga watan Maris.,refutes,nei,nei,False,hausa,Militants are accused of killing people when curfews are imposed.,She said her investigation showed that security forces have killed at least 18 people since the curfew came into effect on March 30.,refutes,nei,nei,False,refutes,hausa,nei,nei,False,False,wrong_to_wrong
afrifact_data_culture_igbo_102,igbo,Odogwu Afrịka chịrị Zimbabwe bido afọ 1980 ruo afọ 2017,Ya bu odogwu Afrịka chịrị Zimbabwe bido afọ 1980 ruo afọ 2017.,supports,supports,supports,True,igbo,African countries ruled Zimbabwe from 1980 to 2017,It is the African continent that ruled Zimbabwe from 1980 to 2017.,supports,refutes,refutes,False,supports,igbo,supports,refutes,True,False,correct_to_wrong
afrifact_data_culture_igbo_752,igbo,Swizaland nọ n'ọkwa isii nke mba kachasị agba bọọlụ dịka mkpọpụta ndị FIFA si dị. Ndị mmadụ na-ele ndị Brazil ịma ma ha a ga-eme nke ọma karịa Jamini.,"Ndị FIFA kpọrọ aha Swizaland n'ọkwa isii nke ọkachasị agba bọọlụ nke afọ a, tupu Iko Mbaụwa a ebido. Anya niile dị n'ahụ Brazịl ịma ma ha a ga-eme ọfụma karịa ndị Jamini e meriri taa.",supports,nei,nei,False,igbo,Switzerland is the sixth best footballing country according to the FIFA rankings. People look to the Brazilians to see if they will do better than Jamini.,"FIFA has named Switzerland in the top six of this year's football tournament, ahead of the World Cup. All eyes are on Brazil to see if they will be better than the Jamini who were defeated today.",supports,nei,nei,False,supports,igbo,nei,nei,False,False,wrong_to_wrong
afrifact_data_culture_hausa_040,hausa,Kasar Landan ba ta cikin wuraren da Abubakar Tafawa Balewa ya yi karatu.,"A cikin shekarar 1944, Abubakar Tafawa Balewa da wasu malamai masu ilimi a Lardunan Arewa aka zabi su yi karatu a kasashen waje a Cibiyar Ilimi ta Jami'ar London, wadda a yau ta zama wani bangare na Kwalejin Jami'ar .",refutes,refutes,refutes,True,hausa,London is not one of the places where Abubakar Tafawa Balewa studied.,"In 1944, Abubakar Tafawa Balewa and other educated teachers in the Northern Provinces were chosen to study abroad at the London University Institute of Education, which today is part of the University College.",refutes,refutes,refutes,True,refutes,hausa,refutes,refutes,True,True,correct_to_correct
afrifact_data_culture_hausa_329,hausa,Agwaluma na taimakawa wajen rage alamun zazzabi da kuma inganta lafiyar jiki yayin cututtuka masu alaƙa da malaria.,aria mai naci ko wanda bai jin magani. Binciken wanda aka wallafa a kundin BMC Complementary and Alternative Medicine ya bayyana cewa wannan magani ka iya zama sabuwar karbabbiyar hanyar magance zazzabin duba da rashin nasarar da ake samu da sauran nau’ikan magunguna. Agwaluma dai na dauke da sinadar,supports,nei,nei,False,hausa,Agwaluma helps to reduce the symptoms of fever and improve health during malaria related diseases.,a persistent aria or one who does not respond to treatment. The study published in BMC Complementary and Alternative Medicine stated that this medicine can be a new acceptable way to treat fever after the failure of other types of medicine. Agwaluma contains chemicals,supports,nei,nei,False,supports,hausa,nei,nei,False,False,wrong_to_wrong
afrifact_data_culture_igbo_423,igbo,Obodo ọtụtụ mmadụ bi n'ime ya na-enwe nsogbu mmiri na ebe obibi dị mma karịsịa ebe ha dị obere.,"Ruo mgbe ndị Europe rutere na Naijiria, akụ na ụba Mbaise dabeere na ọrụ ugbo",nei,nei,nei,True,igbo,Most of the people living in the country have problems with water and proper shelter especially since they are small.,"Until Europeans arrived in Nigeria, Mbaise's economy was based on agriculture",nei,nei,nei,True,nei,igbo,nei,nei,True,True,correct_to_correct
afrifact_data_culture_hausa_315,hausa,Hausawa suna amfani da gyaɗa wajen haɗa ƙuli-ƙuli da wasu nau’ikan abinci ba wai miyar gyaɗa ba kawai.,"Miyar gyaɗa miya ce da ake yi da gyaɗa, sau da yawa tare da wasu sinadarai iri-iri. Babban ne amma kuma ana ci a Gabashin ( ), (yafi a ) da sauran yankuna na . Har ila yau, ya zama ruwan dare a wasu yankuna, kamar arewa maso yamma, da , inda a wasu lokuta ana iya ba da shi da naman kashi da ɗan gajeren taliya ko soya.",nei,nei,nei,True,hausa,"Hausas use peanuts to mix kuli-kuli and other types of food, not just peanut soup.","Peanut soup is a soup made from peanuts, often with a variety of ingredients. It is big but it is also eaten in the East ( ), (mainly in ) and other regions of . It is also common in some regions, such as the northwest, and , where it can sometimes be served with bone meat and short pasta or fries.",nei,nei,nei,True,nei,hausa,nei,nei,True,True,correct_to_correct
afrifact_data_culture_yoruba_266,yoruba,"Nínú ìtàn, Gẹ̀lẹ̀dẹ́ àti Ẹ̀fẹ̀ kò rú ẹbọ tí Ifá wí ni wọn ò ṣe rọ́mọ bí láyé.","Àbíkéjì Yemọja tó jẹ́ obìnrin tí orúkọ rẹ̀ ń jẹ́ ""Gẹ̀lẹ̀dẹ́"" ni ó sanra gẹ́gẹẹ́ bí ìyá wọn, tí ó dì fẹ́ràn ìyá wọn gidigidi, tí òun náà sì fẹ́ràn láti ma jó. Lẹ́yìn tí àwọn ọmọm méjèjì náà deni tí ń láya òun ọkọ, wọ́n níi. Ṣùgbọ́n, àwọn náà kò rọ́mọ bí, nìyá wọn bá tún gboko Aláwo lọ̀. Ifá ní kí Ẹ̀fẹ̀ òun Gẹ̀lẹ̀dẹ́ ó rúbọ tí ìyá wọ rú kí àwọn náà ó lè dọlọ́mọ láyé. Wọ́n rúbọ gẹ́gẹ́ bí ifá ti wí; ni wọ́n bá dọlọ́mọ wẹẹrẹ lọ́ọ̀dẹ̀.",refutes,nei,nei,False,yoruba,"In history, Geheledede and Efef did not offer the sacrifice that Ifa said, they did not make it like in the world.","Abikeji Yemoja who is a woman whose name is ""Geledede"" is fat like their mother, who loves their mother very much, and she also likes not to dance. After the two children found the one who was challenging her husband, they said. But, they are not so gentle, so they will go back to the white man. Ifa asked Effe and Gheledede to sacrifice her mother's sacrifice so that they too could live together in the world. They sacrificed as ifa said; they get along very well.",refutes,refutes,refutes,True,refutes,yoruba,nei,refutes,False,True,wrong_to_correct
afrifact_data_culture_igbo_556,igbo,Ọsụọfịa na Ada Jesus nwere esemokwu. Nke mere ka Ada Jesus bụrụ onye nwụrụ anwụ.,"Rita Edochie, Odumeje, Ada Jesus: 'Chukwu abọrọla m ọbọ n'isi nwada a' Onye na-eme ihe nkiri ama ama aha ya bụ Rita Edochie ekwuola na ọ gbagharala Ada Jesus bụ ọkpaọchị ama ama maka okwu ọjọọ o kwuru megide ya. O kwuru si na obi dị ya ụtọ na ụwa amarala na Ada Jesus tụgidere ya asị. ",nei,nei,nei,True,igbo,Jesus and Daughter Jesus had a conflict. Which made Ada Jesus a dead man.,"Rita Edochie, Odumeje, Ada Jesus: 'Chukwu I have taken revenge on this lady' A famous actress named Rita Edochie has said that she has forgiven Ada Jesus who is a famous actress for the bad words she said against her. He said that he was happy that the world knew that Ada Jesus hated him.",nei,nei,nei,True,nei,igbo,nei,nei,True,True,correct_to_correct
afrifact_data_culture_hausa_617,hausa,Mamman Shata mawaƙi ne mai kaifin basira wanda ke iya yiwa duk abinda ya ga dama waƙa.,"Ya kasance mashahurin Mawaki, domin a fagen wakarsa ya shahara, Kasancewarsa a cikin wakar ba abin da ba zai iya yi wa waka ba idan ya ga dama.",supports,nei,nei,False,hausa,Mamman Shata is a talented singer who can sing anything he wants.,"He was a famous singer, because he was famous in the field of his music.",supports,nei,nei,False,supports,hausa,nei,nei,False,False,wrong_to_wrong
afrifact_data_culture_yoruba_461,yoruba,Ọgbẹni Egbebi ò gbìyànjú láti lọ bere lọwọ awọn ara inu ọja kí ó tó gba ohun tí ìyàwó rẹ̀ sọ gbọ́,"Ẹgbẹ oṣiṣẹ ṣe iwọde lati ja fun ẹtọ arabinri oloyun. Ẹwẹ, ẹgbẹ awọn osisẹ nipinlẹ Ondo ti ke si gomina Rotimi Akeredolu lati gba isẹ lọwọ amugbalẹgbẹ rẹ fọrọ akanse isẹ ati aato, Ọmọwe Doyin Odebowale. Saaju la ti mu iroyin wa fun yin pe obinrin alaboyun kan to jẹ osisẹ nileesẹ kolẹ-kodọti lo daku nigba ti Odebowale gba leti lẹnu isẹ. Ẹgbẹ osisẹ naa ni iwa idojuti gbaa ni Odebowale hu si alaboyun naa, Adeola Egbebi lasiko ti obinrin naa wa lẹnu isẹ ladugbo Oja Oba nilu Akure l'Ọjọbọ. Àwọn iròyin tì ẹ leè ní ìfẹ̀ síí: Atẹjade kan ti akọwe ẹgbẹ apapọ awọn osisẹ ọba (AUPCTRE) nipinlẹ naa, Comrade Moyin Banso fisita lọjọ Ẹti, lo sisọ loju ọrọ yii. 'Ẹ kálọ sí ìlú mi'... Ètò ńlá tó bẹ̀ sílẹ̀ kìjà lórí BBC Yorùbá ""A fi gbogbo ẹnu bẹnu atẹ lu iwa ti ọmọwe Odebowale hu si obinrin naa, idi si ree ta se n beere pe kijọba juwe ọna ile fun. Igbesẹ yii nikan si lo le jẹ ki alaafia jọba, ki wọn si maa tọpinpin ipo ti ilera obinrin naa wa."" Ki lo sẹlẹ saaju: Mo dákú rangbọndan lẹ̀yìn tí amúgbálẹ́gbẹ gómìnà Akeredolu fún mi ní ìgbájú olóyì - Aláboyún Alaboyun kan ti fẹsun kan olubamọran pataki lori akanṣe iṣẹ si gomina Rotimi Akeredolu ti ipinlẹ Ondo, Ọmọwe Doyin Odebowale pe o fọ oun leti. Obinrin naa, Egbedi Adeola ati ọkọ rẹ ṣalaye fun BBC Yoruba pe gbagede inu ọja ọba ilu Akure ni iṣẹlẹ naa ti waye. Gẹgẹ bo ṣe sọ, Adeola ni iṣẹlẹ naa waye lasiko ti wọn n ṣe eto gbalumọ inu ọja ti wọn maa n ṣe ni gbogbo Ọjọbọ.",refutes,nei,nei,False,yoruba,Mr. Egbebi did not try to ask the people in the market before he believed what his wife said,"The labor union joined to fight for the rights of pregnant women. Well, the union of workers in Ondo state has called on the governor, Rotimi Akeredolu, to receive the work from his colleague, the chief of staff, Doyin Odebowale. Earlier we brought you the news that a pregnant woman who was a toilet worker fainted when Odebowale called her to work. Odebowale yelled at the pregnant woman, Adeola Egbebi when the woman was having surgery at Oja Oba in Akure on Thursday. The news makes you want more: A press release of the secretary of the union of royal workers (AUPCTRE) in the state, Comrade Moyin Banso on the day of Eti, used to talk about this matter. ""Shout out to my city""... The big program that started on BBC Yoruba ""We condemn with all our mouths the behavior of the scholar Odebowale to the woman, and why is he asking that he should not show her the way home. This is the only step that can make peace reign, and they will keep track of the woman's health."" Let it happen first: I fainted after an aide of the governor Akeredolu gave me the presence of the chief - Alaboyun Alaboyun has accused the special adviser on work project to the governor Rotimi Akeredolu of Ondo state, Omwe Doyin Odebowale that he warned her. The woman, Egbedi Adeola and her husband told BBC Yoruba that the incident took place at the royal market in Akure. According to Adeola, the incident took place while they were making a popular program in the market which they usually do every Thursday.",refutes,nei,nei,False,refutes,yoruba,nei,nei,False,False,wrong_to_wrong
afrifact_data_culture_igbo_557,igbo,Ọrịa mmịwụ gburu Mmesoma Mercy Cynthia Obi. Ọ nwụrụ ọnwa abụọ tupu o mee nncheta ọmụmụ ya.,"Mmesoma Mercy Cynthia Obi Ada Jesus nwụrụ ụbọchị Wenezde n'ụlọọgwụ dị n'Abuja ebe e bugara ya maka ịgwọ ya ọrịa metụtara akịrị, abalị ole na ole o jiri mechaa ncheta ọmụmụ ya. Ụbọchị ncheta ọmụmụ Ada Jesus - Mmesoma Mercy Obi na 19 Epreelu, 2021 Ada Jesus, di ya na ndị ọzọ so ṅụrịa ụbọchị ncheta ọmụmụ ya Otu onye ya na-ezinaụlọ ya dị na mma bụ Harrison Gwamishu gwara BBC Igbo n'ekwentị na akụkọ ahụ bụ eziokwu. ",refutes,nei,nei,False,igbo,Mmesoma Mercy Cynthia Obi died of cancer. He died two months before his birthday.,"Mmesoma Mercy Cynthia Obi Ada Jesus died on Wednesday at a hospital in Abuja where she was taken for treatment for cancer, a few nights after her birthday. Ada Jesus' birthday - Mmesoma Mercy Obi on April 19, 2021 Ada Jesus, her husband and others celebrated her birthday A close family member, Harrison Gwamishu, told BBC Igbo on the phone that the news is true.",refutes,refutes,refutes,True,refutes,igbo,nei,refutes,False,True,wrong_to_correct
afrifact_data_culture_hausa_384,hausa,Malaman addini suna ganin Maulidi na iya amfani da sabbin abubuwa ba tare da bin dukkan ayyukan Annabi ba.," Kuma idan muka lura dacewar dole sai komai Annabi ya aikata zamuyi. Toh muna bukatar amsoshi da dama kamar; 1. Annabi yayi amfani da wayar hannu 2. Yaje makkah a jirgi 3. Ya kira Sallah da sifika 4. Ya sa fanka ko a.c a masallaci 5. Ya hau mota. Da dai sauran su, kuma idan mukai duba da wasu abubuwa addinin Musulunci bazai cigaba ba sai da su kamar zuwa aikin hajji a jirgi, kamar shiga mota saboda ya da Musulunci da dai sauran su. Allah shine masani",nei,nei,nei,True,hausa,Religious scholars believe that Maulidi can use new things without following all the Prophet's actions.,"And if we observe the necessity of doing whatever the Prophet did, we will do it. So we need many answers such as; 1. The Prophet used a mobile phone 2. He went to Makkah in a plane 3. He called Salah with a loudspeaker 4. He used a fan or a.c in the mosque 5. He got in a car. As for the rest of them, and if we look at other things, the religion of Islam will not continue without them, like going to Hajj in a plane, like getting into a car because it is Islam and the rest. God is the knower",nei,nei,nei,True,nei,hausa,nei,nei,True,True,correct_to_correct
afrifact_data_culture_igbo_758,igbo,Dọkịta Nne nke ụlọọgwụ Steve kwụrụ na ọbara ịkpụkọ na ngụ na-aka njọ n'ebe ụmụ nwaanyị buru ibu nọ. Venessa na-akpachara onwe ya anya ugbua igbochi ihe ọbụla ga-eme ka ọbara gbaa n'ime ahụ ya.,"Mana ka otu ọnwa gachara, iku ume Vanessa kawanyere njọ nke mere ka e ziga ya na nnukwu ụlọọgwụ. Ebe ahụ ka nnyocha gosiri na ọbara kpụkọrọ na ngụgụ ya. Vanessa kwuru na dọkịta gwara ya na ""ihe kpatara ọbara mkpụkọ ahụ bụ ọgwụ 'contraceptive' m malitere ịṅụ n'ihi na onweghị ihe ọhụrụ ọzọ m tinyere n'ahụ m."" ""Ha gwara m na ọ bụrụ na chekwuru ka otu ụbọchị gafee tupu m bịa ụlọọgwụ, ihe gaara akawanye njọ."" ",nei,nei,nei,True,igbo,Doctor Mother of Steve's clinic said that bleeding and bleeding are worse in women who are obese. Venessa was careful now to prevent anything that would cause blood to flow in her body.,"But after a month, Vanessa's breathing worsened and she was sent to a hospital. There, an examination showed blood clots in his lungs. Vanessa said that the doctor told her that ""the cause of the bleeding was the contraceptive pill that I started taking because I had nothing new to put on my body."" ""They told me that if I had waited another day before I came to the hospital, things would have gotten worse.""",nei,nei,nei,True,nei,igbo,nei,nei,True,True,correct_to_correct
afrifact_data_culture_yoruba_149,yoruba,Ọlọ́run ṣe àdéhùn fún Dáúdà pé bí ó bá bímọ yóò fi ọmọ náà jọ́sìn fún òun.,"Ọdún Ìdúpẹ́-Ọòrẹ"" jẹ́ ọjọ́ ìsinmi pàtàkì nínú ẹsìn Ìsìlàámù ti àwọn ṣe àjọyọ̀ káàkiri àgbáyé láti ṣerántí àmì kàn tí wọ́n ní ìfẹ sí tí ó ń jẹ́ Ànọ́bì Ìbùrọ̀hìmù ( ( ). Oríṣiríṣi àlàyé ló wà fún ọdún yìi, lára àwọn àlàyé náà ni: Ní ọdún 1991, Sheikh Dr. Abu-Abdullah Adélabú ṣe àlàyé nípa Ọdún Iléyá ní orí Ẹ̀rọ-sọ̀rọ̀sọ̀rọ̀ Rẹ́díò Abùjá wí pé Ọdún Iléyá jẹ́ àjọ̀dún ìfi-ẹ̀mí-ìmọorè-hàn, Ọlọ́hun ní kí Ibrahim ó ṣe láti fi ẹ̀mí-ìmọ́orè hàn èyí tí ó sí fí ọmọ rẹ̀ Ishmael sílè fún ìfi ẹ̀mí-ìmọ́orè hàn sí Ọlọ́run tí ó ṣe àdéhùn fún pé bí oun Ibrahim bá bímọ nínú ogbó pé òun yóò fí ọmọ náà jọ́sín fún Ọlọ́run.",refutes,nei,nei,False,yoruba,"God made a promise to Dauda that if she had a child, she would worship him.","""The Year of Gratitude"" is an important holiday in Islam that is celebrated around the world to commemorate a symbol that they have a love for, which is Prophet Ibrahim ( ( ). There are various explanations for this year, among the explanations are: In the year 1991, Sheikh Dr. Abu-Abdullah Adélabu An explanation about the Year of Ileya on Abuja Radio said that the Year of Ileya is a festival of showing gratitude, God asked Ibrahim to do it to show the spirit of gratitude and he left his son Ishmael to show the spirit of gratitude to God who made a promise that if Ibrahim giving birth in old age that he will dedicate the child to God.",refutes,refutes,refutes,True,refutes,yoruba,nei,refutes,False,True,wrong_to_correct
afrifact_data_culture_hausa_246,hausa,"Shinkafa tana da wadatar tushen kuzari mafi inganci, kuma tana da sinadarai, iron da furotin.","Shinkafa tana da wadatar (albarkatun) starch, akwai kabohsaidirat, tushen kuzari mafi inganci. Shinkafa kuma tana da sinadarai, iron da furotin. Wake kuma ya ƙunshi wasu adadi mai kyau na iron da adadin furotin fiye da na shinkafa. Tare suna bada cikakken furotin, wanda ke fitar da dukkan amino acid, Wanda jiki ba zai iya fitarwa da wannan sinadarin da kansa ba.",supports,supports,supports,True,hausa,"Rice is rich in the most effective sources of energy, and contains vitamins, iron and protein.","Rice is rich in starch, there is kabohsaidirat, the most effective source of energy. Rice also has nutrients, iron and protein. Beans also contain a good amount of iron and a higher amount of protein than rice. Together they provide a complete protein, which releases all the amino acids, which the body cannot release with this substance on its own.",supports,nei,nei,False,supports,hausa,supports,nei,True,False,correct_to_wrong
afrifact_data_culture_igbo_323,igbo,Ejike Obumneme Aghanya bụ onye nkụzi kpọ ụmụakwụkwọ ya wee gba ọsọ n'oge Agha Biafra.,"Ejike Obumneme Aghanya Ejike Ebenezer Obumneme Aghanya (27 Nọvemba 1932 - 3 Julaị 2020) bụ onye agha na onye injinia eletrik nke jere ozi na na ndị agha Biafran, na-ala ezumike nká dị ka onye colonel.",refutes,nei,nei,False,igbo,Ejike Obumneme Aghanya was a teacher who took his students and fled during the Biafran War.,"Ejike Obumneme Aghanya Ejike Ebenezer Obumneme Aghanya (27 November 1932 - 3 July 2020) was a soldier and electrical engineer who served in the Biafran army, retiring as a colonel.",refutes,nei,nei,False,refutes,igbo,nei,nei,False,False,wrong_to_wrong
afrifact_data_culture_yoruba_076,yoruba,"Ọmọkọ́mọ ni Ayọbámi, olùkọ́ pè é ní òwúrọ̀ yìí, ó sì lu aago pa.","Oyo kéde pé kí àwọn òṣìṣẹ́ ìjọba dáwọ́ iṣẹ́ dúró nítorí coronavirus Ijọba ipinlẹ Ọyọ ti ti ilẹkun ileeṣẹ ijọba pa fun ọsẹ meji gbako nitori itankalẹ aarun coronavirus nipinlẹ naa. Gomina ipinlẹ naa, Seyi Makinde lo kede bẹ ẹ ninu atẹjade kan to fi sita loju opo Twitter rẹ lọjọru. Aṣẹ naa yoo bẹrẹ iṣẹ ni ọjọ Ẹti, ọjọ kẹtadinlọgbọn, oṣu Kẹta, ọdun 2020.",nei,nei,nei,True,yoruba,"Ayobami is a child, the teacher called him this morning, and he beat the clock.","Oyo announced that government employees should stop working because of the coronavirus The Oyo state government has closed the doors of government offices for two weeks due to the spread of the coronavirus disease in the state. The governor of the state, Seyi Makinde made the announcement in a press release he posted on his Twitter handle. The order will come into effect on Wednesday, the twenty-seventh day of March, 2020.",nei,nei,nei,True,nei,yoruba,nei,nei,True,True,correct_to_correct
afrifact_data_culture_yoruba_127,yoruba,Lawal ń tẹ ẹ̀rọ ìbánisọ̀rọ̀ rẹ̀ láti bèrè bóyá ètò Maryland yóò wáyé.,"Gbajugbaja olorin takasufe, David Adeleke ti gbogbo eeyan mọ si 'Davido' naa ko gbẹyin nibi ipolongo ibo fun aburo baba rẹ, Ademọla Adeleke ti o jẹ oludije si ipo gomina lati inu ẹgbẹ oṣelu PDP. Eto idibo si ipo gomina ipinlẹ Ọṣun yoo waye lọjọ kejilelogun oṣu kẹẹsan ọdun yii, Ademọla Adeleke yoo si maa takangbọn pẹlu awọn oludije mẹtadinlaadọta mii. Bi o tile jẹ wipe aago mejila ni wọn sọ wipe eto naa yoo gbinaya, titi di aago meji ọsani, nnkan ko tii fi bẹẹ ṣarajọ nitori awọn alejo pataki ti wọn n reti ko tii gunlẹ si papa ipolongo. Ogunlọgọ awọn eeyan to ti de sibi ipolongo ibo naa ni wọn wọ asọ ẹgbẹjọda ti wọn tẹ́ẹ ami idamọ ẹgbẹ oselu PDP si lara.",nei,nei,nei,True,yoruba,Lawal was on the phone to ask if the Maryland plan would go ahead.,"Popular takasufe musician, David Adeleke known to all as 'Davido' did not last in the election campaign for his uncle, Ademola Adeleke who is a candidate for the position of governor from the PDP political party. The Osun state governorship election will be held on the twenty-second day of the ninth month of this year, and Ademola Adeleke will compete with fifty-seven other candidates. Even though they said that the program will start at 12 o'clock, until 2 o'clock in the afternoon, things have not been so bad because the special guests they are expecting have not arrived at the campaign ground. A large number of people who have come to the election campaign are wearing party clothes with the PDP political party symbol printed on them.",nei,nei,nei,True,nei,yoruba,nei,nei,True,True,correct_to_correct
afrifact_data_culture_hausa_438,hausa,Abubakar Gumi ya yi rikici da malaman sufaye.,A farkon shekara ta 1960 an samu barkewar rikici tsakanin sa da malaman sufaye wanda daga baya rikicin ya koma muhawara a gidajen rediyo da talabijin a shekarun 1970 zuwa shekara ta 1980.,supports,supports,supports,True,hausa,Abubakar Gumi had a conflict with the Sufi scholars.,"In the early 1960s, there was an outbreak of conflict between him and the Sufi scholars, which later turned into debates on radio and television in the 1970s and 1980s.",supports,supports,supports,True,supports,hausa,supports,supports,True,True,correct_to_correct
afrifact_data_culture_yoruba_289,yoruba,Sunday Igboho ní òun kò fẹ́ oyè ọ̀gá àgbà páta fún ikọ̀ Amotekun nílẹ̀ Yorùbá,"Agba amofin naa gba awọn gomina mejeeji yii ni gbolohun nitori abẹwo ti wọn se sọdọ aarẹ Buhari lọjọru lori eto aabo to mẹhẹ nipa ọsẹ tawọn ọdaran darandaran n se. Bẹẹ ba gbagbe, gomina Makinde ati Akeredolu lo tọ Buhari lọ nilu Abuja lati beere fun afikun eto aabo to peye, nitori ọwọja awọn ọdaran darandaran to gogo nipinlẹ koowa wọn. Àwọn iròyin tì ẹ leè ní ìfẹ̀ síí: Makinde, to bawọn akọroyin sọrọ lẹyin ipade wọn pẹlu aarẹ si ni oun lo anfaani abẹwo naa lati beere fun agbekalẹ afikun ileesẹ ọlọpaa kogberegbe nipinlẹ toun. Ifọrọwerọ pẹlu Gani Adams lori ọrọ Sunday Igboho Amọ Falana, lasiko to n takurọsọ pẹlu awọn akọroyin ni, awọn gomina yiii ni ipese eto aabo to peye wa nikawọ wọn, pẹlu ileesẹ ọlọpaa, ko si yẹ ki wọn lọ sọdọ aarẹ. Agba amofin naa woye pe aarẹ lo n dari ileesẹ ologun nilẹ Naijiria, kii se ileesẹ ọlọpaa, ko ba si san ko jẹ pe ọdọ ajọ to n sakoso ileesẹ ọlọpaa nilẹ wa, ni wọn gbe ibeere wọn lọ.",nei,nei,nei,True,yoruba,Sunday Igboho said that he does not want the title of chief of staff for Amotekun ambassador in Yoruba country,"The senior lawyer accepted the two governors' sentence because of the visit they made to President Buhari in violation of the weak security system regarding the week that the herdsmen are doing. If you forget, governors Makinde and Akeredolu went to Buhari in Abuja to ask for an additional adequate security system, because of the number of herdsmen criminals in their state. The news made you more interested: Makinde, when he spoke to journalists after their meeting with the president, he used the opportunity of the visit to ask for the formation of an additional police station in the state. Discussion with Gani Adams on Sunday Igboho Amo Falana, when he was arguing with journalists, these governors have adequate security system, including the police, and they should not go to the president. The senior lawyer realized that the president is leading the military in Nigeria, not the police, and if it is not the youth of the organization that controls the police in our country, they will take their questions.",nei,nei,nei,True,nei,yoruba,nei,nei,True,True,correct_to_correct
afrifact_data_culture_igbo_774,igbo,Ụfọdụ ụmụ nwaanyị na-agabiga ihe mgbu ka ha na-ahụ nsọ ha. Ihe mgbu ha gụnyere mgbakasị ahụ na-ahụ ụfụ. Enwere ụzọ dị icheiche apụrụ inyere nwaanyị nsọ ya na-enye nsogbu aka.,"Nye ụfọdụ ụmụnwaanyị, mkpụrụ ụbọchị atọ ruo ise ahụ ha na-ahụ nsọ ha na-adị ka ọkụmmụọ n'ihi ihe ha na-eji anya ha ahụ. Ụfọdụ na-anọ na mgbakasị ahụ nke bụ na ị gwa ya ofu okwu ọ bakasịara gị ahị (ihe ọ naghị emekarị), ebe ụfọdụ anaghị enweta onwe ha n'ihi ụdịrị ahụ ụfụ ha na-anọ n'ime ya. Mana dịka ikwu na ibe, enyi, onye ọrụ nakwa onye ya na nwaanyị na-ahụ nsọ ya nwere mmekọ n'ụzọ dị iche iche, kedụ ihe ndị ị ga-emere ya iji nyere ọnọdụ ya aka?",supports,nei,nei,False,igbo,Some women go through pain while they are menstruating. Their pain includes a painful sensation. There are different ways to help a troubled saint.,"For some women, the first three to five days of their period are like ghosts because of what they see with their eyes. Some are in a state of stress that you have to tell him what he has said to you (which does not happen often), while some do not get themselves because of the pain they are in. But like saying that a friend, a friend, an employee and someone with a woman who is menstruating has a relationship in different ways, what are the things you can do to help her situation?",supports,supports,supports,True,supports,igbo,nei,supports,False,True,wrong_to_correct
afrifact_data_culture_hausa_098,hausa,A zaminin mulkin Abdullahi Umar Ganduje aka sayar da filayen makarantu don gina shaguna.,"A shekarar 2019, Gwamna Abdullahi Umar Ganduje ya sanya hannu kan dokar kafa sabbin masarautu huɗu.",nei,nei,nei,True,hausa,"During the reign of Abdullahi Umar Ganduje, school lands were sold to build shops.","In 2019, Governor Abdullahi Umar Ganduje signed the law establishing four new kingdoms.",nei,nei,nei,True,nei,hausa,nei,nei,True,True,correct_to_correct
afrifact_data_culture_igbo_720,igbo,"John Abeng bụ onyeisi ndị uweoji na Steeti Anambra ekwuola na ọ ga-enye aka ịchụpụ ndị ohi, ndịotu nzuzo na ndị ntọrị mmadụ.","Onyeisi ndị uweojii na Anambra steeti bụ John Abang ewkusiela ike na ya ga-enye aka ka Anambra steeti bụrụ kpoo na-nchekwa. O kwukwara na ha ga akpalite ""Operation Puffadder i ji chụpụ ndị otu nzuzo,ndiohi ma ọkachasị ndị ntọrị.""",supports,supports,supports,True,igbo,"John Abeng, the police chief in Anambra State, has said that he will help drive out thieves, gangs and thugs.","The Chief of Police in Anambra State, John Abang, has confirmed that he will help make Anambra State safe and secure. He also said that they will initiate ""Operation Puffadder to drive out secret groups, criminals and especially those who are corrupt.""",supports,supports,supports,True,supports,igbo,supports,supports,True,True,correct_to_correct
afrifact_data_culture_hausa_029,hausa,An yi yaƙin basasa na Biyafara ne a loƙacin mulkin Janar Yakubu Gawon.,"A ƙarƙashin mulkin Gowon ne masu fafutukar neman ficewa daga Najeriya daga al'umman ibo ƙarkashin jagorancin shugaban su don ƙasar Biafara suka janyo yakin basasa tsakanin gwamnatin Najeriya da kuma mutanen , inda gwamnatin Gowon ɗin tafito ta yaƙesu har sai da suka miƙa wuya.",supports,supports,supports,True,hausa,The Biafra civil war was fought during the reign of General Yakubu Gawon.,"Under Gowon's rule, the Igbo people who were fighting to leave Nigeria under the leadership of their leader for the land of Biafra caused a civil war between the Nigerian government and the people, where Gowon's government came out and fought them until they surrendered.",supports,supports,supports,True,supports,hausa,supports,supports,True,True,correct_to_correct
afrifact_data_culture_hausa_733,hausa,Ba a taba yin shugaban ƙasar da ya wuce shekaru 5 akan mulki a ƙasar Gambiya ba.,"Yahya Jammeh ya yi shekara 22 yana mulkin Gambiya ""Tsohon shugaban ba shi da lokacin da zai mayar da martani kan wadannan karerayi.",refutes,refutes,refutes,True,hausa,There has never been a president who has been in power for more than 5 years in Gambia.,"Yahya Jammeh ruled the Gambia for 22 years ""The former president has no time to respond to these lies.",refutes,refutes,refutes,True,refutes,hausa,refutes,refutes,True,True,correct_to_correct
afrifact_data_culture_hausa_416,hausa,Zubairu shine yake jagorancin haɗa waƙoƙin yabon Ahmad at-Tijjanī wanda za ayi ranar jumma'a,"Bugu da ƙari, almajirai a wurare da yawa suna shirya taruka na yau da kullun, galibi a ranar Alhamis da yamma ko kafin Waẓīfa da Hailat al-Jum'ah don yin Allah , ko ambaton . A irin waɗannan tarurrukan, ana iya haɗa waƙoƙin yabon Allah, , Ahmad at-Tijjanī, ko wani shugaban addini tare da zikiri. Irin waɗannan tarurrukan na iya haɗawa da maimaita sauƙaƙa a matsayin ƙungiya ko amsa ƙira, inda ɗaya ko fiye da shugabanni ke jagorantar waƙar wasu kuma suna maimaita ko kuma ba da amsa.",nei,nei,nei,True,hausa,Zubairu is the leader of the composition of Ahmad at-Tijjanī songs that will be performed on Friday,"In addition, the disciples in many places organize daily gatherings, mostly on Thursday evening or before Waẓīfa and Hailat al-Jum'ah to worship God, or to mention. In such gatherings, songs of praise to Allah, , Ahmad at-Tijjanī, or another religious leader can be combined with dhikr. Such meetings may involve simple repetition as a group or response pattern, where one or more leaders lead the song and others repeat or respond.",nei,nei,nei,True,nei,hausa,nei,nei,True,True,correct_to_correct
afrifact_data_culture_hausa_770,hausa,Neman ilimin addini ya wajaba akan kowanne musulmi namiji da mace,"Ya ce bai dace a ce malami ya wuce sa'a uku yana koyarwa bai huta ba ""amma ka'ida sai a ce ana neman ka yi awa shida ko awa bakwai wanda dole idan ka fara, awa daya, awa biyu kana jin nishadi a kan koyarwa, amma awa uku, awa hudu to ka fara jin jiki ko kwakwalwar kanta tana bukatar a ce ta huta""",nei,nei,nei,True,hausa,Seeking religious knowledge is obligatory for every Muslim man and woman,"He said that it is not appropriate to say that a teacher spends more than three hours teaching without taking a break, ""but the rule is that you are asked to do six or seven hours, which is necessary when you start, one hour, two hours, you feel fun while teaching, but after three, four hours, you start to feel that the body or the brain itself needs to rest.""",nei,nei,nei,True,nei,hausa,nei,nei,True,True,correct_to_correct
afrifact_data_culture_hausa_006,hausa,Shugaban kasa Goodluck Ebele Jonathan ya sha kayi a hannun Muhammadu Buhari a zaben shekarar 2015.,"Buhari ya lashe zaɓen, inda ya kayar da shugaban ƙasa mai ci Goodluck Ebele Jonathan. Wannan shi ne karo na farko a tarihin Najeriya da shugaban ƙasa mai ci ya sha kaye a zaɓen tazarce.",supports,"nei

The evidence mentions that Buhari",nei,False,hausa,President Goodluck Ebele Jonathan lost to Muhammadu Buhari in the 2015 election.,"Buhari won the election, defeating the incumbent President Goodluck Ebele Jonathan. This is the first time in the history of Nigeria that a sitting president has lost in a by-election.",supports,supports,supports,True,supports,hausa,nei,supports,False,True,wrong_to_correct
afrifact_data_culture_hausa_020,hausa,An yi wa Murtala Muhammad shaidar cewa mutum ne mai son zaman lafiya.,"Murtala Muhammad ya kasan ce Bahaushe ne kuma ne, baya ga haka kuma Murtala Muhammad ya kasan ce shugaba na kowa dake cikin ƙasar Najeriya, wanda baya nuna bamban ci a tsakanin yare ko Addini ga duk mutanan ƙasar Najeriya.",supports,nei,nei,False,hausa,Murtala Muhammad has been proven to be a peace-loving person.,"Murtala Muhammad could not say that he is a Baha'i, besides that, Murtala Muhammad could not be the leader of everyone in Nigeria, who does not show differences between language or religion for all the people of Nigeria.",supports,nei,nei,False,supports,hausa,nei,nei,False,False,wrong_to_wrong
afrifact_data_culture_hausa_633,hausa,"Yawancin waƙoƙin zamani basa haɓaka, kuma basa bada wata gudummawa ga haɓakar harshe.","Waka ita ce rubutun adabi, wanda mawaƙi ya rubuta, ta amfani da wannan ka'ida. taron waka music center Waƙar tana da dogon tarihi daban-daban, tana tasowa daban-daban a duk faɗin duniya. Ta samo asali aƙalla tun kafin tarihi tare da waƙoƙin farauta a da kuma waƙar waƙa da waka na daulolin , , da kwarin Volta. Wasu daga cikin rubutattun wakoki na farko a Afirka sun kasance a cikin pyramid texts da kuma aka rubuta a ƙarni na 25 KZ.",nei,nei,nei,True,hausa,"Most modern songs do not develop, and do not contribute to the development of the language.","A poem is a literary text, written by a poet, using this principle. music center music center Music has a long and varied history, developing differently all over the world. It has its origins at least as far back as prehistoric times with the hunting songs and folk songs of the , , and Volta Valley dynasties. Some of the earliest written poems in Africa were found in the pyramid texts and were written in the 25th century BCE.",nei,nei,nei,True,nei,hausa,nei,nei,True,True,correct_to_correct
afrifact_data_culture_igbo_440,igbo,Alvan Ikoku so n'òtu West African Educational Council (WAEC) ma sonyekwa n'òtù Council nke Mahadum Ibadan na 1950s..,"u mkpa dị iche iche. Ọ jikọtara n'ụdị n'ọtụtụ n'ime 1950s, mgbe Gọọmenti ọmụmụ edemede ugboro ugboro NUT ya iji w",refutes,nei,nei,False,igbo,Alvan Ikoku was a member of the West African Educational Council (WAEC) and also joined the Council of the University of Ibadan in the 1950s.,"u different needs. It merged into form in most of the 1950s, when the Government repeated its NUT study to w",refutes,nei,nei,False,refutes,igbo,nei,nei,False,False,wrong_to_wrong
afrifact_data_culture_igbo_147,igbo,Ndị bi na ndịda na-asụ Yoruba.,Ndị bi na ya bụ ọdịbendị Igbo dị iche iche na ndị na-asụ dị iche iche: 307 : 315,nei,nei,nei,True,igbo,People living in the south speak Yoruba.,Its inhabitants are of different Igbo cultures and people who speak different languages: 307 : 315,nei,nei,nei,True,nei,igbo,nei,nei,True,True,correct_to_correct
afrifact_data_culture_igbo_254,igbo,"Nwankwo Kanu bụkwa onye nwe igwe onyonyo nke Kanu Sports, ụlọ ọrụ igwe onyonyo egwuregwu Ịntanetị.","Ọ bụkwa onye nwe igwe onyonyo nke Kanu Sports, ụlọ ọrụ igwe onyonyo egwuregwu Ịntanetị.",supports,nei,nei,False,igbo,"Nwankwo Kanu is also the owner of Kanu Sports TV, an Internet sports TV company.","He is also the owner of Kanu Sports Television, an Internet sports television company.",supports,supports,supports,True,supports,igbo,nei,supports,False,True,wrong_to_correct
afrifact_data_culture_igbo_464,igbo,Mahadum Trinity College dị na Dublin nke Ireland ji ihe eserese wee sọpụrụ Jaja Wachuku n'afọ 2020.,"Na Fraịde 6 Machị 2020, Trinity College Dublin nke Ireland sọpụrụ Wachuku site na ihe osise a ma ama nke e debere n'ime ụlọ ọrụ akụkọ ihe mere eme nke mahadum ahụ; ebe Wachuku gụsịrị akwụkwọ na 1944 na akara ugo mmụta mbụ na sayensị iwu",supports,supports,supports,True,igbo,"Trinity College in Dublin, Ireland will honor Jaja Wachuku in 2020.","On Friday 6 March 2020, Ireland's Trinity College Dublin honored Wachuku with a famous portrait placed in the university's history office; while Wachuku graduated in 1944 with a first degree in legal science",supports,supports,supports,True,supports,igbo,supports,supports,True,True,correct_to_correct
afrifact_data_culture_hausa_419,hausa,An haifi Ahmad al-Tijani a shekarar 1737 kuma ya kafa tsarin Tijjaniyya a cikin 1780s,"Tarihi da yaɗa oda [ | ] Tushen tsari [ | ] An haifi Ahmad al-Tijani (1737-1815) a Ain Madhi a kuma ya rasu a na . Ya yi karatun addini a Fes, Morocco. Da wahayi daga wasu waliyan Moroko ya kafa tsarin Tijjaniyya a cikin 1780s; kafofin sun bambanta dangane da ainihin kwanan wata tsakanin 1781 da 1784.",supports,supports,supports,True,hausa,Ahmad al-Tijani was born in 1737 and founded the Tijjaniyya system in the 1780s.,"History and spread of order [ | ] Process root [ | ] Ahmad al-Tijani (1737-1815) was born in Ain Madhi and died in . He studied religion in Fes, Morocco. Inspired by some Moroccan saints, he established the Tijjaniyya system in the 1780s; sources differ as to the exact date between 1781 and 1784.",supports,supports,supports,True,supports,hausa,supports,supports,True,True,correct_to_correct
afrifact_data_culture_yoruba_263,yoruba,Mọ́ímọ́í dáa ṣùgbọ́n wọn kì í fí jẹ ìrẹsì àti àwọn oúnjẹ mìíràn.," A tún mọ mọ́í-mọ́í sí ""àlẹ̀lẹ̀"" tàbí ""ọ̀lẹ̀lẹ̀” ní àwọn ẹ̀ka-èdè Yorùbá mìíràn, bẹ́ẹ̀ bí àwọn ènìyàn ṣe mọ̀ ọ́ sí ní àti . Wọ́n sábà máa ń jẹ́ mọ́í-mọ́í pẹ̀lú /kókó. Tubaani (tàbí Tubani) jẹ́ irúfẹ́ oúnjẹ yìí( mọ́í-mọ́í) ní apá Àríwá ilẹ̀ Gánà. Wọ́n máa ń fi , kókó, tàbí kọ́sítádì jẹ mọ́í-mọ́í náà. Ó tún jé oúnjẹ-àfikẹ́ẹ̀gbẹ́ ní àwọn ìnáwó , tí wọ́n ń fi kún ìrẹsì alésèpọ̀ àti irúfẹ́ àwọn oúnjẹ mìíràn.",refutes,refutes,refutes,True,yoruba,Knowledge is good but they do not eat rice and other foods.,"It is also commonly known as ""night"" or ""land"" in other Yoruba languages, as people know it in and . They are often associated with /key. Tubaani (or Tubani) is this type of food (moi-moi) in the Northern part of Ghana. They usually eat it with , kokon, or custard. It is also a side dish in the budget, which is added to rice and other types of food.",refutes,refutes,refutes,True,refutes,yoruba,refutes,refutes,True,True,correct_to_correct
