query_id,language,claim,gold_label,retrieved_id,retrieved_language,retrieved_evidence,retrieved_is_gold,bm25_score,raw_response,predicted_label,correct
afrifact_data_culture_hausa_657,hausa,Shugaba Muhammadu Buhari ya kaddamar da eNaira a ranar 20 ga watan Yunin 2016.,nei,afrifact_data_culture_hausa_658,hausa,"Daga ranar 20 ga watan Yunin 2016, Naira ta samu damar yin iyo, bayan da aka sanya ta a kan ₦197 zuwa dalar Amurka 1 na tsawon watanni. Ciniki[a cewar wane?] ya yi hasashen yawan adadin naira zai kasance tsakanin ₦280 da ₦350 zuwa dala. A watan Oktoban 2021, Shugaba Muhammadu Buhari ya kaddamar da eNaira, nau'in dijital na kudin jihar a Najeriya.",False,53.94651934718813,supports,supports,False
afrifact_data_culture_igbo_058,igbo,Ngagharị iwe a bụ ụzọ e si edozi esemokwu.,nei,afrifact_data_culture_igbo_295,igbo,"Mbadiwe hibere akwụkwọ akụkọ nke ya, Daily Telegraph, dịka akụkụ ngagharị iwe.",False,15.243609553628843,supports,supports,False
afrifact_data_culture_igbo_749,igbo,Ihe isi ike anaghị emetụta ihe ndị e ji alụ ụm̀ụ nwaanyị Igbo. Ụmụ ntorobịa Igbo kwuru na ha zuru ka emee.,refutes,afrifact_data_culture_igbo_748,igbo,"Ndị ntorobia Igbo: Belatanụ Ihe eji alụ nwaanyị Ndị ntorobia Igbo akpola oku ka obodo dị n'Igbo wedata ihe ndị ọ na-eri iji lụọ nwaanyị n'ala igbo. Ndị ntorobịa kwuru a nke na mkparịtaụka BBC hiwere na Facebook ụbọchị Fraide rụtụ®ụaka na ihe isi ike, ihe ilụnwaanyị na-erị nakwa oke mgbuchi nne nna na Igbo na-egbuchi ụmụ ha ndị nwaanyị so 'ihe na akpata alụghhị di maọbụ nwaanyị n'oge.",False,57.918365839660446,supports,supports,False
afrifact_data_culture_igbo_384,igbo,"N'ịgbado ụkwụ n'oke ala nakwa ngwaahịa, Ahịa Main Market Ọnicha bụ otu n'ime ahịa kacha bu ibu n'ọdịda anyanwụ Afịrịka",supports,afrifact_data_culture_igbo_384,igbo,Ahịa Ọnicha nke a makwaara dị ka Onitsha Main Market na bekee bụ otu n'ime ahịa kacha ibu na ọdịda anyanwụ Afrịka dabere na nha ala na oke ngwongwo ahịa a n'ere ebe ahụ.,True,82.6694809647727,supports,supports,True
afrifact_data_culture_yoruba_723,yoruba,"Abíọ́lá ní ìfẹ́ sí ìṣèlú látìgbà tí ó wà ní ọmọ ọdún mọ́kàndínlógún, ó sì bẹ̀rẹ̀ sí í kópa ní ẹgbẹ́ òṣèlú látàrí ìfẹ́ tí ó ní sí i.rẹ̀ sí i.",supports,afrifact_data_culture_yoruba_723,yoruba,"Abíọ́́lá jẹ́ Olóòtú ìwé ìròyìn ọ̀sọ̀ọ̀sẹ̀ ilé-ìwé wọn tí ó ń jẹ́ tí sì jẹ́ igbákejì rẹ. Ó dára pọ̀ mọ́ ẹgbẹ́ ní ìgbà tí ó di ọmọ ọdún mọ́kàndínlógún nítorí ìfẹ́ tí ó ní sí ètò òṣèlú àwa arawa ó darapọ́ mọ́ ẹgbẹ́ òṣèlú jẹ́ olùdásílẹ̀ rẹ̀ Ní ọdún 1960, Moshood jẹ àǹfàníi ẹ̀kọ́ ọ̀fẹ́ ti ijọba láti lọ ka ìwé ní University ti Glasgow ní ìlú Scotland ni ibi tí ó ti gba oyè nínú ìmọ̀ ìṣirò.",True,81.87501661985954,supports,supports,True
afrifact_data_culture_hausa_081,hausa,Rabiu Musa Kwankwaso ne ya naɗa Sunusi Lamido Sunusi sarautar Kano bayan mutuwar Ado Bayero.,nei,afrifact_data_culture_hausa_074,hausa,"An zaɓi Rabiu musa Kwankwaso a matsayin gwamnan a shekara ta( 1999), ƙarƙashin jam'iyyar( PDP), har zuwa shekara ta( 2003)",False,25.161272413509156,refutes,refutes,False
afrifact_data_culture_igbo_141,igbo,Akwa mmiri ahụ adaala.,nei,afrifact_data_culture_igbo_142,igbo,Ha kelere onyeisiala Buhari ka o si wete ego eji arụ akwa mmiri Naịja nke abụọ nakwa ndozi ọdọ ụgbọelu Enugu.,False,13.388414642117336,supports,supports,False
afrifact_data_culture_hausa_389,hausa,"Ango a al'adar Hausawa yana da alhakin siyan kayan lefe kafin aure, sannan kayan ana kai su gidan amarya ta hannun mata.",supports,afrifact_data_culture_hausa_386,hausa,"Al'adar Hausawa ce inda ango ke siyan kayan amfani masu kyau da tsada a matsayin wata babbar kyauta da zai bawa amaryarsa. Wadannan kyaututtukan ango na gama sayen sune kafin Auren shi, bayan sun gama kammaluwa, sai iyayen Ango kama daga Inna, Gwaggonninsa da sauran su, mata ne suke kai kayan gidan Amarya, Ita kuma Amarya sai iyayen ta mata su karba kayan su dan ba iyayen Ango abinci da dan tukuici. ",False,74.5900400799176,supports,supports,True
afrifact_data_culture_igbo_241,igbo,Ụfọdụ ụlọakwụkwọ dị na Beijing na Shanghai emepebeghị dịka ụmụakwụkwọ agaghị akwụkwọ taa,refutes,afrifact_data_culture_igbo_243,igbo,Ụfọdụ ụlọakwụkwọ dị na Beijing na Shanghai emepekwaala dịka ụmụakwụkwọ malitere ịga akwụkwọ taa.,False,64.58631988183673,supports,supports,False
afrifact_data_culture_igbo_424,igbo,O bụ ịkọ ọrụ ugbo so na ọrụ ndị mba Brazil dabere na ya isi na-abawanye ọnọdụ akụ na ụba ha ruo ugbu a.,nei,afrifact_data_culture_igbo_421,igbo,"Ruo mgbe ndị Europe rutere na Naijiria, akụ na ụba Mbaise dabeere na ọrụ ugbo",False,40.09132087728257,supports,supports,False
afrifact_data_culture_hausa_004,hausa,Muhammadu Buhari ya zama shugan kasa na mulkin soja yana matsayin kanal.,refutes,afrifact_data_culture_hausa_002,hausa,"Muhammadu Buhari (17 Disamba 1942 – 13 Yuli 2025) ne wanda ya yi mulkin ƙasar a matsayin daga 2015 zuwa 2023. Soja ne mai matsayi na majo janar a , kuma ya shugabanci ƙasar a matsayin daga 31 Disamba 1983 zuwa 27 Agusta 1985. Buhari ya tsaya takarar shugaban ƙasa a Najeriya a ƙarƙashin jam’iyyar a zaɓen shugaban ƙasa na 2003 da na 2007, sannan kuma a ƙarƙashin jam’iyyar Congress for Progressive Change (CPC) a zaɓen shugaban ƙasa na 2011",False,22.522859725722803,refutes,refutes,True
afrifact_data_culture_igbo_383,igbo,"N'ịgbado ụkwụ n'oke ala nakwa ngwaahịa, Ahịa Main Market Ọnicha akaghị ahịa Arịarịa nke Aba bu ibu",refutes,afrifact_data_culture_igbo_383,igbo,Ahịa Ọnicha nke a makwaara dị ka Onitsha Main Market na bekee bụ otu n'ime ahịa kacha ibu na ọdịda anyanwụ Afrịka dabere na nha ala na oke ngwongwo ahịa a n'ere ebe ahụ.,True,57.68341011000024,supports,supports,False
afrifact_data_culture_yoruba_562,yoruba,"Ní orílẹ̀-èdè Nàìjíríà, ètò ìkànìyàn bẹ̀rẹ̀ Ní ọdún 1852 láti ṣe àkọsílẹ̀ iye èèyàn tó wà lórílẹ̀-èdè náà.",nei,afrifact_data_culture_yoruba_562,yoruba,"Gẹ́gẹ́bí àkọsílẹ̀ ètò ìkànìyàn ọdún 2006, àpapọ̀ iye enìyàn tó wà ní Àgbádárìgì jẹ́ 241,093.",True,47.719817806347145,nei,nei,True
afrifact_data_culture_igbo_173,igbo,Otu onye bi n'Anambra kwuru na ọ ruola afọ iri mmiri gbadebere na mpaghara ya.,refutes,afrifact_data_culture_igbo_173,igbo,Otu onye bi Enugwu sị na o ruola afọ iri mmiri gbadebere na mpaghara ya bi n'Enugwu.,True,51.45947399896688,supports,supports,False
afrifact_data_culture_hausa_058,hausa,Usman Dan Fodiyo ɗan asalin kabilar Hausawa ne.,refutes,afrifact_data_culture_hausa_056,hausa,Usman Ɗan Fodiyo ya haddace Qur'ani yana da ƙananan shekaru a rayuwarsa a ƙarƙashin kulawar mahaifinsa.,False,23.514075590928087,nei,nei,False
afrifact_data_culture_igbo_301,igbo,Naanị ikuku na ọhịa bụ ihe dị ka ọrụ ugbo mkpa iji wee ịga nke ọma,refutes,afrifact_data_culture_igbo_168,igbo,Ikuku bụ otu akụrungwa dị ezigbo mkpa iji chekwaa nri.,False,28.213583729136865,supports,supports,False
afrifact_data_culture_igbo_735,igbo,"Nnamdị Kanu bụ omeiwu. Ụgbụa, a kpọgara ya ụlọ nga dị na Sokoto.",nei,afrifact_data_culture_hausa_533,hausa,"Ya yi aiki a matsayin mai kula da kuɗi na cikin gida a ƙaramar hukumar , ya riƙe Daraktan kuɗi na musamman na asibitin Sokoto, daraktan kuɗi ma'aikatar ilimi ta Sokoto.",False,15.65468288175812,refutes,refutes,False
afrifact_data_culture_hausa_250,hausa,Masanin tarihin abinci da aikin gona James C. McCann ya ba da shawarar daina yaɗa shinkafa.,refutes,afrifact_data_culture_hausa_249,hausa,"Masanin tarihin abinci da aikin gona James C. McCann yayi la'akari da wannan ikirarin mai yiwuwa idan aka yi la’akari da shaharar shinkafa a cikin kwarin Niger ta sama, amma yana ganin ba zai yuwu tasa ta iya yaɗuwa daga Senegal zuwa inda take yanzu tunda ba a ganin irin wannan yaɗuwar a cikin “harshe, tsarin siyasa ko tarihi "". Maimakon haka ya ba da shawarar cewa tasa ta yaɗu tare da masarautar Mali, musamman masu sana'ar Djula waɗanda suka bazu ko'ina zuwa cibiyoyin kasuwanci da biranen yanki, tare da ɗaukar fasahar tattalin arziƙin ""ƙera, ƙaramin sikelin, da agronomy shinkafa"" gami da addini. na Musulunci.",False,46.48586145321855,supports,supports,False
afrifact_data_culture_hausa_827,hausa,Yan majalisar sun ce su wakilan jama'a ne don haka suna da ikon yin ƙarin ayyuka a cikin kasafin.,supports,afrifact_data_culture_hausa_826,hausa,"Game da ayyukan da aka ce 'yan majalisar sun kara, ya ce su ma wakilai ne ""na jama'a kuma suna da damar sanya ayyukan da za su yi tasiri a rayuwar talaka,"" kamar yadda wata sanarwa da ya aike wa manema labarai ta ce.",False,39.06469737018706,supports,supports,True
afrifact_data_culture_yoruba_701,yoruba,"Nígbà tí Buhari jẹ́ ààrẹ, ó lo sáà méjì àti àbọ̀ kí ó tó kúrò ní ipò.",refutes,afrifact_data_culture_yoruba_291,yoruba,"Femi Falana Gbajúgbajà agbẹjọ́rò àgbà tó tún jẹ́ ajàfẹ́tọ ọmọniyàn, Femi Falana, tí sàlàyé pé, Sunday Igboho kò lẹ́tọ̀ọ́ láti sọ pé kí ẹnikẹ́ni fi ìlú sílẹ̀, ó yẹ kí ó tẹ̀lé òfin ni. Falana sọ̀rọ̀ yìí lásìkò ìfọ̀rọ̀wérọ̀ rẹ̀ pẹ̀lú BBC l‘Ọjọru lórí ipò tí Nàìjíríà wà àti èrò rẹ̀ lórí àwọn olórí ẹ̀ṣọ́ ààbò tí ààrẹ Buhari yàn. Agbẹjọ́rò àgbà náà ní ""ìjọba gan kò létọ láti lé ẹnikẹni kúrò níbí tó wà nítori òfin Nàìjíríà gan sọ pé, lẹ́yìn ọdún mẹ́wàá tí ènìyàn bá ti gbé ní ìlú kan , ó lẹ́tọ̀ọ́ sí gbogbo ǹkan ti àwọn onílùú náà ní. Kódà kí ènìyàn jẹ́ ayálégbé, gan ó nílò àsìkò tó tó kí wọ́n tó le kúrò nínú ilé."" Ó wá rọ ìjọba ìpińlẹ̀ Oyo láti kọ́ àwọn ìbuba fún àwọn màálú.",False,33.439103836795766,supports,supports,False
afrifact_data_culture_yoruba_592,yoruba,Gbogbo ìlú tí ó wà ní ìpínlẹ̀ Kwara ni ẹ̀yà náà tẹ̀dó sí.,nei,afrifact_data_culture_yoruba_049,yoruba,"Àwọn ẹ̀yà Yorùbá Àkókó ni wọ́n kó ìdá ogún ó lé ẹ̀sún mẹ́ta (20.3%) nínú ìdá márùn ún tó lé ẹ̀sún meje (5.7%) ènìyàn tí wọn ń gbé ní . Ẹ̀Wẹ̀, agbègbè Àkókó ní ìjọba ìbílẹ̀ mẹ́rin, àwọn ni: , , àti , tí ó fi mọ́ tí ó wà ní àárín àti . Ilé ẹ̀kọ́ fásitì náà wà nílú Bákan náà ni ilé-ìwòsàn ti ìjọba ìpínlẹ̀ wà ní ìlú , nígbà tí ilé-ìwòsàn gbogbo-gbòò ti ìjọba náà wà ní ìlú àti ìlú .",False,35.69489582186893,refutes,refutes,False
afrifact_data_culture_igbo_273,igbo,"Mmanya ndị dị ka fanta, coke na sprite na-amasị ụmụaka iji je akwụkwọ",nei,afrifact_data_culture_igbo_776,igbo,"BBC Igbo jụrụ ndị mmadụ na-eso anyị na Facebook ajụjụ ihe ha na-atụnye ego iji mee onwe ha obiụtọ na ihe ọ na-eri ha n'izu. Ọtụtụ kwuru na ihe na-amasị ha gụnyere ịṅụ manya 'beer', mmanya ọtọbịrịbịrị, nkwọbi, azụ ndụ amịrị amị, 'data' e ji aga n'ịntanetị nakwa ego e ji akpọ ekwentị. ",False,19.112297441322955,refutes,refutes,False
afrifact_data_culture_hausa_509,hausa,"Hadisi na nufin faɗar Annabi Sallallahu Alaihi Wasallama, aikin sa da kuma tabbatarwarsa.",supports,afrifact_data_culture_hausa_508,hausa,A wajen su ma’anar Hadisi shi ne Hakaito Fadar Manzon Allah [S.A.W] Aikinsa da kuma Tabbatarwarsa.,False,21.116590937600407,supports,supports,True
afrifact_data_culture_hausa_515,hausa,Sunna na nufin abinda Annabi (S.A.W) ya yi ko aka yi a gabansa bai hana ba.,supports,afrifact_data_culture_hausa_513,hausa,"Asalin sunan ya zo ne daga kalmar Sunna , wato koyi da yin dukkan abun da Annabi (S.A.W.) ya aikata, ko ya yi umarni, da a aikata ko kuma aka aikata shi a gabansa amma baiyi hani akan abun da aka aikatan ba.",False,48.78555261225061,supports,supports,True
afrifact_data_culture_igbo_604,igbo,Ọnụọgụ mmadụ puku abụọ na itoolu anwụọla na mba Kenya n'ihi nje Ebola.,nei,afrifact_data_culture_igbo_602,igbo,"Kenya emechiela ụlọakwụkwọ n'ihi cioronavirus Onyeisiala Uhuru Kenyatta machikwara ndị si mba ebe coronavirus na-akpa ike ịbata mba Kenya Mba Kenya emechiela ụlọakwụkwọ niile dị na mba ahụ iji gbochie mgbasa ọrịa coronavirus, dịka mmadụ abụọ ọzọ butere ya bụ ọrịa.",False,30.40399798805625,refutes,refutes,False
afrifact_data_culture_igbo_029,igbo,Ozi a ha wepụtara adịghị n'akara twitter ha.,refutes,afrifact_data_culture_igbo_029,igbo,Nke a dị n'ozi ha wepụtara n'akara twitter ha.,True,41.26570075783781,supports,supports,False
afrifact_data_culture_yoruba_292,yoruba,Jude Chukwuka: Wò ó bí oríkì àwọn ìlú Yorùbá ṣe yọ̀ lẹ́nu ọmọ Igbo jú ọmọ onílùú lọ.,nei,afrifact_data_culture_yoruba_305,yoruba,"Ìyá ọlọ́mọ mẹ́ta ọ̀hún sọ pé ìbànújẹ́ òun maa n wáyé látara bí àwọn ènìyàn ṣe maa n wo òun, àti ìhùwàsí wọn si i lójoojúmọ́. Fídíò mánigbàgbé nípa ìgbà ayé Bàbá Sala ""Ní ìbẹ̀rẹ̀ pẹ̀pẹ̀, mó maa n bi ara mi lérè pé kí lódé tí Ọlọrun fún mi nírú ọmọ bẹ́ẹ̀.'' Abílékọ Mutemi, tó n gbé l'ábúlé Katoloni ní ẹkùn ìlà oorùn Kenya sọ pé ''Ó ṣòro fún mi láti rìn láàrin ìlú pẹ̀lú ọmọ mi, nítorí ojú burúkú tí àwọn ènìyàn fí n wò mí. Agnes sọ pé àìsàn tí wọ́n n pè ní Asphyxia ni ọmọ òun ní. Àìsàn nàá maa n jẹyọ tí ọmọ tuntun kò bá rí atẹ́gùn gbà sára lásìkò tí ìyá rẹ̀ bá n rọbí. Èyí ló fà á tí ẹsẹ̀ rẹ̀ kò ṣe ní àláàfíà, tí wàhálà sí bá ọpọlọ rẹ̀ nàá. Bí o ṣe gba ìwòsàn Lẹ́yìn ọ̀pọ̀lọpọ̀ àbẹ̀wò sí iléèwòsàn, Agnes lọ fi orúkọ ọmọ rẹ̀ sílẹ̀ ní ìléèwé kan tó n kọ́ àwọn ọmọdé nígbà tó wà l'ọ́mọ ọdún mẹ́ta.",False,22.0249429177346,refutes,refutes,False
afrifact_data_culture_yoruba_791,yoruba,Ẹ̀sìn ìsìláàmù jẹ́ àṣà tí Ọlọ́run ń lò láti fi ránṣẹ́ sí ànọ́bì kí àlàáfíà àti ìrọ̀rùn lè wà láàárín gbogbo ọmọnìyàn.,refutes,afrifact_data_culture_yoruba_790,yoruba," jẹ́ ẹ̀sìn àlááfíà,ìrọ̀rùn àti ìjupá-jusẹ̀ sílẹ̀ fún Ọlọ́run aṣẹ̀dá gbogbo ayé nípa ṣ́iṣe ìfẹ́ àti títèlé àṣẹ rẹ̀ yálà o tẹ́ ọ lọ́rùn tàbí kò tẹ́ ọ lọ́rùn. Ó tún jẹ́ ẹ̀sin tí Ọlọ́run tún fi ránṣẹ́ sí gbogbo ayé látọwọ́ àwọn òjíṣ̣́e rẹ̀ tó ti rán wá ṣáájú ànọ́bì ọmọ Abdullah (kí ìkẹ́ àti ọlà Ọlọ́hun ó ma bá a). ",False,66.12110379024321,supports,supports,False
afrifact_data_culture_yoruba_186,yoruba,Àwọn ọmọ ẹgbẹ́ PDP fẹ̀hónúhàn nílé ẹjọ́ gíga jùlọ lórí owó ìṣúná ẹ̀ka ìdájọ́.,supports,afrifact_data_culture_yoruba_185,yoruba,"Àwọn ọmọ ẹgbẹ́ PDP fẹ̀hónúhàn nílé ẹjọ́ gíga jùlọ Iru ofin wo ni wọn fi n ṣe eto owo iṣuna ẹka idajọ tẹlẹ? Ṣaaju ki Aarẹ Buhari to o pa aṣẹ naa, awọn gomina ipinlẹ lo ma n sọ iye owo ti wọn yoo fun awọn ẹka ijọba yooku, to fi mọ yiyọnda owo naa fun wọn. O ma n farahan ninu aba owo isuna ti wọn n gbe lọ siwaju awọn aṣofin ipinlẹ.",False,45.208524999577065,supports,supports,True
afrifact_data_culture_yoruba_295,yoruba,"Sunday Igboho ní pé àwọn Fulani kò leè dúró, táa bá lo ohun tí a jogún lọ́dọ̀ àwọ̀n bàbá ńlá wa.",nei,afrifact_data_culture_yoruba_310,yoruba,"Sé lọ́ọ̀tọ́ ni Sunday Igboho jó ilé Seriki fulani ní Igangan? Ẹ jẹ́ kí n sàlàyé kí ọ̀rọ̀ le tán nílẹ̀. ""Nígbà tí mo dé Eruwa, mó lọ fi ara mi hàn lágọ̀ọ́ ọlọ́pàá, mò sì sọ ǹkan ti mo bá wá si àdúgbò náà, adáriu ẹka ilé iṣẹ́ ọlọ́pàá náà sì gbà láti tẹ̀lẹ́ wá lọ. Nígbà tí a de Igangan, à tún bá àwọn 'ọlọ́pàá operation Burst' a lọ sínú ]ilú náà rán pẹ́ asì pada lẹ́sẹ̀kẹsẹ̀ láti lọ sọ fún àwọn ọlọ́pà''a. Ìbéérè mi ni pé, ṣe ọ̀gá ọlọ́pàá yóà máa wò wá kí a lọ má dáná sun ilé Seriki? Sé ọlọ́pàá Operation Burst yóò jk kí a lọ tí a bá dáná sun ilé Seriki? Kò sí nkan tó jọ bẹ́ẹ̀ nígbà tí a wà níbẹ̀ nítorí náà àwa kọ́ ni a dáná sun ilé Seriki Fulani. Sunday Igboho wa gba gbogbo ọmọ Kárọ̀-oojíre nímọ̀ràn pé kí wọ́n wà ní ìṣọ̀kàn kí wọ́n sìmì ọ̀rọ̀ òṣèlú ṣíṣe lórí ǹkan tó niṣe pẹlú igbésí ayé àwọn ènìyàn.",False,28.808104222642168,supports,supports,False
afrifact_data_culture_yoruba_321,yoruba,"Àwọn arákùnrin kan figbe ta nígbà tí wọ́n gbọ́ pé ọmọ Buhari fẹ́ ṣe ìgbeyawò, kódà ọ̀kan lára wọn ní òun máa ṣekú pa ara òun bí òun kò bá ní oore-ọ̀rẹ́ láti fẹ́ arábìnrin náà.",supports,afrifact_data_culture_yoruba_086,yoruba,"Òjò gbọ́dọ̀ rọ̀ lásìkò ọdún Ẹlẹ́gba ni ìlú Epe- Oba Olufolarin Ogunsan 6) A kii yan Nafila ba ba de Yidi Irun Yidi ko ni Nafila yiyan kankan. Idi ni pe irun yi fun ara rẹ, irun Nafila loun gaan jẹ. Amọ bi eeyan ba fẹ ki irun Yidi ninu Mọsalasi nitori ojo, a le yan Nafila rakaa meji la ti fi ki Mọsalasi eleyi ti a n pe ni Taiyyatu Masjid. Bi o ba jẹ ita gbangba la ti fẹ ki irun yii, ohun to yẹ ni ki olujọsin joko ki o si maa se afọmọ titi ti Imaamu yoo fi gun ori minbari. ",False,61.27850275626751,refutes,refutes,False
afrifact_data_culture_igbo_002,igbo,Ndị edemede America na Dreux Richard bi na Okwe iji mezue ederede ya mgbe ọ nọ Naijiria.,supports,afrifact_data_culture_igbo_001,igbo,Onye edemede America na onye edemede Dreux Richard bi na Okwe iji mezue ederede ya mgbe ọ nọ na Naijiria.,False,90.64042025445345,supports,supports,True
afrifact_data_culture_hausa_403,hausa,Babu bambanci tsakanin ambaton Musa da Yesu a Al-Qur’ani.,refutes,afrifact_data_culture_hausa_406,hausa,"Al-Qur'ani : rubutun cikin alkur ani bangon Alkur ani (Larabci; القرآن al-Qur'an) ko kuma mai girma kamar yanda akasani, Shine littafin da Allah ya saukar a harshen Annabin Rahama, wato larabci, kuma shine littafin da Allah ya rufe saukar da duk wani littafi mai tsarki a bayansa, (babu littafin da Allah zai sake saukarwa a bayansa) kamar yadda Allah ya saukar ga Annabawan da suka gabata, domin (S A w) shine cika makin Annabawan Allah. Surat al-Nisa' Wanda Allah ya saukar da ayoyinsa ga Annabin Annabi (S.A.W) ta hannun . ",False,25.734064332785582,nei,nei,False
afrifact_data_culture_yoruba_774,yoruba,Lára àwọn òrìṣà tí Olódùmarè rán wá láti ìkọ̀lé ọ̀run sí ayé ni Èṣù. Ó sì wà láàárín àwọn ibọ ìran Yorùbá.,supports,afrifact_data_culture_yoruba_773,yoruba,"Èṣù jẹ́ ọ̀kan lára àwọn tí àwọn ìran Yorùbá ń bọ. Ó wà lára àwọn òrìṣà tí Olódùmarè rán láti ìkọ̀lé ọ̀run wá sí ayé. Èṣù ni a lè pè ní olópàá tàbí agbófiró àwọn òrìṣà yòókù tí Olódùmarè rán. Ìdí nipé òun ní o máa rí i dájú pé wọ́n tèlé òfin. Bí ó tilẹ̀ jẹ́ pé orúkọ Eṣù tí yàtọ̀ láti orílè-èdè kan sí òmíràn, ọ̀nà tí wọ́n ń gbà sìn í kò yàtọ̀.",False,80.89267116695672,supports,supports,True
afrifact_data_culture_hausa_064,hausa,Sarauniya Amina ta samu sarautar Zazzau a shekarar 1533.,refutes,afrifact_data_culture_hausa_065,hausa,"Sarauniya Amina Sarauniyar Zazzau, ta rayu daga shekara ta alif 1533 zuwa shekara ta alif 1610, ɗaya ce daga cikin yara biyu da sarkin Bakwa ya haifa.",False,34.56236402812497,supports,supports,False
afrifact_data_culture_yoruba_121,yoruba,Dangote ni ẹni tí ó kọ́kọ́ ní ilé-iṣẹ́ Ìfọpo ní orílẹ̀-èdè Nàìjííríà.,nei,afrifact_data_culture_yoruba_277,yoruba,"Bakan naa lọdun 2016, ile aṣofin agba kọ aba aarẹ Buhari lati ya owo to le ni biliọnu mọkanlelọgbọn Dọla ($29.9) lati ilẹ okeere. Ẹwẹ, awọn aṣofin naa tun kọ lati fi ọwọ si yiyan Ibrahim Magu gẹgẹ bi alaga ajọ to n gbogun ti iwa ibajẹ, EFCC, ti wọn fi ẹsun kan pe 'oniwa ibajẹ ni.' Titi di asiko yii, ipo adele alaga ajọ EFCCC ṣi ni Ibrahim Magu wa, ile aṣofin ko fọwọ si iyansipo rẹ bi alaga, eyi ti inu awọn aṣofin ko dun si i. Ọpọlọpọ iyannisipo ti Buhari fẹ ẹ ṣe ni awọn aṣofin naa ko buwọlu, ti awọn miran si pẹ pupọ ki wọn to o fọwọ si i.",False,27.86293374799999,refutes,refutes,False
afrifact_data_culture_igbo_379,igbo,Ndị na-achịkwa Ahịa Main Market Ọnicha ruo taata bụ ndị National Union of Road Transport Workers (NURTW).,refutes,afrifact_data_culture_igbo_384,igbo,Ahịa Ọnicha nke a makwaara dị ka Onitsha Main Market na bekee bụ otu n'ime ahịa kacha ibu na ọdịda anyanwụ Afrịka dabere na nha ala na oke ngwongwo ahịa a n'ere ebe ahụ.,False,31.96487797622221,supports,supports,False
afrifact_data_culture_yoruba_731,yoruba,"Ernest wà ní ipò láti ọjọ́ mẹ́rindínlọ́gbọ̀n, oṣù kẹjọ, ọdún 1993 títí dé ọjọ́ kẹ́tadínlógún, oṣù kọkànlá ọdún 1993 tí ó fi fẹ̀yìn tì.",supports,afrifact_data_culture_yoruba_731,yoruba,"Ernest Adégúnlé Oládéìǹdé Shónèkàn, ( ọjọ́ kẹẹ̀sán, oṣù Ebi ọdún1936 ní , orílẹ̀-èdè ) jẹ́ agbejọ́rò ará ilẹ̀ Nàìjíríà. Shónékà jẹ́ fún ìgbà díẹ̀ láti ọjọ mẹ́rìndínlọ́gbọ̀n, oṣù kẹ́jọ, ọdún 1993 títí dé ọjọ́ kẹtàdínlógún, oṣù kọkànlá, ọdún 1993 tí ọ̀gágun fipa gbà joba lọ́wọ́ rẹ̀.",True,88.06022960411067,supports,supports,True
afrifact_data_culture_hausa_579,hausa,Duk farkon damuna manoma na yin amfani da lauje wurin cire ƙiraren ciyawa da suka bushe.,nei,afrifact_data_culture_hausa_580,hausa,"Akan yi yankan ciyawa dashi domin a baiwa dabbobi na gida, da kuma yankan da amma anfi amfani dashi wajen yankan ciyawa wacce ake bawa awakai da tumaki har da dan maraqin sa.",False,18.1922268597497,supports,supports,False
afrifact_data_culture_yoruba_763,yoruba,"Ní àgbáyé, ọbẹ̀ jẹ́ ohun pàtàkì nínú oúnjẹ tí ènìyàn ń jẹ láti lókun.",nei,afrifact_data_culture_yoruba_712,yoruba,"Àwòrán oúnjẹ; ìyàn àti ọbẹ̀ Iyan ( Yoruba , Hausa , Igbo ) je oúnjẹ òkèlè tí a máa ń jẹ ní orílẹ̀-èdè Nàìjíríà . A máa ń ṣe ìpèsè rẹ̀ nípasẹ̀ gígún ìṣù tí pẹ̀lú Odó àti ọmọ odó ti Iyán àti Ànàmọ́ tí a gún fẹ́ jọra ṣùgbọ́n ohun tó mú ìyàtò wà láàárín wọn ni bí iyán ṣe nípọn tó. Ó jẹ́ oúnjẹ aládùn tí a fi ọwọ́ jẹ. Àwọn ènìyàn Yorùbá máa ń pe iyán... Akpu laarin awọn eniyan tó ń gbé ní gúúsù orílẹ̀ èdè Nàìjíríà. A má ń jẹ ìyàn ni ìpínle Ondo, , Ipinle Kogi, Okun, , ìpínlè Benue ati ni orílè èdè Nàìjíríà laarin awon miran. A le je ìyàn pẹ̀lú ọbẹ̀ egusi, ọbẹ̀ ewedu, tabi ọbẹ̀ ìlà okra, , ọbẹ̀ Ofe Nsala. ",False,30.01341569961748,supports,supports,False
afrifact_data_culture_hausa_338,hausa,Super Eagles sun lashe Gasar Cin Kofin Afirka ta farko,nei,afrifact_data_culture_hausa_745,hausa,"Kwanaki kadan kafin fara gasar cin Kofin kasashen Afirka ta 2010, tawagar kasar Togo tana cikin shauki. Sun dawo cikin gasar bayan da suka gaza shiga a 2008, suna kokarin karawa da wasu daga cikin manyan tawagogi a gasar.",False,32.58906901854297,supports,supports,False
afrifact_data_culture_hausa_266,hausa,Jerin sunanyen wannan shekar ya fito daga ofishin shugaban makaranta.,nei,afrifact_data_culture_hausa_099,hausa,"A ranar 9 ga Maris, 2020, Ganduje ya tsige Sarki Sanusi, ya kuma kore shi daga kan mulki, bisa zarginsa da rashin bin doka da oda daga ofishin gwamna.",False,13.253133525944984,nei,nei,True
afrifact_data_culture_yoruba_454,yoruba,"Ìṣẹ̀lẹ̀ yìí mú Bisi Fayemi sunkún nítorí ìṣẹ̀lẹ̀ yìí ti ṣẹlẹ̀ sí òun náà rí, lásìkò tó wà ní ilé-ẹ̀kọ́ gíga.",nei,afrifact_data_culture_yoruba_278,yoruba,"Bakan naa lọdun 2016, ile aṣofin agba kọ aba aarẹ Buhari lati ya owo to le ni biliọnu mọkanlelọgbọn Dọla ($29.9) lati ilẹ okeere. Ẹwẹ, awọn aṣofin naa tun kọ lati fi ọwọ si yiyan Ibrahim Magu gẹgẹ bi alaga ajọ to n gbogun ti iwa ibajẹ, EFCC, ti wọn fi ẹsun kan pe 'oniwa ibajẹ ni.' Titi di asiko yii, ipo adele alaga ajọ EFCCC ṣi ni Ibrahim Magu wa, ile aṣofin ko fọwọ si iyansipo rẹ bi alaga, eyi ti inu awọn aṣofin ko dun si i. Ọpọlọpọ iyannisipo ti Buhari fẹ ẹ ṣe ni awọn aṣofin naa ko buwọlu, ti awọn miran si pẹ pupọ ki wọn to o fọwọ si i.",False,39.80969712963457,supports,supports,False
afrifact_data_culture_yoruba_298,yoruba,Obateru Akinruntan sọ wí pé wíwá ohun tí àwọn máa jẹ ló gbé àwọn kúrò ní Ilé-Ifè.,nei,afrifact_data_culture_yoruba_016,yoruba,"Fún ìdí èyí, a lè sọ pé Òrìṣà Aganju ni àjọṣe pẹ̀lú àwọn Òkè Ńláńlá Ilé Cuba, tí a bá sì wò ọjọ́ orí wón tàbí ìgbà tí wọ́n ti wà, a máa tó Ọgọ́rùn-ún ọdún sẹ́yìn. A tún lè sọ pé Ìbínú Òrìṣà Aganju wá ní ìbámu tàbí ní àjọṣe pẹ̀lú OroIna tí ó jẹ́ Òrìṣà kan nílé Cuba tí àwọn Yorùbá gba pe òun ni Ọ̀rànmíyán ni èdè Yorùbá Candomblé [ | ] Ní orílẹ̀ èdè Brazil tí wọ́n ni ìbátan pẹ̀lu àwọn aláwọ̀ dúdú tí Ìsìn wọn fẹ́ jọ tí , Wọ́n gbà pé Aganju a máa ṣé bí ti Òrìṣà Ṣàǹgó, èyí ló mú wọn kí wọn máa pè é ní Xango Aganjú ",False,27.46558869485343,refutes,refutes,False
afrifact_data_culture_yoruba_179,yoruba,"Òrìṣà ńlá tí wọ́n máa ń gbóríyìn fún ni Ṣági fún agbára rẹ̀ láti lè pèsè owó, ọlá, àti àṣeyọrí fún àwọn olùsìn rẹ̀.",refutes,afrifact_data_culture_yoruba_536,yoruba,"Nigba ti BBC Yoruba beere pe se o ri irisi awọn eeyan to n sisẹ ibi naa, akọroyin naa ni "" A ko ri wọn lọ titi, amọ iwadii mi mi lọdọ awsn to ri wọn fihan pe awọn Fulani ni wọn, ti isẹlẹ naa si tun lọwọ awọn araalu ninu."" Oladoye ni ibi ti isẹlẹ naa ti waye ko to kilomita meji si ibi tawọn sọja duro si, ti wọn ko si yọju rara sibi isẹlẹ naa. Fulani Kidnapping: Owó púpọ̀ la san kí wọ́n tó fi mi sílẹ̀ O wa pari ọrọ rẹ pe bi kii ba se pe ọkọ ọhun duro fun isẹju marun lati gbe eeyan kan nilu Efon Alaaye ni, ọwọ awọn ajinigbe naa ni oun ko ba ko si.",False,45.0450469325976,supports,supports,False
afrifact_data_culture_yoruba_596,yoruba,Adebayo Shittu je mínísítà fún ètò ìbánisọ̀rọ̀ ní Nàìjíríà láti ọdún 2017 sí ọdún 2019.,refutes,afrifact_data_culture_yoruba_597,yoruba,"Adebayo Shittu jẹ́ minisita fún ètò ìbánisọ̀rọ̀ ní Nàìjíríà tẹ́lẹ̀ láàárín ọdún 2011 sí 2019 lábẹ́ Ààrẹ tẹ́lẹ̀ rí. Shittu lo rọpo gege bi minisita fun eto ibanisoro, Isa Ali Pantami lo tele.",False,61.69794295092562,nei,nei,False
afrifact_data_culture_igbo_616,igbo,Pompeo achọtaghị akwụkwọ na-egosi mmekọrịta ochịchị Trump na mba Ukren.,nei,afrifact_data_culture_igbo_613,igbo,Ndị Pati Democrat nke mba Amerịka enyela odeakwụkwọ mba ahụ bụ Mike Pompeo iwu ka o wepụta akwụkwọ na-egosi mmekọrịta ọchịchị Trump na mba Ukren. Ndị isi kọmitii atọ n'ụlọomeiwu nyere Pompeo otu izuụka iji wepụta akwụkwọ ndị ahụ.,False,50.01392209303361,supports,supports,False
afrifact_data_culture_igbo_739,igbo,Mansur Dan-Ali nyere ndị agha Naịjirịa iwu ịkwaga Borno ngwangwa.,refutes,afrifact_data_culture_igbo_742,igbo,Ndị agha kwaga Borno ozugbo! Muhammadu Buhari na ndị isi agha Naịjirịa Gọọmenti etiti enyela ọchịagha Tukur Buratai iwu ya kwara ngwongwo ya gafee n'ọwaanyụ nke ukwu awusa ka ọ ga mara ebe ya bụ asuruasu dowere akaodo. Minista na ahụ maka ndị agha bụ Mansur Dan-Ali kwuputara nke a n'Abuja ụnyahụ.,False,37.64747359787855,refutes,refutes,True
afrifact_data_culture_yoruba_051,yoruba,"Ọ̀kà-Àkókó, Ọ̀bà, Ikun, Arigidi, Ùgbẹ̀, Ọ̀gbàgì, Òkèàgbè jẹ́ àpẹẹrẹ àwọn ìlú tí a lè bá pàdé lábẹ́ ẹ̀yà Àkókó.",supports,afrifact_data_culture_yoruba_052,yoruba,"Díẹ̀ lára àwọn ìlú tí wọ́n wà ní abẹ́ Àkókó ni: Ọ̀kà-Àkókó, , Ọ̀bà, Ikun, Arigidi, Ùgbẹ̀, Ọ̀gbàgì, Òkèàgbè, Ìkárám, Ìbárám, Iyani, Àkùngbá, Erúṣú, Àjọwá, Àkùnù, Gedegede, Ìsùà, Àuga, Ìkakúmọ́, Ṣúpárè, Ẹpìnmì, Ìpè, Ìfira, Ìsẹ̀, Ìbòròpa, Ìrùn, Iye, Afin, Ìgáṣì, Ṣósàn, Ìpèsì, Etíòro, Ayégúnlẹ̀, Erítí àti Oyín Àkókó.",False,61.77051188922729,supports,supports,True
afrifact_data_culture_hausa_339,hausa,Najeriya ta buga wasan farko a gasar cin Kofin Afirka a shekarar 1963,nei,afrifact_data_culture_hausa_353,hausa,"Ahmad Musa ya zama ɗan na farko da ya ci fiye da ɗaya a gasar cin kofin duniya wato , bayan da yaci Argentina kwallaye biyu a gasar cin kofin duniya ta shekara dubu biyu da goma sha huɗu (2014). Ahmad Musa shine Ɗan na farko da ya zura kwallo a gasar cin kofin duniya ta guda biyu, bayan ya zura kwallaye biyu a ragar Iceland a matakin rukuni na .",False,37.53246945271594,supports,supports,False
afrifact_data_culture_yoruba_017,yoruba,Aganjú jẹ́ iya Sango àti ìyá Àjàká tí wọ́n jọ jọba ní ìlú Ọ̀yọ́ ri.,refutes,afrifact_data_culture_yoruba_014,yoruba,"Fún ìdí èyí, a lè sọ pé Òrìṣà Aganju ni àjọṣe pẹ̀lú àwọn Òkè Ńláńlá Ilé Cuba, tí a bá sì wò ọjọ́ orí wón tàbí ìgbà tí wọ́n ti wà, a máa tó Ọgọ́rùn-ún ọdún sẹ́yìn. A tún lè sọ pé Ìbínú Òrìṣà Aganju wá ní ìbámu tàbí ní àjọṣe pẹ̀lú OroIna tí ó jẹ́ Òrìṣà kan nílé Cuba tí àwọn Yorùbá gba pe òun ni Ọ̀rànmíyán ni èdè Yorùbá Candomblé [ | ] Ní orílẹ̀ èdè Brazil tí wọ́n ni ìbátan pẹ̀lu àwọn aláwọ̀ dúdú tí Ìsìn wọn fẹ́ jọ tí , Wọ́n gbà pé Aganju a máa ṣé bí ti Òrìṣà Ṣàǹgó, èyí ló mú wọn kí wọn máa pè é ní Xango Aganjú ",False,27.565767704083445,supports,supports,False
afrifact_data_culture_igbo_609,igbo,Esemokwu dị n'etiti n̄ọchịchị Naịjirịa na Nnamdị Kanu. Nke mere ka gọọmentị Naịjirịa tụọ ya nga ndụ.,nei,afrifact_data_culture_igbo_524,igbo,"Emmanuel Nnamdị Uba , ma ọ bụ Andy Ụba (amụrụ ya 14 Disemba 1958), bụ onye ndọrọndọrọ ọchịchị Naịjirịa nke ahọpụtara ka Sinatọ ndị ndịda Anambara , Naịjirịa, na Epurel 2011.",False,30.690243426907717,nei,nei,True
afrifact_data_culture_yoruba_339,yoruba,"Ìròyìn fi lélẹ̀ pé ọ̀rẹ́ kòríkòsùn ní àwọn olorì méjèèjì yìí, tí wọ́n sì jọ máa ń wọ àǹkóò lọ sóde ní gbogbo ìgbà.",supports,afrifact_data_culture_yoruba_348,yoruba,"Ọ̀pọ̀lọ̀pọ̀ ìgbà ni ìjínigbé ti wáyé ní ojú ọ̀nà ìlú Ọ̀wọ̀ sí Ìkàrẹ́-Àkókó. Alukoro fun ileeṣẹ ọlọpa nipinlẹ Ondo, Fẹmi Joseph sọ fun akọroyin BBC Yoruba, pe eniyan mẹta ni awọn ti wọn ji gbe lootọ, ṣugbọn ''ileeṣẹ ọlọpaa ko ti i le sọ boya Fulani lo ji wọn gbe nitori pe a ko ti i ri wọn'' tako iroyin to jade pe awọn fulani daran-daran lo ji wọn gbe. Bakan naa lo sọ ijinigbe ati iwa ọdaran gbogbo kiiṣe ọrọ ẹya tabi ẹsin. Ile isẹ ọlọpaa n gbe Ọrẹkunrin Khadijat rẹlẹ ẹjọ ni Ọjọ Aje ""Ọwọ wa tẹ awọn afurasi ajinigbe mẹjọ ni bi ọsẹ meji sẹyin, ko si si ẹya Fulani kankan lara wọn. Awọn mẹjọ naa si ti wa ni ihamọ nitori ọrọ wọn ti de ile ẹjọ."" Gẹgẹ bi ohun ti Joseph sọ, ọkan lara awọn mẹta ti wọn ji gbe jẹ olukọ ni ileewe gbogbonise Rufus Giwa to wa ni ilu Ọwọ nipinlẹ Ondo. Ọna to lọ si ilu Ipele nitosi Ọwọ ni wọn ti ji olukọ naa gbe.",False,45.772935829175054,supports,supports,True
afrifact_data_culture_igbo_552,igbo,Davido kwuru na enyi ya nwaanyị bụ Chioma nwere ọrịa coronavirus. Davido matara ọrịa enyi ya nwaanyị mgbe ha si London lọta.,supports,afrifact_data_culture_igbo_551,igbo,Davido kọwara na ọ bu dịka o si njem Lọndọn lọta were mee nyocha ka ha chọpụtara na Chioma bụ coronavirus. Nwa ha nwoke ebughị ya bụ ọrịa. O kwuru na-ahu siri Chioma ike dịka o dopụrụ onwe ya ma na anata ọgwụgwọ.,False,58.63268700095104,supports,supports,True
afrifact_data_culture_igbo_765,igbo,Gọọmentị Naịjerịa na-achọ ụzọ ha ga-esi ebite ego ha ga-etinye n'ọrụ ugbo.,nei,afrifact_data_culture_igbo_806,igbo,"Mazị Sam Ohuabunwa bụ onye ihe gbasara mkpata na mmefu akụ doro anya kwenyere na ya bụ egwu Atiku na-atụ. Ọ sị na n'ezie, ndị ebitere ego nwereike ịbịa were akụ na ụba Naịjirịa, mana na-enwere ụzọ ọzọ ha ga-esi gbata ụgwọ ego ha karịrị ịnwere akụ na ụba Naịjirịa. Ọ sị na ""ha nwereike ịme ka ego Naịjirịa tipie etipie nke bụ na-ọnweghịzị ihe ọ ga-egoteli na mba ụwa. Onweghịzịkwa ndị ga-atụkwasa Naịjirịa obi maka iresi ha ihe ma ha ejighị ego"".",False,27.721126739344275,supports,supports,False
afrifact_data_culture_yoruba_528,yoruba,Wizkid jẹ́ ọ̀kan lára àwọn olórin tàkásúfẹ̀ẹ́  Afro Beat tó wà ní orílẹ̀-èdè Nàìjíríà.,supports,afrifact_data_culture_yoruba_527,yoruba,Orin Takasufe Afro kíkọ lọ́nà àrà Ọpọlọpọ ọmọ Naijiria lo ti gbe ògo orin Takasufe ti wọn n pe ni Afro Beats ga nile ati lẹyin odi. Wizkid jẹ ọkan lara awọn ọdọmọde olowo to bẹrẹ orin kikọ lọmọ ọdun 11 nile ijọsin Eyi tun pegede si ti orin oloogbe Fela Anikulapo Kuti to n kọ Afro Beat nigba aye rẹ ninu eyi to ti ṣadapọ orin alariwo ati takasufe papọ.,False,27.72689209995192,supports,supports,True
afrifact_data_culture_igbo_624,igbo,Mmadụ iri asaa na asatọ nọ n'ime ụgbọelu Sibera Airlines si obodo Tel Aviv aga obodo Novobirsk Rọshịa nwụrụ ka ugbọelu ha dabara n'oshimiri ojii. Ndị agha Ukren gọrọ na aka ha adịghị ya mechaa kweta na aka ha dị na ya.,supports,afrifact_data_culture_igbo_624,igbo,"Otu ụgbọelu Siberia Airlines plane si obodo Tel Aviv dị na Esrel aga obodo Novosibirsk, dị na Rọshia oge agbaturu ya. Ụgbọelu a dabara n'ime oshimiri ojii. Mmadụ 78 nọ n'ime ya nwụrụ. Ndị agha Ukren kwuburu na aka ha adịghị ya mana ha mechara kwenyere na ọ bụ ha. Ha sị na ọ bụ ka a na-akuziri ndị agha ka ihe mere.",True,122.24659392152476,supports,supports,True
afrifact_data_culture_yoruba_722,yoruba,"Ní ọdún 1950, Moshood gba àǹfààní ẹ̀kọ́ ọ̀fẹ́ ti ìjọba, tí ó fi gba oyè nípa imọ̀ ìṣirò.",refutes,afrifact_data_culture_yoruba_723,yoruba,"Abíọ́́lá jẹ́ Olóòtú ìwé ìròyìn ọ̀sọ̀ọ̀sẹ̀ ilé-ìwé wọn tí ó ń jẹ́ tí sì jẹ́ igbákejì rẹ. Ó dára pọ̀ mọ́ ẹgbẹ́ ní ìgbà tí ó di ọmọ ọdún mọ́kàndínlógún nítorí ìfẹ́ tí ó ní sí ètò òṣèlú àwa arawa ó darapọ́ mọ́ ẹgbẹ́ òṣèlú jẹ́ olùdásílẹ̀ rẹ̀ Ní ọdún 1960, Moshood jẹ àǹfàníi ẹ̀kọ́ ọ̀fẹ́ ti ijọba láti lọ ka ìwé ní University ti Glasgow ní ìlú Scotland ni ibi tí ó ti gba oyè nínú ìmọ̀ ìṣirò.",False,40.91740513292559,refutes,refutes,True
afrifact_data_culture_igbo_611,igbo,Ndị ụmụnna abaghị uru ọbụla n'obodo maọbụ n'ezinụlọ ha.,refutes,afrifact_data_culture_igbo_611,igbo," Ụmụnna - Ndị a bụ ụmụnwoke ụmụọkpala si n'ezinaụlọ dị icheiche n'obodo. Ha bụ ndị na-eme mkpebi gbasara okwu dị icheiche n'obodo etu o si gbasara agamnihu na ọdịmma obodo. Ndị ụmụnna ka a na-ekpesara ma onye ọbụla mee ihe ọjọọ, ha bụ ndị na-aga n'ọnụ arụsị ịchọpụta ihe arụsị na-ekwu gbasara obodo maọbụ gbasara ezinaụlọ ha.",True,29.467361870475752,supports,supports,False
afrifact_data_culture_yoruba_288,yoruba,"Arapaja ṣé alága ìjọba ìbílẹ̀ Ìlà-oòrùn Ìbàdán lẹ́ẹ̀mejì ọ̀tọ̀tọ̀, láàárín ọdún 1996 sí ọdún 2003.",supports,afrifact_data_culture_yoruba_649,yoruba,"Ní ìgbà tí o di ọmọ ọdún mẹ́rìndínlógún ni o gbé ìyàwó, orúkọ́ ìyàwó rẹ̀ a má jẹ́ “Yasodhara”, Nígbà tí o pé ọmọ ọdún mọ́kàndínlọ́gbọ́n ni ìyàwó rẹ̀ bi ọmọ ọkùnrin kan fún-un orúkọ rẹ̀ a ma jẹ́ “Rahula”. Lẹ́hìn tí o bi ọmọ yii tán ìtàn fi ye wa wí pé o se ìrìnàjò lori ẹ̀sìn lẹ́ẹ̀mẹ́rin ọ̀tọ̀ọ̀tọ̀, nígbà tí ọ̀pọ̀ ìtàn sọ wí pé ń se ni o ri ìran lẹ́ẹ̀mẹ́rin.",False,33.21610016620875,nei,nei,False
afrifact_data_culture_igbo_485,igbo,Lawrence Ifeanyi Ugwuanyi bụ Osote Gọvanọ nke Enugu Steeti malite n'ọnwa Eprel nke afo 2015.,refutes,afrifact_data_culture_igbo_486,igbo,"Lawrence Ifeanyi Ugwuanyi // (na-ege ntị) CON (nke a maara nke ọma dị ka "" Gburugburu "") (amụrụ na 20 Machị n'afo 1964) bụ onye ndọrọ ndọrọ ọchịchị Naijiria nke a họpụtara dị ka Gọvanọ nke Enugu Steeti n'ọnwa Eprel n'afo 2015, a ṅụrụ iyi na 29 Mee n'afo 2015.",False,70.3398811811286,supports,supports,False
afrifact_data_culture_yoruba_498,yoruba,"Eré bọ́ọ̀lù ló pọ̀ jù láàrin àwọn ọmọkùnrin gẹ́gẹ́ bí eré ṣíṣe, àmọ́ eré-ọmọdé mìíràn wà tí wọ́n kúndùn láti máa ṣe.",supports,afrifact_data_culture_yoruba_498,yoruba,"Awọn ere idaraya yii ma n jẹ ki ifẹ gbooro si laarin awọn ewe ati ọdọ ni agboole si agboole, ati wi pe, o ma n wu awọn ọmọde naa lati tete dagba ni kiakia, nitori naa ni wọn ṣe n ṣe awọn ere ohun. Erebọọlu lo pọ ju laarin awọn ọmọkunrin gẹgẹ bi ere ṣiṣe, amọ awọn ere ọmọde wọnyiii wa ti wọn tun kundun lati ma a ṣe, paapaa ti wọn ba de lati ile iwe ati labẹ osupa lalẹ ti wọn ba de ile. Awọn ere ọmọde to wọpọ laye igba kan: Ere Tẹ́ntẹ́: Ti wọn ba fẹ ṣe ere yii, awọn ọmọdebinrin a kọju si ara wọn, wọn a si ma a patẹwọ, ti wọn a si maa gbe ẹsẹ wọn bakan naa si orin Tẹ́ntẹ́ ti wọn ba n kọ.",True,66.55855653073691,supports,supports,True
afrifact_data_culture_hausa_026,hausa,Ana fama da rashin tsaro na boko-haram da yan bindiga a jahohin arewacin Najeriya.,nei,afrifact_data_culture_hausa_723,hausa,"Wata kididdiga da aka fitar a watan Maris din bana ta nuna cewa Najeriya ce ta fi yawan mutanen da ke dauke da wannan cuta a duniya, inda kimanin mutum 91,011 ke fama da ita. Yankin arewacin kasar ne kuma aka fi samun wadanda ke fama da cutar. Kuma ana alakanta rashin gwaji kafin aure ne babban dalilin da ya sa cutar ke yaduwa a kasar.",False,28.396191265478848,refutes,refutes,False
afrifact_data_culture_igbo_072,igbo,"Na March 17, 1936, n'obodo Igbo dị na Atani ka a mụrụ Osadebe.",supports,afrifact_data_culture_igbo_072,igbo,"A mụrụ Osadebe na March 17, 1936, n'obodo Igbo dị na Atani na ndịda ọwụwa anyanwụ Naijiria.",True,64.96053708645951,supports,supports,True
afrifact_data_culture_hausa_454,hausa,Ana aikin Hajji ne a ƙarshen shekarar musulunci.,nei,afrifact_data_culture_hausa_453,hausa,"Mahajjata Aikin Hajji Musulmai suna tafiya a ranar Arfa daga minna Aikin Hajji, Ɗaya ne daga cikin rukunai guda biyar da aka gina addinin akai .",False,21.644299912225204,supports,supports,False
afrifact_data_culture_hausa_195,hausa,Zuwa gidajen shaƙatawa yana ɗebewa mutane kewa ya kawar mu su da damuwarsu.,nei,afrifact_data_culture_hausa_700,hausa,"Masu bincike sun ce a mafiya yawan lokutan mutane kan tura da sakonin karya ko kuma hotonan bidiyo bogi zuwa ga sauran mutane da suke mu'amala da su a dandalin sada zumunta, inda wasu suna da mabiya fiye da 100. Daga nan ne cikin sauri sai gungun mutane su taru domin kai wa baki hari, kuma 'yan sanda ba su da isashen lokacin mayar da martani.",False,17.703573369973427,supports,supports,False
afrifact_data_culture_igbo_455,igbo,"N'oge Chris Nwabueze Ngigeji ọkwa Gọvanọ Anambra Steeti, ndị òtù Peoples Democratic Party gbahapụrụ ya",nei,afrifact_data_culture_igbo_325,igbo,"Gọvanọ nke Anambra Steeti [ | ] Anambra na Mgbe ọ laghachiri na ọchịchị onye kwuo uche ya na 1998, Chinwoke Mbadinuju ghọrọ onye na-azọ ọkwa gọvanọ nke People's Democratic Party (PDP) maka ọchịchị Anambra State",False,37.58381012465186,supports,supports,False
afrifact_data_culture_yoruba_148,yoruba,"Asúnrétete kò ní kọjá ilé, Arìngbẹ̀rẹ̀ kò ní sùn sọ́nà.",nei,afrifact_data_culture_yoruba_438,yoruba,"Gẹgẹ bi akọsilẹ itan igbesi aye rẹ to wa lori ayelujara itakun agbaye ijọ naa, genesisglobal.org, idile ti ko ri ọwọ rọri lo ti wa, nitori oju owo pọn awọn obi rẹ pupọ. O kiri ọja bi mọin-mọin ati burẹdi, bakan naa lo sẹ awọn iṣẹ pẹẹpẹẹpẹ lati ran awọn obi rẹ lọwọ gẹgẹ bi akọbi. Iṣẹ ati oṣi to ba awọn obi rẹ finra ko jẹ ko lọ si ileewe tayọ ileewe girama. Koda, ko kẹkọọ pari ti ko fi lọ mọ. Kilo gbe e de ijọ Celestial? Itan igbesi aye Wooli Oladele Ogundipe sọ pe idile rẹ ko fẹran ijọ alaṣọ funfun, nigba to wa ni kekere. Igbagbọ wọn ni pe awọn to n lọ si awọn ijọ naa maa n ṣe oogun, ati awọn nkan ti ko tọ gẹgẹ bi Kristiẹni to jẹ atunbi. Ijọ Aposteli Kristi, CAC, ni oun ati awọn obi rẹ n lọ. Iwaju ile wọn si ni ile ijọsin naa wa.",False,15.225666585590588,supports,supports,False
afrifact_data_culture_igbo_470,igbo,"Irighiri ihe ndị e ji esi ofe egusi gụnyere mmanụ, ose, yabasị, akwụkwọ nri, crayfish, anụ, azụ, bitterleaf, pumpkin leaf na spinach.",supports,afrifact_data_culture_igbo_472,igbo,"E wezụga mkpụrụ, mmiri, na mmanụ, ofe egusi na-enwekarị akwụkwọ nri, , akwụkwọ nri ndị ọzọ, ihe na-esi ísì ụtọ, na anụ. Akwụkwọ nri ndị a na-ejikarị eme ofe egusi gụnyere bitterleaf, pumpkin leaf, celosia na spinach. Nri ndị ọzọ na-agụnye tomato na okra. Ihe ndị a na-ahụkarị na-agụnye ose chili, yabasị, na agwa igurube. A na-ejikarị anụ ehi, ewu, azụ, shrimp, ma ọ bụ crayfish.",False,103.96155333023408,supports,supports,True
afrifact_data_culture_yoruba_663,yoruba,"Ní ilẹ̀ Adúláwọ̀, ọ̀pọ̀lọpọ̀ àgbẹ̀ ní ń gbin iṣu.",supports,afrifact_data_culture_yoruba_663,yoruba,"A máa ń gbin iṣu láti jẹ ẹ́ bí i oúnjẹ, pàápàá jù lọ, ní ilẹ̀ Adúláwọ̀. Ọ̀pọ̀lọpọ̀ iṣu ni ó wà nítorí pé ọ̀pọ̀lọpọ̀ àgbẹ̀ ní ń gbin iṣu.",True,60.54074346361527,supports,supports,True
afrifact_data_culture_hausa_163,hausa,Tsadar fitulu masu amfani da hasken rana ne yasa gwamnatoci ke barin titinan jiharsu a cikin duhu.,nei,afrifact_data_culture_hausa_165,hausa,"Sanya fitulun titi masu amfani da hasken rana a babban birnin jihar ya kara inganta rayuwar mazauna jihar, tare da inganta tsaro da tsaro.",False,28.189660559283737,supports,supports,False
afrifact_data_culture_hausa_578,hausa,Bahaushe ya na da karin magana daban-daban da ya ke amfani dasu wurin isar da saƙonni.,nei,afrifact_data_culture_hausa_245,hausa,"A wurare da yawa, wake da shinkafa ana cakuɗasu tare wurin dahuwar maimakon a haɗa su . Ana sanya nama ko wasu kayan abinci a wasu lokuta a saman wake da shinkafar ko, idan an cakuɗasu wato dafa duka. Yankuna daban-daban suna da fifiko daban-daban.",False,24.362382288262253,supports,supports,False
afrifact_data_culture_igbo_325,igbo,Chinwoke Mbadinuju zọrọ ọkwa onye isi ala ka afọ anọ gachara Naịjirịa laghachiri n'ọchịchị onye kwuo uche ya n'afọ 2003.,refutes,afrifact_data_culture_igbo_326,igbo,"Gọvanọ nke Anambra Steeti [ | ] Anambra na Mgbe ọ laghachiri na ọchịchị onye kwuo uche ya na 1998, Chinwoke Mbadinuju ghọrọ onye na-azọ ọkwa gọvanọ nke People's Democratic Party (PDP) maka ọchịchị Anambra State",False,55.52753489018936,refutes,refutes,True
afrifact_data_culture_igbo_169,igbo,Uche Nwonwu kwuru na ọ bụ mmiri dị n'azụ be ha ka ha na-aṅụ.,refutes,afrifact_data_culture_igbo_170,igbo,"Ọ sị na ""ọ bụ mmiri ndị mmadụ gbapere na be ha ka ha na-aṅụkarị.""",False,31.41846999485372,supports,supports,False
afrifact_data_culture_igbo_688,igbo,Nabil Fekir kpọ ndị ya nọ n'otu egwuregwu Lyon gaa Algerịa inwe obi aṅụrị.,nei,afrifact_data_culture_igbo_686,igbo,"Nabil Fekir Nabil Fekir (France, Algeria)Nabil Fekir na-agbara ndị Lyon na otu egwuregwu France bọolụ. Ndị Algeria, bụ mba nne na nna ya si, kpọrọ Fekir ka ọ gbaara ha bọolụ n'afọ 2015 mana okweghị.",False,45.760407660791415,supports,supports,False
afrifact_data_culture_hausa_757,hausa,Chinenye Okafor ta bar wasan ƙwallon kafa ne saboda ra'ayin kanta.,refutes,afrifact_data_culture_hausa_762,hausa,"Chinenye Okafor ta koma mai kitso da gyaran gashi saboda rashin albashi Wannan ne halin da Chinenye Okafor ta tsinci kanta a ciki, amma ba haka abin yake ba kwata-kwata.",False,37.15635043247687,refutes,refutes,True
afrifact_data_culture_hausa_046,hausa,Umaru Musa 'Yar'adua bai taɓa zama mamba na wata kwalleji a jihar Katsina ba.,refutes,afrifact_data_culture_hausa_047,hausa,"Ya taɓa zama mamba a kamfanin samar da kayan noma na jihar Katsina tsakanin shekarar 1984 zuwa 1985, kuma memba a majalisar gudanarwa ta kwalejin fasaha ta Katsina da Katsina Polytechnic tsakanin 1978 zuwa 1983, shugaban hukumar zuba jari da raya kadarori ta jihar Katsina tsakanin shekara ta 1994 zuwa shekarar 1996.",False,34.37145990243858,supports,supports,False
afrifact_data_culture_hausa_208,hausa,Jihar Taraba ta kasance mafi girman ƙasa a cikin johohin Najeriya.,nei,afrifact_data_culture_hausa_208,hausa,"Ana samun garin ne a yankin Mambilla dake yankin kudu maso gabashin jihar Taraba, kusa da kan iyakar Najeriya da Kamaru.",True,20.95414556492152,supports,supports,False
afrifact_data_culture_igbo_544,igbo,Facebook mere Ọkaiwu Paul Achallaonye nnọchite anya ya na Naịjrịa.,nei,afrifact_data_culture_igbo_542,igbo,"Paul Achalla bụ ọkaiwu na mba ofesi ma bụrụkwa onye otu Ipob ekwuola atụmatụ ha ga-agbaso iji weghachi akara Facebook onyeisi ha bụ Nnamdi Kanu. Na mkparịtaụka ya na BBC Igbo, Achalla kọwara na o nwereike ịbụ maka otu ihe maọbụ nke ọzọ ka e ji wetuo akara facebook Nnamdi Kanu, mana Facebook kwesịrị inye ya ohere ka ọ zara ọnụ ya. ",False,22.139025162566703,supports,supports,False
afrifact_data_culture_hausa_696,hausa,Yawan matan da ke kashe kan su a ƙasar Japan ya ƙaru da kashi 70 a watan Nuwamba.,refutes,afrifact_data_culture_hausa_692,hausa,"A wata daya kawai, watan Okotoba, matan da ke kashe kansu sun karu da kashi 70 a Japan idan aka kwatanta da watan Oktoban da ya gabace shi.",False,53.54785650622332,supports,supports,False
afrifact_data_culture_yoruba_635,yoruba,"Ní ìwọ̀ oòrùn ìtà Ipetumodu ni ilé ìwé Federal Government Girl's College wà, èyí tó jẹ́ aládàá ní.",refutes,afrifact_data_culture_yoruba_636,yoruba,"Ipetumodu jẹ́ ìlú ńlá kan ní ilẹ̀ Yorùbá ní apá Ìwọ-oòrùn Gúúsù ilẹ̀ , ó sì jẹ́ ìlú pàtàkì kan ní tí ó sì jẹ́ olú ìlú . Ìlú yìí ní ilé-ẹ̀kọ́ gíga aládàáni kan tí orúkọ rẹ̀ ń jẹ́ Oduduwa University àti ilé-ìwé gírámà márùn-ún, tí ó jẹ́ ti ìjọba àti ilé-ìwé Federal Government Girls' College",False,50.52786894466208,supports,supports,False
afrifact_data_culture_hausa_234,hausa,Sarauniyar yankin za ta ba da rabin garin ga duk wanda ya kashe macijin.,supports,afrifact_data_culture_hausa_231,hausa,"Washegari, mutanen Daura suka taru a bakin rijiyar, suna mamakin wanda ya kashe macijin; Magajiya , sarauniyar yankin ta ba da ikon mallakar rabin garin ga duk wanda zai tabbatar da cewa ya kashe macijin. Maza da yawa sun kawo kawunan maciji a gaba, amma kawunan bai dace da jikin ba.",False,54.56537364927371,supports,supports,True
afrifact_data_culture_igbo_429,igbo,"Naịjirịa bụ mba dị n'Afịrịka, nke ndị bi na ya si agbụrụ dị iche iche ma ọgbaghara na-adapụta mgbe ụfọdụ",nei,afrifact_data_culture_igbo_724,igbo,"Ihe kacha mkpa bụ na n'agbanyeghị na e nwere agbụrụ dị iche iche na Naịjirịa, e nwere ihe ole na ole na-ejikọta agbụrụ niile ahụ. Ihe ndị ahụ na-abụ o na-eme, ndị mmadụ echefuo agbụrụ nke ha, ma tinye uchu ha n'ikwado ya. Ihe ndị na-ejikọta Naịjirịa Ọtụtụ oge ka ndị Naịjirịa anaghị ekwekọrịta n'ụfọdụ ihe dịka ofufe na okwukwe ndị, ndọrọndọrọ ọchịchị nakwa ihe nkiri nke Bekee kpọrọ ""movies",False,40.11900323664488,supports,supports,False
afrifact_data_culture_yoruba_306,yoruba,"Àwọn abiyamọ tí ọmọ wọn ní ìpènijà ara máa ń la ọ̀pọ̀lọpọ̀ nǹkan kọjá, bẹ́ẹ̀ sì ni ìdojúkọ wọn pọ̀ rẹpẹtẹ nítorí ọ̀pọ̀ nǹkan ni ojú wọn máa ń rí.",supports,afrifact_data_culture_yoruba_498,yoruba,"Awọn ere idaraya yii ma n jẹ ki ifẹ gbooro si laarin awọn ewe ati ọdọ ni agboole si agboole, ati wi pe, o ma n wu awọn ọmọde naa lati tete dagba ni kiakia, nitori naa ni wọn ṣe n ṣe awọn ere ohun. Erebọọlu lo pọ ju laarin awọn ọmọkunrin gẹgẹ bi ere ṣiṣe, amọ awọn ere ọmọde wọnyiii wa ti wọn tun kundun lati ma a ṣe, paapaa ti wọn ba de lati ile iwe ati labẹ osupa lalẹ ti wọn ba de ile. Awọn ere ọmọde to wọpọ laye igba kan: Ere Tẹ́ntẹ́: Ti wọn ba fẹ ṣe ere yii, awọn ọmọdebinrin a kọju si ara wọn, wọn a si ma a patẹwọ, ti wọn a si maa gbe ẹsẹ wọn bakan naa si orin Tẹ́ntẹ́ ti wọn ba n kọ.",False,49.67381957177711,supports,supports,True
afrifact_data_culture_hausa_513,hausa,Mumini na gaske shi ne wanda baya cutar da muslumai.,nei,afrifact_data_culture_hausa_020,hausa,"Murtala Muhammad ya kasan ce Bahaushe ne kuma ne, baya ga haka kuma Murtala Muhammad ya kasan ce shugaba na kowa dake cikin ƙasar Najeriya, wanda baya nuna bamban ci a tsakanin yare ko Addini ga duk mutanan ƙasar Najeriya.",False,13.386923001203533,supports,supports,False
afrifact_data_culture_hausa_021,hausa,Murtala Muhammad ya girma a hannun kawunsa da ke zaune a jihar Kaduna.,nei,afrifact_data_culture_hausa_020,hausa,"Murtala Muhammad ya kasan ce Bahaushe ne kuma ne, baya ga haka kuma Murtala Muhammad ya kasan ce shugaba na kowa dake cikin ƙasar Najeriya, wanda baya nuna bamban ci a tsakanin yare ko Addini ga duk mutanan ƙasar Najeriya.",False,21.444472890354103,refutes,refutes,False
afrifact_data_culture_yoruba_488,yoruba,Ìpínlẹ̀ Èkó ni ọkọ̀ Gómìnà náà ń lọ kí àwọn Boko Haram tó da ìbọ̀n lù wọ́n,refutes,afrifact_data_culture_yoruba_409,yoruba,"Ni ọdun 2002 ni wọn da ẹgbẹ Boko Haram silẹ, gẹgẹ bii ẹgbẹ ti kii se oniwahala pẹlu afojusun ati ṣe afọmọ ilana ẹsin Islam lẹkun ariwa orilẹede Naijiria. Amọṣa ẹgbẹ naa yi pada di agbebọn ninu ilepa awọn afojusun rẹ. Kii ṣe orilẹede Naijiria nikan ni Boko Haram wa mọ bayii, itakun rẹ ti kan de awọn orilẹede to fẹgbẹkẹgbẹ pẹlu Naijiria bii Chad, Niger ati Cameroun. Ọkẹ aimoye awọn eeyan ni wọn ti ran lọ sọrun apapandodo, ti awọn bi miliọnu meji miran si ti di atipo. Boko Haram kii ye ji awọn akẹkọ gbe eleyi to mu ki oju orilẹede agbaye ṣi si ọdọ rẹ lọdun 2014, lẹyin to ji nnkan bii ọọdunrun akẹkọbinrin gbe nileewe kan to wa ni ilu Chibok nipinlẹ Borno, ipinlẹ ti Boko Haram ti kọkọ di agbebọn. Ni ọdun 2015, Boko Haram gba idanimọ gẹgẹ bii ẹgbẹ agbesunmọmi to buru julọ lagbaye, gẹgẹ bi ajọ to wa fun ọrọ aje ati alaafia lagbaye ṣe sọ.",False,22.84527401291802,supports,supports,False
afrifact_data_culture_igbo_665,igbo,Nwa nwoke abaghị uru chacha. Ọ dịghị mkpa ịmụta nwa nwoke n'ezinụlọ ndị Igbo.,refutes,afrifact_data_culture_igbo_666,igbo,"Igbo kwenyere na ama ọbụla na-amụtaghị nwa nwoka ga-echi. Ya mere ha jị agụ nwoke aha dịka Obiechina, Amaechina na ndị ọzọ. Ọtụtụ ezinaụlo akụsaala maka amụghị nwa nwoke. Ya bụ, ọ dị ezigbo mkpa ịmụta nwa nwoke n'ezinaụlo, ya mere anyị ji ede akụkọ a. ",False,47.72537689902034,supports,supports,False
afrifact_data_culture_igbo_136,igbo,Naanị ụmụnwaanyị ka a na-ebi ùgwù.,nei,afrifact_data_culture_igbo_706,igbo,"World Health Organisation' kwuru na ụmụnwaanyị e biri ugwu n'ụwa karịrị nde narị abụọ (200 million). Mana onweghị otu mkpụrụ uru ibi ugwu na-abara ụmụnwaanyị, naanị ọghọm jupụtara ya. Ya mere ha ji wepụta ụbọchị isii nke ọnwa Febrụwarị kwa afọ dịka ụbọchị iji gbaa mbọ maka ịkwụsị ibi ugwu ụmụ nwaanyị.",False,13.481968528714216,supports,supports,False
afrifact_data_culture_igbo_219,igbo,Ha arụsịala ụlọ ahụ ha wuliri.,nei,afrifact_data_culture_igbo_717,igbo,"A tụọla otu nwoke nga mkpụrụọka maka igbu ndị ezinaụlọ ya mmadụ ise Nwoke ahụ gburu ndị ezinaụlọ ha n'ime ụlọ ha Otu nwoke ga-aga mkpọrọ apụtaghị apụta maka igbu nwunye ya, ụmụ ya atọ gụnyere ejima nakwa nnenne ha. ",False,15.429092489507784,supports,supports,False
afrifact_data_culture_hausa_553,hausa,Bara wata sana'a ce da ta keɓanta ga ƙananan yara kawai.,refutes,afrifact_data_culture_hausa_233,hausa,"A zamanin Sarauniya , babbar hanyar samun ruwa ga Daura itace rijiyar Kusugu. Amma ana barin mutane su ɗebi ruwa ne kawai a ranar Juma'a saboda wata baƙuwar macijiya da ke zaune a cikin rijiyar. A haka mutane suka kasance suna ɗibar ruwa a iya ranakun juma'a kawai har zuwa lokacin da wani mutum yazo wanda aka haƙiƙance ɗan sarkin ne.",False,16.624064216921262,supports,supports,False
afrifact_data_culture_yoruba_200,yoruba,"Nínú àtẹ̀jáde kan tí wọ́n fi síta fún àwọn oníròyìn, kò sí ẹnìkankan látìmọ́lé nínú àwọn olùwọ́de Endsars.",refutes,afrifact_data_culture_yoruba_497,yoruba,"Awọn ere idaraya yii ma n jẹ ki ifẹ gbooro si laarin awọn ewe ati ọdọ ni agboole si agboole, ati wi pe, o ma n wu awọn ọmọde naa lati tete dagba ni kiakia, nitori naa ni wọn ṣe n ṣe awọn ere ohun. Erebọọlu lo pọ ju laarin awọn ọmọkunrin gẹgẹ bi ere ṣiṣe, amọ awọn ere ọmọde wọnyiii wa ti wọn tun kundun lati ma a ṣe, paapaa ti wọn ba de lati ile iwe ati labẹ osupa lalẹ ti wọn ba de ile. Awọn ere ọmọde to wọpọ laye igba kan: Ere Tẹ́ntẹ́: Ti wọn ba fẹ ṣe ere yii, awọn ọmọdebinrin a kọju si ara wọn, wọn a si ma a patẹwọ, ti wọn a si maa gbe ẹsẹ wọn bakan naa si orin Tẹ́ntẹ́ ti wọn ba n kọ.",False,38.72195700352806,supports,supports,False
afrifact_data_culture_igbo_283,igbo,Sam Mbakwe si Imo Steeti gaa wube mahadum nke Anambara n'afọ 1981,refutes,afrifact_data_culture_igbo_283,igbo,"N'afọ 1981, Sam Mbakwe hiwere mahadum Imo steeti. Ụlọ akwụkwọ ahụ dị na mpaghara e nyere n'afọ 1991 ma meekwa ya baptizim ọzọ nke Abia State University . Agbanyeghị, Mahadum Imo steeti nwetara ụlọ akwụkwọ ọhụrụ na ma ka dị.",True,48.3491439936634,supports,supports,False
afrifact_data_culture_igbo_798,igbo,O nwere otu oge n'ala Igbo mgbe ndị mmadụ na-atụ ụjọ izu ihe mmadụ ibe ha maọbụ zọkọrọ oke abụghị nke ha.,supports,afrifact_data_culture_igbo_795,igbo,"Mana, ọbụghịkwanụ sọsọ ugbua ka a malitere ikwu maka nchekwa. Mgbe elu ka bụ ala ọsa n'ala Igbo, ezi nchekwa obodo dị makana ndị mmadụ na-atụ ụjọ izu oshi, ịbanye be mmadụ n'ike maọbụ zọkọrọ oke na-abụghị nke ha. Nke a bụ makana ha ma na ihe ga-eso ya abụghị ihe eji ọnụ akọcha.",False,75.00363725195565,supports,supports,True
afrifact_data_culture_igbo_369,igbo,Ndị mba ụwa ka na-enyocha etu ndị injinịa Biafra siri kpa ike ịrupụta ngwa agha n'oge agha Biafra nke 1967-1970.,nei,afrifact_data_culture_igbo_342,igbo,"Ọ banyere na ndị agha Biafran na 1966. Agha Biafra [ | ] N'oge agha Biafra nke 1967 ruo 1970, o soro ndị lụọ agha.",False,66.46827921481687,supports,supports,False
afrifact_data_culture_hausa_732,hausa,Hukumar zaɓe zata raba manyan rumfunan zaɓe gida biyu saboda samun saukin gudanar jefa kuri'u.,supports,afrifact_data_culture_hausa_077,hausa,"A shekara ta 2003, bayan ya faɗi zaɓe a karo na biyu a takatar Gwamnan Jihar Kano, Shugaban Kasa Olusugun Obasanjo ya naɗa shi a matsayin babban Ministan Tsaron Najeriya wanda ya riƙe na tsawon shekaru huɗu.",False,18.03628824926309,supports,supports,True
afrifact_data_culture_igbo_472,igbo,"Ndị Igbo nwere ihe ndị ha ji esi ji, nke mere na ha na-eri ya n'oge a na-eme mmemme Ofala",nei,afrifact_data_culture_igbo_245,igbo,"Ka ọ dị ugbua, BBC Igbo chọrọ ịchịkọta obodo ndị a, ịkọwara gị ihe mere ha ji emepe na ebe ha meperuru.",False,35.7553758449725,supports,supports,False
afrifact_data_culture_hausa_283,hausa,"ƙuli-ƙuli ba a haɗa shi daga wake, in aka dafa sai an bari ya bushe.",nei,afrifact_data_culture_hausa_285,hausa,"ƙuli-ƙuli ana iya cinsa ta hanyoyi da dama wasu sukan sanya shi a cikin garin rogo su sha, wasu kuma sukan iya cinsa da Bazan-ƙwaila, wasu kuma suna cin sa haka nan zallansa.",False,25.63004262034886,supports,supports,False
afrifact_data_culture_hausa_792,hausa,Jihohin Florida da Ohio na daga cikin manyan jihohin da duk wani ɗan takarar shugabancin kasar Amurka ke buƙatar ci don samun nasara.,supports,afrifact_data_culture_hausa_792,hausa,Fagen fafatawa kamar jihohin Florida da Ohio na da matuƙar muhimmanci wajen tattara ƙuri'u 270 na masu zaɓen shugaban kasa na musamman da ake bukata wajen cin galabar samun Fadar White House,True,41.32407482321643,supports,supports,True
afrifact_data_culture_yoruba_070,yoruba,Àga dúdú kò dára fún nílò níbi àwọn ètò tí ó bá ti nííṣe pẹ̀lú òrìṣà Ajé tàbí Ọ̀ṣun.,nei,afrifact_data_culture_yoruba_475,yoruba,"Ṣiṣe odiwọn aidọgba Oṣuwọn kan ti awọn onimọ nipa ọrọ aje maa n lo lati mọ bi aidọgba ṣe pọ to ni orilẹede kan ni a mọ si oṣuwọn Gini. O da lori iye owo ti kaluku n gba fun iṣẹ́ to ba ṣe - bi owo naa ba ṣe pọ si, ni aidgba naa yoo ṣe pọ to. Ko sọ gbogbo otit ibẹ, ṣugbọn o jẹ ibi ti a ti le bẹrẹ si ni ṣagbeyẹwo aidọgba ni South Africa. ati afiwe rẹ̀ pẹlu awn orilede to ku. Nipasẹ oṣuwọn yii, ati lilo akọsilẹ ti Banki Agbaye fi sita, South Africa lo ni ipele aidọgba ju ni agbaye. Awọn orilẹede to mu ile ti i, Namibia ati Mozambique si n tọ ọ lẹyin gbagbaagba, ti Brazil naa si ti fẹ ẹ wa ni awujọ awọn mẹẹrin to wa l'oke. Ti a ba wo ayipada to ti ba oṣuwọn yii, ti a si ṣagbeyẹwo rẹ lati asiko ti ẹgbẹ ANC ti gba ijọba l'ọdun 1994, aidọgba ga si laarin ọdun 1990 si 2005.",False,36.19357300845356,supports,supports,False
afrifact_data_culture_igbo_093,igbo,E riela m osikapa na ofe.,nei,afrifact_data_culture_igbo_757,igbo,"Mana ka otu ọnwa gachara, iku ume Vanessa kawanyere njọ nke mere ka e ziga ya na nnukwu ụlọọgwụ. Ebe ahụ ka nnyocha gosiri na ọbara kpụkọrọ na ngụgụ ya. Vanessa kwuru na dọkịta gwara ya na ""ihe kpatara ọbara mkpụkọ ahụ bụ ọgwụ 'contraceptive' m malitere ịṅụ n'ihi na onweghị ihe ọhụrụ ọzọ m tinyere n'ahụ m."" ""Ha gwara m na ọ bụrụ na chekwuru ka otu ụbọchị gafee tupu m bịa ụlọọgwụ, ihe gaara akawanye njọ."" ",False,11.57778876228303,supports,supports,False
afrifact_data_culture_yoruba_235,yoruba,Gbogbo àwọn Òyìnbó amúnisìn tí wọ́n wà níbẹ̀ ni wọ́n fara mọ́ àbá tí Ọọ̀ni dá.,nei,afrifact_data_culture_yoruba_673,yoruba,"Gẹ́gẹ́ bí a ti kàá nínú ìtàn, Ọọ̀ni àkọ́kọ́ tí yóò kọ́kọ́ jẹ ní Ifẹ̀ ni ó jẹ́ ọmọ bíbí inú Odùduwà tí ó jẹ́ ọ̀kànlélógójì òrìṣà fúnra rẹ̀, nígbà tí Ọọ̀ni tí ó wà níbẹ̀ lọ́wọ́ lọ́wọ́ báyí jẹ́ Ọọ̀ni Adéyẹyè Ẹnìtàn Ògúnwùsì Ọ̀jájá Kejì(II) tí wọ́n jẹ ní ọdún 2015.",False,29.153485418453727,refutes,refutes,False
afrifact_data_culture_igbo_618,igbo,Gọọmentị chọrọ ka e lie Mugabe ebe a na-eli ndị dike obodo mana Ezinụlọ Mugabe ekwenghị n'ihi na Mugabe gwara ha mgbe ọ dị ndụ ka ha lie ya n'akụkụ ala ili nna ya Bona.,supports,afrifact_data_culture_igbo_615,igbo,"Gọọmentị chọburu ka e lie Mugabe ebe a na-eli ndị dike obodo ji biri, mana ezinụlọ ya ekweghị. Ha kwuru na Mugabe chọrọ ka ili ya na nke nne ya bụ Bona dịkọta nso. Onweghị onye ọrụ gọọmentị gbalitere n'ọkwa bịara olili Mugabe. Nwunye ya bụ Grace nakwa ụmụ ya socha duru akpati ya ruo mgbe a dọnyere ya n'ala. ",False,115.72769367137272,supports,supports,True
afrifact_data_culture_igbo_046,igbo,Ichi e nwere n'ụlọakwụkwọ Abidịị buru ibu.,nei,afrifact_data_culture_igbo_564,igbo,"Onyeisiala Muhammadu Buhari ekwuola na ọchịchị ya ga-ahụ na o nweghị nwata Naịjirịa ga-agbahapụ ịgụ akwụkwọ n'ime afọ anọ ọzọ. N'ozi o wepụtara na Twitter ya, o kwuru na ya na gọọmentị Steeti ga-agbakọta aka ọnụ hiwe ụlọakwụkwọ, ndị nkuzi na usoro e ji akụzi ihe n'ụlọakwụkwọ ndị a.",False,11.611211637509186,supports,supports,False
afrifact_data_culture_yoruba_189,yoruba,"Ọ̀rọ́ bẹ́yìn yọ Agbowu pe Olúwòó lẹ́jọ́, ó bèrè owó gbà mábínú lọ́wọ́ rẹ̀.",supports,afrifact_data_culture_yoruba_189,yoruba,"Ọ̀rọ̀ bẹ́yìn yọ! Agbowu pe Oluwo l'ẹ́jọ̀, ó ń bèèrè ₦100m owó gbà má bínú Saaju la ti kede fun yin pe Agbowu ti ilu Ọgbaagba, Oba Dhikirullahi Akinropo ti wọ Oluwo ti Iwo, ba Abdulrasheed Adewale Akanbi, Telu Kinni, lọ si iwaju ile ẹjọ giga ipinlẹ Osun, to si n beere fun owo gba, ma binu tii se ọgọrun miliọnu Naira fun bi Oluwo ṣe fi iya jẹ ẹ. ",True,36.31270301891552,supports,supports,True
afrifact_data_culture_igbo_541,igbo,Ọkaiwu Paul Achalla gwara ndị BBC Igbo na Nnamdị Kanụ dara Iwu Facebook ya mere e ji machie akantụ ya.,refutes,afrifact_data_culture_igbo_542,igbo,"Paul Achalla bụ ọkaiwu na mba ofesi ma bụrụkwa onye otu Ipob ekwuola atụmatụ ha ga-agbaso iji weghachi akara Facebook onyeisi ha bụ Nnamdi Kanu. Na mkparịtaụka ya na BBC Igbo, Achalla kọwara na o nwereike ịbụ maka otu ihe maọbụ nke ọzọ ka e ji wetuo akara facebook Nnamdi Kanu, mana Facebook kwesịrị inye ya ohere ka ọ zara ọnụ ya. ",False,44.07712065091943,supports,supports,False
afrifact_data_culture_hausa_506,hausa,Akwai mutane da suke ikirarin cewa su musulmai ne amma ba su yarda da hadisai ba.,nei,afrifact_data_culture_hausa_701,hausa,"Masu bincike sun ce a mafiya yawan lokutan mutane kan tura da sakonin karya ko kuma hotonan bidiyo bogi zuwa ga sauran mutane da suke mu'amala da su a dandalin sada zumunta, inda wasu suna da mabiya fiye da 100. Daga nan ne cikin sauri sai gungun mutane su taru domin kai wa baki hari, kuma 'yan sanda ba su da isashen lokacin mayar da martani.",False,27.201663907887877,supports,supports,False
afrifact_data_culture_igbo_387,igbo,Ji bụ nri ụmụ ntakịrị na-eri n'ụlọakwụkwọ ma e tinye ya beans na osikapa.,nei,afrifact_data_culture_igbo_095,igbo,"Osikapa bụ otu nri ọ na-abụ ego kọgodu gị elu kọọ gị ala, e nwee etu i si hụ obere ego jiri gote ya, ị ga-atụkwasịnwu ya ihe ọbụla were rie ya.",False,19.882256267211154,supports,supports,False
afrifact_data_culture_yoruba_788,yoruba,"Ẹ̀sìn ìsìlámù níí ṣe pẹ̀lú àìṣòdodo, èyí sì ń darí gbogbo ènìyàn sí ohun tí yóò ṣe ànfààní fún wọn.",refutes,afrifact_data_culture_yoruba_789,yoruba,"Ìsìlámù ni ẹ̀sìn tí ó ṣe pé ìmọ̀-Ọlọ́hun ni (al- Taoheed) ní ìpìl̀ẹ rè, òdodo ni òpó rẹ̀, ó dá lórí déédé,otito. Òhun sì ni ẹ̀sìn tí ó gbópọn tí ó jẹ́ pé ó ń darí gbogbo ẹ̀dá sí ibi gbogbo ohun tí yó̀o jẹ́ ànfààní fún wọn ní ọ̀run àti ayé wọn. Bẹ́ẹ̀ náà ni ó sì tún ń kì wọ́n nílọ̀ nípa gbogbo ohun tí yó̀o ṣaburú fún wọn yálà láyé ni tàbí ni ọ̀run.",False,53.54986428744415,supports,supports,False
afrifact_data_culture_igbo_256,igbo,Igwe onyonyo nke Kanu Sports dị oke ọnụ n'ahịa.,nei,afrifact_data_culture_igbo_256,igbo,"Ọ bụkwa onye nwe igwe onyonyo nke Kanu Sports, ụlọ ọrụ igwe onyonyo egwuregwu Ịntanetị.",True,39.42816873664757,supports,supports,False
afrifact_data_culture_yoruba_606,yoruba,"Ìgè kú ní ọjọ́ kẹtàlélógún oṣù kejìlá, ọdún 2001 tí wọ́n fipá gba èmí rẹ̀.",supports,afrifact_data_culture_yoruba_605,yoruba,"A bí Ìgè ní ọjọ́ kẹtàlá oṣu kẹsàán ọdún 1930, ó di olóògbé ní ọjọ́ kẹtàlélógún oṣu kejìlá ọdún 2001. Ìgè di Alákòóso (mínísítà) ìjọba àpapọ̀ fún ẹ̀ka ètò ìdájọ́ àti Agbẹjọ́rò-Àgbà ìjọba àpapọ̀̀ láàrín ọdún 2000 títí di ọdún 2001 tí wọ́n fi fipá gba ẹ̀mí rẹ̀ nínú oṣù Kejìlá ọdún 2001. Ìgè jẹ gómìnà láti osù kẹwàá ọdún 1979 títí dé osù kẹwàá ọdún 2003. Lẹ́yìn ìgbàtí ìjọ̀ba olósèlú padà dé ní ọdún 1999. ̣̣̣̣̣̣̣̣̣́́́́́́́ Ìbẹ̀rẹ̀ ayé rẹ̀ [ | ] Wọ́n bí Jèmísìì Ajíbọ́lá Ìdòwú Adégòkè Ìgè ní ìlú ní ní ọjọ́ kẹtàlá oṣù kẹsàn-án ọdún 1930 bí ó tiḷẹ̀ jẹ́ pé ọmọ bíbí ìlú ní ni àwọn òbí rẹ̀. Ìgè gbéra lọ sí ìlú ní dédé ọmọ ọdún mẹ́rìnlá láti lọ kẹ́kọ́ nílé ẹ̀kọ́ ní àárín ọdún 1943 sí 1948.",False,52.64660686290614,supports,supports,True
afrifact_data_culture_hausa_530,hausa,Muhammad Bello Yabo malami ne na ahlussunah da ke garin Sokoto.,nei,afrifact_data_culture_hausa_567,hausa,"A takaice dai malami na nufin, dukkan wani mai ilimi, ko kwararre a wani fanni na ilimim,sannan ya ke iya koyar da ilimin. Ta wata sigar kuma ana iya cewa, malami shi ne mutumin da yake taimakawa ta yadda zasu samu ingattaccen ilimi, fasaha, ko wata daraja.",False,15.12433765461563,supports,supports,False
afrifact_data_culture_yoruba_309,yoruba,Sunday Igboho tẹ̀lẹ̀ àwọn ọlọ́pàá lọ sí ilé Seriki ní Igangan pẹ̀lú ìgboyà lẹ́yìn tí wọ́n fi ẹ̀sùn jíjó ilè náà kàn án láti fi ìdí rẹ̀ múlẹ̀ pẹ́ òun kò mọ ohunkóhun nípa rẹ̀.,supports,afrifact_data_culture_yoruba_308,yoruba,"Sé lọ́ọ̀tọ́ ni Sunday Igboho jó ilé Seriki fulani ní Igangan? Ẹ jẹ́ kí n sàlàyé kí ọ̀rọ̀ le tán nílẹ̀. ""Nígbà tí mo dé Eruwa, mó lọ fi ara mi hàn lágọ̀ọ́ ọlọ́pàá, mò sì sọ ǹkan ti mo bá wá si àdúgbò náà, adáriu ẹka ilé iṣẹ́ ọlọ́pàá náà sì gbà láti tẹ̀lẹ́ wá lọ. Nígbà tí a de Igangan, à tún bá àwọn 'ọlọ́pàá operation Burst' a lọ sínú ]ilú náà rán pẹ́ asì pada lẹ́sẹ̀kẹsẹ̀ láti lọ sọ fún àwọn ọlọ́pà''a. Ìbéérè mi ni pé, ṣe ọ̀gá ọlọ́pàá yóà máa wò wá kí a lọ má dáná sun ilé Seriki? Sé ọlọ́pàá Operation Burst yóò jk kí a lọ tí a bá dáná sun ilé Seriki? Kò sí nkan tó jọ bẹ́ẹ̀ nígbà tí a wà níbẹ̀ nítorí náà àwa kọ́ ni a dáná sun ilé Seriki Fulani. Sunday Igboho wa gba gbogbo ọmọ Kárọ̀-oojíre nímọ̀ràn pé kí wọ́n wà ní ìṣọ̀kàn kí wọ́n sìmì ọ̀rọ̀ òṣèlú ṣíṣe lórí ǹkan tó niṣe pẹlú igbésí ayé àwọn ènìyàn.",False,64.01990958527962,supports,supports,True
afrifact_data_culture_hausa_178,hausa,An samar da gidan namun daji a Kano a shekarar alif 2000.,nei,afrifact_data_culture_hausa_192,hausa,An bayyana Yankari a matsayin wani yanki na kudancin jihar Bauchi a lokacin inda namun daji masu yawa ke wanzuwa kuma ana iya kare su.,False,26.85959956958057,nei,nei,True
afrifact_data_culture_igbo_481,igbo,Lawrence Ifeanyi Ugwuanyi bụ eze ọdịnaala ndị Ovoko dị n'ime ime obodo Igboeze Federal Constinuency nke Enugu State.,refutes,afrifact_data_culture_igbo_483,igbo,Ọ bụ Onye otu ụlọ nnọchiteanya nke of Nigeria ruo afọ iri na abụọ. Ọ bụ onye so na (PDP) onye nọchitere anya Igboeze North / Udenu Federal Constinuency nke Enugu State.,False,41.89675521719906,nei,nei,False
afrifact_data_culture_hausa_514,hausa,Duk abinda aka aikata a gaban Annabi (S.A.W) ya zama sunna.,refutes,afrifact_data_culture_hausa_515,hausa,"Asalin sunan ya zo ne daga kalmar Sunna , wato koyi da yin dukkan abun da Annabi (S.A.W.) ya aikata, ko ya yi umarni, da a aikata ko kuma aka aikata shi a gabansa amma baiyi hani akan abun da aka aikatan ba.",False,40.772672351994,supports,supports,False
afrifact_data_culture_igbo_447,igbo,Mba Nigeria nwere steeti iri atọ na isii ndị e ji ịrụ ọrụ na ịgba mbọ wee mara,nei,afrifact_data_culture_igbo_335,igbo,"Igbo-Ukwu Igbo-Ukwu (Bekee: Great Igbo) bụ obodo dị na steeti Anambra nke dị na ndịda etiti obodo Naijiria. Obodo ahụ nwere akụkụ atọ bụ Obiuno, Ngo, na Ihite (agglomeration nke 4 quarters) nwere ọtụtụ obodo n'ime nkeji iri na isii na ngalaba nchịkwa iri atọ na isii (36).",False,26.722158370169627,supports,supports,False
afrifact_data_culture_yoruba_383,yoruba,"Àwọn fídíò tó ń lọ káàkiri orí Íńtánẹ́ẹ̀tì fi hàn pé àwọn òṣìṣẹ́ ń jẹ́ kí àwọn àlejò pàtàkì fi ọwọ́ kan òkúta náà ní ìkọ̀kọ̀, èyí tó fi hàn pé níṣe ni wọ́n ya àwọn kan sọ́tọ̀ tí òfin náà ò lè múnáà sílò.",refutes,afrifact_data_culture_yoruba_150,yoruba,"Ọdún Ìdúpẹ́-Ọòrẹ"" jẹ́ ọjọ́ ìsinmi pàtàkì nínú ẹsìn Ìsìlàámù ti àwọn ṣe àjọyọ̀ káàkiri àgbáyé láti ṣerántí àmì kàn tí wọ́n ní ìfẹ sí tí ó ń jẹ́ Ànọ́bì Ìbùrọ̀hìmù ( ( ). Oríṣiríṣi àlàyé ló wà fún ọdún yìi, lára àwọn àlàyé náà ni: Ní ọdún 1991, Sheikh Dr. Abu-Abdullah Adélabú ṣe àlàyé nípa Ọdún Iléyá ní orí Ẹ̀rọ-sọ̀rọ̀sọ̀rọ̀ Rẹ́díò Abùjá wí pé Ọdún Iléyá jẹ́ àjọ̀dún ìfi-ẹ̀mí-ìmọorè-hàn, Ọlọ́hun ní kí Ibrahim ó ṣe láti fi ẹ̀mí-ìmọ́orè hàn èyí tí ó sí fí ọmọ rẹ̀ Ishmael sílè fún ìfi ẹ̀mí-ìmọ́orè hàn sí Ọlọ́run tí ó ṣe àdéhùn fún pé bí oun Ibrahim bá bímọ nínú ogbó pé òun yóò fí ọmọ náà jọ́sín fún Ọlọ́run.",False,64.8998574000569,supports,supports,False
afrifact_data_culture_hausa_674,hausa,Kowacce ƙasa tana samun cigaba ne idan tanada tsaro sosai.,nei,afrifact_data_culture_hausa_566,hausa,"A yawancin ƙasashe, ƙwararrun malamai ana biyan su kuɗi ne, don su koyawa ɗalibai na yau da kullun. Kalmar Malami na da fadi sosai, kuma tana nufin malamai na dukkan dabi'u gani a rayuwa misali; Malamin makarantar boko, Islamiyya, Addini da dai sauransu. ",False,14.050709488420058,supports,supports,False
afrifact_data_culture_igbo_036,igbo,"N'ime ụdị ihe abụọ e ji arụ ọja, nke na-aka anọte aka bụ nke osisi ",supports,afrifact_data_culture_igbo_036,igbo,"N'ime ụdị ihe abụọ a e ji arụ ya, nke osisi na-aka nọtee aka ruo ogologo oge. ",True,53.99252471096287,supports,supports,True
afrifact_data_culture_igbo_086,igbo,Ji ahụrụ ahụ bụ ji e ji eme emume iri ji ọhụrụ.,supports,afrifact_data_culture_igbo_086,igbo,Ọ bụ ya ka e ji eme emume iri ji ọhụrụ.,True,52.24999704181014,supports,supports,True
afrifact_data_culture_hausa_523,hausa,Gwamnatin Najeriya ce ta bada umarnin kashe Sheikh Ja'afar Mahmud Adam.,refutes,afrifact_data_culture_hausa_527,hausa,"Shiekh Ja'afar Mahmud Adam (Fabrairu 12, 1960 - Afrilu 13, 2007) ya kasance masanin addinin kuma memba na Jama'at Izalat al Bid'a Wa Iqamatus Sunnah na Najeriya, ƙungiyar addini da siyasa da ke da hedikwata a Abuja .",False,30.88657763987732,supports,supports,False
afrifact_data_culture_hausa_464,hausa,Talakawa da yawa suna rabauta da zakkar da masu kuɗin Kano ke fitarwa a lokacin azumin ramadana.,nei,afrifact_data_culture_hausa_374,hausa,Ga Maguzawan da ke gundumar Kwatarkwashi ta Jihar Zamfara waɗanda ke bautar Magiro a garuruwansu na da ba su da wata tsayayyar rana wadda suke raɗa wa ‘ya’yansu suna. A al’adar waɗannan mutane ba a raɗa wa yaro suna sai lokacin da ake da damar yin sunan ko da kuwa bayan shekaru ne. A wurinsu mutum yana iya haɗa ‘ya’yansa da yawa tun daga na ɗaya ko fiye da ɗaya don ya yi masu suna a rana ɗaya.,False,24.78512891555935,refutes,refutes,False
afrifact_data_culture_hausa_117,hausa,Najeriya ƙasa ce da ta ke tutiya da arziƙin man fetur.,nei,afrifact_data_culture_hausa_119,hausa,"Kafin wannan nadin, Kyari ya kasance Manajan Janar na Rukunin Man Fetur na Kamfanin Mai na NNPC da kuma wakilin Nijeriya na Kungiyar Kasashe Masu Fitar da Man Fetur wato (OPEC) tun daga shekarar 2018.",False,21.365091599235058,supports,supports,False
afrifact_data_culture_yoruba_377,yoruba,Àwọn ará-ìlú kọ̀ láti gbóríyìn fún Oṣinbajo fún iṣẹ́ takuntakun tó ṣe láti ri pé ètò ọrọ̀-ajé  ń lọ bó ṣe yẹ.,refutes,afrifact_data_culture_yoruba_374,yoruba,"Ṣaaju ni igbakeji aarẹ orilẹ-ede Naijiria naa, ti kọkọ yọ olori ileeṣẹ ọtẹlẹmuyẹ DSS fun bi awọn oṣiṣẹ ikọ naa ti ṣe ṣigun bo ẹka ile aṣofin apapọ. Bi o tilẹ jẹ pe ọpọ lo n fi oju atobi-masee-bawi wo Lawal Musa Daura, to jẹ ọga agba ileeṣẹ naa, nitori ọkan o jọkan iwa fami-lete n tutọ wọn, ti awọn kan si ti n beere idi gan ti o fi ṣoro fun aarẹ Buhari lati rọọ loye. Amọ ṣa, Oṣinbajọ ko beṣu-bẹgba to fi yọ Daura nipo bi ẹni yọ jiga. Kini Oṣinbajo ti ṣe tẹlẹ? Eyi kọ ni igba akọkọ ti aarẹ Buhari yoo maa lọ fun isinmi, ti igbakeji rẹ yoo si maa gbe awọn igbesẹ to loorin eleyi ti awọn eeyan ti pariwo kare fun un. Ọpọ lo n fi oju koṣee bawi wo Lawal Musa Daura to jẹ ọga agba ileeṣẹ DSS tẹlẹ nitori ọkan o jọkan iwa familete n tutọ wọn Ni ọdun to kọja ti aarẹ Buhari lọ gba isinmi, lasiko naa ni eto ọrọ aje Naijiria n ṣojojo ti owo dọla di ọwọngogo ni Naijiria, ṣugbọn ni gẹlẹ ti Oṣinbajo di adele aarẹ lo ti gbe awọn igbesẹ kan ninu eyi ti a ti ri aṣẹ to pa fun banki apapọ lati fọn dọla tuntun si inu ọja ọrọ aje eyi si fun Naira ni ifẹsẹmulẹ to duro deede nigba naa.",False,34.72707852686127,supports,supports,False
afrifact_data_culture_hausa_321,hausa,Goro ana yawan amfani da shi wajen shirya abin sha mai ɗanɗano wanda yake bada kuzari musamman ga matasa a Afirka.,nei,afrifact_data_culture_hausa_585,hausa," watan Oktoba na shekara ta 2022, Kamfanin Amurka mai suna Ideanomics, wanda ke da ƙwarewa acikin motocin lantarki, ya bada umurni ga abin da yake da'awar shine mafi girman masana'antar taro don tarakta na lantarki a Arewacin Amurka.",False,26.80293570169204,supports,supports,False
afrifact_data_culture_yoruba_045,yoruba,"Eégún Alábala ni ó máa ń pidán, eégún Apẹ̀sà ni ó máa ń kọrin ki àwọn ènìyàn nígbà tí eégún Aláago jẹ́ eégún onífàájì",supports,afrifact_data_culture_yoruba_043,yoruba,Àwọn wọ̀nyí ni wọ́n ma ń pidán tí wọ́n sì ma ń yí . Egúngún Apẹ̀ṣà. Irúfẹ́ àwọn egúngún wọ̀nyí ló m a ń kọrin ki àwọn ènìyàn. Egúngún Aláago. Àwọn eégún wọ̀nyí jẹ́ egúngún oní fàájì àti bbl. Orúkọ tí wọ́n ń pe àwọn egúngún wọ yí tún yàtọ̀ síra wọn ní ìlú sílú ati àdúgbò sí àdúgbò. Ìtàn nípa Egúngún [ | ] Onirunrun itan lo ro mo Iwasayi tabi ibere egungun sugbon eyi ti a o salaye ni Itan akoni ti a mo si Ogogo omo kulodo.,False,39.80532097409183,supports,supports,True
afrifact_data_culture_hausa_096,hausa,Malaman makaranta guda 22000 ne suka rasa aiki sakamakon wani garanbawul da Nasir El-Rufa'i ya yiwa ma'aikatar ilimi a jihar Kaduna.,supports,afrifact_data_culture_hausa_091,hausa,"gwamna, El-Rufai ya fara aiwatar da garambawul a fannin ilimi da nufin sake fasalin yanayin ilimi a jihar. El-Rufai ya kori sama da malaman firamare 22,000. [ ] Gwamnatin E",False,36.00629066746081,supports,supports,True
afrifact_data_culture_igbo_728,igbo,Onye uweojii aha ya bụ Lukmon Akanbi agbagbuola otu nwaokorobịa ya na ya nwere nghọtahie na Legọọs Aịland ụbọchị Fraịde. Ndị uweojii kpere ya ikpe ma chụọ ya n'ọrụ.,supports,afrifact_data_culture_igbo_730,igbo,"Aka ndị uweojii akparala ofu onye otu ha ji egbe gbagbuo otu nwata nwaokorobịa na mpaghara Legọs Aịland ụbọchị Fraịde. Onye uweojii a aha ya bụ Lukmon Akanbi na nwaokorobịa aha ya bụ Ramon Adeniyi nwere obere nghọtahie o wee mịrị egbe gbatuo ya. Bala Elkana bụ ọnụ na-ekwuru ndị uweojii na Legọs kwuru na e kpeela Akanbi ikpe imeụlọ dịka iwu ndị uweojii sị dị, wee chụọ ya n'ọrụ.",False,98.80469143803757,supports,supports,True
afrifact_data_culture_igbo_020,igbo,Abang kwuru na ya na ndị ọrụ ya ekeela nkwụcha ịhụ na ọgbatauhire ọbụla adịghị n'ụzọ ahụ n'izu a.,supports,afrifact_data_culture_igbo_020,igbo,Abang sị na ya na ndị ọrụ ya ekeela nkwụcha ịhụ na enweghị ọgbatauhire ọbụla na ụzọ ahụ n'izu a.,True,79.68287234305383,supports,supports,True
afrifact_data_culture_igbo_427,igbo,Alexander Ekwueme gụrụ akwụkwọ na Mahadum nke Nigeria ma nweta nzere Bachelo tupu ọ gawa ala Bekee,refutes,afrifact_data_culture_igbo_315,igbo,"Mgbe ọ gụsịrị akwụkwọ na Mahadum Katọlik nke America na Washington D.C., na Masters na Sayensị ndọrọ ndọrọ ọchịchị, Chuba gara n'ihu site n'inweta nzere doctorate abụọ na nkà ihe ọmụma na sayensị ndọrọ ọchịchị na Washington, D.C",False,20.58890464977469,refutes,refutes,True
afrifact_data_culture_yoruba_167,yoruba,Táyé Taiwò gbá bọ́ọ̀lù nínú líìgì àgbábuta orílẹ̀-èdè South Africa fún ọdún márùn-ún.,refutes,afrifact_data_culture_yoruba_163,yoruba," International. Wọ́n ra Taiwo wá si ìpele Nigeria Premier League, sínú ẹgbẹ́ agbábọ́ọ̀lù Lobi Stars. Níbi tí ó tún ti lo ọdún kan . Olympique de Marseille [ | ] Ní ọdún 2005, nígbà tí ó pé ọmọ ogún ọdún, ẹgbẹ́ agbábọ́ọ̀lù ilẹ̀ Faranse kan ti o n je Olympique de Marseille gba Taiwo sinu iko won. Won ra Taiwo lati le ropo ogbeni Bixente Lizarazu ti o ti lo sinu egbe agbaboolu Bayern Munich. Taiwo lo gba boolu ti iko re Olympic Marseille fi jawe olubori",False,22.412326757486625,refutes,refutes,True
afrifact_data_culture_hausa_354,hausa,Ahmed Musa ya zura ƙwallaye biyu a nasarar Najeriya 2-0 akan Iceland a gasar cin kofin duniya ta 2018.,supports,afrifact_data_culture_hausa_352,hausa,"Ahmad Musa ya zama ɗan na farko da ya ci fiye da ɗaya a gasar cin kofin duniya wato , bayan da yaci Argentina kwallaye biyu a gasar cin kofin duniya ta shekara dubu biyu da goma sha huɗu (2014). Ahmad Musa shine Ɗan na farko da ya zura kwallo a gasar cin kofin duniya ta guda biyu, bayan ya zura kwallaye biyu a ragar Iceland a matakin rukuni na .",False,66.98876200056549,nei,nei,False
afrifact_data_culture_yoruba_096,yoruba,"Ìrẹsì aládùn kan tí à ń fi tòmátì, àlùbọ́sà àti àwọn amóúnjẹ-ta-sánsán sè ni jọ̀lọ́ọ̀fù jẹ́.",supports,afrifact_data_culture_yoruba_654,yoruba,"Ẹ̀sìn Búddà Ìgbàgbọ́ ìbílẹ̀ fi han wí pé a bi Budda si ìdílé Ọba ni Orílé-èdè . Nítorí náà, àwọn àwòràwọ̀ wí pé ní ìlú èyí tí o ti di òrìṣà àkúnlẹ̀bọ ní ìlú “India” ni a gbé bí i. O jẹ́ ọmọ ẹbí Orùkọ bàbá rẹ ni A bí Budda nínú ìdílé Ọba. Orúkọ ìyá rẹ ni Kò si ẹni ti o mọ àkọsílẹ̀ ọjọ́ ibi rẹ̀ pàtó tàbí ti o ni àkọsílẹ̀ rẹ̀. Olúkúlùkù kan ńsọ àwọn ọjọ́ ti wọn rò pe o le jẹ́ ni nítorí kò si àkọsílẹ̀ kan pàtó ti a le tọka sí.",False,29.832193989617046,supports,supports,True
afrifact_data_culture_hausa_171,hausa,Jihar Katsina ta samu ayyukan ci gaba sosai loƙacin mulkin soja.,nei,afrifact_data_culture_hausa_172,hausa,Ya riƙe muƙamin Kwamishinan ayyuka da muhalli da kuma sufuri na Jihar Katsina a tsakanin shekarar 1991 zuwa 1993 a lokacin mulkin Soja,False,25.29330413333055,supports,supports,False
afrifact_data_culture_hausa_504,hausa,Littafin Alƙur'ani mai girma ya ambaci Attaura sau goma sha takwas.,nei,afrifact_data_culture_hausa_504,hausa,"A cikin Alqur'ani [ | ] Kalmar Tawrat ta zo sau goma sha takwas a cikin Alqur'ani kuma an ambaci sunan Musa sau 136 a cikin Alqur'ani; babu inda aka rubuta cewa Musa shi kadai aka bai wa Tawrat, amma akasin haka an rubuta a cikin Alkur’ani cewa annabawa sun yi mulki da Tawrat.",True,34.27024739881649,supports,supports,False
afrifact_data_culture_hausa_392,hausa,Mabiya JIBWIS suna gudanar da taruka na koyan girki da zaman lafiya a cikin al’umma.,refutes,afrifact_data_culture_hausa_401,hausa," Hujjar mabiya aƙidar Sunnah kuwa ita ce da yake Manzon Allah (s.a.w) bai nuna wani ba wanda za'a bi bayansa sai suka yanke hukuncin yin Shura (wato kuri'a tsakanin al'umma) bayan Wafatin, wato rasuwar Annabi (s.a.w) kuma suka zaɓi Sayyadina Abubakar a matsayin Jagoran daular musulunci kuma jagoran Musulmai. ",False,18.74836300415192,supports,supports,False
afrifact_data_culture_yoruba_690,yoruba,Ìpínlẹ̀ Ọ̀yọ́ tó wà ní ìwọ̀ oòrùn orílẹ̀-èdè Nàìjíríà jẹ́ ọ̀kan nínú àwọn ìpínlẹ̀ mẹ́rindínlógójì tí orílẹ̀-èdè náà ni.,supports,afrifact_data_culture_yoruba_689,yoruba,"Ìpínlẹ̀ Oyo jẹ́ ọ̀kan lára àwọn ìpínlẹ̀ Mẹ́rìndínlógójì tí ó wà ní orílẹ̀-èdè . Ìpínlẹ̀ yí wà ní Ìwọ̀ Oòrùn orílẹ̀-èdè Nàìjíríà, tí olú-ìlú rẹ̀ sì fìdí kalẹ̀ sí ìlú , tí olú-ìlú rẹ̀ sí jẹ́ ìlú kẹta tí ó lérò púpò julọ ni orílẹ̀-èdè Nàìjíríà, tí o si figbakan je ìlú Kejì tó lérò púpò julọ ní Áfríkà ri.",False,70.84978813866691,supports,supports,True
afrifact_data_culture_igbo_280,igbo,Ndị na-akụ azụ na ndị na-eme njem ụgbọ mmiri na Mmiri Ọnụ Ọwarị Ọgbaru na-atụ ụtụ nye gọọmentị Anambara.,nei,afrifact_data_culture_igbo_711,igbo,"A na-ahụta alụmdi na nwunye dịka ihe kachasị mkpa na ndụ ndị Igbo, nke chere nwata nwoke na nwaanyị n'ihu ma ha tolite. Alụmdi na nwunye bụ njem a na-abanye n'ime ya ma nọrọ rue oge ọnwụ, ọ bụghị njem agatụ a lawa azụ. Nke a mere nwoke maọbụ nwaanyị ọbụla na-alụ di na nwunye kwesịrị ịsa anya na mmiri. Otu ụzọ gbapụtara ihe ndị Igbo na-eji asa anya na mmiri tupu alụmdi na nwunye bụ ihe a kpọrọ ""Ịjụ ese""",False,27.26935491136184,supports,supports,False
afrifact_data_culture_yoruba_624,yoruba,Ìpínlẹ̀ Òndó tí a tún mọ̀ sí Sunshine State jẹ́ ọ̀kàndínlógún ìpínlẹ̀ tí àwọn èèyàn pọ̀ jùlọ lórílẹ̀-èdè.,supports,afrifact_data_culture_yoruba_623,yoruba,"Ondo state Tí orúkọ ìnagijẹ rẹ̀ njẹ́ ""Sunshine State"", Ondo jé ọ̀kàndìnlógún Ìpínlẹ̀ tí ó pọ̀ jùlọ ní orílẹ̀ èdè , tí ó sì jẹ́ ìpínlẹ̀ karùndínlọ́gbọ̀n tó fẹ̀ jùlọ gẹ́gẹ́ bí ìwọ̀n ilẹ̀ gbígbà.",False,51.88766500287821,supports,supports,True
afrifact_data_culture_hausa_079,hausa,Allah ya karbi ran Ado Bayero a garin Landan bayan ya sha fama da rashin lafiya.,refutes,afrifact_data_culture_hausa_010,hausa,"An haife shi a ranar ashirin da biyar 25 ga watan Fabrairu, shekara ta alif ɗari tara da ashirin da biyar 1925 a garin , (a yau ) , ya kuma rasu ne a ranar ashirin da takwas 28 ga watan Disamba, shekara ta dubu biyu da sha takwas 2018 bayan jinya da gajeriyar rashin lafiya da yayi a wani asibiti dake",False,26.51877107267551,refutes,refutes,True
afrifact_data_culture_igbo_554,igbo,"Odumeje, Rita Edochie na Ada Jesus nwere nsogbu. Rita Edochie mechara gbaghara Ada Jesus ebubo niile o boro ya.",supports,afrifact_data_culture_igbo_556,igbo,"Rita Edochie, Odumeje, Ada Jesus: 'Chukwu abọrọla m ọbọ n'isi nwada a' Onye na-eme ihe nkiri ama ama aha ya bụ Rita Edochie ekwuola na ọ gbagharala Ada Jesus bụ ọkpaọchị ama ama maka okwu ọjọọ o kwuru megide ya. O kwuru si na obi dị ya ụtọ na ụwa amarala na Ada Jesus tụgidere ya asị. ",False,83.86366188781906,supports,supports,True
afrifact_data_culture_yoruba_135,yoruba,Ayọ̀deji Balogun kọ́kọ́ peregedé fún àmì ẹyẹ Grammy lọ́dún 2015,supports,afrifact_data_culture_yoruba_135,yoruba,"Ayodeji Ibrahim Balogun ti ọpọ mọ si Wizkid kọkọ pegede fun ami ẹyẹ Grammy pẹlu iṣẹ ajọṣepọ rẹ pẹlu olorin takasufe ilẹ Amẹrika, Drake lọdun 2015. Ilumọọka olorin ni Wizkid ti ọpọ gbagbọ pe o bẹrẹ iṣẹ orin kikọ lọmọ ọdun mọkanla. Wizkid di ẹni tu araye n sọ nipa rẹ lagba ile orin lọdun 2011 lẹyin to gbe orin ''Holla at Your Boy'' jade. 5. Seun Kuti Seun Kuti to jẹ ọkan lara awọn ọmọkunrin oloogbe Fela Kuti to n kọrin jọ ọkan lara awọn olorin ọmọ Naijiria ti wọn fa kalẹ fun ami ẹyẹ Grammy lọdun 2018.",True,22.845105428726605,supports,supports,True
afrifact_data_culture_hausa_304,hausa,Awara abinci ne mai ɗanɗano wanda aka yi gaba ɗaya da alkama,refutes,afrifact_data_culture_hausa_265,hausa,"__LEAD_SECTION__ [ | ] Tuwon wani nau'in abinci ne kuma ana kawo shinkafar daga , da arewacin Najeriya. Kyakkyawan abunci ne mai laushi aka shirya daga shinkafa ta gida wanda yake da taushi kuma mai mannewa, kuma yawanci ana ba da shi tare da nau'ikan miya daban-daban kamar da .",False,19.29143030703711,supports,supports,False
afrifact_data_culture_hausa_334,hausa,Dambe wasa ne na rukuni mai sauƙi wanda akeyi da ƙwallon ƙafa,refutes,afrifact_data_culture_hausa_669,hausa,"Tsari [ | ] Kacici-kcici yana da alaqa da wasa kwakwalwa, amman galibi suna da bambamci, wasa kwakwalwa ana yinshi ta sigar tambaya ko magana a zube,wanda shima kacici-kacici haka yake,sai dai kawai kacici-kacici ana cewa “Kacici-Kacici” idan za ayi,shi kuma wasa kwakwalwa farawa kawai akeyi. ",False,19.885049471336885,supports,supports,False
afrifact_data_culture_yoruba_766,yoruba,Gbogbo ọbẹ̀ ni wọ́n máa ń kọ́kọ́ ṣan ewé wọn kí wọ́n tó ṣàmúlò rẹ̀.,nei,afrifact_data_culture_yoruba_766,yoruba,"Ọbẹ̀ Oha jẹ́ ọbẹ̀ tó wọ́pọ̀ ní apá gúúsù mọ́ ìlà-oòrùn orílẹ̀-èdè . Ọbẹ̀ oha jẹ́ ọbẹ̀ agbègbè Ìlà-oòrùn, tó sì jẹ́ pé àwọn ará Íbò ni wọ́n sábà máa ń sè é, láti ará igi ewébẹ̀ láéláé tí orúkọ sáyẹ́ńsì rẹ̀ ń ṣe Pterocarpus mildraedii ni ọbẹ̀ náà ti ṣẹ̀.",True,29.72259615513921,supports,supports,False
afrifact_data_culture_hausa_700,hausa,Yana da kyau mutane su ke yin bincike mai zurfi kafin su je baƙon wuri don yin hutu.,nei,afrifact_data_culture_hausa_373,hausa,Ga Maguzawan da ke gundumar Kwatarkwashi ta Jihar Zamfara waɗanda ke bautar Magiro a garuruwansu na da ba su da wata tsayayyar rana wadda suke raɗa wa ‘ya’yansu suna. A al’adar waɗannan mutane ba a raɗa wa yaro suna sai lokacin da ake da damar yin sunan ko da kuwa bayan shekaru ne. A wurinsu mutum yana iya haɗa ‘ya’yansa da yawa tun daga na ɗaya ko fiye da ɗaya don ya yi masu suna a rana ɗaya.,False,24.445075704045426,supports,supports,False
afrifact_data_culture_hausa_812,hausa,Muhammadu Buhari ya shafe tsawon shekaru 8 yana mulkin Najeriya.,nei,afrifact_data_culture_hausa_077,hausa,"A shekara ta 2003, bayan ya faɗi zaɓe a karo na biyu a takatar Gwamnan Jihar Kano, Shugaban Kasa Olusugun Obasanjo ya naɗa shi a matsayin babban Ministan Tsaron Najeriya wanda ya riƙe na tsawon shekaru huɗu.",False,16.057148424156434,supports,supports,False
afrifact_data_culture_yoruba_341,yoruba,Ọjọ́ Ìṣẹ́gun ni àwọn oníròyìn gbé ìròyìn yìí síta nípa ilé alárinrin tí Aláàfin kọ fún àwọn olorì rẹ̀.,refutes,afrifact_data_culture_yoruba_348,yoruba,"Ọ̀pọ̀lọ̀pọ̀ ìgbà ni ìjínigbé ti wáyé ní ojú ọ̀nà ìlú Ọ̀wọ̀ sí Ìkàrẹ́-Àkókó. Alukoro fun ileeṣẹ ọlọpa nipinlẹ Ondo, Fẹmi Joseph sọ fun akọroyin BBC Yoruba, pe eniyan mẹta ni awọn ti wọn ji gbe lootọ, ṣugbọn ''ileeṣẹ ọlọpaa ko ti i le sọ boya Fulani lo ji wọn gbe nitori pe a ko ti i ri wọn'' tako iroyin to jade pe awọn fulani daran-daran lo ji wọn gbe. Bakan naa lo sọ ijinigbe ati iwa ọdaran gbogbo kiiṣe ọrọ ẹya tabi ẹsin. Ile isẹ ọlọpaa n gbe Ọrẹkunrin Khadijat rẹlẹ ẹjọ ni Ọjọ Aje ""Ọwọ wa tẹ awọn afurasi ajinigbe mẹjọ ni bi ọsẹ meji sẹyin, ko si si ẹya Fulani kankan lara wọn. Awọn mẹjọ naa si ti wa ni ihamọ nitori ọrọ wọn ti de ile ẹjọ."" Gẹgẹ bi ohun ti Joseph sọ, ọkan lara awọn mẹta ti wọn ji gbe jẹ olukọ ni ileewe gbogbonise Rufus Giwa to wa ni ilu Ọwọ nipinlẹ Ondo. Ọna to lọ si ilu Ipele nitosi Ọwọ ni wọn ti ji olukọ naa gbe.",False,34.03675372441602,supports,supports,False
afrifact_data_culture_yoruba_181,yoruba,Ọgbẹ́ni Wọlé parọ́ fún màmá tí ó bá sọ̀rọ̀ lórí aago wípé òun wà ní kíláàsì.,nei,afrifact_data_culture_yoruba_444,yoruba,"Igboho lo sọ ọrọ naa nibi ipade kan ti Ọjọgbọn Banji Akintoye, to jẹ aṣiwaju nilẹ Yoruba naa wa. O ṣalaye pe ko si nnkankan to n jẹ iṣọkan Naijiria mọ lẹyin ti eto abo ilẹ Yoruba mẹhẹ, ti ijọba apapọ ko si ri ohun kankan ṣe nipa rẹ. Bakan naa lo tun ṣalaye pe oun atawọn ikọ oun ti ṣetan lati koju awọn ọdaran Fulani lọna ati le wọn kuro ni gbogbo ilẹ Yoruba patapa. Gẹgẹ bo ṣe sọ, ""a o lọ ṣi awọn ẹnu ibode wa ti ijọba apapọ ti pa, a o si ṣigbogbo rẹ ki ounjẹ le maa wọle."" ""A kii ṣe ara Naijiria mọ, ọlọpaa ti wọn ba bi daa, ko da wa lọna tabi ko gbiyanju lati mu ẹnikẹni ninu wa, igba yẹn ni wọn yoo mọ pe ẹnu Yoruba ko."" Igboho sọ pe ko si anfani kankan ti ẹya Yoruba n ri ninu Naijiria gẹgẹ bii orilẹ-ede nitori gbogbo ipo to ṣe pataki ninu ijọba to wa lode yii ni Hausa n ṣakoso. O pari ọrọ rẹ pe digbi ni oun wa lẹyin awọn agbagba Yoruba lori igbesẹ wọn lati gba ominira kuro ni Naijiria.",False,30.246006699736185,supports,supports,False
afrifact_data_culture_hausa_525,hausa,Sheikh Ja'afar Mahmud Adam ya kasance ya na yin tafsirin alƙur'ani a duk ranar juma'a a masallacin Gadon ƙaya.,nei,afrifact_data_culture_hausa_527,hausa,"Shiekh Ja'afar Mahmud Adam (Fabrairu 12, 1960 - Afrilu 13, 2007) ya kasance masanin addinin kuma memba na Jama'at Izalat al Bid'a Wa Iqamatus Sunnah na Najeriya, ƙungiyar addini da siyasa da ke da hedikwata a Abuja .",False,40.89395234610566,refutes,refutes,False
afrifact_data_culture_hausa_560,hausa,Malamai su na jindaɗi sosai yayin da su ka ga ɗalibansu na samun cigaba a ɓangaren karatunsu.,nei,afrifact_data_culture_hausa_566,hausa,"A yawancin ƙasashe, ƙwararrun malamai ana biyan su kuɗi ne, don su koyawa ɗalibai na yau da kullun. Kalmar Malami na da fadi sosai, kuma tana nufin malamai na dukkan dabi'u gani a rayuwa misali; Malamin makarantar boko, Islamiyya, Addini da dai sauransu. ",False,27.414115633625183,supports,supports,False
afrifact_data_culture_yoruba_323,yoruba,"Wọ́n filé pọ̀ntí, wọ́n fọ̀nà rokà níbi ìgbéyàwó ọmọ Buhari, tí ọ̀pọ̀ ènìyàn sí péjú pésẹ síbẹ̀, láìbìkítà nípa àwọn ìlànà Covid-19.",refutes,afrifact_data_culture_yoruba_347,yoruba,"Ọ̀pọ̀lọ̀pọ̀ ìgbà ni ìjínigbé ti wáyé ní ojú ọ̀nà ìlú Ọ̀wọ̀ sí Ìkàrẹ́-Àkókó. Alukoro fun ileeṣẹ ọlọpa nipinlẹ Ondo, Fẹmi Joseph sọ fun akọroyin BBC Yoruba, pe eniyan mẹta ni awọn ti wọn ji gbe lootọ, ṣugbọn ''ileeṣẹ ọlọpaa ko ti i le sọ boya Fulani lo ji wọn gbe nitori pe a ko ti i ri wọn'' tako iroyin to jade pe awọn fulani daran-daran lo ji wọn gbe. Bakan naa lo sọ ijinigbe ati iwa ọdaran gbogbo kiiṣe ọrọ ẹya tabi ẹsin. Ile isẹ ọlọpaa n gbe Ọrẹkunrin Khadijat rẹlẹ ẹjọ ni Ọjọ Aje ""Ọwọ wa tẹ awọn afurasi ajinigbe mẹjọ ni bi ọsẹ meji sẹyin, ko si si ẹya Fulani kankan lara wọn. Awọn mẹjọ naa si ti wa ni ihamọ nitori ọrọ wọn ti de ile ẹjọ."" Gẹgẹ bi ohun ti Joseph sọ, ọkan lara awọn mẹta ti wọn ji gbe jẹ olukọ ni ileewe gbogbonise Rufus Giwa to wa ni ilu Ọwọ nipinlẹ Ondo. Ọna to lọ si ilu Ipele nitosi Ọwọ ni wọn ti ji olukọ naa gbe.",False,45.77496284661759,supports,supports,False
afrifact_data_culture_yoruba_043,yoruba,"Gbogbo igi ló ń juwọ́ sí Ọlọ́run Ọba, ewéko àti gbogbo àwọn ewé ilẹ̀ pátápátá.",nei,afrifact_data_culture_yoruba_444,yoruba,"Igboho lo sọ ọrọ naa nibi ipade kan ti Ọjọgbọn Banji Akintoye, to jẹ aṣiwaju nilẹ Yoruba naa wa. O ṣalaye pe ko si nnkankan to n jẹ iṣọkan Naijiria mọ lẹyin ti eto abo ilẹ Yoruba mẹhẹ, ti ijọba apapọ ko si ri ohun kankan ṣe nipa rẹ. Bakan naa lo tun ṣalaye pe oun atawọn ikọ oun ti ṣetan lati koju awọn ọdaran Fulani lọna ati le wọn kuro ni gbogbo ilẹ Yoruba patapa. Gẹgẹ bo ṣe sọ, ""a o lọ ṣi awọn ẹnu ibode wa ti ijọba apapọ ti pa, a o si ṣigbogbo rẹ ki ounjẹ le maa wọle."" ""A kii ṣe ara Naijiria mọ, ọlọpaa ti wọn ba bi daa, ko da wa lọna tabi ko gbiyanju lati mu ẹnikẹni ninu wa, igba yẹn ni wọn yoo mọ pe ẹnu Yoruba ko."" Igboho sọ pe ko si anfani kankan ti ẹya Yoruba n ri ninu Naijiria gẹgẹ bii orilẹ-ede nitori gbogbo ipo to ṣe pataki ninu ijọba to wa lode yii ni Hausa n ṣakoso. O pari ọrọ rẹ pe digbi ni oun wa lẹyin awọn agbagba Yoruba lori igbesẹ wọn lati gba ominira kuro ni Naijiria.",False,24.970193478175684,supports,supports,False
afrifact_data_culture_igbo_013,igbo,"Bianca Ojukwu bụ nwaanyị nke abụọ bụ onyeisi n'ụlọọrụ ""Nigerian Stock Exchange"" ",refutes,afrifact_data_culture_igbo_013,igbo,"Ọ bụ nwaanyị mbụ nọ n'oche ọchịchị dịka onyeisi n'ụlọọrụ ""Nigerian Stock Exchange"".",True,52.702358614828,supports,supports,False
afrifact_data_culture_yoruba_218,yoruba,Kò sí nínú ìbúra àwọn olóṣèlú láti pèsè ààbò tó rinlẹ̀ fún àwọn ará ìlú.,refutes,afrifact_data_culture_yoruba_346,yoruba,"""Ọpọlọpọ nkan lati n ṣe bayii lati ri i pe ọrọ ijinigbe di afisẹyin ti eegun n fiṣọ. Ati fi kun awọn ọlọpa to n duro loju ọna. Bakan naa ni a ti pe awọn miran ti kii ṣe ọlọpa mọra lati ran wa lọwọ. Ohun ti a fẹ lati ọdọ araalu ni pe ki wọn maa ta wa lolobo, gbadura fun wa, ki wọn si mu suuru diẹ fun wa, ao ṣiṣẹ naa bi iṣẹ A ko mọ boya awọn ajinigbe ti kan si awọn mọlẹbi awọn ti wọn ji gbe, nitori ileeṣẹ ọlọpa kii lọwọ si. Idi ni pe ọpọlọpọ ọdaran yoo maa lo anfaani pe ileeṣẹ ọlọpa faaye gba sisan owo fun ajinigbe lati maa ṣiṣẹ ibi. Ti a ba fun ẹnikan lowo loni, ẹlomii yoo tun wo awokọṣe naa lati ji ẹlomiran gbe. A si maa n rọ awọn araalu lati fi to wa leti ti awọn ajinigbe ba kan si wọn, ṣugbọn o ṣeni laanu pe mọlẹbi awọn ti wọn ba ji gbe kii ṣọ fun wa lasiko ti wọn ba kan si wọn tabi san owo itusilẹ.""",False,31.384982878652483,supports,supports,False
afrifact_data_culture_hausa_465,hausa,Masu kuɗi na iya kai zakkar su hukumar zakka da hubusi don a bayar da ita ga waɗanda su ka cancanta.,nei,afrifact_data_culture_hausa_171,hausa,Wannan turka-turka da wasu caje-caje da ke da nasaba da kuɗi su ka sa hukumar watau E.F.C.C ta gurfanar da Gwamna Shema a gaban kotu kan cajin almundahanar kuɗaɗen da suka kai kimanin biliyan goma sha ɗaya (N11 billion).,False,27.75316144822241,refutes,refutes,False
afrifact_data_culture_yoruba_557,yoruba,Oríṣi Gaàrí kan ló wà nílẹ̀ Yorùbá. Èyí sì ni Gaàrí ìjẹ̀bú.,refutes,afrifact_data_culture_yoruba_555,yoruba,"Ní ìwọ̀-oòrùn , oríṣi gaari méjì ni ó wà, àwọn náà ni gaàrí funfun yẹ́lò. Gaàrí yẹ́lò jẹ́ èyí tí wọ́n fi epo pupa sí nígbà tí wọ́n bá ń yan án. Orílẹ̀-èdè àti ni a ti le rí funfun àti yẹ́lò. Irúfẹ́ Gaàrí funfun kan ni wọ́n ń pè ní Gaàrí-Ìjẹ̀bú . Èyí tí wọ́n máa ń ṣe ní ilẹ̀ lọ́dọ̀ àwọn ará ní orílẹ̀-èdè .",False,44.7189836828041,supports,supports,False
afrifact_data_culture_igbo_191,igbo,Ndị Awụsa bụ ndị bi ne ebe ugwu nke Ọ̀hà Delta na Ọ̀hà Rivas,refutes,afrifact_data_culture_igbo_191,igbo,Ọ bụkwa ndi Ìgbò bi na ebe ugwu nke Ọ̀hà Delta na Ọ̀hà Rivas.,True,63.04150192985841,supports,supports,False
afrifact_data_culture_hausa_211,hausa,Gidan Arewa gini ne da ya kasance wurin ajiyar kayan yaƙin turawan mulkin mallaka.,refutes,afrifact_data_culture_hausa_434,hausa,"Gumi ya fito a matsayin shugaba mai faɗa a ji a lokacin mulkin mallaka, inda yake ganin tsarin mulkin kai tsaye ya raunana ƙarfin addini na sarakuna da kuma karfafa Turawan Yamma.",False,21.08868200117804,supports,supports,False
afrifact_data_culture_hausa_537,hausa,Ya halarta ayi sallah guda biyu da alwala ɗaya.,nei,afrifact_data_culture_hausa_352,hausa,"Ahmad Musa ya zama ɗan na farko da ya ci fiye da ɗaya a gasar cin kofin duniya wato , bayan da yaci Argentina kwallaye biyu a gasar cin kofin duniya ta shekara dubu biyu da goma sha huɗu (2014). Ahmad Musa shine Ɗan na farko da ya zura kwallo a gasar cin kofin duniya ta guda biyu, bayan ya zura kwallaye biyu a ragar Iceland a matakin rukuni na .",False,16.556375709110824,supports,supports,False
afrifact_data_culture_hausa_472,hausa,Mai azumi na iya saduwa da iyalinsa kafin rana ta faɗi.,refutes,afrifact_data_culture_hausa_472,hausa,Azumi shi ne kamewa daga barin cin abinci ko sha ko jima'i (saduwan tsakanin namiji da mace) ko shan taba ko allura ta abinci daga ketowar alfijir nabiyu har zuwa faduwan rana.,True,16.41919842437939,supports,supports,False
afrifact_data_culture_yoruba_118,yoruba,Òpópónà tuntun tí wọn ń ṣe láti Èkó sí Calabar yóò jẹ́ kí ètò ọ̀rọ̀ ajé rú gọ́gọ́ síi.,nei,afrifact_data_culture_yoruba_335,yoruba,"LASEMA ati awọn ile ise pajawiri yo ọkọ ti o jasosa lati ṣe afihan ìṣẹlẹ pajawiri Eyi lohun ti Kevin Hines to gbiyanju lati fo sinu odo ko le gba ẹmi ara rẹ ni Golden Gate Bridge ti San Francisco ninu oṣu kẹsan ọdun 2000. bi o tilẹ jẹ wi pe ọpọ eniyan lo ri i lori afara ko to gbiyanju lati pa ara rẹ - koda onirinajo igbafẹ kan ni ko ya oun ni fọtọ. Ko sẹni to mọ pe o ni iporuru ọkan tabi to bi i lere pe ki lo ṣẹlẹ̀. Nitorinaa, lo ba di gbi ninu odo.",False,27.19378649293884,refutes,refutes,False
afrifact_data_culture_hausa_238,hausa,An gina kasuwar kurmi a cikin gundumar sahara.,refutes,afrifact_data_culture_hausa_236,hausa,"An kafa kasuwar Kurmi a cikin karni na goma sha biyar (15) a matsayin cibiyar kasuwanci da adana kayayyaki don cigaban kasuwanci a cikin birni, sakamakon fadada kasuwancin yanki da Sahara. An Kuma gina ta a cikin gundumar Jakara na cikin birni. ",False,45.10216447803865,supports,supports,False
afrifact_data_culture_hausa_429,hausa,Mabiya addinin shi'a su na da karanci a Nigeria idan aka kwatanta su da 'yan darika.,nei,afrifact_data_culture_hausa_696,hausa,"A wata daya kawai, watan Okotoba, matan da ke kashe kansu sun karu da kashi 70 a Japan idan aka kwatanta da watan Oktoban da ya gabace shi.",False,27.40376154307281,nei,nei,True
afrifact_data_culture_igbo_608,igbo,Otu ọgbọ bụ ndị na-ahụ na obodo gara nke ọma ma ndị ụmụnna nye iwu. Ha na-edebe obodo ọcha na-agakwa agha mgbe ọgụ dapụtara,supports,afrifact_data_culture_igbo_607,igbo,"Otu ọgbọ - Nke a bụ otu ebe ndị bụ ọgbọ dịka ụmụnwoke a mụrụ n'otu oge. ha bụ ndị na-ahụ maka nchekwa obodo niile. Ha bụkwa ndị na-aga agha maọbụ ọgụ oge ọbụla ọgụ dapụtara. Ha bụ ndị na-ekpocha ụzọ, mmiri na ahịa ma o nwee ihe gbochiri ya maọbụ na mmiri buru ahịhịa nọchie ụzọ. Ọ bụkwa ha na-emepụta ihe ọbụla otu ụmụnna maọbụ ndị nze na ọzọ nyere n'iwu dịka ọ bụrụ na o nwere onye a ga-achụpụ n'obodo maọbụ onye a ga-amachị.",False,59.656543172833445,supports,supports,True
afrifact_data_culture_igbo_697,igbo,R.Kelly mara onwe ya ikpe n'ebubo niile e boro ya.,refutes,afrifact_data_culture_igbo_697,igbo,R. Kelly sị na aka ya dị ọcha n'ebubo mmetọ ọhụrụ Otiegwu a ma ama na mba Amerịka bụ R.Kelly ekwuola na aka ya dị ọcha n'ebubo na o metọrọ ụmụaka iri na atọ na Chicago gụnyere ebubo onye ọhụru. Onye nke ọhụrụ a kpọrọ 'Minor Six' so na ebubo ọ hụụ ahụ.,True,31.72441002870805,supports,supports,False
afrifact_data_culture_hausa_599,hausa,Sheikh Qaribullah ya auri mata biyu yana da shekaru ashirin da biyu.,nei,afrifact_data_culture_hausa_422,hausa,"Kuma haka rayuwa ta kasance a gare shi har ya kai ga ,kuma abin mamaki, ya auri mata biyu yana da shekaru ashirin da biyu a 1982. Kamar yadda ba a saba gani ba, da ban mamaki, ko da yake halal ne,kamar daura auren mata biyu a lokaci guda - a wani lokaci, sun yi zaman jituwa tare, na wani lokaci kafin shi, Sheikh Qareebullah, ya yi auren mata fiye da ɗaya na gaske. Wannan aure (salon auren mata fiye da daya ),ba kamar yadda yake ba, sai da ya haifa masa ‘ya’ya goma sha tara.",False,39.12641305374876,supports,supports,False
afrifact_data_culture_yoruba_757,yoruba,Ìṣẹ̀lẹ̀ apànìyàn yìí wáyé ní ìlú Ìjẹ̀ṣà ní Ìdómínàà ní pàtó.,nei,afrifact_data_culture_yoruba_757,yoruba,"Tí a bá sọ̀rọ̀ nípa àwọn tí ó wà ní abẹ́ Ìjẹ̀sà, ọ̀pọ̀lọpọ̀ ìlú ni a lè rí tọ́kasí lábẹ́ wọn. Lára àwọn ìlú wọ̀nyí ní a tí rí ìlú ńláńlá àti kékeré. Àwọn ìlú naa nì wọ̀nyí (1) Ìpólé (2) Ìrógbó (3) Ìwukùn (4) Ìbòdì (5) Ìtapá (6) Òdò (7) Olówu (8) Ìperindó (9) Ìlokò (10) Ìwáráya (11) Ìsè-Ìjẹ̀sà (12) Ìlérín (13) Ìjẹ̀bú- Jẹ̀sà (14) Ìpetu- jẹ̀sà (15) Èrìn –Ìjèsà (16) Ìdómínàà (17) Ìlásè (18) Ìlówá (19) Ìkíyìnwá (20) Ifẹ̀wàrà (21) Èsà-òkè (22) Èsà-odò (23) Ìbòkun (24) Òtan-ilé (25) Ìmèsí-ilé (26) Òsú (27) Ìpetu-ilé (28) Ìlàrè (29) Ìlayè (30) Ìtagúnmodu (31) Mogbàrà (32) Òmò (33) Ìgángán (34) Ilésà gan-an (35) Ẹ̀rìnmọ̀ Ìjẹ̀sà",True,20.14874295869009,supports,supports,False
afrifact_data_culture_yoruba_414,yoruba,Boko Haram ni wọ́n dá sílẹ̀ láti jẹ́ ẹgbẹ́ tí kì í ṣe oníwàhálà pẹ̀lú àfojúsùn láti ṣe àfọ̀mọ́ ìlànà ẹ̀sìn Islam ní ẹ̀kun Àríwá orílẹ̀-èdè Nàìjíríà.,supports,afrifact_data_culture_yoruba_413,yoruba,"Ni ọdun 2002 ni wọn da ẹgbẹ Boko Haram silẹ, gẹgẹ bii ẹgbẹ ti kii se oniwahala pẹlu afojusun ati ṣe afọmọ ilana ẹsin Islam lẹkun ariwa orilẹede Naijiria. Amọṣa ẹgbẹ naa yi pada di agbebọn ninu ilepa awọn afojusun rẹ. Kii ṣe orilẹede Naijiria nikan ni Boko Haram wa mọ bayii, itakun rẹ ti kan de awọn orilẹede to fẹgbẹkẹgbẹ pẹlu Naijiria bii Chad, Niger ati Cameroun. Ọkẹ aimoye awọn eeyan ni wọn ti ran lọ sọrun apapandodo, ti awọn bi miliọnu meji miran si ti di atipo. Boko Haram kii ye ji awọn akẹkọ gbe eleyi to mu ki oju orilẹede agbaye ṣi si ọdọ rẹ lọdun 2014, lẹyin to ji nnkan bii ọọdunrun akẹkọbinrin gbe nileewe kan to wa ni ilu Chibok nipinlẹ Borno, ipinlẹ ti Boko Haram ti kọkọ di agbebọn. Ni ọdun 2015, Boko Haram gba idanimọ gẹgẹ bii ẹgbẹ agbesunmọmi to buru julọ lagbaye, gẹgẹ bi ajọ to wa fun ọrọ aje ati alaafia lagbaye ṣe sọ.",False,50.64417580466835,supports,supports,True
afrifact_data_culture_yoruba_719,yoruba,"Nígbà ìbárà yìí,  àwọn láàárín Ìjẹ̀bú máa gbé oúnjẹ wá láti gba iyọ̀. ",supports,afrifact_data_culture_yoruba_718,yoruba,"Bàbá Kutere jẹ́ ní Ìpínlẹ̀ Èkó nígbà àwọn ọdún 1700s. Nígbà tí Kutere wà lórí oyè, ìbárà láàrin Èkó àti and Ijebu wọ́pọ̀ si, àwọn Ìjẹ̀bú gbé oúnjẹ wá láti gba iyọ̀, tobacco, spirits, àti àwọn ìkan míràn tí àwọn",False,45.83033083905857,supports,supports,True
afrifact_data_culture_hausa_371,hausa,Bikin Argungu yana da tarihi tun daga 1934 kuma yana da muhimmanci ga tattalin arziki da al’ummar yankin.,supports,afrifact_data_culture_hausa_371,hausa,"Bikin ya fara ne tun a shekara ta 1934, a matsayin wata alama ta kawo karshen dadaddiyar rashin jituwa tsakanin da Masarautar Kebbi. A shekara ta 2005, kifin da ya ci nasara lashe gasar, kifin yanada nauyin 75 Kg, kuma yana buƙatar mazaje huɗu dan ɗora shi akan ma'aunin. A shekara ta 2006 bikin ya hana kamun kifi saboda matsalolin tsaro da suka shafi karancin ruwa. Mahimmancin bikin ga tattalin arziki ya sa gwamnati ta kiyaye kifin ta hanyar hana amfani da gidan sauro da raga . ",True,36.65944564232663,supports,supports,True
afrifact_data_culture_yoruba_217,yoruba,Kìkìdá àwọn akẹ́kọ̀ọ́ tí wọ́n bá wúlò fún àwọn olùkọ wọn ni olùkọ́ yóò rántí wọn lákòókò tí wọ́n bá nílò wọn.,nei,afrifact_data_culture_yoruba_498,yoruba,"Awọn ere idaraya yii ma n jẹ ki ifẹ gbooro si laarin awọn ewe ati ọdọ ni agboole si agboole, ati wi pe, o ma n wu awọn ọmọde naa lati tete dagba ni kiakia, nitori naa ni wọn ṣe n ṣe awọn ere ohun. Erebọọlu lo pọ ju laarin awọn ọmọkunrin gẹgẹ bi ere ṣiṣe, amọ awọn ere ọmọde wọnyiii wa ti wọn tun kundun lati ma a ṣe, paapaa ti wọn ba de lati ile iwe ati labẹ osupa lalẹ ti wọn ba de ile. Awọn ere ọmọde to wọpọ laye igba kan: Ere Tẹ́ntẹ́: Ti wọn ba fẹ ṣe ere yii, awọn ọmọdebinrin a kọju si ara wọn, wọn a si ma a patẹwọ, ti wọn a si maa gbe ẹsẹ wọn bakan naa si orin Tẹ́ntẹ́ ti wọn ba n kọ.",False,51.19185425063896,supports,supports,False
afrifact_data_culture_yoruba_034,yoruba,"Mínísítà sọ pé ó dára kí á pa àgọ́ mẹ́ta, ṣùgbọ́n a ò ní fún Daud àti Lọ́ládé ni ọ̀kankan.",nei,afrifact_data_culture_yoruba_086,yoruba,"Òjò gbọ́dọ̀ rọ̀ lásìkò ọdún Ẹlẹ́gba ni ìlú Epe- Oba Olufolarin Ogunsan 6) A kii yan Nafila ba ba de Yidi Irun Yidi ko ni Nafila yiyan kankan. Idi ni pe irun yi fun ara rẹ, irun Nafila loun gaan jẹ. Amọ bi eeyan ba fẹ ki irun Yidi ninu Mọsalasi nitori ojo, a le yan Nafila rakaa meji la ti fi ki Mọsalasi eleyi ti a n pe ni Taiyyatu Masjid. Bi o ba jẹ ita gbangba la ti fẹ ki irun yii, ohun to yẹ ni ki olujọsin joko ki o si maa se afọmọ titi ti Imaamu yoo fi gun ori minbari. ",False,39.93755240397447,supports,supports,False
afrifact_data_culture_igbo_707,igbo,Mary Udumeke na-agba mbọ na styeeti Anambra ịhụ na a kwụsịrị ibi ụmụ nwaanyị ugwu.,refutes,afrifact_data_culture_igbo_708,igbo,"Mary Udumeke bụ nwaanyị na-agba mbọ ịkwụsị ibi nwaanyị ugwu n'Ebonyi steeti Ọ dịzi n'aka ndị omeiwu steeti dị icheiche ibinye aka n'iwu a ka o wee dị ire na steeti ha. Mana a bịa na mpaghara Ọwụwa Anyanwụ, naanị Abia na Imo steetị bụ ndị ebinyebeghị aka n'iwu a bụ 'Violence Against Persons Prohibition Act'. ",False,39.20700842549673,refutes,refutes,True
afrifact_data_culture_yoruba_442,yoruba,"Roqeeb Aderogba ní ìgbà mẹ́fà ọ̀tọ̀ọ̀tọ̀ ni òun kùnà láti ṣe dírónù, kó tó yege",nei,afrifact_data_culture_yoruba_652,yoruba,"Ní ìgbà tí o di ọmọ ọdún mẹ́rìndínlógún ni o gbé ìyàwó, orúkọ́ ìyàwó rẹ̀ a má jẹ́ “Yasodhara”, Nígbà tí o pé ọmọ ọdún mọ́kàndínlọ́gbọ́n ni ìyàwó rẹ̀ bi ọmọ ọkùnrin kan fún-un orúkọ rẹ̀ a ma jẹ́ “Rahula”. Lẹ́hìn tí o bi ọmọ yii tán ìtàn fi ye wa wí pé o se ìrìnàjò lori ẹ̀sìn lẹ́ẹ̀mẹ́rin ọ̀tọ̀ọ̀tọ̀, nígbà tí ọ̀pọ̀ ìtàn sọ wí pé ń se ni o ri ìran lẹ́ẹ̀mẹ́rin.",False,30.096190159014636,nei,nei,True
afrifact_data_culture_igbo_299,igbo,"Na 1957, Ozumba Mbadiwe weere ọkwa dịka ọka ikpe n'ụlọ ike kacha elu nke Naịjirịa. ",refutes,afrifact_data_culture_igbo_295,igbo,"Mbadiwe hibere akwụkwọ akụkọ nke ya, Daily Telegraph, dịka akụkụ ngagharị iwe.",False,17.23618997670339,supports,supports,False
afrifact_data_culture_hausa_488,hausa,Mutane da dama sunyi alhinin mutuwar Muhammad Auwal Albaniy Zariya.,nei,afrifact_data_culture_hausa_487,hausa,Ƴan bindigar sun harbe Sheikh Muhammad Auwal Adam Albani Zariya tare da ɗaya daga cikin matansa a cikin garin a kan hanyarsu ta dawowa gida bayan sun halarci karatun Tafsirin yamma da suka saba zuwa a cikin garin.,False,21.980124127115584,supports,supports,False
afrifact_data_culture_hausa_019,hausa,Hatsarin mota ne yayi sanadiyyar mutuwar Murtala Muhammad a Legas.,refutes,afrifact_data_culture_hausa_024,hausa,An kashe Murtala Muhammad ne bayan sallar asuba kuma an harbe shi ne da bindiga bayan ya fito masallaci a hanyar sa ta komawa gidan sa dake cikin garin Legas inda wani da ake kira Buka Suka Dimka ya harbe shi da bindiga.,False,24.868060157134305,supports,supports,False
afrifact_data_culture_igbo_290,igbo,"Linnaeus bụ onye kewara unere n'ụdị abụọ, nke gụnyere Musa paradisiaca na Musa sapientum.",supports,afrifact_data_culture_igbo_291,igbo,Linnaeus na mbụ kewara unere n'ụdị abụọ iche na ojiji ha dị ka nri: Musa paradisiaca maka unere na Musa sapientum maka unere nri.,False,72.71733865913906,supports,supports,True
afrifact_data_culture_hausa_771,hausa,Sheikh Abdullahi Uwais sannan likitan zuciya ne a garin Kano.,nei,afrifact_data_culture_hausa_772,hausa,An haifi Sheikh Abdullahi Uwaisu a unguwar Limanci ta birnin Kano da ke Najeriya a shekarar 1954.,False,23.265982030340872,supports,supports,False
afrifact_data_culture_igbo_489,igbo,Peter Obi na-enye ụlọakwukwọ dị iche iche onyinye ego kwa mgbe,nei,afrifact_data_culture_igbo_442,igbo,"u mkpa dị iche iche. Ọ jikọtara n'ụdị n'ọtụtụ n'ime 1950s, mgbe Gọọmenti ọmụmụ edemede ugboro ugboro NUT ya iji w",False,20.603339674708863,supports,supports,False
afrifact_data_culture_yoruba_464,yoruba,Ìròyìn fi lélè pé ìyanṣẹ́lódí náa yóò wá sópin nítorí àwọn ọmọ ẹgbẹ́ ASUU tí gba ohun tí ìjọba fi lélẹ̀.,refutes,afrifact_data_culture_yoruba_491,yoruba,"O ṣalaye pe awọn ti n jiroro pẹlu ijọba Naijiria lori ọrọ yi. ''A ti ba ijọba Naijiria fọrọjomi toro ọrọ ti a ṣi n ṣe bẹẹ nipa ṣise alabapin iroyin to tẹwa lọwọ ati mimọ ohun tawọn alaburu yi n ṣe'' Action Against Hunger: Ẹgbẹ́ agbésùmọ̀mí ISWAP ṣekú pa àláànú kan O sọ pe ṣiṣe alabapin iroyin laarin Amẹrika ati Naijiria ṣe pataki lati le fi mọ ohun ti Boko Haram ati ISIS n ṣe lati le fi koju wọn. O ni o ṣeni laanu pe gbogbo bi awọn ṣe n gbiyanju lati koju awọn agbesunmọmi yi, niṣe ni wọn gbooro sii. O ni nkan meji lo wa nidi iṣẹlẹ yi.",False,41.776411872790135,refutes,refutes,True
afrifact_data_culture_hausa_624,hausa,Mamman Shata yana ɗaya daga cikin manyan mawaƙan da aka sani a ƙasashe da dama. 'Yan Arewa Ku Bar Barci na ɗaya daga cikin waƙoƙin Shata.,supports,afrifact_data_culture_hausa_621,hausa,"Mamman Shata yana daya daga cikin Manyan mawakan da aka fi sani a kasashen da ma , kai har ma da duniya baki daya. Ya kasance mashahurin Mawaki, domin a fagen wakarsa ya shahara, Kasancewarsa a cikin wakar ba abin da ba zai iya yi wa waka ba idan ya ga dama. "" 'Yan Arewa Ku Bar Barci "" na daya daga cikin wakokinsa. Shata: 'Yan Arewa Ku Bar Barci, Najeriyarmu Akwai Dadi 'Yan Arewa a bar barci, Najeriyarmu akwai dadi. To! 'Yan Amshi: A a, 'Yan Arewa, a bar barci, Najeriyarmu, akwai dadi.",False,89.11630083769211,supports,supports,True
afrifact_data_culture_hausa_137,hausa,Hukumar EFCC ta tuhumi Sule Lamido bisa satar kuɗin gwamnati a shekarar 2015.,supports,afrifact_data_culture_hausa_137,hausa,A shekarar 2015 an gurfanar da shi da ‘ya’yansa maza bisa zargin satar kuɗaɗen gwamnati da EFCC ta yi.,True,45.79268700505784,refutes,refutes,False
afrifact_data_culture_hausa_463,hausa,Ma su arziƙi za su iya karɓar zakka don su ƙara jari.,refutes,afrifact_data_culture_hausa_331,hausa," A al'adance, ana gudanar da gasa tsakanin maza na gungun mahauta wadanda kuma za su kalubalanci maza daga masu sauraron kauyensu. An zana shi daga kananan kabilar Hausa wadanda su kadai ne za su iya yanka dabbobi da sarrafa nama, mahauta masu tafiya sun kafa gungiyoyin dambe daga darajarsu da ake kira ""runduna"".",False,22.56383874121032,supports,supports,False
afrifact_data_culture_hausa_239,hausa,An gina kasuwar kurmi a cikin gundumar Jakara.,supports,afrifact_data_culture_hausa_236,hausa,"An kafa kasuwar Kurmi a cikin karni na goma sha biyar (15) a matsayin cibiyar kasuwanci da adana kayayyaki don cigaban kasuwanci a cikin birni, sakamakon fadada kasuwancin yanki da Sahara. An Kuma gina ta a cikin gundumar Jakara na cikin birni. ",False,45.8310627444753,supports,supports,True
afrifact_data_culture_igbo_240,igbo,Edochie bụ onye Katọlik.,supports,afrifact_data_culture_igbo_238,igbo,Edochie bụkwa onye Katọlik.,False,23.05881287526295,supports,supports,True
afrifact_data_culture_igbo_202,igbo,Ndị ntọrị ga-enwetarịrị ụgwọ ọrụ ha.,nei,afrifact_data_culture_igbo_720,igbo,"Onyeisi ndị uweojii na Anambra steeti bụ John Abang ewkusiela ike na ya ga-enye aka ka Anambra steeti bụrụ kpoo na-nchekwa. O kwukwara na ha ga akpalite ""Operation Puffadder i ji chụpụ ndị otu nzuzo,ndiohi ma ọkachasị ndị ntọrị.""",False,16.31172629467817,supports,supports,False
afrifact_data_culture_hausa_397,hausa,Rabe-raben musulmi bai haifar da faruwar Shi’anci nan take ba.,refutes,afrifact_data_culture_hausa_399,hausa,"Ya kamata a lura da cewa musulmi a lokacin ba su kasu kashi biyu ba, wato ‘yan Shi’a da Sunna, sai dai hakan ya faru ne bayan wafatin Manzon Allah, tsira da amincin Allah su tabbata a gare shi da alayensa, da taron juyin mulkin da aka yi a Saqifa. Bani Sa'ida da zabin Abubakar a matsayin magajin Manzon Allah, tsira da amincin Allah su tabbata a gare shi da alayensa, a kan musulmi. Al’amarin ya fuskanci adawar Ali binu Abi Talib, tsira da amincin Allah su tabbata a gare shi, da dukkan Bani Hashim, da Salman Al-Farisiy, da Abu Zarr Al-Ghafari, da Al-Miqdad bin Al-Aswad, da Ammar bin Yasser, da Ibn Al-Tayhan. Othman bin Hanif, da sauran sahabbai da mabiyan Ali, tsira da amincin Allah su tabbata a gare shi. Daga nan ne bishiya Shi'anci ta fara girma.",False,18.352615552645126,supports,supports,False
afrifact_data_culture_hausa_165,hausa,Jihar Zamfara na fama da matsalar tsaro da har yanzu gwamnati ta kasa magancewa.,nei,afrifact_data_culture_hausa_168,hausa,"Sanya fitulun titi masu amfani da hasken rana a babban birnin jihar ya kara inganta rayuwar mazauna jihar, tare da inganta tsaro da tsaro.",False,18.215779416032067,supports,supports,False
afrifact_data_culture_igbo_507,igbo,"Agbụrụ ndị Yoroba nwere alụsi ha na-akpọ Sango, bụ nke ha hụrụ ka chi siri ike.",nei,afrifact_data_culture_igbo_723,igbo,"Ihe kacha mkpa bụ na n'agbanyeghị na e nwere agbụrụ dị iche iche na Naịjirịa, e nwere ihe ole na ole na-ejikọta agbụrụ niile ahụ. Ihe ndị ahụ na-abụ o na-eme, ndị mmadụ echefuo agbụrụ nke ha, ma tinye uchu ha n'ikwado ya. Ihe ndị na-ejikọta Naịjirịa Ọtụtụ oge ka ndị Naịjirịa anaghị ekwekọrịta n'ụfọdụ ihe dịka ofufe na okwukwe ndị, ndọrọndọrọ ọchịchị nakwa ihe nkiri nke Bekee kpọrọ ""movies",False,27.74968393981055,supports,supports,False
afrifact_data_culture_igbo_197,igbo,Akụkọ a ma ama na-ekwu na-ekwu na onye atọ a mara nke ọma n'Akwete bụ Dada Nwakata,refutes,afrifact_data_culture_igbo_198,igbo,Akụkọ ọdịnala a ma ama na-ekwu na otu nwanyị aha ya bụ Dada Nwakata bụ onye mbụ a maara nke ọma na Akwete.,False,73.04040898898779,supports,supports,False
afrifact_data_culture_yoruba_168,yoruba,"Agbábọ́ọ̀lù ọwọ́ ẹ̀yìn ni Táyé Taiwò, ó sì gbá bọ́ọ̀lù fún ikọ̀ orílẹ̀-èdè Nigeria.",supports,afrifact_data_culture_yoruba_168,yoruba," International. Wọ́n ra Taiwo wá si ìpele Nigeria Premier League, sínú ẹgbẹ́ agbábọ́ọ̀lù Lobi Stars. Níbi tí ó tún ti lo ọdún kan . Olympique de Marseille [ | ] Ní ọdún 2005, nígbà tí ó pé ọmọ ogún ọdún, ẹgbẹ́ agbábọ́ọ̀lù ilẹ̀ Faranse kan ti o n je Olympique de Marseille gba Taiwo sinu iko won. Won ra Taiwo lati le ropo ogbeni Bixente Lizarazu ti o ti lo sinu egbe agbaboolu Bayern Munich. Taiwo lo gba boolu ti iko re Olympic Marseille fi jawe olubori",True,26.420994457282504,supports,supports,True
afrifact_data_culture_igbo_229,igbo,Site na nkwado ndị PDP mere Obaseki ji bụrụ gọvanọ Edo steeti.,supports,afrifact_data_culture_igbo_230,igbo,"Makana e wepụ nkwado anyị, Obaseki agaraghị ịbụ gọvanọ Edo steeti"".",False,41.32369706472091,supports,supports,True
afrifact_data_culture_yoruba_413,yoruba,Ìjọba Buhari ti ṣẹ́gun ogun Boko Haram pátá ní orílẹ̀-èdè Nàìjíríà.,refutes,afrifact_data_culture_yoruba_413,yoruba,"Ni ọdun 2002 ni wọn da ẹgbẹ Boko Haram silẹ, gẹgẹ bii ẹgbẹ ti kii se oniwahala pẹlu afojusun ati ṣe afọmọ ilana ẹsin Islam lẹkun ariwa orilẹede Naijiria. Amọṣa ẹgbẹ naa yi pada di agbebọn ninu ilepa awọn afojusun rẹ. Kii ṣe orilẹede Naijiria nikan ni Boko Haram wa mọ bayii, itakun rẹ ti kan de awọn orilẹede to fẹgbẹkẹgbẹ pẹlu Naijiria bii Chad, Niger ati Cameroun. Ọkẹ aimoye awọn eeyan ni wọn ti ran lọ sọrun apapandodo, ti awọn bi miliọnu meji miran si ti di atipo. Boko Haram kii ye ji awọn akẹkọ gbe eleyi to mu ki oju orilẹede agbaye ṣi si ọdọ rẹ lọdun 2014, lẹyin to ji nnkan bii ọọdunrun akẹkọbinrin gbe nileewe kan to wa ni ilu Chibok nipinlẹ Borno, ipinlẹ ti Boko Haram ti kọkọ di agbebọn. Ni ọdun 2015, Boko Haram gba idanimọ gẹgẹ bii ẹgbẹ agbesunmọmi to buru julọ lagbaye, gẹgẹ bi ajọ to wa fun ọrọ aje ati alaafia lagbaye ṣe sọ.",True,22.07847431484914,supports,supports,False
afrifact_data_culture_yoruba_388,yoruba,"Lọ́wọ́ lọ́wọ́ báyìí, oríire ti gbé aláwo ire ko Adetutu, nígbà tí gbajú-gbajà olórin kan ní ilẹ̀ Amerika, ìyẹn Rihanna ṣe fèsì sí ọ̀rọ̀ rẹ̀ láti bá ṣiṣẹ́ pọ̀.",nei,afrifact_data_culture_yoruba_475,yoruba,"Ṣiṣe odiwọn aidọgba Oṣuwọn kan ti awọn onimọ nipa ọrọ aje maa n lo lati mọ bi aidọgba ṣe pọ to ni orilẹede kan ni a mọ si oṣuwọn Gini. O da lori iye owo ti kaluku n gba fun iṣẹ́ to ba ṣe - bi owo naa ba ṣe pọ si, ni aidgba naa yoo ṣe pọ to. Ko sọ gbogbo otit ibẹ, ṣugbọn o jẹ ibi ti a ti le bẹrẹ si ni ṣagbeyẹwo aidọgba ni South Africa. ati afiwe rẹ̀ pẹlu awn orilede to ku. Nipasẹ oṣuwọn yii, ati lilo akọsilẹ ti Banki Agbaye fi sita, South Africa lo ni ipele aidọgba ju ni agbaye. Awọn orilẹede to mu ile ti i, Namibia ati Mozambique si n tọ ọ lẹyin gbagbaagba, ti Brazil naa si ti fẹ ẹ wa ni awujọ awọn mẹẹrin to wa l'oke. Ti a ba wo ayipada to ti ba oṣuwọn yii, ti a si ṣagbeyẹwo rẹ lati asiko ti ẹgbẹ ANC ti gba ijọba l'ọdun 1994, aidọgba ga si laarin ọdun 1990 si 2005.",False,39.19201792931525,nei,nei,True
afrifact_data_culture_yoruba_756,yoruba,"Ní àwọn orílẹ̀-èdè kọ̀ọ̀kan tí wọ́n máa ń din ọ̀gẹ̀dẹ̀, wọ́n máa ń ya àwọn ọ̀gẹ̀dẹ̀ yìí sọ́tọ̀ sí èyí tó wà fún jíjẹ.",supports,afrifact_data_culture_yoruba_756,yoruba,"Ní àwọn orílẹ̀-èdè mìíràn, wọ́n máa ń dín ọ̀gẹ̀dẹ̀, wọ́n sì máa ń yà wọ́n sọ́tọ̀ sí èyí tó wà fún jíjẹ. Èso náà máa ń wà ní oríṣiríṣi ìwọ̀n, àwọ̀ àti ìrísí, àmọ́, ó máa ń gùn tó sì máa ń rí ṣọnṣọ, pẹ̀lú ara tó rọ̀.",True,89.62716660347662,supports,supports,True
afrifact_data_culture_hausa_230,hausa,Mata da yawa sun taru a kasuwar.,nei,afrifact_data_culture_hausa_229,hausa,"Washegari, mutanen Daura suka taru a bakin rijiyar, suna mamakin wanda ya kashe macijin; Magajiya , sarauniyar yankin ta ba da ikon mallakar rabin garin ga duk wanda zai tabbatar da cewa ya kashe macijin. Maza da yawa sun kawo kawunan maciji a gaba, amma kawunan bai dace da jikin ba.",False,17.16603006374507,supports,supports,False
afrifact_data_culture_hausa_407,hausa,Al-Qur’ani shine littafin Allah na ƙarshe kuma an saukar da shi a harshen Larabci ta hannun annabi SAW.,supports,afrifact_data_culture_hausa_406,hausa,"Al-Qur'ani : rubutun cikin alkur ani bangon Alkur ani (Larabci; القرآن al-Qur'an) ko kuma mai girma kamar yanda akasani, Shine littafin da Allah ya saukar a harshen Annabin Rahama, wato larabci, kuma shine littafin da Allah ya rufe saukar da duk wani littafi mai tsarki a bayansa, (babu littafin da Allah zai sake saukarwa a bayansa) kamar yadda Allah ya saukar ga Annabawan da suka gabata, domin (S A w) shine cika makin Annabawan Allah. Surat al-Nisa' Wanda Allah ya saukar da ayoyinsa ga Annabin Annabi (S.A.W) ta hannun . ",False,79.84820974434933,supports,supports,True
afrifact_data_culture_yoruba_180,yoruba,"Nínú ìgbàgbọ́ àwọn Yorùbá, wọ́n nígbàgbọ́ pé Olókun ni ìyá Ajé",supports,afrifact_data_culture_yoruba_394,yoruba,"Orji Uzor Kalu - Delta Ile ẹjọ to n gbọ ẹjọ ẹsun to ni i se pẹlu idibo sile igbimọ aṣofin ni ipinlẹ Delta naa tun ti wọgile ibo to gbe Orji Uzor Kalu wọle. Orji ni ẹni to jẹ gomina ana nipinle ọhun. Nigba ti o n ṣedajọ rẹ lọjọ Aje, igbimọ ẹlẹni mẹta ti adajọ I. P. C Igwe n dari ni olupẹjọ, Mao Ohuabunwa ti fi idi ẹjọ to pe mulẹ. Saaju ni olupẹjọ ti rọ ile ẹjọ naa lati wọgile ibo to gbe ọgbẹni Kalu wọle, nitori ko wa pẹlu ibamu ofin to ni i ṣe pẹlu ọrọ eto idibo ti ọdun 2010. Ohabunwa sọ fun ile ẹjọ pe, INEC yọ awọn ibo kan ṣeyin nigba ti wọn fẹ ka ibo naa, ati pe, ọpọlọpọ eeyan to yẹ ki wọn dibo ni ajọ INEC ko gba laaye lati dibo. Leyin atotonu olupẹjọ ati olujẹjọ ni adajọ ọhun da ibo naa nu, to wa paṣe pe ki wọn tun ibo naa di ni awọn agbegbe kan laarin oṣu mẹta. Orji ni ẹni to jẹ gomina ana nipinle ọhun. Dino Melaye -Kogi Lara awọn ti ile ẹjọ to n gbẹsun idibo da pada sile ni Sẹnetọ Dino Melaye to n soju ẹkun idibo iwọ oorun ipinlẹ Kogi. Ikọ ẹlẹni mẹta to n risi ipẹjọ ti adajọ A.O Chijioke n dari lo ṣedajọ naa lọjọ kẹtalelogun, oṣu kejọ ọdun yii. Adajọ naa wa paṣẹ fun ajọ INEC lati tun ibo naa di laarin aadọrun un ọjọ. Sugbọn Sẹnetọ Melaye ti ni ti adajọ ni o n sọ, oun yoo pe ejọ kotẹmilọrun. Lazarus Ogbe - Ebonyi Ile ẹjọ to n ṣegbẹjọ ẹsun idibo ni Abakaliki ti ni ki ọgbẹni Lazarus Ogbe, ọmọ ẹgbẹ PDP to n soju ẹkun guusu Ezza kẹru rẹ kuro nile aṣoju l'Abuja pada sile. O ni ki ẹni ti wọn kede ni ipinlẹ Ebonyi yii kuro ni ipo naa nitori naa lo ṣe da ibo to gbe e wọle nu. Ile ẹjọ naa kede Chinedu Ogah, lati ẹgbẹ APC, gẹgẹ bi ojulowo ẹni to jawe olubori ninu idibo naa.",False,23.446728317482183,nei,nei,False
afrifact_data_culture_igbo_581,igbo,Ọ dịghị mkpa ka a kuziere ụmụaka otu e si akpata na otu e si emefu ego,refutes,afrifact_data_culture_igbo_095,igbo,"Osikapa bụ otu nri ọ na-abụ ego kọgodu gị elu kọọ gị ala, e nwee etu i si hụ obere ego jiri gote ya, ị ga-atụkwasịnwu ya ihe ọbụla were rie ya.",False,24.43006433339916,supports,supports,False
afrifact_data_culture_hausa_616,hausa,Mamma Shata shahararren makarancin alƙur'ani ne.,refutes,afrifact_data_culture_hausa_411,hausa,"Har wayau, Musulmai sunyi imani cewa Alƙur'ani maganar Allah ne, kuma saƙon Ubangiji ne na ƙarshe wanda babu tawaya a cikin shi. Tare da AlKur'ani, Musulmai sunyi imani da sauran littattafan da aka turo kamar Attawra, Zabura da Injila. Kuma Annabi shine cikamakin Annabawan Musulunci, kuma ta shine addinin Musulunci ya cika.",False,15.798547209730437,supports,supports,False
afrifact_data_culture_hausa_355,hausa,Babbar Sallar ita kawai mutane suna ziyartar juna.,refutes,afrifact_data_culture_hausa_232,hausa,"A zamanin Sarauniya , babbar hanyar samun ruwa ga Daura itace rijiyar Kusugu. Amma ana barin mutane su ɗebi ruwa ne kawai a ranar Juma'a saboda wata baƙuwar macijiya da ke zaune a cikin rijiyar. A haka mutane suka kasance suna ɗibar ruwa a iya ranakun juma'a kawai har zuwa lokacin da wani mutum yazo wanda aka haƙiƙance ɗan sarkin ne.",False,20.49603075630895,supports,supports,False
afrifact_data_culture_yoruba_041,yoruba,Martins jẹ́ ọ̀kan nínú àwọn agbábọ́ọ̀lù tí kò gbá bọ́ọ̀lù jẹun lórílẹ̀-èdè Germany rí.,refutes,afrifact_data_culture_yoruba_039,yoruba,"Ọbáfẹ́mi Akínwùnmí Martins tí gbà káàkiri àwọn ikọ̀ ẹgbẹ́ agbábọ́ọ̀lù àfẹsẹ̀gbá tí ó ti gbá Bọ́ọ̀lù jẹun títí dé orílẹ̀ èdè China. Yàtọ̀ sí èyí, Martins jẹ́ gbajúmọ̀ Agbábọ́ọ̀lù fún ikọ̀ ẹgbẹ́ agbábọ́ọ̀lù àfẹsẹ̀gbá Super Eagles ti orílẹ̀ èdè Nàìjíríà. Ó wà lára àwọn ikọ̀ ẹgbẹ́ agbábọ́ọ̀lù Super Eagles tí Nàìjíríà fún ìdíje ife ẹ̀yẹ tí ilẹ̀ Áfíríkà lọ́dún 2006,2008 àti 2010. Bẹ́ẹ̀ náà ó wà lára ikọ̀ ẹgbẹ́ agbábọ́ọ̀lù Super Eagles tí Nàìjíríà tí wọ́n lọ díje ife àgbáyé lórílẹ̀ èdè lọ́dún 2010 Ọbáfẹ́mi Martins ní ọmọ ìyá méjì tí àwọn náà ń gbá Bọ́ọ̀lù Àfẹsẹ̀gbá jẹun.",False,29.05461288166452,nei,nei,False
afrifact_data_culture_igbo_451,igbo,Chris Nwabueze Ngige laghachiri azụ bụrụ Gọvanọ mgbe ọ rụchara ọrụ dịka onye Omeiwu,refutes,afrifact_data_culture_igbo_308,igbo,"Mgbe ọ rụchara ọrụ na Congo na 1961, e kenyere Nzeogwu ọrụ dị ka onye na-enye ọzụzụ na Army Training Depot na Zaria ruo ihe dị ka ọnwa 6 tupu e zigara ya na ka ọ bụrụ onye isi ngalaba nzuzo ndị agha na isi ụlọ ọrụ ndị agha ebe ọ bụ onye ọrụ Naijiria mbụ. ",False,24.66014845631681,supports,supports,False
afrifact_data_culture_yoruba_700,yoruba,Ilé ìfowópamọ́ àgbáyé tí ń ṣàkòóso àwọn ètò láti fi dínkù iye owó oúnjẹ lágbayé.,nei,afrifact_data_culture_yoruba_704,yoruba,Wàhálà tó wáyé látàrí owó Nàìjíríà tuntun ṣẹlẹ̀ lójijì ní oṣù kejì ní ọdún 2023 nítorí àìtó náírà àti ìgbìyànjú àwọn ìjọba láti mú kí àwọn ará-ìlú fi tipátipá ná owó tuntun tí wọ́n ṣẹ̀ gbé jáde.,False,17.10078365165846,supports,supports,False
afrifact_data_culture_yoruba_781,yoruba,Ìgbàgbọ́ àti ìmọ̀ lè jọra nínú ìmúṣẹ àmọ́ ìyàtọ̀ wọn wà ní ìlọ́po.,nei,afrifact_data_culture_yoruba_111,yoruba," Ní orí kẹ́ta àpilẹ̀ko yìí ni a ti ṣàyẹ̀wo nípa ìgbésẹ̣̀ fonọ́lọ́jì tí ó wà nínú ẹ̀ka-èdè Ìṣẹ̀-Èkìtì. A wo ìpàrójẹ, àrànmọ́ àti àǹkóò fáwẹ́lì. Ní orí kẹ́rin iṣẹ́ yìí ni a ti gbìyànjú láti wo àwọn ìyàtọ̀ àti ìjọra tí ó wà láàrin fonọ́lọ́ji ẹ̀ka-èdè Ìsè-Èkìtì àti ti olórí ẹ̀ka-èdè Yorùbá.",False,18.901613020102467,supports,supports,False
afrifact_data_culture_yoruba_367,yoruba,Ẹbọ ọkùnrin àti obìnrin tí kò ní ìbálòpọ̀ rí ni wọ́n rú dènà ogun Fulani ní ìlú Ògbómọ̀ṣọ́.,nei,afrifact_data_culture_yoruba_368,yoruba," Ijọba Eko wa kede pe Mary Daniels ko si ni agọ ọlọpaa fun iwadi kankan tabi pe asiri tu pe o parọ, bẹẹ ni wọn ko maa sewadi rẹ nitori pe baba rẹ wa nile aye. Bawo ni itan Mary Daniel se jẹ losu diẹ sẹyin: Bẹẹ ba gbagbe, laipẹ yii ni ori ayelujara kun fun iroyin obinrin naa, ti ọpọ eeyan si n da owo jọ fun lati saanu rẹ. Arabinrin to ge lẹsẹ naa ṣalaye, nigba t'awọn oniroyin n f'ọrọ waa lẹnu wo nigba ti iroyin rẹ jade pe, salaye pe inu ijamba mọto to gbẹmi gbogbo awọn ero inu ọkọ naa, loun ti padanu ẹsẹ oun kan. O ni inu ijamba mọto yii kan naa lawọn obi oun mejeji ku si. Nigba ti fọto rẹ nibi to ti n kiri omi pure water ni Osodi nilu Eko, bọ sigboro aye lọsẹ diẹ sẹyin, ọpọlọpọ ẹlẹyinju aanu ni Naijiria ati loke okun ni wọn dide iranwọ fun. Ogbomoso: Ẹbọ ọkùnrin àti obìnrin tí kò ní ìbálòpọ̀ rí ni wọ́n rú dènà ogun Fulani O ṣalaye ninu iforowerọ kan pe ọmọ orukan loun ati pe oun loun n da gbe bukata ọmọ kan ti oun bi ati iya agba oun.",False,33.48088064015796,supports,supports,False
afrifact_data_culture_igbo_306,igbo,"A na-arụkari ọrụ ugbo n'ime ime obodo ma n'ala Igbo, obodo nile na-arụ oru ugbo, ma nwoke, nwanyi, okorobịa na agbọghọbịa.",supports,afrifact_data_culture_igbo_305,igbo,"A na-arụkari ọrụ ugbo n'ime ime obodo ebe enwere obosara ala. Nwoke, nwanyi, okorobịa na agbọghọbịa na-arụ ọrụ ugbo. A bia na ala Igbo, a ga-asị na obodo nile na-arụ oru ugbo. N'ezie, e ji ọrụ ugbo mara ndi Igbo.",False,107.9475280000969,supports,supports,True
afrifact_data_culture_igbo_484,igbo,"Lawrence Ifeanyi Ugwuanyi gara ileta ndị ọrịa na-arụ ọrụ n'obi eze nke ndị Ovoko, n'Igboeze North.",nei,afrifact_data_culture_igbo_485,igbo,"Lawrence Ifeanyi Ugwuanyi // (na-ege ntị) CON (nke a maara nke ọma dị ka "" Gburugburu "") (amụrụ na 20 Machị n'afo 1964) bụ onye ndọrọ ndọrọ ọchịchị Naijiria nke a họpụtara dị ka Gọvanọ nke Enugu Steeti n'ọnwa Eprel n'afo 2015, a ṅụrụ iyi na 29 Mee n'afo 2015.",False,26.56804745215922,nei,nei,True
afrifact_data_culture_hausa_712,hausa,Amurka na daga cikin ƙasashen da suke da ƙarfin sojoji a duniya,nei,afrifact_data_culture_hausa_550,hausa,"Shaikh Ahmad Sulaiman ya kuma shahara wajen sarrafa harshe a yayin da yake rera AlQur'ani, don mutane da dama daga sassan duniya suna son muryarsa, haka kuma yayin da wasu suke kwaikwayon salon karatunsa.",False,17.741216846440537,supports,supports,False
afrifact_data_culture_hausa_640,hausa,Gidajen Talabijin da na radiyo ba sa amfani da kiɗa wurin gabatar da shirye-shiryensu.,refutes,afrifact_data_culture_hausa_433,hausa,A farkon shekara ta 1960 an samu barkewar rikici tsakanin sa da malaman sufaye wanda daga baya rikicin ya koma muhawara a gidajen rediyo da talabijin a shekarun 1970 zuwa shekara ta 1980.,False,24.094524922808773,supports,supports,False
afrifact_data_culture_igbo_419,igbo,"Akanu Ibiam, n'agbanyeghị na ọ bụ onye ụlọ ụka Protestant, nyere aka n'ọrụ ụlọ uka Katọlik.",nei,afrifact_data_culture_igbo_418,igbo,"ka ndị ọcha, bụ ihe a ma ama. Na 1962, ọ bụ onye isi oche kọmitii hiwere ụlọ ụka Protestant na ",False,33.51888736107494,supports,supports,False
afrifact_data_culture_igbo_037,igbo,Ha anaghị akwado ogige golf n'ọtụtụ ụlọ nkwarị,refutes,afrifact_data_culture_igbo_037,igbo,Ha na-akwado ogige golf na ọtụtụ ụlọ nkwari.,True,45.88122280588007,supports,supports,False
afrifact_data_culture_yoruba_091,yoruba,Kò sí ẹnìkankan níbẹ̀ nígbà tí Dauda gbé iṣẹ́ fún arábìnrin yìí.,nei,afrifact_data_culture_yoruba_187,yoruba,"Oluwo tun n sọ kaakiri pe igbesẹ ti awọn lọbalọba gbe naa ko kan oun tori oun si n jọba lọ ni, ti Oluwo ko si gba alaafia laaye lori aawọ naa, oun ko si lee gba ko fi iya jẹ oun gbe. ""Ẹni ti iya ba jẹ ko ni dakẹ, mo ti sọ funle ẹjọ pe ko se ẹtọ ati igbesẹ to daa lori iya ti Oluwo fi jẹ mi, amọ to pada sọ pe ko si ija kankan laarin wa.",False,24.337426457552688,refutes,refutes,False
afrifact_data_culture_yoruba_077,yoruba,"Ọjọ́ kẹtàdínlọ́gbọ̀n, oṣù kẹta, ọdún 2020 ni òfin yìí ò ní ṣiṣẹ́ mọ́.",refutes,afrifact_data_culture_yoruba_153,yoruba,"Ọgagun Murtala Muhammed yan Buhari gẹgẹ bi Gomina awọn ipinlẹ ila Oorun Ariwa papọ ti pe ni North-Eastern States nigba naa lọhun. Bakan naa ni ranpẹ, Buhari ṣe Gomina ipinlẹ Borno lati ọjọ Kẹta Oṣu keji ọdun 1976 si ọjọ ikẹẹdogun oṣu Kẹta ọdun 1976. Ni ọjọ Kẹta Oṣu keji ọdun 1976 ijọba ologun pin awọn ipinlẹ Ariwa yii si Bauchi, Borno ati ipinlẹ Gongola.",False,30.1069314202514,supports,supports,False
afrifact_data_culture_hausa_583,hausa,A shekarar 2022 America ta fara ƙera motoci masu amfani da diesel.,nei,afrifact_data_culture_hausa_595,hausa,"yawar ɗinkin hannu wata siffa ce ta tela mai inganci, kayan kwalliyar kwalliya, da yin suturar al'ada, kuma masu fasahar masaƙu da masu sha'awar sha'awa suna bi da su azaman hanyar ƙirƙira. [abubuwan da ake buƙata] Sanin farko da aka yi amfani da kalmar “ɗinki” shi ne a ƙarni na 14. Tarihi [ | ] Asalin [ | ] dinki yana da tsohon tarihi da aka kiyasta zai fara a zamanin Paleolithic. An yi amfani da dinki wajen dinke fa",False,16.424106805414066,nei,nei,True
afrifact_data_culture_hausa_592,hausa,Dinki sana'a cewa mai wahala sosai.,nei,afrifact_data_culture_hausa_596,hausa," cikin sababbin tufafi, a yi shi zuwa kwankwasa, ko kuma a yi amfani da shi. Yawancin matakan da ake amfani da su wajen yin tufafi daga karce (saka, yin kira, yankewa, gyare-gyare, da sauransu) na nufin cewa mata sukan yi musayar kwarewarsu ta wata fasaha da juna. Ayyukan allura na ado irin su kwankwasa fasaha ce mai kima, kuma 'yan mata masu lokaci da hanyoyin za su yi aiki don gina kwarewar su a wannan yanki. Tun daga tsakiyar zamanai zuwa karni na 17, kayan aikin dinki i",False,12.032603115629486,supports,supports,False
afrifact_data_culture_igbo_287,igbo,Sam Mbakwe bụ osote gọvanọ nke mbụ nke ndịda Naịjirịa n'afọ 1979. ,refutes,afrifact_data_culture_igbo_288,igbo,"Sam” Onunaka Mbakwe (1929 { - Ụbọchị nke ise n'ọnwa Jenụwarị nke afọ 2004) onye amaara dị ka Dee Sam bụ onye ndọrọ ndọrọ ọchịchị na-onye gọvanọ ochichi onye kwuo uche ya nke mbụ , ebe ndịda site 1 October 1979 ruo mgbe 31 December 1983. ",False,45.69191971750943,supports,supports,False
afrifact_data_culture_hausa_187,hausa,Dajin Yankari ya fara ne daga kudancin Kano kuma ya kare a arewacin Jigawa.,refutes,afrifact_data_culture_hausa_188,hausa,An bayyana Yankari a matsayin wani yanki na kudancin jihar Bauchi a lokacin inda namun daji masu yawa ke wanzuwa kuma ana iya kare su.,False,31.351971281672707,refutes,refutes,True
afrifact_data_culture_hausa_726,hausa,Bincike ya nuna cewa anfi samun masu cututtukan sikila a arewacin Najeriya saboda rashin gwaji lokacin yin aure.,supports,afrifact_data_culture_hausa_726,hausa,"Wata kididdiga da aka fitar a watan Maris din bana ta nuna cewa Najeriya ce ta fi yawan mutanen da ke dauke da wannan cuta a duniya, inda kimanin mutum 91,011 ke fama da ita. Yankin arewacin kasar ne kuma aka fi samun wadanda ke fama da cutar. Kuma ana alakanta rashin gwaji kafin aure ne babban dalilin da ya sa cutar ke yaduwa a kasar.",True,36.38159451493396,supports,supports,True
afrifact_data_culture_yoruba_276,yoruba,Ìlú Ilaro ní ìpínlẹ̀ Ògùn ni wọ́n bí Ọba Seriki Ifaremilekun Abass Williams Fagbemi sí.,supports,afrifact_data_culture_yoruba_274,yoruba,"Itan aye Ọba Seriki Ifaremilekun Abass Williams Fagbemi: Abule Joga-Orile lagbegbe ilu Ilaro nipinlẹ Ogun bayii ni wọn ti bi Ifaremilekun, ti orukọ baba rẹ si n jẹ Fagbemi. Olowo ẹru kan nilu Dahomey ti orukọ rẹ n jẹ Abass si lo mu lẹru lasiko ogun Dahomey ati Egba nigba to wa ni ọmọ ọdun mẹfa, to si pa orukọ rẹ da si ti ọga rẹ. Idi si ree to fi n jẹ Ifaremilẹkun Fagbemi Abass. 'Oyenusi ló mú mi wọ ẹgbẹ́ adigunjalè kó tó di pé mo b'Ólúwa pàdé' Lẹyin naa ni wọn ta soko ẹru fun oyinbo Brazil kan to n jẹ Williams, ẹni to gbe Seriki Abass lọ sorilẹede Brazil lati lọ se ọmọ ọdọ rẹ. Ni kete to si de silẹ Brazil ni ọga rẹ yii tun yi orukọ rẹ pada si Williams nitori ẹru ko ni idamọ kankan to yatọ si ti olowo rẹ. Brazil ni William Abass ti mọọkọ-mọọka ninu ede Dutch tilẹ Netherlands, bakan naa lo gbọ ede oyinbo, Spanish ati pọtugi.",False,48.55288798520965,supports,supports,True
afrifact_data_culture_igbo_587,igbo,Ndị amụsu anarana ndị Enugwu steeti obodo ha n'ike.,refutes,afrifact_data_culture_igbo_718,igbo,"Onyeisi ndị uweojii na Anambra steeti bụ John Abang ewkusiela ike na ya ga-enye aka ka Anambra steeti bụrụ kpoo na-nchekwa. O kwukwara na ha ga akpalite ""Operation Puffadder i ji chụpụ ndị otu nzuzo,ndiohi ma ọkachasị ndị ntọrị.""",False,18.11595393597853,refutes,refutes,True
afrifact_data_culture_igbo_295,igbo,Ozumba Mbadiwe wubere akwụkwọ mbipụta Native News mgbe ọ rụchara ọrụ ya dịka onye Minista n'afọ 1961,refutes,afrifact_data_culture_igbo_307,igbo,"Mgbe ọ rụchara ọrụ na Congo na 1961, e kenyere Nzeogwu ọrụ dị ka onye na-enye ọzụzụ na Army Training Depot na Zaria ruo ihe dị ka ọnwa 6 tupu e zigara ya na ka ọ bụrụ onye isi ngalaba nzuzo ndị agha na isi ụlọ ọrụ ndị agha ebe ọ bụ onye ọrụ Naijiria mbụ. ",False,27.51362688166236,supports,supports,False
afrifact_data_culture_igbo_629,igbo,"Ndị mmadụ na-achọ ịma ụfọdụ ihe gbasara njem ụgbala, nke mere ka Henrietta Yakubu kwuo na gọọmentị amachiela ndị mmadụ iji ụgbọala eme njem ugbua ruo ọnwa abụọ na-abịa.",refutes,afrifact_data_culture_igbo_630,igbo,"Kama dịka ọ dị ugbua, gọọmentị na-eme njikere ịwepụ mmachị amachiri njem ụgbọelu. Onyeisi na-ahụ maka mmekọ na-etiti ụlọọrụ nke ngalaba na-ahụ maka ọdọ ụgbọelu bụ Federal Airports Authority of Nigeria (FAAN) aha ya bụ Henrietta Yakubu zara ụfọdụ ajụjụ na ụfọdụ ihe ndị mmadụ chọrọ ị ma maka njem ụgbọelụ n'oge a.",False,60.36194452186992,supports,supports,False
afrifact_data_culture_hausa_799,hausa,Sofia Sadek malama ce a makarantar firamare a ƙasar Tunisia.,refutes,afrifact_data_culture_hausa_799,hausa,"Sofia Sadek mawakiya ce 'yar kasar Tunisia, wadda shahararriya ce musamman a yankin Arewacin Afirka. AFP ta gano cewa bidiyon ya samo asali ne daga shafin Youtube, inda wani gidan rediyo mai suna Radio Med ya wallafa ranar 24 ga Satumbar 2016. Bidiyon yana dauke da taken ""Sofia Sadek tana karanta Kur'ani yayin wata hira"".",True,35.106260518178814,supports,supports,False
afrifact_data_culture_yoruba_749,yoruba,"Délànà gbà pé orírun gidi àwọn Ẹ̀gbá wá láti Ọ̀yọ́, ó sì fi kún un pé ọmọ àlè tàbí ẹrú ni Ẹ̀gbá tí kò ní orírun láti Ọ̀yọ́.",refutes,afrifact_data_culture_yoruba_745,yoruba,"Ọ̀pọ̀lọpọ̀ onímọ̀ ló ti sọ nípa bí a ti se tẹ ilẹ̀ Ẹ̀gbá dó, tí wọn sí tì gbé àbọ̀ ìwádìí wọn fún aráyé rí. Ara irú àwọn báyìí ni Samuel Johnson, Sàbírì Bíòbákú, Ajísafẹ́, Délànà àti àwọn mìíràn tó jẹ́ òpìtàn àtẹnudẹ́nu. Johnson gbà pé Ọ̀yọ́ ni àwọn Ẹ̀gbá ti wá. O ní àwọn ẹ̀yà Ẹ̀gbá tòótọ́ lé ti orírun wọn de Ọ̀yọ́. ó tún tẹ̀ síwájú síi pé ọmọ àlè tàbí ẹrú ni Ẹ̀gbá tí kò bá ní orírun láti Ọ̀yọ́. ",False,97.0883802857573,supports,supports,False
afrifact_data_culture_hausa_144,hausa,"Kananan hukumomin Dambatta, makoɗa da Minjibir na samun ruwan sha daga Thomas dam.",supports,afrifact_data_culture_hausa_141,hausa,"Aikinsa na samar da ruwansha na Timas Danbatta ya tsaya, har sai a shekarar 2008 sannan aka karasa shi inda ake samar da ruwan sha ga kananan hukumomin Dambatta, Makoda da Minjibir.",False,44.69020409065158,refutes,refutes,False
afrifact_data_culture_hausa_809,hausa,Mutuwar mazaje na jefa matayensu cikin mummunan halin rayuwa.,supports,afrifact_data_culture_hausa_764,hausa,"Wannan na zuwa ne bayan mummunan harin da ƙungiyar Boko Haram ta kai a ƙauyen Zabarmari, inda aka yi wa manoma yankan rago.",False,9.113413528441306,refutes,refutes,False
afrifact_data_culture_yoruba_525,yoruba,"Kì í ṣe Wizkid nìkan ló jẹ́ olórin ẹlẹ́bùn àtinúdá ní orílẹ̀-èdè Nàìjíríà, àwọn olórin mìí tó tún ti di ìlúmọ̀ọ́ká ni Yemi Alade, Tekno, Falz, Olamide, Simi, Mr Eazi, Mologo àti Patoranking",supports,afrifact_data_culture_yoruba_523,yoruba,"Awọn onkorin lasiko yii gba pé orin Afro Beats ti n nipa lori ọna iṣọwọ kọrin awọn miran ni ori ayelujara ni eyi to tun n fun Naijiria lokiki sii lagbaye. Ayanbinrin Ara fi ilu kọ'rin ibilẹ Naijiria Eyi lo bi ẹya orin bii Afro-pop, azonto, hiplife atawọn mii laarin awọn eniyan Ghana ati Naijiria bi apẹrẹ orin Oliver Twist ti DBanj tun ṣi oju awọn eniyan si i. Awọn olorin Naijiria mii to tun ti di ilumọọka ni Yemi Alade, Tekno, Falz, Olamide, Simi, Mr Eazi, Mologo ati Patoranking. ",False,87.07251446800267,supports,supports,True
afrifact_data_culture_igbo_727,igbo,Lukmon Akanbi kwuru na nwaokorobịa ọ gbara egbe anwụghị anwụ.,refutes,afrifact_data_culture_igbo_730,igbo,"Aka ndị uweojii akparala ofu onye otu ha ji egbe gbagbuo otu nwata nwaokorobịa na mpaghara Legọs Aịland ụbọchị Fraịde. Onye uweojii a aha ya bụ Lukmon Akanbi na nwaokorobịa aha ya bụ Ramon Adeniyi nwere obere nghọtahie o wee mịrị egbe gbatuo ya. Bala Elkana bụ ọnụ na-ekwuru ndị uweojii na Legọs kwuru na e kpeela Akanbi ikpe imeụlọ dịka iwu ndị uweojii sị dị, wee chụọ ya n'ọrụ.",False,31.542687537992357,supports,supports,False
afrifact_data_culture_yoruba_145,yoruba,Àwọn kọ̀m̀pútà tí wọn ń ṣe láyé òde òní ò dára tó àwọn ti àtijọ́.,nei,afrifact_data_culture_yoruba_498,yoruba,"Awọn ere idaraya yii ma n jẹ ki ifẹ gbooro si laarin awọn ewe ati ọdọ ni agboole si agboole, ati wi pe, o ma n wu awọn ọmọde naa lati tete dagba ni kiakia, nitori naa ni wọn ṣe n ṣe awọn ere ohun. Erebọọlu lo pọ ju laarin awọn ọmọkunrin gẹgẹ bi ere ṣiṣe, amọ awọn ere ọmọde wọnyiii wa ti wọn tun kundun lati ma a ṣe, paapaa ti wọn ba de lati ile iwe ati labẹ osupa lalẹ ti wọn ba de ile. Awọn ere ọmọde to wọpọ laye igba kan: Ere Tẹ́ntẹ́: Ti wọn ba fẹ ṣe ere yii, awọn ọmọdebinrin a kọju si ara wọn, wọn a si ma a patẹwọ, ti wọn a si maa gbe ẹsẹ wọn bakan naa si orin Tẹ́ntẹ́ ti wọn ba n kọ.",False,35.61714493230415,supports,supports,False
afrifact_data_culture_yoruba_511,yoruba,Ìròyìn lábẹ́ akọ́mọlédè àti àṣà sọ pẹ́ kí àwọn ènìyàn kọ́ ẹ̀kọ́ si nípa ààlọ́ nílẹ̀ Yorùbá,nei,afrifact_data_culture_yoruba_493,yoruba,"Awọn ere idaraya yii ma n jẹ ki ifẹ gbooro si laarin awọn ewe ati ọdọ ni agboole si agboole, ati wi pe, o ma n wu awọn ọmọde naa lati tete dagba ni kiakia, nitori naa ni wọn ṣe n ṣe awọn ere ohun. Erebọọlu lo pọ ju laarin awọn ọmọkunrin gẹgẹ bi ere ṣiṣe, amọ awọn ere ọmọde wọnyiii wa ti wọn tun kundun lati ma a ṣe, paapaa ti wọn ba de lati ile iwe ati labẹ osupa lalẹ ti wọn ba de ile. Awọn ere ọmọde to wọpọ laye igba kan: Ere Tẹ́ntẹ́: Ti wọn ba fẹ ṣe ere yii, awọn ọmọdebinrin a kọju si ara wọn, wọn a si ma a patẹwọ, ti wọn a si maa gbe ẹsẹ wọn bakan naa si orin Tẹ́ntẹ́ ti wọn ba n kọ.",False,25.97706180327503,supports,supports,False
afrifact_data_culture_yoruba_025,yoruba,Gbogbo àwọn ẹrú tí ó rà pátápátá ni wọ́n kó lọ sí òkè ọya.,nei,afrifact_data_culture_yoruba_272,yoruba,"Agbegbe Ọfin ni isalẹ Eko nilu Eko ni William Abass tẹdo si nigba to ti orilẹede Portugal de, ti ọpọ arọmọdọmọ rẹ to wa nisalẹ Eko lonii si n jẹ Williams, nigba tawọn miran pa orukọ mejeeji pọ, William Abass. Lẹyin naa lo tun lọ tẹdo silu Badagry laarin ọdun 1830, nibiti owo ẹru ti gbilẹ, to si mọ ilu naa bii atẹlẹwọ rẹ nitori o sunmọ ilu Porto Novo to ti se ẹru tẹlẹ. William Abass n sisẹ owo ẹru lọ pẹlu ọga rẹ ni Brazil, to si n fi ọpọ ẹrun ransẹ si onitọun, ti oun naa si n ni owo ati ọrọ lati ipasẹ okoowo ẹru naa. Pẹlu atilẹyin ọga rẹ, William Abass kọ ibudo nla kan silu Badagry ti wọn pe ni Brazillian Barracoon eyi ti wọn kọkọ fi ọparun kọ lọdun 1840.",False,25.574802254641384,supports,supports,False
afrifact_data_culture_hausa_647,hausa,Raƙumi na daga cikin dabbobi da su ke iya ɗaukan tsawon loƙaci ba tare da sun ci ko sun sha ba.,supports,afrifact_data_culture_hausa_644,hausa,Raƙumi zai iya rayuwa har na tsawon kwana takwas ba tare da ci ko sha ba.,False,46.21474398018918,supports,supports,True
afrifact_data_culture_hausa_301,hausa,Kalmar “tofu” ta Turanci ta samo asali ne daga yaren Faransanci,refutes,afrifact_data_culture_hausa_302,hausa,"Kalmar Turanci *""tofu""* ta samo asali ne daga kalmar Japananci *tōfu (豆腐)*. Wannan kuma an arota ne daga kalmar Sinanci *豆腐* (a Mandarin: *dòufǔ*; tou4-fu) wato *‘cuku daga wake’* ko *‘ferment ɗin wake’*.'. [ 10 ] Takaddun farko na kalmar a Turanci yana cikin fassarar 1704 na Domingo Fernández Navarrete 's A Collection of Voyages and Travels , wanda ya bayyana yadda aka yi tofu. Kalmar towfu kuma ta bayyana a cikin wasiƙar 1770 daga ɗan kasuwan Ingila James Flint zuwa Benjamin Franklin . : 73 An yi amfani da kalmar ""curd (s)"" na tofu a Amurka tun aƙalla 1840.",False,40.59728955869252,supports,supports,False
afrifact_data_culture_igbo_672,igbo,"Na omenala Igbo, a na-atụ anya na onye ọbụla gbagooro afọ iri ise na itoolu ekwesịla ịmepụta ihe na ndụ ya. Mba ọbụrụ gbagooro afọ iri ise na itoolu ekwesịgo inwe ihe ha mepụtagooro. Ihe ndị a na-ele anya iji chọpụta ogo ha nọ gụnyere nrụrụaka, ụgwọ opekatampe were dịrị gawa.",supports,afrifact_data_culture_igbo_672,igbo,"Ọ bụrụ n'omenala Igbo, onye gbara afọ iri ise na itoolu ekwesila imezu ihe a tụrụ anya na ndụ ya. Na ntule anyị mere, anyị chọrọ ịchọpụta mba kacha eme nke ọma. Ihe enyochara Ihe ndị anyị ji mee nchọpụta a gụnyere ọnwụ ụmụaka amụru ọhụrụ nke Bekee kpọrọ ""Infant Mortality"", ogologo afọ ndụ (life expectancy), ụgwọ opekatampe (minimum wage) na nrụrụaka (corruption).",True,99.34864048642612,supports,supports,True
afrifact_data_culture_yoruba_673,yoruba,"Ní ọdún 2015 náà, ọ̀pọ̀ àwọn ìlú míràn ní ilẹ̀ Yorùbá tún ní ayẹyẹ ìyípadà ọba, tí wọ́n fi gbé àwọn ọba tuntun kalẹ̀ gẹ́gẹ́ bí àṣà wọn.",nei,afrifact_data_culture_yoruba_252,yoruba,"Ọdún ìbílẹ̀ Àgbádá-rìgì jẹ́ ayẹyẹ tí wọ́́n ma ń ṣe ní ẹ̀ẹ̀kan ṣoṣo lọ́dun tí ó ma ń wáyé ní ìlú Àgbádá-r̀ig̀i ( ), tí ó jẹ́ ìlú ńlá kan ní , ní orílẹ̀ èdè . Àjọ African Renaissance Foundation (AREFO) ló ma ń ṣ̀agbátẹr̀u ayẹyẹ náà. Àwọn èt̀o inú ayẹyẹ náà má ń fi ip̀o ìlú náà hàn ní àsìk̀o ìkóni lẹ́rú àwón Èèbó (slave trade era). Ayẹyẹ náà má ń jẹ́ ìdàpọ̀ àṣà àjogúnbá ilẹ̀ . Àwọn elétò má ń mú àṣà ìbílẹ̀ tí àwọn olùfẹ́ràn àṣà jákè jádò àgbáyé ma ń wá láti bá wọn yọ̀ lásìkò ayẹyẹ náà. ",False,49.31751985180943,refutes,refutes,False
afrifact_data_culture_hausa_428,hausa,Ibrahim Zakzaky ya na fita kasashen waje domin gabatar da makaloli a duk shekara.,nei,afrifact_data_culture_hausa_432,hausa,"Rikicin Yan shi'a na shekarar 2014 a Zariya [ | ] Ibrahim Zakzaky A ranar 25 ga watan na shekarar 2014 ne aka samu tashin hankali tsakanin yaƙungiyar r 'yan uwa musulmi mabiya zakzaky da sojojin a birnin , a yayin gudanar da lumanar zanga zanga akan nuna goyon bayan mutanen falasdinu inda mutane 35 suka rasa rayukansu ciki har da 'ya'yan Ibrahim Zakzaky guda uku (3).",False,21.954408785348924,supports,supports,False
afrifact_data_culture_hausa_042,hausa,Abubakar Tafawa  Balewa ya riƙe muƙamin ministan Ayyuka da kuma Sufuri.,supports,afrifact_data_culture_hausa_173,hausa,Ya riƙe muƙamin Kwamishinan ayyuka da muhalli da kuma sufuri na Jihar Katsina a tsakanin shekarar 1991 zuwa 1993 a lokacin mulkin Soja,False,40.21195934009965,supports,supports,True
afrifact_data_culture_yoruba_770,yoruba,Kò sí ààmì kan pàtó láti fi hàn pé Èṣù máa ń tọ́ni sọ́nà ni.,refutes,afrifact_data_culture_yoruba_772,yoruba,"Oríta ní Èṣù máa ń gbé. Èṣù jẹ́ alárèékérékè èdá. Òun ni ó ń kọ́ àwọn ènìyàn láti máa pé ojú méjì ni gbogbo ọ̀rọ̀ máa ń ní. Ó máa ń ṣọ̀tún, ṣòsì má ba ìbìkan jẹ́, bẹ́ẹ̀ náà ni ó máa ń tọ́ni sọ́nà. Ìdí nì yìí tí wọ́n fi sọ pé Ẹ̀ṣù ṣe pàtàkì láti ní ayé tó létò.",False,42.348583208096095,supports,supports,False
afrifact_data_culture_igbo_083,igbo,Ọ nweghị ihe e mebiri na Lekki Lagos.,refutes,afrifact_data_culture_igbo_084,igbo,E mebiri ọtụtụ ihe ma gbaa ọtụtụ ọkụ ebe ahụ nke gụnyere ogige ndị uweojii atọ bụ nke a gbara ọkụ.,False,15.907209316105716,nei,nei,False
afrifact_data_culture_yoruba_578,yoruba,"Calcium, carbohydrate, àti proteins ni àwọn èròjà inú àkàrà tó lè múni sanra.",refutes,afrifact_data_culture_yoruba_578,yoruba,"Akara ní àwọn èròjà láti múni sanra, torí àwọn èròjà proteins, vitamins àti minerals bí i calcium, iron àti zinc inú rẹ̀. Àmọ́ ṣáá, àwọn èròjà inú rẹ̀ lè ti dínkù nítorí àwọn àfikún kan bí iphytates, fibers, lectins, polyphenols àti tannins tí kì í ṣe ara lóore.",True,55.39782142747376,supports,supports,False
afrifact_data_culture_hausa_713,hausa,Trump ya goyi bayan 'yan kama karya a lokacin mulkinsa.,supports,afrifact_data_culture_hausa_710,hausa,"Wanne irin sauyi za a samu karkashin shugabancin Biden? Abubuwa kadan za mu iya hasashen - sauyin alaka da kawayen Amurka, sai maganar sauyin yanayi, da kuma rikicin gabas ta tsakiya. Alaka tsakanin Amurka da ƙawayenta Trump ya yi ta goyon bayan 'yan kama karya da kuma haɗa hannu da su.",False,25.174266386839783,supports,supports,True
afrifact_data_culture_igbo_329,igbo,Chinwoke Mbadinuju ji ọkwa dịka onye isi ndị amị n'oge Shehu Shagari bụ onye isi ala Naịjirịa.,refutes,afrifact_data_culture_igbo_534,igbo,"Azụbụike Ihejirika, CFR (Amụrụ Febuwarị 13, 1956) bụ onye gara ezumike nká Amị Naịjirịa, onyeisi jenaral na onye bụbu Onye isi ọrụ Amị.",False,34.54159966346145,refutes,refutes,True
afrifact_data_culture_hausa_401,hausa,Mabiya Sunnah sun zaɓi Abubakar ya jagorance su saboda Annabi bai nuna wanda zai bi bayan sa ba.,supports,afrifact_data_culture_hausa_400,hausa," Hujjar mabiya aƙidar Sunnah kuwa ita ce da yake Manzon Allah (s.a.w) bai nuna wani ba wanda za'a bi bayansa sai suka yanke hukuncin yin Shura (wato kuri'a tsakanin al'umma) bayan Wafatin, wato rasuwar Annabi (s.a.w) kuma suka zaɓi Sayyadina Abubakar a matsayin Jagoran daular musulunci kuma jagoran Musulmai. ",False,44.87551525581901,supports,supports,True
afrifact_data_culture_yoruba_358,yoruba,"Àjọ ìṣọ̀kan àgbáyé sì ti kéde pé tí gbogbo àwùjọ àgbáyé bá ń fún ọmọ lọ́yàn, èyí lè doola ẹ̀mí tó tó ẹgbẹ̀rún lọ́nà ẹgbẹ̀rin.",supports,afrifact_data_culture_yoruba_417,yoruba,"Ṣe iku Abiola Ebila yoo fopin si ẹgbẹ one million boys bi? Ni ọjọ mẹta ṣẹyin, ni osu kẹrin, ọdun 2020, ni Abiola Ebila pa orogun rẹ ninu ẹgbẹ okunkun miran, Ekugbemi, lati igba naa si ni awọn agbofinro ti n wa Abiola Abila, ko le e koju igbejọ ẹṣun naa. Ni irọlẹ ọjọ Aiku, ọjọ Kejila oṣu Keje ọdun 2020 ni ariwo gba ilu kan pe ọwọ ti tẹ olori ọmọ ẹgbẹ one million boys, Abiola Ebila, to si ti jẹ Ọlọrun nipe. Ariwo ayọ gba ilu kan pe eegun ẹyin ẹgbẹ okunkun naa ti ṣẹ, paapaa pẹlu olori rẹ to ku naa, ti awọn ọmọ ẹyin rẹ yoo si fi ẹsẹ fẹ. Ṣugbọn ibeere ti ọpọ eeyan n beere ni pe, ṣe opin patapata ti de ba ẹgbẹ aseku pani one million boys ni bayii ti olori wọn ti silẹ bora? Ṣugbọn awọn miran n ro ninu ọkan wọn pe, agbo to fi ẹyin rin lọ ni ọrọ ẹgbẹ okunkun one million boys yii lee jẹ, o ṣee ṣe ki wọn lọ tun agbara mu wa.",False,42.838031522372674,supports,supports,True
afrifact_data_culture_igbo_775,igbo,"BBC Igbo kwuru na ndị na-eso ha na Facebook sị na mmanya ọtọbịrịbịrị, azụ ndụ amịrị amị, data na mmanya beer. esoghi na ihe ndị na-enye ha obi aṅụrị. ",refutes,afrifact_data_culture_igbo_775,igbo,"BBC Igbo jụrụ ndị mmadụ na-eso anyị na Facebook ajụjụ ihe ha na-atụnye ego iji mee onwe ha obiụtọ na ihe ọ na-eri ha n'izu. Ọtụtụ kwuru na ihe na-amasị ha gụnyere ịṅụ manya 'beer', mmanya ọtọbịrịbịrị, nkwọbi, azụ ndụ amịrị amị, 'data' e ji aga n'ịntanetị nakwa ego e ji akpọ ekwentị. ",True,97.21495114388938,supports,supports,False
afrifact_data_culture_igbo_227,igbo,"Dr Tedros kwuru na n'izuụka abụọ gara aga, ndị na-ebutebeghị ọrịa ma a gụpụ Chaina dị mmaji iri na abụọ.",refutes,afrifact_data_culture_igbo_228,igbo,"Dr Tedros gara n'ihu kwuo na n'izuụka abụọ gara aga, ndị burula ọrịa ma agụpụ Chaina dị mmaji iri na atọ, ebe mba dị oferela dị mmaji atọ.",False,84.38968798383391,supports,supports,False
afrifact_data_culture_igbo_045,igbo,Nwoke ichi Ọzọ gosiri na onye ahụ amalitela ikwu okwu.,nei,afrifact_data_culture_igbo_791,igbo,Omotola Jalade-Ekeinde dere n'akara twitter ya ụnyahụ sị na Naịjirịa bụ ọkụmmụọ. Na nzahachị ya onye nnyemaka pụrụiche na mgbasa ozi Onyeisiala Mohammadu Buhari zahachiri ya na okwesighi ikwu otu ahụ maka na ndị ji ọrụ anaghị ekwu okwu.,False,17.103932900760952,supports,supports,False
afrifact_data_culture_igbo_646,igbo,Dave Adenuba bụ kọmishọna ndị Abịa Steeti gwara ndị gọọmentị Enugwu ka ha na-akwụ ndị Enugwu ụgwọ ọnwa oge kwesịrị.,refutes,afrifact_data_culture_igbo_646,igbo,N'otu aka ahụ kọmishịọna mgbasaozi bụ Don Adenuba gwara BBC Igbo na o nweghi onye ọrụ bekee ọbụla e ji ụgwọ n'Anambra Steeti. Ọ sị na gọọmentị ha kwụrụ ụgwọ n'ụbọchị iri abụọ na isii nke ọnwa Eprelụ afọ 2020.,True,37.74567495948693,refutes,refutes,True
afrifact_data_culture_igbo_664,igbo,Ụfọdụ ụmụnwaanyị ka a na-awa afọ ma ha chọọ ịmụ nwa. Ụfọdụ na-amụrụ onwe ha nwa.,nei,afrifact_data_culture_igbo_774,igbo,"Nye ụfọdụ ụmụnwaanyị, mkpụrụ ụbọchị atọ ruo ise ahụ ha na-ahụ nsọ ha na-adị ka ọkụmmụọ n'ihi ihe ha na-eji anya ha ahụ. Ụfọdụ na-anọ na mgbakasị ahụ nke bụ na ị gwa ya ofu okwu ọ bakasịara gị ahị (ihe ọ naghị emekarị), ebe ụfọdụ anaghị enweta onwe ha n'ihi ụdịrị ahụ ụfụ ha na-anọ n'ime ya. Mana dịka ikwu na ibe, enyi, onye ọrụ nakwa onye ya na nwaanyị na-ahụ nsọ ya nwere mmekọ n'ụzọ dị iche iche, kedụ ihe ndị ị ga-emere ya iji nyere ọnọdụ ya aka?",False,28.82502335658575,supports,supports,False
afrifact_data_culture_yoruba_559,yoruba,Kò sí ibi tí èèyàn ò lè gbojú omi dé ní gbogbo àgbáyé.,nei,afrifact_data_culture_yoruba_752,yoruba,"Kò sí orí ilẹ̀ tí ọ̀gẹ̀dẹ̀ ò ti lè hù, ní bí i 60 centimetres (2.0 ft) sínú ilẹ̀, ó sì fẹ̀ dáadáa. Igi ọ̀gẹ̀dẹ̀ jẹ́ èyí tó máa ń tètè hù nínú gbogbo àwọn igi eléso yòókù.",False,23.17905070914149,refutes,refutes,False
afrifact_data_culture_yoruba_158,yoruba,Èdè Yorùbá àti èdè Kwa kò fi ibì kankan ní ìbátan rárá àti rárá.,refutes,afrifact_data_culture_yoruba_166,yoruba," International. Wọ́n ra Taiwo wá si ìpele Nigeria Premier League, sínú ẹgbẹ́ agbábọ́ọ̀lù Lobi Stars. Níbi tí ó tún ti lo ọdún kan . Olympique de Marseille [ | ] Ní ọdún 2005, nígbà tí ó pé ọmọ ogún ọdún, ẹgbẹ́ agbábọ́ọ̀lù ilẹ̀ Faranse kan ti o n je Olympique de Marseille gba Taiwo sinu iko won. Won ra Taiwo lati le ropo ogbeni Bixente Lizarazu ti o ti lo sinu egbe agbaboolu Bayern Munich. Taiwo lo gba boolu ti iko re Olympic Marseille fi jawe olubori",False,36.74314675226708,supports,supports,False
afrifact_data_culture_yoruba_691,yoruba,"Ní ilẹ̀ Yorùbá, láàárín ọdún 1988 sí ọdún 1999, wọ́n fi àwọn awo mẹ́ta ṣe olùdarí àwọn ẹgbẹ́ ọ̀tọ̀ọ̀tọ̀.",nei,afrifact_data_culture_yoruba_068,yoruba,"Ní ọdún 1971, ó kẹ́kọ̀ọ́ gboyè Masters ní . Ó kẹ́kọ̀ọ́ gboyè Doctorate nípa ìtàn àròsọ láti ní ọdún 1966. Abímbólá jẹ́ akẹ́kọ̀ọ́ gboyè PhD àkọ́kọ́ ní . Ó di ọ̀jọ̀gbọ́n (Professor) ni3 1976. Abimbola kọ́ àwọn akẹ́kọ̀ọ́ ní Fáṣítì mẹ́ta ọ̀tọ̀ọ̀tọ̀ ní orílẹ̀-èdè , awon náà ní; láàrin ọdún 1963 sí 1965, láàrin 1966 sí 1972, láàrin ọdún 1972 sí 1991.",False,38.59141890442332,nei,nei,True
afrifact_data_culture_hausa_754,hausa,Tarihi ya nuna cewa ba a jituwa tsakanin ƙasar Iran da ta Amurka.,nei,afrifact_data_culture_hausa_755,hausa," An ruwaito Shugaban Ma'aikatar Leken Asirin Iran yana cewa: ""An yanke wa wadannan 'yan leken asiri hukunci--wasu daga cikinsu hukuncin kisa saboda lafin 'fasadi a bayan kasa' (laifin da hukuncinsa kisa a dokokin shari'ar Musulunci na Iran"", A ranar Lahadi, Ministan Leken Asiri Mahmoud Alavi ya sanar da cewa za a nuna wani shiri na talbijin kan kama ""masu leken asirin Amurkan"" a gidan talbijin na Iran.",False,22.217628896366403,supports,supports,False
afrifact_data_culture_hausa_658,hausa,"20 ga watan Afrilu, 2025, darajar Naira ta karye zuwa ₦1,629 kan kowacce dala a kasuwar musayar kuɗi ta Najeriya.",nei,afrifact_data_culture_hausa_659,hausa,"Daga ranar 20 ga watan Yunin 2016, Naira ta samu damar yin iyo, bayan da aka sanya ta a kan ₦197 zuwa dalar Amurka 1 na tsawon watanni. Ciniki[a cewar wane?] ya yi hasashen yawan adadin naira zai kasance tsakanin ₦280 da ₦350 zuwa dala. A watan Oktoban 2021, Shugaba Muhammadu Buhari ya kaddamar da eNaira, nau'in dijital na kudin jihar a Najeriya.",False,41.92395357757811,nei,nei,True
afrifact_data_culture_hausa_690,hausa,Jami'an gwamnati da yawa ba su bi ƙa'idar korona ba lokacin da aka yi jana'izar Abba Kyari.,supports,afrifact_data_culture_hausa_686,hausa,"Mun duba mafiya shahara daga ckinsu kamar haka: Mutuwar babban jami'in gwamnati a Najeriya Waɗanda suka halarci jana'izar Abba Kyari ba su bi ƙa'idojin bayar da tazara ba A Najeriya, annobar korona ta shiga har fadar Gwamnatin Tarayya.",False,66.32941112469254,supports,supports,True
afrifact_data_culture_hausa_648,hausa,Raƙumi na iya tafiya a cikin hamada ko da ana iska mai karfi.,supports,afrifact_data_culture_hausa_649,hausa,"Rakumi kusa da Silverton rakumi a sahara Rakumi da sarka jeren rakumma Kasancewa akwai zafi mai tsananin gaske a , wanda ba duka halittu za su iya jurewa ba. Sannan kuma akwai ƙura haɗe da yashi da take tashi koda yaushe, wadda take rufe duk wata halitta da ta ci karo da ita. Ga babbar halitta kuma ƙurar takan sa wahalar nunfashi da shaƙar iska. Idan ka ɗauke ƙananan halittu dangin su , raƙumi shi ne kaɗai wata ƙatuwar halitta da take iya rayuwa a cikin . Kuma mahaliccin raƙumi ya halicce shi ne musamman domin ya rayu a cikin , ya kuma zama mai hidima ga al'ummar dake rayuwa a wannan ɓangare.",False,23.958993586521864,supports,supports,True
afrifact_data_culture_hausa_016,hausa,Sir Ahmadu Bello bai samu shiga majalisar ƙasa a shekarar 1949 ba.,nei,afrifact_data_culture_hausa_016,hausa,"A shekarar alif 1949, ya sami zuwa majalisar dokoki ta yankin , yana kuma daga cikin mutum ukku da aka zaba acikin kungiyar da ta rubuta sabon kundin tsarin mulkin kasar",True,21.35533348407838,supports,supports,False
afrifact_data_culture_igbo_393,igbo,Chibuike Rotimi Amaechi kwuru okwu n'afọ 2022 sị na agụmakwụkọ bara uru maka ụmụaka Nigeria,nei,afrifact_data_culture_igbo_392,igbo,"N'abalị itoolu n'ọnwa Eprel afọ 2022, Amaechi kwupụtara mmasị ya ịzọ ọkwa onye isi ala n'afọ 2023, ọ bịara onye nke abụọ na ntuliaka onye isi ala nke APC nke e mere n'ọnwa June afọ 2022 n'azụ na votu narị atọ na iri na isii site n'aka ndị nnọchiteanya",False,20.01855546402028,supports,supports,False
afrifact_data_culture_igbo_316,igbo,Ndị Anambra North na South nwere otu ụdị omenala e jiri mara ha,nei,afrifact_data_culture_igbo_562,igbo,Ndị mpaghara Anambra-East akwaala arịrị n'ihi enweghi ndị ọrụ ahụike n'ụlọọrụ ahụike ha dị icheiche ma rịọ ka e zitere ha ndị dọkịta ji otu afọ efe ala nna ha. Ha rịọrọ nke a site n'ọnụ onyeisioche ha bụ Orji Okafor n'emume ọpụpụ ndị ji otu afọ efe ala nna ha e zitere ebe ahụ.,False,19.096399666008047,supports,supports,False
afrifact_data_culture_igbo_252,igbo,"Rachael Okonkwo malitere ime ihe nkiri mgbe ọ bụ nwata, mana n'ihi Ọ naghị enweta ọrụ, ọ gbanwere ọrụ ya n'ịgba egwu.",supports,afrifact_data_culture_igbo_251,igbo,"Ọ malitere ime ihe nkiri mgbe ọ bụ nwata, mana n'ihi Ọ naghị enweta ọrụ, ọ gbanwere ọrụ ya n'ịgba egwu.",False,101.12829080413007,supports,supports,True
afrifact_data_culture_igbo_079,igbo,Wike gwara ha aṅala Nnadị Kanu nti.,refutes,afrifact_data_culture_igbo_079,igbo,Mana Nnadị Kanu gwara ha aṅala ntị.,True,41.76864654751657,supports,supports,False
afrifact_data_culture_igbo_458,igbo,Dora Akunyili bụ onye ji ọkwa mịnịsịta na-ahụ maka mgbasa ozi na Naiịjiria ruo ihe dị ka afọ abụọ,supports,afrifact_data_culture_igbo_457,igbo,Akunyili bụkwara mịnịsịta hụrụ maka mgbasa ozi n'ala site na-afọ̀ 2008 ruo 2010.,False,48.45567880620735,supports,supports,True
afrifact_data_culture_igbo_035,igbo,"N'ime ụdị ihe abụọ e ji arụ ọja, nke na-anaghị anọte aka bụ nke osisi",refutes,afrifact_data_culture_igbo_034,igbo,"N'ime ụdị ihe abụọ a e ji arụ ya, nke osisi na-aka nọtee aka ruo ogologo oge. ",False,50.065853671970814,supports,supports,False
afrifact_data_culture_igbo_658,igbo,Ndị agha U.S anwakpola ndị agha Naịjirịa. Gọọmentị Naịjirịa na-arịọ ka ndị amala Naịjirịa gbatara ha ọsọ enyemaka.,nei,afrifact_data_culture_igbo_530,igbo,"Ọ nweela ọtụtụ nturu ugo na nkwanye ugwu n'etiti ndị a, Ọchịagha nke gọọmentị etiti, CFR onye nyere , Onye isi ala nke gọọmentị etiti Naịjirịa The Forces Service Star (FSS) nke ndị Amị nyere ya. (FSS) onyinye Meritorious Service Star (MSS) nke ndị agha Naịjirịa nyere . Distinguished Service Star (DSS) nke ndị agha Naịjirịa nyegoro ha . Grand Service Star (GSS) nke ndị Amị Naịjirịa nyere ya. Passed Staff College(psc (+)) nke ndị agha Naịjirịa ",False,47.90826235922453,supports,supports,False
afrifact_data_culture_igbo_446,igbo,"Gọọmentị Nigeria boro Nnamdị Kanụ ebubo aghụghọ, nwụchie ya ma jigide ya n'ụlọ mkpọrọ n'afọ 2015",supports,afrifact_data_culture_igbo_448,igbo,"Ejidere Kanu maka ebubo aghụghọ na dị na Nigeria na ka ọnwa Ọktọba dị na mkpụrụ ụbọchị iri na anọ na afo 2015 wee jidere ya ihe karịrị otu afọ, n'agbanyeghị iwu dị iche iche ụlọ ikpe nyere maka ịhapụ ya.",False,32.03047256961547,supports,supports,True
afrifact_data_culture_yoruba_409,yoruba,Bákan náà ni ìjínigbé ń wáyé ní ẹ̀kun Ààrin gbùngbùn Gúúsù orílẹ̀-èdè Nàìjíríà níbi tí wíwa epo rọ̀bì ti ń wáyé.,nei,afrifact_data_culture_yoruba_652,yoruba,"Ní ìgbà tí o di ọmọ ọdún mẹ́rìndínlógún ni o gbé ìyàwó, orúkọ́ ìyàwó rẹ̀ a má jẹ́ “Yasodhara”, Nígbà tí o pé ọmọ ọdún mọ́kàndínlọ́gbọ́n ni ìyàwó rẹ̀ bi ọmọ ọkùnrin kan fún-un orúkọ rẹ̀ a ma jẹ́ “Rahula”. Lẹ́hìn tí o bi ọmọ yii tán ìtàn fi ye wa wí pé o se ìrìnàjò lori ẹ̀sìn lẹ́ẹ̀mẹ́rin ọ̀tọ̀ọ̀tọ̀, nígbà tí ọ̀pọ̀ ìtàn sọ wí pé ń se ni o ri ìran lẹ́ẹ̀mẹ́rin.",False,47.99445483389582,supports,supports,False
afrifact_data_culture_yoruba_634,yoruba,Fásítì Èkó ló jáwé borí nínú ìdíje pẹ̀lú àwọn ilé ẹ̀kọ́ gíga mẹ́wàá mìíràn.,nei,afrifact_data_culture_yoruba_054,yoruba,"Àwọn ẹ̀yà Yorùbá Àkókó ni wọ́n kó ìdá ogún ó lé ẹ̀sún mẹ́ta (20.3%) nínú ìdá márùn ún tó lé ẹ̀sún meje (5.7%) ènìyàn tí wọn ń gbé ní . Ẹ̀Wẹ̀, agbègbè Àkókó ní ìjọba ìbílẹ̀ mẹ́rin, àwọn ni: , , àti , tí ó fi mọ́ tí ó wà ní àárín àti . Ilé ẹ̀kọ́ fásitì náà wà nílú Bákan náà ni ilé-ìwòsàn ti ìjọba ìpínlẹ̀ wà ní ìlú , nígbà tí ilé-ìwòsàn gbogbo-gbòò ti ìjọba náà wà ní ìlú àti ìlú .",False,20.18556978016173,supports,supports,False
afrifact_data_culture_igbo_260,igbo,Phyno chọburu ịbụ onye ọkwọ ụgbọ mmiri mana a gwara ya na ọ ga-abụ dọkịta.,supports,afrifact_data_culture_igbo_259,igbo,"O buru ụzọ chọọ ịbụ onye ọkwọ ụgbọ mmiri, mana a gwara ya na ọ ga-abụ dọkịta.",False,68.96429888343378,supports,supports,True
afrifact_data_culture_yoruba_555,yoruba,Gaàrí funfun àti Gaàrí yẹ́lò jẹ́ oríṣi Gaàrí méjì tó wà ní ìwọ̀ oòrùn orílẹ̀-èdè Nàìjíríà.,supports,afrifact_data_culture_yoruba_555,yoruba,"Ní ìwọ̀-oòrùn , oríṣi gaari méjì ni ó wà, àwọn náà ni gaàrí funfun yẹ́lò. Gaàrí yẹ́lò jẹ́ èyí tí wọ́n fi epo pupa sí nígbà tí wọ́n bá ń yan án. Orílẹ̀-èdè àti ni a ti le rí funfun àti yẹ́lò. Irúfẹ́ Gaàrí funfun kan ni wọ́n ń pè ní Gaàrí-Ìjẹ̀bú . Èyí tí wọ́n máa ń ṣe ní ilẹ̀ lọ́dọ̀ àwọn ará ní orílẹ̀-èdè .",True,78.7689844789698,supports,supports,True
afrifact_data_culture_hausa_628,hausa,Waƙa abu ne da ake yin shi domin fita daga cikin damuwa.,nei,afrifact_data_culture_hausa_574,hausa,"Turmi wani abu ne daga cikin ka yan aikin gida wanda aka sassaƙa shi domin a dinmga daka da shi, ana sassaƙa shi daga itace masu karfi.",False,26.129342373321265,supports,supports,False
afrifact_data_culture_hausa_791,hausa,Tawagar yaƙin zaɓen Trump sun dage da kamfen a jihar Florida saboda muhimmanci ta wurin cin zaɓen shugaban ƙasa,supports,afrifact_data_culture_hausa_788,hausa,Tawagar yaƙin neman zaɓen Trump na fafutuka tuƙuru a jihar ta Florida - faɗuwa zaɓe a nan ka iya haramta masa sake komawa Fadar White House.,False,53.54202501401204,supports,supports,True
afrifact_data_culture_igbo_528,igbo,"Emmanuel Nnamdị Ụba ji ọkwa dị ka Gọvanọ Anambra Steeti naanị ọnwa atọ, bido na April 2007 rue Juunu 2007",supports,afrifact_data_culture_igbo_525,igbo,"N’afọ 2007, Ụba zọọrọ na nhọputa PDP maka ntuli aka gọvanọ nke steeti Anambara, a ma họpụta ya na ntuli aka na Epurel 14 2007. Mana, onye bụbu gọvanọ gbara akwụkwọ na ntuliaka ahụ, na-ekwu na, n’ihi na ụlọ ikpe nabatara na Obi meriri na ntuli aka Epurel 2003 na 15 Machị 2006, na ọ ka nwere afọ atọ ọzọ ma ọ bụ afọ anọ ya ịchị. Ndị ọkaikpe ahụ nakweere arụmụka ahụ, na 14 Juunu 2007, ha kwụsịrị ntuli aka nke Andy Ụba. ",False,38.52661892284016,supports,supports,True
afrifact_data_culture_hausa_528,hausa,Anyi zargin cewa Shekarau ya na da hannu a cikin kisan da aka yi wa Sheikh Ja'afar Mahmud Adam.,supports,afrifact_data_culture_hausa_526,hausa,"Shiekh Ja'afar Mahmud Adam (Fabrairu 12, 1960 - Afrilu 13, 2007) ya kasance masanin addinin kuma memba na Jama'at Izalat al Bid'a Wa Iqamatus Sunnah na Najeriya, ƙungiyar addini da siyasa da ke da hedikwata a Abuja .",False,35.20435421232968,supports,supports,True
afrifact_data_culture_yoruba_548,yoruba,Olóyè Ọbásanjọ́ jẹ́ ọ̀kan lára àwọn ọ̀gagun tí wọ́n fi ipá yọ kúrò nínú ipò. Ó sì ti dé ìgbà mẹ́ta tí Ọbásanjọ́ jẹ́ Ààrẹ orílẹ̀-èdè Nàìjíríà.,refutes,afrifact_data_culture_yoruba_725,yoruba,"Moshood Káṣìmawòó Ọláwálé Abíọ́lá ( , - , ) tí ó túmọ̀ sí M.K.O Abíọ́lá jẹ́ ọmọ orílẹ̀ èdè . A bi ní ìlú ní . Ó jẹ́ oníṣòẁò,òǹtẹ̀wé, olóṣèlú àti olóyè ilẹ̀ pàtàpátá. Ó díje sí ipò Ààrẹ orílẹ̀-èdè ní ọdún 1993, òun náà sì ni gbogbo ènìyàn gbàgbọ́ tí wọ́n sì fẹnukò sí jákè-jádò orílẹ-èdè wípé ó jáwé olúborí nígbà tí olóri ìjọba ológun ìgbà náà kò kéde rẹ̀ gẹ́gẹ́ bí olúborí ètò ìdìbò náà tí ó sì tun fi ẹ̀sùn àìṣòtítọ́ àti àìṣòdodo ètò ìdìbò kan.",False,46.02058126428453,supports,supports,False
afrifact_data_culture_igbo_149,igbo,Mpaghara ọdịbendị na asụsụ nkịtị na ndịda bụ Ala Awụsa.,nei,afrifact_data_culture_igbo_150,igbo,Ọ bụ mpaghara ọdịbendị na asụsụ nkịtị na ndịda .,False,43.961573777753294,supports,supports,False
afrifact_data_culture_yoruba_522,yoruba,"Ọba Wahab Kayode Oyedọtun ní Ọọ̀ni ti ìlú Ilé-Ifẹ̀ ló pe ìpàdé pàjáwìrì àwọn lọ́balọ́ba fún fún ìjíròrò, láti mọ ohun tó fa aáwọ̀ láàárín Olúwo àti Agbowu.",supports,afrifact_data_culture_yoruba_519,yoruba,"Ọrangun fikun pe, ti isẹlẹ naa ko ba tiẹ to awọn loju, amọ mọ igba ti Oluwo lọ fi abuku kan Alake nilu Abẹokuta, nibi eto kan ti onitọun pe si, to si ni ori aga ti wọn pese silẹ fun Ọọni, ni oun fẹ joko le lori nitori Ọọni ko ju oun lọ. ""A ri igba to tabuku Alaafin naa nipinlẹ Ọsun, a si mọ bo se maa n wọ Ọọni nilẹ loju wa lasiko ipade awa ọba, awọn eleyi si ti to lati sọ fun Oluwo pe ko lọ sinmi laarin wa, to ba tiẹ ni oun ko na Agbowu, ta si mọ pe eleyi kii se ootọ, a kan bẹ Agbowu ni pe ko mu suuru, ara iya ọba naa niyẹn. Ọlọrun ko si ni fi iya jẹ."" Fire Eater: Azonto ní àfojúṣùn òun ni láti lọ fi idán iná yìí pa owó lókè òkun ""Igba ta wa wo ọrọ yii si ọtun ati osi, a ri pe ta ba fun Oluwo ni ewe dẹkun, o le e ma siwọ ohun to n se yii, ijoko wa ko si fun wa lasẹ lati yọ ọba kankan, awa ko tiẹ fẹ ki wọn yọ ọba, tori idile to ti wa ati ati abuku to maa jẹ fun ori ade kaakiri nilẹ Yoruba."" Ọba Oyedọtun ni, awọn lee kilọ fun ara awọn, lawọn se ni ki Oluwo lọ sinmi laarin awọn naa ninu igbimọ lọbalọba fun osu mẹfa, awọn ko si yọ Oluwo gẹgẹ bii ọba tori ileẹjọ nikan lo lasẹ lati yọ ọba. ""Lasiko ti Oluwo ba fi n sinmi nile, a sọ fun pe ko gbọdọ ba awọn akọroyin sọrọ, tori to ba sọrọ, yoo tun maa ba ẹjọ ara rẹ jẹ ni, ko gbọdọ kọrin owe abi eebu, o gbọdọ maa lọ jẹẹjẹ, ko si maa ba isẹ rẹ lọ, amọ ko gbọdọ wa si ipade awa lọbalọba tipinlẹ Ọsun.",False,49.53058805665684,supports,supports,True
afrifact_data_culture_yoruba_456,yoruba,"BBC Yorùbá ṣe àgbéjáde fídíò kan láti fi tú àṣírí àwọn olùkọ́ tí wọ́n máa ń gbìyànjú láti ní ìbáṣepọ̀ pẹ̀lú àwọn akẹ́kọ̀ọ́ wọn, nítorí máàkì.",supports,afrifact_data_culture_yoruba_497,yoruba,"Awọn ere idaraya yii ma n jẹ ki ifẹ gbooro si laarin awọn ewe ati ọdọ ni agboole si agboole, ati wi pe, o ma n wu awọn ọmọde naa lati tete dagba ni kiakia, nitori naa ni wọn ṣe n ṣe awọn ere ohun. Erebọọlu lo pọ ju laarin awọn ọmọkunrin gẹgẹ bi ere ṣiṣe, amọ awọn ere ọmọde wọnyiii wa ti wọn tun kundun lati ma a ṣe, paapaa ti wọn ba de lati ile iwe ati labẹ osupa lalẹ ti wọn ba de ile. Awọn ere ọmọde to wọpọ laye igba kan: Ere Tẹ́ntẹ́: Ti wọn ba fẹ ṣe ere yii, awọn ọmọdebinrin a kọju si ara wọn, wọn a si ma a patẹwọ, ti wọn a si maa gbe ẹsẹ wọn bakan naa si orin Tẹ́ntẹ́ ti wọn ba n kọ.",False,59.839935299813554,supports,supports,True
afrifact_data_culture_igbo_207,igbo,Atụmatụ e mere n'afọ 2005 kwuru na ụmụanụmanụ bi na Awka Etiti.,nei,afrifact_data_culture_igbo_208,igbo,"N'afọ 2005, e mere atụmatụ na ndị bi na Awka-Etiti dị mmadụ 35,000.",False,46.20170963970871,supports,supports,False
afrifact_data_culture_yoruba_765,yoruba,"Yàtọ́ sí oha tí jẹ́ orúkọ ọbẹ̀ náà, ó tún ní àwọn orúkọ oríṣi méjì tí wọ́n tún pe ọbẹ̀ náà. Àwọn ni, uha tabi ọbẹ̀ ora.",supports,afrifact_data_culture_yoruba_764,yoruba,"Àwọn orúkọ mìíràn tí wọ́n tún ń pe ọbẹ̀ náà ni uha àti ọbẹ̀ ora. Àwọn Oúnjẹ tí ẹ le fi jẹ Oha [ | ] Ọbẹ̀ oha/Uha dára jù lọ pẹ̀lú fùfú. Iyán, sẹ̀mó, ọlá àti ẹ̀bà gbogbo àwọn wọ̀nyí náà ni wọ́n dára pẹ̀lú ọbẹ̀ oha.",False,89.16365047565112,supports,supports,True
afrifact_data_culture_hausa_492,hausa,An kashe Muhammad Auwal Albaniy Zaria tare da matarsa akan hanyarsa ta dawowa daga wurin tafsiri.,supports,afrifact_data_culture_hausa_488,hausa,Ƴan bindigar sun harbe Sheikh Muhammad Auwal Adam Albani Zariya tare da ɗaya daga cikin matansa a cikin garin a kan hanyarsu ta dawowa gida bayan sun halarci karatun Tafsirin yamma da suka saba zuwa a cikin garin.,False,30.17505140365081,supports,supports,True
afrifact_data_culture_igbo_432,igbo,"Na Republic Naịjirịa nke Abụọ, Alex Ifeanyichukwu Ekwueme ji ọkwa osote onyeisiala nke Naijiria site n'afọ 1979 ruo 1983",supports,afrifact_data_culture_igbo_429,igbo,Alexander Ifeanyichukwu Ekwueme // ⓘ GCON (21 October 1932 – 19 Nọvemba 2017) bụ onye ndọrọndọrọ ọchịchị Naijiria nke jere dịka osote onyeisiala mbụ nke Naijiria site na 1979 ruo 1983 n'oge Naịjiria Republic nke Abụọ n'okpuru onyeisiala Shehu Shagari dịka onye otu National Party.,False,69.32001267908402,supports,supports,True
afrifact_data_culture_yoruba_157,yoruba,"Inú bíbélì ni a ti rí i tí wọ́n sọ pé ""Ó dára kí á pa àgọ́ mẹ́ta""",nei,afrifact_data_culture_yoruba_444,yoruba,"Igboho lo sọ ọrọ naa nibi ipade kan ti Ọjọgbọn Banji Akintoye, to jẹ aṣiwaju nilẹ Yoruba naa wa. O ṣalaye pe ko si nnkankan to n jẹ iṣọkan Naijiria mọ lẹyin ti eto abo ilẹ Yoruba mẹhẹ, ti ijọba apapọ ko si ri ohun kankan ṣe nipa rẹ. Bakan naa lo tun ṣalaye pe oun atawọn ikọ oun ti ṣetan lati koju awọn ọdaran Fulani lọna ati le wọn kuro ni gbogbo ilẹ Yoruba patapa. Gẹgẹ bo ṣe sọ, ""a o lọ ṣi awọn ẹnu ibode wa ti ijọba apapọ ti pa, a o si ṣigbogbo rẹ ki ounjẹ le maa wọle."" ""A kii ṣe ara Naijiria mọ, ọlọpaa ti wọn ba bi daa, ko da wa lọna tabi ko gbiyanju lati mu ẹnikẹni ninu wa, igba yẹn ni wọn yoo mọ pe ẹnu Yoruba ko."" Igboho sọ pe ko si anfani kankan ti ẹya Yoruba n ri ninu Naijiria gẹgẹ bii orilẹ-ede nitori gbogbo ipo to ṣe pataki ninu ijọba to wa lode yii ni Hausa n ṣakoso. O pari ọrọ rẹ pe digbi ni oun wa lẹyin awọn agbagba Yoruba lori igbesẹ wọn lati gba ominira kuro ni Naijiria.",False,25.473053121263703,supports,supports,False
afrifact_data_culture_igbo_610,igbo,Igbo enweghi usoro ha si achị onwe ha. Ọgbaghara na-adị n'ala Igbo oge niile tupu ndị Bekee abịa.,refutes,afrifact_data_culture_igbo_749,igbo,"Ndị ntorobia Igbo: Belatanụ Ihe eji alụ nwaanyị Ndị ntorobia Igbo akpola oku ka obodo dị n'Igbo wedata ihe ndị ọ na-eri iji lụọ nwaanyị n'ala igbo. Ndị ntorobịa kwuru a nke na mkparịtaụka BBC hiwere na Facebook ụbọchị Fraide rụtụ®ụaka na ihe isi ike, ihe ilụnwaanyị na-erị nakwa oke mgbuchi nne nna na Igbo na-egbuchi ụmụ ha ndị nwaanyị so 'ihe na akpata alụghhị di maọbụ nwaanyị n'oge.",False,25.15882950358005,supports,supports,False
afrifact_data_culture_hausa_185,hausa,Tafkin Tiga na ɗaya daga cikin madatsun ruwan da aka gina a Kano don bunƙasa noman rani.,supports,afrifact_data_culture_hausa_185,hausa,An gina madatsar ruwan ne a lokacin gwamnatin Gwamna a ƙoƙarin inganta samar da abinci ta hanyar ayyukan noman rani.,True,33.41660124745865,supports,supports,True
afrifact_data_culture_hausa_784,hausa,Jonathan ya zama shigaban kasar Najeriya bayan rasuwar Umaru 'Yar'adua.,nei,afrifact_data_culture_hausa_444,hausa,Sheykh Bala Lau ya zama Mataimakin Shugaban ƙungiyar na ƙasa bayan rasuwar Sheikh Abubakar Ikara.,False,19.99894210371152,nei,nei,True
afrifact_data_culture_igbo_332,igbo,Igbo-Ukwu bụ obodo ebe e gwupụtara ihe mgbe ochie ndị gosiri na omenala ha gụnyere ịrụ ọrụ ọla kọpa kamgbe 90 AD.,supports,afrifact_data_culture_igbo_331,igbo,"Igbo-Ukwu bụ ebe ama ama maka ebe nchọcha ihe mgbe ochie atọ, ebe ngwungwu achọpụtala ihe ọla kọpa sitere n'omenala ọla na-arụ ọrụ ọla kọpa nke malitere na narị afọ nke itoolu AD, narị afọ tupu ọla ndị ọzọ ama ama na mpaghara ahụ. ",False,66.35864379577924,supports,supports,True
afrifact_data_culture_hausa_031,hausa,Sani Abacha ya rasu a ƙasar Saudiyya lokacin da ya ke gudanar da aikin hajji.,refutes,afrifact_data_culture_hausa_034,hausa,"Sani Abacha shugaban ƙasar ne daga watan Nuwamba, a shekarar alif da ɗari tara da chasa'in da uku 1993, zuwa watan Yuni shekarar alif ɗari tara da chasa'in da takwas 1998",False,24.55026368078528,refutes,refutes,True
afrifact_data_culture_yoruba_279,yoruba,"Ní ọdún 2016, ilé aṣòfin àgbà kọ àbá Ààrẹ Buhari láti yá owó tó lé ní bílíọ̀nù mọ́kànlélọ́gbọ̀n Dọ́là ($29.9) láti ilẹ̀ òkèèrè.",supports,afrifact_data_culture_yoruba_087,yoruba,"Òjò gbọ́dọ̀ rọ̀ lásìkò ọdún Ẹlẹ́gba ni ìlú Epe- Oba Olufolarin Ogunsan 6) A kii yan Nafila ba ba de Yidi Irun Yidi ko ni Nafila yiyan kankan. Idi ni pe irun yi fun ara rẹ, irun Nafila loun gaan jẹ. Amọ bi eeyan ba fẹ ki irun Yidi ninu Mọsalasi nitori ojo, a le yan Nafila rakaa meji la ti fi ki Mọsalasi eleyi ti a n pe ni Taiyyatu Masjid. Bi o ba jẹ ita gbangba la ti fẹ ki irun yii, ohun to yẹ ni ki olujọsin joko ki o si maa se afọmọ titi ti Imaamu yoo fi gun ori minbari. ",False,49.29197949454696,refutes,refutes,False
afrifact_data_culture_hausa_368,hausa,Bikin argungun yana jan hankalin masu yawon buɗe ido,nei,afrifact_data_culture_hausa_191,hausa,"Ita ce wuri mafi shahara ga masu yawon bude ido a Najeriya, don haka, tana taka muhimmiyar rawa wajen cigaba da bunkasa harkokin yawon bude ido da yawon shakatawa a Najeriya.",False,27.668360471786123,supports,supports,False
afrifact_data_culture_igbo_643,igbo,Dave Adenuba amaghị ma o nwere ndị gọọmentị Anambra ji ụgwọ.,refutes,afrifact_data_culture_igbo_644,igbo,N'otu aka ahụ kọmishịọna mgbasaozi bụ Don Adenuba gwara BBC Igbo na o nweghi onye ọrụ bekee ọbụla e ji ụgwọ n'Anambra Steeti. Ọ sị na gọọmentị ha kwụrụ ụgwọ n'ụbọchị iri abụọ na isii nke ọnwa Eprelụ afọ 2020.,False,29.273919986302666,supports,supports,False
afrifact_data_culture_yoruba_299,yoruba,Àwọn ará àdúgbò náà fi tó àwọn oníroyìn létí pé Sunday Igboho ló rán awọn géńdé méjèèjì ọ̀hún láti lọ pa àwọn ènìyàn nípakúpa.,refutes,afrifact_data_culture_yoruba_300,yoruba,"Sunday Igboho gba àwọn èèyàn Soka n'Ibadan sílẹ̀ lọ́wọ́ àwọn ọmọ onílẹ̀ tó wá ṣọṣẹ́ Ọrọ di boo lọ, ko yago fun mi ladugbo Soka nilu Ibadan lasiko ti gende meji to gbe ohun ija oloro lọwọ, ti wọn pe ara wọn ni ọmọ onilẹ ya bo agbegbe naa. Owurọ ọjọ Isẹgun ana niroyin gba igboro Ibadan kan, tawọn eeyan si n pe sori redio gbogbo nilu naa pe ẹmi awọn eeyan to n gbe ladugbo naa ko de tori awọn gende agbebọn to ya bo wọn. Àwọn iròyin tì ẹ leè ní ìfẹ̀ síí: A gbọ pe se ni iro ibọn n dun lakọ-lakọ, tawọn eeyan si n sa asala fun ẹmi lasiko ti awọn ọmọ onilẹ ọhun ni ki awọn onile gbe ile wọn kuro lori ilẹ awọn. Se lawọn ọmọde ati agba, alaboyun ati awọn iyalọmọ, to fi mọ awọn arugbo n sa asala fun ẹmi wọn, ti awọn to si laya lati beere pe ki lo fa isẹlẹ naa, jẹ ajẹkun iya. Ẹnikan ti isẹlẹ naa soju rẹ salaye pe ọpẹlọpẹ asaaju ọmọ Yoruba kan, Oloye Sunday Adeyẹmọ, ti gbogbo eeyan mọ si Sunday Igboho to tete de sadugbo ọhun lasiko ti laasigbo naa gbona janin-jani. A gbọ pe Igboho ati ọkunrin kan ti wọn pe orukọ rẹ Babatunde Arowolo, ti gbogbo eeyan mọ si Bako, lo de lasiko lati gba awọn eeyan adugbo naa silẹ, ni kete ti aawọn ọmọ onilẹ naa si foju gaani rẹ, ni wọn ba juba ehoro.",False,47.87662790991475,supports,supports,False
afrifact_data_culture_yoruba_686,yoruba,"Títóbi ìpínlẹ̀ Ọ̀yọ́ tó nǹkan bí i 28,454 kìlómítà, ó sì wà ní ipò kéjìlà nípa fífẹ̀.",refutes,afrifact_data_culture_yoruba_688,yoruba,"Ṣèyí Mákindé jẹ́ gómìnà ìpínlẹ́ Ọ̀yọ́, à dìbọ̀ yan nì ọ̀dun 2019. Geography [ | ] Ìpínlẹ̀ Ọ̀yọ́ gbòòrò ní nǹkan bí 28,454 kìlómítà níbùúgbùú, ó sì wà ní ipò kẹrìnlá nípa ìtòbi.",False,69.32146419026417,supports,supports,False
afrifact_data_culture_hausa_546,hausa,An bawa Isah Ali Ibrahim Pantami muƙamin ministan sadarwa a loƙacin da Buhari ya ci zaɓensa karo na biyu.,supports,afrifact_data_culture_hausa_546,hausa,"Farfesa Isah Ali Ibrahim Pantami ya zama ministan tun bayan sake babban zaɓen shugaban ƙasa na shekarar dubu biyu da goma sha tara (2019), bayan da ya yi nasara.",True,42.4107375576797,refutes,refutes,False
afrifact_data_culture_hausa_618,hausa,Mawaki Mamman Shata ya ce Magaji Salam ne ya fara saka ma sa sunan Shata.,supports,afrifact_data_culture_hausa_614,hausa,"Wanda ya sa mini wannan suna Shata sunansa Magaji Salam, shi ne ya samin suna Shata Mijin mai daki, ita mai dakin kaka ta ce, ita ce ta haifi wanda ya haife ni.",False,47.87459981846268,refutes,refutes,False
afrifact_data_culture_igbo_796,igbo,Gọọmentị tụrụ ụmụ ntorobịa isii na-atọrọ ndị mmadụ nga n'ihi na ha na-emegide nchekwa obodo.,nei,afrifact_data_culture_igbo_716,igbo,"A tụọla otu nwoke nga mkpụrụọka maka igbu ndị ezinaụlọ ya mmadụ ise Nwoke ahụ gburu ndị ezinaụlọ ha n'ime ụlọ ha Otu nwoke ga-aga mkpọrọ apụtaghị apụta maka igbu nwunye ya, ụmụ ya atọ gụnyere ejima nakwa nnenne ha. ",False,21.87903630417028,supports,supports,False
afrifact_data_culture_yoruba_300,yoruba,Sunday Igboho àti Babatunde Arowolo lọ́ farahàn níbi ti àwọn ọmọ onílẹ̀ ti ń ṣọṣẹ́ láti gba àwọn èèyàn Soka ní ìlú Ìbàdàn sílẹ̀.,supports,afrifact_data_culture_yoruba_300,yoruba,"Sunday Igboho gba àwọn èèyàn Soka n'Ibadan sílẹ̀ lọ́wọ́ àwọn ọmọ onílẹ̀ tó wá ṣọṣẹ́ Ọrọ di boo lọ, ko yago fun mi ladugbo Soka nilu Ibadan lasiko ti gende meji to gbe ohun ija oloro lọwọ, ti wọn pe ara wọn ni ọmọ onilẹ ya bo agbegbe naa. Owurọ ọjọ Isẹgun ana niroyin gba igboro Ibadan kan, tawọn eeyan si n pe sori redio gbogbo nilu naa pe ẹmi awọn eeyan to n gbe ladugbo naa ko de tori awọn gende agbebọn to ya bo wọn. Àwọn iròyin tì ẹ leè ní ìfẹ̀ síí: A gbọ pe se ni iro ibọn n dun lakọ-lakọ, tawọn eeyan si n sa asala fun ẹmi lasiko ti awọn ọmọ onilẹ ọhun ni ki awọn onile gbe ile wọn kuro lori ilẹ awọn. Se lawọn ọmọde ati agba, alaboyun ati awọn iyalọmọ, to fi mọ awọn arugbo n sa asala fun ẹmi wọn, ti awọn to si laya lati beere pe ki lo fa isẹlẹ naa, jẹ ajẹkun iya. Ẹnikan ti isẹlẹ naa soju rẹ salaye pe ọpẹlọpẹ asaaju ọmọ Yoruba kan, Oloye Sunday Adeyẹmọ, ti gbogbo eeyan mọ si Sunday Igboho to tete de sadugbo ọhun lasiko ti laasigbo naa gbona janin-jani. A gbọ pe Igboho ati ọkunrin kan ti wọn pe orukọ rẹ Babatunde Arowolo, ti gbogbo eeyan mọ si Bako, lo de lasiko lati gba awọn eeyan adugbo naa silẹ, ni kete ti aawọn ọmọ onilẹ naa si foju gaani rẹ, ni wọn ba juba ehoro.",True,51.43840772446112,supports,supports,True
afrifact_data_culture_hausa_084,hausa,Ado Bayero ya rasu a shekarar 2014 bayan ya shafe sama da shekaru 50 ya na mulki.,supports,afrifact_data_culture_hausa_079,hausa,"A ranar 6 ga watan Yuni shekarata 2014, bayan shekaru hamsin da dayayi akan kursiyin, Ado Bayero ya mutu a fadarsa",False,37.56395079923158,refutes,refutes,False
afrifact_data_culture_hausa_782,hausa,Marigayi Umaru Musa 'Yar'aduwa ya kasance shugaban ƙasa da ya kwatanta adalci sosai lokacin mulkinsa.,nei,afrifact_data_culture_hausa_053,hausa,"Ya kasance ɗan siyasan Najeriya ne kuma wanda yayi mulki ta karfin iko a matsayin shugaban ƙasa soja tun daga shekarar (1985) a lokacin da ya shirya juyin mulki a kan abokin adawansa na kusa , har zuwa ajiye mulkinsa a shekara ta (1993) a dalilin zabe na bayan watan Yuli 12, (1993) wanda ya soke ta ba tare da wani dalili na doka ba.",False,24.168770332255328,supports,supports,False
afrifact_data_culture_yoruba_735,yoruba,"Ìwó tún ní àwọn agbègbè ìjọba ìbílẹ̀ mẹ́rin mìíràn, èyí tó yàtọ sí àwọn yòókù.",supports,afrifact_data_culture_yoruba_734,yoruba,"Iwo ti ní àwọn agbègbè ìjọba ìbílẹ̀ mẹ́rin si, àwọn ni: Iwo East, Olomowewe; Iwo West, Agberire; Ọla Oluwa South East, Ilemowu; Ayedire South East, Oluponna.",False,35.97507801456872,supports,supports,True
afrifact_data_culture_igbo_526,igbo,Mpaghara ndịda Anambara Steeti na na-eti mkpu banyere ike mbuze na-akpa na mpaghara ha kamgbe afọ 2011.,nei,afrifact_data_culture_igbo_424,igbo,"Mbaise bụ mpaghara dị na Imo Steeti na ndịda ọwụwa anyanwụ . N'etiti , mpaghara ahụ gụnyere ọtụtụ obodo na obodo ukwu. Ndị bi na ya bụ ndị agbụrụ, ndị jikọtara site na alụmdi na nwunye. Mbaise bụ mpaghara kacha nwee ọnụ ọgụgụ mmadụ n'Ebe Ọdịda Anyanwụ Afrịka; ọnụ ọgụgụ ndị bi na ya n'afọ 2006 bụ puku narị isii na iri nà otu, narị abụọ na anọ.",False,22.450533173251763,refutes,refutes,False
afrifact_data_culture_hausa_735,hausa,"Yahya Jammeh shugaba ne da aka yi masa shaidar nisantar aikata laifuka, musamman laifin cin zarafi.",refutes,afrifact_data_culture_hausa_735,hausa,"Babban sakataren TRRC Baba Jallow ya shaida wa BBC cewa binciken da hukumarsa ta kaddamar wata takwas da suka wuce zai mayar da hankali ne kan cin zarafin da ya faru a watan Satumba. ""Muna sane da zarge-zargen cin zarafi da ake yi wa Yahya Jammeh, amma har yanzu ba mu saurari wadanda abin ya shafa ba a hukumance",True,30.3338211325985,refutes,refutes,True
afrifact_data_culture_yoruba_594,yoruba,"Àwọn orúkọ méjì ni a pa pọ̀ tí ó fi di ""AJẸ́BU-OLÓDE"" èyí tí a mọ̀ sí ÌJẸ̀BÚ-ÒDE títí di òní.",supports,afrifact_data_culture_yoruba_593,yoruba,"Àwọn méjì tí ó jẹ́ akíkanjú jùlọ ìyẹn Ajẹbú àti Olóde ni a pa orúkọ wọn pọ̀ tí ó wá di “AJẸ́BU-OLÓDE” èyí tí à ń pè ní ÌJẸ̀BÚ-ÒDE títí di òní olóni yìí. Èdè Ìjẹ̀bu ni àwọn ẹ̀yà yìí máa ń sọ. A sì le rí wọn káàkiri ilẹ̀ Nàìjíríà. Àpẹẹrẹ àwọn ìlú tí a lè rí ni ẹkùn Ìjẹ̀bú ni Ìjẹ̀bú-Òde, Musin, Ata-Ìjẹ̀bú, Imọ̀pè, Òdo-Pótu, Àgọ́-Ìwòyè, Ìjẹ̀bú-Igbó, Orù, Awà, Ìlápòrú, Ìṣònyìn, Ìpàrí-Ńlá, Òdokálàbà, Ìdọwá, Merígò, Òdoogbolú, Ọ̀ṣọṣà àti bẹ́ẹ̀ bẹ́ẹ̀ lọ.",False,84.06505613036087,supports,supports,True
afrifact_data_culture_yoruba_348,yoruba,"Ìjínigbé àti ìwà ọ̀daràn ń pọ̀ si ní ìpínlẹ̀ Oǹdó, pàápàá jùlọ ní ìlú Ọ̀wọ̀.",supports,afrifact_data_culture_yoruba_348,yoruba,"Ọ̀pọ̀lọ̀pọ̀ ìgbà ni ìjínigbé ti wáyé ní ojú ọ̀nà ìlú Ọ̀wọ̀ sí Ìkàrẹ́-Àkókó. Alukoro fun ileeṣẹ ọlọpa nipinlẹ Ondo, Fẹmi Joseph sọ fun akọroyin BBC Yoruba, pe eniyan mẹta ni awọn ti wọn ji gbe lootọ, ṣugbọn ''ileeṣẹ ọlọpaa ko ti i le sọ boya Fulani lo ji wọn gbe nitori pe a ko ti i ri wọn'' tako iroyin to jade pe awọn fulani daran-daran lo ji wọn gbe. Bakan naa lo sọ ijinigbe ati iwa ọdaran gbogbo kiiṣe ọrọ ẹya tabi ẹsin. Ile isẹ ọlọpaa n gbe Ọrẹkunrin Khadijat rẹlẹ ẹjọ ni Ọjọ Aje ""Ọwọ wa tẹ awọn afurasi ajinigbe mẹjọ ni bi ọsẹ meji sẹyin, ko si si ẹya Fulani kankan lara wọn. Awọn mẹjọ naa si ti wa ni ihamọ nitori ọrọ wọn ti de ile ẹjọ."" Gẹgẹ bi ohun ti Joseph sọ, ọkan lara awọn mẹta ti wọn ji gbe jẹ olukọ ni ileewe gbogbonise Rufus Giwa to wa ni ilu Ọwọ nipinlẹ Ondo. Ọna to lọ si ilu Ipele nitosi Ọwọ ni wọn ti ji olukọ naa gbe.",True,35.6630235954869,supports,supports,True
afrifact_data_culture_igbo_257,igbo,"Nwankwo Kanu abụghị otu n'ime ndị egwuregwu ole na ole meriri Premier League, FA Cup, Champions League, UEFA Cup na Olympic Gold Medal.",refutes,afrifact_data_culture_igbo_257,igbo," Ọ bụ otu n'ime ndị egwuregwu ole na ole meriri Premier League, FA Cup, Champions League, UEFA Cup na Olympic Gold Medal.",True,140.8272084432391,supports,supports,False
afrifact_data_culture_yoruba_053,yoruba,Kò sí ẹ̀yà kankan tí ó ń jẹ́ Àkókó nínú àwọn ẹ̀yà Yorùbá.,refutes,afrifact_data_culture_yoruba_443,yoruba,"Igboho lo sọ ọrọ naa nibi ipade kan ti Ọjọgbọn Banji Akintoye, to jẹ aṣiwaju nilẹ Yoruba naa wa. O ṣalaye pe ko si nnkankan to n jẹ iṣọkan Naijiria mọ lẹyin ti eto abo ilẹ Yoruba mẹhẹ, ti ijọba apapọ ko si ri ohun kankan ṣe nipa rẹ. Bakan naa lo tun ṣalaye pe oun atawọn ikọ oun ti ṣetan lati koju awọn ọdaran Fulani lọna ati le wọn kuro ni gbogbo ilẹ Yoruba patapa. Gẹgẹ bo ṣe sọ, ""a o lọ ṣi awọn ẹnu ibode wa ti ijọba apapọ ti pa, a o si ṣigbogbo rẹ ki ounjẹ le maa wọle."" ""A kii ṣe ara Naijiria mọ, ọlọpaa ti wọn ba bi daa, ko da wa lọna tabi ko gbiyanju lati mu ẹnikẹni ninu wa, igba yẹn ni wọn yoo mọ pe ẹnu Yoruba ko."" Igboho sọ pe ko si anfani kankan ti ẹya Yoruba n ri ninu Naijiria gẹgẹ bii orilẹ-ede nitori gbogbo ipo to ṣe pataki ninu ijọba to wa lode yii ni Hausa n ṣakoso. O pari ọrọ rẹ pe digbi ni oun wa lẹyin awọn agbagba Yoruba lori igbesẹ wọn lati gba ominira kuro ni Naijiria.",False,26.192522218433268,supports,supports,False
afrifact_data_culture_igbo_286,igbo,Mahadum Imo steeti na nke Abia Steeti na-enweta enyemaka ego site n'aka ndị nne nke ụka Catholic na Anglịcan,nei,afrifact_data_culture_igbo_283,igbo,"N'afọ 1981, Sam Mbakwe hiwere mahadum Imo steeti. Ụlọ akwụkwọ ahụ dị na mpaghara e nyere n'afọ 1991 ma meekwa ya baptizim ọzọ nke Abia State University . Agbanyeghị, Mahadum Imo steeti nwetara ụlọ akwụkwọ ọhụrụ na ma ka dị.",False,37.25754676050875,supports,supports,False
afrifact_data_culture_igbo_462,igbo,Dora Akunyili jibu ọkwa daịrekụtọ jenaralụ n'ụlọ-ọru na-ahụ maka mmepụta na nkesa ọgwụ n'ụdị kwesịrị ekwesị n'ime Naịjirịa.,supports,afrifact_data_culture_igbo_462,igbo,"Ọ bụbu nnukwu onyeisi ntụziaka (nke a na-akpọ daịrekụtọ jenaralụ n'asụsụ Bekee) n'ụlọ-ọru na-ahụ na a na-emepụta nakwa na-ekekesa ọgwụ, ihe ọńụńụ na ihe oriri n'ụdị kwesịrị ekwesị.",True,58.80976661600772,supports,supports,True
afrifact_data_culture_yoruba_161,yoruba,Yóò tó bí ẹgbẹ̀rún mẹ́wàá ọdún sẹ́yìn ni àwọn èdè bẹ̀rẹ̀ sí ní yapa síra wọn lọ́tọ̀ọ̀tọ̀.,refutes,afrifact_data_culture_yoruba_162,yoruba,"Àwọn onímọ̀ èdè kan tilẹ̀ ti fi ìdí ọ̀rọ̀ múlẹ̀ pé láti orírun kan náà ni àwọn èdè bí Yorùbá, Kru, Banle, Twi, Ga, Ewe, Fon, Edo, Nupe, Igbo, Idoma, Efik àti Ijaw ti bẹ̀rẹ̀ sí yapa gẹ́gẹ́ bi èdè ọ̀tọ̀ọ̀tọ̀ tó dúró láti bí ẹgbẹ̀rún mẹ́ta ọ̀dún sẹ́yìn",False,39.02596379505576,supports,supports,False
afrifact_data_culture_hausa_009,hausa,Sojojin Najeriya sun nuna bajimta sosai a yaƙi da boko-haram.,nei,afrifact_data_culture_hausa_566,hausa,"A yawancin ƙasashe, ƙwararrun malamai ana biyan su kuɗi ne, don su koyawa ɗalibai na yau da kullun. Kalmar Malami na da fadi sosai, kuma tana nufin malamai na dukkan dabi'u gani a rayuwa misali; Malamin makarantar boko, Islamiyya, Addini da dai sauransu. ",False,15.769719653997354,refutes,refutes,False
afrifact_data_culture_hausa_003,hausa,Shugaban kasa Muhammadu Buhari ya je ziyarar aiki kasar China a shekar 2016.,nei,afrifact_data_culture_hausa_005,hausa,"Muhammadu Buhari (17 Disamba 1942 – 13 Yuli 2025) ne wanda ya yi mulkin ƙasar a matsayin daga 2015 zuwa 2023. Soja ne mai matsayi na majo janar a , kuma ya shugabanci ƙasar a matsayin daga 31 Disamba 1983 zuwa 27 Agusta 1985. Buhari ya tsaya takarar shugaban ƙasa a Najeriya a ƙarƙashin jam’iyyar a zaɓen shugaban ƙasa na 2003 da na 2007, sannan kuma a ƙarƙashin jam’iyyar Congress for Progressive Change (CPC) a zaɓen shugaban ƙasa na 2011",False,17.576932381353494,nei,nei,True
afrifact_data_culture_igbo_080,igbo,Nnadị Kanu gwara ndị Ipob ha aṅala ihe Wike na-ekwu ntị.,supports,afrifact_data_culture_igbo_080,igbo,Mana Nnadị Kanu gwara ha aṅala ntị.,True,49.99605147878967,supports,supports,True
afrifact_data_culture_hausa_133,hausa,Jam'iyyar APC ce ta tsayar da Sule Lamido takarar gwamnan jigawa a shekarar 2007.,refutes,afrifact_data_culture_hausa_138,hausa,"sule lamido yayi shekara takwas yana mulkin gwamna a jahar jigawa, ƙarƙashin jam’iyar PDP kuma ya nemi takaran shugaban ƙasa a shekara ta 2019.",False,35.27134598713033,refutes,refutes,True
afrifact_data_culture_hausa_169,hausa,Gwamna Shema ya samu lambar yabo ta girmamawa daga hukumar EFCC.,refutes,afrifact_data_culture_hausa_157,hausa,"Har ila yau,Shugaban Jamhuriyar Tarayyar Nijeriya ya ba shi lambar girmamawa ta Member Of The Order Of Niger (MON).",False,20.653370072533694,refutes,refutes,True
afrifact_data_culture_hausa_336,hausa,"Dambe ya samo asali ne daga al’adun gungun mahauta, wadanda su ne ke shiga gasa, suna ƙalubalantar sauran maza a yankinsu.",supports,afrifact_data_culture_hausa_331,hausa," A al'adance, ana gudanar da gasa tsakanin maza na gungun mahauta wadanda kuma za su kalubalanci maza daga masu sauraron kauyensu. An zana shi daga kananan kabilar Hausa wadanda su kadai ne za su iya yanka dabbobi da sarrafa nama, mahauta masu tafiya sun kafa gungiyoyin dambe daga darajarsu da ake kira ""runduna"".",False,59.68756319965546,supports,supports,True
afrifact_data_culture_yoruba_597,yoruba,Mínísítà fún ètò ìbánisọ̀rọ̀ ní Nàìjíríà tele ni Adebayo Shittu je. Ó sì wà lábẹ́ Ààrẹ tó wà nípò ní àkókò náà.,supports,afrifact_data_culture_yoruba_597,yoruba,"Adebayo Shittu jẹ́ minisita fún ètò ìbánisọ̀rọ̀ ní Nàìjíríà tẹ́lẹ̀ láàárín ọdún 2011 sí 2019 lábẹ́ Ààrẹ tẹ́lẹ̀ rí. Shittu lo rọpo gege bi minisita fun eto ibanisoro, Isa Ali Pantami lo tele.",True,68.70461719215508,supports,supports,True
afrifact_data_culture_hausa_398,hausa,Tarihin siyasar Musulunci ya shafi yadda ake fahimtar shugabanci da biyayya a cikin al’umma.,supports,afrifact_data_culture_hausa_494,hausa,"Duk da yake Imam Malik ya yi abubuwa da dama dan ci gaban musulunci a tarihin addinin amma mafi shaharar aikinsa shi ne littafinsa wato , ta kakasance tana daya daga cikin tsofaffi kuma mafi shaharar littafi da ta tattara hadisan manzon Allah na farko kafin almajirinsa dalibinsa ya wallafa , Muwatta Malik ta kasance daya daga cikin littafan farko na shari'a a musulunci",False,17.730026063805756,supports,supports,True
afrifact_data_culture_igbo_190,igbo,E nwere steeti iri abụọ na asatọ na Naijirịa.,nei,afrifact_data_culture_igbo_188,igbo,"N'ịme Naijirịa, ndị Ìgbò bi na steeti dum. ",False,16.362263889957354,supports,supports,False
afrifact_data_culture_yoruba_398,yoruba,NIN ò fi bẹ́ẹ̀ wúlò láti gba ìwé-ẹ̀rí fún ọkọ̀ wíwà.,refutes,afrifact_data_culture_yoruba_398,yoruba,"Wo àwọn nǹkan to tún nílò NIN fún yàtọ̀ fún ìforúkọsílẹ̀ síìmù Laipẹ yii ni ajọ to n risi ibaraẹnisọrọ ni Naijiria, NCC fi aṣẹ sita pe, gbogbo ọmọ Naijiria to n lo siimu ẹrọ ibaraẹnisọrọ, gbọdọ fi NIN kun iforukọsilẹ siimu wọn. Gbedeke ọsẹ meji pere si ni ajọ naa fi silẹ lati sẹ bẹ ẹ. Amọ yatọ si iforukọsilẹ siimu, awọn nnkan mii wa ti o tun nilo NIN rẹ fun gẹgẹ bii ọmọ Naijiria. Àwọn iròyin tì ẹ leè ní ìfẹ̀ síí: Apo asunwọn banki: Awọn banki ni Naijiria ma n gba NIN gẹgẹ bi ami idanimọ, ki wọn o to le ṣi apo asunwọn pẹlu wọn, tabi bẹrẹ si ni lo asunwọn ti o ko lo fun igba pipẹ pada. Iforukọsilẹ fun iwe irinna: Ajọ to n risi iwọle-wọde ni Naijiria ti sọ ọ di dandan fun ẹnikẹni to ba fẹ ẹ gba iwe irinna pasipọọti tuntun, tabi tun ti akọkọ ṣe, gbọdọ ṣe afihan NIN rẹ ko to o di ṣisẹ. Iwe aṣẹ fun ọkọ wiwa: Ajọ ẹṣọ oju popo, FRSC, naa ti n beere fun NIN lọwọ ẹnikẹni to ba fẹ ẹ gba laisẹnsi gẹgẹ bi awakọ.",True,28.57433631863424,supports,supports,False
afrifact_data_culture_igbo_158,igbo,"Ákàrà nsibiri dị puku, nke há mà dị 500 nke ha détùrù",supports,afrifact_data_culture_igbo_158,igbo,"nsibiri dị puku, nke há mà dị 500 nke hé détùrù. Hé zì",True,71.1859568032651,supports,supports,True
afrifact_data_culture_yoruba_349,yoruba,Àwọn ọmọ ẹgbẹ́ Ebila gbìyànjú láti fi àdá ṣá Ekugbemi àmọ́ àdá náà ò ràn án àfi ìgbà tí wọ́n ṣe nǹkan sí ara àdá náà.,nei,afrifact_data_culture_yoruba_653,yoruba,"Ẹ̀sìn Búddà Ìgbàgbọ́ ìbílẹ̀ fi han wí pé a bi Budda si ìdílé Ọba ni Orílé-èdè . Nítorí náà, àwọn àwòràwọ̀ wí pé ní ìlú èyí tí o ti di òrìṣà àkúnlẹ̀bọ ní ìlú “India” ni a gbé bí i. O jẹ́ ọmọ ẹbí Orùkọ bàbá rẹ ni A bí Budda nínú ìdílé Ọba. Orúkọ ìyá rẹ ni Kò si ẹni ti o mọ àkọsílẹ̀ ọjọ́ ibi rẹ̀ pàtó tàbí ti o ni àkọsílẹ̀ rẹ̀. Olúkúlùkù kan ńsọ àwọn ọjọ́ ti wọn rò pe o le jẹ́ ni nítorí kò si àkọsílẹ̀ kan pàtó ti a le tọka sí.",False,43.231711621041946,supports,supports,False
afrifact_data_culture_igbo_088,igbo,"I rie ji a sụrụ asụ na ofe nsala, ị gaghị achọzị osikapa a i na-eri.",nei,afrifact_data_culture_igbo_095,igbo,"Osikapa bụ otu nri ọ na-abụ ego kọgodu gị elu kọọ gị ala, e nwee etu i si hụ obere ego jiri gote ya, ị ga-atụkwasịnwu ya ihe ọbụla were rie ya.",False,29.18508497426281,supports,supports,False
afrifact_data_culture_yoruba_539,yoruba,Àìbìkítà awakọ̀ yìí ló mú kí àwọn ajínigbé rí Rẹ̀mí àti àwọn ènìyàn tó kú tó wà nínú ọkọ̀ náà mú.,refutes,afrifact_data_culture_yoruba_346,yoruba,"""Ọpọlọpọ nkan lati n ṣe bayii lati ri i pe ọrọ ijinigbe di afisẹyin ti eegun n fiṣọ. Ati fi kun awọn ọlọpa to n duro loju ọna. Bakan naa ni a ti pe awọn miran ti kii ṣe ọlọpa mọra lati ran wa lọwọ. Ohun ti a fẹ lati ọdọ araalu ni pe ki wọn maa ta wa lolobo, gbadura fun wa, ki wọn si mu suuru diẹ fun wa, ao ṣiṣẹ naa bi iṣẹ A ko mọ boya awọn ajinigbe ti kan si awọn mọlẹbi awọn ti wọn ji gbe, nitori ileeṣẹ ọlọpa kii lọwọ si. Idi ni pe ọpọlọpọ ọdaran yoo maa lo anfaani pe ileeṣẹ ọlọpa faaye gba sisan owo fun ajinigbe lati maa ṣiṣẹ ibi. Ti a ba fun ẹnikan lowo loni, ẹlomii yoo tun wo awokọṣe naa lati ji ẹlomiran gbe. A si maa n rọ awọn araalu lati fi to wa leti ti awọn ajinigbe ba kan si wọn, ṣugbọn o ṣeni laanu pe mọlẹbi awọn ti wọn ba ji gbe kii ṣọ fun wa lasiko ti wọn ba kan si wọn tabi san owo itusilẹ.""",False,43.37510962157141,supports,supports,False
afrifact_data_culture_hausa_353,hausa,Ahmed Musa ya zura ƙwallaye biyu a wasan Najeriya da Argentina a gasar cin kofin duniya ta 2014.,supports,afrifact_data_culture_hausa_352,hausa,"Ahmad Musa ya zama ɗan na farko da ya ci fiye da ɗaya a gasar cin kofin duniya wato , bayan da yaci Argentina kwallaye biyu a gasar cin kofin duniya ta shekara dubu biyu da goma sha huɗu (2014). Ahmad Musa shine Ɗan na farko da ya zura kwallo a gasar cin kofin duniya ta guda biyu, bayan ya zura kwallaye biyu a ragar Iceland a matakin rukuni na .",False,72.64557564293823,supports,supports,True
afrifact_data_culture_igbo_525,igbo,Ndị ji ọkwa Dọvanọ na Naịjirịa na-enye ndị ọka ike aka azụ ka ha kwụnyere ha mgbe ha na-ekpe ikpe.,nei,afrifact_data_culture_igbo_718,igbo,"Onyeisi ndị uweojii na Anambra steeti bụ John Abang ewkusiela ike na ya ga-enye aka ka Anambra steeti bụrụ kpoo na-nchekwa. O kwukwara na ha ga akpalite ""Operation Puffadder i ji chụpụ ndị otu nzuzo,ndiohi ma ọkachasị ndị ntọrị.""",False,33.43748022840753,refutes,refutes,False
afrifact_data_culture_igbo_708,igbo,Na Steeti Ebonyi Mary Udumeke na-agba mbọ ịhụ na a kwụsị ibi ụmụnwaanyị ugwu na steeti ya. Ọ na-agba mbọ ịhụ na iwu kwadoro nke a. Steeti Abịa na Imo ebinyebeghi aka na nkwado iwu a.,supports,afrifact_data_culture_igbo_707,igbo,"Mary Udumeke bụ nwaanyị na-agba mbọ ịkwụsị ibi nwaanyị ugwu n'Ebonyi steeti Ọ dịzi n'aka ndị omeiwu steeti dị icheiche ibinye aka n'iwu a ka o wee dị ire na steeti ha. Mana a bịa na mpaghara Ọwụwa Anyanwụ, naanị Abia na Imo steetị bụ ndị ebinyebeghị aka n'iwu a bụ 'Violence Against Persons Prohibition Act'. ",False,92.32812119469344,supports,supports,True
afrifact_data_culture_yoruba_496,yoruba,"Àwọn ọmọdé fẹ́ràn láti máa yí kẹ̀kẹ́, wọ́n sì máa ń ṣe láti orí ẹnìkan sí èkejì ni, títí yóò fi kárí àwọn tókù.",nei,afrifact_data_culture_yoruba_497,yoruba,"Awọn ere idaraya yii ma n jẹ ki ifẹ gbooro si laarin awọn ewe ati ọdọ ni agboole si agboole, ati wi pe, o ma n wu awọn ọmọde naa lati tete dagba ni kiakia, nitori naa ni wọn ṣe n ṣe awọn ere ohun. Erebọọlu lo pọ ju laarin awọn ọmọkunrin gẹgẹ bi ere ṣiṣe, amọ awọn ere ọmọde wọnyiii wa ti wọn tun kundun lati ma a ṣe, paapaa ti wọn ba de lati ile iwe ati labẹ osupa lalẹ ti wọn ba de ile. Awọn ere ọmọde to wọpọ laye igba kan: Ere Tẹ́ntẹ́: Ti wọn ba fẹ ṣe ere yii, awọn ọmọdebinrin a kọju si ara wọn, wọn a si ma a patẹwọ, ti wọn a si maa gbe ẹsẹ wọn bakan naa si orin Tẹ́ntẹ́ ti wọn ba n kọ.",False,52.43132156088348,supports,supports,False
afrifact_data_culture_yoruba_071,yoruba,Olóyè Ògúnwán̄dé Abím̄bọ́lá jẹ́ akọ́ṣẹ́mọṣẹ́ dókítà alábẹ́rẹ́ ní ilé ìwòsàn UCH ní ìlú Ìbàdàn.,refutes,afrifact_data_culture_yoruba_071,yoruba,"Chief Ògúnwán̄dé Abím̄bọ́lá Ọjọ́ ìbí 24 Oṣù Kejìlá 1932 ( 1932-12-24 ) (ọmọ ọdún 92) ọ̀yọ́, Iṣẹ́ olórí ẹsìn, ònímọ̀-àgbà fásitì, ati Alma mater Wándé Abímbọ́lá (ọjọ́ ìbí 26, 1932 ní. ìlú , ) ó jẹ́ olùkọ́ lítírésọ̀ ní ẹ̀ka-ẹ̀kọ́ Èdè àti Lítírésọ̀ Aáfíríkà ní ní , Nigeria. Ó jẹ́ olórí ẹ̀ka-ẹ̀kọ́ yìí fún ọjọ́ pípé kí ó tó wá di 'Dean Faculty of Arts' ní ilé-ẹ̀kọ́ kan náà.",True,27.063614393026715,supports,supports,False
afrifact_data_culture_igbo_736,igbo,Nje Ebola abatala Czech Republic. Onyeisiala mba Czech Republic  gwara ndị BBC nke a.,nei,afrifact_data_culture_igbo_733,igbo,N'ofesi Otu onye oji egbe agbagbuola ihe ruru mmadụ isii n'otu ụlọọgwụ dị na mba Czech Republic ma gbagbuo onwe ya n'akụkọ ebe ahụ. Ndị uweojii hụrụ ozu nwoke a dịka ọ tọgbọ site n'ọnya egbe ọ gbara onwe ya n'isi.,False,34.35069905844099,refutes,refutes,False
afrifact_data_culture_yoruba_014,yoruba,Orílẹ̀-èdè Brazil kò ní ìbátan pẹ̀lú àwùjọ àwọn Aláwọ̀ dúdú.,refutes,afrifact_data_culture_yoruba_016,yoruba,"Fún ìdí èyí, a lè sọ pé Òrìṣà Aganju ni àjọṣe pẹ̀lú àwọn Òkè Ńláńlá Ilé Cuba, tí a bá sì wò ọjọ́ orí wón tàbí ìgbà tí wọ́n ti wà, a máa tó Ọgọ́rùn-ún ọdún sẹ́yìn. A tún lè sọ pé Ìbínú Òrìṣà Aganju wá ní ìbámu tàbí ní àjọṣe pẹ̀lú OroIna tí ó jẹ́ Òrìṣà kan nílé Cuba tí àwọn Yorùbá gba pe òun ni Ọ̀rànmíyán ni èdè Yorùbá Candomblé [ | ] Ní orílẹ̀ èdè Brazil tí wọ́n ni ìbátan pẹ̀lu àwọn aláwọ̀ dúdú tí Ìsìn wọn fẹ́ jọ tí , Wọ́n gbà pé Aganju a máa ṣé bí ti Òrìṣà Ṣàǹgó, èyí ló mú wọn kí wọn máa pè é ní Xango Aganjú ",False,24.91413873470372,supports,supports,False
afrifact_data_culture_yoruba_625,yoruba,Gbogbo ẹrú pátá ni kò ní ìbọ̀wọ̀ fún nítorí pé ó jẹ́ ohun ìtìjú.,nei,afrifact_data_culture_yoruba_789,yoruba,"Ìsìlámù ni ẹ̀sìn tí ó ṣe pé ìmọ̀-Ọlọ́hun ni (al- Taoheed) ní ìpìl̀ẹ rè, òdodo ni òpó rẹ̀, ó dá lórí déédé,otito. Òhun sì ni ẹ̀sìn tí ó gbópọn tí ó jẹ́ pé ó ń darí gbogbo ẹ̀dá sí ibi gbogbo ohun tí yó̀o jẹ́ ànfààní fún wọn ní ọ̀run àti ayé wọn. Bẹ́ẹ̀ náà ni ó sì tún ń kì wọ́n nílọ̀ nípa gbogbo ohun tí yó̀o ṣaburú fún wọn yálà láyé ni tàbí ni ọ̀run.",False,25.31827336602048,supports,supports,False
afrifact_data_culture_yoruba_313,yoruba,Neo àti Vee nìkan ni olólùfẹ́ méjì tí idà Big Brother kò tí ì bẹ́ ìrẹ́pọ̀ wọn sí méjì.,nei,afrifact_data_culture_yoruba_348,yoruba,"Ọ̀pọ̀lọ̀pọ̀ ìgbà ni ìjínigbé ti wáyé ní ojú ọ̀nà ìlú Ọ̀wọ̀ sí Ìkàrẹ́-Àkókó. Alukoro fun ileeṣẹ ọlọpa nipinlẹ Ondo, Fẹmi Joseph sọ fun akọroyin BBC Yoruba, pe eniyan mẹta ni awọn ti wọn ji gbe lootọ, ṣugbọn ''ileeṣẹ ọlọpaa ko ti i le sọ boya Fulani lo ji wọn gbe nitori pe a ko ti i ri wọn'' tako iroyin to jade pe awọn fulani daran-daran lo ji wọn gbe. Bakan naa lo sọ ijinigbe ati iwa ọdaran gbogbo kiiṣe ọrọ ẹya tabi ẹsin. Ile isẹ ọlọpaa n gbe Ọrẹkunrin Khadijat rẹlẹ ẹjọ ni Ọjọ Aje ""Ọwọ wa tẹ awọn afurasi ajinigbe mẹjọ ni bi ọsẹ meji sẹyin, ko si si ẹya Fulani kankan lara wọn. Awọn mẹjọ naa si ti wa ni ihamọ nitori ọrọ wọn ti de ile ẹjọ."" Gẹgẹ bi ohun ti Joseph sọ, ọkan lara awọn mẹta ti wọn ji gbe jẹ olukọ ni ileewe gbogbonise Rufus Giwa to wa ni ilu Ọwọ nipinlẹ Ondo. Ọna to lọ si ilu Ipele nitosi Ọwọ ni wọn ti ji olukọ naa gbe.",False,34.72575137492748,supports,supports,False
afrifact_data_culture_yoruba_526,yoruba,Davido fi ọkọ̀ Porsche ṣe ayẹyẹ ọjọ́ ìbí fún Chioma,nei,afrifact_data_culture_igbo_551,igbo,Davido kọwara na ọ bu dịka o si njem Lọndọn lọta were mee nyocha ka ha chọpụtara na Chioma bụ coronavirus. Nwa ha nwoke ebughị ya bụ ọrịa. O kwuru na-ahu siri Chioma ike dịka o dopụrụ onwe ya ma na anata ọgwụgwọ.,False,15.63201899615072,refutes,refutes,False
afrifact_data_culture_hausa_388,hausa,Wasu yankuna a Arewacin Najeriya  ko soke al'adar lefe saboda suna ganin baya da wani amfani,nei,afrifact_data_culture_hausa_385,hausa,"A cikin lefe akwai kayayyakin amfani iri daban-daban ga wasu daga ciki: Atampa Leshi Shadda Hijabai Gyale Takalma Dan kunne Sarka Yan ciki Kayan bacci. Da dai sauransu. Kalubale [ | ] Duk da muhimmanci da alfanun dake cikin al'adar, wasu suna ganin lefe a bangaren su baida wani alfanu duba da yadda tunanin lefe kan kange wasu matasan daga yin aure zuwa tsawon lokaci.",False,40.82950036810751,supports,supports,False
afrifact_data_culture_hausa_672,hausa,"Wasa ƙwaƙwalwa da kacici-kacici ana yin sune ta sigar tambaya ko magana a zube, sai dai kawai kacici-kacici ana cewa ""Kacici-Kacici"" a farko.",supports,afrifact_data_culture_hausa_669,hausa,"Tsari [ | ] Kacici-kcici yana da alaqa da wasa kwakwalwa, amman galibi suna da bambamci, wasa kwakwalwa ana yinshi ta sigar tambaya ko magana a zube,wanda shima kacici-kacici haka yake,sai dai kawai kacici-kacici ana cewa “Kacici-Kacici” idan za ayi,shi kuma wasa kwakwalwa farawa kawai akeyi. ",False,144.97944196376682,supports,supports,True
afrifact_data_culture_yoruba_246,yoruba,Ìlú Àkókó jẹ́ ìlú kan tí ó kalẹ̀ sí agbègbè Àríwá àti Ìlà oòrùn ìpínlẹ̀ Oǹdó.,supports,afrifact_data_culture_yoruba_347,yoruba,"Ọ̀pọ̀lọ̀pọ̀ ìgbà ni ìjínigbé ti wáyé ní ojú ọ̀nà ìlú Ọ̀wọ̀ sí Ìkàrẹ́-Àkókó. Alukoro fun ileeṣẹ ọlọpa nipinlẹ Ondo, Fẹmi Joseph sọ fun akọroyin BBC Yoruba, pe eniyan mẹta ni awọn ti wọn ji gbe lootọ, ṣugbọn ''ileeṣẹ ọlọpaa ko ti i le sọ boya Fulani lo ji wọn gbe nitori pe a ko ti i ri wọn'' tako iroyin to jade pe awọn fulani daran-daran lo ji wọn gbe. Bakan naa lo sọ ijinigbe ati iwa ọdaran gbogbo kiiṣe ọrọ ẹya tabi ẹsin. Ile isẹ ọlọpaa n gbe Ọrẹkunrin Khadijat rẹlẹ ẹjọ ni Ọjọ Aje ""Ọwọ wa tẹ awọn afurasi ajinigbe mẹjọ ni bi ọsẹ meji sẹyin, ko si si ẹya Fulani kankan lara wọn. Awọn mẹjọ naa si ti wa ni ihamọ nitori ọrọ wọn ti de ile ẹjọ."" Gẹgẹ bi ohun ti Joseph sọ, ọkan lara awọn mẹta ti wọn ji gbe jẹ olukọ ni ileewe gbogbonise Rufus Giwa to wa ni ilu Ọwọ nipinlẹ Ondo. Ọna to lọ si ilu Ipele nitosi Ọwọ ni wọn ti ji olukọ naa gbe.",False,33.528058123708675,supports,supports,True
afrifact_data_culture_igbo_062,igbo,Oyi bụ ebe obibi nke ndị Oyi,supports,afrifact_data_culture_igbo_062,igbo,Ọ bụ ebe obibi nke ndị Oyi.,True,41.98252591215086,supports,supports,True
afrifact_data_culture_igbo_404,igbo,"Ndị e ji egwu Igbo haịlaịf kacha mara gụnyere Chiifụ Stephen Osita Ọsadebe, Oliver De Coque, Ali Chukwuma, , Sir Warrior, Oriental Brothers, Ikem Mazeli.",supports,afrifact_data_culture_igbo_403,igbo,"Otu onye n’ime ndị kachasị edee egwu mana emepụta egwu a bụ Chiifụ Stephen Osita Ọsadebe onye ọrụ ya ruru afọ iri anọ ma gafee. Ihe nkiri Osadebe gụnyere ọtụtụ egwu ama ama gụnyere egwu ""1984 ""Ọsọndị Owendị"" nke bugoro ya na ọkwa ụwa dịka onye mbụ bidoro Igbo haịlaịf . Ọ kwe ukwe na ọ kpọọ jita Oliver De Coque, bụ ""onye a gụnyere dịka otu n'ime ndị eji ama atụ na onye isi nkenkepụ n'egwu ọgbara ọhụrụ ama ama."" Coque bụ onye kpatara owuwu Igbo haịlaịf na nkanka. N'ime egwu ya ama ama bụ ""Biri Ka Mbiri"", ""Ana Enwe Obodo Enwe"", ""Nnukwu Mmanwu"" na ""Identity"", ha niile rụpụtara ọfụma na 1980 niile. Ndị ọzọ na-eme ihe nkiri n'oge gara aga n'ụdị a bụ ndị nyere nnukwu onyinye na mmepe ya bụ, Ali Chukwuma, , Sir Warrior, , Nico Mbarga, Oriental Brothers, Isaac Rogana Ottah, Ikem Mazeli.",False,79.67620229990106,supports,supports,True
afrifact_data_culture_igbo_768,igbo,Ego mmefu na ego mbite Gọọmentị na-arị elu mana akpaego gọọmentị erubeghi ihe ihe o kwesịrị kemgbe afọ 2025. Nke a egbochighi onyeisiala Naịjirịa ikele ụlọọrụ na-elekọta ụgwọ ụtụ maka iwulite ọnọọgụgụ ndị na-atụ ụtụ.,supports,afrifact_data_culture_igbo_765,igbo,"Mmefu ego gọọmentị na ịkwụghachi ego mbite na-arị elu mana ego dị n'akpaego obodo ejirila pasentị 45 ghara iru ihe o kwesiri kemgbe afọ 2015. N'agbanyeghi nke a, onyeisiala Naịjirịa ebunyela ụlọọrụ na-elekọta ụgwọ ụtụ isi ukpa ekele maka iwulite ọnụ ọgụgụ ndị na-akwụ ụgwọ ụtụ isi kemgbe afọ 2015.",False,132.8247137192793,refutes,refutes,False
afrifact_data_culture_igbo_214,igbo,Okigbo bi ndụ ya niile n'ọdụ ahịa.,supports,afrifact_data_culture_igbo_211,igbo,Okigbo ji afọ ndụ ya niile na-agagharị na ọdụ.,False,36.1985265770392,refutes,refutes,False
afrifact_data_culture_igbo_625,igbo,Henrietta Yakubu gwara ndị na-eme njem ụgbọelu ka ha na-eyichi ahụ ha nke ọma maka oyi.,refutes,afrifact_data_culture_igbo_629,igbo,"Kama dịka ọ dị ugbua, gọọmentị na-eme njikere ịwepụ mmachị amachiri njem ụgbọelu. Onyeisi na-ahụ maka mmekọ na-etiti ụlọọrụ nke ngalaba na-ahụ maka ọdọ ụgbọelu bụ Federal Airports Authority of Nigeria (FAAN) aha ya bụ Henrietta Yakubu zara ụfọdụ ajụjụ na ụfọdụ ihe ndị mmadụ chọrọ ị ma maka njem ụgbọelụ n'oge a.",False,42.3794653776865,supports,supports,False
afrifact_data_culture_hausa_012,hausa,Sojoji ne suka hamɓarar da gamnatin Shehu Shagari a shekarar 1983.,supports,afrifact_data_culture_hausa_009,hausa,"Shehu Shagari ya zama a watan Oktoban shekara ta alif dari tara da Saba'in da tara (1979), inda yayi mulki har zuwa Disamban shekara ta alif da dari tara da tamanin da uku (1983), wanda sojoji suka kwace mulki a hunnunsa, a jagorancin . Shehu Shagari shine shugaban Najeriya da ya hau mulki ta sanadiyar zaɓe na farko.",False,31.910688236589195,supports,supports,True
afrifact_data_culture_yoruba_630,yoruba,"Bí a bá n sọ̀rọ̀ nípa Ìsàlẹ̀ Èkó, oríṣi afárá ńlá ńlá mẹ́tà ló ní tí ó fi já pọ̀ mọ́ mainland. Àwọn afárá wọ̀nyí ni, afárá kìíní, afárá kejì, àti afárá kẹta.",supports,afrifact_data_culture_yoruba_630,yoruba,"Ìsàlẹ̀ Èkó (Lagos Island) ni ó já pọ̀ mọ́ mainland ní ọ̀nà mẹ́ta pẹ̀lú àwọn afárá méta (1st-3rd mailand bridge). tí ó tóbi tó nà kọjá lórí afonífojì Èkó tí ó fi dé Èbúté Mẹ́ta. Bákan náà ni ó tún já pọ̀ mọ́ agbègbè tí ó sún mọ bíi: Ìkòyí sí Victoria Island, tó fi dé ibùdókò ọkọ̀ ojú-omi ti Àpápá tí ó dajú kọ apá ìwọ̀ Oòrùn erékùṣù náà,",True,80.43245446649772,supports,supports,True
afrifact_data_culture_yoruba_147,yoruba,Ibrahin àti Ismael gbà wọ́n sì juwọ́ jusẹ̀ fún Ọlọ́run wọn Allah.,supports,afrifact_data_culture_yoruba_792,yoruba," jẹ́ ẹ̀sìn àlááfíà,ìrọ̀rùn àti ìjupá-jusẹ̀ sílẹ̀ fún Ọlọ́run aṣẹ̀dá gbogbo ayé nípa ṣ́iṣe ìfẹ́ àti títèlé àṣẹ rẹ̀ yálà o tẹ́ ọ lọ́rùn tàbí kò tẹ́ ọ lọ́rùn. Ó tún jẹ́ ẹ̀sin tí Ọlọ́run tún fi ránṣẹ́ sí gbogbo ayé látọwọ́ àwọn òjíṣ̣́e rẹ̀ tó ti rán wá ṣáájú ànọ́bì ọmọ Abdullah (kí ìkẹ́ àti ọlà Ọlọ́hun ó ma bá a). ",False,20.445604579995432,supports,supports,True
afrifact_data_culture_igbo_562,igbo,Ndị Anambra East gwara ndị gọọmentị Steeti Anambra ka ha gbatara ha ọsọ enyemaka n'ihi na agụọ na mmiri adịghị ọcha na-achọ ikpochapụ ndụ ha.,nei,afrifact_data_culture_igbo_561,igbo,Ndị mpaghara Anambra-East akwaala arịrị n'ihi enweghi ndị ọrụ ahụike n'ụlọọrụ ahụike ha dị icheiche ma rịọ ka e zitere ha ndị dọkịta ji otu afọ efe ala nna ha. Ha rịọrọ nke a site n'ọnụ onyeisioche ha bụ Orji Okafor n'emume ọpụpụ ndị ji otu afọ efe ala nna ha e zitere ebe ahụ.,False,40.09954985770639,supports,supports,False
afrifact_data_culture_yoruba_373,yoruba,Ìròyìn fi lélẹ̀ pé Ààrẹ Muhammadu Buhari ti dé sí Gbọ̀gàn ìdìbò,nei,afrifact_data_culture_yoruba_701,yoruba,"Muhammadu Buhari (tí wọ́n bí ní Ọjọ́ ketàdínlógún, Oṣù Kejìlá Odún 1942 o si ku ni Oṣu Keje ọjọ 13, Ọdun 2025) olóṣèlú tí ó jẹ́ Ààrẹ orílè-èdè láàrin ọdún 2015 sí ọdún 2023. Ó lo ṣáà àkọ́kọ́ rẹ̀ láàrin odún 2015 sí 2019 àti kejì láàrin ọdún 2019 sí 2023 .",False,17.69910976727788,supports,supports,False
afrifact_data_culture_yoruba_501,yoruba,"Sheik Muideen Ajani Bello ló wàásù níbí ìsìnkú Ajimobi, tí ó sì gbóríyìn fún Ajimobi gẹ́gẹ́ bí ẹni tí ó bẹ̀rù Ọlọ́run, tí ó sì rọ gbogbo ènìyàn láti ronúpìwàdà, bẹ́ẹ̀ sì ni ó gbàdúrà pé kí Ọlọ́run san án fun gẹ́gẹ́ bí iṣẹ́ ọwọ́ rẹ̀.",supports,afrifact_data_culture_yoruba_499,yoruba,"Bakan naa, Sheik Muideen Ajani Bello, tii se oniwaasi agbaye to se waasi nibi akanse eto adura naa ni ijoko adura naa ti to fun waasi nikan. Bello ni ""ọpọ awọn fọnran aworan ti Ajimobi ti sọrọ silẹ nigba aye rẹ fihan pe, oloogbe naa kii se eeyan lasan, wolii Ọlọrun ni. Gbogbo ohun ti kaluku wa ba n se ni ka yipada, abi, ta a ni sọ."" O wa gbadura pe ki Ọlọrun kẹ Ajimọbi, ko gẹ ẹ, ko si san gbogbo laada to yẹ ko duro jẹ fun ninu saare. ""Iya ni ọpọ eeyan ti ko yin Ajimobi loju aye rẹ, amọ ti wọn n yin lẹyin to ku tan yoo jẹ niwaju Ọlọrun, nitori igba to wa laye lo yẹ ki wsn sọ daada nipa rẹ.""",False,73.92685903763456,supports,supports,True
afrifact_data_culture_yoruba_672,yoruba,Ìpínlẹ̀ Èkìtì tí ó wà ní apá ìwọ̀ oòrùn jẹ́ ìdásílẹ̀ pẹ̀lú àwọn ìpínlẹ̀ tuntun márùn-ún mìíràn.,supports,afrifact_data_culture_yoruba_672,yoruba,"Ìpínlẹ̀ Èkìtì jẹ́ ní apá ìwọ̀ oòrùn tí ó jẹ́ dídásílẹ̀ ní ọjọ́ kìíní oṣù ọwàwà, pẹ̀lú àwọn ìpínlẹ̀ tuntun márùn-rún mìíràn látọwọ́ ọ̀gágun . Èkìtì ti jẹ́ ìpínlẹ̀ olómìnira kí àwọn òyìnbó tó dé.",True,75.11898686823973,supports,supports,True
afrifact_data_culture_yoruba_490,yoruba,Alaga Hajj ni Naijiria ni inú wọn kò dùn sí bí Hajj kò ṣe ní wáyé ní ọdún 2020.,nei,afrifact_data_culture_yoruba_746,yoruba,"Gẹ́gẹ́ bí Ìtàn ti sọ, 1821 ni Ìjà tó fọ́ gbogbo Ìlú Ẹ̀gbá ti sẹlẹ̀. Ohun kékeré ló dá Ìjà sílẹ̀ láàárín àwọn òwu àti àwọn Ìjẹ̀bú ni ọjà Apòmù, Ogun Ọ̀yọ́ àti tí ifẹ̀ dà pọ̀ mọ́ ogun Ìjẹ̀bú láti bá Òwu jà. Àgbáríjọ ogun yìí dé ìlú àwọn Òwu ní tọ̀ọ̀ọ́tọ́ sùgbọ́n àwọn Òwu lé wọn padà títí wọ́n fi dé àárín àwọn Gbágùrá to wa ni Ìbàdàn. Inú àwọn Gbágùrá kò dùn sí è́yí wọ́n ti lérò pé ogun yóò kó àwọn Òwu.",False,24.790153318394896,refutes,refutes,False
afrifact_data_culture_yoruba_249,yoruba,Ilé ìwé Girama Badagry Grammar School ni wọ́n ti ṣe ayẹyẹ Àgbádá-rìgì tó kọjá.,supports,afrifact_data_culture_yoruba_248,yoruba,"Àjọ̀dún tí wọ́n ṣe kẹ́yìn wáyé nínú ọgb̀a ilé ìwẹ́ girama ìlú náà ìyẹn (Badagry Grammar School), Badagry, , Nàìjíríà. Ìtàn òwò ẹrú nílu Àgbádá-rìgì [ | ] Orúkọ tí ìlú náà ń jẹ́ lónìí (Badagry) ni wọ́n fà yọ láti inú iṣẹ́ àwọn ènìyàn ìlú náà. Lára iṣẹ́ náà ni: iyọ̀ ṣíṣe, ẹja pípa, iṣẹ́ àgbẹ̀. Bákan náà, àwọn mìíràn gbà wípé ìlú náà ni wọ́n fi sọrí ẹnìkan tí ó ń jẹ́ Agbedeh, ẹni tị ó jẹ́ gbajú-gbajà àgbẹ̀ nílu náà tí orúkọ oko rẹ̀ ń jẹ́ Àgbádá-rìgì, tí àwọn Èèbó amúnisìn padà yí sí (Badagry).",False,28.416214691337277,supports,supports,True
afrifact_data_culture_hausa_426,hausa,Sheikh Qaribullah ya auri mata biyu yana da shekaru ashirin da biyu.,supports,afrifact_data_culture_hausa_422,hausa,"Kuma haka rayuwa ta kasance a gare shi har ya kai ga ,kuma abin mamaki, ya auri mata biyu yana da shekaru ashirin da biyu a 1982. Kamar yadda ba a saba gani ba, da ban mamaki, ko da yake halal ne,kamar daura auren mata biyu a lokaci guda - a wani lokaci, sun yi zaman jituwa tare, na wani lokaci kafin shi, Sheikh Qareebullah, ya yi auren mata fiye da ɗaya na gaske. Wannan aure (salon auren mata fiye da daya ),ba kamar yadda yake ba, sai da ya haifa masa ‘ya’ya goma sha tara.",False,39.12641305374876,supports,supports,True
afrifact_data_culture_yoruba_018,yoruba,Ọ̀kan nínú àwọn nǹkan tí ó wọ́pọ̀ nínú àwùjọ àwọn elédè Spanish àti ẹ̀sìn àwọn Cuban ni Aganjú.,supports,afrifact_data_culture_yoruba_498,yoruba,"Awọn ere idaraya yii ma n jẹ ki ifẹ gbooro si laarin awọn ewe ati ọdọ ni agboole si agboole, ati wi pe, o ma n wu awọn ọmọde naa lati tete dagba ni kiakia, nitori naa ni wọn ṣe n ṣe awọn ere ohun. Erebọọlu lo pọ ju laarin awọn ọmọkunrin gẹgẹ bi ere ṣiṣe, amọ awọn ere ọmọde wọnyiii wa ti wọn tun kundun lati ma a ṣe, paapaa ti wọn ba de lati ile iwe ati labẹ osupa lalẹ ti wọn ba de ile. Awọn ere ọmọde to wọpọ laye igba kan: Ere Tẹ́ntẹ́: Ti wọn ba fẹ ṣe ere yii, awọn ọmọdebinrin a kọju si ara wọn, wọn a si ma a patẹwọ, ti wọn a si maa gbe ẹsẹ wọn bakan naa si orin Tẹ́ntẹ́ ti wọn ba n kọ.",False,45.27085106272166,supports,supports,True
afrifact_data_culture_yoruba_607,yoruba,Láàárín àwọn etíkun mẹ́ta ni Ìlú Badagry wà.,nei,afrifact_data_culture_yoruba_054,yoruba,"Àwọn ẹ̀yà Yorùbá Àkókó ni wọ́n kó ìdá ogún ó lé ẹ̀sún mẹ́ta (20.3%) nínú ìdá márùn ún tó lé ẹ̀sún meje (5.7%) ènìyàn tí wọn ń gbé ní . Ẹ̀Wẹ̀, agbègbè Àkókó ní ìjọba ìbílẹ̀ mẹ́rin, àwọn ni: , , àti , tí ó fi mọ́ tí ó wà ní àárín àti . Ilé ẹ̀kọ́ fásitì náà wà nílú Bákan náà ni ilé-ìwòsàn ti ìjọba ìpínlẹ̀ wà ní ìlú , nígbà tí ilé-ìwòsàn gbogbo-gbòò ti ìjọba náà wà ní ìlú àti ìlú .",False,18.39284930114469,supports,supports,False
afrifact_data_culture_igbo_117,igbo,Ọchịchị ime obodo a akaghị ịdị ire ma ọ bụrụ na ọ nweghị obodo mebere ya.,nei,afrifact_data_culture_igbo_120,igbo,"Obodo ndị mebere ọchịchị ime obodo bụ Akwu-Ukwu, Alor, Awka-Etiti, Ojoto, Nnokwa, Oba na Nnobi.",False,30.792245172096276,supports,supports,False
afrifact_data_culture_igbo_069,igbo,Ala Igbo bụ sọ mma.,nei,afrifact_data_culture_igbo_302,igbo,"Ọrụ ugbo chọrọ mmiri, aja di mma na ala di larịị.",False,12.552371522223892,supports,supports,False
afrifact_data_culture_igbo_503,igbo,"Ogwashi Uku dị na mpaghara Anaocha nke Anambara steeti ma nwee ihe erughị mmadụ puku iri ise, narị abụọ na iri atọ na anọ.",refutes,afrifact_data_culture_igbo_503,igbo,"Ogwashi Uku , bụ obodo Igbo na . Ọ dị na ọdịda anyanwụ nke isi obodo steeti, Asaba ma bụrụ isi ụlọ ọrụ gọọmentị ime obodo, Aniocha South . Ndị bi na Ọgwashi-Ukwu dị ihe dị ka puku iri ise, narị abụọ na iri atọ na anọ. Ọnụ ọgụgụ ya abawanyela nke ukwuu. Ọ bụ na mpaghara Anioma nke Delta steeti, ndị na-asụ Igbo na ndị obodo ya bụ ndị Enuani . ",True,60.45793267396556,supports,supports,False
afrifact_data_culture_igbo_488,igbo,N'ụlọ ọba ego ka Peter Obi na-arụ ọrụ tupu ọ banye na ndọrọ ndọrọ ọchịchị,supports,afrifact_data_culture_igbo_487,igbo,Obi bụ onyeisi oche nke Fidelity Bank tupu ọ hapụ ọnọdụ ahụ ịbanye na ndọrọ ndọrọ ọchịchị.,False,36.50833713482236,supports,supports,True
afrifact_data_culture_hausa_005,hausa,Muhammadu Buhari ya yi mulkin Nigeria a matsayin shugaban kasa na farar hula daga shekara 2015 zuwa shekarar 2023.,supports,afrifact_data_culture_hausa_005,hausa,"Muhammadu Buhari (17 Disamba 1942 – 13 Yuli 2025) ne wanda ya yi mulkin ƙasar a matsayin daga 2015 zuwa 2023. Soja ne mai matsayi na majo janar a , kuma ya shugabanci ƙasar a matsayin daga 31 Disamba 1983 zuwa 27 Agusta 1985. Buhari ya tsaya takarar shugaban ƙasa a Najeriya a ƙarƙashin jam’iyyar a zaɓen shugaban ƙasa na 2003 da na 2007, sannan kuma a ƙarƙashin jam’iyyar Congress for Progressive Change (CPC) a zaɓen shugaban ƙasa na 2011",True,42.04135360869868,supports,supports,True
afrifact_data_culture_igbo_156,igbo,Ndị Ideato South bụ ndị na-emepụta ihe a na-ere ere na nke a na-eri eri,supports,afrifact_data_culture_igbo_155,igbo,Ndị Ideato South bụ ndị ọrụ ugbo na-emepụta ihe ụgbọ a na-ere ere nakwa nke a na-eri eri.,False,78.1447399532806,supports,supports,True
afrifact_data_culture_yoruba_333,yoruba,"Ìgbẹ̀mí ara-ẹni pọ̀ gidi gan-an ní orílẹ̀-èdè Amẹ́ríkà, ìwádìí sì fi lélẹ̀ pé èyí wọ́pọ̀ láàárín àwọn ènìyàn tó ti fìgbà kan ni àìsàn ọpọlọ.",supports,afrifact_data_culture_yoruba_556,yoruba,"Garri flour Cooked garri ( ) on a plate in Cameroon Whole cassava tubers Peeled cassava pieces Ní ẹkùn ìwọ̀ oòrùn , gaàrí (tí a tún mọ̀ sí gari , galli , tàbí gali ) ó jẹ́ ìyẹ̀fun tí a rí láti ara ẹ̀gẹ́. Nínú èdè , gaàrí túmọ̀ sí ìyẹ̀fun ti , , , , , àti . Fún àpẹẹrẹ, garin dawa jẹ́ èyí tí a rí láti ara , garin masara àti garin alkama jẹ́ èyí tí a rí láti àti wíìtì bákan náà, nígbà tí garin magani jẹ́ irinṣẹ́ ìyẹ̀fun. A máa ń pò ó papọ̀ mọ́ omi tútù àti omi gbígbóná ní àwọn orílẹ̀-èdè kan ní ilẹ̀ bíi: , , , , , àti . Ẹ̀gẹ́, èyí tí ó jẹ́ egbò tí a ti rí gaárí , ó kún fún àwọn èròjà tí ó pọ̀. Gaàrí tún fara jọ tí orílẹ̀-èdè , tí wọ́n máa ń lò láti pèsè àwọn onírúurú oúnjẹ, pàápàá jùlọ ní Ìpínlẹ̀ . Bí a ṣe ń ṣe é [ | ] Process of garri making Láti ṣe ìyẹ̀fun gaàrí , a máa wú , bẹ ẹ́, lẹ́yìn náà ni a máa fọ̀ ọ́ tónítóní kí á tó gún un. A le fi òróró sí i kí a tó dà á sínú àpò, lẹ́yìn náà ni a máa gbé e sí abẹ̀ ẹ̀rọ tí a fi máa fún un fún wákàtí kan sí wákàtí mẹ́rìnlélógún láti fún àwọn omi tí ó wà lára rẹ̀. Lẹ́yìn tí ó bá gbẹ tán ni a máa yan án nínú agbada ńlá, a le fi òróró sí i tàbí kí a má fi sí i. Lẹ́yìn èyí ni ó máa fún wa ní Gaàrí, a le rọ́ pamọ́ fún ọjọ́ pípẹ́. A le gún un lódó tàbí kí á lọ̀ ọ́ lẹ́rọ láti fún wa ní ìyẹ̀fun. Gaàrí pín sí oríṣiríṣi, lébú, èyí tí kò kúná àti èyí tí kò kùnà púpọ̀, èyí tí a le lò láti ṣe onírúurú oúnjẹ.",False,50.88060686015871,refutes,refutes,False
afrifact_data_culture_yoruba_638,yoruba,"Síbẹ̀, ìgbàgbọ́ wọn nípa Jésù ò yàtọ̀ síra nítorí gbogbo wọn ló gbà pé olùgbàlà ni Jésù.",refutes,afrifact_data_culture_yoruba_638,yoruba,Onírúurú ìjọ onìgbàgbọ́ ló ní orísìírísìí ìtumọ̀ fún bibeli torí ìdí eyi onírúrú ìlànà èsìn ni ìjọ kọ̀ọ̀kan ní. Àtí pé ìgbàgbọ wọn nípa ohun tí Jésù jẹ́ yàtọ̀ díèdíẹ̀ síbèsíbè gbogbo wọn gbà pé olùgbàlà ni Jésù.,True,70.16223495223454,supports,supports,False
afrifact_data_culture_yoruba_296,yoruba,"Ìjọba ìpínlẹ̀ Ọ̀yọ́ rán àwọn ọlọ́pàá sí agbègbè tí àwọn ọmọ onílẹ̀ ti ń ṣọṣẹ́ yìí, tí wọ́n sì kó àwọn jàǹdùkú náà lọ sí àgọ́ ọlọ́pàá lá ti fi wọ́n sí àtìmọ́lẹ́. ",nei,afrifact_data_culture_yoruba_346,yoruba,"""Ọpọlọpọ nkan lati n ṣe bayii lati ri i pe ọrọ ijinigbe di afisẹyin ti eegun n fiṣọ. Ati fi kun awọn ọlọpa to n duro loju ọna. Bakan naa ni a ti pe awọn miran ti kii ṣe ọlọpa mọra lati ran wa lọwọ. Ohun ti a fẹ lati ọdọ araalu ni pe ki wọn maa ta wa lolobo, gbadura fun wa, ki wọn si mu suuru diẹ fun wa, ao ṣiṣẹ naa bi iṣẹ A ko mọ boya awọn ajinigbe ti kan si awọn mọlẹbi awọn ti wọn ji gbe, nitori ileeṣẹ ọlọpa kii lọwọ si. Idi ni pe ọpọlọpọ ọdaran yoo maa lo anfaani pe ileeṣẹ ọlọpa faaye gba sisan owo fun ajinigbe lati maa ṣiṣẹ ibi. Ti a ba fun ẹnikan lowo loni, ẹlomii yoo tun wo awokọṣe naa lati ji ẹlomiran gbe. A si maa n rọ awọn araalu lati fi to wa leti ti awọn ajinigbe ba kan si wọn, ṣugbọn o ṣeni laanu pe mọlẹbi awọn ti wọn ba ji gbe kii ṣọ fun wa lasiko ti wọn ba kan si wọn tabi san owo itusilẹ.""",False,61.39104868034772,supports,supports,False
afrifact_data_culture_hausa_786,hausa,Mista Jonathan ya zargin Obama da David Cameron da yunƙurin kifar da gwamnatinsa.,supports,afrifact_data_culture_hausa_786,hausa,"Mista Jonathan ya ce ba anan kadai Amurka ta tsaya ba wajen yunkurin kifar da gwamnatinsa, har ta kai Shugaba Obama ya shawo kan firaministan Burtaniya David Cameron ya mara masa baya duk da kyakkyawar dangantakar da ke tsakanin Jonathan da Cameron",True,57.225212087524966,supports,supports,True
afrifact_data_culture_yoruba_092,yoruba,"Jọ̀lọ́ọ̀fù jẹ́ oúnjẹ kan tí kò nílò iyọ̀, magí, kọrí tàbí táìmù láti sè é.",refutes,afrifact_data_culture_yoruba_435,yoruba,"Ṣugbọn iṣẹlẹ buruku kan waye ni ọjọ kan. Iya Oladele jẹ ẹnikan lara awọn obinrin inu ijọ naa ni owo, ti ko si ri i san. Ni obinrin naa ba wa sile wọn, to si pariwo le iya rẹ lori lati san owo naa. Ibi ti ariwo ti n waye ni obinrin naa ti ya aṣọ kan ṣoṣo ti iya Oladele maa n wọ jade, mọ ọ lọrun. Oladele sọ pe iṣẹlẹ naa mu itiju ati ibanujẹ ba oun. Eyi lo si mu ko pinnu lati ma lọ si ṣọọṣi naa mọ, nitori itiju. The New Pandemic: Kíni àwọn onímọ̀ sáyẹ́ńsì ń sọ nípa rẹ̀? Eyi lo mu ko darapọ mọ ijọ Cele kan ti ko jinna si ile wọn. Gẹgẹ bi ẹni to mọ ilu lilu, Oladele bẹrẹ si ni ba wọn lu ilu ninu ijọ naa. Kẹrẹ-kẹrẹ, lo ba di ọmọ ijọ Celestial. O ni kii ṣe idaamu, tabi aisan lo gbe oun de inu ijọ alaṣọ funfun. Nibẹ lo ti bẹrẹ si ni 'gun oke ẹmi', ti ko si ni mọ nkan to n lọ ni ayika rẹ fun bi ọjọ meje, lai mu omi tabi jẹun, to si sọ n sọ asọtẹlẹ. O si ti n ṣiṣẹ alufaa ijọ Cele fun ọdun mẹrinla gbako. Afojusun rẹ si ni lati da yatọ si awọn ijọ Cele yooku, nipa iwaasu ati isẹsi wọn.",False,22.3906874393169,supports,supports,False
afrifact_data_culture_yoruba_429,yoruba,Sanusi ṣàlàyé pé Ọlọ́run ti kọ ọ́ wí pé òun yóò jẹ́ Ọba Kano bẹ́ẹ̀ náà sì ni àkọsílẹ̀ wà wí pé wọn yóò yọ òun.,supports,afrifact_data_culture_yoruba_430,yoruba,"Èyí ni fídíò bí wọ́n ṣe fi bàálù gbé Emir Sanusi kúrò ní ìpínlẹ̀ Nasarawa Iroyin kan to tẹwa lọwọ sọ pe wọn ti gbe Emir ilu Kano tẹlẹ, Sanusi Lamido Sanusi kuro ni ipinlẹ Nasarawa lọ si ibi ti ẹnikẹni ko mọ. Iroyin naa sọ pe baalu ayara fefe ẹlikọpita ni wọn fi gbe kuro ni abule Loko ti wọn fi pamọ si lati ọjọ Aje. Wọ́n ti gbé Emir Kano tẹ́lẹ̀, Sanusi Lamido kúrò ní Nasarawa lọ síbi tẹ́nìkan kò mọ̀ Ọjọ Aje ni gomina ipinlẹ Kano rọ Emir Sanusi l'oye, ti wọn si tun le kuro nilu Kano lọ si Nasarawa. Ao ma a mu wa fun yin bi nkan ba tun ṣe n lọ. Sanusi ní òun ti gba kádàrá ṣùgbọ́n agbẹjọ́rò rẹ̀ ní àwọn ṣì lè gba ilé ẹjọ́ lọ Emir ana ilu Kano Sanusi Lamido Sanusi ni oun ti gba kadara iyọnipo to ṣẹlẹ si oun gẹgẹ bi amuwa lati ọdọ Ọlọrun. Sanusi fi ọrọ yi sita ninu fọnran fidio kan to ṣe ki o to fi afin rẹ nilu Kano silẹ lọjọ Aje. Ninu fidio naa Sanusi sọ ni ede Hausa pe ''Ọlọrun ti kọ wi pe oun yoo jẹ́ ọba Kano bẹẹ naa si ni akọsilẹ wa wi pe wọn yoo yọ oun.'' O ni ''Inu mi dun mo si dupẹ.Mo ki ẹnikẹni ti wọn ba gbe oye naa fun ku orire.",False,50.15241876825707,supports,supports,True
afrifact_data_culture_igbo_096,igbo,"Osikapa bụ otu nri ga-abụ ihe kọgodu gị elu kọọ gị ala, i gote ya, ị ga-atụkwasịnwu ya ihe ọbụla were rie ya.",supports,afrifact_data_culture_igbo_096,igbo,"Osikapa bụ otu nri ọ na-abụ ego kọgodu gị elu kọọ gị ala, e nwee etu i si hụ obere ego jiri gote ya, ị ga-atụkwasịnwu ya ihe ọbụla were rie ya.",True,127.24240971315434,supports,supports,True
afrifact_data_culture_hausa_199,hausa,Zuwan turawan mulkin mallaka ya taimaka wurin musuluntar sarakunan gargajiya na Kano.,refutes,afrifact_data_culture_hausa_199,hausa,"Bayan zuwan Musulunci a ƙarni na 14 zuwa 15, muhimmancin Dutsen Dala wajen bauta ya ragu, domin sarakunan Kano suka rungumi Musulunci.",True,22.29879956960155,supports,supports,False
afrifact_data_culture_igbo_531,igbo,Ndị niile jigoro ọkwa onye isi ọrụ ndị Amị (COAS) nke Naịjirịa na ndị ezinụlọ ha na-aga ala bekee ga biri.,nei,afrifact_data_culture_igbo_529,igbo,"Ọ nweela ọtụtụ nturu ugo na nkwanye ugwu n'etiti ndị a, Ọchịagha nke gọọmentị etiti, CFR onye nyere , Onye isi ala nke gọọmentị etiti Naịjirịa The Forces Service Star (FSS) nke ndị Amị nyere ya. (FSS) onyinye Meritorious Service Star (MSS) nke ndị agha Naịjirịa nyere . Distinguished Service Star (DSS) nke ndị agha Naịjirịa nyegoro ha . Grand Service Star (GSS) nke ndị Amị Naịjirịa nyere ya. Passed Staff College(psc (+)) nke ndị agha Naịjirịa ",False,37.99748317572203,supports,supports,False
afrifact_data_culture_igbo_253,igbo,"Nwankwo Kanu abụghị onye nwe igwe onyonyo nke Kanu Sports, ụlọ ọrụ igwe onyonyo egwuregwu Ịntanetị.",refutes,afrifact_data_culture_igbo_255,igbo,"Ọ bụkwa onye nwe igwe onyonyo nke Kanu Sports, ụlọ ọrụ igwe onyonyo egwuregwu Ịntanetị.",False,104.05081695232988,supports,supports,False
afrifact_data_culture_yoruba_703,yoruba,Orílẹ̀-èdè Nàìjíríà jẹ́ mímọ̀ fún àwọn àṣà ní mèremère.,nei,afrifact_data_culture_yoruba_599,yoruba,"Ìjàkadì jẹ́ àjọ̀dún àṣà ọlọ́dọọdún ní ìlú Ọ̀fà, ní ìjọba ìpínlẹ̀ Kwara, ní orílẹ̀-èdè , pẹ̀lú èròǹgbà làti ṣe ìgbéga fún àṣà Yorùbá ní orílẹ̀-èdè Nàìjíríà. Gbólóhùn 'Ìjàkadì' ní ìtumọ̀ tirẹ̀, ó túmọ̀ sí 'Ìjà ká dì mọ́ra ẹni' èyí tí ó ní ipa pàtàkì nínú ìtàn ìlú Ọ̀fà.",False,29.56229007907175,supports,supports,False
afrifact_data_culture_hausa_010,hausa,An haifi shehu Shagari a watan Mayu na shekarar 1960.,refutes,afrifact_data_culture_hausa_007,hausa,"Shehu Shagari ya zama a watan Oktoban shekara ta alif dari tara da Saba'in da tara (1979), inda yayi mulki har zuwa Disamban shekara ta alif da dari tara da tamanin da uku (1983), wanda sojoji suka kwace mulki a hunnunsa, a jagorancin . Shehu Shagari shine shugaban Najeriya da ya hau mulki ta sanadiyar zaɓe na farko.",False,20.05487078524178,refutes,refutes,True
afrifact_data_culture_yoruba_564,yoruba,"Ní ọdún 2006, àpapọ̀ iye enìyàn tó wà ní Àgbádárìgì jẹ́ 241,093 gẹ́gẹ́ bí ètò ìkànìyàn.",supports,afrifact_data_culture_yoruba_562,yoruba,"Gẹ́gẹ́bí àkọsílẹ̀ ètò ìkànìyàn ọdún 2006, àpapọ̀ iye enìyàn tó wà ní Àgbádárìgì jẹ́ 241,093.",False,107.38548753293324,supports,supports,True
afrifact_data_culture_yoruba_272,yoruba,Iṣẹ́ ẹrú ni Abass Williams ṣe títí tó fi kú láìní àkójọ kankan.,refutes,afrifact_data_culture_yoruba_275,yoruba,"Itan aye Ọba Seriki Ifaremilekun Abass Williams Fagbemi: Abule Joga-Orile lagbegbe ilu Ilaro nipinlẹ Ogun bayii ni wọn ti bi Ifaremilekun, ti orukọ baba rẹ si n jẹ Fagbemi. Olowo ẹru kan nilu Dahomey ti orukọ rẹ n jẹ Abass si lo mu lẹru lasiko ogun Dahomey ati Egba nigba to wa ni ọmọ ọdun mẹfa, to si pa orukọ rẹ da si ti ọga rẹ. Idi si ree to fi n jẹ Ifaremilẹkun Fagbemi Abass. 'Oyenusi ló mú mi wọ ẹgbẹ́ adigunjalè kó tó di pé mo b'Ólúwa pàdé' Lẹyin naa ni wọn ta soko ẹru fun oyinbo Brazil kan to n jẹ Williams, ẹni to gbe Seriki Abass lọ sorilẹede Brazil lati lọ se ọmọ ọdọ rẹ. Ni kete to si de silẹ Brazil ni ọga rẹ yii tun yi orukọ rẹ pada si Williams nitori ẹru ko ni idamọ kankan to yatọ si ti olowo rẹ. Brazil ni William Abass ti mọọkọ-mọọka ninu ede Dutch tilẹ Netherlands, bakan naa lo gbọ ede oyinbo, Spanish ati pọtugi.",False,36.85197439119371,supports,supports,False
afrifact_data_culture_igbo_151,igbo,Ndị Ideato South abụghịkwa ndị ahịa.,refutes,afrifact_data_culture_igbo_156,igbo,Ndị Ideato South bụ ndị ọrụ ugbo na-emepụta ihe ụgbọ a na-ere ere nakwa nke a na-eri eri.,False,21.36950319905989,supports,supports,False
afrifact_data_culture_igbo_702,igbo,Ndị omeiwu Naịjirịa kwadoro onyeisiala bụ Buhari ibite egoijeri dọla iri abụọ na abụọ na ụma asaa.,supports,afrifact_data_culture_igbo_701,igbo,Akụkọ ndị dị mkpa taa: Ndị ụlọomeiwu etinyela aka n'akwụkwọ ịkwado ka onyeisiala Buhari bite ego dị ijeri dọla iri abụọ na abụọ na ụma asaa. Ha mere nke a n'ụbọchị Tọzde na ngwụcha nrụrịtaụka dapụtara n'etiti ha banyere ego ahụ.,False,45.71218193115352,supports,supports,True
afrifact_data_culture_hausa_251,hausa,Masanin tarihin abinci da aikin gona James C. McCann ya ba da shawarar cewa tasa shinkafar ta yaɗu tare da masarautar Mali,supports,afrifact_data_culture_hausa_251,hausa,"Masanin tarihin abinci da aikin gona James C. McCann yayi la'akari da wannan ikirarin mai yiwuwa idan aka yi la’akari da shaharar shinkafa a cikin kwarin Niger ta sama, amma yana ganin ba zai yuwu tasa ta iya yaɗuwa daga Senegal zuwa inda take yanzu tunda ba a ganin irin wannan yaɗuwar a cikin “harshe, tsarin siyasa ko tarihi "". Maimakon haka ya ba da shawarar cewa tasa ta yaɗu tare da masarautar Mali, musamman masu sana'ar Djula waɗanda suka bazu ko'ina zuwa cibiyoyin kasuwanci da biranen yanki, tare da ɗaukar fasahar tattalin arziƙin ""ƙera, ƙaramin sikelin, da agronomy shinkafa"" gami da addini. na Musulunci.",True,71.47372003651185,supports,supports,True
afrifact_data_culture_hausa_756,hausa,Shirin nukiliya na ƙasar irn shi ne babban dalilin da yasa Amurka ke yawan saka mata takunkumin tallalin arziƙi.,supports,afrifact_data_culture_hausa_726,hausa,"Wata kididdiga da aka fitar a watan Maris din bana ta nuna cewa Najeriya ce ta fi yawan mutanen da ke dauke da wannan cuta a duniya, inda kimanin mutum 91,011 ke fama da ita. Yankin arewacin kasar ne kuma aka fi samun wadanda ke fama da cutar. Kuma ana alakanta rashin gwaji kafin aure ne babban dalilin da ya sa cutar ke yaduwa a kasar.",False,23.42964090649313,supports,supports,True
afrifact_data_culture_hausa_182,hausa,Shinkafa da wake da masara na daga cikin kayan abincin da aka fi nomawa loƙacin rani.,nei,afrifact_data_culture_hausa_269,hausa,"Ana haɗa shi da ko miyar taushe ko miyar wajen ci. . Wato tuwon shinkafa yana ɗaya daga cikin abincin gargajiya, saboda shi ma akan haɗa shi da garin masara wani sa’in. Amma mafi akasari wasu ba sa sa wa, sannan sunan tuwon shinkafa ya samo asali ne daga shinkafar da ake yinsa da ita.",False,27.30799977747548,supports,supports,False
afrifact_data_culture_yoruba_741,yoruba,"Nígbà tí Olúwọlé máa kú, gbogbo ẹran ara rẹ̀ ló fọ́nká yẹ́lẹyẹ̀lẹ.",supports,afrifact_data_culture_yoruba_739,yoruba,"Olúwọlé kú lọ́dún 1841 nígbà tí sísán àrá fàá tí àgbá àdó-olóró l'áàfin Ọba fi dún gbàmù. Gbogbo ẹran ara Olúwọlé ló fọ́n túká káàkiri, débi pé ilẹ̀kẹ̀ oyè rẹ̀ ní kan ni wọ́n fi dá a mọ̀.",False,44.98989296238775,supports,supports,True
afrifact_data_culture_yoruba_639,yoruba,"Àwọn ìjọ onígbàgbọ́ ọlọ́kan-ò-jọ̀kan ní orísìírísìí ìtumọ̀ fún Bíbélì, a sì rí ipa èyí nínú ìyàtọ̀ tí ó wà nínú ìlànà ẹ̀sìn tí ìjọ kọ̀ọ̀kan ní.",supports,afrifact_data_culture_yoruba_638,yoruba,Onírúurú ìjọ onìgbàgbọ́ ló ní orísìírísìí ìtumọ̀ fún bibeli torí ìdí eyi onírúrú ìlànà èsìn ni ìjọ kọ̀ọ̀kan ní. Àtí pé ìgbàgbọ wọn nípa ohun tí Jésù jẹ́ yàtọ̀ díèdíẹ̀ síbèsíbè gbogbo wọn gbà pé olùgbàlà ni Jésù.,False,62.01517553404664,supports,supports,True
afrifact_data_culture_hausa_374,hausa,"A al’adar Hausawa a wasu yankuna, ana gudanar da raɗin suna ne a kwanaki bakwai bayan haihuwa",nei,afrifact_data_culture_hausa_377,hausa," A al’adar kaina-fara, mutanen Birchi waɗanda ke zaune a ƙauyen Goda ta ƙasar Birchi a ƙaramar Hukumar Kurfi ta Jihar Katsina, idan mace ta haihu ba ta da damar fita daga ɗakinta, sai bayan kwanaki arba’in, don kuwa a wurinsu wannan ita ce ranar da ake raɗa wa abin da aka haifa suna. A wannan rana, sai dattawa misalin su goma su taru a gidan da aka yi haihuwar. ",False,28.419404951935277,supports,supports,False
afrifact_data_culture_hausa_173,hausa,Aminu Bello Masari ya yi kwamishina a jihar Katsina loƙacin mulkin soja daga shekarar alif 1991 zuwa 1993.,supports,afrifact_data_culture_hausa_173,hausa,Ya riƙe muƙamin Kwamishinan ayyuka da muhalli da kuma sufuri na Jihar Katsina a tsakanin shekarar 1991 zuwa 1993 a lokacin mulkin Soja,True,51.39034184199348,supports,supports,True
afrifact_data_culture_igbo_171,igbo,Mmiri na-agba na mpaghara anyị ruru inyi.,nei,afrifact_data_culture_igbo_282,igbo,"Ọ bụ ọdọ mmiri kachasị ukwuu di na Imo , Ndịda Ọwụwa Anyanwụ ; n'ime mpaghara mmiri ozuzo nke Niger . ",False,12.843484035620758,supports,supports,False
afrifact_data_culture_hausa_434,hausa,Abubakar Gumi mutun ya kasance daya daga cikin malaman Izala da ake alfahari da su.,nei,afrifact_data_culture_hausa_150,hausa,Ya kasance Shugaban kwamitin kudi na Jam’iyyar a lokacin da aka kafa ta sannan kuma daya daga cikin ‘yan takarar ta na shugaban kasa.,False,19.260994256118224,nei,nei,True
afrifact_data_culture_yoruba_035,yoruba,Coronavirun kò ṣe àkóbá kankan fún ètò ọrọ̀-ajé.,refutes,afrifact_data_culture_yoruba_035,yoruba,"Ṣugbọn, onimọ kan nipa ọrọ aje, Gbadamosi Olusola, to jẹ Igbakeji Aarẹ Ẹgbẹ awọn onimọ ọrọ aje ati iṣiro ni Naijiria, sọ fun BBC pe, idẹrun ọlọjọ diẹ ni yoo mu wa fun araalu. Eyi ko ṣẹyin bi coronavirus ṣe ti ṣakoba fun ọrọ aje. Oore wo ni titi bọda ṣe fun Naijiria? Ọgbẹni Gbadamosi Olusola ṣalaye pe ko si anfaani kankan ti Naijiria jẹ lara titi awọn ẹnu ibode, nitori pe iṣẹ fayawọ lọ soke si, ti ko si tun si ayipada lori ọrọ eto aabo.",True,22.98640627218927,supports,supports,False
afrifact_data_culture_yoruba_425,yoruba,Ẹgbẹ́ agbábọ́ọ̀lù Chelsea kò sí lára àwọn ẹgbẹ́ tó darapọ̀ mọ́ líìgì tuntun náà.,refutes,afrifact_data_culture_yoruba_421,yoruba,"Iroyin naa burẹkẹ sii pẹlu bi awọn agba ọjẹ ẹgbẹ agbabọọlu mẹfa lati liigi Premiership ni ilẹ Gẹẹsi ṣe kede ati darapọ mọ liigi tuntun naa. Awọn ẹgbẹ agbabọọlu mẹfa naa ni Arsenal, Chelsea, Manchester city, Manchester United, Liverpool ati Tottenham. Bawo lọrọ naa ṣe bẹrẹ? Ni oṣu kẹwaa, ọdun to kọja ni igbesẹ kọkọ bẹrẹ pẹlu ijiroro to lọwọ ileeṣẹ iṣuna kan ti orukọ rẹ n jẹ JP Morgan ninu. Koko apero naa ni lati gbe idije kan kalẹ lati rọpo idije Champions League ni ilẹ Yuroopu ti owo ori rẹ yoo si to biliọnu mẹfa o le ẹgbẹta miliọnu pọun. Ajọ UEFA gbe igbesẹ lati gbe idije Champions League tuntun pẹlu awọn ẹgbẹ agbabọọlu mẹrindinlogoji.",False,29.414812881121435,supports,supports,False
afrifact_data_culture_igbo_374,igbo,ECOWAS họpụtara Ike Ekweremadu dị ka onye ndu kọmitii pụrụ iche iji rụ ọrụ maka nlọghachi usoro iwu,supports,afrifact_data_culture_igbo_373,igbo,"ECOWAS [ | ] N'ọnwa Septemba afọ 2009, a họpụtara ya ka ọ na-edu kọmitii pụrụ iche nke Economic Community of West African States (ECOWAS) iji rụọ ọrụ maka nlọghachi usoro iwu na .",False,70.23336809871145,refutes,refutes,False
afrifact_data_culture_yoruba_642,yoruba,"Bíbélì wípé gbogbo ènìyàn ló ti ṣẹ̀, tí ó sì tì kùnà ògo Ọlọ́run.",supports,afrifact_data_culture_yoruba_642,yoruba,Nígbàtí májẹ̀mú títun n ṣe àmúşę ohun tí màjèmú làìlàì sọ. Bíbélì fìdí rẹ múlè pé gbogbo ènìyàn ní ó sá ti ṣè tí ó sì ti kùnà ògo Ọlọrun (Romu 3:23). Èyí ni láti sọ pe ẹlẹ́sẹ̀ ni gbogbo ọmọ adárí hurun.,True,39.07439662467595,supports,supports,True
afrifact_data_culture_hausa_270,hausa,Tuwon kyakkyawan abunci ne mai laushi aka shirya daga shinkafa ta gida wanda yake da taushi,supports,afrifact_data_culture_hausa_265,hausa,"__LEAD_SECTION__ [ | ] Tuwon wani nau'in abinci ne kuma ana kawo shinkafar daga , da arewacin Najeriya. Kyakkyawan abunci ne mai laushi aka shirya daga shinkafa ta gida wanda yake da taushi kuma mai mannewa, kuma yawanci ana ba da shi tare da nau'ikan miya daban-daban kamar da .",False,73.14816455777303,supports,supports,True
afrifact_data_culture_hausa_167,hausa,Bashir Ahmad ne ya sanar da komawar Bello Matawalle zuwa jam'iyyar APC ranar 27 ga watan Yuni.,supports,afrifact_data_culture_hausa_166,hausa,"A ranar 27 ga watan Yuni, mai taimaka wa shugaban kasa kan harkokin yada labarai Bashir Ahmad ya ce Matawalle ya koma APC.",False,57.84317270012263,supports,supports,True
afrifact_data_culture_hausa_373,hausa,"A cikin Maguzawan Zamfara, iyalai na yin raɗin suna ga yaro ko ba a shirya ba",supports,afrifact_data_culture_hausa_374,hausa,Ga Maguzawan da ke gundumar Kwatarkwashi ta Jihar Zamfara waɗanda ke bautar Magiro a garuruwansu na da ba su da wata tsayayyar rana wadda suke raɗa wa ‘ya’yansu suna. A al’adar waɗannan mutane ba a raɗa wa yaro suna sai lokacin da ake da damar yin sunan ko da kuwa bayan shekaru ne. A wurinsu mutum yana iya haɗa ‘ya’yansa da yawa tun daga na ɗaya ko fiye da ɗaya don ya yi masu suna a rana ɗaya.,False,37.93639947834632,supports,supports,True
afrifact_data_culture_hausa_479,hausa,Sallah ta na cika ne idan mutum ya karanta fatiha a cikin kowacce raka'a.,nei,afrifact_data_culture_hausa_479,hausa,"tar zai karanta wasu ayoyi daga cikin Ƙur'ani, da yabon Allah da kuma addu'o'i. Kalmar Sallah dai ana fassara ta da bauta, amma kalmar na nufin addu'a ne, shiyasa ma'anar keda rikitarwa. Musulmai na amfani da kalmar "" ",True,23.24885928481322,nei,nei,True
afrifact_data_culture_hausa_033,hausa,An gina sababbin filayen ƙwallon kafa a Lagos zamanin mulkin Sani Abacha.,nei,afrifact_data_culture_hausa_239,hausa,"An kafa kasuwar Kurmi a cikin karni na goma sha biyar (15) a matsayin cibiyar kasuwanci da adana kayayyaki don cigaban kasuwanci a cikin birni, sakamakon fadada kasuwancin yanki da Sahara. An Kuma gina ta a cikin gundumar Jakara na cikin birni. ",False,17.444179648879636,refutes,refutes,False
afrifact_data_culture_yoruba_469,yoruba,"Bákan náà ni Aláàfin kọ lẹ́ta sí Ààrẹ Muhammadu Buhari lórí ètò ààbò nílẹ̀ Yorùbá, nínú èyí tó ti sọ fún Ààrẹ pé kó fi òpin sí bí àwọn kan ṣe nh kọlu ilẹ̀ Yorùbá.",nei,afrifact_data_culture_yoruba_444,yoruba,"Igboho lo sọ ọrọ naa nibi ipade kan ti Ọjọgbọn Banji Akintoye, to jẹ aṣiwaju nilẹ Yoruba naa wa. O ṣalaye pe ko si nnkankan to n jẹ iṣọkan Naijiria mọ lẹyin ti eto abo ilẹ Yoruba mẹhẹ, ti ijọba apapọ ko si ri ohun kankan ṣe nipa rẹ. Bakan naa lo tun ṣalaye pe oun atawọn ikọ oun ti ṣetan lati koju awọn ọdaran Fulani lọna ati le wọn kuro ni gbogbo ilẹ Yoruba patapa. Gẹgẹ bo ṣe sọ, ""a o lọ ṣi awọn ẹnu ibode wa ti ijọba apapọ ti pa, a o si ṣigbogbo rẹ ki ounjẹ le maa wọle."" ""A kii ṣe ara Naijiria mọ, ọlọpaa ti wọn ba bi daa, ko da wa lọna tabi ko gbiyanju lati mu ẹnikẹni ninu wa, igba yẹn ni wọn yoo mọ pe ẹnu Yoruba ko."" Igboho sọ pe ko si anfani kankan ti ẹya Yoruba n ri ninu Naijiria gẹgẹ bii orilẹ-ede nitori gbogbo ipo to ṣe pataki ninu ijọba to wa lode yii ni Hausa n ṣakoso. O pari ọrọ rẹ pe digbi ni oun wa lẹyin awọn agbagba Yoruba lori igbesẹ wọn lati gba ominira kuro ni Naijiria.",False,62.63274711942601,supports,supports,False
afrifact_data_culture_hausa_612,hausa,Maguzawa na amfani da kayan al'adu don mallakar aljanu kafin zuwan musulunci.,supports,afrifact_data_culture_hausa_612,hausa,"Ana daurawa kayan kidan wasu abubuwan al’adu daban-daban na yankin Sahel kafin zuwan Musulunci, don mallakar aljanu, kamar al’adun da Hauka na Maguzawan Hausawa, Zarma, Borori, da Songhay.",True,56.30971518410443,supports,supports,True
afrifact_data_culture_igbo_189,igbo,Ọ nweghịzị onye bi n'Ọ̀hà Rivas.,nei,afrifact_data_culture_igbo_190,igbo,Ọ bụkwa ndi Ìgbò bi na ebe ugwu nke Ọ̀hà Delta na Ọ̀hà Rivas.,False,29.24570518458087,nei,nei,True
afrifact_data_culture_igbo_224,igbo,Dr Tedros kwuru na ụfọdụ mba enweghị ndị ọrụ doro anya.,supports,afrifact_data_culture_igbo_225,igbo,"O kwuru na ụfọdụ mba enweghị ndị ọrụ doro anya , ụfọdụ obodo enweghị ihe ọ ga-eri, ebe mba ụfọdụ enweghị mkpebi obi ime ihe kwesịrị.""",False,48.27035005837767,supports,supports,True
afrifact_data_culture_hausa_410,hausa,Musulmai suna gudanar da sallar kullum sau biyar don nuna biyayya ga koyarwar Alƙur’ani.,nei,afrifact_data_culture_hausa_520,hausa,"Musulmai suna amfani da alƙur, ani wanda ya zo ta hanyar manzon Allah (SAW) a matsayin littafi mai tsarki.",False,27.16364671285516,supports,supports,False
afrifact_data_culture_hausa_815,hausa,An yi hasashen cewa fitar 'yan majalisu da gwamnoni daga jam'iyyar APC na iya zama barazana ga nasarar Muhammadu Buhari a zaɓen shekarar 2015.,refutes,afrifact_data_culture_hausa_004,hausa,"Muhammadu Buhari (17 Disamba 1942 – 13 Yuli 2025) ne wanda ya yi mulkin ƙasar a matsayin daga 2015 zuwa 2023. Soja ne mai matsayi na majo janar a , kuma ya shugabanci ƙasar a matsayin daga 31 Disamba 1983 zuwa 27 Agusta 1985. Buhari ya tsaya takarar shugaban ƙasa a Najeriya a ƙarƙashin jam’iyyar a zaɓen shugaban ƙasa na 2003 da na 2007, sannan kuma a ƙarƙashin jam’iyyar Congress for Progressive Change (CPC) a zaɓen shugaban ƙasa na 2011",False,38.9448770832348,refutes,refutes,True
afrifact_data_culture_igbo_122,igbo,Akara Nollywood nwere ike itolite na ịgbasị ike site n'ihe nkiri na-atọ ọchị.,supports,afrifact_data_culture_igbo_123,igbo,"Na iga na ihụ, ihe nkiri na-atọ ọchị nwe kwa ike ịtọlite ma guzosie ​​akara Nollywood ike.",False,55.48480053809336,supports,supports,True
afrifact_data_culture_yoruba_392,yoruba,"Àwọn tó ṣe màgòmágó nínú ètò ìdìbò ọdún 2019 fara ire lọ, láì gba ìdájọ́ tó yẹ, bẹ́ẹ̀ sì ni ilé-ẹjọ́ ò rí ohunkóhun ṣe sí àṣìṣe INEC.",refutes,afrifact_data_culture_yoruba_392,yoruba,"Orji Uzor Kalu - Delta Ile ẹjọ to n gbọ ẹjọ ẹsun to ni i se pẹlu idibo sile igbimọ aṣofin ni ipinlẹ Delta naa tun ti wọgile ibo to gbe Orji Uzor Kalu wọle. Orji ni ẹni to jẹ gomina ana nipinle ọhun. Nigba ti o n ṣedajọ rẹ lọjọ Aje, igbimọ ẹlẹni mẹta ti adajọ I. P. C Igwe n dari ni olupẹjọ, Mao Ohuabunwa ti fi idi ẹjọ to pe mulẹ. Saaju ni olupẹjọ ti rọ ile ẹjọ naa lati wọgile ibo to gbe ọgbẹni Kalu wọle, nitori ko wa pẹlu ibamu ofin to ni i ṣe pẹlu ọrọ eto idibo ti ọdun 2010. Ohabunwa sọ fun ile ẹjọ pe, INEC yọ awọn ibo kan ṣeyin nigba ti wọn fẹ ka ibo naa, ati pe, ọpọlọpọ eeyan to yẹ ki wọn dibo ni ajọ INEC ko gba laaye lati dibo. Leyin atotonu olupẹjọ ati olujẹjọ ni adajọ ọhun da ibo naa nu, to wa paṣe pe ki wọn tun ibo naa di ni awọn agbegbe kan laarin oṣu mẹta. Orji ni ẹni to jẹ gomina ana nipinle ọhun. Dino Melaye -Kogi Lara awọn ti ile ẹjọ to n gbẹsun idibo da pada sile ni Sẹnetọ Dino Melaye to n soju ẹkun idibo iwọ oorun ipinlẹ Kogi. Ikọ ẹlẹni mẹta to n risi ipẹjọ ti adajọ A.O Chijioke n dari lo ṣedajọ naa lọjọ kẹtalelogun, oṣu kejọ ọdun yii. Adajọ naa wa paṣẹ fun ajọ INEC lati tun ibo naa di laarin aadọrun un ọjọ. Sugbọn Sẹnetọ Melaye ti ni ti adajọ ni o n sọ, oun yoo pe ejọ kotẹmilọrun. Lazarus Ogbe - Ebonyi Ile ẹjọ to n ṣegbẹjọ ẹsun idibo ni Abakaliki ti ni ki ọgbẹni Lazarus Ogbe, ọmọ ẹgbẹ PDP to n soju ẹkun guusu Ezza kẹru rẹ kuro nile aṣoju l'Abuja pada sile. O ni ki ẹni ti wọn kede ni ipinlẹ Ebonyi yii kuro ni ipo naa nitori naa lo ṣe da ibo to gbe e wọle nu. Ile ẹjọ naa kede Chinedu Ogah, lati ẹgbẹ APC, gẹgẹ bi ojulowo ẹni to jawe olubori ninu idibo naa.",True,46.82901864446873,supports,supports,False
afrifact_data_culture_yoruba_752,yoruba,Nínú àwọn ilẹ̀ omi nìkan ni igi ọ̀gẹ̀dẹ̀ ti lè hù.,refutes,afrifact_data_culture_yoruba_753,yoruba,"Kò sí orí ilẹ̀ tí ọ̀gẹ̀dẹ̀ ò ti lè hù, ní bí i 60 centimetres (2.0 ft) sínú ilẹ̀, ó sì fẹ̀ dáadáa. Igi ọ̀gẹ̀dẹ̀ jẹ́ èyí tó máa ń tètè hù nínú gbogbo àwọn igi eléso yòókù.",False,48.74417898505104,supports,supports,False
afrifact_data_culture_yoruba_566,yoruba,"Bí ifá tí a bá dá fún èèyàn bá ṣè aburú nìkan ni ẹbọ rírú ṣe pàtàkì. Àìjẹ́ bẹ́ẹ̀, kò nílò.",refutes,afrifact_data_culture_yoruba_565,yoruba,"Ẹbọ rírú se pàtàkì fún ẹni tí a bá dá ifá fún. bí ifá tí a dá fún ènìyàn bá se rere tàbí búbúru, oní tọ̀hùn ni lati rúbọ kí ohun tí ó dá ifá sí náà ó lè baà dará: lọ́nà kìní:- Ẹbọ ifá jẹ́ ounjẹ fún òrìṣà tí ifá bá so wí pé kí á rúbọ, Fun àpẹẹrẹ, tí ènìyàn bá fẹ́ se nǹkan. ti o ba bèrè lọ́wọ́ ifá, wọ́n le sọ pé ki o lọ rubọ fun ògun, Ẹbọ ifá jẹ́ ètùtù pàtàkì nítorí tí Babaláwo bání kí ènìyàn se nǹkan óní láti se é, ki òun pàápàá ólè ba à ni ìgboyà wípé àteégún-àteésà, nítori èyí ní àwọn babaláwo fi máa ńwí fún ẹní tí a ní kí ó rúbọ̣ pé kí ó wá oúnjẹ fún àwọn aládùgbóó rẹ.",False,50.45652659410069,supports,supports,False
afrifact_data_culture_yoruba_431,yoruba,"Wọ́n fi ẹ̀sùn owó kíkójẹ àti ṣíṣẹ owó báṣubàṣụ kan Emir, ìdí nìyí tí wọ́n fi yọ ọ́ nípò.",refutes,afrifact_data_culture_yoruba_429,yoruba,"Èyí ni fídíò bí wọ́n ṣe fi bàálù gbé Emir Sanusi kúrò ní ìpínlẹ̀ Nasarawa Iroyin kan to tẹwa lọwọ sọ pe wọn ti gbe Emir ilu Kano tẹlẹ, Sanusi Lamido Sanusi kuro ni ipinlẹ Nasarawa lọ si ibi ti ẹnikẹni ko mọ. Iroyin naa sọ pe baalu ayara fefe ẹlikọpita ni wọn fi gbe kuro ni abule Loko ti wọn fi pamọ si lati ọjọ Aje. Wọ́n ti gbé Emir Kano tẹ́lẹ̀, Sanusi Lamido kúrò ní Nasarawa lọ síbi tẹ́nìkan kò mọ̀ Ọjọ Aje ni gomina ipinlẹ Kano rọ Emir Sanusi l'oye, ti wọn si tun le kuro nilu Kano lọ si Nasarawa. Ao ma a mu wa fun yin bi nkan ba tun ṣe n lọ. Sanusi ní òun ti gba kádàrá ṣùgbọ́n agbẹjọ́rò rẹ̀ ní àwọn ṣì lè gba ilé ẹjọ́ lọ Emir ana ilu Kano Sanusi Lamido Sanusi ni oun ti gba kadara iyọnipo to ṣẹlẹ si oun gẹgẹ bi amuwa lati ọdọ Ọlọrun. Sanusi fi ọrọ yi sita ninu fọnran fidio kan to ṣe ki o to fi afin rẹ nilu Kano silẹ lọjọ Aje. Ninu fidio naa Sanusi sọ ni ede Hausa pe ''Ọlọrun ti kọ wi pe oun yoo jẹ́ ọba Kano bẹẹ naa si ni akọsilẹ wa wi pe wọn yoo yọ oun.'' O ni ''Inu mi dun mo si dupẹ.Mo ki ẹnikẹni ti wọn ba gbe oye naa fun ku orire.",False,32.228020640775775,supports,supports,False
afrifact_data_culture_hausa_544,hausa,Isah Ali Ibrahim Pantami ɗaya ne daga cikin masu hannun jari a hukumar kula da hanyoyin sadarwa na zamani ta Najeriya.,nei,afrifact_data_culture_hausa_544,hausa,"A baya, ya riƙe muƙamin Darekta Janar na hukumar Kula da hanyoyin sadarwa na zamani (NITDA).",True,44.85835252640807,supports,supports,False
afrifact_data_culture_igbo_797,igbo,E ji izu ihe mmadụ maọbụ ịnapụ mmadụ oke ruru ya mara ndị Igbo kemgbe elu bụ ala ọsa.,refutes,afrifact_data_culture_igbo_795,igbo,"Mana, ọbụghịkwanụ sọsọ ugbua ka a malitere ikwu maka nchekwa. Mgbe elu ka bụ ala ọsa n'ala Igbo, ezi nchekwa obodo dị makana ndị mmadụ na-atụ ụjọ izu oshi, ịbanye be mmadụ n'ike maọbụ zọkọrọ oke na-abụghị nke ha. Nke a bụ makana ha ma na ihe ga-eso ya abụghị ihe eji ọnụ akọcha.",False,51.09092915176481,supports,supports,False
afrifact_data_culture_hausa_457,hausa,Duk inda ka samu masallaci za ka ga tsarin ginin iri daya ne da na ƙasar Saudiyya.,refutes,afrifact_data_culture_hausa_729,hausa,"Sai dai tanadin Hukumar zabe shi ne a duk lokacin da ta ga rumfar ta yi girman da ya kai a dan yayyanka ta yadda ranar zabe za a samu gudanar da zabubbuka a cikin sauki, za ta yi haka, Za ta kuma tura karin ma'aikata domin a samu damar gudanar da zabe a wannan rumfa, ba tare da an samu wani tawaya ko jinkiri ba.",False,22.043785386523314,refutes,refutes,True
afrifact_data_culture_hausa_108,hausa,Abba Kabir Yusuf ya dawo da Sunusi Lamido Sunusi a matsayin Sarkin Kano a watan Mayu na shekarar 2024.,supports,afrifact_data_culture_hausa_103,hausa,"Gomnan Kano Abba Kabir Yusuf ya sake tabbatar da Sanusi Lamido Sanusi a matsayin sarkin Kano. Ayau Alhamis 23 ga watan Mayu, shekarar 2024.",False,81.04035671223848,supports,supports,True
afrifact_data_culture_hausa_051,hausa,Samun muƙamin manjo na ɗaya daga cikin burin kowanne soja.,nei,afrifact_data_culture_hausa_173,hausa,Ya riƙe muƙamin Kwamishinan ayyuka da muhalli da kuma sufuri na Jihar Katsina a tsakanin shekarar 1991 zuwa 1993 a lokacin mulkin Soja,False,17.036593221170165,supports,supports,False
afrifact_data_culture_yoruba_486,yoruba,"Elike Chibuzor ni orúkọ arákùnrin tí ọwọ́ àwọn ọlọ́pàá tẹ̀, tó ní òun lòun jí ọmọ tí wọ́n ń wa gbé.",supports,afrifact_data_culture_yoruba_486,yoruba,"ọwọ ileesẹ ọlọpa ipinlẹ Ondo tẹ ọkunrin kan to pe orukọ ara rẹ ni Elike Chibuzor, to ni oun loun ji Gold Kọlawọle gbe lọ. Nigba to n fi idi isẹlẹ yii mulẹ fun BBC Yoruba, agbẹnusọ fun ileesẹ ọlọpa nipinlẹ Ondo, Femi Joseph salaye pe, Chibuzor lo pe ileesẹ ọlọpa naa laarọ ọjọ Ẹti pe ọdọ oun ni Gold wa, ti wọn ba si fẹ gbaa pada, ki wọn san ẹgbẹrun lọna ẹgbẹrin naira (₦800,000) fun oun. Àwọn iròyin tì ẹ leè ní ìfẹ̀ síí: Afurasi naa, to ni ilu Akure ni oun ti n pe awọn ọlọpa ọhun, lo tun fi ye wọn pe, awọn eeyan kan lo ni ki oun parọ mọ Alfa Babatunde, ti ojisẹ Ọlọrun naa ko si mọ ohunkohun nipa bi ọmọde naa se sọnu ninu ile ijọsin Sotitobire.",True,37.0351927037738,supports,supports,True
afrifact_data_culture_hausa_103,hausa,Gwamnan Kano ya bawa Sunusi Lamido Sunusi muƙamin kwamishina a shekarar 2024.,refutes,afrifact_data_culture_hausa_105,hausa,"Gomnan Kano Abba Kabir Yusuf ya sake tabbatar da Sanusi Lamido Sanusi a matsayin sarkin Kano. Ayau Alhamis 23 ga watan Mayu, shekarar 2024.",False,30.00576040060601,supports,supports,False
afrifact_data_culture_yoruba_049,yoruba,Ìjọ̀ba ti fi ẹ̀sùn kan gbogbo àwọn ajáwèé owó orí pátá pé wọ́n lọ́wọ́ nínú mọ̀kàrúrù.,nei,afrifact_data_culture_yoruba_517,yoruba,"Ọrangun fikun pe, ti isẹlẹ naa ko ba tiẹ to awọn loju, amọ mọ igba ti Oluwo lọ fi abuku kan Alake nilu Abẹokuta, nibi eto kan ti onitọun pe si, to si ni ori aga ti wọn pese silẹ fun Ọọni, ni oun fẹ joko le lori nitori Ọọni ko ju oun lọ. ""A ri igba to tabuku Alaafin naa nipinlẹ Ọsun, a si mọ bo se maa n wọ Ọọni nilẹ loju wa lasiko ipade awa ọba, awọn eleyi si ti to lati sọ fun Oluwo pe ko lọ sinmi laarin wa, to ba tiẹ ni oun ko na Agbowu, ta si mọ pe eleyi kii se ootọ, a kan bẹ Agbowu ni pe ko mu suuru, ara iya ọba naa niyẹn. Ọlọrun ko si ni fi iya jẹ."" Fire Eater: Azonto ní àfojúṣùn òun ni láti lọ fi idán iná yìí pa owó lókè òkun ""Igba ta wa wo ọrọ yii si ọtun ati osi, a ri pe ta ba fun Oluwo ni ewe dẹkun, o le e ma siwọ ohun to n se yii, ijoko wa ko si fun wa lasẹ lati yọ ọba kankan, awa ko tiẹ fẹ ki wọn yọ ọba, tori idile to ti wa ati ati abuku to maa jẹ fun ori ade kaakiri nilẹ Yoruba."" Ọba Oyedọtun ni, awọn lee kilọ fun ara awọn, lawọn se ni ki Oluwo lọ sinmi laarin awọn naa ninu igbimọ lọbalọba fun osu mẹfa, awọn ko si yọ Oluwo gẹgẹ bii ọba tori ileẹjọ nikan lo lasẹ lati yọ ọba. ""Lasiko ti Oluwo ba fi n sinmi nile, a sọ fun pe ko gbọdọ ba awọn akọroyin sọrọ, tori to ba sọrọ, yoo tun maa ba ẹjọ ara rẹ jẹ ni, ko gbọdọ kọrin owe abi eebu, o gbọdọ maa lọ jẹẹjẹ, ko si maa ba isẹ rẹ lọ, amọ ko gbọdọ wa si ipade awa lọbalọba tipinlẹ Ọsun.",False,25.804634271672647,supports,supports,False
afrifact_data_culture_yoruba_604,yoruba,Adébọ́lá ni a bí ní ìlú u Ṣakí.,nei,afrifact_data_culture_yoruba_726,yoruba,"Moshood Káṣìmawòó Ọláwálé Abíọ́lá ( , - , ) tí ó túmọ̀ sí M.K.O Abíọ́lá jẹ́ ọmọ orílẹ̀ èdè . A bi ní ìlú ní . Ó jẹ́ oníṣòẁò,òǹtẹ̀wé, olóṣèlú àti olóyè ilẹ̀ pàtàpátá. Ó díje sí ipò Ààrẹ orílẹ̀-èdè ní ọdún 1993, òun náà sì ni gbogbo ènìyàn gbàgbọ́ tí wọ́n sì fẹnukò sí jákè-jádò orílẹ-èdè wípé ó jáwé olúborí nígbà tí olóri ìjọba ológun ìgbà náà kò kéde rẹ̀ gẹ́gẹ́ bí olúborí ètò ìdìbò náà tí ó sì tun fi ẹ̀sùn àìṣòtítọ́ àti àìṣòdodo ètò ìdìbò kan.",False,14.65312277954112,refutes,refutes,False
afrifact_data_culture_hausa_417,hausa,Matar Ahmad at-Tijjani ta farko asalin 'yar Ingila ce kuma tana da yara uku,nei,afrifact_data_culture_hausa_633,hausa,"Waka ita ce rubutun adabi, wanda mawaƙi ya rubuta, ta amfani da wannan ka'ida. taron waka music center Waƙar tana da dogon tarihi daban-daban, tana tasowa daban-daban a duk faɗin duniya. Ta samo asali aƙalla tun kafin tarihi tare da waƙoƙin farauta a da kuma waƙar waƙa da waka na daulolin , , da kwarin Volta. Wasu daga cikin rubutattun wakoki na farko a Afirka sun kasance a cikin pyramid texts da kuma aka rubuta a ƙarni na 25 KZ.",False,16.621247800063394,supports,supports,False
afrifact_data_culture_hausa_312,hausa,"Hanyar haɗa Alkaki tana buƙatar nika alkama, haɗawa da madara da mai, da soya shi a hankali.",supports,afrifact_data_culture_hausa_312,hausa,"Yanda ake hada Alkaki# 1: Zaka samu Alkama ka saka a kan tire kuma a ɗauko abubuwan da ba a so a cikin alkama da hannu. Mataki na 2: Fam don rage chaff (na zaɓi). Sannan a wanke da ruwa a yada ya bushe. Mataki na 3: A nika alkama kada ya zama foda (watau quartz) Mataki na 4: Ki samu kwandon ki hada da nikakken alkama da yoghurt/madara da mai. Mix shi don samar da kullu. Mataki na 5: Rufe shi don 3-5 hours. Mataki na 6: Ka sake haɗa shi, wannan lokacin a kan allon sara. A shafa mai don gujewa danko. Mataki na 7: Gyara zuwa sifofin da ake so kuma a rufe su da tawul mai tsabta. Mataki na 8: Yin amfani da kwanon frying, dafa sukarin adadin da ake so akan ƙaramin wuta. Mataki na 9: Ki kwaba sosai a zuba tamarind (tsamiya) da aka diluta ko kuma lemon tsami guda a samu Maganin Sugar. Mataki na 10: Ci gaba da dumi don guje wa ƙarfafawa. Mataki na 11: Soya kullu (Alkaki) ta amfani da kwanon frying akan ƙananan wuta. Bada shi ya koma launin zinari. Mataki na 12: Ki tace shi nan da nan ki zuba a cikin ruwan sukari. Bada minti 3-5. Mataki na 13: A ƙarshe, zuba shi a cikin akwati mai tsabta kuma ku ji daɗi.",True,35.29841293876409,supports,supports,True
afrifact_data_culture_igbo_681,igbo,Pericoma so n'aha mmanwụ ndị Igbo na-efe. Onweghi onye Igbo ji mmanwụ a egwu egwu,nei,afrifact_data_culture_igbo_404,igbo,"Otu onye n’ime ndị kachasị edee egwu mana emepụta egwu a bụ Chiifụ Stephen Osita Ọsadebe onye ọrụ ya ruru afọ iri anọ ma gafee. Ihe nkiri Osadebe gụnyere ọtụtụ egwu ama ama gụnyere egwu ""1984 ""Ọsọndị Owendị"" nke bugoro ya na ọkwa ụwa dịka onye mbụ bidoro Igbo haịlaịf . Ọ kwe ukwe na ọ kpọọ jita Oliver De Coque, bụ ""onye a gụnyere dịka otu n'ime ndị eji ama atụ na onye isi nkenkepụ n'egwu ọgbara ọhụrụ ama ama."" Coque bụ onye kpatara owuwu Igbo haịlaịf na nkanka. N'ime egwu ya ama ama bụ ""Biri Ka Mbiri"", ""Ana Enwe Obodo Enwe"", ""Nnukwu Mmanwu"" na ""Identity"", ha niile rụpụtara ọfụma na 1980 niile. Ndị ọzọ na-eme ihe nkiri n'oge gara aga n'ụdị a bụ ndị nyere nnukwu onyinye na mmepe ya bụ, Ali Chukwuma, , Sir Warrior, , Nico Mbarga, Oriental Brothers, Isaac Rogana Ottah, Ikem Mazeli.",False,27.510251760746996,supports,supports,False
afrifact_data_culture_igbo_524,igbo,Emmanuel Nnamdị Ụba tuuru ugo dị ka onye a họpụtara ịnọchite anya ndị ndịda Anambara na ntuli aka nke Epurel 2011.,supports,afrifact_data_culture_igbo_524,igbo,"Emmanuel Nnamdị Uba , ma ọ bụ Andy Ụba (amụrụ ya 14 Disemba 1958), bụ onye ndọrọndọrọ ọchịchị Naịjirịa nke ahọpụtara ka Sinatọ ndị ndịda Anambara , Naịjirịa, na Epurel 2011.",True,59.59618463516107,supports,supports,True
afrifact_data_culture_igbo_230,igbo,"Ọ bụrụ na e wepụ nkwado ndị APC, Obaseki agaghị ịbụ gọvanọ Edo steeti.",supports,afrifact_data_culture_igbo_231,igbo,"Makana e wepụ nkwado anyị, Obaseki agaraghị ịbụ gọvanọ Edo steeti"".",False,63.40204018333271,supports,supports,True
afrifact_data_culture_igbo_542,igbo,Ọkaiwu Paul Achalla onye IPOB ekwuola na ha na-agba mbọ ka facebook weghachite akantụ onye ndụ ha.,supports,afrifact_data_culture_igbo_542,igbo,"Paul Achalla bụ ọkaiwu na mba ofesi ma bụrụkwa onye otu Ipob ekwuola atụmatụ ha ga-agbaso iji weghachi akara Facebook onyeisi ha bụ Nnamdi Kanu. Na mkparịtaụka ya na BBC Igbo, Achalla kọwara na o nwereike ịbụ maka otu ihe maọbụ nke ọzọ ka e ji wetuo akara facebook Nnamdi Kanu, mana Facebook kwesịrị inye ya ohere ka ọ zara ọnụ ya. ",True,54.96613144846351,supports,supports,True
afrifact_data_culture_igbo_719,igbo,"John Abeng bụ onyeisi ndị uweoji na Steeti Anambra ekwughi ihe ọbụla banyere ịchụpụ ndị ohi, ndịotu nzuzo na ndị ntọrị mmadụ na Steeti Anambra.",refutes,afrifact_data_culture_igbo_720,igbo,"Onyeisi ndị uweojii na Anambra steeti bụ John Abang ewkusiela ike na ya ga-enye aka ka Anambra steeti bụrụ kpoo na-nchekwa. O kwukwara na ha ga akpalite ""Operation Puffadder i ji chụpụ ndị otu nzuzo,ndiohi ma ọkachasị ndị ntọrị.""",False,60.526386029949606,supports,supports,False
afrifact_data_culture_igbo_787,igbo,Kọmishọna na-ahụ maka azụmahịa aha ya bụ Christian Madụbuko gwara ndị Anambra ka ha na-akwụ onyeọbụla masịrị ha ụtụ isi.,refutes,afrifact_data_culture_igbo_787,igbo," Kọmịsọna na-ahụ maka azụmahịa Christain Madubuko kọwara na gọọmentị Anambra nwụchiri mmadu atọ na steeti ahụ. O kwuru na ndị a, nke otu n'ime ha a bụ eze, ji aghụghọ anapụ ndị mmadụ ego ụtụ isi n'ahịa. Madubuko dọkwara ndị mmadụ aka na ntị ha hie asaa na anya gbasara onye ha na-akwụ ụtụ isi ma kwukwa na ọ bụ sọsọ gọọmentị nwere ikike ihibe ahịa.",True,44.18426520403917,supports,supports,False
afrifact_data_culture_yoruba_280,yoruba,Ìgbà kan tún rèé tí Ààrẹ Buhari àtàwọn aṣòfin kọlu ara wọn lórí àbá owó ìṣúná ọdún 2016,nei,afrifact_data_culture_yoruba_346,yoruba,"""Ọpọlọpọ nkan lati n ṣe bayii lati ri i pe ọrọ ijinigbe di afisẹyin ti eegun n fiṣọ. Ati fi kun awọn ọlọpa to n duro loju ọna. Bakan naa ni a ti pe awọn miran ti kii ṣe ọlọpa mọra lati ran wa lọwọ. Ohun ti a fẹ lati ọdọ araalu ni pe ki wọn maa ta wa lolobo, gbadura fun wa, ki wọn si mu suuru diẹ fun wa, ao ṣiṣẹ naa bi iṣẹ A ko mọ boya awọn ajinigbe ti kan si awọn mọlẹbi awọn ti wọn ji gbe, nitori ileeṣẹ ọlọpa kii lọwọ si. Idi ni pe ọpọlọpọ ọdaran yoo maa lo anfaani pe ileeṣẹ ọlọpa faaye gba sisan owo fun ajinigbe lati maa ṣiṣẹ ibi. Ti a ba fun ẹnikan lowo loni, ẹlomii yoo tun wo awokọṣe naa lati ji ẹlomiran gbe. A si maa n rọ awọn araalu lati fi to wa leti ti awọn ajinigbe ba kan si wọn, ṣugbọn o ṣeni laanu pe mọlẹbi awọn ti wọn ba ji gbe kii ṣọ fun wa lasiko ti wọn ba kan si wọn tabi san owo itusilẹ.""",False,32.941081088822315,supports,supports,False
afrifact_data_culture_igbo_133,igbo,"Mgbe a na-akuziri ụmụnwoke etu ha ga-esi bụrụ ụmụnwoke ga-abara obodo uru, a na-ekwu ihe na-eme ebe ahụ.",refutes,afrifact_data_culture_igbo_612,igbo," Ụmụnna - Ndị a bụ ụmụnwoke ụmụọkpala si n'ezinaụlọ dị icheiche n'obodo. Ha bụ ndị na-eme mkpebi gbasara okwu dị icheiche n'obodo etu o si gbasara agamnihu na ọdịmma obodo. Ndị ụmụnna ka a na-ekpesara ma onye ọbụla mee ihe ọjọọ, ha bụ ndị na-aga n'ọnụ arụsị ịchọpụta ihe arụsị na-ekwu gbasara obodo maọbụ gbasara ezinaụlọ ha.",False,41.1392387119848,supports,supports,False
afrifact_data_culture_igbo_198,igbo,Akụkọ a ma ama na-ekwu na-ekwu na onye mbụ a mara nke ọma n'Akwete bụ Dada Nwakata.,supports,afrifact_data_culture_igbo_198,igbo,Akụkọ ọdịnala a ma ama na-ekwu na otu nwanyị aha ya bụ Dada Nwakata bụ onye mbụ a maara nke ọma na Akwete.,True,78.60359234572414,supports,supports,True
afrifact_data_culture_yoruba_223,yoruba,Aago mẹ́fà àbọ̀ òwúrọ̀ ni àwọn akẹ́kọ̀ọ́ máa ń tò wọlé ní àwọn ilé-ìwé òkè òkùn.,nei,afrifact_data_culture_yoruba_493,yoruba,"Awọn ere idaraya yii ma n jẹ ki ifẹ gbooro si laarin awọn ewe ati ọdọ ni agboole si agboole, ati wi pe, o ma n wu awọn ọmọde naa lati tete dagba ni kiakia, nitori naa ni wọn ṣe n ṣe awọn ere ohun. Erebọọlu lo pọ ju laarin awọn ọmọkunrin gẹgẹ bi ere ṣiṣe, amọ awọn ere ọmọde wọnyiii wa ti wọn tun kundun lati ma a ṣe, paapaa ti wọn ba de lati ile iwe ati labẹ osupa lalẹ ti wọn ba de ile. Awọn ere ọmọde to wọpọ laye igba kan: Ere Tẹ́ntẹ́: Ti wọn ba fẹ ṣe ere yii, awọn ọmọdebinrin a kọju si ara wọn, wọn a si ma a patẹwọ, ti wọn a si maa gbe ẹsẹ wọn bakan naa si orin Tẹ́ntẹ́ ti wọn ba n kọ.",False,34.37374459440163,supports,supports,False
afrifact_data_culture_yoruba_056,yoruba,Kò sí àgbàlagbà ọkùnrin tí ó fi ipá bá àwọn ọmọdé lò lásìkò yìí.,refutes,afrifact_data_culture_yoruba_493,yoruba,"Awọn ere idaraya yii ma n jẹ ki ifẹ gbooro si laarin awọn ewe ati ọdọ ni agboole si agboole, ati wi pe, o ma n wu awọn ọmọde naa lati tete dagba ni kiakia, nitori naa ni wọn ṣe n ṣe awọn ere ohun. Erebọọlu lo pọ ju laarin awọn ọmọkunrin gẹgẹ bi ere ṣiṣe, amọ awọn ere ọmọde wọnyiii wa ti wọn tun kundun lati ma a ṣe, paapaa ti wọn ba de lati ile iwe ati labẹ osupa lalẹ ti wọn ba de ile. Awọn ere ọmọde to wọpọ laye igba kan: Ere Tẹ́ntẹ́: Ti wọn ba fẹ ṣe ere yii, awọn ọmọdebinrin a kọju si ara wọn, wọn a si ma a patẹwọ, ti wọn a si maa gbe ẹsẹ wọn bakan naa si orin Tẹ́ntẹ́ ti wọn ba n kọ.",False,26.75428794511249,supports,supports,False
afrifact_data_culture_hausa_573,hausa,Taɓarya ta na da muhimmanci sosai wurin yin jajjage.,nei,afrifact_data_culture_hausa_408,hausa,"A Musulunci, Musa fitaccen Annabi ne kuma manzon Allah kuma mutum ne da aka fi ambata a cikin Alkur’ani, inda aka ambaci sunansa har sau 136, an kuma ba da labarin rayuwarsa fiye da na kowane Annabi. Ana ɗaukan Yesu wani annabi mai muhimmanci tare da haihuwarsa mara uba, (66:12, 21:89) na musamman tare da furcin da aka yi amfani da shi a gare shi, kamar “kalmar” da “ruhu” daga wurin Allah da kuma sura da aka keɓe ga uwarsa Maryamu a cikin Littafi Mai Tsarki.",False,10.080902853474386,supports,supports,False
afrifact_data_culture_yoruba_290,yoruba,Sunday Igboho ni àwọn ará Kebbi àti Zamfara kọ́ ló n jínígbé ní Oke Ogun.,refutes,afrifact_data_culture_yoruba_634,yoruba,Iṣẹ́ ti àwọn ará Ipetumodu máa ń ṣe ni iṣẹ́ àgbẹ̀ àti iṣẹ́ ìkòkò mímọ. Ìtàn ìlú ipetumodu [ | ] Àwọn akọni tó kọ́wọ̀ọ́rìn bíi Orunmila àti Obatala ló tẹ ìlú náà dó láti àringbùngùn ayé.,False,18.176932174825577,nei,nei,False
afrifact_data_culture_yoruba_084,yoruba,Baba Ginimbi àti ẹ̀gbọn rẹ̀ wà lára àwọn tí ó ṣorò níbi ìsìnkú rẹ̀.,supports,afrifact_data_culture_yoruba_653,yoruba,"Ẹ̀sìn Búddà Ìgbàgbọ́ ìbílẹ̀ fi han wí pé a bi Budda si ìdílé Ọba ni Orílé-èdè . Nítorí náà, àwọn àwòràwọ̀ wí pé ní ìlú èyí tí o ti di òrìṣà àkúnlẹ̀bọ ní ìlú “India” ni a gbé bí i. O jẹ́ ọmọ ẹbí Orùkọ bàbá rẹ ni A bí Budda nínú ìdílé Ọba. Orúkọ ìyá rẹ ni Kò si ẹni ti o mọ àkọsílẹ̀ ọjọ́ ibi rẹ̀ pàtó tàbí ti o ni àkọsílẹ̀ rẹ̀. Olúkúlùkù kan ńsọ àwọn ọjọ́ ti wọn rò pe o le jẹ́ ni nítorí kò si àkọsílẹ̀ kan pàtó ti a le tọka sí.",False,28.492447705467107,supports,supports,True
afrifact_data_culture_igbo_726,igbo,"Naịjrịa bụ mba nwere ọtụtụ agbụrụ. N'agbanyeghị agbụrụ dị icheiche dị na Naịjirịa, e nwere ihe ndị na-ejikọ ha ọnụ. Ofufe ndị, ihe nkiri ha na ndọrọndọrọ ọchịchị so na ihe na-akpa oke n'etiti Naịjirịa.",supports,afrifact_data_culture_igbo_723,igbo,"Ihe kacha mkpa bụ na n'agbanyeghị na e nwere agbụrụ dị iche iche na Naịjirịa, e nwere ihe ole na ole na-ejikọta agbụrụ niile ahụ. Ihe ndị ahụ na-abụ o na-eme, ndị mmadụ echefuo agbụrụ nke ha, ma tinye uchu ha n'ikwado ya. Ihe ndị na-ejikọta Naịjirịa Ọtụtụ oge ka ndị Naịjirịa anaghị ekwekọrịta n'ụfọdụ ihe dịka ofufe na okwukwe ndị, ndọrọndọrọ ọchịchị nakwa ihe nkiri nke Bekee kpọrọ ""movies",False,98.80748579805449,supports,supports,True
afrifact_data_culture_yoruba_405,yoruba,"Àsìkò tí ìkọlù yìí wáyé láàárín àwọn akẹ́kọ̀ọ́ FUOYE àti ọlọ́pàá ni ìyàwò Gómìnà ìpínlẹ̀ Èkìtì rìn sí, àmọ́ ìròyìn fi lélẹ̀ pé ìjàm̀bá kankan kò ṣe é.",supports,afrifact_data_culture_yoruba_343,yoruba,"""Ọpọlọpọ nkan lati n ṣe bayii lati ri i pe ọrọ ijinigbe di afisẹyin ti eegun n fiṣọ. Ati fi kun awọn ọlọpa to n duro loju ọna. Bakan naa ni a ti pe awọn miran ti kii ṣe ọlọpa mọra lati ran wa lọwọ. Ohun ti a fẹ lati ọdọ araalu ni pe ki wọn maa ta wa lolobo, gbadura fun wa, ki wọn si mu suuru diẹ fun wa, ao ṣiṣẹ naa bi iṣẹ A ko mọ boya awọn ajinigbe ti kan si awọn mọlẹbi awọn ti wọn ji gbe, nitori ileeṣẹ ọlọpa kii lọwọ si. Idi ni pe ọpọlọpọ ọdaran yoo maa lo anfaani pe ileeṣẹ ọlọpa faaye gba sisan owo fun ajinigbe lati maa ṣiṣẹ ibi. Ti a ba fun ẹnikan lowo loni, ẹlomii yoo tun wo awokọṣe naa lati ji ẹlomiran gbe. A si maa n rọ awọn araalu lati fi to wa leti ti awọn ajinigbe ba kan si wọn, ṣugbọn o ṣeni laanu pe mọlẹbi awọn ti wọn ba ji gbe kii ṣọ fun wa lasiko ti wọn ba kan si wọn tabi san owo itusilẹ.""",False,64.29201804593481,supports,supports,True
afrifact_data_culture_hausa_638,hausa,Al'umma daban-daban su na da irin nasu salon kiɗa da waƙa.,nei,afrifact_data_culture_hausa_634,hausa,"Yawancin waqoqin zamani suna nuna sukar al'adar waka, gwada ƙa'idar euphony kanta ko kuma gaba ɗaya barin waƙa ko saita kari. A cikin duniyar da ke ƙara haɓaka, mawaƙa sukan saba da tsari, salo, da dabaru daga al'adu da harsuna daban-daban. Mawaƙa sun ba da gudummawa ga haɓakar harshe, bayyananniyar halaye, da amfani na harsunansu.",False,25.179817331269444,supports,supports,False
afrifact_data_culture_hausa_343,hausa,ƙwallon kwando an ƙirƙire ta ne a Asiya,refutes,afrifact_data_culture_hausa_344,hausa,"An ƙirƙira shi a cikin 1891 ta malamin motsa jiki ɗan ƙasar Kanada-Ba-Amurke James Naismith a Springfield, Massachusetts, Amurka, ƙwallon kwando ya samo asali ya zama ɗayan shahararrun wasanni na duniya da ake kallo. Ƙungiyar ƙwallon kwando ta ƙasa (NBA) ita ce babbar ƙungiyar ƙwallon kwando mafi mahimmanci a duniya ta fuskar shahara, albashi, hazaka, da matakin gasa.",False,28.605057532959027,supports,supports,False
afrifact_data_culture_yoruba_185,yoruba,Ọwọ́ àwọn Gómìnà ìpínlẹ̀ kò sí nínú owó tí wọ́n máa ń fún àwọn ẹka ìjọba.,refutes,afrifact_data_culture_yoruba_348,yoruba,"Ọ̀pọ̀lọ̀pọ̀ ìgbà ni ìjínigbé ti wáyé ní ojú ọ̀nà ìlú Ọ̀wọ̀ sí Ìkàrẹ́-Àkókó. Alukoro fun ileeṣẹ ọlọpa nipinlẹ Ondo, Fẹmi Joseph sọ fun akọroyin BBC Yoruba, pe eniyan mẹta ni awọn ti wọn ji gbe lootọ, ṣugbọn ''ileeṣẹ ọlọpaa ko ti i le sọ boya Fulani lo ji wọn gbe nitori pe a ko ti i ri wọn'' tako iroyin to jade pe awọn fulani daran-daran lo ji wọn gbe. Bakan naa lo sọ ijinigbe ati iwa ọdaran gbogbo kiiṣe ọrọ ẹya tabi ẹsin. Ile isẹ ọlọpaa n gbe Ọrẹkunrin Khadijat rẹlẹ ẹjọ ni Ọjọ Aje ""Ọwọ wa tẹ awọn afurasi ajinigbe mẹjọ ni bi ọsẹ meji sẹyin, ko si si ẹya Fulani kankan lara wọn. Awọn mẹjọ naa si ti wa ni ihamọ nitori ọrọ wọn ti de ile ẹjọ."" Gẹgẹ bi ohun ti Joseph sọ, ọkan lara awọn mẹta ti wọn ji gbe jẹ olukọ ni ileewe gbogbonise Rufus Giwa to wa ni ilu Ọwọ nipinlẹ Ondo. Ọna to lọ si ilu Ipele nitosi Ọwọ ni wọn ti ji olukọ naa gbe.",False,28.41245697580357,supports,supports,False
afrifact_data_culture_hausa_257,hausa,Hausa koko abu ne na yau-da-kullun a Ghana kuma ana ci da abincin gargajiya kamar ƙosai ko Akara.,supports,afrifact_data_culture_hausa_257,hausa,"An kira shi Hausa koko saboda ra'ayin da aka kirkire shi a yankunan Arewacin Ghana. Hakanan abu ne na yau-da-kullun a cikin yankuna daban-daban a Ghana. Yawanci ana tare da furen wake na Ghana wanda ake kira ƙosai, ɗanyen garin soyayyen garin- Pinkaso ko wainar wake ta Nijeriya da ake kira Akara. ",True,55.74737692499211,supports,supports,True
afrifact_data_culture_yoruba_190,yoruba,Ààrẹ ń sọ̀rọ̀ kábakàba bí ẹni pé ọmọ egbẹ́ lẹ́yìnlẹ́yìn ni.,nei,afrifact_data_culture_yoruba_652,yoruba,"Ní ìgbà tí o di ọmọ ọdún mẹ́rìndínlógún ni o gbé ìyàwó, orúkọ́ ìyàwó rẹ̀ a má jẹ́ “Yasodhara”, Nígbà tí o pé ọmọ ọdún mọ́kàndínlọ́gbọ́n ni ìyàwó rẹ̀ bi ọmọ ọkùnrin kan fún-un orúkọ rẹ̀ a ma jẹ́ “Rahula”. Lẹ́hìn tí o bi ọmọ yii tán ìtàn fi ye wa wí pé o se ìrìnàjò lori ẹ̀sìn lẹ́ẹ̀mẹ́rin ọ̀tọ̀ọ̀tọ̀, nígbà tí ọ̀pọ̀ ìtàn sọ wí pé ń se ni o ri ìran lẹ́ẹ̀mẹ́rin.",False,20.77982997557548,supports,supports,False
afrifact_data_culture_yoruba_172,yoruba,"Àná ni Pópọ́ọlá wọ aṣọ aláwọ̀ aró, ò ní ni Wọlé wọ tirẹ̀.",nei,afrifact_data_culture_yoruba_044,yoruba,Àwọn wọ̀nyí ni wọ́n ma ń pidán tí wọ́n sì ma ń yí . Egúngún Apẹ̀ṣà. Irúfẹ́ àwọn egúngún wọ̀nyí ló m a ń kọrin ki àwọn ènìyàn. Egúngún Aláago. Àwọn eégún wọ̀nyí jẹ́ egúngún oní fàájì àti bbl. Orúkọ tí wọ́n ń pe àwọn egúngún wọ yí tún yàtọ̀ síra wọn ní ìlú sílú ati àdúgbò sí àdúgbò. Ìtàn nípa Egúngún [ | ] Onirunrun itan lo ro mo Iwasayi tabi ibere egungun sugbon eyi ti a o salaye ni Itan akoni ti a mo si Ogogo omo kulodo.,False,18.441434425500898,nei,nei,True
afrifact_data_culture_yoruba_739,yoruba,"Ní ilẹ̀ Yorùbá,  tí obìnrin bá ń ṣe ìgbéyàwó, dandan ni kí ó wọ ilẹ̀kẹ̀ sọ́rùn.",nei,afrifact_data_culture_yoruba_004,yoruba,"Èyíkéyí ọ̀nà tí wọn kí báà gbà gbìn in, ọ̀dùnkún yóò hu ewé, ó sì tún ma ń mí kí afẹ́fẹ́ lè wọ inú rẹ̀ nígbà tí ó bá ń ìdàgbà-sókè lọ́wọ́ àwọn ibi tí ó ń gbà mí Yii ni àwọn onímọ̀ ń pe ní . Ibi tí ó ń gbà mí yìí ni ó pọ̀ lára rẹ̀ gẹ́gẹ́ bí ilẹ̀ bá ṣe gbàá láàyè sí. Ọ̀dùnkún ma ń tóbi si nínú ilẹ̀ bí àsìkò bí ọjọ́ bá ṣe ń lọ sí lórí rẹ ni. Lẹ́yìn tí ó bá hu ewé tán ni yóò mú iṣu ànàmọ́ jáde pẹ̀lú àwọ̀ tí ó bá wà lára èyí tí a ti gbìn tẹ́lẹ̀.",False,32.40510639307204,supports,supports,False
afrifact_data_culture_yoruba_416,yoruba,"Ikú Ebila le mú kí ẹgbẹ́ One Million Boys sọ agbára nù, àmọ́  ó túnbọ̀ ró àwọn ẹgbẹ́ òkùnkùn kékèèké mìíràn lágbàra.",refutes,afrifact_data_culture_yoruba_417,yoruba,"Ṣe iku Abiola Ebila yoo fopin si ẹgbẹ one million boys bi? Ni ọjọ mẹta ṣẹyin, ni osu kẹrin, ọdun 2020, ni Abiola Ebila pa orogun rẹ ninu ẹgbẹ okunkun miran, Ekugbemi, lati igba naa si ni awọn agbofinro ti n wa Abiola Abila, ko le e koju igbejọ ẹṣun naa. Ni irọlẹ ọjọ Aiku, ọjọ Kejila oṣu Keje ọdun 2020 ni ariwo gba ilu kan pe ọwọ ti tẹ olori ọmọ ẹgbẹ one million boys, Abiola Ebila, to si ti jẹ Ọlọrun nipe. Ariwo ayọ gba ilu kan pe eegun ẹyin ẹgbẹ okunkun naa ti ṣẹ, paapaa pẹlu olori rẹ to ku naa, ti awọn ọmọ ẹyin rẹ yoo si fi ẹsẹ fẹ. Ṣugbọn ibeere ti ọpọ eeyan n beere ni pe, ṣe opin patapata ti de ba ẹgbẹ aseku pani one million boys ni bayii ti olori wọn ti silẹ bora? Ṣugbọn awọn miran n ro ninu ọkan wọn pe, agbo to fi ẹyin rin lọ ni ọrọ ẹgbẹ okunkun one million boys yii lee jẹ, o ṣee ṣe ki wọn lọ tun agbara mu wa.",False,58.69021948415407,supports,supports,False
afrifact_data_culture_igbo_755,igbo,Ndị Brazil nyere goolu ozugbu Neymar gbanyere bọọlụ na poostu.,refutes,afrifact_data_culture_igbo_756,igbo," Brazịl gaara enye goolu ugbua, ka Paulinho gbabatara nso poostu, Neymar bufeere ya bọọlụ, mana ọ banyeghị ọfụma n'ụkwụ Paulinho, mere ka ọ gbafuo ya. Nkeji 10: Ụkwụ Neymar emetụbeghị bọọlụ ọfụma etu ndị mmadụ chọrọ maọbụ na-eche. ",False,36.57911832632387,supports,supports,False
afrifact_data_culture_igbo_498,igbo,"Ngozi Okonjo Iweala bụ mịnịsta na-ahụ maka ego na Nigeria, malite n’afọ 2003 rue 2006; nakwa site n’afọ 2011 rue 2015.",supports,afrifact_data_culture_igbo_497,igbo,Ngọzị Okonjọ-Iweala rụrụ ọrụ dịka Mịnịsta na-ahụ maka ihe niile gbasara ego (Minister of Finance) na . Ọ rụrụ ọrụ mịnịsta ugboro abụọ: sitē n’afọ 2003 rue afọ 2006; sitekwa n’afọ 2011 rue 2015.,False,76.3810735386732,supports,supports,True
afrifact_data_culture_hausa_018,hausa,An kashe Sir Ahmadu Bello a gidansa a ranar 12 ga watan Junairu.,refutes,afrifact_data_culture_hausa_215,hausa,"A ranar 15 ga watan Janairun shekarar 1966, wani matashi da Firimiyan Bello ya rika wato Chukwuma Kaduna Nzegwu ya jagoranci juyin mulki a lokacin yana Cadet a NDA, suka kifar da gwamnatin da kashe shi da kashe Firimiyan da wasu yan' siyasan",False,29.353041820472413,refutes,refutes,True
afrifact_data_culture_igbo_476,igbo,"Ndị mgbe gboo ji Ibini Ukpabi edozi esemokwu na nsogbu ndị dịka esemokwu ezinụlọ, igbu ọchụ, na ịta amoosu.",supports,afrifact_data_culture_igbo_477,igbo,"Eji Ibini Ukpabi dozie nsogbu, karịsịa nke igbu ọchụ, amoosu, nsị na esemokwu ezinụlọ. ",False,80.89155362406973,supports,supports,True
afrifact_data_culture_hausa_487,hausa,Muhammad Auwal Albaniy Zariya ya rasu sanadiyyar hatsarin mota.,refutes,afrifact_data_culture_hausa_488,hausa,Ƴan bindigar sun harbe Sheikh Muhammad Auwal Adam Albani Zariya tare da ɗaya daga cikin matansa a cikin garin a kan hanyarsu ta dawowa gida bayan sun halarci karatun Tafsirin yamma da suka saba zuwa a cikin garin.,False,20.861404616782792,refutes,refutes,True
afrifact_data_culture_hausa_556,hausa,Almajiri shi ne wanda ya bar garinsu zuwa wani gari don kasuwanci.,refutes,afrifact_data_culture_hausa_467,hausa,"Ana fitar da ita ne daga cikin dukiyar da ya mallaka wanda ya haɗa da tsabar , kadara, da kuma ma'adanai wanda yakai tsawon wani adadi na musamman sannan kuma ta kai wani lokaci keɓantacce zuwa ga waɗansu keɓantattun .",False,15.8578852569889,refutes,refutes,True
afrifact_data_culture_yoruba_560,yoruba,"Láti rìnrìn-àjò dé Porto Novo láti Èkó, èèyàn á nílò láti wọ ọkọ̀ ojú ọ̀nà.",refutes,afrifact_data_culture_yoruba_561,yoruba,"Gẹ́gẹ́bí erékùsù Èkó, Àgbádárìgì jẹ́ ìlú tí a tẹ̀dó sí etí omi, nítorí ìdí èyí, àyè wà láti rìnrìn-àjò gbojú omi láti Èkó sí Ìlú Porto Novo.",False,52.22320167588591,supports,supports,False
afrifact_data_culture_yoruba_552,yoruba,"Matthew Aremu tí a tún mọ̀ sí Olúṣẹ́gun Ọbásanjọ́ je àgbà olóṣèlú, ajagun-fẹ̀yìntì, àti ààrẹ àná ní orílẹ̀-èdè Nàìjíríà.",supports,afrifact_data_culture_yoruba_551,yoruba,"Matthew Àrẹ̀mú Olúṣẹ́gun Ọbásanjọ́ (tí wọ́n bí ní Ọjọ́ karùn-ún oṣù kẹta ọdún 1937) jẹ́ gbajúmọ̀ àgbà olóṣèlú, ajagun-fẹ̀yíntí àti Ààrẹ àná orílẹ̀ èdè Nàìjíríà. Orúkọ bàbá rẹ̀ ni Amos Àdìgún Ọbalúayésanjọ́ ""Obasanjo"" Bánkọ́lé, ìyá rẹ̀ sìn ń jẹ́ Àṣàbí.Ọbásanjọ́ jẹ́ ọmọ bíbí Òwu ní ìlú Abẹ́òkúta ní ìpínlẹ̀ Ògùn lórílẹ̀ èdè Nàìjíríà. Ìyá rẹ̀ kú ní ọdún 1958, bàbá rẹ̀ sìn kú bákan náà ní ọdún 1959.",False,70.62828576673374,supports,supports,True
afrifact_data_culture_yoruba_233,yoruba,Àfọ̀njá kò rí àtìlẹyìn kankan gbà lọ́dọ̀ Hausa nígbà tí ó dìtẹ̀ lórí ìjọba.,refutes,afrifact_data_culture_yoruba_443,yoruba,"Igboho lo sọ ọrọ naa nibi ipade kan ti Ọjọgbọn Banji Akintoye, to jẹ aṣiwaju nilẹ Yoruba naa wa. O ṣalaye pe ko si nnkankan to n jẹ iṣọkan Naijiria mọ lẹyin ti eto abo ilẹ Yoruba mẹhẹ, ti ijọba apapọ ko si ri ohun kankan ṣe nipa rẹ. Bakan naa lo tun ṣalaye pe oun atawọn ikọ oun ti ṣetan lati koju awọn ọdaran Fulani lọna ati le wọn kuro ni gbogbo ilẹ Yoruba patapa. Gẹgẹ bo ṣe sọ, ""a o lọ ṣi awọn ẹnu ibode wa ti ijọba apapọ ti pa, a o si ṣigbogbo rẹ ki ounjẹ le maa wọle."" ""A kii ṣe ara Naijiria mọ, ọlọpaa ti wọn ba bi daa, ko da wa lọna tabi ko gbiyanju lati mu ẹnikẹni ninu wa, igba yẹn ni wọn yoo mọ pe ẹnu Yoruba ko."" Igboho sọ pe ko si anfani kankan ti ẹya Yoruba n ri ninu Naijiria gẹgẹ bii orilẹ-ede nitori gbogbo ipo to ṣe pataki ninu ijọba to wa lode yii ni Hausa n ṣakoso. O pari ọrọ rẹ pe digbi ni oun wa lẹyin awọn agbagba Yoruba lori igbesẹ wọn lati gba ominira kuro ni Naijiria.",False,30.68462903782922,supports,supports,False
afrifact_data_culture_yoruba_764,yoruba,Irúfẹ́ àwọn orúkọ mìíràn tí a tún lè pe ọbẹ̀ yìí pín sí méje.,refutes,afrifact_data_culture_yoruba_765,yoruba,"Àwọn orúkọ mìíràn tí wọ́n tún ń pe ọbẹ̀ náà ni uha àti ọbẹ̀ ora. Àwọn Oúnjẹ tí ẹ le fi jẹ Oha [ | ] Ọbẹ̀ oha/Uha dára jù lọ pẹ̀lú fùfú. Iyán, sẹ̀mó, ọlá àti ẹ̀bà gbogbo àwọn wọ̀nyí náà ni wọ́n dára pẹ̀lú ọbẹ̀ oha.",False,29.14210581704247,supports,supports,False
afrifact_data_culture_igbo_743,igbo,Jurgen Klopp kwuru na ọ gaghị akwụ ụgwọ iwu ọ dara n'ihi na o mere ya na-amaghị ama.,refutes,afrifact_data_culture_igbo_744,igbo,"N'egwuregwu Onye nchịkọta otu egwu Liverpool bụ Jurgen Klopp anabatala iwu ego dị nde paụnds asatọ e riri ya maka ịgbaba n'ime ọgbọ egwuregwu. Klopp kwuru na ọ bụ eziokwu na ọ dara iwu, na ọ pụghị ịgbanarị nke a. ",False,40.879502782183685,supports,supports,False
afrifact_data_culture_igbo_347,igbo,"Na Republic nke abụọ nke Nigeria, P.N. Okeke-Ojiudu ji ọkwa Gọvanọ Anambara. ",refutes,afrifact_data_culture_igbo_343,igbo,"Mgbe ọ gachara ịzụ ahịa akwa na ngwa ụlọ, Okeke-Ojiudu banyere itinye aka na ndọrọ ndọrọ ochịchị na 1950 meriri ntuli aka nke Gọọmentị Obodo na obodo ya, na 1951 wee bụrụ onye otu ndị Northern District Council ebe a họpụtara ya Onye isi oche nke ndị ọrụ na Kọmitii Mmụta.",False,18.76655219635377,supports,supports,False
afrifact_data_culture_igbo_806,igbo,Mazị Sam Ohuabunwa bụ ọkaibe n'ihe gbasara mkpata na mmefu akụ . Mazị Sam Ohuabunwa kwenyere na ndị Naịjirịa ji ụgwọ nwere ike ime ka ego Naịjirịa gharazi iwe isi nke na agaghịzi enwewu ike iji ya gotelie ihe na mba ụwa.,supports,afrifact_data_culture_igbo_805,igbo,"Mazị Sam Ohuabunwa bụ onye ihe gbasara mkpata na mmefu akụ doro anya kwenyere na ya bụ egwu Atiku na-atụ. Ọ sị na n'ezie, ndị ebitere ego nwereike ịbịa were akụ na ụba Naịjirịa, mana na-enwere ụzọ ọzọ ha ga-esi gbata ụgwọ ego ha karịrị ịnwere akụ na ụba Naịjirịa. Ọ sị na ""ha nwereike ịme ka ego Naịjirịa tipie etipie nke bụ na-ọnweghịzị ihe ọ ga-egoteli na mba ụwa. Onweghịzịkwa ndị ga-atụkwasa Naịjirịa obi maka iresi ha ihe ma ha ejighị ego"".",False,98.65997478455768,supports,supports,True
afrifact_data_culture_hausa_673,hausa,Ana zargin 'yan bindiga dadi da kisan mutane lokacin da aka saka dokar hana zirga-zirgar jama'a.,refutes,afrifact_data_culture_hausa_674,hausa,Ta ce bincikenta ya nuna cewa jami'an tsaro sun kashe mutane akalla 18 daga lokacin da dokar takaita zirga-zirgar ta soma aiki a ranar 30 ga watan Maris.,False,37.09311613140286,supports,supports,False
afrifact_data_culture_igbo_102,igbo,Odogwu Afrịka chịrị Zimbabwe bido afọ 1980 ruo afọ 2017,supports,afrifact_data_culture_igbo_101,igbo,Ya bu odogwu Afrịka chịrị Zimbabwe bido afọ 1980 ruo afọ 2017.,False,73.94298081082509,supports,supports,True
afrifact_data_culture_igbo_752,igbo,Swizaland nọ n'ọkwa isii nke mba kachasị agba bọọlụ dịka mkpọpụta ndị FIFA si dị. Ndị mmadụ na-ele ndị Brazil ịma ma ha a ga-eme nke ọma karịa Jamini.,supports,afrifact_data_culture_igbo_752,igbo,"Ndị FIFA kpọrọ aha Swizaland n'ọkwa isii nke ọkachasị agba bọọlụ nke afọ a, tupu Iko Mbaụwa a ebido. Anya niile dị n'ahụ Brazịl ịma ma ha a ga-eme ọfụma karịa ndị Jamini e meriri taa.",True,89.30643682591754,supports,supports,True
afrifact_data_culture_hausa_040,hausa,Kasar Landan ba ta cikin wuraren da Abubakar Tafawa Balewa ya yi karatu.,refutes,afrifact_data_culture_hausa_072,hausa,A cikin watan Satumban shekara ta alif 1946 an ba shi tallafin karatu zuwa Jami'ar Institute of Education da ta ke a Landan tare da Prime minister na farko a Najeriya wato Alhaji Sir Abubakar Tafawa Balewa.,False,42.39051955981424,supports,supports,False
afrifact_data_culture_hausa_329,hausa,Agwaluma na taimakawa wajen rage alamun zazzabi da kuma inganta lafiyar jiki yayin cututtuka masu alaƙa da malaria.,supports,afrifact_data_culture_hausa_321,hausa," wa lafiyar ɗan’adam kamar yadda ake ta yayatawa, binciken masana ya tabbatar da cewa, “Amfanin goro ga lafiyar ɗan’adam ya fi illolinsa yawa”, Ugwu da Tawagarsa (2020). Yana washe (wanke) baki, yana ƙara kuzari, yana gusar da yunwa da ƙishin ruwa, yana wartsakar da jiki sannan kuma yana ɗauke da sinadaran magani da sauran abubuwa masu tarin yawa (Lovejoy, 1980) A kimiyyance ana kiran itaciyar da ",False,21.22879067224973,supports,supports,True
afrifact_data_culture_igbo_423,igbo,Obodo ọtụtụ mmadụ bi n'ime ya na-enwe nsogbu mmiri na ebe obibi dị mma karịsịa ebe ha dị obere.,nei,afrifact_data_culture_igbo_424,igbo,"Mbaise bụ mpaghara dị na Imo Steeti na ndịda ọwụwa anyanwụ . N'etiti , mpaghara ahụ gụnyere ọtụtụ obodo na obodo ukwu. Ndị bi na ya bụ ndị agbụrụ, ndị jikọtara site na alụmdi na nwunye. Mbaise bụ mpaghara kacha nwee ọnụ ọgụgụ mmadụ n'Ebe Ọdịda Anyanwụ Afrịka; ọnụ ọgụgụ ndị bi na ya n'afọ 2006 bụ puku narị isii na iri nà otu, narị abụọ na anọ.",False,24.766453771719103,supports,supports,False
afrifact_data_culture_hausa_315,hausa,Hausawa suna amfani da gyaɗa wajen haɗa ƙuli-ƙuli da wasu nau’ikan abinci ba wai miyar gyaɗa ba kawai.,nei,afrifact_data_culture_hausa_286,hausa,"ƙuli-ƙuli ana iya cinsa ta hanyoyi da dama wasu sukan sanya shi a cikin garin rogo su sha, wasu kuma sukan iya cinsa da Bazan-ƙwaila, wasu kuma suna cin sa haka nan zallansa.",False,32.972853183263894,supports,supports,False
afrifact_data_culture_yoruba_266,yoruba,"Nínú ìtàn, Gẹ̀lẹ̀dẹ́ àti Ẹ̀fẹ̀ kò rú ẹbọ tí Ifá wí ni wọn ò ṣe rọ́mọ bí láyé.",refutes,afrifact_data_culture_yoruba_267,yoruba,"Àbíkéjì Yemọja tó jẹ́ obìnrin tí orúkọ rẹ̀ ń jẹ́ ""Gẹ̀lẹ̀dẹ́"" ni ó sanra gẹ́gẹẹ́ bí ìyá wọn, tí ó dì fẹ́ràn ìyá wọn gidigidi, tí òun náà sì fẹ́ràn láti ma jó. Lẹ́yìn tí àwọn ọmọm méjèjì náà deni tí ń láya òun ọkọ, wọ́n níi. Ṣùgbọ́n, àwọn náà kò rọ́mọ bí, nìyá wọn bá tún gboko Aláwo lọ̀. Ifá ní kí Ẹ̀fẹ̀ òun Gẹ̀lẹ̀dẹ́ ó rúbọ tí ìyá wọ rú kí àwọn náà ó lè dọlọ́mọ láyé. Wọ́n rúbọ gẹ́gẹ́ bí ifá ti wí; ni wọ́n bá dọlọ́mọ wẹẹrẹ lọ́ọ̀dẹ̀.",False,34.192170832040084,supports,supports,False
afrifact_data_culture_igbo_556,igbo,Ọsụọfịa na Ada Jesus nwere esemokwu. Nke mere ka Ada Jesus bụrụ onye nwụrụ anwụ.,nei,afrifact_data_culture_igbo_557,igbo,"Mmesoma Mercy Cynthia Obi Ada Jesus nwụrụ ụbọchị Wenezde n'ụlọọgwụ dị n'Abuja ebe e bugara ya maka ịgwọ ya ọrịa metụtara akịrị, abalị ole na ole o jiri mechaa ncheta ọmụmụ ya. Ụbọchị ncheta ọmụmụ Ada Jesus - Mmesoma Mercy Obi na 19 Epreelu, 2021 Ada Jesus, di ya na ndị ọzọ so ṅụrịa ụbọchị ncheta ọmụmụ ya Otu onye ya na-ezinaụlọ ya dị na mma bụ Harrison Gwamishu gwara BBC Igbo n'ekwentị na akụkọ ahụ bụ eziokwu. ",False,42.458920339413865,supports,supports,False
afrifact_data_culture_hausa_617,hausa,Mamman Shata mawaƙi ne mai kaifin basira wanda ke iya yiwa duk abinda ya ga dama waƙa.,supports,afrifact_data_culture_hausa_623,hausa,"Daya daga cikin hikimomin da ya baiwa Marigayin Dr. Mamman Shata shi ne cewar yana iya kirkirar waka a duk lokacin da ya ga dama ko kuma aka bukaci da ya yi hakan. Misali, wakar da ya yi ta Dajin-runhu da kuma wakar da ya yi ta Canada Centre a lokacin da ya kai ziyara kasar .",False,27.84212241538845,supports,supports,True
afrifact_data_culture_yoruba_461,yoruba,Ọgbẹni Egbebi ò gbìyànjú láti lọ bere lọwọ awọn ara inu ọja kí ó tó gba ohun tí ìyàwó rẹ̀ sọ gbọ́,refutes,afrifact_data_culture_yoruba_335,yoruba,"LASEMA ati awọn ile ise pajawiri yo ọkọ ti o jasosa lati ṣe afihan ìṣẹlẹ pajawiri Eyi lohun ti Kevin Hines to gbiyanju lati fo sinu odo ko le gba ẹmi ara rẹ ni Golden Gate Bridge ti San Francisco ninu oṣu kẹsan ọdun 2000. bi o tilẹ jẹ wi pe ọpọ eniyan lo ri i lori afara ko to gbiyanju lati pa ara rẹ - koda onirinajo igbafẹ kan ni ko ya oun ni fọtọ. Ko sẹni to mọ pe o ni iporuru ọkan tabi to bi i lere pe ki lo ṣẹlẹ̀. Nitorinaa, lo ba di gbi ninu odo.",False,30.90911137150788,supports,supports,False
afrifact_data_culture_igbo_557,igbo,Ọrịa mmịwụ gburu Mmesoma Mercy Cynthia Obi. Ọ nwụrụ ọnwa abụọ tupu o mee nncheta ọmụmụ ya.,refutes,afrifact_data_culture_igbo_555,igbo,"Mmesoma Mercy Cynthia Obi Ada Jesus nwụrụ ụbọchị Wenezde n'ụlọọgwụ dị n'Abuja ebe e bugara ya maka ịgwọ ya ọrịa metụtara akịrị, abalị ole na ole o jiri mechaa ncheta ọmụmụ ya. Ụbọchị ncheta ọmụmụ Ada Jesus - Mmesoma Mercy Obi na 19 Epreelu, 2021 Ada Jesus, di ya na ndị ọzọ so ṅụrịa ụbọchị ncheta ọmụmụ ya Otu onye ya na-ezinaụlọ ya dị na mma bụ Harrison Gwamishu gwara BBC Igbo n'ekwentị na akụkọ ahụ bụ eziokwu. ",False,48.35399244391623,supports,supports,False
afrifact_data_culture_hausa_384,hausa,Malaman addini suna ganin Maulidi na iya amfani da sabbin abubuwa ba tare da bin dukkan ayyukan Annabi ba.,nei,afrifact_data_culture_hausa_391,hausa,Daga cikin muhimman manufofin wannan ƙungiya sun hada da: 1. Kaɗaita Allah da bauta ba tare da haɗa Shi da wani ba (shirka). Sannan a tabbatar da biyayya ga Annabi Muhammadu (S.A.W) ba tare da jayayya ko kawo maganganun wasu mutane na daban ba. 2. Tabbatar da bin ɗabi'un (sunna) Manzon Allah (S.A.W) ba tare da ƙirƙire-ƙirƙire ba. 3. Watsi da dukkan al'adun da suka saɓa ma addinin Islama. 4. Soyayyar Annabi (S.A.W) da iyalan shi da sahaban shi /abokan shi da kuma surukan shi ba tare da sukar ko ɗaya daga cikinsu ba. 5. Tabbatar da neman ilimin addini da na boko a ko'ina a faɗin duniya tare da bin dokokin addini. 6. Tabbatar da mutuncin waliyyan Allah na gaskiya da salihan bayi da duk sauran mutanen kirki.,False,31.502992886750175,supports,supports,False
afrifact_data_culture_igbo_758,igbo,Dọkịta Nne nke ụlọọgwụ Steve kwụrụ na ọbara ịkpụkọ na ngụ na-aka njọ n'ebe ụmụ nwaanyị buru ibu nọ. Venessa na-akpachara onwe ya anya ugbua igbochi ihe ọbụla ga-eme ka ọbara gbaa n'ime ahụ ya.,nei,afrifact_data_culture_igbo_758,igbo,"Mana ka otu ọnwa gachara, iku ume Vanessa kawanyere njọ nke mere ka e ziga ya na nnukwu ụlọọgwụ. Ebe ahụ ka nnyocha gosiri na ọbara kpụkọrọ na ngụgụ ya. Vanessa kwuru na dọkịta gwara ya na ""ihe kpatara ọbara mkpụkọ ahụ bụ ọgwụ 'contraceptive' m malitere ịṅụ n'ihi na onweghị ihe ọhụrụ ọzọ m tinyere n'ahụ m."" ""Ha gwara m na ọ bụrụ na chekwuru ka otu ụbọchị gafee tupu m bịa ụlọọgwụ, ihe gaara akawanye njọ."" ",True,53.68260269425955,refutes,refutes,False
afrifact_data_culture_yoruba_149,yoruba,Ọlọ́run ṣe àdéhùn fún Dáúdà pé bí ó bá bímọ yóò fi ọmọ náà jọ́sìn fún òun.,refutes,afrifact_data_culture_yoruba_316,yoruba,"Ninu fidio tawọn eeyan rọra ge lara eto naa to gba ori ayelujara kan, ẹrọ ayaworan ṣafihan Neo to n fọ aṣọ nigbati Nengi ati Vee n wo o. Ọrọ ko ba tilẹ ma han sita bi ko ṣe igba ti Vee sọ pe ""Ololufẹ mi, ko ma si pata kan ninu aṣọ, ọrọ naa ba ṣe oju Nengi wara wara to ya a lẹnu. Nengi kọkọ ka a sara ko sọrọ, nigba to ya lo ba fọhun pe ""Neo, ṣe pe o tun n fọ pataaa, haaa!Vee naa ba da a lohun pe ""Neo mi gan mọ pe onimọtoto ni"". Nengi wa sọ fun Neo pe o yẹ ẹ gan o.Iṣẹlẹ yii ti n mu ki ọpọlọpọ ọmọ Naijiria fọn ti wọn si ti n fesi. Awọn esi wọn n pa ni lẹrin jọjọ, ṣe ẹ mọ pe bi igbati o n ṣẹlẹ lẹyinkunle wọn lawọn to n wo eto naa ṣe maa n sọrọ...@Zoeman ni ""aṣe o tilẹ tun lẹnu lati sọ pe o ku pata kan, ara ni yoo san pa pata kan ọhun"". O ni arifin Neo ma pọ o.@Iamemzy ni ""Jeeesu, Neo n fọ pata, kilode tawọn ọkunrin maa n doju ti mi bayii lẹnu ọjọ mẹta""...@emmanueladem naa sọ loju opo Twitter pe o yẹ Vee gan o pe koda Ozo gan ko ṣe to bẹẹ.",False,28.74911286188951,supports,supports,False
afrifact_data_culture_hausa_246,hausa,"Shinkafa tana da wadatar tushen kuzari mafi inganci, kuma tana da sinadarai, iron da furotin.",supports,afrifact_data_culture_hausa_246,hausa,"Shinkafa tana da wadatar (albarkatun) starch, akwai kabohsaidirat, tushen kuzari mafi inganci. Shinkafa kuma tana da sinadarai, iron da furotin. Wake kuma ya ƙunshi wasu adadi mai kyau na iron da adadin furotin fiye da na shinkafa. Tare suna bada cikakken furotin, wanda ke fitar da dukkan amino acid, Wanda jiki ba zai iya fitarwa da wannan sinadarin da kansa ba.",True,79.00778806208666,supports,supports,True
afrifact_data_culture_igbo_323,igbo,Ejike Obumneme Aghanya bụ onye nkụzi kpọ ụmụakwụkwọ ya wee gba ọsọ n'oge Agha Biafra.,refutes,afrifact_data_culture_igbo_323,igbo,"Ejike Obumneme Aghanya Ejike Ebenezer Obumneme Aghanya (27 Nọvemba 1932 - 3 Julaị 2020) bụ onye agha na onye injinia eletrik nke jere ozi na na ndị agha Biafran, na-ala ezumike nká dị ka onye colonel.",True,44.45493514559317,supports,supports,False
afrifact_data_culture_yoruba_076,yoruba,"Ọmọkọ́mọ ni Ayọbámi, olùkọ́ pè é ní òwúrọ̀ yìí, ó sì lu aago pa.",nei,afrifact_data_culture_yoruba_307,yoruba,"Esi yii jade lẹyin ti ti awọn kan ti ẹnikẹni ko mọ ṣi bo ọkan lara ile Sunday Igboho ni Ibadan ti wọn si jo o nina, Sunday ni ẹda alaye kankan ko lee pa oun afi Ọlọrun Ọba. Lásìkò ìfọ̀rọ̀wérọ̀ pẹ̀lú ìwé ìròyìn Punch ló ti ṣíṣọ lójú eegún ọ̀rọ̀ pé, òun kò bèrè fún ìrànwọ́ owó láti ọwa ẹnikẹ́ni. ""Emi o bẹru ohunkohun tabi ẹnikẹni o, afi Ọlọrun. Ọlọrun lo ni ilẹ oun si ni adari gbogbo ọkan. Ko si ẹda alaye kankan to lee pami torinaa mi o le bẹru eeyan ẹlẹ́ran ara"". Ninu iroyin naa, Igboho ni awọn ọmọ oun ti n pe oun ti wọn si n rọ ọ pe ko jawọ. ""Gbogbo igba ni wọn n ki mi nilọ"". ""Iyawo mi naa wa ninu idamu ọkan nitori ijijagbara mi ṣugbn mo ni lati ṣe eyi fun itusilẹ awọn eeyan mi.",False,24.61354845052916,refutes,refutes,False
afrifact_data_culture_yoruba_127,yoruba,Lawal ń tẹ ẹ̀rọ ìbánisọ̀rọ̀ rẹ̀ láti bèrè bóyá ètò Maryland yóò wáyé.,nei,afrifact_data_culture_yoruba_335,yoruba,"LASEMA ati awọn ile ise pajawiri yo ọkọ ti o jasosa lati ṣe afihan ìṣẹlẹ pajawiri Eyi lohun ti Kevin Hines to gbiyanju lati fo sinu odo ko le gba ẹmi ara rẹ ni Golden Gate Bridge ti San Francisco ninu oṣu kẹsan ọdun 2000. bi o tilẹ jẹ wi pe ọpọ eniyan lo ri i lori afara ko to gbiyanju lati pa ara rẹ - koda onirinajo igbafẹ kan ni ko ya oun ni fọtọ. Ko sẹni to mọ pe o ni iporuru ọkan tabi to bi i lere pe ki lo ṣẹlẹ̀. Nitorinaa, lo ba di gbi ninu odo.",False,19.500617587869016,refutes,refutes,False
afrifact_data_culture_hausa_438,hausa,Abubakar Gumi ya yi rikici da malaman sufaye.,supports,afrifact_data_culture_hausa_433,hausa,A farkon shekara ta 1960 an samu barkewar rikici tsakanin sa da malaman sufaye wanda daga baya rikicin ya koma muhawara a gidajen rediyo da talabijin a shekarun 1970 zuwa shekara ta 1980.,False,24.29628117068805,supports,supports,True
afrifact_data_culture_yoruba_289,yoruba,Sunday Igboho ní òun kò fẹ́ oyè ọ̀gá àgbà páta fún ikọ̀ Amotekun nílẹ̀ Yorùbá,nei,afrifact_data_culture_yoruba_308,yoruba,"Sé lọ́ọ̀tọ́ ni Sunday Igboho jó ilé Seriki fulani ní Igangan? Ẹ jẹ́ kí n sàlàyé kí ọ̀rọ̀ le tán nílẹ̀. ""Nígbà tí mo dé Eruwa, mó lọ fi ara mi hàn lágọ̀ọ́ ọlọ́pàá, mò sì sọ ǹkan ti mo bá wá si àdúgbò náà, adáriu ẹka ilé iṣẹ́ ọlọ́pàá náà sì gbà láti tẹ̀lẹ́ wá lọ. Nígbà tí a de Igangan, à tún bá àwọn 'ọlọ́pàá operation Burst' a lọ sínú ]ilú náà rán pẹ́ asì pada lẹ́sẹ̀kẹsẹ̀ láti lọ sọ fún àwọn ọlọ́pà''a. Ìbéérè mi ni pé, ṣe ọ̀gá ọlọ́pàá yóà máa wò wá kí a lọ má dáná sun ilé Seriki? Sé ọlọ́pàá Operation Burst yóò jk kí a lọ tí a bá dáná sun ilé Seriki? Kò sí nkan tó jọ bẹ́ẹ̀ nígbà tí a wà níbẹ̀ nítorí náà àwa kọ́ ni a dáná sun ilé Seriki Fulani. Sunday Igboho wa gba gbogbo ọmọ Kárọ̀-oojíre nímọ̀ràn pé kí wọ́n wà ní ìṣọ̀kàn kí wọ́n sìmì ọ̀rọ̀ òṣèlú ṣíṣe lórí ǹkan tó niṣe pẹlú igbésí ayé àwọn ènìyàn.",False,19.406551625034616,supports,supports,False
afrifact_data_culture_igbo_774,igbo,Ụfọdụ ụmụ nwaanyị na-agabiga ihe mgbu ka ha na-ahụ nsọ ha. Ihe mgbu ha gụnyere mgbakasị ahụ na-ahụ ụfụ. Enwere ụzọ dị icheiche apụrụ inyere nwaanyị nsọ ya na-enye nsogbu aka.,supports,afrifact_data_culture_igbo_773,igbo,"Nye ụfọdụ ụmụnwaanyị, mkpụrụ ụbọchị atọ ruo ise ahụ ha na-ahụ nsọ ha na-adị ka ọkụmmụọ n'ihi ihe ha na-eji anya ha ahụ. Ụfọdụ na-anọ na mgbakasị ahụ nke bụ na ị gwa ya ofu okwu ọ bakasịara gị ahị (ihe ọ naghị emekarị), ebe ụfọdụ anaghị enweta onwe ha n'ihi ụdịrị ahụ ụfụ ha na-anọ n'ime ya. Mana dịka ikwu na ibe, enyi, onye ọrụ nakwa onye ya na nwaanyị na-ahụ nsọ ya nwere mmekọ n'ụzọ dị iche iche, kedụ ihe ndị ị ga-emere ya iji nyere ọnọdụ ya aka?",False,76.69907367557045,supports,supports,True
afrifact_data_culture_hausa_098,hausa,A zaminin mulkin Abdullahi Umar Ganduje aka sayar da filayen makarantu don gina shaguna.,nei,afrifact_data_culture_hausa_101,hausa,"A shekarar 2019, Gwamna Abdullahi Umar Ganduje ya sanya hannu kan dokar kafa sabbin masarautu huɗu.",False,28.480916565333253,nei,nei,True
afrifact_data_culture_igbo_720,igbo,"John Abeng bụ onyeisi ndị uweoji na Steeti Anambra ekwuola na ọ ga-enye aka ịchụpụ ndị ohi, ndịotu nzuzo na ndị ntọrị mmadụ.",supports,afrifact_data_culture_igbo_718,igbo,"Onyeisi ndị uweojii na Anambra steeti bụ John Abang ewkusiela ike na ya ga-enye aka ka Anambra steeti bụrụ kpoo na-nchekwa. O kwukwara na ha ga akpalite ""Operation Puffadder i ji chụpụ ndị otu nzuzo,ndiohi ma ọkachasị ndị ntọrị.""",False,60.17795921584289,supports,supports,True
afrifact_data_culture_hausa_029,hausa,An yi yaƙin basasa na Biyafara ne a loƙacin mulkin Janar Yakubu Gawon.,supports,afrifact_data_culture_hausa_002,hausa,"Muhammadu Buhari (17 Disamba 1942 – 13 Yuli 2025) ne wanda ya yi mulkin ƙasar a matsayin daga 2015 zuwa 2023. Soja ne mai matsayi na majo janar a , kuma ya shugabanci ƙasar a matsayin daga 31 Disamba 1983 zuwa 27 Agusta 1985. Buhari ya tsaya takarar shugaban ƙasa a Najeriya a ƙarƙashin jam’iyyar a zaɓen shugaban ƙasa na 2003 da na 2007, sannan kuma a ƙarƙashin jam’iyyar Congress for Progressive Change (CPC) a zaɓen shugaban ƙasa na 2011",False,16.857233951085583,refutes,refutes,False
afrifact_data_culture_hausa_733,hausa,Ba a taba yin shugaban ƙasar da ya wuce shekaru 5 akan mulki a ƙasar Gambiya ba.,refutes,afrifact_data_culture_hausa_004,hausa,"Muhammadu Buhari (17 Disamba 1942 – 13 Yuli 2025) ne wanda ya yi mulkin ƙasar a matsayin daga 2015 zuwa 2023. Soja ne mai matsayi na majo janar a , kuma ya shugabanci ƙasar a matsayin daga 31 Disamba 1983 zuwa 27 Agusta 1985. Buhari ya tsaya takarar shugaban ƙasa a Najeriya a ƙarƙashin jam’iyyar a zaɓen shugaban ƙasa na 2003 da na 2007, sannan kuma a ƙarƙashin jam’iyyar Congress for Progressive Change (CPC) a zaɓen shugaban ƙasa na 2011",False,24.53463921655657,refutes,refutes,True
afrifact_data_culture_hausa_416,hausa,Zubairu shine yake jagorancin haɗa waƙoƙin yabon Ahmad at-Tijjanī wanda za ayi ranar jumma'a,nei,afrifact_data_culture_hausa_416,hausa,"Bugu da ƙari, almajirai a wurare da yawa suna shirya taruka na yau da kullun, galibi a ranar Alhamis da yamma ko kafin Waẓīfa da Hailat al-Jum'ah don yin Allah , ko ambaton . A irin waɗannan tarurrukan, ana iya haɗa waƙoƙin yabon Allah, , Ahmad at-Tijjanī, ko wani shugaban addini tare da zikiri. Irin waɗannan tarurrukan na iya haɗawa da maimaita sauƙaƙa a matsayin ƙungiya ko amsa ƙira, inda ɗaya ko fiye da shugabanni ke jagorantar waƙar wasu kuma suna maimaita ko kuma ba da amsa.",True,32.536388673428405,supports,supports,False
afrifact_data_culture_hausa_770,hausa,Neman ilimin addini ya wajaba akan kowanne musulmi namiji da mace,nei,afrifact_data_culture_hausa_458,hausa,Musulmai na bauta tareda koyo da koyar da ilimin addinin tare da tattaunawa akan matsalolin musulmai tare da neman hanyar warware su a masallaci.,False,20.488812136755115,supports,supports,False
afrifact_data_culture_hausa_006,hausa,Shugaban kasa Goodluck Ebele Jonathan ya sha kayi a hannun Muhammadu Buhari a zaben shekarar 2015.,supports,afrifact_data_culture_hausa_006,hausa,"Buhari ya lashe zaɓen, inda ya kayar da shugaban ƙasa mai ci Goodluck Ebele Jonathan. Wannan shi ne karo na farko a tarihin Najeriya da shugaban ƙasa mai ci ya sha kaye a zaɓen tazarce.",True,44.425124764524455,supports,supports,True
afrifact_data_culture_hausa_020,hausa,An yi wa Murtala Muhammad shaidar cewa mutum ne mai son zaman lafiya.,supports,afrifact_data_culture_hausa_697,hausa,An yi wa Mohammad Salman duka sakamkon jita-jitar da aka rika yi kan cewa shi mai satar yara ne,False,22.035832049010725,refutes,refutes,False
afrifact_data_culture_hausa_633,hausa,"Yawancin waƙoƙin zamani basa haɓaka, kuma basa bada wata gudummawa ga haɓakar harshe.",nei,afrifact_data_culture_hausa_634,hausa,"Yawancin waqoqin zamani suna nuna sukar al'adar waka, gwada ƙa'idar euphony kanta ko kuma gaba ɗaya barin waƙa ko saita kari. A cikin duniyar da ke ƙara haɓaka, mawaƙa sukan saba da tsari, salo, da dabaru daga al'adu da harsuna daban-daban. Mawaƙa sun ba da gudummawa ga haɓakar harshe, bayyananniyar halaye, da amfani na harsunansu.",False,38.94987260603594,supports,supports,False
afrifact_data_culture_igbo_440,igbo,Alvan Ikoku so n'òtu West African Educational Council (WAEC) ma sonyekwa n'òtù Council nke Mahadum Ibadan na 1950s..,refutes,afrifact_data_culture_igbo_441,igbo," site na mmemme mmemme ya . N'afọ 1932, Ikoku hiwere ụlọ akwụkwọ Co-Educational na West Africa : ụlọ akwụkwọ Aggrey Memorial, nke dị na Arochukwu wee edi aha onye akwụkwọ ya James EK",False,25.527481420919624,refutes,refutes,True
afrifact_data_culture_igbo_147,igbo,Ndị bi na ndịda na-asụ Yoruba.,nei,afrifact_data_culture_igbo_147,igbo,Ndị bi na ya bụ ọdịbendị Igbo dị iche iche na ndị na-asụ dị iche iche: 307 : 315,True,15.37386473263462,nei,nei,True
afrifact_data_culture_igbo_254,igbo,"Nwankwo Kanu bụkwa onye nwe igwe onyonyo nke Kanu Sports, ụlọ ọrụ igwe onyonyo egwuregwu Ịntanetị.",supports,afrifact_data_culture_igbo_255,igbo,"Ọ bụkwa onye nwe igwe onyonyo nke Kanu Sports, ụlọ ọrụ igwe onyonyo egwuregwu Ịntanetị.",False,111.47574106323016,supports,supports,True
afrifact_data_culture_igbo_464,igbo,Mahadum Trinity College dị na Dublin nke Ireland ji ihe eserese wee sọpụrụ Jaja Wachuku n'afọ 2020.,supports,afrifact_data_culture_igbo_464,igbo,"Na Fraịde 6 Machị 2020, Trinity College Dublin nke Ireland sọpụrụ Wachuku site na ihe osise a ma ama nke e debere n'ime ụlọ ọrụ akụkọ ihe mere eme nke mahadum ahụ; ebe Wachuku gụsịrị akwụkwọ na 1944 na akara ugo mmụta mbụ na sayensị iwu",True,63.084449647515285,supports,supports,True
afrifact_data_culture_hausa_419,hausa,An haifi Ahmad al-Tijani a shekarar 1737 kuma ya kafa tsarin Tijjaniyya a cikin 1780s,supports,afrifact_data_culture_hausa_417,hausa,"Tarihi da yaɗa oda [ | ] Tushen tsari [ | ] An haifi Ahmad al-Tijani (1737-1815) a Ain Madhi a kuma ya rasu a na . Ya yi karatun addini a Fes, Morocco. Da wahayi daga wasu waliyan Moroko ya kafa tsarin Tijjaniyya a cikin 1780s; kafofin sun bambanta dangane da ainihin kwanan wata tsakanin 1781 da 1784.",False,64.72359306830744,supports,supports,True
afrifact_data_culture_yoruba_263,yoruba,Mọ́ímọ́í dáa ṣùgbọ́n wọn kì í fí jẹ ìrẹsì àti àwọn oúnjẹ mìíràn.,refutes,afrifact_data_culture_yoruba_654,yoruba,"Ẹ̀sìn Búddà Ìgbàgbọ́ ìbílẹ̀ fi han wí pé a bi Budda si ìdílé Ọba ni Orílé-èdè . Nítorí náà, àwọn àwòràwọ̀ wí pé ní ìlú èyí tí o ti di òrìṣà àkúnlẹ̀bọ ní ìlú “India” ni a gbé bí i. O jẹ́ ọmọ ẹbí Orùkọ bàbá rẹ ni A bí Budda nínú ìdílé Ọba. Orúkọ ìyá rẹ ni Kò si ẹni ti o mọ àkọsílẹ̀ ọjọ́ ibi rẹ̀ pàtó tàbí ti o ni àkọsílẹ̀ rẹ̀. Olúkúlùkù kan ńsọ àwọn ọjọ́ ti wọn rò pe o le jẹ́ ni nítorí kò si àkọsílẹ̀ kan pàtó ti a le tọka sí.",False,31.410511348423547,supports,supports,False
