id,language,claim,adversarial_evidence,adversarial_source_id,adversarial_source_label,gold_evidence,gold_label,raw_response,predicted_label,correct
afrifact_data_culture_hausa_657,hausa,Shugaba Muhammadu Buhari ya kaddamar da eNaira a ranar 20 ga watan Yunin 2016.,"Wanne irin sauyi za a samu karkashin shugabancin Biden? Abubuwa kadan za mu iya hasashen - sauyin alaka da kawayen Amurka, sai maganar sauyin yanayi, da kuma rikicin gabas ta tsakiya. Alaka tsakanin Amurka da ƙawayenta Trump ya yi ta goyon bayan 'yan kama karya da kuma haɗa hannu da su.",afrifact_data_culture_hausa_713,supports,"Wanne irin sauyi za a samu karkashin shugabancin Biden? Abubuwa kadan za mu iya hasashen - sauyin alaka da kawayen Amurka, sai maganar sauyin yanayi, da kuma rikicin gabas ta tsakiya. Alaka tsakanin Amurka da ƙawayenta Trump ya yi ta goyon bayan 'yan kama karya da kuma haɗa hannu da su.",nei,nei,nei,True
afrifact_data_culture_igbo_058,igbo,Ngagharị iwe a bụ ụzọ e si edozi esemokwu.,Akụkọ ọdịnala a ma ama na-ekwu na otu nwanyị aha ya bụ Dada Nwakata bụ onye mbụ a maara nke ọma na Akwete.,afrifact_data_culture_igbo_195,refutes,Akụkọ ọdịnala a ma ama na-ekwu na otu nwanyị aha ya bụ Dada Nwakata bụ onye mbụ a maara nke ọma na Akwete.,nei,nei,nei,True
afrifact_data_culture_igbo_749,igbo,Ihe isi ike anaghị emetụta ihe ndị e ji alụ ụm̀ụ nwaanyị Igbo. Ụmụ ntorobịa Igbo kwuru na ha zuru ka emee.,Lee ihe anyị chọpụtara DJ Switch bụ onye Udi n'Enugwu steeti Obianuju Catherine Udeh bụ otiegwu Naịjirịa ama ama dịka DJ Switch ji ekwenti ya sete etu ndị agha si gbaa ndị na-eme ngaghariwe egbe na Lekki toll gate ụbọchị Oktoba 20.,afrifact_data_culture_igbo_589,supports,Lee ihe anyị chọpụtara DJ Switch bụ onye Udi n'Enugwu steeti Obianuju Catherine Udeh bụ otiegwu Naịjirịa ama ama dịka DJ Switch ji ekwenti ya sete etu ndị agha si gbaa ndị na-eme ngaghariwe egbe na Lekki toll gate ụbọchị Oktoba 20.,refutes,supports,supports,False
afrifact_data_culture_igbo_384,igbo,"N'ịgbado ụkwụ n'oke ala nakwa ngwaahịa, Ahịa Main Market Ọnicha bụ otu n'ime ahịa kacha bu ibu n'ọdịda anyanwụ Afịrịka","Dị ka onye nwetara Fulbright Scholarship na United States of America (bụ otu n'ime ndị Naijiria mbụ nwetara onyinye ahụ), Ọ gara Mahadum Washington ebe ọ nwetara nzere bachelọ na Architecture na nhazi obodo. ",afrifact_data_culture_igbo_427,refutes,"Dị ka onye nwetara Fulbright Scholarship na United States of America (bụ otu n'ime ndị Naijiria mbụ nwetara onyinye ahụ), Ọ gara Mahadum Washington ebe ọ nwetara nzere bachelọ na Architecture na nhazi obodo. ",supports,refutes,refutes,False
afrifact_data_culture_yoruba_723,yoruba,"Abíọ́lá ní ìfẹ́ sí ìṣèlú látìgbà tí ó wà ní ọmọ ọdún mọ́kàndínlógún, ó sì bẹ̀rẹ̀ sí í kópa ní ẹgbẹ́ òṣèlú látàrí ìfẹ́ tí ó ní sí i.rẹ̀ sí i.",Won fi ami eye da lola ni odun 1993. Àyọkà yìí tàbí apá rẹ̀ únfẹ́ àtúnṣe sí. Ẹ le tàbí kí ẹ rẹ̀ lọ́nà tí yíò mu kúnrẹ́rẹ́.,afrifact_data_culture_yoruba_224,refutes,Won fi ami eye da lola ni odun 1993. Àyọkà yìí tàbí apá rẹ̀ únfẹ́ àtúnṣe sí. Ẹ le tàbí kí ẹ rẹ̀ lọ́nà tí yíò mu kúnrẹ́rẹ́.,supports,nei,nei,False
afrifact_data_culture_hausa_081,hausa,Rabiu Musa Kwankwaso ne ya naɗa Sunusi Lamido Sunusi sarautar Kano bayan mutuwar Ado Bayero.,"Masanin tarihin abinci da aikin gona James C. McCann yayi la'akari da wannan ikirarin mai yiwuwa idan aka yi la’akari da shaharar shinkafa a cikin kwarin Niger ta sama, amma yana ganin ba zai yuwu tasa ta iya yaɗuwa daga Senegal zuwa inda take yanzu tunda ba a ganin irin wannan yaɗuwar a cikin “harshe, tsarin siyasa ko tarihi "". Maimakon haka ya ba da shawarar cewa tasa ta yaɗu tare da masarautar Mali, musamman masu sana'ar Djula waɗanda suka bazu ko'ina zuwa cibiyoyin kasuwanci da biranen yanki, tare da ɗaukar fasahar tattalin arziƙin ""ƙera, ƙaramin sikelin, da agronomy shinkafa"" gami da addini. na Musulunci.",afrifact_data_culture_hausa_251,supports,"Masanin tarihin abinci da aikin gona James C. McCann yayi la'akari da wannan ikirarin mai yiwuwa idan aka yi la’akari da shaharar shinkafa a cikin kwarin Niger ta sama, amma yana ganin ba zai yuwu tasa ta iya yaɗuwa daga Senegal zuwa inda take yanzu tunda ba a ganin irin wannan yaɗuwar a cikin “harshe, tsarin siyasa ko tarihi "". Maimakon haka ya ba da shawarar cewa tasa ta yaɗu tare da masarautar Mali, musamman masu sana'ar Djula waɗanda suka bazu ko'ina zuwa cibiyoyin kasuwanci da biranen yanki, tare da ɗaukar fasahar tattalin arziƙin ""ƙera, ƙaramin sikelin, da agronomy shinkafa"" gami da addini. na Musulunci.",nei,nei,nei,True
afrifact_data_culture_igbo_141,igbo,Akwa mmiri ahụ adaala.,"Ọ gara Christ the King College, Onitsha, ebe ọ gụsịrị akwụkwọ sekọndrị ya",afrifact_data_culture_igbo_491,refutes,"Ọ gara Christ the King College, Onitsha, ebe ọ gụsịrị akwụkwọ sekọndrị ya",nei,supports,supports,False
afrifact_data_culture_hausa_389,hausa,"Ango a al'adar Hausawa yana da alhakin siyan kayan lefe kafin aure, sannan kayan ana kai su gidan amarya ta hannun mata.","A ranar 15 ga watan Janairun shekarar 1966, wani matashi da Firimiyan Bello ya rika wato Chukwuma Kaduna Nzegwu ya jagoranci juyin mulki a lokacin yana Cadet a NDA, suka kifar da gwamnatin da kashe shi da kashe Firimiyan da wasu yan' siyasan",afrifact_data_culture_hausa_212,nei,"A ranar 15 ga watan Janairun shekarar 1966, wani matashi da Firimiyan Bello ya rika wato Chukwuma Kaduna Nzegwu ya jagoranci juyin mulki a lokacin yana Cadet a NDA, suka kifar da gwamnatin da kashe shi da kashe Firimiyan da wasu yan' siyasan",supports,supports,supports,True
afrifact_data_culture_igbo_241,igbo,Ụfọdụ ụlọakwụkwọ dị na Beijing na Shanghai emepebeghị dịka ụmụakwụkwọ agaghị akwụkwọ taa,"Ha gbagbukwara otu onye ọzọ n'ime ndị oji egbe ezu ahụ. Ndị ekperima ahụ wakporo ya bụ ụlọakụ dị na Mpape, Abuja, n'ụtụtụ ụbọchị Satọdee. Mana oteghi aka ha banyechara n'ime ya, ndị ọrụ nchekwa gụnyere ndị uweojii na ndị agha gbara ya bụ ụlọakụ gburugburu. Nke a mere ka ndị ohi ahụ tọkịrị n'ime ụlọakụ ahụ maka na jewe ejewe adịghịzị mma, lawa alawa adịghị mma.",afrifact_data_culture_igbo_732,supports,"Ha gbagbukwara otu onye ọzọ n'ime ndị oji egbe ezu ahụ. Ndị ekperima ahụ wakporo ya bụ ụlọakụ dị na Mpape, Abuja, n'ụtụtụ ụbọchị Satọdee. Mana oteghi aka ha banyechara n'ime ya, ndị ọrụ nchekwa gụnyere ndị uweojii na ndị agha gbara ya bụ ụlọakụ gburugburu. Nke a mere ka ndị ohi ahụ tọkịrị n'ime ụlọakụ ahụ maka na jewe ejewe adịghịzị mma, lawa alawa adịghị mma.",refutes,nei,nei,False
afrifact_data_culture_igbo_424,igbo,O bụ ịkọ ọrụ ugbo so na ọrụ ndị mba Brazil dabere na ya isi na-abawanye ọnọdụ akụ na ụba ha ruo ugbu a.,"Igbo haịlaịf bụ egwu ọgbara ọhụrụ nkenụụdị nke kpokọtara haịlaịf na egwu ọdịnaala Igbo ọnụ. Ọ malitere mbụ na mpaghara ndịda ọwụwa anyanwụ nke Naịjirịa, n'oge 1950.",afrifact_data_culture_igbo_408,supports,"Igbo haịlaịf bụ egwu ọgbara ọhụrụ nkenụụdị nke kpokọtara haịlaịf na egwu ọdịnaala Igbo ọnụ. Ọ malitere mbụ na mpaghara ndịda ọwụwa anyanwụ nke Naịjirịa, n'oge 1950.",nei,nei,nei,True
afrifact_data_culture_hausa_004,hausa,Muhammadu Buhari ya zama shugan kasa na mulkin soja yana matsayin kanal.,"Sace ɗaliban na zuwa bayan a ƙarshen watan da ta ya gabata, ƴan Boko Haram suka yi wa manoma yankan rago a jihar Borno da ke yankin arewa maso gabashi.",afrifact_data_culture_hausa_797,supports,"Sace ɗaliban na zuwa bayan a ƙarshen watan da ta ya gabata, ƴan Boko Haram suka yi wa manoma yankan rago a jihar Borno da ke yankin arewa maso gabashi.",refutes,refutes,refutes,True
afrifact_data_culture_igbo_383,igbo,"N'ịgbado ụkwụ n'oke ala nakwa ngwaahịa, Ahịa Main Market Ọnicha akaghị ahịa Arịarịa nke Aba bu ibu","Otu ụgbọelu Siberia Airlines plane si obodo Tel Aviv dị na Esrel aga obodo Novosibirsk, dị na Rọshia oge agbaturu ya. Ụgbọelu a dabara n'ime oshimiri ojii. Mmadụ 78 nọ n'ime ya nwụrụ. Ndị agha Ukren kwuburu na aka ha adịghị ya mana ha mechara kwenyere na ọ bụ ha. Ha sị na ọ bụ ka a na-akuziri ndị agha ka ihe mere.",afrifact_data_culture_igbo_624,supports,"Otu ụgbọelu Siberia Airlines plane si obodo Tel Aviv dị na Esrel aga obodo Novosibirsk, dị na Rọshia oge agbaturu ya. Ụgbọelu a dabara n'ime oshimiri ojii. Mmadụ 78 nọ n'ime ya nwụrụ. Ndị agha Ukren kwuburu na aka ha adịghị ya mana ha mechara kwenyere na ọ bụ ha. Ha sị na ọ bụ ka a na-akuziri ndị agha ka ihe mere.",refutes,nei,nei,False
afrifact_data_culture_yoruba_562,yoruba,"Ní orílẹ̀-èdè Nàìjíríà, ètò ìkànìyàn bẹ̀rẹ̀ Ní ọdún 1852 láti ṣe àkọsílẹ̀ iye èèyàn tó wà lórílẹ̀-èdè náà.","Gẹ́gẹ́bí àkọsílẹ̀ ètò ìkànìyàn ọdún 2006, àpapọ̀ iye enìyàn tó wà ní Àgbádárìgì jẹ́ 241,093.",afrifact_data_culture_yoruba_564,supports,"Gẹ́gẹ́bí àkọsílẹ̀ ètò ìkànìyàn ọdún 2006, àpapọ̀ iye enìyàn tó wà ní Àgbádárìgì jẹ́ 241,093.",nei,nei,nei,True
afrifact_data_culture_igbo_173,igbo,Otu onye bi n'Anambra kwuru na ọ ruola afọ iri mmiri gbadebere na mpaghara ya.,"Na ntuli aka ndị omeiwu Naijiria nke afọ 1992, a họpụtara Chuba ka ọ bụrụ onye omeiwu nke mba Naijiria na-anọchite anya Anambra North na ikpo okwu nke SDP. ",afrifact_data_culture_igbo_314,supports,"Na ntuli aka ndị omeiwu Naijiria nke afọ 1992, a họpụtara Chuba ka ọ bụrụ onye omeiwu nke mba Naijiria na-anọchite anya Anambra North na ikpo okwu nke SDP. ",refutes,supports,supports,False
afrifact_data_culture_hausa_058,hausa,Usman Dan Fodiyo ɗan asalin kabilar Hausawa ne.,Yadda Akeyi [ | ] Da farko zaka nemi masararka ka kai a nika idan an niko sai a tankade a fidda tsaki sai wanke sai azuba a ya tafasa sai asa wannan tsakin yai ta dahuwa sai a debi tankadadden gari a zuba awani wuri sai asa ruwa adama sai azuba akan wancan sake kan sai akara yan mintuna kadan sai a tuka abarshi ya sulala.,afrifact_data_culture_hausa_264,supports,Yadda Akeyi [ | ] Da farko zaka nemi masararka ka kai a nika idan an niko sai a tankade a fidda tsaki sai wanke sai azuba a ya tafasa sai asa wannan tsakin yai ta dahuwa sai a debi tankadadden gari a zuba awani wuri sai asa ruwa adama sai azuba akan wancan sake kan sai akara yan mintuna kadan sai a tuka abarshi ya sulala.,refutes,nei,nei,False
afrifact_data_culture_igbo_301,igbo,Naanị ikuku na ọhịa bụ ihe dị ka ọrụ ugbo mkpa iji wee ịga nke ọma,Ha gakwara n'ihu jaa ọkaikpe Chima Nweze ike sị na ihe o kwuru bụ ihe mere eme.,afrifact_data_culture_igbo_078,supports,Ha gakwara n'ihu jaa ọkaikpe Chima Nweze ike sị na ihe o kwuru bụ ihe mere eme.,refutes,supports,supports,False
afrifact_data_culture_igbo_735,igbo,"Nnamdị Kanu bụ omeiwu. Ụgbụa, a kpọgara ya ụlọ nga dị na Sokoto.","Duruagwu kwuru na o nwegodu ihe mmụta dị n'ụzọ ochie ndị a, ndị ọchichị agaghị achọ iwere ya mee ihe makana ọ ga-aghọ ha ahia. O kwuru na ọ bụ ndị nwe obodo ga-echekwa obodo, ihe dịrị gọọmenti bụ iwere ego kwado ihe ndị obodo na-eme. ",afrifact_data_culture_igbo_793,refutes,"Duruagwu kwuru na o nwegodu ihe mmụta dị n'ụzọ ochie ndị a, ndị ọchichị agaghị achọ iwere ya mee ihe makana ọ ga-aghọ ha ahia. O kwuru na ọ bụ ndị nwe obodo ga-echekwa obodo, ihe dịrị gọọmenti bụ iwere ego kwado ihe ndị obodo na-eme. ",nei,nei,nei,True
afrifact_data_culture_hausa_250,hausa,Masanin tarihin abinci da aikin gona James C. McCann ya ba da shawarar daina yaɗa shinkafa.,Bayanai masu cin karo da juna Gwamnatin Katsina ta tabbatar da cewa ɗalibai 333 ne suka ɓata bayan harin da ƴan bindiga suka kai makarantar sakandaren ta Kankara,afrifact_data_culture_hausa_794,nei,Bayanai masu cin karo da juna Gwamnatin Katsina ta tabbatar da cewa ɗalibai 333 ne suka ɓata bayan harin da ƴan bindiga suka kai makarantar sakandaren ta Kankara,refutes,nei,nei,False
afrifact_data_culture_hausa_827,hausa,Yan majalisar sun ce su wakilan jama'a ne don haka suna da ikon yin ƙarin ayyuka a cikin kasafin.,An yi wa Mohammad Salman duka sakamkon jita-jitar da aka rika yi kan cewa shi mai satar yara ne,afrifact_data_culture_hausa_698,nei,An yi wa Mohammad Salman duka sakamkon jita-jitar da aka rika yi kan cewa shi mai satar yara ne,supports,nei,nei,False
afrifact_data_culture_yoruba_701,yoruba,"Nígbà tí Buhari jẹ́ ààrẹ, ó lo sáà méjì àti àbọ̀ kí ó tó kúrò ní ipò.","Oríta ní Èṣù máa ń gbé. Èṣù jẹ́ alárèékérékè èdá. Òun ni ó ń kọ́ àwọn ènìyàn láti máa pé ojú méjì ni gbogbo ọ̀rọ̀ máa ń ní. Ó máa ń ṣọ̀tún, ṣòsì má ba ìbìkan jẹ́, bẹ́ẹ̀ náà ni ó máa ń tọ́ni sọ́nà. Ìdí nì yìí tí wọ́n fi sọ pé Ẹ̀ṣù ṣe pàtàkì láti ní ayé tó létò.",afrifact_data_culture_yoruba_771,supports,"Oríta ní Èṣù máa ń gbé. Èṣù jẹ́ alárèékérékè èdá. Òun ni ó ń kọ́ àwọn ènìyàn láti máa pé ojú méjì ni gbogbo ọ̀rọ̀ máa ń ní. Ó máa ń ṣọ̀tún, ṣòsì má ba ìbìkan jẹ́, bẹ́ẹ̀ náà ni ó máa ń tọ́ni sọ́nà. Ìdí nì yìí tí wọ́n fi sọ pé Ẹ̀ṣù ṣe pàtàkì láti ní ayé tó létò.",refutes,nei,nei,False
afrifact_data_culture_yoruba_592,yoruba,Gbogbo ìlú tí ó wà ní ìpínlẹ̀ Kwara ni ẹ̀yà náà tẹ̀dó sí.,"e. Taiwo kabamo wipe oun i ba duro sinu egbe agba--boolu ile Italy ti oun wa tele ju bi oun n fidi rale lori aga ipaaro lasan lo . Queens Park Rangers [ | ] Ni 24 January 2012, Queens Park Rangers gba Taiwo wole sinu iko won lati inu egbe agba-boolu AC Milan pelu eyawo titi di opin odun naa, pelu alakale wipe awon yoo ra Tai",afrifact_data_culture_yoruba_164,refutes,"e. Taiwo kabamo wipe oun i ba duro sinu egbe agba--boolu ile Italy ti oun wa tele ju bi oun n fidi rale lori aga ipaaro lasan lo . Queens Park Rangers [ | ] Ni 24 January 2012, Queens Park Rangers gba Taiwo wole sinu iko won lati inu egbe agba-boolu AC Milan pelu eyawo titi di opin odun naa, pelu alakale wipe awon yoo ra Tai",nei,supports,supports,False
afrifact_data_culture_igbo_273,igbo,"Mmanya ndị dị ka fanta, coke na sprite na-amasị ụmụaka iji je akwụkwọ",N'otu aka ahụ kọmishịọna mgbasaozi bụ Don Adenuba gwara BBC Igbo na o nweghi onye ọrụ bekee ọbụla e ji ụgwọ n'Anambra Steeti. Ọ sị na gọọmentị ha kwụrụ ụgwọ n'ụbọchị iri abụọ na isii nke ọnwa Eprelụ afọ 2020.,afrifact_data_culture_igbo_646,refutes,N'otu aka ahụ kọmishịọna mgbasaozi bụ Don Adenuba gwara BBC Igbo na o nweghi onye ọrụ bekee ọbụla e ji ụgwọ n'Anambra Steeti. Ọ sị na gọọmentị ha kwụrụ ụgwọ n'ụbọchị iri abụọ na isii nke ọnwa Eprelụ afọ 2020.,nei,nei,nei,True
afrifact_data_culture_hausa_509,hausa,"Hadisi na nufin faɗar Annabi Sallallahu Alaihi Wasallama, aikin sa da kuma tabbatarwarsa.","al-Islām , Turanci: Islam) Shine shaidawa babu abun bautawa da gaskiya sai , kuma (S A W) bawan Allah ne kuma manzon Allah ne. Addinin yana da alaƙa da kuma ya ƙunshi hukunce hukunce daga da kuma koyarwar Manzon tsira wanda shine ya zo da littafin sannan akwai aƙalla mabiya addinin mutum biliyan ɗaya da ɗugo tara (1.9B).",afrifact_data_culture_hausa_412,nei,"al-Islām , Turanci: Islam) Shine shaidawa babu abun bautawa da gaskiya sai , kuma (S A W) bawan Allah ne kuma manzon Allah ne. Addinin yana da alaƙa da kuma ya ƙunshi hukunce hukunce daga da kuma koyarwar Manzon tsira wanda shine ya zo da littafin sannan akwai aƙalla mabiya addinin mutum biliyan ɗaya da ɗugo tara (1.9B).",supports,supports,supports,True
afrifact_data_culture_hausa_515,hausa,Sunna na nufin abinda Annabi (S.A.W) ya yi ko aka yi a gabansa bai hana ba.,"A takaice dai malami na nufin, dukkan wani mai ilimi, ko kwararre a wani fanni na ilimim,sannan ya ke iya koyar da ilimin. Ta wata sigar kuma ana iya cewa, malami shi ne mutumin da yake taimakawa ta yadda zasu samu ingattaccen ilimi, fasaha, ko wata daraja.",afrifact_data_culture_hausa_567,nei,"A takaice dai malami na nufin, dukkan wani mai ilimi, ko kwararre a wani fanni na ilimim,sannan ya ke iya koyar da ilimin. Ta wata sigar kuma ana iya cewa, malami shi ne mutumin da yake taimakawa ta yadda zasu samu ingattaccen ilimi, fasaha, ko wata daraja.",supports,nei,nei,False
afrifact_data_culture_igbo_604,igbo,Ọnụọgụ mmadụ puku abụọ na itoolu anwụọla na mba Kenya n'ihi nje Ebola.,"N'afọ 2005, e mere atụmatụ na ndị bi na Awka-Etiti dị mmadụ 35,000.",afrifact_data_culture_igbo_210,supports,"N'afọ 2005, e mere atụmatụ na ndị bi na Awka-Etiti dị mmadụ 35,000.",nei,nei,nei,True
afrifact_data_culture_igbo_029,igbo,Ozi a ha wepụtara adịghị n'akara twitter ha.,"Ndị FIFA kpọrọ aha Swizaland n'ọkwa isii nke ọkachasị agba bọọlụ nke afọ a, tupu Iko Mbaụwa a ebido. Anya niile dị n'ahụ Brazịl ịma ma ha a ga-eme ọfụma karịa ndị Jamini e meriri taa.",afrifact_data_culture_igbo_752,supports,"Ndị FIFA kpọrọ aha Swizaland n'ọkwa isii nke ọkachasị agba bọọlụ nke afọ a, tupu Iko Mbaụwa a ebido. Anya niile dị n'ahụ Brazịl ịma ma ha a ga-eme ọfụma karịa ndị Jamini e meriri taa.",refutes,nei,nei,False
afrifact_data_culture_yoruba_292,yoruba,Jude Chukwuka: Wò ó bí oríkì àwọn ìlú Yorùbá ṣe yọ̀ lẹ́nu ọmọ Igbo jú ọmọ onílùú lọ.,"Matthew Àrẹ̀mú Olúṣẹ́gun Ọbásanjọ́ (tí wọ́n bí ní Ọjọ́ karùn-ún oṣù kẹta ọdún 1937) jẹ́ gbajúmọ̀ àgbà olóṣèlú, ajagun-fẹ̀yíntí àti Ààrẹ àná orílẹ̀ èdè Nàìjíríà. Orúkọ bàbá rẹ̀ ni Amos Àdìgún Ọbalúayésanjọ́ ""Obasanjo"" Bánkọ́lé, ìyá rẹ̀ sìn ń jẹ́ Àṣàbí.Ọbásanjọ́ jẹ́ ọmọ bíbí Òwu ní ìlú Abẹ́òkúta ní ìpínlẹ̀ Ògùn lórílẹ̀ èdè Nàìjíríà. Ìyá rẹ̀ kú ní ọdún 1958, bàbá rẹ̀ sìn kú bákan náà ní ọdún 1959.",afrifact_data_culture_yoruba_552,supports,"Matthew Àrẹ̀mú Olúṣẹ́gun Ọbásanjọ́ (tí wọ́n bí ní Ọjọ́ karùn-ún oṣù kẹta ọdún 1937) jẹ́ gbajúmọ̀ àgbà olóṣèlú, ajagun-fẹ̀yíntí àti Ààrẹ àná orílẹ̀ èdè Nàìjíríà. Orúkọ bàbá rẹ̀ ni Amos Àdìgún Ọbalúayésanjọ́ ""Obasanjo"" Bánkọ́lé, ìyá rẹ̀ sìn ń jẹ́ Àṣàbí.Ọbásanjọ́ jẹ́ ọmọ bíbí Òwu ní ìlú Abẹ́òkúta ní ìpínlẹ̀ Ògùn lórílẹ̀ èdè Nàìjíríà. Ìyá rẹ̀ kú ní ọdún 1958, bàbá rẹ̀ sìn kú bákan náà ní ọdún 1959.",nei,nei,nei,True
afrifact_data_culture_yoruba_791,yoruba,Ẹ̀sìn ìsìláàmù jẹ́ àṣà tí Ọlọ́run ń lò láti fi ránṣẹ́ sí ànọ́bì kí àlàáfíà àti ìrọ̀rùn lè wà láàárín gbogbo ọmọnìyàn.,Nígbàtí májẹ̀mú títun n ṣe àmúşę ohun tí màjèmú làìlàì sọ. Bíbélì fìdí rẹ múlè pé gbogbo ènìyàn ní ó sá ti ṣè tí ó sì ti kùnà ògo Ọlọrun (Romu 3:23). Èyí ni láti sọ pe ẹlẹ́sẹ̀ ni gbogbo ọmọ adárí hurun.,afrifact_data_culture_yoruba_642,supports,Nígbàtí májẹ̀mú títun n ṣe àmúşę ohun tí màjèmú làìlàì sọ. Bíbélì fìdí rẹ múlè pé gbogbo ènìyàn ní ó sá ti ṣè tí ó sì ti kùnà ògo Ọlọrun (Romu 3:23). Èyí ni láti sọ pe ẹlẹ́sẹ̀ ni gbogbo ọmọ adárí hurun.,refutes,supports,supports,False
afrifact_data_culture_yoruba_186,yoruba,Àwọn ọmọ ẹgbẹ́ PDP fẹ̀hónúhàn nílé ẹjọ́ gíga jùlọ lórí owó ìṣúná ẹ̀ka ìdájọ́.,Shehu Usman Aliyu Shagari (bíi ní ọjọ́ karùndínlọ́gbọn Oṣù Keji Ọdún 1925-2018) jẹ̣́ olóṣèlú ọmọ ilẹ̀ àti lati ọjọ́ kínni oṣù Kẹwá ọdún 1979 títí di ọjọ́ Ọ̀kàndínlọ́gbọ̀n Oṣù Kejìlá ọdún 1983 nígbàtí àwọn ológun gba ìjọba.,afrifact_data_culture_yoruba_683,refutes,Shehu Usman Aliyu Shagari (bíi ní ọjọ́ karùndínlọ́gbọn Oṣù Keji Ọdún 1925-2018) jẹ̣́ olóṣèlú ọmọ ilẹ̀ àti lati ọjọ́ kínni oṣù Kẹwá ọdún 1979 títí di ọjọ́ Ọ̀kàndínlọ́gbọ̀n Oṣù Kejìlá ọdún 1983 nígbàtí àwọn ológun gba ìjọba.,supports,nei,nei,False
afrifact_data_culture_yoruba_295,yoruba,"Sunday Igboho ní pé àwọn Fulani kò leè dúró, táa bá lo ohun tí a jogún lọ́dọ̀ àwọ̀n bàbá ńlá wa.","A máa ń gbin iṣu láti jẹ ẹ́ bí i oúnjẹ, pàápàá jù lọ, ní ilẹ̀ Adúláwọ̀. Ọ̀pọ̀lọpọ̀ iṣu ni ó wà nítorí pé ọ̀pọ̀lọpọ̀ àgbẹ̀ ní ń gbin iṣu.",afrifact_data_culture_yoruba_663,supports,"A máa ń gbin iṣu láti jẹ ẹ́ bí i oúnjẹ, pàápàá jù lọ, ní ilẹ̀ Adúláwọ̀. Ọ̀pọ̀lọpọ̀ iṣu ni ó wà nítorí pé ọ̀pọ̀lọpọ̀ àgbẹ̀ ní ń gbin iṣu.",nei,nei,nei,True
afrifact_data_culture_yoruba_321,yoruba,"Àwọn arákùnrin kan figbe ta nígbà tí wọ́n gbọ́ pé ọmọ Buhari fẹ́ ṣe ìgbeyawò, kódà ọ̀kan lára wọn ní òun máa ṣekú pa ara òun bí òun kò bá ní oore-ọ̀rẹ́ láti fẹ́ arábìnrin náà.","Ìpínlẹ̀ Ọ̀ṣun jẹ́ tí ó wà ní àárín gbùngbùn apá Ìwọ̀-Oòrùn Gúúsù orílẹ̀-èdè . Olú-ìlú rẹ̀ ni Ìlú . Ó ní ibodè ní àríwá mọ́ , ní ìlà-oòrùn díẹ̀ mọ́ àti díẹ̀ mọ́ , ní gúúsù mọ́ àti ní ìwọ̀oòrùn mọ́ . Gómìnà ìpínlẹ̀ náà lọ́wọ́lọ́wọ́ báyìí ni Gómìnà tí wọn dìbò yàn ni 2022. sì jẹ́ Gómìnà ìgbà kan rí.",afrifact_data_culture_yoruba_097,nei,"Ìpínlẹ̀ Ọ̀ṣun jẹ́ tí ó wà ní àárín gbùngbùn apá Ìwọ̀-Oòrùn Gúúsù orílẹ̀-èdè . Olú-ìlú rẹ̀ ni Ìlú . Ó ní ibodè ní àríwá mọ́ , ní ìlà-oòrùn díẹ̀ mọ́ àti díẹ̀ mọ́ , ní gúúsù mọ́ àti ní ìwọ̀oòrùn mọ́ . Gómìnà ìpínlẹ̀ náà lọ́wọ́lọ́wọ́ báyìí ni Gómìnà tí wọn dìbò yàn ni 2022. sì jẹ́ Gómìnà ìgbà kan rí.",supports,nei,nei,False
afrifact_data_culture_igbo_002,igbo,Ndị edemede America na Dreux Richard bi na Okwe iji mezue ederede ya mgbe ọ nọ Naijiria.,N'otu aka ahụ kọmishịọna mgbasaozi bụ Don Adenuba gwara BBC Igbo na o nweghi onye ọrụ bekee ọbụla e ji ụgwọ n'Anambra Steeti. Ọ sị na gọọmentị ha kwụrụ ụgwọ n'ụbọchị iri abụọ na isii nke ọnwa Eprelụ afọ 2020.,afrifact_data_culture_igbo_646,refutes,N'otu aka ahụ kọmishịọna mgbasaozi bụ Don Adenuba gwara BBC Igbo na o nweghi onye ọrụ bekee ọbụla e ji ụgwọ n'Anambra Steeti. Ọ sị na gọọmentị ha kwụrụ ụgwọ n'ụbọchị iri abụọ na isii nke ọnwa Eprelụ afọ 2020.,supports,nei,nei,False
afrifact_data_culture_hausa_403,hausa,Babu bambanci tsakanin ambaton Musa da Yesu a Al-Qur’ani.,"Al'adar Hausawa ce inda ango ke siyan kayan amfani masu kyau da tsada a matsayin wata babbar kyauta da zai bawa amaryarsa. Wadannan kyaututtukan ango na gama sayen sune kafin Auren shi, bayan sun gama kammaluwa, sai iyayen Ango kama daga Inna, Gwaggonninsa da sauran su, mata ne suke kai kayan gidan Amarya, Ita kuma Amarya sai iyayen ta mata su karba kayan su dan ba iyayen Ango abinci da dan tukuici. ",afrifact_data_culture_hausa_389,supports,"Al'adar Hausawa ce inda ango ke siyan kayan amfani masu kyau da tsada a matsayin wata babbar kyauta da zai bawa amaryarsa. Wadannan kyaututtukan ango na gama sayen sune kafin Auren shi, bayan sun gama kammaluwa, sai iyayen Ango kama daga Inna, Gwaggonninsa da sauran su, mata ne suke kai kayan gidan Amarya, Ita kuma Amarya sai iyayen ta mata su karba kayan su dan ba iyayen Ango abinci da dan tukuici. ",refutes,nei,nei,False
afrifact_data_culture_yoruba_774,yoruba,Lára àwọn òrìṣà tí Olódùmarè rán wá láti ìkọ̀lé ọ̀run sí ayé ni Èṣù. Ó sì wà láàárín àwọn ibọ ìran Yorùbá.,"Nínún ìtàn, Ìsàlẹ̀ Èkó jẹ́ ilé ìgbé fún àwọn ọmọ ilè Nàj̀íríà tí wọ́n bọ́ lóko ẹ̀rú láti ilẹ̀ Brazil ma ń dé sí láti forí pamọ́ sí. Ọ̀pọ̀ ẹbí ni ó ń gbé ní ibùgbé tí wọ́n ń pè ní Broad Street ní Marina.",afrifact_data_culture_yoruba_626,refutes,"Nínún ìtàn, Ìsàlẹ̀ Èkó jẹ́ ilé ìgbé fún àwọn ọmọ ilè Nàj̀íríà tí wọ́n bọ́ lóko ẹ̀rú láti ilẹ̀ Brazil ma ń dé sí láti forí pamọ́ sí. Ọ̀pọ̀ ẹbí ni ó ń gbé ní ibùgbé tí wọ́n ń pè ní Broad Street ní Marina.",supports,nei,nei,False
afrifact_data_culture_hausa_064,hausa,Sarauniya Amina ta samu sarautar Zazzau a shekarar 1533.,A farkon shekara ta 1960 an samu barkewar rikici tsakanin sa da malaman sufaye wanda daga baya rikicin ya koma muhawara a gidajen rediyo da talabijin a shekarun 1970 zuwa shekara ta 1980.,afrifact_data_culture_hausa_438,supports,A farkon shekara ta 1960 an samu barkewar rikici tsakanin sa da malaman sufaye wanda daga baya rikicin ya koma muhawara a gidajen rediyo da talabijin a shekarun 1970 zuwa shekara ta 1980.,refutes,nei,nei,False
afrifact_data_culture_yoruba_121,yoruba,Dangote ni ẹni tí ó kọ́kọ́ ní ilé-iṣẹ́ Ìfọpo ní orílẹ̀-èdè Nàìjííríà.,"Lẹ́hìn èyí, tí àwọn méjèèjì sí ti gbà fún Ọlọ́hun wọn Allah tí wọ́n sì ṣe ijúwọ̀-jusẹ̀ sílè fún Ìfẹ Ọlọ́hun), tí òun (Ibrahim) sí tí tẹ́ orí ẹ́e (Ishamel) lọ sílẹ̀ (ní ààyè itébà sí iwájú); ""Báyìí náà ní Àwa sí pé òun: ""Ìwọ Ibrahim o!"" ""Ìwọọ (Ibrahin) tí ṣe gẹ́gẹ́ bí A ti fi hàn ó (ní ojúran) ní òtítọ àti ní òdodo! Báyìí náà sì ní Àwa ṣe má ń san ẹ̀san fún (gbogbo àwọn) Múhsínùn (olùṣe rere lótitọ àti l'ódodo) - Sheikh Adélabú ṣe ìtọka sí Ẹsẹ Ọrọ Ọlọ́hun nínú kúránì Orí 2:112)."" Láì kọ́ ṣe àníàní, ìdánwò nlá tí ó fi ojú hàn gbángba ní eléyìí jẹ́. Nítorí ìdí èyí ní À wa fi ṣe ìrópò (gẹ́gẹ́ bí ìràpadà) ọmọ (Ishamael) tí òun (Ibrahim) náà pẹ̀lú àgùntàn kàn bọ̀lọ̀jọ̀ (láti fi dípò ní ṣíṣe ìdúpẹ́ òòrè láti Ọ̀dọ̀ Ọlọ́hun)",afrifact_data_culture_yoruba_146,refutes,"Lẹ́hìn èyí, tí àwọn méjèèjì sí ti gbà fún Ọlọ́hun wọn Allah tí wọ́n sì ṣe ijúwọ̀-jusẹ̀ sílè fún Ìfẹ Ọlọ́hun), tí òun (Ibrahim) sí tí tẹ́ orí ẹ́e (Ishamel) lọ sílẹ̀ (ní ààyè itébà sí iwájú); ""Báyìí náà ní Àwa sí pé òun: ""Ìwọ Ibrahim o!"" ""Ìwọọ (Ibrahin) tí ṣe gẹ́gẹ́ bí A ti fi hàn ó (ní ojúran) ní òtítọ àti ní òdodo! Báyìí náà sì ní Àwa ṣe má ń san ẹ̀san fún (gbogbo àwọn) Múhsínùn (olùṣe rere lótitọ àti l'ódodo) - Sheikh Adélabú ṣe ìtọka sí Ẹsẹ Ọrọ Ọlọ́hun nínú kúránì Orí 2:112)."" Láì kọ́ ṣe àníàní, ìdánwò nlá tí ó fi ojú hàn gbángba ní eléyìí jẹ́. Nítorí ìdí èyí ní À wa fi ṣe ìrópò (gẹ́gẹ́ bí ìràpadà) ọmọ (Ishamael) tí òun (Ibrahim) náà pẹ̀lú àgùntàn kàn bọ̀lọ̀jọ̀ (láti fi dípò ní ṣíṣe ìdúpẹ́ òòrè láti Ọ̀dọ̀ Ọlọ́hun)",nei,nei,nei,True
afrifact_data_culture_igbo_379,igbo,Ndị na-achịkwa Ahịa Main Market Ọnicha ruo taata bụ ndị National Union of Road Transport Workers (NURTW).,"Nwanyeruwa , nke a makwaara dị ka Madame Nwanyeruw, bụ nwanyị bi na colonial Naijiria nke nwetara aha ọma maka nnọrụ ya na Aba Women's Riots, nke a maara nke ọma dị ka Women's War. Nnupụisi ahụ malitere n'ihi na ụmụ nwanyị Naijiria ekweghị na ha gakwụ ụtụ isi n'etiti nsogbu akụ na ụba nke Great Depression.",afrifact_data_culture_igbo_351,nei,"Nwanyeruwa , nke a makwaara dị ka Madame Nwanyeruw, bụ nwanyị bi na colonial Naijiria nke nwetara aha ọma maka nnọrụ ya na Aba Women's Riots, nke a maara nke ọma dị ka Women's War. Nnupụisi ahụ malitere n'ihi na ụmụ nwanyị Naijiria ekweghị na ha gakwụ ụtụ isi n'etiti nsogbu akụ na ụba nke Great Depression.",refutes,nei,nei,False
afrifact_data_culture_yoruba_731,yoruba,"Ernest wà ní ipò láti ọjọ́ mẹ́rindínlọ́gbọ̀n, oṣù kẹjọ, ọdún 1993 títí dé ọjọ́ kẹ́tadínlógún, oṣù kọkànlá ọdún 1993 tí ó fi fẹ̀yìn tì.","Ìsìlámù ni ẹ̀sìn tí ó ṣe pé ìmọ̀-Ọlọ́hun ni (al- Taoheed) ní ìpìl̀ẹ rè, òdodo ni òpó rẹ̀, ó dá lórí déédé,otito. Òhun sì ni ẹ̀sìn tí ó gbópọn tí ó jẹ́ pé ó ń darí gbogbo ẹ̀dá sí ibi gbogbo ohun tí yó̀o jẹ́ ànfààní fún wọn ní ọ̀run àti ayé wọn. Bẹ́ẹ̀ náà ni ó sì tún ń kì wọ́n nílọ̀ nípa gbogbo ohun tí yó̀o ṣaburú fún wọn yálà láyé ni tàbí ni ọ̀run.",afrifact_data_culture_yoruba_788,refutes,"Ìsìlámù ni ẹ̀sìn tí ó ṣe pé ìmọ̀-Ọlọ́hun ni (al- Taoheed) ní ìpìl̀ẹ rè, òdodo ni òpó rẹ̀, ó dá lórí déédé,otito. Òhun sì ni ẹ̀sìn tí ó gbópọn tí ó jẹ́ pé ó ń darí gbogbo ẹ̀dá sí ibi gbogbo ohun tí yó̀o jẹ́ ànfààní fún wọn ní ọ̀run àti ayé wọn. Bẹ́ẹ̀ náà ni ó sì tún ń kì wọ́n nílọ̀ nípa gbogbo ohun tí yó̀o ṣaburú fún wọn yálà láyé ni tàbí ni ọ̀run.",supports,nei,nei,False
afrifact_data_culture_hausa_579,hausa,Duk farkon damuna manoma na yin amfani da lauje wurin cire ƙiraren ciyawa da suka bushe.,"A Musulunci, Musa fitaccen Annabi ne kuma manzon Allah kuma mutum ne da aka fi ambata a cikin Alkur’ani, inda aka ambaci sunansa har sau 136, an kuma ba da labarin rayuwarsa fiye da na kowane Annabi. Ana ɗaukan Yesu wani annabi mai muhimmanci tare da haihuwarsa mara uba, (66:12, 21:89) na musamman tare da furcin da aka yi amfani da shi a gare shi, kamar “kalmar” da “ruhu” daga wurin Allah da kuma sura da aka keɓe ga uwarsa Maryamu a cikin Littafi Mai Tsarki.",afrifact_data_culture_hausa_408,supports,"A Musulunci, Musa fitaccen Annabi ne kuma manzon Allah kuma mutum ne da aka fi ambata a cikin Alkur’ani, inda aka ambaci sunansa har sau 136, an kuma ba da labarin rayuwarsa fiye da na kowane Annabi. Ana ɗaukan Yesu wani annabi mai muhimmanci tare da haihuwarsa mara uba, (66:12, 21:89) na musamman tare da furcin da aka yi amfani da shi a gare shi, kamar “kalmar” da “ruhu” daga wurin Allah da kuma sura da aka keɓe ga uwarsa Maryamu a cikin Littafi Mai Tsarki.",nei,supports,supports,False
afrifact_data_culture_yoruba_763,yoruba,"Ní àgbáyé, ọbẹ̀ jẹ́ ohun pàtàkì nínú oúnjẹ tí ènìyàn ń jẹ láti lókun.",Tí a bá ń sọ̀rọ̀ nípa ojúlówó àwọn ni ilẹ̀ Yorùbá òde-òní ìjẹ̀sa jẹ́ ọ̀kan pàtàkì lára ojúlówó ọmọ Yorùbá tí kò se fí ọwọ́ rọ́ sẹ́yìn nínú ìtàn àwọn Yorùbá. Oríìsíìsí ìtàn ni a sì gbọ́ nípa orírun gẹ́gẹ́ bí ojúlówó Yorùbá kó dà a ti lè gbọ́ wí pé olórí àwọn Ìjẹ̀sà jẹ òkan lára àwọn ọmọ méjèje tí Odùduwà bí.,afrifact_data_culture_yoruba_761,refutes,Tí a bá ń sọ̀rọ̀ nípa ojúlówó àwọn ni ilẹ̀ Yorùbá òde-òní ìjẹ̀sa jẹ́ ọ̀kan pàtàkì lára ojúlówó ọmọ Yorùbá tí kò se fí ọwọ́ rọ́ sẹ́yìn nínú ìtàn àwọn Yorùbá. Oríìsíìsí ìtàn ni a sì gbọ́ nípa orírun gẹ́gẹ́ bí ojúlówó Yorùbá kó dà a ti lè gbọ́ wí pé olórí àwọn Ìjẹ̀sà jẹ òkan lára àwọn ọmọ méjèje tí Odùduwà bí.,nei,supports,supports,False
afrifact_data_culture_hausa_338,hausa,Super Eagles sun lashe Gasar Cin Kofin Afirka ta farko,"Farar shinkafa idan an dafa shi yana dauke da 29% carbohydrate da kuma furotin 2%, tare da wasu manganese. Shinkafa ta zinari iri-iri ce da injiniyoyi suka samar domin ya ƙunshi bitamin A. ",afrifact_data_culture_hausa_300,supports,"Farar shinkafa idan an dafa shi yana dauke da 29% carbohydrate da kuma furotin 2%, tare da wasu manganese. Shinkafa ta zinari iri-iri ce da injiniyoyi suka samar domin ya ƙunshi bitamin A. ",nei,nei,nei,True
afrifact_data_culture_hausa_266,hausa,Jerin sunanyen wannan shekar ya fito daga ofishin shugaban makaranta.," A ranar karshe ta bikin, ana gudanar da gasa inda dubunnan maza suka yi layi a bakin kogin kuma da karar harbe-harbe, dukkansu suna yin tsalle a cikin kogin kuma suna da sa'a guda don kama manyan kifaye. Wanda ya yi nasara zai iya ɗaukar gida har $ 7,500 dalar Amurka. Ana ba wa masu gasa damar amfani da kayan aikin kamun kifi na gargajiya kuma da yawa sun fi so su kama kifin gaba ɗaya da hannu (wani aikin kuma sananne a wasu wurare kuma ana kiransa "" noodling "") don nuna bajintar su.",afrifact_data_culture_hausa_372,supports," A ranar karshe ta bikin, ana gudanar da gasa inda dubunnan maza suka yi layi a bakin kogin kuma da karar harbe-harbe, dukkansu suna yin tsalle a cikin kogin kuma suna da sa'a guda don kama manyan kifaye. Wanda ya yi nasara zai iya ɗaukar gida har $ 7,500 dalar Amurka. Ana ba wa masu gasa damar amfani da kayan aikin kamun kifi na gargajiya kuma da yawa sun fi so su kama kifin gaba ɗaya da hannu (wani aikin kuma sananne a wasu wurare kuma ana kiransa "" noodling "") don nuna bajintar su.",nei,supports,supports,False
afrifact_data_culture_yoruba_454,yoruba,"Ìṣẹ̀lẹ̀ yìí mú Bisi Fayemi sunkún nítorí ìṣẹ̀lẹ̀ yìí ti ṣẹlẹ̀ sí òun náà rí, lásìkò tó wà ní ilé-ẹ̀kọ́ gíga."," Èdè Yorùbá jẹ́ èdè kan ti ó gbalẹ̀ tí ó sì wuyì káàkiri àgbáyé. Ìtàn sọ fún wa pé ìbátan ní èdè Yorùbá jé, kwa jẹ́ ẹ̀yà kan ní apá . A lè sọ pé àwọn tí wọ́n ń sọ èdè Yorùbá yàtọ̀ sí orílẹ̀ èdè Nàìjíríà lé ní Ọgbọ̀n mílíọ̀nùn tàbì jù bẹ́ẹ̀ lọ.",afrifact_data_culture_yoruba_159,supports," Èdè Yorùbá jẹ́ èdè kan ti ó gbalẹ̀ tí ó sì wuyì káàkiri àgbáyé. Ìtàn sọ fún wa pé ìbátan ní èdè Yorùbá jé, kwa jẹ́ ẹ̀yà kan ní apá . A lè sọ pé àwọn tí wọ́n ń sọ èdè Yorùbá yàtọ̀ sí orílẹ̀ èdè Nàìjíríà lé ní Ọgbọ̀n mílíọ̀nùn tàbì jù bẹ́ẹ̀ lọ.",nei,nei,nei,True
afrifact_data_culture_yoruba_298,yoruba,Obateru Akinruntan sọ wí pé wíwá ohun tí àwọn máa jẹ ló gbé àwọn kúrò ní Ilé-Ifè.,Wàhálà tó wáyé látàrí owó Nàìjíríà tuntun ṣẹlẹ̀ lójijì ní oṣù kejì ní ọdún 2023 nítorí àìtó náírà àti ìgbìyànjú àwọn ìjọba láti mú kí àwọn ará-ìlú fi tipátipá ná owó tuntun tí wọ́n ṣẹ̀ gbé jáde.,afrifact_data_culture_yoruba_704,refutes,Wàhálà tó wáyé látàrí owó Nàìjíríà tuntun ṣẹlẹ̀ lójijì ní oṣù kejì ní ọdún 2023 nítorí àìtó náírà àti ìgbìyànjú àwọn ìjọba láti mú kí àwọn ará-ìlú fi tipátipá ná owó tuntun tí wọ́n ṣẹ̀ gbé jáde.,nei,nei,nei,True
afrifact_data_culture_yoruba_179,yoruba,"Òrìṣà ńlá tí wọ́n máa ń gbóríyìn fún ni Ṣági fún agbára rẹ̀ láti lè pèsè owó, ọlá, àti àṣeyọrí fún àwọn olùsìn rẹ̀.","Muhammadu Buhari jẹ oloṣelu a si le ṣe apejuwe rẹ gẹgẹ bi ọkan lara awọn gbajugbaja oloṣelu tẹsẹ wọn rinlẹ ni iha Ariwa orilẹede Naijiria. Ilé Ìwé Ààrẹ Muhammadu Buhari Ni ọmọ ọdun mọkandinlogun, Buhari dara pọ mọ ile iwe girama fun ẹkọ nipa ijagun, Nigerian Military Training College (NMTC) ni odun 1962. Ni oṣu keji ọdun 1964, wọn sọ ile iwe girama ọhun di ẹka ile iṣẹ ologun to laṣẹ lati sọ ni di ọmọ ogun alakọbẹrẹ wọn si sọ orukọ rẹ di ile ẹkọ awọn ọmọ ogun alaabo, Nigerian Defence Academy (NDA).",afrifact_data_culture_yoruba_154,nei,"Muhammadu Buhari jẹ oloṣelu a si le ṣe apejuwe rẹ gẹgẹ bi ọkan lara awọn gbajugbaja oloṣelu tẹsẹ wọn rinlẹ ni iha Ariwa orilẹede Naijiria. Ilé Ìwé Ààrẹ Muhammadu Buhari Ni ọmọ ọdun mọkandinlogun, Buhari dara pọ mọ ile iwe girama fun ẹkọ nipa ijagun, Nigerian Military Training College (NMTC) ni odun 1962. Ni oṣu keji ọdun 1964, wọn sọ ile iwe girama ọhun di ẹka ile iṣẹ ologun to laṣẹ lati sọ ni di ọmọ ogun alakọbẹrẹ wọn si sọ orukọ rẹ di ile ẹkọ awọn ọmọ ogun alaabo, Nigerian Defence Academy (NDA).",refutes,supports,supports,False
afrifact_data_culture_yoruba_596,yoruba,Adebayo Shittu je mínísítà fún ètò ìbánisọ̀rọ̀ ní Nàìjíríà láti ọdún 2017 sí ọdún 2019.,"Elizabeth ni: ''Mo gbe igbesẹ lati sọrọ yii lasiko yii nitori mo ti gbe ile aye ṣerere, gẹgẹ bi oniroyin ati minisita tẹlẹri lorilẹ-ede Ghana. Ti mo ba ku bayii, awọn eeyan yoo ri nnkan rere tọka si nipa mi.'' ''Ohun miiran to mu mi sọ iriri mi ni pe ọpọ lo ri ifipa ba awọn ọmọdebinrin lo pọ si ohun ti ko too pọn ọn. Ọpọ awọn agbalagba ọkunrin lo n fipa bawọn ọmọde lopọ lasiko yii, tawọn eeyan ko si sọ ohun kan nipa rẹ.''",afrifact_data_culture_yoruba_057,supports,"Elizabeth ni: ''Mo gbe igbesẹ lati sọrọ yii lasiko yii nitori mo ti gbe ile aye ṣerere, gẹgẹ bi oniroyin ati minisita tẹlẹri lorilẹ-ede Ghana. Ti mo ba ku bayii, awọn eeyan yoo ri nnkan rere tọka si nipa mi.'' ''Ohun miiran to mu mi sọ iriri mi ni pe ọpọ lo ri ifipa ba awọn ọmọdebinrin lo pọ si ohun ti ko too pọn ọn. Ọpọ awọn agbalagba ọkunrin lo n fipa bawọn ọmọde lopọ lasiko yii, tawọn eeyan ko si sọ ohun kan nipa rẹ.''",refutes,refutes,refutes,True
afrifact_data_culture_igbo_616,igbo,Pompeo achọtaghị akwụkwọ na-egosi mmekọrịta ochịchị Trump na mba Ukren.," Kọmịsọna na-ahụ maka azụmahịa Christain Madubuko kọwara na gọọmentị Anambra nwụchiri mmadu atọ na steeti ahụ. O kwuru na ndị a, nke otu n'ime ha a bụ eze, ji aghụghọ anapụ ndị mmadụ ego ụtụ isi n'ahịa. Madubuko dọkwara ndị mmadụ aka na ntị ha hie asaa na anya gbasara onye ha na-akwụ ụtụ isi ma kwukwa na ọ bụ sọsọ gọọmentị nwere ikike ihibe ahịa.",afrifact_data_culture_igbo_788,supports," Kọmịsọna na-ahụ maka azụmahịa Christain Madubuko kọwara na gọọmentị Anambra nwụchiri mmadu atọ na steeti ahụ. O kwuru na ndị a, nke otu n'ime ha a bụ eze, ji aghụghọ anapụ ndị mmadụ ego ụtụ isi n'ahịa. Madubuko dọkwara ndị mmadụ aka na ntị ha hie asaa na anya gbasara onye ha na-akwụ ụtụ isi ma kwukwa na ọ bụ sọsọ gọọmentị nwere ikike ihibe ahịa.",nei,nei,nei,True
afrifact_data_culture_igbo_739,igbo,Mansur Dan-Ali nyere ndị agha Naịjirịa iwu ịkwaga Borno ngwangwa.,"Mazị Sam Ohuabunwa bụ onye ihe gbasara mkpata na mmefu akụ doro anya kwenyere na ya bụ egwu Atiku na-atụ. Ọ sị na n'ezie, ndị ebitere ego nwereike ịbịa were akụ na ụba Naịjirịa, mana na-enwere ụzọ ọzọ ha ga-esi gbata ụgwọ ego ha karịrị ịnwere akụ na ụba Naịjirịa. Ọ sị na ""ha nwereike ịme ka ego Naịjirịa tipie etipie nke bụ na-ọnweghịzị ihe ọ ga-egoteli na mba ụwa. Onweghịzịkwa ndị ga-atụkwasa Naịjirịa obi maka iresi ha ihe ma ha ejighị ego"".",afrifact_data_culture_igbo_807,nei,"Mazị Sam Ohuabunwa bụ onye ihe gbasara mkpata na mmefu akụ doro anya kwenyere na ya bụ egwu Atiku na-atụ. Ọ sị na n'ezie, ndị ebitere ego nwereike ịbịa were akụ na ụba Naịjirịa, mana na-enwere ụzọ ọzọ ha ga-esi gbata ụgwọ ego ha karịrị ịnwere akụ na ụba Naịjirịa. Ọ sị na ""ha nwereike ịme ka ego Naịjirịa tipie etipie nke bụ na-ọnweghịzị ihe ọ ga-egoteli na mba ụwa. Onweghịzịkwa ndị ga-atụkwasa Naịjirịa obi maka iresi ha ihe ma ha ejighị ego"".",refutes,refutes,refutes,True
afrifact_data_culture_yoruba_051,yoruba,"Ọ̀kà-Àkókó, Ọ̀bà, Ikun, Arigidi, Ùgbẹ̀, Ọ̀gbàgì, Òkèàgbè jẹ́ àpẹẹrẹ àwọn ìlú tí a lè bá pàdé lábẹ́ ẹ̀yà Àkókó.","Iwaju ile ijọsin nla Cathedral Church of Saint David, ni Kudeti, ni awọn janduku naa ti fa rogbodiyan kan to waye lọjọ kọkandinlogun, oṣu Kejila, ọdun 2016. Kii ṣe igba akọkọ niyẹn ti ẹgbẹ naa ati awọn orogún wọn fa wahala ni agbegbe naa. Ni nkan bi aago mẹjọ alẹ ni ìró ìbọn bẹrẹ si ni i dún, eyi to mu ki ọpọ eeyan o fi ile, sọọbu wọn silẹ, koda awọn kan fi ara pa. Iroyin sọ nigba naa pe ọkọ ayọkẹlẹ, kẹẹkẹ 'maruwa', ati ọkada ni awọn janduku naa gùn wọ adugbo ni alẹ ọjọ buruku, eṣu gbomi mu ọhun. Iṣẹlẹ naa mu ẹ̀mí awọn ara adugbo kan lọ. Wọn tun dana sun awọn ile itaja kan ni adugbo naa. Awọn iroyin kan tilẹ sọ pe búrẹ́dì ni awọn janduku naa rẹ ni epo bẹtiro, ti wọn si n ju sinu sọọbu, ki wọn o to sọ ina si i. Nkan to fà iṣẹlẹ buruku to sọ awọn idile kan sinu ibanujẹ ko ṣe e sọ ni pato",afrifact_data_culture_yoruba_349,nei,"Iwaju ile ijọsin nla Cathedral Church of Saint David, ni Kudeti, ni awọn janduku naa ti fa rogbodiyan kan to waye lọjọ kọkandinlogun, oṣu Kejila, ọdun 2016. Kii ṣe igba akọkọ niyẹn ti ẹgbẹ naa ati awọn orogún wọn fa wahala ni agbegbe naa. Ni nkan bi aago mẹjọ alẹ ni ìró ìbọn bẹrẹ si ni i dún, eyi to mu ki ọpọ eeyan o fi ile, sọọbu wọn silẹ, koda awọn kan fi ara pa. Iroyin sọ nigba naa pe ọkọ ayọkẹlẹ, kẹẹkẹ 'maruwa', ati ọkada ni awọn janduku naa gùn wọ adugbo ni alẹ ọjọ buruku, eṣu gbomi mu ọhun. Iṣẹlẹ naa mu ẹ̀mí awọn ara adugbo kan lọ. Wọn tun dana sun awọn ile itaja kan ni adugbo naa. Awọn iroyin kan tilẹ sọ pe búrẹ́dì ni awọn janduku naa rẹ ni epo bẹtiro, ti wọn si n ju sinu sọọbu, ki wọn o to sọ ina si i. Nkan to fà iṣẹlẹ buruku to sọ awọn idile kan sinu ibanujẹ ko ṣe e sọ ni pato",supports,supports,supports,True
afrifact_data_culture_hausa_339,hausa,Najeriya ta buga wasan farko a gasar cin Kofin Afirka a shekarar 1963,"Domin ya kau-da duk wasu gine gine da akayi ba bisa ka’ida ba, ciki kuwa harda gidan matar shugaban kasa marigayiya Stella Obasanjo da gidan shugaban PDP na wannan lokacin Sanata Amadu Ali da wasu manya manyan kusoshin gwamnati a wancan lokacin.",afrifact_data_culture_hausa_094,refutes,"Domin ya kau-da duk wasu gine gine da akayi ba bisa ka’ida ba, ciki kuwa harda gidan matar shugaban kasa marigayiya Stella Obasanjo da gidan shugaban PDP na wannan lokacin Sanata Amadu Ali da wasu manya manyan kusoshin gwamnati a wancan lokacin.",nei,refutes,refutes,False
afrifact_data_culture_yoruba_017,yoruba,Aganjú jẹ́ iya Sango àti ìyá Àjàká tí wọ́n jọ jọba ní ìlú Ọ̀yọ́ ri.,"Igbesẹ yii jẹ ọna lati le ri pe asẹyọri to ṣe lori ayẹwo iforukọsilẹ siimu to ṣe lọdun to kọja, ati lati mu nkan pada bọ sipo ni ẹka ibaraẹnisọrọ. Idi si niyii ti ajọ NCC ati awọn eeyan mii ni ẹka ibaraẹnisọrọ ṣe fẹnuko pe o ti di dandan lati mu ki akoyawọ ati ootọ wa ninu eto iforukọsilẹ siimu. Awọn ilana tuntun naa niyii: 1.NCC yoo ri daju pe gbogbo awọn ileeṣẹ ibaraẹnisọrọ ti tẹle asẹ to pa pe ki wọn o da iforukọsilẹ siimu duro. 2.Awọn ileeṣẹ ibaraẹnisọrọ yoo sọ fun gbogbo onibaara wọn lati fi nọmba NIN wọn kun akọsilẹ to wa nilẹ tẹlẹ nipa wọn fun siimu. 3.Laarin ọsẹ meji pere ni awọn onibaara naa gbọdọ fi nọmba NIN wọn ranṣẹ, bẹrẹ lati ọjọ kẹrindinlogun, oṣu Kejila si ọgbọnjọ, oṣu Kejila, ọdun 2020.",afrifact_data_culture_yoruba_507,supports,"Igbesẹ yii jẹ ọna lati le ri pe asẹyọri to ṣe lori ayẹwo iforukọsilẹ siimu to ṣe lọdun to kọja, ati lati mu nkan pada bọ sipo ni ẹka ibaraẹnisọrọ. Idi si niyii ti ajọ NCC ati awọn eeyan mii ni ẹka ibaraẹnisọrọ ṣe fẹnuko pe o ti di dandan lati mu ki akoyawọ ati ootọ wa ninu eto iforukọsilẹ siimu. Awọn ilana tuntun naa niyii: 1.NCC yoo ri daju pe gbogbo awọn ileeṣẹ ibaraẹnisọrọ ti tẹle asẹ to pa pe ki wọn o da iforukọsilẹ siimu duro. 2.Awọn ileeṣẹ ibaraẹnisọrọ yoo sọ fun gbogbo onibaara wọn lati fi nọmba NIN wọn kun akọsilẹ to wa nilẹ tẹlẹ nipa wọn fun siimu. 3.Laarin ọsẹ meji pere ni awọn onibaara naa gbọdọ fi nọmba NIN wọn ranṣẹ, bẹrẹ lati ọjọ kẹrindinlogun, oṣu Kejila si ọgbọnjọ, oṣu Kejila, ọdun 2020.",refutes,refutes,refutes,True
afrifact_data_culture_igbo_609,igbo,Esemokwu dị n'etiti n̄ọchịchị Naịjirịa na Nnamdị Kanu. Nke mere ka gọọmentị Naịjirịa tụọ ya nga ndụ.,Maryam Sanuth kwukwara na nyocha gosiri na moringa na-ebulite ọgbugba mmiri ara nwaanyị ruo passenti 100%. Akwụkwọ nri moringa O kwukwara na ọ bụ nanị ngaji moringa abụọ a kwọrọ akwọ nanị ga nwaanyị na-enye nwa ara ga-aṅụ.,afrifact_data_culture_igbo_799,refutes,Maryam Sanuth kwukwara na nyocha gosiri na moringa na-ebulite ọgbugba mmiri ara nwaanyị ruo passenti 100%. Akwụkwọ nri moringa O kwukwara na ọ bụ nanị ngaji moringa abụọ a kwọrọ akwọ nanị ga nwaanyị na-enye nwa ara ga-aṅụ.,nei,nei,nei,True
afrifact_data_culture_yoruba_339,yoruba,"Ìròyìn fi lélẹ̀ pé ọ̀rẹ́ kòríkòsùn ní àwọn olorì méjèèjì yìí, tí wọ́n sì jọ máa ń wọ àǹkóò lọ sóde ní gbogbo ìgbà.","Ere Ayo: Ati ọmọde ati agba ni o ma n ṣe ere ayo. Ninu iho ribiti to ni oju mejila, ti mẹfa si koju ara wọn ni wọn ma n lo pẹlu okuta wẹwẹ abi ọmọ ayo mejidinlaadọta. Ọmọ ayo mẹrin mẹrin yoo si wa ninu koto kọọkan. Ẹni to ba gbiyanju lati tete jẹ ki awo koto tirẹ kun fun ayo ni yoo gbegba oroke ninu idije naa. Ere yii maa n jẹ ki ọpọlọ ọmọde ati agba to n ta ji pepe, o n dani laraya, mu ki ifẹ wa, ti yoo si tun fikun imọ isiro awọn to ba n taa. Ere Boss ati Actor: Ọpọlọpọ awọn ọmọde ti wọn ba ti wo ere onija a bẹrẹ si ni ṣe awokọse fiimu ti wọn wo ,nipa yiyan ‘Boss’ to jẹ ole ati ‘Actor’ to jẹ bii ọlọpaa ti yoo si bori Boss ninu idije naa.",afrifact_data_culture_yoruba_496,nei,"Ere Ayo: Ati ọmọde ati agba ni o ma n ṣe ere ayo. Ninu iho ribiti to ni oju mejila, ti mẹfa si koju ara wọn ni wọn ma n lo pẹlu okuta wẹwẹ abi ọmọ ayo mejidinlaadọta. Ọmọ ayo mẹrin mẹrin yoo si wa ninu koto kọọkan. Ẹni to ba gbiyanju lati tete jẹ ki awo koto tirẹ kun fun ayo ni yoo gbegba oroke ninu idije naa. Ere yii maa n jẹ ki ọpọlọ ọmọde ati agba to n ta ji pepe, o n dani laraya, mu ki ifẹ wa, ti yoo si tun fikun imọ isiro awọn to ba n taa. Ere Boss ati Actor: Ọpọlọpọ awọn ọmọde ti wọn ba ti wo ere onija a bẹrẹ si ni ṣe awokọse fiimu ti wọn wo ,nipa yiyan ‘Boss’ to jẹ ole ati ‘Actor’ to jẹ bii ọlọpaa ti yoo si bori Boss ninu idije naa.",supports,supports,supports,True
afrifact_data_culture_igbo_552,igbo,Davido kwuru na enyi ya nwaanyị bụ Chioma nwere ọrịa coronavirus. Davido matara ọrịa enyi ya nwaanyị mgbe ha si London lọta.,Lee ihe anyị chọpụtara DJ Switch bụ onye Udi n'Enugwu steeti Obianuju Catherine Udeh bụ otiegwu Naịjirịa ama ama dịka DJ Switch ji ekwenti ya sete etu ndị agha si gbaa ndị na-eme ngaghariwe egbe na Lekki toll gate ụbọchị Oktoba 20.,afrifact_data_culture_igbo_591,nei,Lee ihe anyị chọpụtara DJ Switch bụ onye Udi n'Enugwu steeti Obianuju Catherine Udeh bụ otiegwu Naịjirịa ama ama dịka DJ Switch ji ekwenti ya sete etu ndị agha si gbaa ndị na-eme ngaghariwe egbe na Lekki toll gate ụbọchị Oktoba 20.,supports,nei,nei,False
afrifact_data_culture_igbo_765,igbo,Gọọmentị Naịjerịa na-achọ ụzọ ha ga-esi ebite ego ha ga-etinye n'ọrụ ugbo.,"A mụrụ Osadebe na March 17, 1936, n'obodo Igbo dị na Atani na ndịda ọwụwa anyanwụ Naijiria.",afrifact_data_culture_igbo_071,refutes,"A mụrụ Osadebe na March 17, 1936, n'obodo Igbo dị na Atani na ndịda ọwụwa anyanwụ Naijiria.",nei,nei,nei,True
afrifact_data_culture_yoruba_528,yoruba,Wizkid jẹ́ ọ̀kan lára àwọn olórin tàkásúfẹ̀ẹ́  Afro Beat tó wà ní orílẹ̀-èdè Nàìjíríà.,"Àwọn Idejo náà ni: Aromire, Ojora, Onikoyi, Oniru, Oluwa, Oloto, Olumegbon àti Elegushi. Ogunneru ló padà gorí oyè lẹ́yìn Ọlọ́fin, tí ó sì di Ọlọ́fin Isheri, nígbà tí Ogunbiyi sì lọ tẹ àwọn ìlú mìíràn dó ní Awori. Ayẹyẹ ọdún ìbílẹ̀ [ | ] Orò àti Oree, Egúngún, Elegba, Ìgunukó, Opa, Osugbo àti Gẹ̀lẹ̀dé wà lára àwọn ayẹyẹ ọdún ìbílẹ̀ tí wọ́n máa ń ní ní ìlú Awori.",afrifact_data_culture_yoruba_028,nei,"Àwọn Idejo náà ni: Aromire, Ojora, Onikoyi, Oniru, Oluwa, Oloto, Olumegbon àti Elegushi. Ogunneru ló padà gorí oyè lẹ́yìn Ọlọ́fin, tí ó sì di Ọlọ́fin Isheri, nígbà tí Ogunbiyi sì lọ tẹ àwọn ìlú mìíràn dó ní Awori. Ayẹyẹ ọdún ìbílẹ̀ [ | ] Orò àti Oree, Egúngún, Elegba, Ìgunukó, Opa, Osugbo àti Gẹ̀lẹ̀dé wà lára àwọn ayẹyẹ ọdún ìbílẹ̀ tí wọ́n máa ń ní ní ìlú Awori.",supports,supports,supports,True
afrifact_data_culture_igbo_624,igbo,Mmadụ iri asaa na asatọ nọ n'ime ụgbọelu Sibera Airlines si obodo Tel Aviv aga obodo Novobirsk Rọshịa nwụrụ ka ugbọelu ha dabara n'oshimiri ojii. Ndị agha Ukren gọrọ na aka ha adịghị ya mechaa kweta na aka ha dị na ya.,O si n'ahịrị ndị na-abụ abụ na ndị na-agba egwu n'ala Igbo .,afrifact_data_culture_igbo_067,refutes,O si n'ahịrị ndị na-abụ abụ na ndị na-agba egwu n'ala Igbo .,supports,nei,nei,False
afrifact_data_culture_yoruba_722,yoruba,"Ní ọdún 1950, Moshood gba àǹfààní ẹ̀kọ́ ọ̀fẹ́ ti ìjọba, tí ó fi gba oyè nípa imọ̀ ìṣirò.","Ìjàkadì jẹ́ àjọ̀dún àṣà ọlọ́dọọdún ní ìlú Ọ̀fà, ní ìjọba ìpínlẹ̀ Kwara, ní orílẹ̀-èdè , pẹ̀lú èròǹgbà làti ṣe ìgbéga fún àṣà Yorùbá ní orílẹ̀-èdè Nàìjíríà. Gbólóhùn 'Ìjàkadì' ní ìtumọ̀ tirẹ̀, ó túmọ̀ sí 'Ìjà ká dì mọ́ra ẹni' èyí tí ó ní ipa pàtàkì nínú ìtàn ìlú Ọ̀fà.",afrifact_data_culture_yoruba_595,nei,"Ìjàkadì jẹ́ àjọ̀dún àṣà ọlọ́dọọdún ní ìlú Ọ̀fà, ní ìjọba ìpínlẹ̀ Kwara, ní orílẹ̀-èdè , pẹ̀lú èròǹgbà làti ṣe ìgbéga fún àṣà Yorùbá ní orílẹ̀-èdè Nàìjíríà. Gbólóhùn 'Ìjàkadì' ní ìtumọ̀ tirẹ̀, ó túmọ̀ sí 'Ìjà ká dì mọ́ra ẹni' èyí tí ó ní ipa pàtàkì nínú ìtàn ìlú Ọ̀fà.",refutes,refutes,refutes,True
afrifact_data_culture_igbo_611,igbo,Ndị ụmụnna abaghị uru ọbụla n'obodo maọbụ n'ezinụlọ ha.,Ụfọdụ ụlọakwụkwọ dị na Beijing na Shanghai emepekwaala dịka ụmụakwụkwọ malitere ịga akwụkwọ taa.,afrifact_data_culture_igbo_243,nei,Ụfọdụ ụlọakwụkwọ dị na Beijing na Shanghai emepekwaala dịka ụmụakwụkwọ malitere ịga akwụkwọ taa.,refutes,supports,supports,False
afrifact_data_culture_yoruba_288,yoruba,"Arapaja ṣé alága ìjọba ìbílẹ̀ Ìlà-oòrùn Ìbàdán lẹ́ẹ̀mejì ọ̀tọ̀tọ̀, láàárín ọdún 1996 sí ọdún 2003.","Nínú ìwé ti wọ́n pe àkọle rẹ̀ ni ""Adedibu the Strongman and Generalissimo of Nigeria Politics"" èyí ti Hazeem Gbolarunmi àti olóyè Lekan Saka jìjọ kọ, ni ọ̀rọ̀ yìí ti jẹyọ. Ìwé náà sọ nípa ìgbé aye gbajúgbajà olóṣèlú Ibadan náà, ti àwọn ọmọ àti olùgbé Ibadan ko le gbàgbé ipa tó kó nínú ètò òṣèlú. Àwọn iròyin tì ẹ leè ní ìfẹ̀ síí: Wọ́n ni yàtọ̀ si àwọn igbésẹ̀ akin tó gbé, àwọn ènìyàn kò le gbàgbé bi àwọn jànduku ṣe pọ̀ tó lásìkò rẹ̀ àti àwọn ìwà ìbàjẹ́ míràn tó jẹyọ nílùú Ibadan àti ni ìpińlẹ̀ Oyo lápapọ̀, lasiko aye oloogbe naa.",afrifact_data_culture_yoruba_365,refutes,"Nínú ìwé ti wọ́n pe àkọle rẹ̀ ni ""Adedibu the Strongman and Generalissimo of Nigeria Politics"" èyí ti Hazeem Gbolarunmi àti olóyè Lekan Saka jìjọ kọ, ni ọ̀rọ̀ yìí ti jẹyọ. Ìwé náà sọ nípa ìgbé aye gbajúgbajà olóṣèlú Ibadan náà, ti àwọn ọmọ àti olùgbé Ibadan ko le gbàgbé ipa tó kó nínú ètò òṣèlú. Àwọn iròyin tì ẹ leè ní ìfẹ̀ síí: Wọ́n ni yàtọ̀ si àwọn igbésẹ̀ akin tó gbé, àwọn ènìyàn kò le gbàgbé bi àwọn jànduku ṣe pọ̀ tó lásìkò rẹ̀ àti àwọn ìwà ìbàjẹ́ míràn tó jẹyọ nílùú Ibadan àti ni ìpińlẹ̀ Oyo lápapọ̀, lasiko aye oloogbe naa.",supports,supports,supports,True
afrifact_data_culture_igbo_485,igbo,Lawrence Ifeanyi Ugwuanyi bụ Osote Gọvanọ nke Enugu Steeti malite n'ọnwa Eprel nke afo 2015.,Akụkọ ndị dị mkpa taa: Ndị ụlọomeiwu etinyela aka n'akwụkwọ ịkwado ka onyeisiala Buhari bite ego dị ijeri dọla iri abụọ na abụọ na ụma asaa. Ha mere nke a n'ụbọchị Tọzde na ngwụcha nrụrịtaụka dapụtara n'etiti ha banyere ego ahụ.,afrifact_data_culture_igbo_699,nei,Akụkọ ndị dị mkpa taa: Ndị ụlọomeiwu etinyela aka n'akwụkwọ ịkwado ka onyeisiala Buhari bite ego dị ijeri dọla iri abụọ na abụọ na ụma asaa. Ha mere nke a n'ụbọchị Tọzde na ngwụcha nrụrịtaụka dapụtara n'etiti ha banyere ego ahụ.,refutes,nei,nei,False
afrifact_data_culture_yoruba_498,yoruba,"Eré bọ́ọ̀lù ló pọ̀ jù láàrin àwọn ọmọkùnrin gẹ́gẹ́ bí eré ṣíṣe, àmọ́ eré-ọmọdé mìíràn wà tí wọ́n kúndùn láti máa ṣe.","Ni Naijiria, bo tilẹ jẹ ọpọ ibi tawọn obinrin lee foripamọ si ti di titi pa nitori ofin konile-o-gbele, awọn eeyan kan ṣi n ran awọn obinrin lọwọ lati gbawọn la kuro lọwọ ọkọ oniwa ipa. Ṣugbọn adari ile tawọn obinrin Kenya le fori pamọ si julọ, Nana Sunnu ni wọn kole gba ẹnikẹni bayii nitori ajakalẹ arun to wa lode, ati pe ibi tawọn eeyan le gbe fun anfani idanikan wa ko to nkan.",afrifact_data_culture_yoruba_020,refutes,"Ni Naijiria, bo tilẹ jẹ ọpọ ibi tawọn obinrin lee foripamọ si ti di titi pa nitori ofin konile-o-gbele, awọn eeyan kan ṣi n ran awọn obinrin lọwọ lati gbawọn la kuro lọwọ ọkọ oniwa ipa. Ṣugbọn adari ile tawọn obinrin Kenya le fori pamọ si julọ, Nana Sunnu ni wọn kole gba ẹnikẹni bayii nitori ajakalẹ arun to wa lode, ati pe ibi tawọn eeyan le gbe fun anfani idanikan wa ko to nkan.",supports,supports,supports,True
afrifact_data_culture_hausa_026,hausa,Ana fama da rashin tsaro na boko-haram da yan bindiga a jahohin arewacin Najeriya.,Musulmai na bauta tareda koyo da koyar da ilimin addinin tare da tattaunawa akan matsalolin musulmai tare da neman hanyar warware su a masallaci.,afrifact_data_culture_hausa_461,supports,Musulmai na bauta tareda koyo da koyar da ilimin addinin tare da tattaunawa akan matsalolin musulmai tare da neman hanyar warware su a masallaci.,nei,nei,nei,True
afrifact_data_culture_igbo_072,igbo,"Na March 17, 1936, n'obodo Igbo dị na Atani ka a mụrụ Osadebe."," Kọmịsọna na-ahụ maka azụmahịa Christain Madubuko kọwara na gọọmentị Anambra nwụchiri mmadu atọ na steeti ahụ. O kwuru na ndị a, nke otu n'ime ha a bụ eze, ji aghụghọ anapụ ndị mmadụ ego ụtụ isi n'ahịa. Madubuko dọkwara ndị mmadụ aka na ntị ha hie asaa na anya gbasara onye ha na-akwụ ụtụ isi ma kwukwa na ọ bụ sọsọ gọọmentị nwere ikike ihibe ahịa.",afrifact_data_culture_igbo_787,refutes," Kọmịsọna na-ahụ maka azụmahịa Christain Madubuko kọwara na gọọmentị Anambra nwụchiri mmadu atọ na steeti ahụ. O kwuru na ndị a, nke otu n'ime ha a bụ eze, ji aghụghọ anapụ ndị mmadụ ego ụtụ isi n'ahịa. Madubuko dọkwara ndị mmadụ aka na ntị ha hie asaa na anya gbasara onye ha na-akwụ ụtụ isi ma kwukwa na ọ bụ sọsọ gọọmentị nwere ikike ihibe ahịa.",supports,nei,nei,False
afrifact_data_culture_hausa_454,hausa,Ana aikin Hajji ne a ƙarshen shekarar musulunci.,"Jollof na Najeriya [ | ] Kodayake akwai babban bambanci, ainihin bayanin martabar shinkafar jollof na Najeriya ya haɗa da doguwar shinkafa mai hatsi, tumatir da manna tumatir, barkono, man kayan lambu, albasa, da cubes. Yawancin dafaffen kayan abinci ana dafa su a cikin tukunya ɗaya, wanda wadataccen nama mai nama da soyayyen tumatir da barkono puree na dabi'a shine tushen tushe. Daga nan sai a ƙara shinkafa a bar ta a dafa a cikin ruwa. Daga nan ana ba da tasa tare da furotin ɗin da aka zaɓa kuma galibi tare da soyayyen plantain, moi moi, kayan lambu da aka dafa, coleslaw, salatin, da sauransu.",afrifact_data_culture_hausa_252,supports,"Jollof na Najeriya [ | ] Kodayake akwai babban bambanci, ainihin bayanin martabar shinkafar jollof na Najeriya ya haɗa da doguwar shinkafa mai hatsi, tumatir da manna tumatir, barkono, man kayan lambu, albasa, da cubes. Yawancin dafaffen kayan abinci ana dafa su a cikin tukunya ɗaya, wanda wadataccen nama mai nama da soyayyen tumatir da barkono puree na dabi'a shine tushen tushe. Daga nan sai a ƙara shinkafa a bar ta a dafa a cikin ruwa. Daga nan ana ba da tasa tare da furotin ɗin da aka zaɓa kuma galibi tare da soyayyen plantain, moi moi, kayan lambu da aka dafa, coleslaw, salatin, da sauransu.",nei,refutes,refutes,False
afrifact_data_culture_hausa_195,hausa,Zuwa gidajen shaƙatawa yana ɗebewa mutane kewa ya kawar mu su da damuwarsu.,"Don ci ko amfanin yau da kullum, amma dai ko wane jinsi ko ire-iren al'umma suna ta'ammali da shinkafa a dukkanin fadin duniya.Don kuwa shinkafa ta fi kowane nau'in abinci shahara a duniya. Nau'in shinkafa kala daban daban An kawo nau'ikan shinkafa da yawa don inganta ingancin amfanin gona.",afrifact_data_culture_hausa_299,supports,"Don ci ko amfanin yau da kullum, amma dai ko wane jinsi ko ire-iren al'umma suna ta'ammali da shinkafa a dukkanin fadin duniya.Don kuwa shinkafa ta fi kowane nau'in abinci shahara a duniya. Nau'in shinkafa kala daban daban An kawo nau'ikan shinkafa da yawa don inganta ingancin amfanin gona.",nei,supports,supports,False
afrifact_data_culture_igbo_455,igbo,"N'oge Chris Nwabueze Ngigeji ọkwa Gọvanọ Anambra Steeti, ndị òtù Peoples Democratic Party gbahapụrụ ya","Iwobi malitere ọrụ ya na Arsenal, na-eme ngosi 149 ma nweta ihe mgbaru ọsọ 15, wee merie FA Cup na 2017.",afrifact_data_culture_igbo_054,supports,"Iwobi malitere ọrụ ya na Arsenal, na-eme ngosi 149 ma nweta ihe mgbaru ọsọ 15, wee merie FA Cup na 2017.",nei,nei,nei,True
afrifact_data_culture_yoruba_148,yoruba,"Asúnrétete kò ní kọjá ilé, Arìngbẹ̀rẹ̀ kò ní sùn sọ́nà.","Ko si idi meji tawọn ọmọ orilẹ-ede Naijiria fi n kan saara si Ọjọgbọn Oṣinbajo, ju awọn igbesẹ akọ to gbe lasiko to fi n dele fun aarẹ Muhammadu Buhari fun ọjọ mẹwaa to lọ lo fun isinmi laipẹ ati latẹyin wa. Amọ ṣa, gẹgẹ bii oloṣelu to wa lati ẹkun guusu orilẹ-ede Naijiria, ko daju pe Ọṣinbajo yoo lee dide dije fun ipo aarẹ lasiko idibo apapọ ọdun to n bọ, nitori ilana yan-ki-n-yan eleyi ti wọn fi le ori eto idipo-mu laarin ẹkun ariwa ati guusu orilẹ-ede naa. 'Ipaniyan ati ifiyajẹni lọna ti ko bofinmu lọwọ awọn ọlọpaa' Laipẹ yii ni Ọjọgbọn Ọṣinbajo paṣẹ atunto ikọ agbenawoju awọn adigunjale, FSARS ti o ti di atobi-maṣee-bawi bayii nitori oniruru ẹsun iwa ibajẹ ti wọn fi n kan wọn.",afrifact_data_culture_yoruba_377,refutes,"Ko si idi meji tawọn ọmọ orilẹ-ede Naijiria fi n kan saara si Ọjọgbọn Oṣinbajo, ju awọn igbesẹ akọ to gbe lasiko to fi n dele fun aarẹ Muhammadu Buhari fun ọjọ mẹwaa to lọ lo fun isinmi laipẹ ati latẹyin wa. Amọ ṣa, gẹgẹ bii oloṣelu to wa lati ẹkun guusu orilẹ-ede Naijiria, ko daju pe Ọṣinbajo yoo lee dide dije fun ipo aarẹ lasiko idibo apapọ ọdun to n bọ, nitori ilana yan-ki-n-yan eleyi ti wọn fi le ori eto idipo-mu laarin ẹkun ariwa ati guusu orilẹ-ede naa. 'Ipaniyan ati ifiyajẹni lọna ti ko bofinmu lọwọ awọn ọlọpaa' Laipẹ yii ni Ọjọgbọn Ọṣinbajo paṣẹ atunto ikọ agbenawoju awọn adigunjale, FSARS ti o ti di atobi-maṣee-bawi bayii nitori oniruru ẹsun iwa ibajẹ ti wọn fi n kan wọn.",nei,supports,supports,False
afrifact_data_culture_igbo_470,igbo,"Irighiri ihe ndị e ji esi ofe egusi gụnyere mmanụ, ose, yabasị, akwụkwọ nri, crayfish, anụ, azụ, bitterleaf, pumpkin leaf na spinach.",Ọjà bụ ngwa egwu agụnyere na ngwa egwu ikuku.,afrifact_data_culture_igbo_033,nei,Ọjà bụ ngwa egwu agụnyere na ngwa egwu ikuku.,supports,nei,nei,False
afrifact_data_culture_yoruba_663,yoruba,"Ní ilẹ̀ Adúláwọ̀, ọ̀pọ̀lọpọ̀ àgbẹ̀ ní ń gbin iṣu.","Abíọ́́lá jẹ́ Olóòtú ìwé ìròyìn ọ̀sọ̀ọ̀sẹ̀ ilé-ìwé wọn tí ó ń jẹ́ tí sì jẹ́ igbákejì rẹ. Ó dára pọ̀ mọ́ ẹgbẹ́ ní ìgbà tí ó di ọmọ ọdún mọ́kàndínlógún nítorí ìfẹ́ tí ó ní sí ètò òṣèlú àwa arawa ó darapọ́ mọ́ ẹgbẹ́ òṣèlú jẹ́ olùdásílẹ̀ rẹ̀ Ní ọdún 1960, Moshood jẹ àǹfàníi ẹ̀kọ́ ọ̀fẹ́ ti ijọba láti lọ ka ìwé ní University ti Glasgow ní ìlú Scotland ni ibi tí ó ti gba oyè nínú ìmọ̀ ìṣirò.",afrifact_data_culture_yoruba_722,refutes,"Abíọ́́lá jẹ́ Olóòtú ìwé ìròyìn ọ̀sọ̀ọ̀sẹ̀ ilé-ìwé wọn tí ó ń jẹ́ tí sì jẹ́ igbákejì rẹ. Ó dára pọ̀ mọ́ ẹgbẹ́ ní ìgbà tí ó di ọmọ ọdún mọ́kàndínlógún nítorí ìfẹ́ tí ó ní sí ètò òṣèlú àwa arawa ó darapọ́ mọ́ ẹgbẹ́ òṣèlú jẹ́ olùdásílẹ̀ rẹ̀ Ní ọdún 1960, Moshood jẹ àǹfàníi ẹ̀kọ́ ọ̀fẹ́ ti ijọba láti lọ ka ìwé ní University ti Glasgow ní ìlú Scotland ni ibi tí ó ti gba oyè nínú ìmọ̀ ìṣirò.",supports,supports,supports,True
afrifact_data_culture_hausa_163,hausa,Tsadar fitulu masu amfani da hasken rana ne yasa gwamnatoci ke barin titinan jiharsu a cikin duhu.,"Akan yi yankan ciyawa dashi domin a baiwa dabbobi na gida, da kuma yankan da amma anfi amfani dashi wajen yankan ciyawa wacce ake bawa awakai da tumaki har da dan maraqin sa.",afrifact_data_culture_hausa_581,supports,"Akan yi yankan ciyawa dashi domin a baiwa dabbobi na gida, da kuma yankan da amma anfi amfani dashi wajen yankan ciyawa wacce ake bawa awakai da tumaki har da dan maraqin sa.",nei,nei,nei,True
afrifact_data_culture_hausa_578,hausa,Bahaushe ya na da karin magana daban-daban da ya ke amfani dasu wurin isar da saƙonni.,"Mista Jonathan ya ce ba anan kadai Amurka ta tsaya ba wajen yunkurin kifar da gwamnatinsa, har ta kai Shugaba Obama ya shawo kan firaministan Burtaniya David Cameron ya mara masa baya duk da kyakkyawar dangantakar da ke tsakanin Jonathan da Cameron",afrifact_data_culture_hausa_781,refutes,"Mista Jonathan ya ce ba anan kadai Amurka ta tsaya ba wajen yunkurin kifar da gwamnatinsa, har ta kai Shugaba Obama ya shawo kan firaministan Burtaniya David Cameron ya mara masa baya duk da kyakkyawar dangantakar da ke tsakanin Jonathan da Cameron",nei,supports,supports,False
afrifact_data_culture_igbo_325,igbo,Chinwoke Mbadinuju zọrọ ọkwa onye isi ala ka afọ anọ gachara Naịjirịa laghachiri n'ọchịchị onye kwuo uche ya n'afọ 2003.,Ụfọdụ kwenyere na e nwetara ala a site na agha na ogbugbu nke ndị si Umualaoma.,afrifact_data_culture_igbo_132,supports,Ụfọdụ kwenyere na e nwetara ala a site na agha na ogbugbu nke ndị si Umualaoma.,refutes,nei,nei,False
afrifact_data_culture_igbo_169,igbo,Uche Nwonwu kwuru na ọ bụ mmiri dị n'azụ be ha ka ha na-aṅụ.,"Ọkammụta Nnabuihe gara n'ihu kọwaa na ihe ndị dị mkpa a na-ajụ n'ajụjụ gụnyere; 1. Onye bụ nne na nna ya na etu ha si ebi ndụ? N'ihi na a sị na ewu na-ata agbara nwa ya a na-ele ya anya n'ọnụ wee na-amụta, etu nne na nna si ebi ka a tụrụ anya na nwa ha ga-esi biri. 2. Onwere ọrịa ọjọọ dị n'ime ezinaụlọ onye ahụ si pụta ma ọ bụ nke ọ na-arịa? Ọrịa ndị dịka akwụkwụ na isi mgbaka dgz. E kwenyere na ọrịa ndị a nwereike isi n'aka feere nwa ha. 3. Ha a na-ezu ohi? Igbo sị na ohi na-echu aha. E kwenyere na onye ohi ga-amụta onye ohi. Agbụrụ e ji izu ohi mara, ndị Igbo na-asọ ya asọ. 4. Ha a bụ ndị umengwụ? Igbo sị na onye umengwụ bụ onye arịrịọ, onye arịrịọ bụrụ onye ohi. Ya mere onweghi onye ga-achọ ka ya na agbụrụ ndị umengwụ nwee mmekọ. 5. Ihe ọzọ a na-ajụ bụ ma onye ahụ ọ bụ Diala, Osu, Ume, Ohu, Njoku, Mmajụ, Nwaatanị, Nnọmafọ. ",afrifact_data_culture_igbo_710,supports,"Ọkammụta Nnabuihe gara n'ihu kọwaa na ihe ndị dị mkpa a na-ajụ n'ajụjụ gụnyere; 1. Onye bụ nne na nna ya na etu ha si ebi ndụ? N'ihi na a sị na ewu na-ata agbara nwa ya a na-ele ya anya n'ọnụ wee na-amụta, etu nne na nna si ebi ka a tụrụ anya na nwa ha ga-esi biri. 2. Onwere ọrịa ọjọọ dị n'ime ezinaụlọ onye ahụ si pụta ma ọ bụ nke ọ na-arịa? Ọrịa ndị dịka akwụkwụ na isi mgbaka dgz. E kwenyere na ọrịa ndị a nwereike isi n'aka feere nwa ha. 3. Ha a na-ezu ohi? Igbo sị na ohi na-echu aha. E kwenyere na onye ohi ga-amụta onye ohi. Agbụrụ e ji izu ohi mara, ndị Igbo na-asọ ya asọ. 4. Ha a bụ ndị umengwụ? Igbo sị na onye umengwụ bụ onye arịrịọ, onye arịrịọ bụrụ onye ohi. Ya mere onweghi onye ga-achọ ka ya na agbụrụ ndị umengwụ nwee mmekọ. 5. Ihe ọzọ a na-ajụ bụ ma onye ahụ ọ bụ Diala, Osu, Ume, Ohu, Njoku, Mmajụ, Nwaatanị, Nnọmafọ. ",refutes,supports,supports,False
afrifact_data_culture_igbo_688,igbo,Nabil Fekir kpọ ndị ya nọ n'otu egwuregwu Lyon gaa Algerịa inwe obi aṅụrị.,Ndị na achịkwa ma na elekọta ahịa ahụ bụ otu a na akpọ na bekee Onitsha Market Traders Association (OMATA).,afrifact_data_culture_igbo_379,refutes,Ndị na achịkwa ma na elekọta ahịa ahụ bụ otu a na akpọ na bekee Onitsha Market Traders Association (OMATA).,nei,nei,nei,True
afrifact_data_culture_hausa_757,hausa,Chinenye Okafor ta bar wasan ƙwallon kafa ne saboda ra'ayin kanta.,Tawagar yaƙin neman zaɓen Trump na fafutuka tuƙuru a jihar ta Florida - faɗuwa zaɓe a nan ka iya haramta masa sake komawa Fadar White House.,afrifact_data_culture_hausa_788,nei,Tawagar yaƙin neman zaɓen Trump na fafutuka tuƙuru a jihar ta Florida - faɗuwa zaɓe a nan ka iya haramta masa sake komawa Fadar White House.,refutes,nei,nei,False
afrifact_data_culture_hausa_046,hausa,Umaru Musa 'Yar'adua bai taɓa zama mamba na wata kwalleji a jihar Katsina ba.,Bayanai masu cin karo da juna Gwamnatin Katsina ta tabbatar da cewa ɗalibai 333 ne suka ɓata bayan harin da ƴan bindiga suka kai makarantar sakandaren ta Kankara,afrifact_data_culture_hausa_794,nei,Bayanai masu cin karo da juna Gwamnatin Katsina ta tabbatar da cewa ɗalibai 333 ne suka ɓata bayan harin da ƴan bindiga suka kai makarantar sakandaren ta Kankara,refutes,refutes,refutes,True
afrifact_data_culture_hausa_208,hausa,Jihar Taraba ta kasance mafi girman ƙasa a cikin johohin Najeriya.,Ga Maguzawan da ke gundumar Kwatarkwashi ta Jihar Zamfara waɗanda ke bautar Magiro a garuruwansu na da ba su da wata tsayayyar rana wadda suke raɗa wa ‘ya’yansu suna. A al’adar waɗannan mutane ba a raɗa wa yaro suna sai lokacin da ake da damar yin sunan ko da kuwa bayan shekaru ne. A wurinsu mutum yana iya haɗa ‘ya’yansa da yawa tun daga na ɗaya ko fiye da ɗaya don ya yi masu suna a rana ɗaya.,afrifact_data_culture_hausa_378,supports,Ga Maguzawan da ke gundumar Kwatarkwashi ta Jihar Zamfara waɗanda ke bautar Magiro a garuruwansu na da ba su da wata tsayayyar rana wadda suke raɗa wa ‘ya’yansu suna. A al’adar waɗannan mutane ba a raɗa wa yaro suna sai lokacin da ake da damar yin sunan ko da kuwa bayan shekaru ne. A wurinsu mutum yana iya haɗa ‘ya’yansa da yawa tun daga na ɗaya ko fiye da ɗaya don ya yi masu suna a rana ɗaya.,nei,refutes,refutes,False
afrifact_data_culture_igbo_544,igbo,Facebook mere Ọkaiwu Paul Achallaonye nnọchite anya ya na Naịjrịa.,"Ọ bụ ọdọ mmiri kachasị ukwuu di na Imo , Ndịda Ọwụwa Anyanwụ ; n'ime mpaghara mmiri ozuzo nke Niger . ",afrifact_data_culture_igbo_282,supports,"Ọ bụ ọdọ mmiri kachasị ukwuu di na Imo , Ndịda Ọwụwa Anyanwụ ; n'ime mpaghara mmiri ozuzo nke Niger . ",nei,nei,nei,True
afrifact_data_culture_hausa_696,hausa,Yawan matan da ke kashe kan su a ƙasar Japan ya ƙaru da kashi 70 a watan Nuwamba.,"Sai dai tanadin Hukumar zabe shi ne a duk lokacin da ta ga rumfar ta yi girman da ya kai a dan yayyanka ta yadda ranar zabe za a samu gudanar da zabubbuka a cikin sauki, za ta yi haka, Za ta kuma tura karin ma'aikata domin a samu damar gudanar da zabe a wannan rumfa, ba tare da an samu wani tawaya ko jinkiri ba.",afrifact_data_culture_hausa_732,supports,"Sai dai tanadin Hukumar zabe shi ne a duk lokacin da ta ga rumfar ta yi girman da ya kai a dan yayyanka ta yadda ranar zabe za a samu gudanar da zabubbuka a cikin sauki, za ta yi haka, Za ta kuma tura karin ma'aikata domin a samu damar gudanar da zabe a wannan rumfa, ba tare da an samu wani tawaya ko jinkiri ba.",refutes,refutes,refutes,True
afrifact_data_culture_yoruba_635,yoruba,"Ní ìwọ̀ oòrùn ìtà Ipetumodu ni ilé ìwé Federal Government Girl's College wà, èyí tó jẹ́ aládàá ní.","Yorùbá gbàgbọ́ nínú gbólóhùn kan ""ẹ̀sọ̀ layé"" (The world is fragile). Ìdí ni wípé ayé ṣòro, ó sì gba jẹ́jẹ́, pàá pàá jùlọ kí a bára ẹni gbé ní ìrẹ́pọ̀, ìbọ̀wọ̀ àti àlááfíà. Ìtàn Ìwáṣẹ̀ Gẹ̀lẹ̀dẹ́ [ | ] Gelede mask, Afro-Brazilian Museum, São Paulo Ọ̀pọ̀ ìtàn ìwáṣẹ̀ tó rọ̀ mọ́ òrìṣà Gẹ̀lẹ̀dẹ́ ni a ti rí púpọ̀ rẹ̀ nínú . Ifá tí a ń sọ̀rọ̀ rẹ̀ yí ni ó ní Odù tí ó tó Igba ó lé Mẹ́rìnlélọ́gọ̀ta Odù, tí ìkọ̀ọ̀kan rẹ̀ sì ń dá lórí ènìyàn, ẹranko, àti àwọn pẹ̀lú ìṣòro àti ọ̀na àbáyọ sí ìṣòro wọn èyí ìṣẹ̀lẹ̀ tí ó ti ṣẹ̀ sẹ́yìn.",afrifact_data_culture_yoruba_265,nei,"Yorùbá gbàgbọ́ nínú gbólóhùn kan ""ẹ̀sọ̀ layé"" (The world is fragile). Ìdí ni wípé ayé ṣòro, ó sì gba jẹ́jẹ́, pàá pàá jùlọ kí a bára ẹni gbé ní ìrẹ́pọ̀, ìbọ̀wọ̀ àti àlááfíà. Ìtàn Ìwáṣẹ̀ Gẹ̀lẹ̀dẹ́ [ | ] Gelede mask, Afro-Brazilian Museum, São Paulo Ọ̀pọ̀ ìtàn ìwáṣẹ̀ tó rọ̀ mọ́ òrìṣà Gẹ̀lẹ̀dẹ́ ni a ti rí púpọ̀ rẹ̀ nínú . Ifá tí a ń sọ̀rọ̀ rẹ̀ yí ni ó ní Odù tí ó tó Igba ó lé Mẹ́rìnlélọ́gọ̀ta Odù, tí ìkọ̀ọ̀kan rẹ̀ sì ń dá lórí ènìyàn, ẹranko, àti àwọn pẹ̀lú ìṣòro àti ọ̀na àbáyọ sí ìṣòro wọn èyí ìṣẹ̀lẹ̀ tí ó ti ṣẹ̀ sẹ́yìn.",refutes,nei,nei,False
afrifact_data_culture_hausa_234,hausa,Sarauniyar yankin za ta ba da rabin garin ga duk wanda ya kashe macijin.,"Irin wadannan labaran karya kan haifar da illoli masu yawa, kamar tayar da fitina, da kulla kiyayya tsakanin al'umma da kuma yada bayanan da ba su da tushe.",afrifact_data_culture_hausa_800,nei,"Irin wadannan labaran karya kan haifar da illoli masu yawa, kamar tayar da fitina, da kulla kiyayya tsakanin al'umma da kuma yada bayanan da ba su da tushe.",supports,nei,nei,False
afrifact_data_culture_igbo_429,igbo,"Naịjirịa bụ mba dị n'Afịrịka, nke ndị bi na ya si agbụrụ dị iche iche ma ọgbaghara na-adapụta mgbe ụfọdụ",Alexander Ifeanyichukwu Ekwueme // ⓘ GCON (21 October 1932 – 19 Nọvemba 2017) bụ onye ndọrọndọrọ ọchịchị Naijiria nke jere dịka osote onyeisiala mbụ nke Naijiria site na 1979 ruo 1983 n'oge Naịjiria Republic nke Abụọ n'okpuru onyeisiala Shehu Shagari dịka onye otu National Party.,afrifact_data_culture_igbo_432,supports,Alexander Ifeanyichukwu Ekwueme // ⓘ GCON (21 October 1932 – 19 Nọvemba 2017) bụ onye ndọrọndọrọ ọchịchị Naijiria nke jere dịka osote onyeisiala mbụ nke Naijiria site na 1979 ruo 1983 n'oge Naịjiria Republic nke Abụọ n'okpuru onyeisiala Shehu Shagari dịka onye otu National Party.,nei,supports,supports,False
afrifact_data_culture_yoruba_306,yoruba,"Àwọn abiyamọ tí ọmọ wọn ní ìpènijà ara máa ń la ọ̀pọ̀lọpọ̀ nǹkan kọjá, bẹ́ẹ̀ sì ni ìdojúkọ wọn pọ̀ rẹpẹtẹ nítorí ọ̀pọ̀ nǹkan ni ojú wọn máa ń rí.","Èdè Lárúbáwá tabi ede Araabu Ara èdè Sẹ̀mítíìkì ni èdè Àrábíìkì (Arabic (Èdè Lárúbááwá)). Àwọn tí ó ń sọ ọ́ tó mílíọ̀nù lọ́nà igba gẹ́gẹ́ bí èdè abíníbí ní àríwá Aáfíríkà àti ìlà-oòrùn-gúsù (Asia). Àìmoye ènìyàn tí a kò lè fi ojú da iye wọn ni ó ń sọ èdè yìí gẹ́gẹ́ bí èdè kejì, ìyẹn èdè àkọ́kún-tẹni ní pàtàkì ní àwọn orílẹ̀-èdè tí ẹ̀sìn Mùsùlùmú ti gbilẹ̀. ",afrifact_data_culture_yoruba_211,nei,"Èdè Lárúbáwá tabi ede Araabu Ara èdè Sẹ̀mítíìkì ni èdè Àrábíìkì (Arabic (Èdè Lárúbááwá)). Àwọn tí ó ń sọ ọ́ tó mílíọ̀nù lọ́nà igba gẹ́gẹ́ bí èdè abíníbí ní àríwá Aáfíríkà àti ìlà-oòrùn-gúsù (Asia). Àìmoye ènìyàn tí a kò lè fi ojú da iye wọn ni ó ń sọ èdè yìí gẹ́gẹ́ bí èdè kejì, ìyẹn èdè àkọ́kún-tẹni ní pàtàkì ní àwọn orílẹ̀-èdè tí ẹ̀sìn Mùsùlùmú ti gbilẹ̀. ",supports,supports,supports,True
afrifact_data_culture_hausa_513,hausa,Mumini na gaske shi ne wanda baya cutar da muslumai.,"Fiye da mutane miliyan 30 suka sami abin biyan buƙatunsu daga Tafkin Chadi ta hanyar kamun kifi, kiwon jari kai tsaye da kuma noma.",afrifact_data_culture_hausa_183,supports,"Fiye da mutane miliyan 30 suka sami abin biyan buƙatunsu daga Tafkin Chadi ta hanyar kamun kifi, kiwon jari kai tsaye da kuma noma.",nei,nei,nei,True
afrifact_data_culture_hausa_021,hausa,Murtala Muhammad ya girma a hannun kawunsa da ke zaune a jihar Kaduna.,"Baturen Ingila ne ya fara gabatar da kwallon kafa a Najeriya a farkon karni na ashirin.Wasan kwallon kafa na farko da aka yi rikodin a Nijeriya shi ne a shekara ta Alif 1904. Zuwa shekarar ta 1950, kwallon kafa ta zama wasan kasa na kasar. A wannan lokacin a tarihin Afirka, ƙasashe da yawa sun fara shiga cikin ƙungiyoyin kishin ƙasa inda suka nuna rashin amincewa da ikon mulkin mallaka.A Najeriya, kwallon kafa ta bai wa 'yan kasa abin alfahari na kasa tare da zaburar da su don samun' yancin siyasa.",afrifact_data_culture_hausa_341,supports,"Baturen Ingila ne ya fara gabatar da kwallon kafa a Najeriya a farkon karni na ashirin.Wasan kwallon kafa na farko da aka yi rikodin a Nijeriya shi ne a shekara ta Alif 1904. Zuwa shekarar ta 1950, kwallon kafa ta zama wasan kasa na kasar. A wannan lokacin a tarihin Afirka, ƙasashe da yawa sun fara shiga cikin ƙungiyoyin kishin ƙasa inda suka nuna rashin amincewa da ikon mulkin mallaka.A Najeriya, kwallon kafa ta bai wa 'yan kasa abin alfahari na kasa tare da zaburar da su don samun' yancin siyasa.",nei,nei,nei,True
afrifact_data_culture_yoruba_488,yoruba,Ìpínlẹ̀ Èkó ni ọkọ̀ Gómìnà náà ń lọ kí àwọn Boko Haram tó da ìbọ̀n lù wọ́n,"Ọbẹ̀ Oha jẹ́ ọbẹ̀ tó wọ́pọ̀ ní apá gúúsù mọ́ ìlà-oòrùn orílẹ̀-èdè . Ọbẹ̀ oha jẹ́ ọbẹ̀ agbègbè Ìlà-oòrùn, tó sì jẹ́ pé àwọn ará Íbò ni wọ́n sábà máa ń sè é, láti ará igi ewébẹ̀ láéláé tí orúkọ sáyẹ́ńsì rẹ̀ ń ṣe Pterocarpus mildraedii ni ọbẹ̀ náà ti ṣẹ̀.",afrifact_data_culture_yoruba_766,nei,"Ọbẹ̀ Oha jẹ́ ọbẹ̀ tó wọ́pọ̀ ní apá gúúsù mọ́ ìlà-oòrùn orílẹ̀-èdè . Ọbẹ̀ oha jẹ́ ọbẹ̀ agbègbè Ìlà-oòrùn, tó sì jẹ́ pé àwọn ará Íbò ni wọ́n sábà máa ń sè é, láti ará igi ewébẹ̀ láéláé tí orúkọ sáyẹ́ńsì rẹ̀ ń ṣe Pterocarpus mildraedii ni ọbẹ̀ náà ti ṣẹ̀.",refutes,nei,nei,False
afrifact_data_culture_igbo_665,igbo,Nwa nwoke abaghị uru chacha. Ọ dịghị mkpa ịmụta nwa nwoke n'ezinụlọ ndị Igbo.,"N'obodo ụfọdụ, emume ahụ na-ewe otu ụbọchị dum, ebe n'ọtụtụ ebe ọ nwere ike iwe otu izu maọbụ karịa.",afrifact_data_culture_igbo_388,nei,"N'obodo ụfọdụ, emume ahụ na-ewe otu ụbọchị dum, ebe n'ọtụtụ ebe ọ nwere ike iwe otu izu maọbụ karịa.",refutes,nei,nei,False
afrifact_data_culture_igbo_136,igbo,Naanị ụmụnwaanyị ka a na-ebi ùgwù.,Anwụchiela onyeagha gburu ọchụ gbaa ọsọ A nwụchiela onye agha Naijira riri mbọmbọ ọso dịka atụrụ ya nga afọ iri maka ọnwụ Lance Corporal Benjamin Collins. Anwụchịrị onye agha a bụ Major Akeem Oseni n'ọdọ ụgbọelu Cotonu dịka ọ chọrọ ịsi ebe ahụ gbaga mba Amerịka.,afrifact_data_culture_igbo_653,refutes,Anwụchiela onyeagha gburu ọchụ gbaa ọsọ A nwụchiela onye agha Naijira riri mbọmbọ ọso dịka atụrụ ya nga afọ iri maka ọnwụ Lance Corporal Benjamin Collins. Anwụchịrị onye agha a bụ Major Akeem Oseni n'ọdọ ụgbọelu Cotonu dịka ọ chọrọ ịsi ebe ahụ gbaga mba Amerịka.,nei,supports,supports,False
afrifact_data_culture_igbo_219,igbo,Ha arụsịala ụlọ ahụ ha wuliri.,Akụkọ ọdịnala a ma ama na-ekwu na otu nwanyị aha ya bụ Dada Nwakata bụ onye mbụ a maara nke ọma na Akwete.,afrifact_data_culture_igbo_197,refutes,Akụkọ ọdịnala a ma ama na-ekwu na otu nwanyị aha ya bụ Dada Nwakata bụ onye mbụ a maara nke ọma na Akwete.,nei,nei,nei,True
afrifact_data_culture_hausa_553,hausa,Bara wata sana'a ce da ta keɓanta ga ƙananan yara kawai.,Wannan ya kai ga samar da masallacin Darul Hadith' (Gidan Hadisi) inda ya ci gaba da karantarwarsa bayan ya yi ritaya.,afrifact_data_culture_hausa_481,nei,Wannan ya kai ga samar da masallacin Darul Hadith' (Gidan Hadisi) inda ya ci gaba da karantarwarsa bayan ya yi ritaya.,refutes,nei,nei,False
afrifact_data_culture_yoruba_200,yoruba,"Nínú àtẹ̀jáde kan tí wọ́n fi síta fún àwọn oníròyìn, kò sí ẹnìkankan látìmọ́lé nínú àwọn olùwọ́de Endsars.","Esi yii jade lẹyin ti ti awọn kan ti ẹnikẹni ko mọ ṣi bo ọkan lara ile Sunday Igboho ni Ibadan ti wọn si jo o nina, Sunday ni ẹda alaye kankan ko lee pa oun afi Ọlọrun Ọba. Lásìkò ìfọ̀rọ̀wérọ̀ pẹ̀lú ìwé ìròyìn Punch ló ti ṣíṣọ lójú eegún ọ̀rọ̀ pé, òun kò bèrè fún ìrànwọ́ owó láti ọwa ẹnikẹ́ni. ""Emi o bẹru ohunkohun tabi ẹnikẹni o, afi Ọlọrun. Ọlọrun lo ni ilẹ oun si ni adari gbogbo ọkan. Ko si ẹda alaye kankan to lee pami torinaa mi o le bẹru eeyan ẹlẹ́ran ara"". Ninu iroyin naa, Igboho ni awọn ọmọ oun ti n pe oun ti wọn si n rọ ọ pe ko jawọ. ""Gbogbo igba ni wọn n ki mi nilọ"". ""Iyawo mi naa wa ninu idamu ọkan nitori ijijagbara mi ṣugbn mo ni lati ṣe eyi fun itusilẹ awọn eeyan mi.",afrifact_data_culture_yoruba_312,supports,"Esi yii jade lẹyin ti ti awọn kan ti ẹnikẹni ko mọ ṣi bo ọkan lara ile Sunday Igboho ni Ibadan ti wọn si jo o nina, Sunday ni ẹda alaye kankan ko lee pa oun afi Ọlọrun Ọba. Lásìkò ìfọ̀rọ̀wérọ̀ pẹ̀lú ìwé ìròyìn Punch ló ti ṣíṣọ lójú eegún ọ̀rọ̀ pé, òun kò bèrè fún ìrànwọ́ owó láti ọwa ẹnikẹ́ni. ""Emi o bẹru ohunkohun tabi ẹnikẹni o, afi Ọlọrun. Ọlọrun lo ni ilẹ oun si ni adari gbogbo ọkan. Ko si ẹda alaye kankan to lee pami torinaa mi o le bẹru eeyan ẹlẹ́ran ara"". Ninu iroyin naa, Igboho ni awọn ọmọ oun ti n pe oun ti wọn si n rọ ọ pe ko jawọ. ""Gbogbo igba ni wọn n ki mi nilọ"". ""Iyawo mi naa wa ninu idamu ọkan nitori ijijagbara mi ṣugbn mo ni lati ṣe eyi fun itusilẹ awọn eeyan mi.",refutes,supports,supports,False
afrifact_data_culture_igbo_283,igbo,Sam Mbakwe si Imo Steeti gaa wube mahadum nke Anambara n'afọ 1981," Kọmịsọna na-ahụ maka azụmahịa Christain Madubuko kọwara na gọọmentị Anambra nwụchiri mmadu atọ na steeti ahụ. O kwuru na ndị a, nke otu n'ime ha a bụ eze, ji aghụghọ anapụ ndị mmadụ ego ụtụ isi n'ahịa. Madubuko dọkwara ndị mmadụ aka na ntị ha hie asaa na anya gbasara onye ha na-akwụ ụtụ isi ma kwukwa na ọ bụ sọsọ gọọmentị nwere ikike ihibe ahịa.",afrifact_data_culture_igbo_789,nei," Kọmịsọna na-ahụ maka azụmahịa Christain Madubuko kọwara na gọọmentị Anambra nwụchiri mmadu atọ na steeti ahụ. O kwuru na ndị a, nke otu n'ime ha a bụ eze, ji aghụghọ anapụ ndị mmadụ ego ụtụ isi n'ahịa. Madubuko dọkwara ndị mmadụ aka na ntị ha hie asaa na anya gbasara onye ha na-akwụ ụtụ isi ma kwukwa na ọ bụ sọsọ gọọmentị nwere ikike ihibe ahịa.",refutes,nei,nei,False
afrifact_data_culture_igbo_798,igbo,O nwere otu oge n'ala Igbo mgbe ndị mmadụ na-atụ ụjọ izu ihe mmadụ ibe ha maọbụ zọkọrọ oke abụghị nke ha.," Nwa nwaanyị Nke a bụ aha a na-akpọ nwaanyị site na mgbe a mụrụ ya ọhụrụ ruo mgbe ọ gbara ihe dịka otu afọ. Ọ bụrụ na o ruo afọ abụọ gawa afọ ,a kpọọ ya 'nwata nwaanyị na-etolite etolite'. O nwereike ọ bụrụ na ọ bụ nwaanyị e bu ụzọ mụọ, a ga-akpọ ya 'Nwada nwaanyị'. Obere agbọghọ A na-akpọ nwaanyị 'obere agbọghọ' ma ọ bụrụ na o tolite site n'afọ itoolu ruo afọ iri na itoolu. Mgbe ahụ e nweela mgbanwe n'ahụ ya nke gụnyere; ịkpụ ara, ịgba ajị abụ na nke ngada, ịhụ nsọ ya nakwa mgbanwe ndị ọzọ. Site n'afọ iri na asatọ gawa ruo afọ iri abụọ na otu, e nwereike ịkpọ ya 'Agbọghọ nwaanyị'.",afrifact_data_culture_igbo_695,refutes," Nwa nwaanyị Nke a bụ aha a na-akpọ nwaanyị site na mgbe a mụrụ ya ọhụrụ ruo mgbe ọ gbara ihe dịka otu afọ. Ọ bụrụ na o ruo afọ abụọ gawa afọ ,a kpọọ ya 'nwata nwaanyị na-etolite etolite'. O nwereike ọ bụrụ na ọ bụ nwaanyị e bu ụzọ mụọ, a ga-akpọ ya 'Nwada nwaanyị'. Obere agbọghọ A na-akpọ nwaanyị 'obere agbọghọ' ma ọ bụrụ na o tolite site n'afọ itoolu ruo afọ iri na itoolu. Mgbe ahụ e nweela mgbanwe n'ahụ ya nke gụnyere; ịkpụ ara, ịgba ajị abụ na nke ngada, ịhụ nsọ ya nakwa mgbanwe ndị ọzọ. Site n'afọ iri na asatọ gawa ruo afọ iri abụọ na otu, e nwereike ịkpọ ya 'Agbọghọ nwaanyị'.",supports,supports,supports,True
afrifact_data_culture_igbo_369,igbo,Ndị mba ụwa ka na-enyocha etu ndị injinịa Biafra siri kpa ike ịrupụta ngwa agha n'oge agha Biafra nke 1967-1970.,"Mmesoma Mercy Cynthia Obi Ada Jesus nwụrụ ụbọchị Wenezde n'ụlọọgwụ dị n'Abuja ebe e bugara ya maka ịgwọ ya ọrịa metụtara akịrị, abalị ole na ole o jiri mechaa ncheta ọmụmụ ya. Ụbọchị ncheta ọmụmụ Ada Jesus - Mmesoma Mercy Obi na 19 Epreelu, 2021 Ada Jesus, di ya na ndị ọzọ so ṅụrịa ụbọchị ncheta ọmụmụ ya Otu onye ya na-ezinaụlọ ya dị na mma bụ Harrison Gwamishu gwara BBC Igbo n'ekwentị na akụkọ ahụ bụ eziokwu. ",afrifact_data_culture_igbo_555,refutes,"Mmesoma Mercy Cynthia Obi Ada Jesus nwụrụ ụbọchị Wenezde n'ụlọọgwụ dị n'Abuja ebe e bugara ya maka ịgwọ ya ọrịa metụtara akịrị, abalị ole na ole o jiri mechaa ncheta ọmụmụ ya. Ụbọchị ncheta ọmụmụ Ada Jesus - Mmesoma Mercy Obi na 19 Epreelu, 2021 Ada Jesus, di ya na ndị ọzọ so ṅụrịa ụbọchị ncheta ọmụmụ ya Otu onye ya na-ezinaụlọ ya dị na mma bụ Harrison Gwamishu gwara BBC Igbo n'ekwentị na akụkọ ahụ bụ eziokwu. ",nei,supports,supports,False
afrifact_data_culture_hausa_732,hausa,Hukumar zaɓe zata raba manyan rumfunan zaɓe gida biyu saboda samun saukin gudanar jefa kuri'u.,"Baya ga kisa da sankarau ke yi, Farfesa Isa ya ce tana makantar da mutane, ta kurmantar ko ta bata kwakwalwar wasu.",afrifact_data_culture_hausa_742,nei,"Baya ga kisa da sankarau ke yi, Farfesa Isa ya ce tana makantar da mutane, ta kurmantar ko ta bata kwakwalwar wasu.",supports,nei,nei,False
afrifact_data_culture_igbo_472,igbo,"Ndị Igbo nwere ihe ndị ha ji esi ji, nke mere na ha na-eri ya n'oge a na-eme mmemme Ofala","Ibuli iko mbaụwa bụ ihe e ji anya isi nye obodo ọbụla buliri ya Dele Alli Bamidele Jermaine Alli (Tottenham Hotspur, England) Bamidele Jermaine Alli, nke a ma dịka Dele Alli, na-agbara ndị Tottenham Hotspur na otu egwurewgu bọolụ mba England. Nna Alli bụ onye Naịjirịa. N'asọmpị enyi na enyi ndị Naịjirịa na ndị England gbara nso nso a, ụfọdụ ndị Naịjirịa kworo ya ekwo n'ọgbọ egwuregwu, maka na okweghị agbara ndị Naịjirịa bọolụ mgbe akpọrọ ya oku.",afrifact_data_culture_igbo_689,refutes,"Ibuli iko mbaụwa bụ ihe e ji anya isi nye obodo ọbụla buliri ya Dele Alli Bamidele Jermaine Alli (Tottenham Hotspur, England) Bamidele Jermaine Alli, nke a ma dịka Dele Alli, na-agbara ndị Tottenham Hotspur na otu egwurewgu bọolụ mba England. Nna Alli bụ onye Naịjirịa. N'asọmpị enyi na enyi ndị Naịjirịa na ndị England gbara nso nso a, ụfọdụ ndị Naịjirịa kworo ya ekwo n'ọgbọ egwuregwu, maka na okweghị agbara ndị Naịjirịa bọolụ mgbe akpọrọ ya oku.",nei,supports,supports,False
afrifact_data_culture_hausa_283,hausa,"ƙuli-ƙuli ba a haɗa shi daga wake, in aka dafa sai an bari ya bushe.",Usman Ɗan Fodiyo ya haddace Qur'ani yana da ƙananan shekaru a rayuwarsa a ƙarƙashin kulawar mahaifinsa.,afrifact_data_culture_hausa_055,refutes,Usman Ɗan Fodiyo ya haddace Qur'ani yana da ƙananan shekaru a rayuwarsa a ƙarƙashin kulawar mahaifinsa.,nei,refutes,refutes,False
afrifact_data_culture_hausa_792,hausa,Jihohin Florida da Ohio na daga cikin manyan jihohin da duk wani ɗan takarar shugabancin kasar Amurka ke buƙatar ci don samun nasara.,"A watan Janairun 2012, Lawan ya jagoranci kwamitin Majalisar Wakilai wanda ya binciki tallafin man fetur na Gwamnatin Najeriya.",afrifact_data_culture_hausa_153,nei,"A watan Janairun 2012, Lawan ya jagoranci kwamitin Majalisar Wakilai wanda ya binciki tallafin man fetur na Gwamnatin Najeriya.",supports,nei,nei,False
afrifact_data_culture_yoruba_070,yoruba,Àga dúdú kò dára fún nílò níbi àwọn ètò tí ó bá ti nííṣe pẹ̀lú òrìṣà Ajé tàbí Ọ̀ṣun.,"Ọ̀pọ̀ ènìyàn ló máa ń fi ẹ̀wà yí jẹ tàbí búrẹ́dì, ti ó sì máa ń jẹ́ kí ó dùn yàtọ̀. Oúnjẹ yí jẹ́ èyí tí ó gbajúmọ̀ láàrín àwọn ènìyàn Àwọn Ìtọ́kasí",afrifact_data_culture_yoruba_122,refutes,"Ọ̀pọ̀ ènìyàn ló máa ń fi ẹ̀wà yí jẹ tàbí búrẹ́dì, ti ó sì máa ń jẹ́ kí ó dùn yàtọ̀. Oúnjẹ yí jẹ́ èyí tí ó gbajúmọ̀ láàrín àwọn ènìyàn Àwọn Ìtọ́kasí",nei,nei,nei,True
afrifact_data_culture_igbo_093,igbo,E riela m osikapa na ofe.,Nke a mere Abang ji mee ya bụ njem ị ga jiri anya ya hụ ihe na-eme n'ebe ahụ.,afrifact_data_culture_igbo_024,supports,Nke a mere Abang ji mee ya bụ njem ị ga jiri anya ya hụ ihe na-eme n'ebe ahụ.,nei,nei,nei,True
afrifact_data_culture_yoruba_235,yoruba,Gbogbo àwọn Òyìnbó amúnisìn tí wọ́n wà níbẹ̀ ni wọ́n fara mọ́ àbá tí Ọọ̀ni dá.,"Àkàrà Acarajé (Brasil) Acarajé in Alternative names Acara, Àkàrà, Kosai Course Street-food Place of origin Region or state West Africa and Associated , , , , , and Serving temperature Hot Main ingredients , deep-fried in dendê ( ) Media related to [[commons:Special:Search/Àkàrà Acarajé (Brasil)|Media: Àkàrà Acarajé (Brasil)]] at Àkàrà jẹ́ oúnjẹ abínibí ìbílẹ̀ ilẹ̀ àti púpọ̀ nínú ilẹ̀ . Ṣíṣe àkàrà [ | ] Àkàrà wà nínú àrà tí wọ́n ma ń fi dá. Wọ́n ma ń rẹ ẹ̀wà sínú omi, fún bii ọgbọ̀n ìṣẹ́jú tàbí wákàtí kan kí ó lè rọ̀. Lẹ́yìn èyí, wọn yóò fi , , àti àwọn nkan mìíràn tí ó bá wù wá si kí wọ́n tó lọ̀ọ́ kúná. Lẹ́yìn tí wọ́n bá lọ̀ọ́ tán, wọn yóò gbé tàbí kaná tí wọn yóò sì ma dá ẹ̀wà náà sínú epo yí kí ó lè dín.",afrifact_data_culture_yoruba_582,supports,"Àkàrà Acarajé (Brasil) Acarajé in Alternative names Acara, Àkàrà, Kosai Course Street-food Place of origin Region or state West Africa and Associated , , , , , and Serving temperature Hot Main ingredients , deep-fried in dendê ( ) Media related to [[commons:Special:Search/Àkàrà Acarajé (Brasil)|Media: Àkàrà Acarajé (Brasil)]] at Àkàrà jẹ́ oúnjẹ abínibí ìbílẹ̀ ilẹ̀ àti púpọ̀ nínú ilẹ̀ . Ṣíṣe àkàrà [ | ] Àkàrà wà nínú àrà tí wọ́n ma ń fi dá. Wọ́n ma ń rẹ ẹ̀wà sínú omi, fún bii ọgbọ̀n ìṣẹ́jú tàbí wákàtí kan kí ó lè rọ̀. Lẹ́yìn èyí, wọn yóò fi , , àti àwọn nkan mìíràn tí ó bá wù wá si kí wọ́n tó lọ̀ọ́ kúná. Lẹ́yìn tí wọ́n bá lọ̀ọ́ tán, wọn yóò gbé tàbí kaná tí wọn yóò sì ma dá ẹ̀wà náà sínú epo yí kí ó lè dín.",nei,refutes,refutes,False
afrifact_data_culture_igbo_618,igbo,Gọọmentị chọrọ ka e lie Mugabe ebe a na-eli ndị dike obodo mana Ezinụlọ Mugabe ekwenghị n'ihi na Mugabe gwara ha mgbe ọ dị ndụ ka ha lie ya n'akụkụ ala ili nna ya Bona.,Onye edemede America na onye edemede Dreux Richard bi na Okwe iji mezue ederede ya mgbe ọ nọ na Naijiria.,afrifact_data_culture_igbo_001,refutes,Onye edemede America na onye edemede Dreux Richard bi na Okwe iji mezue ederede ya mgbe ọ nọ na Naijiria.,supports,nei,nei,False
afrifact_data_culture_igbo_046,igbo,Ichi e nwere n'ụlọakwụkwọ Abidịị buru ibu.,"O buru ụzọ chọọ ịbụ onye ọkwọ ụgbọ mmiri, mana a gwara ya na ọ ga-abụ dọkịta.",afrifact_data_culture_igbo_259,supports,"O buru ụzọ chọọ ịbụ onye ọkwọ ụgbọ mmiri, mana a gwara ya na ọ ga-abụ dọkịta.",nei,nei,nei,True
afrifact_data_culture_yoruba_189,yoruba,"Ọ̀rọ́ bẹ́yìn yọ Agbowu pe Olúwòó lẹ́jọ́, ó bèrè owó gbà mábínú lọ́wọ́ rẹ̀.","Remi Oladoye, ẹni to salaye bii isẹlẹ naa se waye fun BBC Yoruba ni, ti kii ba se ọpẹ Ọlọrun ati ti awakọ to wa ọkọ ti oun wa, boya isẹlẹ buruku ko ba waye tabi ki oun se ọdun tuntun ni akata awọn ajinigbe. O fikun pe, agbegbe ilu Erinmo Ijesa si Iwaraja ni ọkọ awọn de lọjọ Aje ana, ni deede aago meje si meje aabọ, to fi se alabapade isẹlẹ ijinigbe to n waye lọwọ lagbegbe naa. Àwọn iròyin tì ẹ leè ní ìfẹ̀ síí: ""A ri pe ọkan lara awọn mọto to wa niwaju wa duro lojiji, tawọn gende agbebọn to jade lati inu igbo tiiki to wa laarin ilu mejeeji yii si yọ ibọn sawọn ero to wa ninu mọto naa. Inu igbo nla ti igi tiiki wa yi ni awọn ajinigbe naa maa n fara soko si lati sisẹ ibi wọn Bi wọn se n ja wọn lole lọwọ, kia ni awakọ tiwa, to ti mọ nipa isẹlẹ to n waye lọwọ naa, nitori ọmọ Efon Alaaye ni, ti fa ọkọ jade lati sẹri pada.",afrifact_data_culture_yoruba_539,refutes,"Remi Oladoye, ẹni to salaye bii isẹlẹ naa se waye fun BBC Yoruba ni, ti kii ba se ọpẹ Ọlọrun ati ti awakọ to wa ọkọ ti oun wa, boya isẹlẹ buruku ko ba waye tabi ki oun se ọdun tuntun ni akata awọn ajinigbe. O fikun pe, agbegbe ilu Erinmo Ijesa si Iwaraja ni ọkọ awọn de lọjọ Aje ana, ni deede aago meje si meje aabọ, to fi se alabapade isẹlẹ ijinigbe to n waye lọwọ lagbegbe naa. Àwọn iròyin tì ẹ leè ní ìfẹ̀ síí: ""A ri pe ọkan lara awọn mọto to wa niwaju wa duro lojiji, tawọn gende agbebọn to jade lati inu igbo tiiki to wa laarin ilu mejeeji yii si yọ ibọn sawọn ero to wa ninu mọto naa. Inu igbo nla ti igi tiiki wa yi ni awọn ajinigbe naa maa n fara soko si lati sisẹ ibi wọn Bi wọn se n ja wọn lole lọwọ, kia ni awakọ tiwa, to ti mọ nipa isẹlẹ to n waye lọwọ naa, nitori ọmọ Efon Alaaye ni, ti fa ọkọ jade lati sẹri pada.",supports,supports,supports,True
afrifact_data_culture_igbo_541,igbo,Ọkaiwu Paul Achalla gwara ndị BBC Igbo na Nnamdị Kanụ dara Iwu Facebook ya mere e ji machie akantụ ya.,Minista na-ahụ maka agụmaakwụkwọ bụ Lucia Azzolina sị na ha emebeghi mkpebi banyere nke a dịka ọtụtụ ndị ntaakụkọ si ekwu.,afrifact_data_culture_igbo_026,supports,Minista na-ahụ maka agụmaakwụkwọ bụ Lucia Azzolina sị na ha emebeghi mkpebi banyere nke a dịka ọtụtụ ndị ntaakụkọ si ekwu.,refutes,nei,nei,False
afrifact_data_culture_hausa_506,hausa,Akwai mutane da suke ikirarin cewa su musulmai ne amma ba su yarda da hadisai ba.,Ƴan bindigar sun harbe Sheikh Muhammad Auwal Adam Albani Zariya tare da ɗaya daga cikin matansa a cikin garin a kan hanyarsu ta dawowa gida bayan sun halarci karatun Tafsirin yamma da suka saba zuwa a cikin garin.,afrifact_data_culture_hausa_487,refutes,Ƴan bindigar sun harbe Sheikh Muhammad Auwal Adam Albani Zariya tare da ɗaya daga cikin matansa a cikin garin a kan hanyarsu ta dawowa gida bayan sun halarci karatun Tafsirin yamma da suka saba zuwa a cikin garin.,nei,nei,nei,True
afrifact_data_culture_igbo_387,igbo,Ji bụ nri ụmụ ntakịrị na-eri n'ụlọakwụkwọ ma e tinye ya beans na osikapa.,"Ha gbagbukwara otu onye ọzọ n'ime ndị oji egbe ezu ahụ. Ndị ekperima ahụ wakporo ya bụ ụlọakụ dị na Mpape, Abuja, n'ụtụtụ ụbọchị Satọdee. Mana oteghi aka ha banyechara n'ime ya, ndị ọrụ nchekwa gụnyere ndị uweojii na ndị agha gbara ya bụ ụlọakụ gburugburu. Nke a mere ka ndị ohi ahụ tọkịrị n'ime ụlọakụ ahụ maka na jewe ejewe adịghịzị mma, lawa alawa adịghị mma.",afrifact_data_culture_igbo_732,supports,"Ha gbagbukwara otu onye ọzọ n'ime ndị oji egbe ezu ahụ. Ndị ekperima ahụ wakporo ya bụ ụlọakụ dị na Mpape, Abuja, n'ụtụtụ ụbọchị Satọdee. Mana oteghi aka ha banyechara n'ime ya, ndị ọrụ nchekwa gụnyere ndị uweojii na ndị agha gbara ya bụ ụlọakụ gburugburu. Nke a mere ka ndị ohi ahụ tọkịrị n'ime ụlọakụ ahụ maka na jewe ejewe adịghịzị mma, lawa alawa adịghị mma.",nei,supports,supports,False
afrifact_data_culture_yoruba_788,yoruba,"Ẹ̀sìn ìsìlámù níí ṣe pẹ̀lú àìṣòdodo, èyí sì ń darí gbogbo ènìyàn sí ohun tí yóò ṣe ànfààní fún wọn.","Matthew Àrẹ̀mú Olúṣẹ́gun Ọbásanjọ́ (tí wọ́n bí ní Ọjọ́ karùn-ún oṣù kẹta ọdún 1937) jẹ́ gbajúmọ̀ àgbà olóṣèlú, ajagun-fẹ̀yíntí àti Ààrẹ àná orílẹ̀ èdè Nàìjíríà. Orúkọ bàbá rẹ̀ ni Amos Àdìgún Ọbalúayésanjọ́ ""Obasanjo"" Bánkọ́lé, ìyá rẹ̀ sìn ń jẹ́ Àṣàbí.Ọbásanjọ́ jẹ́ ọmọ bíbí Òwu ní ìlú Abẹ́òkúta ní ìpínlẹ̀ Ògùn lórílẹ̀ èdè Nàìjíríà. Ìyá rẹ̀ kú ní ọdún 1958, bàbá rẹ̀ sìn kú bákan náà ní ọdún 1959.",afrifact_data_culture_yoruba_550,nei,"Matthew Àrẹ̀mú Olúṣẹ́gun Ọbásanjọ́ (tí wọ́n bí ní Ọjọ́ karùn-ún oṣù kẹta ọdún 1937) jẹ́ gbajúmọ̀ àgbà olóṣèlú, ajagun-fẹ̀yíntí àti Ààrẹ àná orílẹ̀ èdè Nàìjíríà. Orúkọ bàbá rẹ̀ ni Amos Àdìgún Ọbalúayésanjọ́ ""Obasanjo"" Bánkọ́lé, ìyá rẹ̀ sìn ń jẹ́ Àṣàbí.Ọbásanjọ́ jẹ́ ọmọ bíbí Òwu ní ìlú Abẹ́òkúta ní ìpínlẹ̀ Ògùn lórílẹ̀ èdè Nàìjíríà. Ìyá rẹ̀ kú ní ọdún 1958, bàbá rẹ̀ sìn kú bákan náà ní ọdún 1959.",refutes,supports,supports,False
afrifact_data_culture_igbo_256,igbo,Igwe onyonyo nke Kanu Sports dị oke ọnụ n'ahịa.,Maryam Sanuth kwukwara na nyocha gosiri na moringa na-ebulite ọgbugba mmiri ara nwaanyị ruo passenti 100%. Akwụkwọ nri moringa O kwukwara na ọ bụ nanị ngaji moringa abụọ a kwọrọ akwọ nanị ga nwaanyị na-enye nwa ara ga-aṅụ.,afrifact_data_culture_igbo_800,supports,Maryam Sanuth kwukwara na nyocha gosiri na moringa na-ebulite ọgbugba mmiri ara nwaanyị ruo passenti 100%. Akwụkwọ nri moringa O kwukwara na ọ bụ nanị ngaji moringa abụọ a kwọrọ akwọ nanị ga nwaanyị na-enye nwa ara ga-aṅụ.,nei,nei,nei,True
afrifact_data_culture_yoruba_606,yoruba,"Ìgè kú ní ọjọ́ kẹtàlélógún oṣù kejìlá, ọdún 2001 tí wọ́n fipá gba èmí rẹ̀.","Agba amofin naa gba awọn gomina mejeeji yii ni gbolohun nitori abẹwo ti wọn se sọdọ aarẹ Buhari lọjọru lori eto aabo to mẹhẹ nipa ọsẹ tawọn ọdaran darandaran n se. Bẹẹ ba gbagbe, gomina Makinde ati Akeredolu lo tọ Buhari lọ nilu Abuja lati beere fun afikun eto aabo to peye, nitori ọwọja awọn ọdaran darandaran to gogo nipinlẹ koowa wọn. Àwọn iròyin tì ẹ leè ní ìfẹ̀ síí: Makinde, to bawọn akọroyin sọrọ lẹyin ipade wọn pẹlu aarẹ si ni oun lo anfaani abẹwo naa lati beere fun agbekalẹ afikun ileesẹ ọlọpaa kogberegbe nipinlẹ toun. Ifọrọwerọ pẹlu Gani Adams lori ọrọ Sunday Igboho Amọ Falana, lasiko to n takurọsọ pẹlu awọn akọroyin ni, awọn gomina yiii ni ipese eto aabo to peye wa nikawọ wọn, pẹlu ileesẹ ọlọpaa, ko si yẹ ki wọn lọ sọdọ aarẹ. Agba amofin naa woye pe aarẹ lo n dari ileesẹ ologun nilẹ Naijiria, kii se ileesẹ ọlọpaa, ko ba si san ko jẹ pe ọdọ ajọ to n sakoso ileesẹ ọlọpaa nilẹ wa, ni wọn gbe ibeere wọn lọ.",afrifact_data_culture_yoruba_292,nei,"Agba amofin naa gba awọn gomina mejeeji yii ni gbolohun nitori abẹwo ti wọn se sọdọ aarẹ Buhari lọjọru lori eto aabo to mẹhẹ nipa ọsẹ tawọn ọdaran darandaran n se. Bẹẹ ba gbagbe, gomina Makinde ati Akeredolu lo tọ Buhari lọ nilu Abuja lati beere fun afikun eto aabo to peye, nitori ọwọja awọn ọdaran darandaran to gogo nipinlẹ koowa wọn. Àwọn iròyin tì ẹ leè ní ìfẹ̀ síí: Makinde, to bawọn akọroyin sọrọ lẹyin ipade wọn pẹlu aarẹ si ni oun lo anfaani abẹwo naa lati beere fun agbekalẹ afikun ileesẹ ọlọpaa kogberegbe nipinlẹ toun. Ifọrọwerọ pẹlu Gani Adams lori ọrọ Sunday Igboho Amọ Falana, lasiko to n takurọsọ pẹlu awọn akọroyin ni, awọn gomina yiii ni ipese eto aabo to peye wa nikawọ wọn, pẹlu ileesẹ ọlọpaa, ko si yẹ ki wọn lọ sọdọ aarẹ. Agba amofin naa woye pe aarẹ lo n dari ileesẹ ologun nilẹ Naijiria, kii se ileesẹ ọlọpaa, ko ba si san ko jẹ pe ọdọ ajọ to n sakoso ileesẹ ọlọpaa nilẹ wa, ni wọn gbe ibeere wọn lọ.",supports,nei,nei,False
afrifact_data_culture_hausa_530,hausa,Muhammad Bello Yabo malami ne na ahlussunah da ke garin Sokoto.,"Babban malamin addinin ne mai riqo da tafarkin sufaye, Shehu ne kuma muƙaddami ne a Ɗariƙar Tijjaniyya, yana Gabatar da tafsirin sa na Al'qur'ani da salon da shi kaɗai ya fara shi wanda ake cema tafsirin Ƙur'ani da qurani a Nijeriya a garin a Babban Masallacin Juma'a na Tudun-Wada kaduna ta kudu, Wanda ɗansa yake jamai baki, amma shi mazaunin garin Bauchi ne.",afrifact_data_culture_hausa_450,supports,"Babban malamin addinin ne mai riqo da tafarkin sufaye, Shehu ne kuma muƙaddami ne a Ɗariƙar Tijjaniyya, yana Gabatar da tafsirin sa na Al'qur'ani da salon da shi kaɗai ya fara shi wanda ake cema tafsirin Ƙur'ani da qurani a Nijeriya a garin a Babban Masallacin Juma'a na Tudun-Wada kaduna ta kudu, Wanda ɗansa yake jamai baki, amma shi mazaunin garin Bauchi ne.",nei,nei,nei,True
afrifact_data_culture_yoruba_309,yoruba,Sunday Igboho tẹ̀lẹ̀ àwọn ọlọ́pàá lọ sí ilé Seriki ní Igangan pẹ̀lú ìgboyà lẹ́yìn tí wọ́n fi ẹ̀sùn jíjó ilè náà kàn án láti fi ìdí rẹ̀ múlẹ̀ pẹ́ òun kò mọ ohunkóhun nípa rẹ̀.,"Ifẹ̀ ( : Ifẹ̀ , tabi Ilé-Ifẹ̀ ) jẹ́ orírun gbogbo ọmọ Oòduà ní ilẹ̀ ní orílẹ̀-èdè . Ilé-Ifẹ̀ wà ní . Ifẹ̀ sí ìlú je kilomita igba o le mejidinlogun (218) tí àwọn tí wọ́n jẹ́ olùgbé ibẹ̀ lápapọ̀ jẹ́ 509,813 níye.",afrifact_data_culture_yoruba_677,refutes,"Ifẹ̀ ( : Ifẹ̀ , tabi Ilé-Ifẹ̀ ) jẹ́ orírun gbogbo ọmọ Oòduà ní ilẹ̀ ní orílẹ̀-èdè . Ilé-Ifẹ̀ wà ní . Ifẹ̀ sí ìlú je kilomita igba o le mejidinlogun (218) tí àwọn tí wọ́n jẹ́ olùgbé ibẹ̀ lápapọ̀ jẹ́ 509,813 níye.",supports,nei,nei,False
afrifact_data_culture_hausa_178,hausa,An samar da gidan namun daji a Kano a shekarar alif 2000.,"Kalmar Turanci *""tofu""* ta samo asali ne daga kalmar Japananci *tōfu (豆腐)*. Wannan kuma an arota ne daga kalmar Sinanci *豆腐* (a Mandarin: *dòufǔ*; tou4-fu) wato *‘cuku daga wake’* ko *‘ferment ɗin wake’*.'. [ 10 ] Takaddun farko na kalmar a Turanci yana cikin fassarar 1704 na Domingo Fernández Navarrete 's A Collection of Voyages and Travels , wanda ya bayyana yadda aka yi tofu. Kalmar towfu kuma ta bayyana a cikin wasiƙar 1770 daga ɗan kasuwan Ingila James Flint zuwa Benjamin Franklin . : 73 An yi amfani da kalmar ""curd (s)"" na tofu a Amurka tun aƙalla 1840.",afrifact_data_culture_hausa_301,refutes,"Kalmar Turanci *""tofu""* ta samo asali ne daga kalmar Japananci *tōfu (豆腐)*. Wannan kuma an arota ne daga kalmar Sinanci *豆腐* (a Mandarin: *dòufǔ*; tou4-fu) wato *‘cuku daga wake’* ko *‘ferment ɗin wake’*.'. [ 10 ] Takaddun farko na kalmar a Turanci yana cikin fassarar 1704 na Domingo Fernández Navarrete 's A Collection of Voyages and Travels , wanda ya bayyana yadda aka yi tofu. Kalmar towfu kuma ta bayyana a cikin wasiƙar 1770 daga ɗan kasuwan Ingila James Flint zuwa Benjamin Franklin . : 73 An yi amfani da kalmar ""curd (s)"" na tofu a Amurka tun aƙalla 1840.",nei,nei,nei,True
afrifact_data_culture_igbo_481,igbo,Lawrence Ifeanyi Ugwuanyi bụ eze ọdịnaala ndị Ovoko dị n'ime ime obodo Igboeze Federal Constinuency nke Enugu State.,Joseph Shabalala jị egwu ya were buso atụmatụ 'Apartheid' agha na Saụt Afrịka Onye oti egwu ama ama bụ Jospeh Shabalala bụ onyeisi otu egwu Ladysmith Black Mambazo anwụọla. Ọ gbara afọ iri asaa na asatọ mgbe ọ nwụrụ.,afrifact_data_culture_igbo_652,nei,Joseph Shabalala jị egwu ya were buso atụmatụ 'Apartheid' agha na Saụt Afrịka Onye oti egwu ama ama bụ Jospeh Shabalala bụ onyeisi otu egwu Ladysmith Black Mambazo anwụọla. Ọ gbara afọ iri asaa na asatọ mgbe ọ nwụrụ.,refutes,nei,nei,False
afrifact_data_culture_hausa_514,hausa,Duk abinda aka aikata a gaban Annabi (S.A.W) ya zama sunna.,"Babban sakataren TRRC Baba Jallow ya shaida wa BBC cewa binciken da hukumarsa ta kaddamar wata takwas da suka wuce zai mayar da hankali ne kan cin zarafin da ya faru a watan Satumba. ""Muna sane da zarge-zargen cin zarafi da ake yi wa Yahya Jammeh, amma har yanzu ba mu saurari wadanda abin ya shafa ba a hukumance",afrifact_data_culture_hausa_734,nei,"Babban sakataren TRRC Baba Jallow ya shaida wa BBC cewa binciken da hukumarsa ta kaddamar wata takwas da suka wuce zai mayar da hankali ne kan cin zarafin da ya faru a watan Satumba. ""Muna sane da zarge-zargen cin zarafi da ake yi wa Yahya Jammeh, amma har yanzu ba mu saurari wadanda abin ya shafa ba a hukumance",refutes,nei,nei,False
afrifact_data_culture_igbo_447,igbo,Mba Nigeria nwere steeti iri atọ na isii ndị e ji ịrụ ọrụ na ịgba mbọ wee mara,"A machiela nnọkọ akwamozu Otu n'ime omenala ndị a bụ olili mmadụ na nzuzo. Cheta na ọ bụ naanị site n'otu akwamozu ka mmadụ iri anọ si bute ọrịa coronavirus na mba a. Akụkọ yiri ibe ya bụ na o rughị otu izuụka onyeisiala Saụt Afrịka bụ Cyril Ramaphosa hiwere ọnọdụ gbata gbata ma machie nnọkọ ndị mmadụ, ka mmadụ ruru otu narị mere akwamozu n'obodo Majola dị na mpaghara ""Eastern Cape"" n'ụbọchị iri abụọ na otu nke ọnwa Maachị.",afrifact_data_culture_igbo_677,refutes,"A machiela nnọkọ akwamozu Otu n'ime omenala ndị a bụ olili mmadụ na nzuzo. Cheta na ọ bụ naanị site n'otu akwamozu ka mmadụ iri anọ si bute ọrịa coronavirus na mba a. Akụkọ yiri ibe ya bụ na o rughị otu izuụka onyeisiala Saụt Afrịka bụ Cyril Ramaphosa hiwere ọnọdụ gbata gbata ma machie nnọkọ ndị mmadụ, ka mmadụ ruru otu narị mere akwamozu n'obodo Majola dị na mpaghara ""Eastern Cape"" n'ụbọchị iri abụọ na otu nke ọnwa Maachị.",nei,supports,supports,False
afrifact_data_culture_yoruba_383,yoruba,"Àwọn fídíò tó ń lọ káàkiri orí Íńtánẹ́ẹ̀tì fi hàn pé àwọn òṣìṣẹ́ ń jẹ́ kí àwọn àlejò pàtàkì fi ọwọ́ kan òkúta náà ní ìkọ̀kọ̀, èyí tó fi hàn pé níṣe ni wọ́n ya àwọn kan sọ́tọ̀ tí òfin náà ò lè múnáà sílò.","Ifipabanilopo ni esun ti awon eniyan Naijiria setan lati gobgun ti bayii 'Pasitọ rẹ kìí ṣe Olorun rẹ' ni àkọ́lé ìwọ́de kan ni Abuja. Iroyin ni sibẹ awọn olujọsin n wọ lọ sile ijọsin COZA ni nitori igbagbọ wọn. Eyi ni iroyin tuntun to jade pe awọn agbofinro Àwọn agbófinró ń gba ńkan sílẹ̀ lọ́wọ́ àwọn olùjọ́sìn ni COZA Abuja bii iwe jọ́tà, atawọn ohun eelo ikọwe silẹ. International Day Against Drug Abuse and Trafficking: ìdí ti mo fi ń mu oògùn olóró Bakan naa ni iroyin to n tẹ wa lọwọ nsiyi sọ pe awọn oṣiṣẹ ni ijọ COZA ni Abuja ti duro lati ma fi aaye gba awọn oluwọde lati wọle rara. E ko le wonu ijo wa ni COZA Abuja Modele Fatoyinbo to jẹ iyawo Pasitọ Biodun Fatoyinbo ti wọn fẹsun kan lori ifipabanilopo ti sọrọ. Modele yari pe kò ṣeeṣe fun ọkọ oun lati fipa ba ẹnikẹni lo pọ O ni ọkọ oun ko lee fipa ba ẹnikẹni lo pọ nitori oun jẹri ọkọ oun. Isin oni ti pari ni COZA nigba ti Pasitọ Biodun Fatoyinbo ba awọn ọmọ ijọ sọrọ. Awọn oluwọde n hó lé awọn ọmọ ijọ COZa lori ni Eko bi wọn ṣe n tu jade. Isin oni ti pari ni COZA nigba ti Pasitọ Biodun Fatoyinbo ba awọn ọmọ ijọ sọrọ. Ariwo gee lori awon omo ijo lati enu awon oluwode Àwọn olùwọ́de ń hó lé àwọn ọmọ ijọ COZA ni Eko bi wọ́n ṣe n jáde",afrifact_data_culture_yoruba_447,supports,"Ifipabanilopo ni esun ti awon eniyan Naijiria setan lati gobgun ti bayii 'Pasitọ rẹ kìí ṣe Olorun rẹ' ni àkọ́lé ìwọ́de kan ni Abuja. Iroyin ni sibẹ awọn olujọsin n wọ lọ sile ijọsin COZA ni nitori igbagbọ wọn. Eyi ni iroyin tuntun to jade pe awọn agbofinro Àwọn agbófinró ń gba ńkan sílẹ̀ lọ́wọ́ àwọn olùjọ́sìn ni COZA Abuja bii iwe jọ́tà, atawọn ohun eelo ikọwe silẹ. International Day Against Drug Abuse and Trafficking: ìdí ti mo fi ń mu oògùn olóró Bakan naa ni iroyin to n tẹ wa lọwọ nsiyi sọ pe awọn oṣiṣẹ ni ijọ COZA ni Abuja ti duro lati ma fi aaye gba awọn oluwọde lati wọle rara. E ko le wonu ijo wa ni COZA Abuja Modele Fatoyinbo to jẹ iyawo Pasitọ Biodun Fatoyinbo ti wọn fẹsun kan lori ifipabanilopo ti sọrọ. Modele yari pe kò ṣeeṣe fun ọkọ oun lati fipa ba ẹnikẹni lo pọ O ni ọkọ oun ko lee fipa ba ẹnikẹni lo pọ nitori oun jẹri ọkọ oun. Isin oni ti pari ni COZA nigba ti Pasitọ Biodun Fatoyinbo ba awọn ọmọ ijọ sọrọ. Awọn oluwọde n hó lé awọn ọmọ ijọ COZa lori ni Eko bi wọn ṣe n tu jade. Isin oni ti pari ni COZA nigba ti Pasitọ Biodun Fatoyinbo ba awọn ọmọ ijọ sọrọ. Ariwo gee lori awon omo ijo lati enu awon oluwode Àwọn olùwọ́de ń hó lé àwọn ọmọ ijọ COZA ni Eko bi wọ́n ṣe n jáde",refutes,supports,supports,False
afrifact_data_culture_hausa_674,hausa,Kowacce ƙasa tana samun cigaba ne idan tanada tsaro sosai.,A wajen su ma’anar Hadisi shi ne Hakaito Fadar Manzon Allah [S.A.W] Aikinsa da kuma Tabbatarwarsa.,afrifact_data_culture_hausa_508,refutes,A wajen su ma’anar Hadisi shi ne Hakaito Fadar Manzon Allah [S.A.W] Aikinsa da kuma Tabbatarwarsa.,nei,nei,nei,True
afrifact_data_culture_igbo_036,igbo,"N'ime ụdị ihe abụọ e ji arụ ọja, nke na-aka anọte aka bụ nke osisi ","Ndị si agbụrụ dị icheiche mejuputara otu egwu bọọlụ Naịjirịa Ị chọrọ ịma ma ihe a ọ bụ eziokwu, jụọ ndị mmadụ ese etu Iko Mbaụwa nke 2018 si gaa n'obodo ha. Onye egwu Naịjirịa bụ Ahmed Musa tinyere ihe nkiri ebe o so ndị otu ya agụ egwu ụka (ọ bụ onye ụka alakụba), otu onye ụka alakụba ibe ya bịara gwa ya na o hikwara asaa n'anya tupu o mee ihe ahụ. Musa sara ya sị ya mara onwe ya, nke mere ka ndị Naịjirịa si agbụrụ dị icheiche tinye ọnụ na-agba onye ahụ dere ihe ahụ ọnụ ọjọọ.",afrifact_data_culture_igbo_721,refutes,"Ndị si agbụrụ dị icheiche mejuputara otu egwu bọọlụ Naịjirịa Ị chọrọ ịma ma ihe a ọ bụ eziokwu, jụọ ndị mmadụ ese etu Iko Mbaụwa nke 2018 si gaa n'obodo ha. Onye egwu Naịjirịa bụ Ahmed Musa tinyere ihe nkiri ebe o so ndị otu ya agụ egwu ụka (ọ bụ onye ụka alakụba), otu onye ụka alakụba ibe ya bịara gwa ya na o hikwara asaa n'anya tupu o mee ihe ahụ. Musa sara ya sị ya mara onwe ya, nke mere ka ndị Naịjirịa si agbụrụ dị icheiche tinye ọnụ na-agba onye ahụ dere ihe ahụ ọnụ ọjọọ.",supports,supports,supports,True
afrifact_data_culture_igbo_086,igbo,Ji ahụrụ ahụ bụ ji e ji eme emume iri ji ọhụrụ.,Ndị ọkaikpe ise ndị ọzọ kwenyekwara n'ihe Ariwoola kwuru.,afrifact_data_culture_igbo_075,nei,Ndị ọkaikpe ise ndị ọzọ kwenyekwara n'ihe Ariwoola kwuru.,supports,refutes,refutes,False
afrifact_data_culture_hausa_523,hausa,Gwamnatin Najeriya ce ta bada umarnin kashe Sheikh Ja'afar Mahmud Adam.,An kashe Murtala Muhammad ne bayan sallar asuba kuma an harbe shi ne da bindiga bayan ya fito masallaci a hanyar sa ta komawa gidan sa dake cikin garin Legas inda wani da ake kira Buka Suka Dimka ya harbe shi da bindiga.,afrifact_data_culture_hausa_021,nei,An kashe Murtala Muhammad ne bayan sallar asuba kuma an harbe shi ne da bindiga bayan ya fito masallaci a hanyar sa ta komawa gidan sa dake cikin garin Legas inda wani da ake kira Buka Suka Dimka ya harbe shi da bindiga.,refutes,nei,nei,False
afrifact_data_culture_hausa_464,hausa,Talakawa da yawa suna rabauta da zakkar da masu kuɗin Kano ke fitarwa a lokacin azumin ramadana.,Daga cikin muhimman manufofin wannan ƙungiya sun hada da: 1. Kaɗaita Allah da bauta ba tare da haɗa Shi da wani ba (shirka). Sannan a tabbatar da biyayya ga Annabi Muhammadu (S.A.W) ba tare da jayayya ko kawo maganganun wasu mutane na daban ba. 2. Tabbatar da bin ɗabi'un (sunna) Manzon Allah (S.A.W) ba tare da ƙirƙire-ƙirƙire ba. 3. Watsi da dukkan al'adun da suka saɓa ma addinin Islama. 4. Soyayyar Annabi (S.A.W) da iyalan shi da sahaban shi /abokan shi da kuma surukan shi ba tare da sukar ko ɗaya daga cikinsu ba. 5. Tabbatar da neman ilimin addini da na boko a ko'ina a faɗin duniya tare da bin dokokin addini. 6. Tabbatar da mutuncin waliyyan Allah na gaskiya da salihan bayi da duk sauran mutanen kirki.,afrifact_data_culture_hausa_391,refutes,Daga cikin muhimman manufofin wannan ƙungiya sun hada da: 1. Kaɗaita Allah da bauta ba tare da haɗa Shi da wani ba (shirka). Sannan a tabbatar da biyayya ga Annabi Muhammadu (S.A.W) ba tare da jayayya ko kawo maganganun wasu mutane na daban ba. 2. Tabbatar da bin ɗabi'un (sunna) Manzon Allah (S.A.W) ba tare da ƙirƙire-ƙirƙire ba. 3. Watsi da dukkan al'adun da suka saɓa ma addinin Islama. 4. Soyayyar Annabi (S.A.W) da iyalan shi da sahaban shi /abokan shi da kuma surukan shi ba tare da sukar ko ɗaya daga cikinsu ba. 5. Tabbatar da neman ilimin addini da na boko a ko'ina a faɗin duniya tare da bin dokokin addini. 6. Tabbatar da mutuncin waliyyan Allah na gaskiya da salihan bayi da duk sauran mutanen kirki.,nei,supports,supports,False
afrifact_data_culture_hausa_117,hausa,Najeriya ƙasa ce da ta ke tutiya da arziƙin man fetur.,"Gomnan Kano Abba Kabir Yusuf ya sake tabbatar da Sanusi Lamido Sanusi a matsayin sarkin Kano. Ayau Alhamis 23 ga watan Mayu, shekarar 2024.",afrifact_data_culture_hausa_108,supports,"Gomnan Kano Abba Kabir Yusuf ya sake tabbatar da Sanusi Lamido Sanusi a matsayin sarkin Kano. Ayau Alhamis 23 ga watan Mayu, shekarar 2024.",nei,refutes,refutes,False
afrifact_data_culture_yoruba_377,yoruba,Àwọn ará-ìlú kọ̀ láti gbóríyìn fún Oṣinbajo fún iṣẹ́ takuntakun tó ṣe láti ri pé ètò ọrọ̀-ajé  ń lọ bó ṣe yẹ.,"Iroyin sọ pe wọn ti fi Lucky Chikwanda, ẹni to wa ọkọ ti oun ati ọkọ Ginimbi jọ kọlu ara wọn, silẹ nileewosan. Ọkọ ayọkẹlẹ Honda yii lo fi origbari pẹlu Rolls Royce Ginimbi, amọ ẹni to wa ninu rẹ ye Ibatan Lucky to ba awọn oniroyin sọrọ ni, ""ere asapajude ni Ginimbi n sa, to si jẹ pe lasiko to n gbiyanju lati sare kọja ọkọ mẹta to wa niwaju, ni ọkọ kan deede duro laarin ọna, ti ọkọ Roll Royce Ginimbi si kọlu.",afrifact_data_culture_yoruba_081,supports,"Iroyin sọ pe wọn ti fi Lucky Chikwanda, ẹni to wa ọkọ ti oun ati ọkọ Ginimbi jọ kọlu ara wọn, silẹ nileewosan. Ọkọ ayọkẹlẹ Honda yii lo fi origbari pẹlu Rolls Royce Ginimbi, amọ ẹni to wa ninu rẹ ye Ibatan Lucky to ba awọn oniroyin sọrọ ni, ""ere asapajude ni Ginimbi n sa, to si jẹ pe lasiko to n gbiyanju lati sare kọja ọkọ mẹta to wa niwaju, ni ọkọ kan deede duro laarin ọna, ti ọkọ Roll Royce Ginimbi si kọlu.",refutes,supports,supports,False
afrifact_data_culture_hausa_321,hausa,Goro ana yawan amfani da shi wajen shirya abin sha mai ɗanɗano wanda yake bada kuzari musamman ga matasa a Afirka.,"Allah ya wajabta aikin hajji ga dukkan musulmin da Allah ya hore masa lafiya ta jiki da kuma amintacciyar hanya da kuma wadataccen guzuri, tare da samun muharrami ga wadda take mace ce ita.",afrifact_data_culture_hausa_451,refutes,"Allah ya wajabta aikin hajji ga dukkan musulmin da Allah ya hore masa lafiya ta jiki da kuma amintacciyar hanya da kuma wadataccen guzuri, tare da samun muharrami ga wadda take mace ce ita.",nei,nei,nei,True
afrifact_data_culture_yoruba_045,yoruba,"Eégún Alábala ni ó máa ń pidán, eégún Apẹ̀sà ni ó máa ń kọrin ki àwọn ènìyàn nígbà tí eégún Aláago jẹ́ eégún onífàájì","Sẹnetọ Adeyẹmi to bu omije soju lasiko to n da ṣi ọrọ wahala eto aabo to mẹhẹ ni Naijiria, eyi ti ile gbe yẹwo ni, irufẹ ipaniyan to n waye bayii ni Naijiria ko fẹẹ ni ẹlẹgbẹ, lati igba ti wọn ti tẹẹ do. Ninu ọrọ to ba BBC News Yoruba sọ, Sẹnetọ Adeyẹmi woye pe laijẹ pe Naijiria n jagun lọwọ, iye ẹmi to n padanu lorilẹede yii kọja eyi ti awọn aṣiwaju gbọdọ mojuto. Àwọn iròyin tì ẹ leè ní ìfẹ̀ síí: Lori itaporogan to waye laarin oun ati akẹgbẹ rẹ, Sẹnetọ Rẹmi Tinubu, lori pe ọrọ rẹ dabi ọrọ alatako, Sẹnetọ Adeyẹmi ni ọrọ to wa nilẹ bayii ti kuro ni ọrọ ẹlẹgbẹjẹgbẹ, ti gbogbo awọn aṣofin si gbọdọ jigiri lori rẹ.",afrifact_data_culture_yoruba_329,refutes,"Sẹnetọ Adeyẹmi to bu omije soju lasiko to n da ṣi ọrọ wahala eto aabo to mẹhẹ ni Naijiria, eyi ti ile gbe yẹwo ni, irufẹ ipaniyan to n waye bayii ni Naijiria ko fẹẹ ni ẹlẹgbẹ, lati igba ti wọn ti tẹẹ do. Ninu ọrọ to ba BBC News Yoruba sọ, Sẹnetọ Adeyẹmi woye pe laijẹ pe Naijiria n jagun lọwọ, iye ẹmi to n padanu lorilẹede yii kọja eyi ti awọn aṣiwaju gbọdọ mojuto. Àwọn iròyin tì ẹ leè ní ìfẹ̀ síí: Lori itaporogan to waye laarin oun ati akẹgbẹ rẹ, Sẹnetọ Rẹmi Tinubu, lori pe ọrọ rẹ dabi ọrọ alatako, Sẹnetọ Adeyẹmi ni ọrọ to wa nilẹ bayii ti kuro ni ọrọ ẹlẹgbẹjẹgbẹ, ti gbogbo awọn aṣofin si gbọdọ jigiri lori rẹ.",supports,supports,supports,True
afrifact_data_culture_hausa_096,hausa,Malaman makaranta guda 22000 ne suka rasa aiki sakamakon wani garanbawul da Nasir El-Rufa'i ya yiwa ma'aikatar ilimi a jihar Kaduna.,Hawan Durbar ko Bikin Durbar wani tsohon bikin al'adane wanda yake gudana shekara-shekara a wasu daga cikin jahohin . Wannan bikin na nuna murnan zuwan karshen watan da kuma gabatar da bikin karamar Sallah da babbar Sallah.,afrifact_data_culture_hausa_364,refutes,Hawan Durbar ko Bikin Durbar wani tsohon bikin al'adane wanda yake gudana shekara-shekara a wasu daga cikin jahohin . Wannan bikin na nuna murnan zuwan karshen watan da kuma gabatar da bikin karamar Sallah da babbar Sallah.,supports,nei,nei,False
afrifact_data_culture_igbo_728,igbo,Onye uweojii aha ya bụ Lukmon Akanbi agbagbuola otu nwaokorobịa ya na ya nwere nghọtahie na Legọọs Aịland ụbọchị Fraịde. Ndị uweojii kpere ya ikpe ma chụọ ya n'ọrụ.,Lee ndị niile nwetara ihe ntụrụugo n'emume a Onye ọhụrụ kacha eti egwu FireBoy DML (NG) JoeBoy (NG) Marioo (TZ) Rema (NG) - Meriri ya Simmy (SA) Wendy Shay (GH) Tiwa Savage tiri egwu na emume ntụrụugo a,afrifact_data_culture_igbo_597,nei,Lee ndị niile nwetara ihe ntụrụugo n'emume a Onye ọhụrụ kacha eti egwu FireBoy DML (NG) JoeBoy (NG) Marioo (TZ) Rema (NG) - Meriri ya Simmy (SA) Wendy Shay (GH) Tiwa Savage tiri egwu na emume ntụrụugo a,supports,nei,nei,False
afrifact_data_culture_igbo_020,igbo,Abang kwuru na ya na ndị ọrụ ya ekeela nkwụcha ịhụ na ọgbatauhire ọbụla adịghị n'ụzọ ahụ n'izu a.,"Minista na-ahụ maka mgbasa ozi bụ Lai Mohammed ekwuola na mba Niger nakwa Benin ebidobeghị nleba anya na nsogbu butere mgbachi okeala Naịjirịa na mba ndị ọzọ. Mohammed kwuru na ngwa ahịa na ndị mbịara mbịara anwụchiri n'okeala ahụ emere mgbachi gosiri nke a. O kọwara nke a dịka ọ gara njem nleta na okeala Seme ịhụta etu ihe si aga. ""Mgbachi oke ala a emeela ka osikapa si mba ofesi kwụsị ịbata ala anyị"" ka o kwuru. ",afrifact_data_culture_igbo_585,nei,"Minista na-ahụ maka mgbasa ozi bụ Lai Mohammed ekwuola na mba Niger nakwa Benin ebidobeghị nleba anya na nsogbu butere mgbachi okeala Naịjirịa na mba ndị ọzọ. Mohammed kwuru na ngwa ahịa na ndị mbịara mbịara anwụchiri n'okeala ahụ emere mgbachi gosiri nke a. O kọwara nke a dịka ọ gara njem nleta na okeala Seme ịhụta etu ihe si aga. ""Mgbachi oke ala a emeela ka osikapa si mba ofesi kwụsị ịbata ala anyị"" ka o kwuru. ",supports,supports,supports,True
afrifact_data_culture_igbo_427,igbo,Alexander Ekwueme gụrụ akwụkwọ na Mahadum nke Nigeria ma nweta nzere Bachelo tupu ọ gawa ala Bekee,"Mbaise bụ mpaghara dị na Imo Steeti na ndịda ọwụwa anyanwụ . N'etiti , mpaghara ahụ gụnyere ọtụtụ obodo na obodo ukwu. Ndị bi na ya bụ ndị agbụrụ, ndị jikọtara site na alụmdi na nwunye. Mbaise bụ mpaghara kacha nwee ọnụ ọgụgụ mmadụ n'Ebe Ọdịda Anyanwụ Afrịka; ọnụ ọgụgụ ndị bi na ya n'afọ 2006 bụ puku narị isii na iri nà otu, narị abụọ na anọ.",afrifact_data_culture_igbo_426,supports,"Mbaise bụ mpaghara dị na Imo Steeti na ndịda ọwụwa anyanwụ . N'etiti , mpaghara ahụ gụnyere ọtụtụ obodo na obodo ukwu. Ndị bi na ya bụ ndị agbụrụ, ndị jikọtara site na alụmdi na nwunye. Mbaise bụ mpaghara kacha nwee ọnụ ọgụgụ mmadụ n'Ebe Ọdịda Anyanwụ Afrịka; ọnụ ọgụgụ ndị bi na ya n'afọ 2006 bụ puku narị isii na iri nà otu, narị abụọ na anọ.",refutes,nei,nei,False
afrifact_data_culture_yoruba_167,yoruba,Táyé Taiwò gbá bọ́ọ̀lù nínú líìgì àgbábuta orílẹ̀-èdè South Africa fún ọdún márùn-ún.,"Shehu Shagari Fẹ́ ìyàwó Mẹta:Amina, Aisha, àti Hadiza. Shagari bí ọmọ púpò lára wọn ni:Muhammad Bala Shagari àti Aminu Shehu Shagari. Ní Ọdún 2001 Ọjọ́ kẹfà dín ni ọgbọ́n ,Ìyàwó rè Aisha Shagari, kú ní ilé ìwòsàn kàn ní Lọ dòní íLẹ́yìn sì kí nesi kékeré gan.Àìsàn Covidi ni ó pá Ìyàwó Shehu Shagari Ní ọdún 2021.",afrifact_data_culture_yoruba_679,nei,"Shehu Shagari Fẹ́ ìyàwó Mẹta:Amina, Aisha, àti Hadiza. Shagari bí ọmọ púpò lára wọn ni:Muhammad Bala Shagari àti Aminu Shehu Shagari. Ní Ọdún 2001 Ọjọ́ kẹfà dín ni ọgbọ́n ,Ìyàwó rè Aisha Shagari, kú ní ilé ìwòsàn kàn ní Lọ dòní íLẹ́yìn sì kí nesi kékeré gan.Àìsàn Covidi ni ó pá Ìyàwó Shehu Shagari Ní ọdún 2021.",refutes,nei,nei,False
afrifact_data_culture_hausa_354,hausa,Ahmed Musa ya zura ƙwallaye biyu a nasarar Najeriya 2-0 akan Iceland a gasar cin kofin duniya ta 2018.,"Duk da cewa Suya ta samo asali ne daga sassan Arewacin Najeriya, amma ta shiga cikin al’ummar Najeriya, tana da araha ga kowa da kowa kuma a ko’ina. An kira shi wani abu mai haɗa kai a Najeriya. Suya ya zama abincin Najeriya da yankuna daban-daban da ke ikirarin fifikon girke-girke da hanyoyin shirya su, amma irin gasasshen nama ya zama ruwan dare a yawancin kasashen yammacin .",afrifact_data_culture_hausa_291,nei,"Duk da cewa Suya ta samo asali ne daga sassan Arewacin Najeriya, amma ta shiga cikin al’ummar Najeriya, tana da araha ga kowa da kowa kuma a ko’ina. An kira shi wani abu mai haɗa kai a Najeriya. Suya ya zama abincin Najeriya da yankuna daban-daban da ke ikirarin fifikon girke-girke da hanyoyin shirya su, amma irin gasasshen nama ya zama ruwan dare a yawancin kasashen yammacin .",supports,nei,nei,False
afrifact_data_culture_yoruba_096,yoruba,"Ìrẹsì aládùn kan tí à ń fi tòmátì, àlùbọ́sà àti àwọn amóúnjẹ-ta-sánsán sè ni jọ̀lọ́ọ̀fù jẹ́."," Ijọba Eko wa kede pe Mary Daniels ko si ni agọ ọlọpaa fun iwadi kankan tabi pe asiri tu pe o parọ, bẹẹ ni wọn ko maa sewadi rẹ nitori pe baba rẹ wa nile aye. Bawo ni itan Mary Daniel se jẹ losu diẹ sẹyin: Bẹẹ ba gbagbe, laipẹ yii ni ori ayelujara kun fun iroyin obinrin naa, ti ọpọ eeyan si n da owo jọ fun lati saanu rẹ. Arabinrin to ge lẹsẹ naa ṣalaye, nigba t'awọn oniroyin n f'ọrọ waa lẹnu wo nigba ti iroyin rẹ jade pe, salaye pe inu ijamba mọto to gbẹmi gbogbo awọn ero inu ọkọ naa, loun ti padanu ẹsẹ oun kan. O ni inu ijamba mọto yii kan naa lawọn obi oun mejeji ku si. Nigba ti fọto rẹ nibi to ti n kiri omi pure water ni Osodi nilu Eko, bọ sigboro aye lọsẹ diẹ sẹyin, ọpọlọpọ ẹlẹyinju aanu ni Naijiria ati loke okun ni wọn dide iranwọ fun. Ogbomoso: Ẹbọ ọkùnrin àti obìnrin tí kò ní ìbálòpọ̀ rí ni wọ́n rú dènà ogun Fulani O ṣalaye ninu iforowerọ kan pe ọmọ orukan loun ati pe oun loun n da gbe bukata ọmọ kan ti oun bi ati iya agba oun.",afrifact_data_culture_yoruba_368,refutes," Ijọba Eko wa kede pe Mary Daniels ko si ni agọ ọlọpaa fun iwadi kankan tabi pe asiri tu pe o parọ, bẹẹ ni wọn ko maa sewadi rẹ nitori pe baba rẹ wa nile aye. Bawo ni itan Mary Daniel se jẹ losu diẹ sẹyin: Bẹẹ ba gbagbe, laipẹ yii ni ori ayelujara kun fun iroyin obinrin naa, ti ọpọ eeyan si n da owo jọ fun lati saanu rẹ. Arabinrin to ge lẹsẹ naa ṣalaye, nigba t'awọn oniroyin n f'ọrọ waa lẹnu wo nigba ti iroyin rẹ jade pe, salaye pe inu ijamba mọto to gbẹmi gbogbo awọn ero inu ọkọ naa, loun ti padanu ẹsẹ oun kan. O ni inu ijamba mọto yii kan naa lawọn obi oun mejeji ku si. Nigba ti fọto rẹ nibi to ti n kiri omi pure water ni Osodi nilu Eko, bọ sigboro aye lọsẹ diẹ sẹyin, ọpọlọpọ ẹlẹyinju aanu ni Naijiria ati loke okun ni wọn dide iranwọ fun. Ogbomoso: Ẹbọ ọkùnrin àti obìnrin tí kò ní ìbálòpọ̀ rí ni wọ́n rú dènà ogun Fulani O ṣalaye ninu iforowerọ kan pe ọmọ orukan loun ati pe oun loun n da gbe bukata ọmọ kan ti oun bi ati iya agba oun.",supports,supports,supports,True
afrifact_data_culture_hausa_171,hausa,Jihar Katsina ta samu ayyukan ci gaba sosai loƙacin mulkin soja.,A wajen su ma’anar Hadisi shi ne Hakaito Fadar Manzon Allah [S.A.W] Aikinsa da kuma Tabbatarwarsa.,afrifact_data_culture_hausa_509,supports,A wajen su ma’anar Hadisi shi ne Hakaito Fadar Manzon Allah [S.A.W] Aikinsa da kuma Tabbatarwarsa.,nei,nei,nei,True
afrifact_data_culture_hausa_504,hausa,Littafin Alƙur'ani mai girma ya ambaci Attaura sau goma sha takwas.,"Hukumar Zabe Mai Zaman Kanta ta Kasa a ranar 13 ga watan Afrilun shekara ta 2015, ta ayyana shi a matsayin wanda ya lashe zaben.",afrifact_data_culture_hausa_161,supports,"Hukumar Zabe Mai Zaman Kanta ta Kasa a ranar 13 ga watan Afrilun shekara ta 2015, ta ayyana shi a matsayin wanda ya lashe zaben.",nei,nei,nei,True
afrifact_data_culture_hausa_392,hausa,Mabiya JIBWIS suna gudanar da taruka na koyan girki da zaman lafiya a cikin al’umma.,"Ita ce wuri mafi shahara ga masu yawon bude ido a Najeriya, don haka, tana taka muhimmiyar rawa wajen cigaba da bunkasa harkokin yawon bude ido da yawon shakatawa a Najeriya.",afrifact_data_culture_hausa_189,supports,"Ita ce wuri mafi shahara ga masu yawon bude ido a Najeriya, don haka, tana taka muhimmiyar rawa wajen cigaba da bunkasa harkokin yawon bude ido da yawon shakatawa a Najeriya.",refutes,nei,nei,False
afrifact_data_culture_yoruba_690,yoruba,Ìpínlẹ̀ Ọ̀yọ́ tó wà ní ìwọ̀ oòrùn orílẹ̀-èdè Nàìjíríà jẹ́ ọ̀kan nínú àwọn ìpínlẹ̀ mẹ́rindínlógójì tí orílẹ̀-èdè náà ni.,"Iwo ti ní àwọn agbègbè ìjọba ìbílẹ̀ mẹ́rin si, àwọn ni: Iwo East, Olomowewe; Iwo West, Agberire; Ọla Oluwa South East, Ilemowu; Ayedire South East, Oluponna.",afrifact_data_culture_yoruba_734,refutes,"Iwo ti ní àwọn agbègbè ìjọba ìbílẹ̀ mẹ́rin si, àwọn ni: Iwo East, Olomowewe; Iwo West, Agberire; Ọla Oluwa South East, Ilemowu; Ayedire South East, Oluponna.",supports,supports,supports,True
afrifact_data_culture_igbo_280,igbo,Ndị na-akụ azụ na ndị na-eme njem ụgbọ mmiri na Mmiri Ọnụ Ọwarị Ọgbaru na-atụ ụtụ nye gọọmentị Anambara.,N'otu aka ahụ kọmishịọna mgbasaozi bụ Don Adenuba gwara BBC Igbo na o nweghi onye ọrụ bekee ọbụla e ji ụgwọ n'Anambra Steeti. Ọ sị na gọọmentị ha kwụrụ ụgwọ n'ụbọchị iri abụọ na isii nke ọnwa Eprelụ afọ 2020.,afrifact_data_culture_igbo_644,supports,N'otu aka ahụ kọmishịọna mgbasaozi bụ Don Adenuba gwara BBC Igbo na o nweghi onye ọrụ bekee ọbụla e ji ụgwọ n'Anambra Steeti. Ọ sị na gọọmentị ha kwụrụ ụgwọ n'ụbọchị iri abụọ na isii nke ọnwa Eprelụ afọ 2020.,nei,supports,supports,False
afrifact_data_culture_yoruba_624,yoruba,Ìpínlẹ̀ Òndó tí a tún mọ̀ sí Sunshine State jẹ́ ọ̀kàndínlógún ìpínlẹ̀ tí àwọn èèyàn pọ̀ jùlọ lórílẹ̀-èdè.,"Ẹbọ rírú se pàtàkì fún ẹni tí a bá dá ifá fún. bí ifá tí a dá fún ènìyàn bá se rere tàbí búbúru, oní tọ̀hùn ni lati rúbọ kí ohun tí ó dá ifá sí náà ó lè baà dará: lọ́nà kìní:- Ẹbọ ifá jẹ́ ounjẹ fún òrìṣà tí ifá bá so wí pé kí á rúbọ, Fun àpẹẹrẹ, tí ènìyàn bá fẹ́ se nǹkan. ti o ba bèrè lọ́wọ́ ifá, wọ́n le sọ pé ki o lọ rubọ fun ògun, Ẹbọ ifá jẹ́ ètùtù pàtàkì nítorí tí Babaláwo bání kí ènìyàn se nǹkan óní láti se é, ki òun pàápàá ólè ba à ni ìgboyà wípé àteégún-àteésà, nítori èyí ní àwọn babaláwo fi máa ńwí fún ẹní tí a ní kí ó rúbọ̣ pé kí ó wá oúnjẹ fún àwọn aládùgbóó rẹ.",afrifact_data_culture_yoruba_565,nei,"Ẹbọ rírú se pàtàkì fún ẹni tí a bá dá ifá fún. bí ifá tí a dá fún ènìyàn bá se rere tàbí búbúru, oní tọ̀hùn ni lati rúbọ kí ohun tí ó dá ifá sí náà ó lè baà dará: lọ́nà kìní:- Ẹbọ ifá jẹ́ ounjẹ fún òrìṣà tí ifá bá so wí pé kí á rúbọ, Fun àpẹẹrẹ, tí ènìyàn bá fẹ́ se nǹkan. ti o ba bèrè lọ́wọ́ ifá, wọ́n le sọ pé ki o lọ rubọ fun ògun, Ẹbọ ifá jẹ́ ètùtù pàtàkì nítorí tí Babaláwo bání kí ènìyàn se nǹkan óní láti se é, ki òun pàápàá ólè ba à ni ìgboyà wípé àteégún-àteésà, nítori èyí ní àwọn babaláwo fi máa ńwí fún ẹní tí a ní kí ó rúbọ̣ pé kí ó wá oúnjẹ fún àwọn aládùgbóó rẹ.",supports,nei,nei,False
afrifact_data_culture_hausa_079,hausa,Allah ya karbi ran Ado Bayero a garin Landan bayan ya sha fama da rashin lafiya.,"Awara dai anayin ta ne da waken suya, inda ake niƙa waken a tace ƙullun waken a Dora Shi Akan wuta saiya taso yatausa sannan asamishi ruwan tsami Ko tsamiya zaaga yafara Hada jikinta Sai Asami buhu Ko abin Tata Mai kyau Mai tsafta adinga kwashewa sannan a tsaneta Idan ruwanta yagama fitasannan a yanka a soya a wurin soyawan wasu Sukan Saka Mata Kwai yadanganta da raayin mutum.",afrifact_data_culture_hausa_305,supports,"Awara dai anayin ta ne da waken suya, inda ake niƙa waken a tace ƙullun waken a Dora Shi Akan wuta saiya taso yatausa sannan asamishi ruwan tsami Ko tsamiya zaaga yafara Hada jikinta Sai Asami buhu Ko abin Tata Mai kyau Mai tsafta adinga kwashewa sannan a tsaneta Idan ruwanta yagama fitasannan a yanka a soya a wurin soyawan wasu Sukan Saka Mata Kwai yadanganta da raayin mutum.",refutes,nei,nei,False
afrifact_data_culture_igbo_554,igbo,"Odumeje, Rita Edochie na Ada Jesus nwere nsogbu. Rita Edochie mechara gbaghara Ada Jesus ebubo niile o boro ya.","Ọ bụrụ n'omenala Igbo, onye gbara afọ iri ise na itoolu ekwesila imezu ihe a tụrụ anya na ndụ ya. Na ntule anyị mere, anyị chọrọ ịchọpụta mba kacha eme nke ọma. Ihe enyochara Ihe ndị anyị ji mee nchọpụta a gụnyere ọnwụ ụmụaka amụru ọhụrụ nke Bekee kpọrọ ""Infant Mortality"", ogologo afọ ndụ (life expectancy), ụgwọ opekatampe (minimum wage) na nrụrụaka (corruption).",afrifact_data_culture_igbo_671,refutes,"Ọ bụrụ n'omenala Igbo, onye gbara afọ iri ise na itoolu ekwesila imezu ihe a tụrụ anya na ndụ ya. Na ntule anyị mere, anyị chọrọ ịchọpụta mba kacha eme nke ọma. Ihe enyochara Ihe ndị anyị ji mee nchọpụta a gụnyere ọnwụ ụmụaka amụru ọhụrụ nke Bekee kpọrọ ""Infant Mortality"", ogologo afọ ndụ (life expectancy), ụgwọ opekatampe (minimum wage) na nrụrụaka (corruption).",supports,nei,nei,False
afrifact_data_culture_yoruba_135,yoruba,Ayọ̀deji Balogun kọ́kọ́ peregedé fún àmì ẹyẹ Grammy lọ́dún 2015,"Ọ̀pọ̀ ènìyàn ló máa ń fi ẹ̀wà yí jẹ tàbí búrẹ́dì, ti ó sì máa ń jẹ́ kí ó dùn yàtọ̀. Oúnjẹ yí jẹ́ èyí tí ó gbajúmọ̀ láàrín àwọn ènìyàn Àwọn Ìtọ́kasí",afrifact_data_culture_yoruba_122,refutes,"Ọ̀pọ̀ ènìyàn ló máa ń fi ẹ̀wà yí jẹ tàbí búrẹ́dì, ti ó sì máa ń jẹ́ kí ó dùn yàtọ̀. Oúnjẹ yí jẹ́ èyí tí ó gbajúmọ̀ láàrín àwọn ènìyàn Àwọn Ìtọ́kasí",supports,nei,nei,False
afrifact_data_culture_hausa_304,hausa,Awara abinci ne mai ɗanɗano wanda aka yi gaba ɗaya da alkama,Ƴan bindigar sun harbe Sheikh Muhammad Auwal Adam Albani Zariya tare da ɗaya daga cikin matansa a cikin garin a kan hanyarsu ta dawowa gida bayan sun halarci karatun Tafsirin yamma da suka saba zuwa a cikin garin.,afrifact_data_culture_hausa_488,nei,Ƴan bindigar sun harbe Sheikh Muhammad Auwal Adam Albani Zariya tare da ɗaya daga cikin matansa a cikin garin a kan hanyarsu ta dawowa gida bayan sun halarci karatun Tafsirin yamma da suka saba zuwa a cikin garin.,refutes,supports,supports,False
afrifact_data_culture_hausa_334,hausa,Dambe wasa ne na rukuni mai sauƙi wanda akeyi da ƙwallon ƙafa,Yadda Akeyi [ | ] Da farko zaka nemi masararka ka kai a nika idan an niko sai a tankade a fidda tsaki sai wanke sai azuba a ya tafasa sai asa wannan tsakin yai ta dahuwa sai a debi tankadadden gari a zuba awani wuri sai asa ruwa adama sai azuba akan wancan sake kan sai akara yan mintuna kadan sai a tuka abarshi ya sulala.,afrifact_data_culture_hausa_264,supports,Yadda Akeyi [ | ] Da farko zaka nemi masararka ka kai a nika idan an niko sai a tankade a fidda tsaki sai wanke sai azuba a ya tafasa sai asa wannan tsakin yai ta dahuwa sai a debi tankadadden gari a zuba awani wuri sai asa ruwa adama sai azuba akan wancan sake kan sai akara yan mintuna kadan sai a tuka abarshi ya sulala.,refutes,supports,supports,False
afrifact_data_culture_yoruba_766,yoruba,Gbogbo ọbẹ̀ ni wọ́n máa ń kọ́kọ́ ṣan ewé wọn kí wọ́n tó ṣàmúlò rẹ̀.," International. Wọ́n ra Taiwo wá si ìpele Nigeria Premier League, sínú ẹgbẹ́ agbábọ́ọ̀lù Lobi Stars. Níbi tí ó tún ti lo ọdún kan . Olympique de Marseille [ | ] Ní ọdún 2005, nígbà tí ó pé ọmọ ogún ọdún, ẹgbẹ́ agbábọ́ọ̀lù ilẹ̀ Faranse kan ti o n je Olympique de Marseille gba Taiwo sinu iko won. Won ra Taiwo lati le ropo ogbeni Bixente Lizarazu ti o ti lo sinu egbe agbaboolu Bayern Munich. Taiwo lo gba boolu ti iko re Olympic Marseille fi jawe olubori",afrifact_data_culture_yoruba_167,refutes," International. Wọ́n ra Taiwo wá si ìpele Nigeria Premier League, sínú ẹgbẹ́ agbábọ́ọ̀lù Lobi Stars. Níbi tí ó tún ti lo ọdún kan . Olympique de Marseille [ | ] Ní ọdún 2005, nígbà tí ó pé ọmọ ogún ọdún, ẹgbẹ́ agbábọ́ọ̀lù ilẹ̀ Faranse kan ti o n je Olympique de Marseille gba Taiwo sinu iko won. Won ra Taiwo lati le ropo ogbeni Bixente Lizarazu ti o ti lo sinu egbe agbaboolu Bayern Munich. Taiwo lo gba boolu ti iko re Olympic Marseille fi jawe olubori",nei,supports,supports,False
afrifact_data_culture_hausa_700,hausa,Yana da kyau mutane su ke yin bincike mai zurfi kafin su je baƙon wuri don yin hutu.,"Rikicin Yan shi'a na shekarar 2014 a Zariya [ | ] Ibrahim Zakzaky A ranar 25 ga watan na shekarar 2014 ne aka samu tashin hankali tsakanin yaƙungiyar r 'yan uwa musulmi mabiya zakzaky da sojojin a birnin , a yayin gudanar da lumanar zanga zanga akan nuna goyon bayan mutanen falasdinu inda mutane 35 suka rasa rayukansu ciki har da 'ya'yan Ibrahim Zakzaky guda uku (3).",afrifact_data_culture_hausa_432,supports,"Rikicin Yan shi'a na shekarar 2014 a Zariya [ | ] Ibrahim Zakzaky A ranar 25 ga watan na shekarar 2014 ne aka samu tashin hankali tsakanin yaƙungiyar r 'yan uwa musulmi mabiya zakzaky da sojojin a birnin , a yayin gudanar da lumanar zanga zanga akan nuna goyon bayan mutanen falasdinu inda mutane 35 suka rasa rayukansu ciki har da 'ya'yan Ibrahim Zakzaky guda uku (3).",nei,supports,supports,False
afrifact_data_culture_hausa_812,hausa,Muhammadu Buhari ya shafe tsawon shekaru 8 yana mulkin Najeriya.,"Sallar Layya , Babbar Sallah , Eid al-Adha (larabci-ar|عيد الأضحى|ʿīd al-ʾaḍḥā|lit da turanci Feast of the Sacrifice ), kuma ana kiranta da "" Sallar Yanka/Sallar yin layya "", shi ne biki na biyu da musulmai ke gudanarwa a duk duniya a kowace shekara, dayan bikin shi ne ( ), ana ganin wannan babbar ta fi daraja a cikin biyun.",afrifact_data_culture_hausa_358,refutes,"Sallar Layya , Babbar Sallah , Eid al-Adha (larabci-ar|عيد الأضحى|ʿīd al-ʾaḍḥā|lit da turanci Feast of the Sacrifice ), kuma ana kiranta da "" Sallar Yanka/Sallar yin layya "", shi ne biki na biyu da musulmai ke gudanarwa a duk duniya a kowace shekara, dayan bikin shi ne ( ), ana ganin wannan babbar ta fi daraja a cikin biyun.",nei,refutes,refutes,False
afrifact_data_culture_yoruba_341,yoruba,Ọjọ́ Ìṣẹ́gun ni àwọn oníròyìn gbé ìròyìn yìí síta nípa ilé alárinrin tí Aláàfin kọ fún àwọn olorì rẹ̀.,Àwọn wọ̀nyí ni wọ́n ma ń pidán tí wọ́n sì ma ń yí . Egúngún Apẹ̀ṣà. Irúfẹ́ àwọn egúngún wọ̀nyí ló m a ń kọrin ki àwọn ènìyàn. Egúngún Aláago. Àwọn eégún wọ̀nyí jẹ́ egúngún oní fàájì àti bbl. Orúkọ tí wọ́n ń pe àwọn egúngún wọ yí tún yàtọ̀ síra wọn ní ìlú sílú ati àdúgbò sí àdúgbò. Ìtàn nípa Egúngún [ | ] Onirunrun itan lo ro mo Iwasayi tabi ibere egungun sugbon eyi ti a o salaye ni Itan akoni ti a mo si Ogogo omo kulodo.,afrifact_data_culture_yoruba_043,nei,Àwọn wọ̀nyí ni wọ́n ma ń pidán tí wọ́n sì ma ń yí . Egúngún Apẹ̀ṣà. Irúfẹ́ àwọn egúngún wọ̀nyí ló m a ń kọrin ki àwọn ènìyàn. Egúngún Aláago. Àwọn eégún wọ̀nyí jẹ́ egúngún oní fàájì àti bbl. Orúkọ tí wọ́n ń pe àwọn egúngún wọ yí tún yàtọ̀ síra wọn ní ìlú sílú ati àdúgbò sí àdúgbò. Ìtàn nípa Egúngún [ | ] Onirunrun itan lo ro mo Iwasayi tabi ibere egungun sugbon eyi ti a o salaye ni Itan akoni ti a mo si Ogogo omo kulodo.,refutes,supports,supports,False
afrifact_data_culture_yoruba_181,yoruba,Ọgbẹ́ni Wọlé parọ́ fún màmá tí ó bá sọ̀rọ̀ lórí aago wípé òun wà ní kíláàsì.,"Agba amofin naa gba awọn gomina mejeeji yii ni gbolohun nitori abẹwo ti wọn se sọdọ aarẹ Buhari lọjọru lori eto aabo to mẹhẹ nipa ọsẹ tawọn ọdaran darandaran n se. Bẹẹ ba gbagbe, gomina Makinde ati Akeredolu lo tọ Buhari lọ nilu Abuja lati beere fun afikun eto aabo to peye, nitori ọwọja awọn ọdaran darandaran to gogo nipinlẹ koowa wọn. Àwọn iròyin tì ẹ leè ní ìfẹ̀ síí: Makinde, to bawọn akọroyin sọrọ lẹyin ipade wọn pẹlu aarẹ si ni oun lo anfaani abẹwo naa lati beere fun agbekalẹ afikun ileesẹ ọlọpaa kogberegbe nipinlẹ toun. Ifọrọwerọ pẹlu Gani Adams lori ọrọ Sunday Igboho Amọ Falana, lasiko to n takurọsọ pẹlu awọn akọroyin ni, awọn gomina yiii ni ipese eto aabo to peye wa nikawọ wọn, pẹlu ileesẹ ọlọpaa, ko si yẹ ki wọn lọ sọdọ aarẹ. Agba amofin naa woye pe aarẹ lo n dari ileesẹ ologun nilẹ Naijiria, kii se ileesẹ ọlọpaa, ko ba si san ko jẹ pe ọdọ ajọ to n sakoso ileesẹ ọlọpaa nilẹ wa, ni wọn gbe ibeere wọn lọ.",afrifact_data_culture_yoruba_294,supports,"Agba amofin naa gba awọn gomina mejeeji yii ni gbolohun nitori abẹwo ti wọn se sọdọ aarẹ Buhari lọjọru lori eto aabo to mẹhẹ nipa ọsẹ tawọn ọdaran darandaran n se. Bẹẹ ba gbagbe, gomina Makinde ati Akeredolu lo tọ Buhari lọ nilu Abuja lati beere fun afikun eto aabo to peye, nitori ọwọja awọn ọdaran darandaran to gogo nipinlẹ koowa wọn. Àwọn iròyin tì ẹ leè ní ìfẹ̀ síí: Makinde, to bawọn akọroyin sọrọ lẹyin ipade wọn pẹlu aarẹ si ni oun lo anfaani abẹwo naa lati beere fun agbekalẹ afikun ileesẹ ọlọpaa kogberegbe nipinlẹ toun. Ifọrọwerọ pẹlu Gani Adams lori ọrọ Sunday Igboho Amọ Falana, lasiko to n takurọsọ pẹlu awọn akọroyin ni, awọn gomina yiii ni ipese eto aabo to peye wa nikawọ wọn, pẹlu ileesẹ ọlọpaa, ko si yẹ ki wọn lọ sọdọ aarẹ. Agba amofin naa woye pe aarẹ lo n dari ileesẹ ologun nilẹ Naijiria, kii se ileesẹ ọlọpaa, ko ba si san ko jẹ pe ọdọ ajọ to n sakoso ileesẹ ọlọpaa nilẹ wa, ni wọn gbe ibeere wọn lọ.",nei,supports,supports,False
afrifact_data_culture_hausa_525,hausa,Sheikh Ja'afar Mahmud Adam ya kasance ya na yin tafsirin alƙur'ani a duk ranar juma'a a masallacin Gadon ƙaya.,"Soyayyar Barau ga mutanensa ya sa shi yin takara a zaɓen shekarar alif dubu daya da dari tara da casa'in da tara 1999 zuwa Majalisar Wakilai don wakiltar mazaɓar Tarauni a majalisar Tarayya ta Jihar Kano, kuma yayi nasara.",afrifact_data_culture_hausa_113,supports,"Soyayyar Barau ga mutanensa ya sa shi yin takara a zaɓen shekarar alif dubu daya da dari tara da casa'in da tara 1999 zuwa Majalisar Wakilai don wakiltar mazaɓar Tarauni a majalisar Tarayya ta Jihar Kano, kuma yayi nasara.",nei,nei,nei,True
afrifact_data_culture_hausa_560,hausa,Malamai su na jindaɗi sosai yayin da su ka ga ɗalibansu na samun cigaba a ɓangaren karatunsu.,Wannan turka-turka da wasu caje-caje da ke da nasaba da kuɗi su ka sa hukumar watau E.F.C.C ta gurfanar da Gwamna Shema a gaban kotu kan cajin almundahanar kuɗaɗen da suka kai kimanin biliyan goma sha ɗaya (N11 billion).,afrifact_data_culture_hausa_169,refutes,Wannan turka-turka da wasu caje-caje da ke da nasaba da kuɗi su ka sa hukumar watau E.F.C.C ta gurfanar da Gwamna Shema a gaban kotu kan cajin almundahanar kuɗaɗen da suka kai kimanin biliyan goma sha ɗaya (N11 billion).,nei,refutes,refutes,False
afrifact_data_culture_yoruba_323,yoruba,"Wọ́n filé pọ̀ntí, wọ́n fọ̀nà rokà níbi ìgbéyàwó ọmọ Buhari, tí ọ̀pọ̀ ènìyàn sí péjú pésẹ síbẹ̀, láìbìkítà nípa àwọn ìlànà Covid-19.","Àwòrán oúnjẹ; ìyàn àti ọbẹ̀ Iyan ( Yoruba , Hausa , Igbo ) je oúnjẹ òkèlè tí a máa ń jẹ ní orílẹ̀-èdè Nàìjíríà . A máa ń ṣe ìpèsè rẹ̀ nípasẹ̀ gígún ìṣù tí pẹ̀lú Odó àti ọmọ odó ti Iyán àti Ànàmọ́ tí a gún fẹ́ jọra ṣùgbọ́n ohun tó mú ìyàtò wà láàárín wọn ni bí iyán ṣe nípọn tó. Ó jẹ́ oúnjẹ aládùn tí a fi ọwọ́ jẹ. Àwọn ènìyàn Yorùbá máa ń pe iyán... Akpu laarin awọn eniyan tó ń gbé ní gúúsù orílẹ̀ èdè Nàìjíríà. A má ń jẹ ìyàn ni ìpínle Ondo, , Ipinle Kogi, Okun, , ìpínlè Benue ati ni orílè èdè Nàìjíríà laarin awon miran. A le je ìyàn pẹ̀lú ọbẹ̀ egusi, ọbẹ̀ ewedu, tabi ọbẹ̀ ìlà okra, , ọbẹ̀ Ofe Nsala. ",afrifact_data_culture_yoruba_712,nei,"Àwòrán oúnjẹ; ìyàn àti ọbẹ̀ Iyan ( Yoruba , Hausa , Igbo ) je oúnjẹ òkèlè tí a máa ń jẹ ní orílẹ̀-èdè Nàìjíríà . A máa ń ṣe ìpèsè rẹ̀ nípasẹ̀ gígún ìṣù tí pẹ̀lú Odó àti ọmọ odó ti Iyán àti Ànàmọ́ tí a gún fẹ́ jọra ṣùgbọ́n ohun tó mú ìyàtò wà láàárín wọn ni bí iyán ṣe nípọn tó. Ó jẹ́ oúnjẹ aládùn tí a fi ọwọ́ jẹ. Àwọn ènìyàn Yorùbá máa ń pe iyán... Akpu laarin awọn eniyan tó ń gbé ní gúúsù orílẹ̀ èdè Nàìjíríà. A má ń jẹ ìyàn ni ìpínle Ondo, , Ipinle Kogi, Okun, , ìpínlè Benue ati ni orílè èdè Nàìjíríà laarin awon miran. A le je ìyàn pẹ̀lú ọbẹ̀ egusi, ọbẹ̀ ewedu, tabi ọbẹ̀ ìlà okra, , ọbẹ̀ Ofe Nsala. ",refutes,nei,nei,False
afrifact_data_culture_yoruba_043,yoruba,"Gbogbo igi ló ń juwọ́ sí Ọlọ́run Ọba, ewéko àti gbogbo àwọn ewé ilẹ̀ pátápátá.","O sagbatẹru bi awọn ọba kan nilẹ Yoruba ṣe di ọba alade Ṣaaju akitiyan Alaafin Adeyẹmi, awọn ọba kan nilẹ Yoruba kii de ade ilẹkẹ. Amọ pẹlu akitiyan rẹ, awọn kan lara wọn di ọba to n de ade ilẹkẹ, ti wọn si gba igbega lori igbelewọn awọn ọba nipinlẹ Ọyọ, ati ni awọn ipinlẹ bi Ọṣun ati Ondo. Lara wọn ni: Onjo ti Okeho, Onitede ti Tede, Asẹyin ti Iṣẹyin, Timi ilu Ẹdẹ nigba kan, Ọba Oyelusi Tijani Agbaran II Lọdun 1980 si 1981, Ọba ilu Kisi, Okere ilu Saki, ati Sabi ti Iganna gba igbega. Baalẹ Ile-Ogbo di ọba, Olu ti Ile-Ogbo lọdun 1995, Olubu ti Ilobu nigba naa gba ade lọdun 1986. Ọba Olutayọ: ìgbésẹ̀ Ọọni àti Alaafin ti ń mú ìṣọ̀kàn dé sáàrin àwọn Ọba Yorùbá Alayegun ilu Ọdẹ-Omu, Akire ilu Ikire, Akirun ti Ikirun, Aree ti Ire, Olunisha ti Inisha (gbogbo wọn wa nipinlẹ Ọṣun) gba ade nipasẹ Alaafin. Nipinlẹ Ogun, Ọba ilu Ipokia di ọba alade ilẹkẹ.",afrifact_data_culture_yoruba_470,refutes,"O sagbatẹru bi awọn ọba kan nilẹ Yoruba ṣe di ọba alade Ṣaaju akitiyan Alaafin Adeyẹmi, awọn ọba kan nilẹ Yoruba kii de ade ilẹkẹ. Amọ pẹlu akitiyan rẹ, awọn kan lara wọn di ọba to n de ade ilẹkẹ, ti wọn si gba igbega lori igbelewọn awọn ọba nipinlẹ Ọyọ, ati ni awọn ipinlẹ bi Ọṣun ati Ondo. Lara wọn ni: Onjo ti Okeho, Onitede ti Tede, Asẹyin ti Iṣẹyin, Timi ilu Ẹdẹ nigba kan, Ọba Oyelusi Tijani Agbaran II Lọdun 1980 si 1981, Ọba ilu Kisi, Okere ilu Saki, ati Sabi ti Iganna gba igbega. Baalẹ Ile-Ogbo di ọba, Olu ti Ile-Ogbo lọdun 1995, Olubu ti Ilobu nigba naa gba ade lọdun 1986. Ọba Olutayọ: ìgbésẹ̀ Ọọni àti Alaafin ti ń mú ìṣọ̀kàn dé sáàrin àwọn Ọba Yorùbá Alayegun ilu Ọdẹ-Omu, Akire ilu Ikire, Akirun ti Ikirun, Aree ti Ire, Olunisha ti Inisha (gbogbo wọn wa nipinlẹ Ọṣun) gba ade nipasẹ Alaafin. Nipinlẹ Ogun, Ọba ilu Ipokia di ọba alade ilẹkẹ.",nei,supports,supports,False
afrifact_data_culture_igbo_013,igbo,"Bianca Ojukwu bụ nwaanyị nke abụọ bụ onyeisi n'ụlọọrụ ""Nigerian Stock Exchange"" ",Ekweremadu (a mụrụ n'ụbọchị nke 12 n'ọnwa Mee n'afọ 1962) bụ onye ndọrọ ndọrọ ọchịchị na onye ọka iwu si nke jere ozi na Senate nke Naịjirịa kemgbe Mee afọ 2003,afrifact_data_culture_igbo_377,nei,Ekweremadu (a mụrụ n'ụbọchị nke 12 n'ọnwa Mee n'afọ 1962) bụ onye ndọrọ ndọrọ ọchịchị na onye ọka iwu si nke jere ozi na Senate nke Naịjirịa kemgbe Mee afọ 2003,refutes,nei,nei,False
afrifact_data_culture_yoruba_218,yoruba,Kò sí nínú ìbúra àwọn olóṣèlú láti pèsè ààbò tó rinlẹ̀ fún àwọn ará ìlú.,"Ìpínlẹ̀ Èkìtì jẹ́ ní apá ìwọ̀ oòrùn tí ó jẹ́ dídásílẹ̀ ní ọjọ́ kìíní oṣù ọwàwà, pẹ̀lú àwọn ìpínlẹ̀ tuntun márùn-rún mìíràn látọwọ́ ọ̀gágun . Èkìtì ti jẹ́ ìpínlẹ̀ olómìnira kí àwọn òyìnbó tó dé.",afrifact_data_culture_yoruba_670,nei,"Ìpínlẹ̀ Èkìtì jẹ́ ní apá ìwọ̀ oòrùn tí ó jẹ́ dídásílẹ̀ ní ọjọ́ kìíní oṣù ọwàwà, pẹ̀lú àwọn ìpínlẹ̀ tuntun márùn-rún mìíràn látọwọ́ ọ̀gágun . Èkìtì ti jẹ́ ìpínlẹ̀ olómìnira kí àwọn òyìnbó tó dé.",refutes,supports,supports,False
afrifact_data_culture_hausa_465,hausa,Masu kuɗi na iya kai zakkar su hukumar zakka da hubusi don a bayar da ita ga waɗanda su ka cancanta.,Wannan ya kai ga samar da masallacin Darul Hadith' (Gidan Hadisi) inda ya ci gaba da karantarwarsa bayan ya yi ritaya.,afrifact_data_culture_hausa_486,supports,Wannan ya kai ga samar da masallacin Darul Hadith' (Gidan Hadisi) inda ya ci gaba da karantarwarsa bayan ya yi ritaya.,nei,refutes,refutes,False
afrifact_data_culture_yoruba_557,yoruba,Oríṣi Gaàrí kan ló wà nílẹ̀ Yorùbá. Èyí sì ni Gaàrí ìjẹ̀bú.,"O ṣalaye pe awọn ti n jiroro pẹlu ijọba Naijiria lori ọrọ yi. ''A ti ba ijọba Naijiria fọrọjomi toro ọrọ ti a ṣi n ṣe bẹẹ nipa ṣise alabapin iroyin to tẹwa lọwọ ati mimọ ohun tawọn alaburu yi n ṣe'' Action Against Hunger: Ẹgbẹ́ agbésùmọ̀mí ISWAP ṣekú pa àláànú kan O sọ pe ṣiṣe alabapin iroyin laarin Amẹrika ati Naijiria ṣe pataki lati le fi mọ ohun ti Boko Haram ati ISIS n ṣe lati le fi koju wọn. O ni o ṣeni laanu pe gbogbo bi awọn ṣe n gbiyanju lati koju awọn agbesunmọmi yi, niṣe ni wọn gbooro sii. O ni nkan meji lo wa nidi iṣẹlẹ yi.",afrifact_data_culture_yoruba_492,supports,"O ṣalaye pe awọn ti n jiroro pẹlu ijọba Naijiria lori ọrọ yi. ''A ti ba ijọba Naijiria fọrọjomi toro ọrọ ti a ṣi n ṣe bẹẹ nipa ṣise alabapin iroyin to tẹwa lọwọ ati mimọ ohun tawọn alaburu yi n ṣe'' Action Against Hunger: Ẹgbẹ́ agbésùmọ̀mí ISWAP ṣekú pa àláànú kan O sọ pe ṣiṣe alabapin iroyin laarin Amẹrika ati Naijiria ṣe pataki lati le fi mọ ohun ti Boko Haram ati ISIS n ṣe lati le fi koju wọn. O ni o ṣeni laanu pe gbogbo bi awọn ṣe n gbiyanju lati koju awọn agbesunmọmi yi, niṣe ni wọn gbooro sii. O ni nkan meji lo wa nidi iṣẹlẹ yi.",refutes,supports,supports,False
afrifact_data_culture_igbo_191,igbo,Ndị Awụsa bụ ndị bi ne ebe ugwu nke Ọ̀hà Delta na Ọ̀hà Rivas,"Sir Odumegwu Ojukwu OBE, KBE Ọ bụ onye ndị mmadụ kwuru na 'Igbo agaghị echefu makana o nweghị onye ga-anọchinwu ya' Sir LP Odumegwu Ojukwu bụ ụzụ kpụrụ ya bụ egbe bụ Emeka Odumegwu Ojukwu a ma dịka Ikemba Nnewi. Sir Odumegwu Ojukwu a bụ Odogwu nwoke Igbo ji eme ọnụ. Ọ kpawara ego mgbe ụwa ka nọ n'ọchịchịri. Amụrụ ya na Obodo ya bụ Obiuno Umudim Nnewi, nke dị n'Anambra steeti nke taa n'afọ 1909.",afrifact_data_culture_igbo_573,nei,"Sir Odumegwu Ojukwu OBE, KBE Ọ bụ onye ndị mmadụ kwuru na 'Igbo agaghị echefu makana o nweghị onye ga-anọchinwu ya' Sir LP Odumegwu Ojukwu bụ ụzụ kpụrụ ya bụ egbe bụ Emeka Odumegwu Ojukwu a ma dịka Ikemba Nnewi. Sir Odumegwu Ojukwu a bụ Odogwu nwoke Igbo ji eme ọnụ. Ọ kpawara ego mgbe ụwa ka nọ n'ọchịchịri. Amụrụ ya na Obodo ya bụ Obiuno Umudim Nnewi, nke dị n'Anambra steeti nke taa n'afọ 1909.",refutes,nei,nei,False
afrifact_data_culture_hausa_211,hausa,Gidan Arewa gini ne da ya kasance wurin ajiyar kayan yaƙin turawan mulkin mallaka.,"Mista Jonathan ya ce ba anan kadai Amurka ta tsaya ba wajen yunkurin kifar da gwamnatinsa, har ta kai Shugaba Obama ya shawo kan firaministan Burtaniya David Cameron ya mara masa baya duk da kyakkyawar dangantakar da ke tsakanin Jonathan da Cameron",afrifact_data_culture_hausa_783,nei,"Mista Jonathan ya ce ba anan kadai Amurka ta tsaya ba wajen yunkurin kifar da gwamnatinsa, har ta kai Shugaba Obama ya shawo kan firaministan Burtaniya David Cameron ya mara masa baya duk da kyakkyawar dangantakar da ke tsakanin Jonathan da Cameron",refutes,refutes,refutes,True
afrifact_data_culture_hausa_537,hausa,Ya halarta ayi sallah guda biyu da alwala ɗaya.,"idan ka samu ruwa mai kyau (Mai tsarki ) wanda yake tsarkakewa da kansa, bayan kayi tsarki wanda shari'a ta zo da shi wato a musulunce. Sai ka samu guri mai tsarki ka zauna, sai ka ajiye abun alwalanka a gefen dama idan budadde ne, idan kuma rufaffe ne sai ka ajjiye sa a bangarenka na hagu.",afrifact_data_culture_hausa_539,supports,"idan ka samu ruwa mai kyau (Mai tsarki ) wanda yake tsarkakewa da kansa, bayan kayi tsarki wanda shari'a ta zo da shi wato a musulunce. Sai ka samu guri mai tsarki ka zauna, sai ka ajiye abun alwalanka a gefen dama idan budadde ne, idan kuma rufaffe ne sai ka ajjiye sa a bangarenka na hagu.",nei,supports,supports,False
afrifact_data_culture_hausa_472,hausa,Mai azumi na iya saduwa da iyalinsa kafin rana ta faɗi.,"Wanda ya sa mini wannan suna Shata sunansa Magaji Salam, shi ne ya samin suna Shata Mijin mai daki, ita mai dakin kaka ta ce, ita ce ta haifi wanda ya haife ni.",afrifact_data_culture_hausa_614,nei,"Wanda ya sa mini wannan suna Shata sunansa Magaji Salam, shi ne ya samin suna Shata Mijin mai daki, ita mai dakin kaka ta ce, ita ce ta haifi wanda ya haife ni.",refutes,supports,supports,False
afrifact_data_culture_yoruba_118,yoruba,Òpópónà tuntun tí wọn ń ṣe láti Èkó sí Calabar yóò jẹ́ kí ètò ọ̀rọ̀ ajé rú gọ́gọ́ síi.,"Wayi o, gomina ipinlẹ Oyo naa ti sefilọlẹ igbimọ ẹlẹnu mọkanla ti yoo tanna wadi awọn oniruuru ẹsun ifiyajẹni tawọn ọlọpaa ti se fun araalu. Adajọ agba tẹlẹ nipinlẹ Oyo, oloye Badejoko Adeniji si ni alaga igbimọ oluwadii naa. Awọn ọmọ igbimọ yoku ni Oluwole Akintayo, alaga ẹgbẹ agbẹjọro nipinlẹ Oyo, Amofin Babs Oduyoye, tii se oludamọran fun gomina lori ọrọ oselu ati arabinrin Adebobola Agbeja, tii se ọkan lara smọ igbimọ fun apapọ awọn ọdọ nilẹ wa. Awọn ọmọ igbimọ yoku ni Olumide Akintayo, Wunmi Odutayo, Nasir Sulaiman, Mary Kolawole, Mariam Badmus, Saheed Falowo ati Olufolakemi Ogundele.",afrifact_data_culture_yoruba_204,supports,"Wayi o, gomina ipinlẹ Oyo naa ti sefilọlẹ igbimọ ẹlẹnu mọkanla ti yoo tanna wadi awọn oniruuru ẹsun ifiyajẹni tawọn ọlọpaa ti se fun araalu. Adajọ agba tẹlẹ nipinlẹ Oyo, oloye Badejoko Adeniji si ni alaga igbimọ oluwadii naa. Awọn ọmọ igbimọ yoku ni Oluwole Akintayo, alaga ẹgbẹ agbẹjọro nipinlẹ Oyo, Amofin Babs Oduyoye, tii se oludamọran fun gomina lori ọrọ oselu ati arabinrin Adebobola Agbeja, tii se ọkan lara smọ igbimọ fun apapọ awọn ọdọ nilẹ wa. Awọn ọmọ igbimọ yoku ni Olumide Akintayo, Wunmi Odutayo, Nasir Sulaiman, Mary Kolawole, Mariam Badmus, Saheed Falowo ati Olufolakemi Ogundele.",nei,supports,supports,False
afrifact_data_culture_hausa_238,hausa,An gina kasuwar kurmi a cikin gundumar sahara.,"Domin a Ahlus-sunnah an soma rubutawa da kuma tattara hadisai a lokacin khalifancin Umar dan Abdul-Aziz, ya yi khalifanci a bayan hijira ta 99 zuwa 101.",afrifact_data_culture_hausa_507,nei,"Domin a Ahlus-sunnah an soma rubutawa da kuma tattara hadisai a lokacin khalifancin Umar dan Abdul-Aziz, ya yi khalifanci a bayan hijira ta 99 zuwa 101.",refutes,nei,nei,False
afrifact_data_culture_hausa_429,hausa,Mabiya addinin shi'a su na da karanci a Nigeria idan aka kwatanta su da 'yan darika.,"Kuma haka rayuwa ta kasance a gare shi har ya kai ga ,kuma abin mamaki, ya auri mata biyu yana da shekaru ashirin da biyu a 1982. Kamar yadda ba a saba gani ba, da ban mamaki, ko da yake halal ne,kamar daura auren mata biyu a lokaci guda - a wani lokaci, sun yi zaman jituwa tare, na wani lokaci kafin shi, Sheikh Qareebullah, ya yi auren mata fiye da ɗaya na gaske. Wannan aure (salon auren mata fiye da daya ),ba kamar yadda yake ba, sai da ya haifa masa ‘ya’ya goma sha tara.",afrifact_data_culture_hausa_426,supports,"Kuma haka rayuwa ta kasance a gare shi har ya kai ga ,kuma abin mamaki, ya auri mata biyu yana da shekaru ashirin da biyu a 1982. Kamar yadda ba a saba gani ba, da ban mamaki, ko da yake halal ne,kamar daura auren mata biyu a lokaci guda - a wani lokaci, sun yi zaman jituwa tare, na wani lokaci kafin shi, Sheikh Qareebullah, ya yi auren mata fiye da ɗaya na gaske. Wannan aure (salon auren mata fiye da daya ),ba kamar yadda yake ba, sai da ya haifa masa ‘ya’ya goma sha tara.",nei,supports,supports,False
afrifact_data_culture_igbo_608,igbo,Otu ọgbọ bụ ndị na-ahụ na obodo gara nke ọma ma ndị ụmụnna nye iwu. Ha na-edebe obodo ọcha na-agakwa agha mgbe ọgụ dapụtara,Maryam Sanuth kwukwara na nyocha gosiri na moringa na-ebulite ọgbugba mmiri ara nwaanyị ruo passenti 100%. Akwụkwọ nri moringa O kwukwara na ọ bụ nanị ngaji moringa abụọ a kwọrọ akwọ nanị ga nwaanyị na-enye nwa ara ga-aṅụ.,afrifact_data_culture_igbo_799,refutes,Maryam Sanuth kwukwara na nyocha gosiri na moringa na-ebulite ọgbugba mmiri ara nwaanyị ruo passenti 100%. Akwụkwọ nri moringa O kwukwara na ọ bụ nanị ngaji moringa abụọ a kwọrọ akwọ nanị ga nwaanyị na-enye nwa ara ga-aṅụ.,supports,supports,supports,True
afrifact_data_culture_igbo_697,igbo,R.Kelly mara onwe ya ikpe n'ebubo niile e boro ya.,"Ihe kacha mkpa bụ na n'agbanyeghị na e nwere agbụrụ dị iche iche na Naịjirịa, e nwere ihe ole na ole na-ejikọta agbụrụ niile ahụ. Ihe ndị ahụ na-abụ o na-eme, ndị mmadụ echefuo agbụrụ nke ha, ma tinye uchu ha n'ikwado ya. Ihe ndị na-ejikọta Naịjirịa Ọtụtụ oge ka ndị Naịjirịa anaghị ekwekọrịta n'ụfọdụ ihe dịka ofufe na okwukwe ndị, ndọrọndọrọ ọchịchị nakwa ihe nkiri nke Bekee kpọrọ ""movies",afrifact_data_culture_igbo_723,nei,"Ihe kacha mkpa bụ na n'agbanyeghị na e nwere agbụrụ dị iche iche na Naịjirịa, e nwere ihe ole na ole na-ejikọta agbụrụ niile ahụ. Ihe ndị ahụ na-abụ o na-eme, ndị mmadụ echefuo agbụrụ nke ha, ma tinye uchu ha n'ikwado ya. Ihe ndị na-ejikọta Naịjirịa Ọtụtụ oge ka ndị Naịjirịa anaghị ekwekọrịta n'ụfọdụ ihe dịka ofufe na okwukwe ndị, ndọrọndọrọ ọchịchị nakwa ihe nkiri nke Bekee kpọrọ ""movies",refutes,refutes,refutes,True
afrifact_data_culture_hausa_599,hausa,Sheikh Qaribullah ya auri mata biyu yana da shekaru ashirin da biyu.,"A ƙarƙashin mulkin Gowon ne masu fafutukar neman ficewa daga Najeriya daga al'umman ibo ƙarkashin jagorancin shugaban su don ƙasar Biafara suka janyo yakin basasa tsakanin gwamnatin Najeriya da kuma mutanen , inda gwamnatin Gowon ɗin tafito ta yaƙesu har sai da suka miƙa wuya.",afrifact_data_culture_hausa_029,supports,"A ƙarƙashin mulkin Gowon ne masu fafutukar neman ficewa daga Najeriya daga al'umman ibo ƙarkashin jagorancin shugaban su don ƙasar Biafara suka janyo yakin basasa tsakanin gwamnatin Najeriya da kuma mutanen , inda gwamnatin Gowon ɗin tafito ta yaƙesu har sai da suka miƙa wuya.",nei,nei,nei,True
afrifact_data_culture_yoruba_757,yoruba,Ìṣẹ̀lẹ̀ apànìyàn yìí wáyé ní ìlú Ìjẹ̀ṣà ní Ìdómínàà ní pàtó.,"Oluwo tun n sọ kaakiri pe igbesẹ ti awọn lọbalọba gbe naa ko kan oun tori oun si n jọba lọ ni, ti Oluwo ko si gba alaafia laaye lori aawọ naa, oun ko si lee gba ko fi iya jẹ oun gbe. ""Ẹni ti iya ba jẹ ko ni dakẹ, mo ti sọ funle ẹjọ pe ko se ẹtọ ati igbesẹ to daa lori iya ti Oluwo fi jẹ mi, amọ to pada sọ pe ko si ija kankan laarin wa.",afrifact_data_culture_yoruba_192,supports,"Oluwo tun n sọ kaakiri pe igbesẹ ti awọn lọbalọba gbe naa ko kan oun tori oun si n jọba lọ ni, ti Oluwo ko si gba alaafia laaye lori aawọ naa, oun ko si lee gba ko fi iya jẹ oun gbe. ""Ẹni ti iya ba jẹ ko ni dakẹ, mo ti sọ funle ẹjọ pe ko se ẹtọ ati igbesẹ to daa lori iya ti Oluwo fi jẹ mi, amọ to pada sọ pe ko si ija kankan laarin wa.",nei,supports,supports,False
afrifact_data_culture_yoruba_414,yoruba,Boko Haram ni wọ́n dá sílẹ̀ láti jẹ́ ẹgbẹ́ tí kì í ṣe oníwàhálà pẹ̀lú àfojúsùn láti ṣe àfọ̀mọ́ ìlànà ẹ̀sìn Islam ní ẹ̀kun Àríwá orílẹ̀-èdè Nàìjíríà.,Tí a bá ń sọ̀rọ̀ nípa ojúlówó àwọn ni ilẹ̀ Yorùbá òde-òní ìjẹ̀sa jẹ́ ọ̀kan pàtàkì lára ojúlówó ọmọ Yorùbá tí kò se fí ọwọ́ rọ́ sẹ́yìn nínú ìtàn àwọn Yorùbá. Oríìsíìsí ìtàn ni a sì gbọ́ nípa orírun gẹ́gẹ́ bí ojúlówó Yorùbá kó dà a ti lè gbọ́ wí pé olórí àwọn Ìjẹ̀sà jẹ òkan lára àwọn ọmọ méjèje tí Odùduwà bí.,afrifact_data_culture_yoruba_760,nei,Tí a bá ń sọ̀rọ̀ nípa ojúlówó àwọn ni ilẹ̀ Yorùbá òde-òní ìjẹ̀sa jẹ́ ọ̀kan pàtàkì lára ojúlówó ọmọ Yorùbá tí kò se fí ọwọ́ rọ́ sẹ́yìn nínú ìtàn àwọn Yorùbá. Oríìsíìsí ìtàn ni a sì gbọ́ nípa orírun gẹ́gẹ́ bí ojúlówó Yorùbá kó dà a ti lè gbọ́ wí pé olórí àwọn Ìjẹ̀sà jẹ òkan lára àwọn ọmọ méjèje tí Odùduwà bí.,supports,refutes,refutes,False
afrifact_data_culture_yoruba_719,yoruba,"Nígbà ìbárà yìí,  àwọn láàárín Ìjẹ̀bú máa gbé oúnjẹ wá láti gba iyọ̀. ","O ni Amọtẹkun ko waye lati rọpo awọn ileeṣẹ aabo to n bẹ nilẹ tẹlẹ, ṣugbọn yoo ṣiṣẹ papọ pẹlu awọn ẹṣọ aabo to ku, ki eto naa le kẹsẹjari. O ṣe afikun ọrọ wi pe, gbogbo awọn aṣoju Amọtẹkun ni yoo maa ṣe amojuto awọn agbegbe kọọkan pẹlu oye ede ati aṣa awọn agbegbe naa. Fayẹmi ṣe alaye wi pe, Amọtẹkun ipinlẹ kọọkan ni yoo maa mojuto ipinlẹ ti wọn pin wọn si lai rekọja lọ si ipinlẹ mii, ayafi ti iṣẹlẹ pajawiri ba waye.",afrifact_data_culture_yoruba_220,nei,"O ni Amọtẹkun ko waye lati rọpo awọn ileeṣẹ aabo to n bẹ nilẹ tẹlẹ, ṣugbọn yoo ṣiṣẹ papọ pẹlu awọn ẹṣọ aabo to ku, ki eto naa le kẹsẹjari. O ṣe afikun ọrọ wi pe, gbogbo awọn aṣoju Amọtẹkun ni yoo maa ṣe amojuto awọn agbegbe kọọkan pẹlu oye ede ati aṣa awọn agbegbe naa. Fayẹmi ṣe alaye wi pe, Amọtẹkun ipinlẹ kọọkan ni yoo maa mojuto ipinlẹ ti wọn pin wọn si lai rekọja lọ si ipinlẹ mii, ayafi ti iṣẹlẹ pajawiri ba waye.",supports,supports,supports,True
afrifact_data_culture_hausa_371,hausa,Bikin Argungu yana da tarihi tun daga 1934 kuma yana da muhimmanci ga tattalin arziki da al’ummar yankin.,"Kwanaki kadan kafin fara gasar cin Kofin kasashen Afirka ta 2010, tawagar kasar Togo tana cikin shauki. Sun dawo cikin gasar bayan da suka gaza shiga a 2008, suna kokarin karawa da wasu daga cikin manyan tawagogi a gasar.",afrifact_data_culture_hausa_746,nei,"Kwanaki kadan kafin fara gasar cin Kofin kasashen Afirka ta 2010, tawagar kasar Togo tana cikin shauki. Sun dawo cikin gasar bayan da suka gaza shiga a 2008, suna kokarin karawa da wasu daga cikin manyan tawagogi a gasar.",supports,nei,nei,False
afrifact_data_culture_yoruba_217,yoruba,Kìkìdá àwọn akẹ́kọ̀ọ́ tí wọ́n bá wúlò fún àwọn olùkọ wọn ni olùkọ́ yóò rántí wọn lákòókò tí wọ́n bá nílò wọn.,"Tí a bá sọ̀rọ̀ nípa àwọn tí ó wà ní abẹ́ Ìjẹ̀sà, ọ̀pọ̀lọpọ̀ ìlú ni a lè rí tọ́kasí lábẹ́ wọn. Lára àwọn ìlú wọ̀nyí ní a tí rí ìlú ńláńlá àti kékeré. Àwọn ìlú naa nì wọ̀nyí (1) Ìpólé (2) Ìrógbó (3) Ìwukùn (4) Ìbòdì (5) Ìtapá (6) Òdò (7) Olówu (8) Ìperindó (9) Ìlokò (10) Ìwáráya (11) Ìsè-Ìjẹ̀sà (12) Ìlérín (13) Ìjẹ̀bú- Jẹ̀sà (14) Ìpetu- jẹ̀sà (15) Èrìn –Ìjèsà (16) Ìdómínàà (17) Ìlásè (18) Ìlówá (19) Ìkíyìnwá (20) Ifẹ̀wàrà (21) Èsà-òkè (22) Èsà-odò (23) Ìbòkun (24) Òtan-ilé (25) Ìmèsí-ilé (26) Òsú (27) Ìpetu-ilé (28) Ìlàrè (29) Ìlayè (30) Ìtagúnmodu (31) Mogbàrà (32) Òmò (33) Ìgángán (34) Ilésà gan-an (35) Ẹ̀rìnmọ̀ Ìjẹ̀sà",afrifact_data_culture_yoruba_759,supports,"Tí a bá sọ̀rọ̀ nípa àwọn tí ó wà ní abẹ́ Ìjẹ̀sà, ọ̀pọ̀lọpọ̀ ìlú ni a lè rí tọ́kasí lábẹ́ wọn. Lára àwọn ìlú wọ̀nyí ní a tí rí ìlú ńláńlá àti kékeré. Àwọn ìlú naa nì wọ̀nyí (1) Ìpólé (2) Ìrógbó (3) Ìwukùn (4) Ìbòdì (5) Ìtapá (6) Òdò (7) Olówu (8) Ìperindó (9) Ìlokò (10) Ìwáráya (11) Ìsè-Ìjẹ̀sà (12) Ìlérín (13) Ìjẹ̀bú- Jẹ̀sà (14) Ìpetu- jẹ̀sà (15) Èrìn –Ìjèsà (16) Ìdómínàà (17) Ìlásè (18) Ìlówá (19) Ìkíyìnwá (20) Ifẹ̀wàrà (21) Èsà-òkè (22) Èsà-odò (23) Ìbòkun (24) Òtan-ilé (25) Ìmèsí-ilé (26) Òsú (27) Ìpetu-ilé (28) Ìlàrè (29) Ìlayè (30) Ìtagúnmodu (31) Mogbàrà (32) Òmò (33) Ìgángán (34) Ilésà gan-an (35) Ẹ̀rìnmọ̀ Ìjẹ̀sà",nei,supports,supports,False
afrifact_data_culture_yoruba_034,yoruba,"Mínísítà sọ pé ó dára kí á pa àgọ́ mẹ́ta, ṣùgbọ́n a ò ní fún Daud àti Lọ́ládé ni ọ̀kankan.","Ni Naijiria, bo tilẹ jẹ ọpọ ibi tawọn obinrin lee foripamọ si ti di titi pa nitori ofin konile-o-gbele, awọn eeyan kan ṣi n ran awọn obinrin lọwọ lati gbawọn la kuro lọwọ ọkọ oniwa ipa. Ṣugbọn adari ile tawọn obinrin Kenya le fori pamọ si julọ, Nana Sunnu ni wọn kole gba ẹnikẹni bayii nitori ajakalẹ arun to wa lode, ati pe ibi tawọn eeyan le gbe fun anfani idanikan wa ko to nkan.",afrifact_data_culture_yoruba_020,refutes,"Ni Naijiria, bo tilẹ jẹ ọpọ ibi tawọn obinrin lee foripamọ si ti di titi pa nitori ofin konile-o-gbele, awọn eeyan kan ṣi n ran awọn obinrin lọwọ lati gbawọn la kuro lọwọ ọkọ oniwa ipa. Ṣugbọn adari ile tawọn obinrin Kenya le fori pamọ si julọ, Nana Sunnu ni wọn kole gba ẹnikẹni bayii nitori ajakalẹ arun to wa lode, ati pe ibi tawọn eeyan le gbe fun anfani idanikan wa ko to nkan.",nei,supports,supports,False
afrifact_data_culture_igbo_707,igbo,Mary Udumeke na-agba mbọ na styeeti Anambra ịhụ na a kwụsịrị ibi ụmụ nwaanyị ugwu.,Ndị bi na ya bụ ọdịbendị Igbo dị iche iche na ndị na-asụ dị iche iche: 307 : 315,afrifact_data_culture_igbo_146,supports,Ndị bi na ya bụ ọdịbendị Igbo dị iche iche na ndị na-asụ dị iche iche: 307 : 315,refutes,nei,nei,False
afrifact_data_culture_yoruba_442,yoruba,"Roqeeb Aderogba ní ìgbà mẹ́fà ọ̀tọ̀ọ̀tọ̀ ni òun kùnà láti ṣe dírónù, kó tó yege","Atẹjade kan ti ẹgbẹ APC fisita lori isẹlẹ naa lọjọ Ẹti, eyi ti akọwe ipolongo rẹ, Ọmọọba Ayọbami Adejumọ fisita ni iwa aimọ ojuse ẹni to tii buru julọ ni Makinde hu. APC ni ko dara bi gomina Makinde se kọ jalẹ pe kii se ikọ to kọwọrin tẹle oun lẹyin, lọ se ipolongo ibo lo pa ọmọ naa, nigba ti iwadi ti fihan pe, ọkan lara awakọ awọn alatilẹyin gomina to tẹle lọ silu naa, lo huwa ibi yii. ""Ọkan lara awọn to tẹle Seyi Makinde lẹyin, to n wa mọto laibikita lati da ibẹru sọkan aya ara ilu, lo fi ọkọ pa smọdebinrin naa.",afrifact_data_culture_yoruba_533,refutes,"Atẹjade kan ti ẹgbẹ APC fisita lori isẹlẹ naa lọjọ Ẹti, eyi ti akọwe ipolongo rẹ, Ọmọọba Ayọbami Adejumọ fisita ni iwa aimọ ojuse ẹni to tii buru julọ ni Makinde hu. APC ni ko dara bi gomina Makinde se kọ jalẹ pe kii se ikọ to kọwọrin tẹle oun lẹyin, lọ se ipolongo ibo lo pa ọmọ naa, nigba ti iwadi ti fihan pe, ọkan lara awakọ awọn alatilẹyin gomina to tẹle lọ silu naa, lo huwa ibi yii. ""Ọkan lara awọn to tẹle Seyi Makinde lẹyin, to n wa mọto laibikita lati da ibẹru sọkan aya ara ilu, lo fi ọkọ pa smọdebinrin naa.",nei,refutes,refutes,False
afrifact_data_culture_igbo_299,igbo,"Na 1957, Ozumba Mbadiwe weere ọkwa dịka ọka ikpe n'ụlọ ike kacha elu nke Naịjirịa. ","Minista na-ahụ maka mgbasa ozi bụ Lai Mohammed ekwuola na mba Niger nakwa Benin ebidobeghị nleba anya na nsogbu butere mgbachi okeala Naịjirịa na mba ndị ọzọ. Mohammed kwuru na ngwa ahịa na ndị mbịara mbịara anwụchiri n'okeala ahụ emere mgbachi gosiri nke a. O kọwara nke a dịka ọ gara njem nleta na okeala Seme ịhụta etu ihe si aga. ""Mgbachi oke ala a emeela ka osikapa si mba ofesi kwụsị ịbata ala anyị"" ka o kwuru. ",afrifact_data_culture_igbo_584,supports,"Minista na-ahụ maka mgbasa ozi bụ Lai Mohammed ekwuola na mba Niger nakwa Benin ebidobeghị nleba anya na nsogbu butere mgbachi okeala Naịjirịa na mba ndị ọzọ. Mohammed kwuru na ngwa ahịa na ndị mbịara mbịara anwụchiri n'okeala ahụ emere mgbachi gosiri nke a. O kọwara nke a dịka ọ gara njem nleta na okeala Seme ịhụta etu ihe si aga. ""Mgbachi oke ala a emeela ka osikapa si mba ofesi kwụsị ịbata ala anyị"" ka o kwuru. ",refutes,nei,nei,False
afrifact_data_culture_hausa_488,hausa,Mutane da dama sunyi alhinin mutuwar Muhammad Auwal Albaniy Zariya.,"Mun duba mafiya shahara daga ckinsu kamar haka: Mutuwar babban jami'in gwamnati a Najeriya Waɗanda suka halarci jana'izar Abba Kyari ba su bi ƙa'idojin bayar da tazara ba A Najeriya, annobar korona ta shiga har fadar Gwamnatin Tarayya.",afrifact_data_culture_hausa_685,refutes,"Mun duba mafiya shahara daga ckinsu kamar haka: Mutuwar babban jami'in gwamnati a Najeriya Waɗanda suka halarci jana'izar Abba Kyari ba su bi ƙa'idojin bayar da tazara ba A Najeriya, annobar korona ta shiga har fadar Gwamnatin Tarayya.",nei,refutes,refutes,False
afrifact_data_culture_hausa_019,hausa,Hatsarin mota ne yayi sanadiyyar mutuwar Murtala Muhammad a Legas.,"Buhari ya lashe zaɓen, inda ya kayar da shugaban ƙasa mai ci Goodluck Ebele Jonathan. Wannan shi ne karo na farko a tarihin Najeriya da shugaban ƙasa mai ci ya sha kaye a zaɓen tazarce.",afrifact_data_culture_hausa_003,nei,"Buhari ya lashe zaɓen, inda ya kayar da shugaban ƙasa mai ci Goodluck Ebele Jonathan. Wannan shi ne karo na farko a tarihin Najeriya da shugaban ƙasa mai ci ya sha kaye a zaɓen tazarce.",refutes,nei,nei,False
afrifact_data_culture_igbo_290,igbo,"Linnaeus bụ onye kewara unere n'ụdị abụọ, nke gụnyere Musa paradisiaca na Musa sapientum.","Aka ndị uweojii akparala ofu onye otu ha ji egbe gbagbuo otu nwata nwaokorobịa na mpaghara Legọs Aịland ụbọchị Fraịde. Onye uweojii a aha ya bụ Lukmon Akanbi na nwaokorobịa aha ya bụ Ramon Adeniyi nwere obere nghọtahie o wee mịrị egbe gbatuo ya. Bala Elkana bụ ọnụ na-ekwuru ndị uweojii na Legọs kwuru na e kpeela Akanbi ikpe imeụlọ dịka iwu ndị uweojii sị dị, wee chụọ ya n'ọrụ.",afrifact_data_culture_igbo_729,nei,"Aka ndị uweojii akparala ofu onye otu ha ji egbe gbagbuo otu nwata nwaokorobịa na mpaghara Legọs Aịland ụbọchị Fraịde. Onye uweojii a aha ya bụ Lukmon Akanbi na nwaokorobịa aha ya bụ Ramon Adeniyi nwere obere nghọtahie o wee mịrị egbe gbatuo ya. Bala Elkana bụ ọnụ na-ekwuru ndị uweojii na Legọs kwuru na e kpeela Akanbi ikpe imeụlọ dịka iwu ndị uweojii sị dị, wee chụọ ya n'ọrụ.",supports,nei,nei,False
afrifact_data_culture_hausa_771,hausa,Sheikh Abdullahi Uwais sannan likitan zuciya ne a garin Kano.,"Farfesa Isah Ali Ibrahim Pantami ya zama ministan tun bayan sake babban zaɓen shugaban ƙasa na shekarar dubu biyu da goma sha tara (2019), bayan da ya yi nasara.",afrifact_data_culture_hausa_541,refutes,"Farfesa Isah Ali Ibrahim Pantami ya zama ministan tun bayan sake babban zaɓen shugaban ƙasa na shekarar dubu biyu da goma sha tara (2019), bayan da ya yi nasara.",nei,nei,nei,True
afrifact_data_culture_igbo_489,igbo,Peter Obi na-enye ụlọakwukwọ dị iche iche onyinye ego kwa mgbe,"O nwere ihe ọjọọ dị na inyobanye anya n'okwu gbasaara ịta amụsụ? Otu jikọrọ ndị ụka ọgbara ọhụrụ a kpọrọ 'Pentecostal Fellowship of Nigeria (PFN)' buru agha ekpere abalị abụọ iji kagbuo ọgbakọ ahụ. Dịka onyeisi PFN n'Enugwu steeti bụ Bishọp Godwin Madu siri kwuo n'akwụkwọ mgbasaozi o wepụtara, o kwuru na ha agaghị anọrọ gba nkịtị ewere steeti ahụ nyefee n'aka ndị amusu. ",afrifact_data_culture_igbo_587,refutes,"O nwere ihe ọjọọ dị na inyobanye anya n'okwu gbasaara ịta amụsụ? Otu jikọrọ ndị ụka ọgbara ọhụrụ a kpọrọ 'Pentecostal Fellowship of Nigeria (PFN)' buru agha ekpere abalị abụọ iji kagbuo ọgbakọ ahụ. Dịka onyeisi PFN n'Enugwu steeti bụ Bishọp Godwin Madu siri kwuo n'akwụkwọ mgbasaozi o wepụtara, o kwuru na ha agaghị anọrọ gba nkịtị ewere steeti ahụ nyefee n'aka ndị amusu. ",nei,refutes,refutes,False
afrifact_data_culture_yoruba_464,yoruba,Ìròyìn fi lélè pé ìyanṣẹ́lódí náa yóò wá sópin nítorí àwọn ọmọ ẹgbẹ́ ASUU tí gba ohun tí ìjọba fi lélẹ̀.,"Adetutu fi kun pe, o de asiko kan, ti oun lọ ba awọn obi oun lati mọ idi ti wọn se kọ oun ni ila, amọ alaye wọn ni pe ara asa ilẹ Yoruba ni ila kikọ, eyi ti yoo bu kun ẹwa oun. O tun sọ siwaju pe ọpọ awọn alejo to ba ri oun ni wọn maa n sọ pe oun burẹwa, toun ba si n rin lọ loju popo nigba miran, awọn eeyan maa n fa oun sẹyin pe oun burẹwa, amọ ti awọn eeyan miran maa n gbeja oun. Koda, ila kikọ yii ni Adetutu sọ pe o tun mu ki baba ọmọ oun kọ oun silẹ, nitori pe oju maa n tii lati ba oun rin loju popo. ""Ara idi ti baba ọmọ mi fi kọ mi silẹ ni pe ko fẹ maa fi mi han loju taye. O si ni alẹ ni ki a maa pade. A pade ni ikọkọ fun osu diẹ lọdun 2008, ti mo si loyun lọdun 2009. Obinrin ni mo bi fun-un, ti yoo si pe ọdun mẹsan laipẹ."" Adetutu ni oun ro pe oun ni oun burẹwa julọ ni gbogbo agbaye, toun ko si fẹ ni ajọsepọ pẹlu ọkunrin kankan mọ tori alẹ nikan ni wọn fẹ maa ba oun jade. Koda o ni ọkan tiẹ wa, ti oun ba jade fun ọdun meji, gbedeke to si fi lelẹ ni pe alẹ ni awọn yoo maa pade, ti oun si fara daa, toripe ọmọ ọdun mẹrin ni oun wa, ti iya oun fi ku, ajọ alaanu kan si lo wo oun dagba.",afrifact_data_culture_yoruba_385,nei,"Adetutu fi kun pe, o de asiko kan, ti oun lọ ba awọn obi oun lati mọ idi ti wọn se kọ oun ni ila, amọ alaye wọn ni pe ara asa ilẹ Yoruba ni ila kikọ, eyi ti yoo bu kun ẹwa oun. O tun sọ siwaju pe ọpọ awọn alejo to ba ri oun ni wọn maa n sọ pe oun burẹwa, toun ba si n rin lọ loju popo nigba miran, awọn eeyan maa n fa oun sẹyin pe oun burẹwa, amọ ti awọn eeyan miran maa n gbeja oun. Koda, ila kikọ yii ni Adetutu sọ pe o tun mu ki baba ọmọ oun kọ oun silẹ, nitori pe oju maa n tii lati ba oun rin loju popo. ""Ara idi ti baba ọmọ mi fi kọ mi silẹ ni pe ko fẹ maa fi mi han loju taye. O si ni alẹ ni ki a maa pade. A pade ni ikọkọ fun osu diẹ lọdun 2008, ti mo si loyun lọdun 2009. Obinrin ni mo bi fun-un, ti yoo si pe ọdun mẹsan laipẹ."" Adetutu ni oun ro pe oun ni oun burẹwa julọ ni gbogbo agbaye, toun ko si fẹ ni ajọsepọ pẹlu ọkunrin kankan mọ tori alẹ nikan ni wọn fẹ maa ba oun jade. Koda o ni ọkan tiẹ wa, ti oun ba jade fun ọdun meji, gbedeke to si fi lelẹ ni pe alẹ ni awọn yoo maa pade, ti oun si fara daa, toripe ọmọ ọdun mẹrin ni oun wa, ti iya oun fi ku, ajọ alaanu kan si lo wo oun dagba.",refutes,refutes,refutes,True
afrifact_data_culture_hausa_624,hausa,Mamman Shata yana ɗaya daga cikin manyan mawaƙan da aka sani a ƙasashe da dama. 'Yan Arewa Ku Bar Barci na ɗaya daga cikin waƙoƙin Shata.,"Al'adar Hausawa ce inda ango ke siyan kayan amfani masu kyau da tsada a matsayin wata babbar kyauta da zai bawa amaryarsa. Wadannan kyaututtukan ango na gama sayen sune kafin Auren shi, bayan sun gama kammaluwa, sai iyayen Ango kama daga Inna, Gwaggonninsa da sauran su, mata ne suke kai kayan gidan Amarya, Ita kuma Amarya sai iyayen ta mata su karba kayan su dan ba iyayen Ango abinci da dan tukuici. ",afrifact_data_culture_hausa_388,nei,"Al'adar Hausawa ce inda ango ke siyan kayan amfani masu kyau da tsada a matsayin wata babbar kyauta da zai bawa amaryarsa. Wadannan kyaututtukan ango na gama sayen sune kafin Auren shi, bayan sun gama kammaluwa, sai iyayen Ango kama daga Inna, Gwaggonninsa da sauran su, mata ne suke kai kayan gidan Amarya, Ita kuma Amarya sai iyayen ta mata su karba kayan su dan ba iyayen Ango abinci da dan tukuici. ",supports,supports,supports,True
afrifact_data_culture_hausa_137,hausa,Hukumar EFCC ta tuhumi Sule Lamido bisa satar kuɗin gwamnati a shekarar 2015.,"Don ci ko amfanin yau da kullum, amma dai ko wane jinsi ko ire-iren al'umma suna ta'ammali da shinkafa a dukkanin fadin duniya.Don kuwa shinkafa ta fi kowane nau'in abinci shahara a duniya. Nau'in shinkafa kala daban daban An kawo nau'ikan shinkafa da yawa don inganta ingancin amfanin gona.",afrifact_data_culture_hausa_298,refutes,"Don ci ko amfanin yau da kullum, amma dai ko wane jinsi ko ire-iren al'umma suna ta'ammali da shinkafa a dukkanin fadin duniya.Don kuwa shinkafa ta fi kowane nau'in abinci shahara a duniya. Nau'in shinkafa kala daban daban An kawo nau'ikan shinkafa da yawa don inganta ingancin amfanin gona.",supports,nei,nei,False
afrifact_data_culture_hausa_463,hausa,Ma su arziƙi za su iya karɓar zakka don su ƙara jari.,"Sanya hijabi da wajibi ne ba wai ra'ayi bane, Allah ne da kanshi ya wajabta wa matan Musulmi sanya shi. matan musulmi sanye da hijabi hijab da niqab Tabbas Hijabi wajibi ne ga ko wace Musulma kuma a ko wane zamani ne, saboda haka dan'uwa mata musamman ƴan'mata da zawarawa da matan da duk wata Musulma balagaggiya mai hankali sai ku kula hijabi ba ado bane a'a addini ne ya zo dashi, Allah shine ya wajabta maku shi kada ku biye zamani ku halaka, wata babbar fitina da mata suke gani kamar ba komai bace, itace barin gashin kansu a waje, kisani idan kika bar gashin kanki a waje kika fita ko kika bari ajnabiyyin ki ya gani kina cikin azabar Allah sai dai idan kin tuba.",afrifact_data_culture_hausa_662,nei,"Sanya hijabi da wajibi ne ba wai ra'ayi bane, Allah ne da kanshi ya wajabta wa matan Musulmi sanya shi. matan musulmi sanye da hijabi hijab da niqab Tabbas Hijabi wajibi ne ga ko wace Musulma kuma a ko wane zamani ne, saboda haka dan'uwa mata musamman ƴan'mata da zawarawa da matan da duk wata Musulma balagaggiya mai hankali sai ku kula hijabi ba ado bane a'a addini ne ya zo dashi, Allah shine ya wajabta maku shi kada ku biye zamani ku halaka, wata babbar fitina da mata suke gani kamar ba komai bace, itace barin gashin kansu a waje, kisani idan kika bar gashin kanki a waje kika fita ko kika bari ajnabiyyin ki ya gani kina cikin azabar Allah sai dai idan kin tuba.",refutes,supports,supports,False
afrifact_data_culture_hausa_239,hausa,An gina kasuwar kurmi a cikin gundumar Jakara.,"Allah ya wajabta aikin hajji ga dukkan musulmin da Allah ya hore masa lafiya ta jiki da kuma amintacciyar hanya da kuma wadataccen guzuri, tare da samun muharrami ga wadda take mace ce ita.",afrifact_data_culture_hausa_451,refutes,"Allah ya wajabta aikin hajji ga dukkan musulmin da Allah ya hore masa lafiya ta jiki da kuma amintacciyar hanya da kuma wadataccen guzuri, tare da samun muharrami ga wadda take mace ce ita.",supports,nei,nei,False
afrifact_data_culture_igbo_240,igbo,Edochie bụ onye Katọlik.,"Idemịlị South local government area of Nigeria mba/obodo dị na ngalaba nhazi mpaghara dị na mpaghara oge UTC+01:00 nhazi ọnọdụ , ọdịdị isi ụlọ ọrụ Ojoto webụsaịtị Idemili South bụ ọchịchị di n'me obodo na steeti , South-East .",afrifact_data_culture_igbo_118,refutes,"Idemịlị South local government area of Nigeria mba/obodo dị na ngalaba nhazi mpaghara dị na mpaghara oge UTC+01:00 nhazi ọnọdụ , ọdịdị isi ụlọ ọrụ Ojoto webụsaịtị Idemili South bụ ọchịchị di n'me obodo na steeti , South-East .",supports,nei,nei,False
afrifact_data_culture_igbo_202,igbo,Ndị ntọrị ga-enwetarịrị ụgwọ ọrụ ha.,"N'ihi akụkọ ihe mere eme na ọdịdị ala Asaba, na mmetụta ndọrọ ndọrọ ọchịchị na akụ na ụba dị ugbu a na Naijiria, a maara Asaba dị ka isi obodo mpaghara nke mpaghara na ndị ya",afrifact_data_culture_igbo_011,refutes,"N'ihi akụkọ ihe mere eme na ọdịdị ala Asaba, na mmetụta ndọrọ ndọrọ ọchịchị na akụ na ụba dị ugbu a na Naijiria, a maara Asaba dị ka isi obodo mpaghara nke mpaghara na ndị ya",nei,supports,supports,False
afrifact_data_culture_hausa_397,hausa,Rabe-raben musulmi bai haifar da faruwar Shi’anci nan take ba.,"Domin ya kau-da duk wasu gine gine da akayi ba bisa ka’ida ba, ciki kuwa harda gidan matar shugaban kasa marigayiya Stella Obasanjo da gidan shugaban PDP na wannan lokacin Sanata Amadu Ali da wasu manya manyan kusoshin gwamnati a wancan lokacin.",afrifact_data_culture_hausa_095,supports,"Domin ya kau-da duk wasu gine gine da akayi ba bisa ka’ida ba, ciki kuwa harda gidan matar shugaban kasa marigayiya Stella Obasanjo da gidan shugaban PDP na wannan lokacin Sanata Amadu Ali da wasu manya manyan kusoshin gwamnati a wancan lokacin.",refutes,refutes,refutes,True
afrifact_data_culture_hausa_165,hausa,Jihar Zamfara na fama da matsalar tsaro da har yanzu gwamnati ta kasa magancewa.,"An zaɓi Rabiu musa Kwankwaso a matsayin gwamnan a shekara ta( 1999), ƙarƙashin jam'iyyar( PDP), har zuwa shekara ta( 2003)",afrifact_data_culture_hausa_073,refutes,"An zaɓi Rabiu musa Kwankwaso a matsayin gwamnan a shekara ta( 1999), ƙarƙashin jam'iyyar( PDP), har zuwa shekara ta( 2003)",nei,supports,supports,False
afrifact_data_culture_igbo_507,igbo,"Agbụrụ ndị Yoroba nwere alụsi ha na-akpọ Sango, bụ nke ha hụrụ ka chi siri ike.","Igbo haịlaịf bụ egwu ọgbara ọhụrụ nkenụụdị nke kpokọtara haịlaịf na egwu ọdịnaala Igbo ọnụ. Ọ malitere mbụ na mpaghara ndịda ọwụwa anyanwụ nke Naịjirịa, n'oge 1950.",afrifact_data_culture_igbo_408,supports,"Igbo haịlaịf bụ egwu ọgbara ọhụrụ nkenụụdị nke kpokọtara haịlaịf na egwu ọdịnaala Igbo ọnụ. Ọ malitere mbụ na mpaghara ndịda ọwụwa anyanwụ nke Naịjirịa, n'oge 1950.",nei,nei,nei,True
afrifact_data_culture_igbo_197,igbo,Akụkọ a ma ama na-ekwu na-ekwu na onye atọ a mara nke ọma n'Akwete bụ Dada Nwakata,"N'abalị itoolu n'ọnwa Eprel afọ 2022, Amaechi kwupụtara mmasị ya ịzọ ọkwa onye isi ala n'afọ 2023, ọ bịara onye nke abụọ na ntuliaka onye isi ala nke APC nke e mere n'ọnwa June afọ 2022 n'azụ na votu narị atọ na iri na isii site n'aka ndị nnọchiteanya",afrifact_data_culture_igbo_394,nei,"N'abalị itoolu n'ọnwa Eprel afọ 2022, Amaechi kwupụtara mmasị ya ịzọ ọkwa onye isi ala n'afọ 2023, ọ bịara onye nke abụọ na ntuliaka onye isi ala nke APC nke e mere n'ọnwa June afọ 2022 n'azụ na votu narị atọ na iri na isii site n'aka ndị nnọchiteanya",refutes,refutes,refutes,True
afrifact_data_culture_yoruba_168,yoruba,"Agbábọ́ọ̀lù ọwọ́ ẹ̀yìn ni Táyé Taiwò, ó sì gbá bọ́ọ̀lù fún ikọ̀ orílẹ̀-èdè Nigeria.","Muhammadu Buhari (tí wọ́n bí ní Ọjọ́ ketàdínlógún, Oṣù Kejìlá Odún 1942 o si ku ni Oṣu Keje ọjọ 13, Ọdun 2025) olóṣèlú tí ó jẹ́ Ààrẹ orílè-èdè láàrin ọdún 2015 sí ọdún 2023. Ó lo ṣáà àkọ́kọ́ rẹ̀ láàrin odún 2015 sí 2019 àti kejì láàrin ọdún 2019 sí 2023 .",afrifact_data_culture_yoruba_701,refutes,"Muhammadu Buhari (tí wọ́n bí ní Ọjọ́ ketàdínlógún, Oṣù Kejìlá Odún 1942 o si ku ni Oṣu Keje ọjọ 13, Ọdun 2025) olóṣèlú tí ó jẹ́ Ààrẹ orílè-èdè láàrin ọdún 2015 sí ọdún 2023. Ó lo ṣáà àkọ́kọ́ rẹ̀ láàrin odún 2015 sí 2019 àti kejì láàrin ọdún 2019 sí 2023 .",supports,nei,nei,False
afrifact_data_culture_igbo_229,igbo,Site na nkwado ndị PDP mere Obaseki ji bụrụ gọvanọ Edo steeti.,"Nye ụfọdụ ụmụnwaanyị, mkpụrụ ụbọchị atọ ruo ise ahụ ha na-ahụ nsọ ha na-adị ka ọkụmmụọ n'ihi ihe ha na-eji anya ha ahụ. Ụfọdụ na-anọ na mgbakasị ahụ nke bụ na ị gwa ya ofu okwu ọ bakasịara gị ahị (ihe ọ naghị emekarị), ebe ụfọdụ anaghị enweta onwe ha n'ihi ụdịrị ahụ ụfụ ha na-anọ n'ime ya. Mana dịka ikwu na ibe, enyi, onye ọrụ nakwa onye ya na nwaanyị na-ahụ nsọ ya nwere mmekọ n'ụzọ dị iche iche, kedụ ihe ndị ị ga-emere ya iji nyere ọnọdụ ya aka?",afrifact_data_culture_igbo_771,nei,"Nye ụfọdụ ụmụnwaanyị, mkpụrụ ụbọchị atọ ruo ise ahụ ha na-ahụ nsọ ha na-adị ka ọkụmmụọ n'ihi ihe ha na-eji anya ha ahụ. Ụfọdụ na-anọ na mgbakasị ahụ nke bụ na ị gwa ya ofu okwu ọ bakasịara gị ahị (ihe ọ naghị emekarị), ebe ụfọdụ anaghị enweta onwe ha n'ihi ụdịrị ahụ ụfụ ha na-anọ n'ime ya. Mana dịka ikwu na ibe, enyi, onye ọrụ nakwa onye ya na nwaanyị na-ahụ nsọ ya nwere mmekọ n'ụzọ dị iche iche, kedụ ihe ndị ị ga-emere ya iji nyere ọnọdụ ya aka?",supports,nei,nei,False
afrifact_data_culture_yoruba_413,yoruba,Ìjọba Buhari ti ṣẹ́gun ogun Boko Haram pátá ní orílẹ̀-èdè Nàìjíríà.,"Ṣùgbọ́n gbogbo bẹ́líìtì àmìn ẹ̀yẹ yìí ni Anthony Joshua gbà padà báyìí. Bákan náà, òun ni alámì ẹ̀yẹ tí British and Commonwealth Heavyweight láti ọdún 2014 sí 2016. Àwọn Ìtọ́kasí [ | ] Penn, Matt (2019-12-08).",afrifact_data_culture_yoruba_115,nei,"Ṣùgbọ́n gbogbo bẹ́líìtì àmìn ẹ̀yẹ yìí ni Anthony Joshua gbà padà báyìí. Bákan náà, òun ni alámì ẹ̀yẹ tí British and Commonwealth Heavyweight láti ọdún 2014 sí 2016. Àwọn Ìtọ́kasí [ | ] Penn, Matt (2019-12-08).",refutes,nei,nei,False
afrifact_data_culture_yoruba_388,yoruba,"Lọ́wọ́ lọ́wọ́ báyìí, oríire ti gbé aláwo ire ko Adetutu, nígbà tí gbajú-gbajà olórin kan ní ilẹ̀ Amerika, ìyẹn Rihanna ṣe fèsì sí ọ̀rọ̀ rẹ̀ láti bá ṣiṣẹ́ pọ̀.","Baba Ginimbi ati ẹgbọn baba rẹ, Sekuru Ginimbi wa lara awọn to sọrọ nibi isinku rẹ. Ambuya to jẹ mama mama rẹ nitori mama rẹ gangan ti ku loṣu kinni ọdun to lọ, ati Amai to jẹ aburo mama rẹ naa sọrọ nini isinku rẹ. Ẹgbọn lobinrin, Tete naa wa nibẹ, Mwana, Munkuru, Mukwesha, Muroora lawọn eeyan mii to tun wa nibi isinku Kadungure.",afrifact_data_culture_yoruba_084,supports,"Baba Ginimbi ati ẹgbọn baba rẹ, Sekuru Ginimbi wa lara awọn to sọrọ nibi isinku rẹ. Ambuya to jẹ mama mama rẹ nitori mama rẹ gangan ti ku loṣu kinni ọdun to lọ, ati Amai to jẹ aburo mama rẹ naa sọrọ nini isinku rẹ. Ẹgbọn lobinrin, Tete naa wa nibẹ, Mwana, Munkuru, Mukwesha, Muroora lawọn eeyan mii to tun wa nibi isinku Kadungure.",nei,nei,nei,True
afrifact_data_culture_yoruba_756,yoruba,"Ní àwọn orílẹ̀-èdè kọ̀ọ̀kan tí wọ́n máa ń din ọ̀gẹ̀dẹ̀, wọ́n máa ń ya àwọn ọ̀gẹ̀dẹ̀ yìí sọ́tọ̀ sí èyí tó wà fún jíjẹ.","Ṣèyí Mákindé jẹ́ gómìnà ìpínlẹ́ Ọ̀yọ́, à dìbọ̀ yan nì ọ̀dun 2019. Geography [ | ] Ìpínlẹ̀ Ọ̀yọ́ gbòòrò ní nǹkan bí 28,454 kìlómítà níbùúgbùú, ó sì wà ní ipò kẹrìnlá nípa ìtòbi.",afrifact_data_culture_yoruba_685,nei,"Ṣèyí Mákindé jẹ́ gómìnà ìpínlẹ́ Ọ̀yọ́, à dìbọ̀ yan nì ọ̀dun 2019. Geography [ | ] Ìpínlẹ̀ Ọ̀yọ́ gbòòrò ní nǹkan bí 28,454 kìlómítà níbùúgbùú, ó sì wà ní ipò kẹrìnlá nípa ìtòbi.",supports,supports,supports,True
afrifact_data_culture_hausa_230,hausa,Mata da yawa sun taru a kasuwar.,"Yahya Jammeh ya yi shekara 22 yana mulkin Gambiya ""Tsohon shugaban ba shi da lokacin da zai mayar da martani kan wadannan karerayi.",afrifact_data_culture_hausa_738,supports,"Yahya Jammeh ya yi shekara 22 yana mulkin Gambiya ""Tsohon shugaban ba shi da lokacin da zai mayar da martani kan wadannan karerayi.",nei,supports,supports,False
afrifact_data_culture_hausa_407,hausa,Al-Qur’ani shine littafin Allah na ƙarshe kuma an saukar da shi a harshen Larabci ta hannun annabi SAW.,"Tuwon masara Kayan haɗi Tarihi Asali Tuwan masara, abincin ne mai dadadden tarihi, kuma mafi akasarin 'yan kasar musamman 'yan Arewacin Nijeriya musamman ma Hausawa ke cin shi, akan ci shi ne da miyar kuka . Ana kuma matukar girmama shi tun daga karni na baya har zuwa yau ana amfani da wannan abincin.",afrifact_data_culture_hausa_262,refutes,"Tuwon masara Kayan haɗi Tarihi Asali Tuwan masara, abincin ne mai dadadden tarihi, kuma mafi akasarin 'yan kasar musamman 'yan Arewacin Nijeriya musamman ma Hausawa ke cin shi, akan ci shi ne da miyar kuka . Ana kuma matukar girmama shi tun daga karni na baya har zuwa yau ana amfani da wannan abincin.",supports,refutes,refutes,False
afrifact_data_culture_yoruba_180,yoruba,"Nínú ìgbàgbọ́ àwọn Yorùbá, wọ́n nígbàgbọ́ pé Olókun ni ìyá Ajé","Ní ìwọ̀-oòrùn , oríṣi gaari méjì ni ó wà, àwọn náà ni gaàrí funfun yẹ́lò. Gaàrí yẹ́lò jẹ́ èyí tí wọ́n fi epo pupa sí nígbà tí wọ́n bá ń yan án. Orílẹ̀-èdè àti ni a ti le rí funfun àti yẹ́lò. Irúfẹ́ Gaàrí funfun kan ni wọ́n ń pè ní Gaàrí-Ìjẹ̀bú . Èyí tí wọ́n máa ń ṣe ní ilẹ̀ lọ́dọ̀ àwọn ará ní orílẹ̀-èdè .",afrifact_data_culture_yoruba_554,refutes,"Ní ìwọ̀-oòrùn , oríṣi gaari méjì ni ó wà, àwọn náà ni gaàrí funfun yẹ́lò. Gaàrí yẹ́lò jẹ́ èyí tí wọ́n fi epo pupa sí nígbà tí wọ́n bá ń yan án. Orílẹ̀-èdè àti ni a ti le rí funfun àti yẹ́lò. Irúfẹ́ Gaàrí funfun kan ni wọ́n ń pè ní Gaàrí-Ìjẹ̀bú . Èyí tí wọ́n máa ń ṣe ní ilẹ̀ lọ́dọ̀ àwọn ará ní orílẹ̀-èdè .",supports,nei,nei,False
afrifact_data_culture_igbo_581,igbo,Ọ dịghị mkpa ka a kuziere ụmụaka otu e si akpata na otu e si emefu ego,"Ofo bu mkpara nke ndi ndu ahọpụtara bu - okachanjoi ndi ukochukwu, ndi eze, onyishi, na ufodu masquerader - nke gosiputara ikike, ikike inye iwu, ikike ochichi na/ma obu inye onye isi na ike nke chi di iche iche nyere.",afrifact_data_culture_igbo_438,supports,"Ofo bu mkpara nke ndi ndu ahọpụtara bu - okachanjoi ndi ukochukwu, ndi eze, onyishi, na ufodu masquerader - nke gosiputara ikike, ikike inye iwu, ikike ochichi na/ma obu inye onye isi na ike nke chi di iche iche nyere.",refutes,nei,nei,False
afrifact_data_culture_hausa_616,hausa,Mamma Shata shahararren makarancin alƙur'ani ne.,"Mamman Shata yana daya daga cikin Manyan mawakan da aka fi sani a kasashen da ma , kai har ma da duniya baki daya. Ya kasance mashahurin Mawaki, domin a fagen wakarsa ya shahara, Kasancewarsa a cikin wakar ba abin da ba zai iya yi wa waka ba idan ya ga dama. "" 'Yan Arewa Ku Bar Barci "" na daya daga cikin wakokinsa. Shata: 'Yan Arewa Ku Bar Barci, Najeriyarmu Akwai Dadi 'Yan Arewa a bar barci, Najeriyarmu akwai dadi. To! 'Yan Amshi: A a, 'Yan Arewa, a bar barci, Najeriyarmu, akwai dadi.",afrifact_data_culture_hausa_624,supports,"Mamman Shata yana daya daga cikin Manyan mawakan da aka fi sani a kasashen da ma , kai har ma da duniya baki daya. Ya kasance mashahurin Mawaki, domin a fagen wakarsa ya shahara, Kasancewarsa a cikin wakar ba abin da ba zai iya yi wa waka ba idan ya ga dama. "" 'Yan Arewa Ku Bar Barci "" na daya daga cikin wakokinsa. Shata: 'Yan Arewa Ku Bar Barci, Najeriyarmu Akwai Dadi 'Yan Arewa a bar barci, Najeriyarmu akwai dadi. To! 'Yan Amshi: A a, 'Yan Arewa, a bar barci, Najeriyarmu, akwai dadi.",refutes,refutes,refutes,True
afrifact_data_culture_hausa_355,hausa,Babbar Sallar ita kawai mutane suna ziyartar juna.,"Ita ce wuri mafi shahara ga masu yawon bude ido a Najeriya, don haka, tana taka muhimmiyar rawa wajen cigaba da bunkasa harkokin yawon bude ido da yawon shakatawa a Najeriya.",afrifact_data_culture_hausa_190,nei,"Ita ce wuri mafi shahara ga masu yawon bude ido a Najeriya, don haka, tana taka muhimmiyar rawa wajen cigaba da bunkasa harkokin yawon bude ido da yawon shakatawa a Najeriya.",refutes,nei,nei,False
afrifact_data_culture_yoruba_041,yoruba,Martins jẹ́ ọ̀kan nínú àwọn agbábọ́ọ̀lù tí kò gbá bọ́ọ̀lù jẹun lórílẹ̀-èdè Germany rí.,"Akori fidio naa lo pe ni 'Ibalopọ fun maaki' tawọn oloyinbo n pe ni 'Sex for Grades', eyi to ti n mu ki oju awọn opo itakun agbaye gbona jain-jain. Ẹkunrẹrẹ fidio oniwakati kan ti BBC fisita nirọlẹ ọjọ Aje naa ree: End of YouTube post, 1 Bi o tilẹ jẹ pe fidio onisẹju mẹtala pere ni BBC kọkọ ju sori afẹfẹ nidaji ọjọ Aje naa, lawọn oju opo ikansira ẹni rẹ lori itakun agbaye, eyi ti BBC Yoruba ko gbẹyin nibẹ, amọ nigba ti yoo fi di aago meje irọlẹ ọjọ naa, ẹkunrẹrẹ fidio naa, to jẹ oniwakati kan ti gba afẹfẹ kan. Àwọn iròyin tì ẹ leè ní ìfẹ̀ síí: Olukọ kan lati fasiti Eko, UNILAG, Ọmọwe Boniface Igbenegbu pẹlu akẹẹgbẹ rẹ ni fasiti Ghana, Ọmọwe Paul Butakor, ni wọn foju han ninu fidio naa, amọ fidio oniwakati kan yii lo tun fi oju awọn olukọ meji miran han to n kopa ninu iwa idojutini yii lati fasiti mejeeji taa darukọ siwaju naa.",afrifact_data_culture_yoruba_456,supports,"Akori fidio naa lo pe ni 'Ibalopọ fun maaki' tawọn oloyinbo n pe ni 'Sex for Grades', eyi to ti n mu ki oju awọn opo itakun agbaye gbona jain-jain. Ẹkunrẹrẹ fidio oniwakati kan ti BBC fisita nirọlẹ ọjọ Aje naa ree: End of YouTube post, 1 Bi o tilẹ jẹ pe fidio onisẹju mẹtala pere ni BBC kọkọ ju sori afẹfẹ nidaji ọjọ Aje naa, lawọn oju opo ikansira ẹni rẹ lori itakun agbaye, eyi ti BBC Yoruba ko gbẹyin nibẹ, amọ nigba ti yoo fi di aago meje irọlẹ ọjọ naa, ẹkunrẹrẹ fidio naa, to jẹ oniwakati kan ti gba afẹfẹ kan. Àwọn iròyin tì ẹ leè ní ìfẹ̀ síí: Olukọ kan lati fasiti Eko, UNILAG, Ọmọwe Boniface Igbenegbu pẹlu akẹẹgbẹ rẹ ni fasiti Ghana, Ọmọwe Paul Butakor, ni wọn foju han ninu fidio naa, amọ fidio oniwakati kan yii lo tun fi oju awọn olukọ meji miran han to n kopa ninu iwa idojutini yii lati fasiti mejeeji taa darukọ siwaju naa.",refutes,nei,nei,False
afrifact_data_culture_igbo_451,igbo,Chris Nwabueze Ngige laghachiri azụ bụrụ Gọvanọ mgbe ọ rụchara ọrụ dịka onye Omeiwu,"Tupu Nwoke etorue ichi Ozo, o ga ebu uzo chie ' Nze ' nke na-egosi mmụọ dị ndụ na nna ochie.",afrifact_data_culture_igbo_047,supports,"Tupu Nwoke etorue ichi Ozo, o ga ebu uzo chie ' Nze ' nke na-egosi mmụọ dị ndụ na nna ochie.",refutes,nei,nei,False
afrifact_data_culture_yoruba_700,yoruba,Ilé ìfowópamọ́ àgbáyé tí ń ṣàkòóso àwọn ètò láti fi dínkù iye owó oúnjẹ lágbayé.,"Oluwo tun n sọ kaakiri pe igbesẹ ti awọn lọbalọba gbe naa ko kan oun tori oun si n jọba lọ ni, ti Oluwo ko si gba alaafia laaye lori aawọ naa, oun ko si lee gba ko fi iya jẹ oun gbe. ""Ẹni ti iya ba jẹ ko ni dakẹ, mo ti sọ funle ẹjọ pe ko se ẹtọ ati igbesẹ to daa lori iya ti Oluwo fi jẹ mi, amọ to pada sọ pe ko si ija kankan laarin wa.",afrifact_data_culture_yoruba_191,refutes,"Oluwo tun n sọ kaakiri pe igbesẹ ti awọn lọbalọba gbe naa ko kan oun tori oun si n jọba lọ ni, ti Oluwo ko si gba alaafia laaye lori aawọ naa, oun ko si lee gba ko fi iya jẹ oun gbe. ""Ẹni ti iya ba jẹ ko ni dakẹ, mo ti sọ funle ẹjọ pe ko se ẹtọ ati igbesẹ to daa lori iya ti Oluwo fi jẹ mi, amọ to pada sọ pe ko si ija kankan laarin wa.",nei,supports,supports,False
afrifact_data_culture_yoruba_781,yoruba,Ìgbàgbọ́ àti ìmọ̀ lè jọra nínú ìmúṣẹ àmọ́ ìyàtọ̀ wọn wà ní ìlọ́po.,"Amọ ni bayii, ajọ NIMC ti fi ikede sita pe ẹṣẹ ni fun ẹnikẹni lati gba iru owo bẹ ẹ, nitori pe ọfẹ ni eto iforukọsilẹ ati gbigba NIN. Ninu atẹjade kan to fi ori ayelujara Twitter rẹ l'Ọjọbọ, ajọ NIMC sọ pe ẹwọn ọdun meje ni ofin ajọ to n gbogbun ti iwa ibajẹ, ICPC, la kalẹ fun ẹni to ba gba owo lati fi orukọ eeyan silẹ fun nọmba NIN. Bakan naa ni ajọ naa tun sọ pe araalu le fi ẹjọ iru ẹni bẹ ẹ sun lori nọmba ibaraẹnisọrọ 08157691214 tabi 08157691071.",afrifact_data_culture_yoruba_510,supports,"Amọ ni bayii, ajọ NIMC ti fi ikede sita pe ẹṣẹ ni fun ẹnikẹni lati gba iru owo bẹ ẹ, nitori pe ọfẹ ni eto iforukọsilẹ ati gbigba NIN. Ninu atẹjade kan to fi ori ayelujara Twitter rẹ l'Ọjọbọ, ajọ NIMC sọ pe ẹwọn ọdun meje ni ofin ajọ to n gbogbun ti iwa ibajẹ, ICPC, la kalẹ fun ẹni to ba gba owo lati fi orukọ eeyan silẹ fun nọmba NIN. Bakan naa ni ajọ naa tun sọ pe araalu le fi ẹjọ iru ẹni bẹ ẹ sun lori nọmba ibaraẹnisọrọ 08157691214 tabi 08157691071.",nei,supports,supports,False
afrifact_data_culture_yoruba_367,yoruba,Ẹbọ ọkùnrin àti obìnrin tí kò ní ìbálòpọ̀ rí ni wọ́n rú dènà ogun Fulani ní ìlú Ògbómọ̀ṣọ́.,"A máa ń gbin iṣu láti jẹ ẹ́ bí i oúnjẹ, pàápàá jù lọ, ní ilẹ̀ Adúláwọ̀. Ọ̀pọ̀lọpọ̀ iṣu ni ó wà nítorí pé ọ̀pọ̀lọpọ̀ àgbẹ̀ ní ń gbin iṣu.",afrifact_data_culture_yoruba_662,refutes,"A máa ń gbin iṣu láti jẹ ẹ́ bí i oúnjẹ, pàápàá jù lọ, ní ilẹ̀ Adúláwọ̀. Ọ̀pọ̀lọpọ̀ iṣu ni ó wà nítorí pé ọ̀pọ̀lọpọ̀ àgbẹ̀ ní ń gbin iṣu.",nei,nei,nei,True
afrifact_data_culture_igbo_306,igbo,"A na-arụkari ọrụ ugbo n'ime ime obodo ma n'ala Igbo, obodo nile na-arụ oru ugbo, ma nwoke, nwanyi, okorobịa na agbọghọbịa.","N'ime ụdị ihe abụọ a e ji arụ ya, nke osisi na-aka nọtee aka ruo ogologo oge. ",afrifact_data_culture_igbo_035,refutes,"N'ime ụdị ihe abụọ a e ji arụ ya, nke osisi na-aka nọtee aka ruo ogologo oge. ",supports,refutes,refutes,False
afrifact_data_culture_igbo_484,igbo,"Lawrence Ifeanyi Ugwuanyi gara ileta ndị ọrịa na-arụ ọrụ n'obi eze nke ndị Ovoko, n'Igboeze North.","Mgbe ọ dị afọ iri abụọ na otu, ọ sonyeere nna ya n'ahịa ohu.",afrifact_data_culture_igbo_130,refutes,"Mgbe ọ dị afọ iri abụọ na otu, ọ sonyeere nna ya n'ahịa ohu.",nei,nei,nei,True
afrifact_data_culture_hausa_712,hausa,Amurka na daga cikin ƙasashen da suke da ƙarfin sojoji a duniya,"Al'adar Hausawa ce inda ango ke siyan kayan amfani masu kyau da tsada a matsayin wata babbar kyauta da zai bawa amaryarsa. Wadannan kyaututtukan ango na gama sayen sune kafin Auren shi, bayan sun gama kammaluwa, sai iyayen Ango kama daga Inna, Gwaggonninsa da sauran su, mata ne suke kai kayan gidan Amarya, Ita kuma Amarya sai iyayen ta mata su karba kayan su dan ba iyayen Ango abinci da dan tukuici. ",afrifact_data_culture_hausa_389,supports,"Al'adar Hausawa ce inda ango ke siyan kayan amfani masu kyau da tsada a matsayin wata babbar kyauta da zai bawa amaryarsa. Wadannan kyaututtukan ango na gama sayen sune kafin Auren shi, bayan sun gama kammaluwa, sai iyayen Ango kama daga Inna, Gwaggonninsa da sauran su, mata ne suke kai kayan gidan Amarya, Ita kuma Amarya sai iyayen ta mata su karba kayan su dan ba iyayen Ango abinci da dan tukuici. ",nei,supports,supports,False
afrifact_data_culture_hausa_640,hausa,Gidajen Talabijin da na radiyo ba sa amfani da kiɗa wurin gabatar da shirye-shiryensu.,"Wadanda suka sauya shekar daga APC zuwa wasu jam'iyyun na adawa sun ce sun fice ne saboda rashin jin dadin yadda gwamnati ke tafiyar da al'amuranta da yadda ake tafiyar da uwayen gidajensu, da kuma halin da kasa take ciki, ana ta kashe-kashe da sace-sacen mutane.",afrifact_data_culture_hausa_813,nei,"Wadanda suka sauya shekar daga APC zuwa wasu jam'iyyun na adawa sun ce sun fice ne saboda rashin jin dadin yadda gwamnati ke tafiyar da al'amuranta da yadda ake tafiyar da uwayen gidajensu, da kuma halin da kasa take ciki, ana ta kashe-kashe da sace-sacen mutane.",refutes,nei,nei,False
afrifact_data_culture_igbo_419,igbo,"Akanu Ibiam, n'agbanyeghị na ọ bụ onye ụlọ ụka Protestant, nyere aka n'ọrụ ụlọ uka Katọlik.","N'ime ụdị ihe abụọ a e ji arụ ya, nke osisi na-aka nọtee aka ruo ogologo oge. ",afrifact_data_culture_igbo_036,supports,"N'ime ụdị ihe abụọ a e ji arụ ya, nke osisi na-aka nọtee aka ruo ogologo oge. ",nei,nei,nei,True
afrifact_data_culture_igbo_037,igbo,Ha anaghị akwado ogige golf n'ọtụtụ ụlọ nkwarị,"Nabil Fekir Nabil Fekir (France, Algeria)Nabil Fekir na-agbara ndị Lyon na otu egwuregwu France bọolụ. Ndị Algeria, bụ mba nne na nna ya si, kpọrọ Fekir ka ọ gbaara ha bọolụ n'afọ 2015 mana okweghị.",afrifact_data_culture_igbo_686,supports,"Nabil Fekir Nabil Fekir (France, Algeria)Nabil Fekir na-agbara ndị Lyon na otu egwuregwu France bọolụ. Ndị Algeria, bụ mba nne na nna ya si, kpọrọ Fekir ka ọ gbaara ha bọolụ n'afọ 2015 mana okweghị.",refutes,supports,supports,False
afrifact_data_culture_yoruba_091,yoruba,Kò sí ẹnìkankan níbẹ̀ nígbà tí Dauda gbé iṣẹ́ fún arábìnrin yìí.,"Nílẹ̀ Yorùbá Iṣu jẹ́ ọ̀gbìn tó ṣe pàtàkì gan-an. A ma ún gbin isu nipa gbi gbin orí isu, o ma ún to àkókò osù mefa is mejila laarin igba ogbin si igba ìkórè isu",afrifact_data_culture_yoruba_666,supports,"Nílẹ̀ Yorùbá Iṣu jẹ́ ọ̀gbìn tó ṣe pàtàkì gan-an. A ma ún gbin isu nipa gbi gbin orí isu, o ma ún to àkókò osù mefa is mejila laarin igba ogbin si igba ìkórè isu",nei,nei,nei,True
afrifact_data_culture_yoruba_077,yoruba,"Ọjọ́ kẹtàdínlọ́gbọ̀n, oṣù kẹta, ọdún 2020 ni òfin yìí ò ní ṣiṣẹ́ mọ́.","Ní ìgbà tí o di ọmọ ọdún mẹ́rìndínlógún ni o gbé ìyàwó, orúkọ́ ìyàwó rẹ̀ a má jẹ́ “Yasodhara”, Nígbà tí o pé ọmọ ọdún mọ́kàndínlọ́gbọ́n ni ìyàwó rẹ̀ bi ọmọ ọkùnrin kan fún-un orúkọ rẹ̀ a ma jẹ́ “Rahula”. Lẹ́hìn tí o bi ọmọ yii tán ìtàn fi ye wa wí pé o se ìrìnàjò lori ẹ̀sìn lẹ́ẹ̀mẹ́rin ọ̀tọ̀ọ̀tọ̀, nígbà tí ọ̀pọ̀ ìtàn sọ wí pé ń se ni o ri ìran lẹ́ẹ̀mẹ́rin.",afrifact_data_culture_yoruba_651,supports,"Ní ìgbà tí o di ọmọ ọdún mẹ́rìndínlógún ni o gbé ìyàwó, orúkọ́ ìyàwó rẹ̀ a má jẹ́ “Yasodhara”, Nígbà tí o pé ọmọ ọdún mọ́kàndínlọ́gbọ́n ni ìyàwó rẹ̀ bi ọmọ ọkùnrin kan fún-un orúkọ rẹ̀ a ma jẹ́ “Rahula”. Lẹ́hìn tí o bi ọmọ yii tán ìtàn fi ye wa wí pé o se ìrìnàjò lori ẹ̀sìn lẹ́ẹ̀mẹ́rin ọ̀tọ̀ọ̀tọ̀, nígbà tí ọ̀pọ̀ ìtàn sọ wí pé ń se ni o ri ìran lẹ́ẹ̀mẹ́rin.",refutes,supports,supports,False
afrifact_data_culture_hausa_583,hausa,A shekarar 2022 America ta fara ƙera motoci masu amfani da diesel.,"Miyar kuka na kara kaifin basira, wannan wata hikima ce ta daban domin a hakika na kula da cewa mutanen da suke amfani da miyan kuka basirar su ta dara ta wadanda ba su amfani da ita. Nima na lura idan ina shan miyan kuka to karfin basira ta ya kan karu. ",afrifact_data_culture_hausa_276,supports,"Miyar kuka na kara kaifin basira, wannan wata hikima ce ta daban domin a hakika na kula da cewa mutanen da suke amfani da miyan kuka basirar su ta dara ta wadanda ba su amfani da ita. Nima na lura idan ina shan miyan kuka to karfin basira ta ya kan karu. ",nei,Nei,nei,True
afrifact_data_culture_hausa_592,hausa,Dinki sana'a cewa mai wahala sosai.,An yi wa Mohammad Salman duka sakamkon jita-jitar da aka rika yi kan cewa shi mai satar yara ne,afrifact_data_culture_hausa_697,refutes,An yi wa Mohammad Salman duka sakamkon jita-jitar da aka rika yi kan cewa shi mai satar yara ne,nei,refutes,refutes,False
afrifact_data_culture_igbo_287,igbo,Sam Mbakwe bụ osote gọvanọ nke mbụ nke ndịda Naịjirịa n'afọ 1979. ,Ya bu odogwu Afrịka chịrị Zimbabwe bido afọ 1980 ruo afọ 2017.,afrifact_data_culture_igbo_102,supports,Ya bu odogwu Afrịka chịrị Zimbabwe bido afọ 1980 ruo afọ 2017.,refutes,refutes,refutes,True
afrifact_data_culture_hausa_187,hausa,Dajin Yankari ya fara ne daga kudancin Kano kuma ya kare a arewacin Jigawa.,"Bugu da kari, ya kuma yi sana’ar shanu wadda ya koya daga Muntari wanda sana’ar mahaifinsa sana’ar shanu ce.",afrifact_data_culture_hausa_484,supports,"Bugu da kari, ya kuma yi sana’ar shanu wadda ya koya daga Muntari wanda sana’ar mahaifinsa sana’ar shanu ce.",refutes,nei,nei,False
afrifact_data_culture_hausa_726,hausa,Bincike ya nuna cewa anfi samun masu cututtukan sikila a arewacin Najeriya saboda rashin gwaji lokacin yin aure.,"Babbar sallah Rana ce mai dimbin tarihi a duniyar musulunci da misulmai wadda take zuwa bayan an yi sallah karama da wata 2 da kwanaki 10. Ranar babbar sallah rana ce wadda dimbin miliyoyin musulmin ke fitowa su je filin idi domin su hallarci sallar nafila raka'a biyu domin nuna godiya ga mahaliccinsu da nuna murnarsu a gare shi da ya ba su damar halattar wannan rana a tarihin rayuwarsu, a wannan ranar ana yanka abun layya abun da ya sawwaqa ga mutum daga rago, , , , , , , amale, . Wadannan sune jinsin dabbobin wadanda ake layya dasu kuma ya fi kowane daraja haka rakuma tafi kowannen su karancin daraja wato itace mai daraja ta can kasar.",afrifact_data_culture_hausa_355,refutes,"Babbar sallah Rana ce mai dimbin tarihi a duniyar musulunci da misulmai wadda take zuwa bayan an yi sallah karama da wata 2 da kwanaki 10. Ranar babbar sallah rana ce wadda dimbin miliyoyin musulmin ke fitowa su je filin idi domin su hallarci sallar nafila raka'a biyu domin nuna godiya ga mahaliccinsu da nuna murnarsu a gare shi da ya ba su damar halattar wannan rana a tarihin rayuwarsu, a wannan ranar ana yanka abun layya abun da ya sawwaqa ga mutum daga rago, , , , , , , amale, . Wadannan sune jinsin dabbobin wadanda ake layya dasu kuma ya fi kowane daraja haka rakuma tafi kowannen su karancin daraja wato itace mai daraja ta can kasar.",supports,refutes,refutes,False
afrifact_data_culture_yoruba_276,yoruba,Ìlú Ilaro ní ìpínlẹ̀ Ògùn ni wọ́n bí Ọba Seriki Ifaremilekun Abass Williams Fagbemi sí.,"Ṣèyí Mákindé jẹ́ gómìnà ìpínlẹ́ Ọ̀yọ́, à dìbọ̀ yan nì ọ̀dun 2019. Geography [ | ] Ìpínlẹ̀ Ọ̀yọ́ gbòòrò ní nǹkan bí 28,454 kìlómítà níbùúgbùú, ó sì wà ní ipò kẹrìnlá nípa ìtòbi.",afrifact_data_culture_yoruba_688,nei,"Ṣèyí Mákindé jẹ́ gómìnà ìpínlẹ́ Ọ̀yọ́, à dìbọ̀ yan nì ọ̀dun 2019. Geography [ | ] Ìpínlẹ̀ Ọ̀yọ́ gbòòrò ní nǹkan bí 28,454 kìlómítà níbùúgbùú, ó sì wà ní ipò kẹrìnlá nípa ìtòbi.",supports,nei,nei,False
afrifact_data_culture_igbo_587,igbo,Ndị amụsu anarana ndị Enugwu steeti obodo ha n'ike.,"Obodo itoolu bụ Ọgwashi-Ukwu. Ndị a bụ: Ikelike (the original inhabitants), Umu Dei, Azungwu, Agidiase, Agidiehe, Ogbe Akwu, Ishekpe, Ogbe Onicha and Ogbe Ani. Ala ala [ | ] Ogwashi-Ukwu Post Office, Ukwu Orji at Ogbeofu, Ihu Ngwu at Azungwu Abu Ano Market na Ishekpe na Ogwashi Ukwu Carnival (Ineh Festival) Njikọ Kwale Agidiase Ụlọ Quaters Ogige - nke a bụ mpaghara dị n'ókè Post Office. Ọ bụbu isi ụlọ ọrụ nchịkwa Britain nke colonial ma tinye mpaghara ebe obibi ha.",afrifact_data_culture_igbo_502,nei,"Obodo itoolu bụ Ọgwashi-Ukwu. Ndị a bụ: Ikelike (the original inhabitants), Umu Dei, Azungwu, Agidiase, Agidiehe, Ogbe Akwu, Ishekpe, Ogbe Onicha and Ogbe Ani. Ala ala [ | ] Ogwashi-Ukwu Post Office, Ukwu Orji at Ogbeofu, Ihu Ngwu at Azungwu Abu Ano Market na Ishekpe na Ogwashi Ukwu Carnival (Ineh Festival) Njikọ Kwale Agidiase Ụlọ Quaters Ogige - nke a bụ mpaghara dị n'ókè Post Office. Ọ bụbu isi ụlọ ọrụ nchịkwa Britain nke colonial ma tinye mpaghara ebe obibi ha.",refutes,supports,supports,False
afrifact_data_culture_igbo_295,igbo,Ozumba Mbadiwe wubere akwụkwọ mbipụta Native News mgbe ọ rụchara ọrụ ya dịka onye Minista n'afọ 1961,"nsibiri dị puku, nke há mà dị 500 nke hé détùrù. Hé zì",afrifact_data_culture_igbo_158,supports,"nsibiri dị puku, nke há mà dị 500 nke hé détùrù. Hé zì",refutes,nei,nei,False
afrifact_data_culture_igbo_629,igbo,"Ndị mmadụ na-achọ ịma ụfọdụ ihe gbasara njem ụgbala, nke mere ka Henrietta Yakubu kwuo na gọọmentị amachiela ndị mmadụ iji ụgbọala eme njem ugbua ruo ọnwa abụọ na-abịa.","Duruagwu kwuru na o nwegodu ihe mmụta dị n'ụzọ ochie ndị a, ndị ọchichị agaghị achọ iwere ya mee ihe makana ọ ga-aghọ ha ahia. O kwuru na ọ bụ ndị nwe obodo ga-echekwa obodo, ihe dịrị gọọmenti bụ iwere ego kwado ihe ndị obodo na-eme. ",afrifact_data_culture_igbo_794,supports,"Duruagwu kwuru na o nwegodu ihe mmụta dị n'ụzọ ochie ndị a, ndị ọchichị agaghị achọ iwere ya mee ihe makana ọ ga-aghọ ha ahia. O kwuru na ọ bụ ndị nwe obodo ga-echekwa obodo, ihe dịrị gọọmenti bụ iwere ego kwado ihe ndị obodo na-eme. ",refutes,refutes,refutes,True
afrifact_data_culture_hausa_799,hausa,Sofia Sadek malama ce a makarantar firamare a ƙasar Tunisia.,"Bayan faduwar jamhuriya ta farko, ya dawo gida Kano, inda ya rike mukamin kwamishina mai kula da kananan hukumomi a gwamnatin Audu Bako.",afrifact_data_culture_hausa_132,supports,"Bayan faduwar jamhuriya ta farko, ya dawo gida Kano, inda ya rike mukamin kwamishina mai kula da kananan hukumomi a gwamnatin Audu Bako.",refutes,nei,nei,False
afrifact_data_culture_yoruba_749,yoruba,"Délànà gbà pé orírun gidi àwọn Ẹ̀gbá wá láti Ọ̀yọ́, ó sì fi kún un pé ọmọ àlè tàbí ẹrú ni Ẹ̀gbá tí kò ní orírun láti Ọ̀yọ́.","Itan aye Ọba Seriki Ifaremilekun Abass Williams Fagbemi: Abule Joga-Orile lagbegbe ilu Ilaro nipinlẹ Ogun bayii ni wọn ti bi Ifaremilekun, ti orukọ baba rẹ si n jẹ Fagbemi. Olowo ẹru kan nilu Dahomey ti orukọ rẹ n jẹ Abass si lo mu lẹru lasiko ogun Dahomey ati Egba nigba to wa ni ọmọ ọdun mẹfa, to si pa orukọ rẹ da si ti ọga rẹ. Idi si ree to fi n jẹ Ifaremilẹkun Fagbemi Abass. 'Oyenusi ló mú mi wọ ẹgbẹ́ adigunjalè kó tó di pé mo b'Ólúwa pàdé' Lẹyin naa ni wọn ta soko ẹru fun oyinbo Brazil kan to n jẹ Williams, ẹni to gbe Seriki Abass lọ sorilẹede Brazil lati lọ se ọmọ ọdọ rẹ. Ni kete to si de silẹ Brazil ni ọga rẹ yii tun yi orukọ rẹ pada si Williams nitori ẹru ko ni idamọ kankan to yatọ si ti olowo rẹ. Brazil ni William Abass ti mọọkọ-mọọka ninu ede Dutch tilẹ Netherlands, bakan naa lo gbọ ede oyinbo, Spanish ati pọtugi.",afrifact_data_culture_yoruba_274,nei,"Itan aye Ọba Seriki Ifaremilekun Abass Williams Fagbemi: Abule Joga-Orile lagbegbe ilu Ilaro nipinlẹ Ogun bayii ni wọn ti bi Ifaremilekun, ti orukọ baba rẹ si n jẹ Fagbemi. Olowo ẹru kan nilu Dahomey ti orukọ rẹ n jẹ Abass si lo mu lẹru lasiko ogun Dahomey ati Egba nigba to wa ni ọmọ ọdun mẹfa, to si pa orukọ rẹ da si ti ọga rẹ. Idi si ree to fi n jẹ Ifaremilẹkun Fagbemi Abass. 'Oyenusi ló mú mi wọ ẹgbẹ́ adigunjalè kó tó di pé mo b'Ólúwa pàdé' Lẹyin naa ni wọn ta soko ẹru fun oyinbo Brazil kan to n jẹ Williams, ẹni to gbe Seriki Abass lọ sorilẹede Brazil lati lọ se ọmọ ọdọ rẹ. Ni kete to si de silẹ Brazil ni ọga rẹ yii tun yi orukọ rẹ pada si Williams nitori ẹru ko ni idamọ kankan to yatọ si ti olowo rẹ. Brazil ni William Abass ti mọọkọ-mọọka ninu ede Dutch tilẹ Netherlands, bakan naa lo gbọ ede oyinbo, Spanish ati pọtugi.",refutes,supports,supports,False
afrifact_data_culture_hausa_144,hausa,"Kananan hukumomin Dambatta, makoɗa da Minjibir na samun ruwan sha daga Thomas dam.","Cikin masu kin yarda da gaskiyar cutar kuwa har da malaman addini na Musulunci da na Kirista, inda wasu ke ta fada wa mabiyansu cewa kirkirar cutar aka yi don yi addinai makarkashiya.",afrifact_data_culture_hausa_740,nei,"Cikin masu kin yarda da gaskiyar cutar kuwa har da malaman addini na Musulunci da na Kirista, inda wasu ke ta fada wa mabiyansu cewa kirkirar cutar aka yi don yi addinai makarkashiya.",supports,nei,nei,False
afrifact_data_culture_hausa_809,hausa,Mutuwar mazaje na jefa matayensu cikin mummunan halin rayuwa.,"Aikin allura yana ɗaya daga cikin ƴan sana'o'in da ake ganin karɓuwa ga mata, amma ba ta biya albashin rai ba. ",afrifact_data_culture_hausa_591,nei,"Aikin allura yana ɗaya daga cikin ƴan sana'o'in da ake ganin karɓuwa ga mata, amma ba ta biya albashin rai ba. ",supports,nei,nei,False
afrifact_data_culture_yoruba_525,yoruba,"Kì í ṣe Wizkid nìkan ló jẹ́ olórin ẹlẹ́bùn àtinúdá ní orílẹ̀-èdè Nàìjíríà, àwọn olórin mìí tó tún ti di ìlúmọ̀ọ́ká ni Yemi Alade, Tekno, Falz, Olamide, Simi, Mr Eazi, Mologo àti Patoranking","Matthew Àrẹ̀mú Olúṣẹ́gun Ọbásanjọ́ (tí wọ́n bí ní Ọjọ́ karùn-ún oṣù kẹta ọdún 1937) jẹ́ gbajúmọ̀ àgbà olóṣèlú, ajagun-fẹ̀yíntí àti Ààrẹ àná orílẹ̀ èdè Nàìjíríà. Orúkọ bàbá rẹ̀ ni Amos Àdìgún Ọbalúayésanjọ́ ""Obasanjo"" Bánkọ́lé, ìyá rẹ̀ sìn ń jẹ́ Àṣàbí.Ọbásanjọ́ jẹ́ ọmọ bíbí Òwu ní ìlú Abẹ́òkúta ní ìpínlẹ̀ Ògùn lórílẹ̀ èdè Nàìjíríà. Ìyá rẹ̀ kú ní ọdún 1958, bàbá rẹ̀ sìn kú bákan náà ní ọdún 1959.",afrifact_data_culture_yoruba_551,refutes,"Matthew Àrẹ̀mú Olúṣẹ́gun Ọbásanjọ́ (tí wọ́n bí ní Ọjọ́ karùn-ún oṣù kẹta ọdún 1937) jẹ́ gbajúmọ̀ àgbà olóṣèlú, ajagun-fẹ̀yíntí àti Ààrẹ àná orílẹ̀ èdè Nàìjíríà. Orúkọ bàbá rẹ̀ ni Amos Àdìgún Ọbalúayésanjọ́ ""Obasanjo"" Bánkọ́lé, ìyá rẹ̀ sìn ń jẹ́ Àṣàbí.Ọbásanjọ́ jẹ́ ọmọ bíbí Òwu ní ìlú Abẹ́òkúta ní ìpínlẹ̀ Ògùn lórílẹ̀ èdè Nàìjíríà. Ìyá rẹ̀ kú ní ọdún 1958, bàbá rẹ̀ sìn kú bákan náà ní ọdún 1959.",supports,nei,nei,False
afrifact_data_culture_igbo_727,igbo,Lukmon Akanbi kwuru na nwaokorobịa ọ gbara egbe anwụghị anwụ.,"Ndị Igbo na-ekwu okwu sị na ""aka aja na-ebute ọnụ mmanụ mmanụ"". Iheanacho sị na ọ dị mma ịkpọrọ nwatakịrị gaa ọrụ maọbụ gosi ya ebe ndị mmadụ na-arụ ọrụ iji kpata ego, n'ihi na nke a ga-akuziri nwa ahụ na ego anaghị esi n'eluigwe adakwasị mmadụ, ma kuzikwaara ya ụdịrị mkpa ọ dị itinye uchu n'ọrụ. ",afrifact_data_culture_igbo_578,supports,"Ndị Igbo na-ekwu okwu sị na ""aka aja na-ebute ọnụ mmanụ mmanụ"". Iheanacho sị na ọ dị mma ịkpọrọ nwatakịrị gaa ọrụ maọbụ gosi ya ebe ndị mmadụ na-arụ ọrụ iji kpata ego, n'ihi na nke a ga-akuziri nwa ahụ na ego anaghị esi n'eluigwe adakwasị mmadụ, ma kuzikwaara ya ụdịrị mkpa ọ dị itinye uchu n'ọrụ. ",refutes,nei,nei,False
afrifact_data_culture_yoruba_145,yoruba,Àwọn kọ̀m̀pútà tí wọn ń ṣe láyé òde òní ò dára tó àwọn ti àtijọ́.,"Ọjọ Aje ni ijọba orilẹ-ede Saudi Arabia kede pe irinajo mimọ Hajj ko ni waye fun ọpọ eero lọdun 2020. Wọn ni eyi ko ṣẹyin itankalẹ aarun coronavirus to n ran kiri agbaye, to si ti de orilẹ-ede to le ni aadọwa. Ninu atẹjade kan ti wọn fi sita loju opo Twitter wọn, ijọba Saudi sọ pe awọn eeyan to n gbe l'orilẹ-ede naa nikan ni yoo ni anfaani lati kopa, lai fi ti ẹya tabi orilẹ-ede ti wọn ti wa ṣe.",afrifact_data_culture_yoruba_381,supports,"Ọjọ Aje ni ijọba orilẹ-ede Saudi Arabia kede pe irinajo mimọ Hajj ko ni waye fun ọpọ eero lọdun 2020. Wọn ni eyi ko ṣẹyin itankalẹ aarun coronavirus to n ran kiri agbaye, to si ti de orilẹ-ede to le ni aadọwa. Ninu atẹjade kan ti wọn fi sita loju opo Twitter wọn, ijọba Saudi sọ pe awọn eeyan to n gbe l'orilẹ-ede naa nikan ni yoo ni anfaani lati kopa, lai fi ti ẹya tabi orilẹ-ede ti wọn ti wa ṣe.",nei,supports,supports,False
afrifact_data_culture_yoruba_511,yoruba,Ìròyìn lábẹ́ akọ́mọlédè àti àṣà sọ pẹ́ kí àwọn ènìyàn kọ́ ẹ̀kọ́ si nípa ààlọ́ nílẹ̀ Yorùbá,"Ninu fidio tawọn eeyan rọra ge lara eto naa to gba ori ayelujara kan, ẹrọ ayaworan ṣafihan Neo to n fọ aṣọ nigbati Nengi ati Vee n wo o. Ọrọ ko ba tilẹ ma han sita bi ko ṣe igba ti Vee sọ pe ""Ololufẹ mi, ko ma si pata kan ninu aṣọ, ọrọ naa ba ṣe oju Nengi wara wara to ya a lẹnu. Nengi kọkọ ka a sara ko sọrọ, nigba to ya lo ba fọhun pe ""Neo, ṣe pe o tun n fọ pataaa, haaa!Vee naa ba da a lohun pe ""Neo mi gan mọ pe onimọtoto ni"". Nengi wa sọ fun Neo pe o yẹ ẹ gan o.Iṣẹlẹ yii ti n mu ki ọpọlọpọ ọmọ Naijiria fọn ti wọn si ti n fesi. Awọn esi wọn n pa ni lẹrin jọjọ, ṣe ẹ mọ pe bi igbati o n ṣẹlẹ lẹyinkunle wọn lawọn to n wo eto naa ṣe maa n sọrọ...@Zoeman ni ""aṣe o tilẹ tun lẹnu lati sọ pe o ku pata kan, ara ni yoo san pa pata kan ọhun"". O ni arifin Neo ma pọ o.@Iamemzy ni ""Jeeesu, Neo n fọ pata, kilode tawọn ọkunrin maa n doju ti mi bayii lẹnu ọjọ mẹta""...@emmanueladem naa sọ loju opo Twitter pe o yẹ Vee gan o pe koda Ozo gan ko ṣe to bẹẹ.",afrifact_data_culture_yoruba_318,supports,"Ninu fidio tawọn eeyan rọra ge lara eto naa to gba ori ayelujara kan, ẹrọ ayaworan ṣafihan Neo to n fọ aṣọ nigbati Nengi ati Vee n wo o. Ọrọ ko ba tilẹ ma han sita bi ko ṣe igba ti Vee sọ pe ""Ololufẹ mi, ko ma si pata kan ninu aṣọ, ọrọ naa ba ṣe oju Nengi wara wara to ya a lẹnu. Nengi kọkọ ka a sara ko sọrọ, nigba to ya lo ba fọhun pe ""Neo, ṣe pe o tun n fọ pataaa, haaa!Vee naa ba da a lohun pe ""Neo mi gan mọ pe onimọtoto ni"". Nengi wa sọ fun Neo pe o yẹ ẹ gan o.Iṣẹlẹ yii ti n mu ki ọpọlọpọ ọmọ Naijiria fọn ti wọn si ti n fesi. Awọn esi wọn n pa ni lẹrin jọjọ, ṣe ẹ mọ pe bi igbati o n ṣẹlẹ lẹyinkunle wọn lawọn to n wo eto naa ṣe maa n sọrọ...@Zoeman ni ""aṣe o tilẹ tun lẹnu lati sọ pe o ku pata kan, ara ni yoo san pa pata kan ọhun"". O ni arifin Neo ma pọ o.@Iamemzy ni ""Jeeesu, Neo n fọ pata, kilode tawọn ọkunrin maa n doju ti mi bayii lẹnu ọjọ mẹta""...@emmanueladem naa sọ loju opo Twitter pe o yẹ Vee gan o pe koda Ozo gan ko ṣe to bẹẹ.",nei,supports,supports,False
afrifact_data_culture_yoruba_025,yoruba,Gbogbo àwọn ẹrú tí ó rà pátápátá ni wọ́n kó lọ sí òkè ọya.,"Ní ìwọ̀-oòrùn , oríṣi gaari méjì ni ó wà, àwọn náà ni gaàrí funfun yẹ́lò. Gaàrí yẹ́lò jẹ́ èyí tí wọ́n fi epo pupa sí nígbà tí wọ́n bá ń yan án. Orílẹ̀-èdè àti ni a ti le rí funfun àti yẹ́lò. Irúfẹ́ Gaàrí funfun kan ni wọ́n ń pè ní Gaàrí-Ìjẹ̀bú . Èyí tí wọ́n máa ń ṣe ní ilẹ̀ lọ́dọ̀ àwọn ará ní orílẹ̀-èdè .",afrifact_data_culture_yoruba_555,supports,"Ní ìwọ̀-oòrùn , oríṣi gaari méjì ni ó wà, àwọn náà ni gaàrí funfun yẹ́lò. Gaàrí yẹ́lò jẹ́ èyí tí wọ́n fi epo pupa sí nígbà tí wọ́n bá ń yan án. Orílẹ̀-èdè àti ni a ti le rí funfun àti yẹ́lò. Irúfẹ́ Gaàrí funfun kan ni wọ́n ń pè ní Gaàrí-Ìjẹ̀bú . Èyí tí wọ́n máa ń ṣe ní ilẹ̀ lọ́dọ̀ àwọn ará ní orílẹ̀-èdè .",nei,nei,nei,True
afrifact_data_culture_hausa_647,hausa,Raƙumi na daga cikin dabbobi da su ke iya ɗaukan tsawon loƙaci ba tare da sun ci ko sun sha ba.,"Ana haɗa shi da ko miyar taushe ko miyar wajen ci. . Wato tuwon shinkafa yana ɗaya daga cikin abincin gargajiya, saboda shi ma akan haɗa shi da garin masara wani sa’in. Amma mafi akasari wasu ba sa sa wa, sannan sunan tuwon shinkafa ya samo asali ne daga shinkafar da ake yinsa da ita.",afrifact_data_culture_hausa_268,refutes,"Ana haɗa shi da ko miyar taushe ko miyar wajen ci. . Wato tuwon shinkafa yana ɗaya daga cikin abincin gargajiya, saboda shi ma akan haɗa shi da garin masara wani sa’in. Amma mafi akasari wasu ba sa sa wa, sannan sunan tuwon shinkafa ya samo asali ne daga shinkafar da ake yinsa da ita.",supports,supports,supports,True
afrifact_data_culture_hausa_301,hausa,Kalmar “tofu” ta Turanci ta samo asali ne daga yaren Faransanci,Wato mutum ya furta kalmar SHahada kamar haka LA ILAHA ILALLAH MUHAMMAD RASULULLAH ma'ana mutum ya hakikance a ransa cewa BABU WANI ABIN BAUTAWA DA CANCANTA DA GASKIYA SAI ALLAH SANNAN ANNABI MUHAMMAD (S.A.W.) BAWAN ALLAH NE KUMA MANZON ALLAH NE .,afrifact_data_culture_hausa_512,nei,Wato mutum ya furta kalmar SHahada kamar haka LA ILAHA ILALLAH MUHAMMAD RASULULLAH ma'ana mutum ya hakikance a ransa cewa BABU WANI ABIN BAUTAWA DA CANCANTA DA GASKIYA SAI ALLAH SANNAN ANNABI MUHAMMAD (S.A.W.) BAWAN ALLAH NE KUMA MANZON ALLAH NE .,refutes,nei,nei,False
afrifact_data_culture_igbo_672,igbo,"Na omenala Igbo, a na-atụ anya na onye ọbụla gbagooro afọ iri ise na itoolu ekwesịla ịmepụta ihe na ndụ ya. Mba ọbụrụ gbagooro afọ iri ise na itoolu ekwesịgo inwe ihe ha mepụtagooro. Ihe ndị a na-ele anya iji chọpụta ogo ha nọ gụnyere nrụrụaka, ụgwọ opekatampe were dịrị gawa.","Sir Odumegwu Ojukwu OBE, KBE Ọ bụ onye ndị mmadụ kwuru na 'Igbo agaghị echefu makana o nweghị onye ga-anọchinwu ya' Sir LP Odumegwu Ojukwu bụ ụzụ kpụrụ ya bụ egbe bụ Emeka Odumegwu Ojukwu a ma dịka Ikemba Nnewi. Sir Odumegwu Ojukwu a bụ Odogwu nwoke Igbo ji eme ọnụ. Ọ kpawara ego mgbe ụwa ka nọ n'ọchịchịri. Amụrụ ya na Obodo ya bụ Obiuno Umudim Nnewi, nke dị n'Anambra steeti nke taa n'afọ 1909.",afrifact_data_culture_igbo_575,refutes,"Sir Odumegwu Ojukwu OBE, KBE Ọ bụ onye ndị mmadụ kwuru na 'Igbo agaghị echefu makana o nweghị onye ga-anọchinwu ya' Sir LP Odumegwu Ojukwu bụ ụzụ kpụrụ ya bụ egbe bụ Emeka Odumegwu Ojukwu a ma dịka Ikemba Nnewi. Sir Odumegwu Ojukwu a bụ Odogwu nwoke Igbo ji eme ọnụ. Ọ kpawara ego mgbe ụwa ka nọ n'ọchịchịri. Amụrụ ya na Obodo ya bụ Obiuno Umudim Nnewi, nke dị n'Anambra steeti nke taa n'afọ 1909.",supports,supports,supports,True
afrifact_data_culture_yoruba_673,yoruba,"Ní ọdún 2015 náà, ọ̀pọ̀ àwọn ìlú míràn ní ilẹ̀ Yorùbá tún ní ayẹyẹ ìyípadà ọba, tí wọ́n fi gbé àwọn ọba tuntun kalẹ̀ gẹ́gẹ́ bí àṣà wọn.","Gbade Ojo ni o le ni ọgbọn miliọnu Naira, ti ijọba Abiola Ajimobi fun awọn ẹbi fun isinku gomina tẹlẹri, Kolapo Ishola. Gbade Ojo sọ ọrọ yii lori ẹrọ redio ni ilu Ibadan, nigba to n ba awọn eniyan fọrọ jomitoro ọrọ lori iku Abiola Ajimobi ati ipa ti ijọba Seyi Makinde ko. Awọn ẹbi Kolapo Ishola, nigba ti wọn n fesi ninu atẹjade ti wọn fi sita ni, irọ patapata ni olori oṣiṣẹ Ajimobi pa. Wọn fikun wi pe, Ajimobi ko fun wọn ni Kọbọ kan to kereju nitori awọn kọ lati jẹ ki o ti eto oṣelu bọ oku baba awọn, bi o ṣe wu u. ‘Ajimobi ko yọju si ibi isinku naa ti wọn ṣe laarin ọsẹ kan, ti ko si ran ẹnikẹni wa si ibi isinku naa.’ ‘Baba wa, Oloye Kolapo jẹ ẹni to ni iwa tutu, to si fẹran awọn ara ipinlẹ Oyo nigba ti o wa laye.’ ‘Ko wu wa lati dasi ija to wa laarin Gomina Seyi Makinde ati ẹbi Abiola Ajimobi, amọ ohun to buru ni lati ma pa irọ mọ ẹbi oloogbe Kolapo pe wọn gba owo.’ ‘A fi ọrọ yii sita ki awọn araalu le mọ otitọ nipa iṣẹlẹ naa, ki wọn si dẹkun ati ma a wu iwa aitọ.’",afrifact_data_culture_yoruba_503,refutes,"Gbade Ojo ni o le ni ọgbọn miliọnu Naira, ti ijọba Abiola Ajimobi fun awọn ẹbi fun isinku gomina tẹlẹri, Kolapo Ishola. Gbade Ojo sọ ọrọ yii lori ẹrọ redio ni ilu Ibadan, nigba to n ba awọn eniyan fọrọ jomitoro ọrọ lori iku Abiola Ajimobi ati ipa ti ijọba Seyi Makinde ko. Awọn ẹbi Kolapo Ishola, nigba ti wọn n fesi ninu atẹjade ti wọn fi sita ni, irọ patapata ni olori oṣiṣẹ Ajimobi pa. Wọn fikun wi pe, Ajimobi ko fun wọn ni Kọbọ kan to kereju nitori awọn kọ lati jẹ ki o ti eto oṣelu bọ oku baba awọn, bi o ṣe wu u. ‘Ajimobi ko yọju si ibi isinku naa ti wọn ṣe laarin ọsẹ kan, ti ko si ran ẹnikẹni wa si ibi isinku naa.’ ‘Baba wa, Oloye Kolapo jẹ ẹni to ni iwa tutu, to si fẹran awọn ara ipinlẹ Oyo nigba ti o wa laye.’ ‘Ko wu wa lati dasi ija to wa laarin Gomina Seyi Makinde ati ẹbi Abiola Ajimobi, amọ ohun to buru ni lati ma pa irọ mọ ẹbi oloogbe Kolapo pe wọn gba owo.’ ‘A fi ọrọ yii sita ki awọn araalu le mọ otitọ nipa iṣẹlẹ naa, ki wọn si dẹkun ati ma a wu iwa aitọ.’",nei,supports,supports,False
afrifact_data_culture_hausa_428,hausa,Ibrahim Zakzaky ya na fita kasashen waje domin gabatar da makaloli a duk shekara.,"al-Islām , Turanci: Islam) Shine shaidawa babu abun bautawa da gaskiya sai , kuma (S A W) bawan Allah ne kuma manzon Allah ne. Addinin yana da alaƙa da kuma ya ƙunshi hukunce hukunce daga da kuma koyarwar Manzon tsira wanda shine ya zo da littafin sannan akwai aƙalla mabiya addinin mutum biliyan ɗaya da ɗugo tara (1.9B).",afrifact_data_culture_hausa_413,supports,"al-Islām , Turanci: Islam) Shine shaidawa babu abun bautawa da gaskiya sai , kuma (S A W) bawan Allah ne kuma manzon Allah ne. Addinin yana da alaƙa da kuma ya ƙunshi hukunce hukunce daga da kuma koyarwar Manzon tsira wanda shine ya zo da littafin sannan akwai aƙalla mabiya addinin mutum biliyan ɗaya da ɗugo tara (1.9B).",nei,refutes,refutes,False
afrifact_data_culture_hausa_042,hausa,Abubakar Tafawa  Balewa ya riƙe muƙamin ministan Ayyuka da kuma Sufuri.,Hawan Durbar ko Bikin Durbar wani tsohon bikin al'adane wanda yake gudana shekara-shekara a wasu daga cikin jahohin . Wannan bikin na nuna murnan zuwan karshen watan da kuma gabatar da bikin karamar Sallah da babbar Sallah.,afrifact_data_culture_hausa_364,refutes,Hawan Durbar ko Bikin Durbar wani tsohon bikin al'adane wanda yake gudana shekara-shekara a wasu daga cikin jahohin . Wannan bikin na nuna murnan zuwan karshen watan da kuma gabatar da bikin karamar Sallah da babbar Sallah.,supports,nei,nei,False
afrifact_data_culture_yoruba_770,yoruba,Kò sí ààmì kan pàtó láti fi hàn pé Èṣù máa ń tọ́ni sọ́nà ni.,"Gẹgẹ bi iroyin ta gbọ, ija yii ko sẹyin bi awọn ọmọ ẹgbẹ ọlọkọ ṣe fẹ ja iwe fawọn ọlọkada kan ni agbegbe iyana Iba ni Ojoo. Àwọn iròyin tì ẹ leè ní ìfẹ̀ síí: O soju mi koro kan ti o pe rorukọ ara rẹ ni Ibrahim sọ fun akọroyin pe nkan bi ago mẹjọ aarọ ni wahala yii ti bẹrẹ. ''Ikọlu laarin awọn ọmọ ẹgbẹ NURTW ati awọn ọlọkada lo da ki ni yii silẹ. O ti tan de Alkaba Rago to fi mọ ibudo iwọkọ Volks'' Akure okada attack: Ọlọ́kadà tí àwọn afunrasí darandaran ṣá ní O ṣalaye pe awọn eeyan to wa nibẹ n sa asala fẹmi ara wọn nigba ti awọn ọlọkada naa doju ija kọ awọn ẹgbẹ NURTW . Loju opo Twitter, n ṣe ni orisirisi fọnran fidio gbode nibi tawọn eeyan ti n sare asala kuro nibi wahala naa. Ninu awọn fidio naa si ni wn ti ni ẹmi kan ti bọ sinu wahala naa.",afrifact_data_culture_yoruba_513,supports,"Gẹgẹ bi iroyin ta gbọ, ija yii ko sẹyin bi awọn ọmọ ẹgbẹ ọlọkọ ṣe fẹ ja iwe fawọn ọlọkada kan ni agbegbe iyana Iba ni Ojoo. Àwọn iròyin tì ẹ leè ní ìfẹ̀ síí: O soju mi koro kan ti o pe rorukọ ara rẹ ni Ibrahim sọ fun akọroyin pe nkan bi ago mẹjọ aarọ ni wahala yii ti bẹrẹ. ''Ikọlu laarin awọn ọmọ ẹgbẹ NURTW ati awọn ọlọkada lo da ki ni yii silẹ. O ti tan de Alkaba Rago to fi mọ ibudo iwọkọ Volks'' Akure okada attack: Ọlọ́kadà tí àwọn afunrasí darandaran ṣá ní O ṣalaye pe awọn eeyan to wa nibẹ n sa asala fẹmi ara wọn nigba ti awọn ọlọkada naa doju ija kọ awọn ẹgbẹ NURTW . Loju opo Twitter, n ṣe ni orisirisi fọnran fidio gbode nibi tawọn eeyan ti n sare asala kuro nibi wahala naa. Ninu awọn fidio naa si ni wn ti ni ẹmi kan ti bọ sinu wahala naa.",refutes,refutes,refutes,True
afrifact_data_culture_igbo_083,igbo,Ọ nweghị ihe e mebiri na Lekki Lagos.,"E debara aha ya na Biafra Research and Production (RaP) Directorate nke Prọfesọ Benjamin Chukwuka Nwosu, onye na-ahụ maka physics nuklia. . Iwuanyanwu jere ozi na Rocket Unit nke RaP nke Prọfesọ Gordian Ezekwe bu onye isi. . N'ịbụ ndị nwere obere ohere ịnweta ngwá agha site na ụwa ndị ọzọ, ìgwè ndị nchọpụta a tu kotara uche, wee gụnyere onye na-ahụ maka physics nuklia bu Dọkịta. Felix Oragwu, na-emepụta ihe ntụrụndụ na ngwá agha dị mkpa, ọkachasị Ogbunigwe a na-atụ egwu. . N'ịchọ ịhụ ọrụ, Iwuanyanwu mechara bụrụ onye agha na-arịgo ka ọ bụrụ onyeisi nke otu ndị agha nke Biafra na-ekewapụ onwe ya ma na-edu n'ihu agha.",afrifact_data_culture_igbo_369,nei,"E debara aha ya na Biafra Research and Production (RaP) Directorate nke Prọfesọ Benjamin Chukwuka Nwosu, onye na-ahụ maka physics nuklia. . Iwuanyanwu jere ozi na Rocket Unit nke RaP nke Prọfesọ Gordian Ezekwe bu onye isi. . N'ịbụ ndị nwere obere ohere ịnweta ngwá agha site na ụwa ndị ọzọ, ìgwè ndị nchọpụta a tu kotara uche, wee gụnyere onye na-ahụ maka physics nuklia bu Dọkịta. Felix Oragwu, na-emepụta ihe ntụrụndụ na ngwá agha dị mkpa, ọkachasị Ogbunigwe a na-atụ egwu. . N'ịchọ ịhụ ọrụ, Iwuanyanwu mechara bụrụ onye agha na-arịgo ka ọ bụrụ onyeisi nke otu ndị agha nke Biafra na-ekewapụ onwe ya ma na-edu n'ihu agha.",refutes,nei,nei,False
afrifact_data_culture_yoruba_578,yoruba,"Calcium, carbohydrate, àti proteins ni àwọn èròjà inú àkàrà tó lè múni sanra.",Àwọn wọ̀nyí ni wọ́n ma ń pidán tí wọ́n sì ma ń yí . Egúngún Apẹ̀ṣà. Irúfẹ́ àwọn egúngún wọ̀nyí ló m a ń kọrin ki àwọn ènìyàn. Egúngún Aláago. Àwọn eégún wọ̀nyí jẹ́ egúngún oní fàájì àti bbl. Orúkọ tí wọ́n ń pe àwọn egúngún wọ yí tún yàtọ̀ síra wọn ní ìlú sílú ati àdúgbò sí àdúgbò. Ìtàn nípa Egúngún [ | ] Onirunrun itan lo ro mo Iwasayi tabi ibere egungun sugbon eyi ti a o salaye ni Itan akoni ti a mo si Ogogo omo kulodo.,afrifact_data_culture_yoruba_045,supports,Àwọn wọ̀nyí ni wọ́n ma ń pidán tí wọ́n sì ma ń yí . Egúngún Apẹ̀ṣà. Irúfẹ́ àwọn egúngún wọ̀nyí ló m a ń kọrin ki àwọn ènìyàn. Egúngún Aláago. Àwọn eégún wọ̀nyí jẹ́ egúngún oní fàájì àti bbl. Orúkọ tí wọ́n ń pe àwọn egúngún wọ yí tún yàtọ̀ síra wọn ní ìlú sílú ati àdúgbò sí àdúgbò. Ìtàn nípa Egúngún [ | ] Onirunrun itan lo ro mo Iwasayi tabi ibere egungun sugbon eyi ti a o salaye ni Itan akoni ti a mo si Ogogo omo kulodo.,refutes,supports,supports,False
afrifact_data_culture_hausa_713,hausa,Trump ya goyi bayan 'yan kama karya a lokacin mulkinsa.,"Shaikh Ahmad Sulaiman ya kuma shahara wajen sarrafa harshe a yayin da yake rera AlQur'ani, don mutane da dama daga sassan duniya suna son muryarsa, haka kuma yayin da wasu suke kwaikwayon salon karatunsa.",afrifact_data_culture_hausa_548,nei,"Shaikh Ahmad Sulaiman ya kuma shahara wajen sarrafa harshe a yayin da yake rera AlQur'ani, don mutane da dama daga sassan duniya suna son muryarsa, haka kuma yayin da wasu suke kwaikwayon salon karatunsa.",supports,nei,nei,False
afrifact_data_culture_igbo_329,igbo,Chinwoke Mbadinuju ji ọkwa dịka onye isi ndị amị n'oge Shehu Shagari bụ onye isi ala Naịjirịa.,Omume nke ngagharị iwe ahụ gụnyere 'ịnọdụ ala' site n'aka ụmụ nwanyị.,afrifact_data_culture_igbo_056,supports,Omume nke ngagharị iwe ahụ gụnyere 'ịnọdụ ala' site n'aka ụmụ nwanyị.,refutes,nei,nei,False
afrifact_data_culture_hausa_401,hausa,Mabiya Sunnah sun zaɓi Abubakar ya jagorance su saboda Annabi bai nuna wanda zai bi bayan sa ba.,"Wannan na zuwa ne bayan mummunan harin da ƙungiyar Boko Haram ta kai a ƙauyen Zabarmari, inda aka yi wa manoma yankan rago.",afrifact_data_culture_hausa_763,refutes,"Wannan na zuwa ne bayan mummunan harin da ƙungiyar Boko Haram ta kai a ƙauyen Zabarmari, inda aka yi wa manoma yankan rago.",supports,nei,nei,False
afrifact_data_culture_yoruba_358,yoruba,"Àjọ ìṣọ̀kan àgbáyé sì ti kéde pé tí gbogbo àwùjọ àgbáyé bá ń fún ọmọ lọ́yàn, èyí lè doola ẹ̀mí tó tó ẹgbẹ̀rún lọ́nà ẹgbẹ̀rin.","""Ọpọlọpọ nkan lati n ṣe bayii lati ri i pe ọrọ ijinigbe di afisẹyin ti eegun n fiṣọ. Ati fi kun awọn ọlọpa to n duro loju ọna. Bakan naa ni a ti pe awọn miran ti kii ṣe ọlọpa mọra lati ran wa lọwọ. Ohun ti a fẹ lati ọdọ araalu ni pe ki wọn maa ta wa lolobo, gbadura fun wa, ki wọn si mu suuru diẹ fun wa, ao ṣiṣẹ naa bi iṣẹ A ko mọ boya awọn ajinigbe ti kan si awọn mọlẹbi awọn ti wọn ji gbe, nitori ileeṣẹ ọlọpa kii lọwọ si. Idi ni pe ọpọlọpọ ọdaran yoo maa lo anfaani pe ileeṣẹ ọlọpa faaye gba sisan owo fun ajinigbe lati maa ṣiṣẹ ibi. Ti a ba fun ẹnikan lowo loni, ẹlomii yoo tun wo awokọṣe naa lati ji ẹlomiran gbe. A si maa n rọ awọn araalu lati fi to wa leti ti awọn ajinigbe ba kan si wọn, ṣugbọn o ṣeni laanu pe mọlẹbi awọn ti wọn ba ji gbe kii ṣọ fun wa lasiko ti wọn ba kan si wọn tabi san owo itusilẹ.""",afrifact_data_culture_yoruba_344,refutes,"""Ọpọlọpọ nkan lati n ṣe bayii lati ri i pe ọrọ ijinigbe di afisẹyin ti eegun n fiṣọ. Ati fi kun awọn ọlọpa to n duro loju ọna. Bakan naa ni a ti pe awọn miran ti kii ṣe ọlọpa mọra lati ran wa lọwọ. Ohun ti a fẹ lati ọdọ araalu ni pe ki wọn maa ta wa lolobo, gbadura fun wa, ki wọn si mu suuru diẹ fun wa, ao ṣiṣẹ naa bi iṣẹ A ko mọ boya awọn ajinigbe ti kan si awọn mọlẹbi awọn ti wọn ji gbe, nitori ileeṣẹ ọlọpa kii lọwọ si. Idi ni pe ọpọlọpọ ọdaran yoo maa lo anfaani pe ileeṣẹ ọlọpa faaye gba sisan owo fun ajinigbe lati maa ṣiṣẹ ibi. Ti a ba fun ẹnikan lowo loni, ẹlomii yoo tun wo awokọṣe naa lati ji ẹlomiran gbe. A si maa n rọ awọn araalu lati fi to wa leti ti awọn ajinigbe ba kan si wọn, ṣugbọn o ṣeni laanu pe mọlẹbi awọn ti wọn ba ji gbe kii ṣọ fun wa lasiko ti wọn ba kan si wọn tabi san owo itusilẹ.""",supports,supports,supports,True
afrifact_data_culture_igbo_775,igbo,"BBC Igbo kwuru na ndị na-eso ha na Facebook sị na mmanya ọtọbịrịbịrị, azụ ndụ amịrị amị, data na mmanya beer. esoghi na ihe ndị na-enye ha obi aṅụrị. ","Nwaagbọghọ tozuruoke: Ogogo a bụ mgbe nwaanyị tozuru etozu ịlụ di dịka mkpụrụosisi chara acha na-eche ọghụghọ, Nke a bụ mgbe ọ gbara ihe dịka afọ iri abụọ na otu ruo afọ iri atọ. Ọ nọ na di: Nke a bụ aha a na-enye nwaanyị ma ọ bụrụ na ọ lụọ di. Mgbe ọ lụrụ di ọhụrụ, ndị mpaghara Bende n'Abia Steeti na-akpọ ya 'mgbirichi'. Dịka nwaanyị lụchara di, aha ndị ọzọ a na-etu ya gụnyere Ori aku, Odozi akụ, Oso di eme, Oso di akpa akụ dgz. Di ya maọbụ nwoke nwereike kpọọ ya 'nwunye m', mgbe ahụ ọ ga na-eme ihe a tụrụ anya n'aka ya dịka ị na-achịkọta ezinaụlọ.",afrifact_data_culture_igbo_693,nei,"Nwaagbọghọ tozuruoke: Ogogo a bụ mgbe nwaanyị tozuru etozu ịlụ di dịka mkpụrụosisi chara acha na-eche ọghụghọ, Nke a bụ mgbe ọ gbara ihe dịka afọ iri abụọ na otu ruo afọ iri atọ. Ọ nọ na di: Nke a bụ aha a na-enye nwaanyị ma ọ bụrụ na ọ lụọ di. Mgbe ọ lụrụ di ọhụrụ, ndị mpaghara Bende n'Abia Steeti na-akpọ ya 'mgbirichi'. Dịka nwaanyị lụchara di, aha ndị ọzọ a na-etu ya gụnyere Ori aku, Odozi akụ, Oso di eme, Oso di akpa akụ dgz. Di ya maọbụ nwoke nwereike kpọọ ya 'nwunye m', mgbe ahụ ọ ga na-eme ihe a tụrụ anya n'aka ya dịka ị na-achịkọta ezinaụlọ.",refutes,nei,nei,False
afrifact_data_culture_igbo_227,igbo,"Dr Tedros kwuru na n'izuụka abụọ gara aga, ndị na-ebutebeghị ọrịa ma a gụpụ Chaina dị mmaji iri na abụọ.","N'obodo ụfọdụ, emume ahụ na-ewe otu ụbọchị dum, ebe n'ọtụtụ ebe ọ nwere ike iwe otu izu maọbụ karịa.",afrifact_data_culture_igbo_387,nei,"N'obodo ụfọdụ, emume ahụ na-ewe otu ụbọchị dum, ebe n'ọtụtụ ebe ọ nwere ike iwe otu izu maọbụ karịa.",refutes,nei,nei,False
afrifact_data_culture_igbo_045,igbo,Nwoke ichi Ọzọ gosiri na onye ahụ amalitela ikwu okwu.,Akụkọ ọdịnala a ma ama na-ekwu na otu nwanyị aha ya bụ Dada Nwakata bụ onye mbụ a maara nke ọma na Akwete.,afrifact_data_culture_igbo_198,supports,Akụkọ ọdịnala a ma ama na-ekwu na otu nwanyị aha ya bụ Dada Nwakata bụ onye mbụ a maara nke ọma na Akwete.,nei,nei,nei,True
afrifact_data_culture_igbo_646,igbo,Dave Adenuba bụ kọmishọna ndị Abịa Steeti gwara ndị gọọmentị Enugwu ka ha na-akwụ ndị Enugwu ụgwọ ọnwa oge kwesịrị.,"Ọrụ nrọ na-arụ na ndụ mmadụ BBC Igbo na dibia na-ahụ maka akọnauche bụ Chimezie Elekwachi Lekwas kpara nkata gbasara nrọ, ebe ọ kọwara na nrọ na-arụ ụzọ ọrụ abụọ na ndụ mmadụ. O kwuru na mbụ, nrọ na-egosikarị ihe na-eme mmadụ ọ na-achọghị itinye uche na ya. Ya bụ na mmadụ na-ahụ ụfọdụ ihe na nrọ, o kwesiri inyocha ime onwe ya hụ na ihe ahụ ọ na-ahụ abụghị ihe ọ na-agba nkịtị. Nke abụọ, Lekwas kwuru na nrọ na-abụkwa ihe mere mmadụ maọbụ na-achọ ime mmadụ nke onye ahụ ma kama na ọ na-ekpuchi ya n'ike n'ike. Ya bụ mmadụ nwereike ịgabiga ihe dị oke egwu nke ọ na-achọghị icheta, o mechaa, ihe ahụ a na-achụ ya na nrọ.",afrifact_data_culture_igbo_638,supports,"Ọrụ nrọ na-arụ na ndụ mmadụ BBC Igbo na dibia na-ahụ maka akọnauche bụ Chimezie Elekwachi Lekwas kpara nkata gbasara nrọ, ebe ọ kọwara na nrọ na-arụ ụzọ ọrụ abụọ na ndụ mmadụ. O kwuru na mbụ, nrọ na-egosikarị ihe na-eme mmadụ ọ na-achọghị itinye uche na ya. Ya bụ na mmadụ na-ahụ ụfọdụ ihe na nrọ, o kwesiri inyocha ime onwe ya hụ na ihe ahụ ọ na-ahụ abụghị ihe ọ na-agba nkịtị. Nke abụọ, Lekwas kwuru na nrọ na-abụkwa ihe mere mmadụ maọbụ na-achọ ime mmadụ nke onye ahụ ma kama na ọ na-ekpuchi ya n'ike n'ike. Ya bụ mmadụ nwereike ịgabiga ihe dị oke egwu nke ọ na-achọghị icheta, o mechaa, ihe ahụ a na-achụ ya na nrọ.",refutes,nei,nei,False
afrifact_data_culture_igbo_664,igbo,Ụfọdụ ụmụnwaanyị ka a na-awa afọ ma ha chọọ ịmụ nwa. Ụfọdụ na-amụrụ onwe ha nwa.,Ọ bụ ebe obibi nke ndị Oyi.,afrifact_data_culture_igbo_061,refutes,Ọ bụ ebe obibi nke ndị Oyi.,nei,nei,nei,True
afrifact_data_culture_yoruba_559,yoruba,Kò sí ibi tí èèyàn ò lè gbojú omi dé ní gbogbo àgbáyé.,Oṣìnlokùn àti àwọn alátìlẹyìn rẹ̀ dúró gẹ́gẹ́ bí i lòdì sí ìjọba Àdèlé. Èyí fà á kí òpin wá sí ìjọba Àdèlé ní 1819 nípasẹ̀ ẹ̀gbọ́n rẹ̀ Oṣìnlokùn. Ìṣẹ̀lẹ̀ yìí náà ni ó fà á kí Àdèlé sí kúrò ní Èkó lọ sí Badagry tí ó sì jẹ gẹ́gẹ́ bí olórí níbẹ̀.,afrifact_data_culture_yoruba_608,refutes,Oṣìnlokùn àti àwọn alátìlẹyìn rẹ̀ dúró gẹ́gẹ́ bí i lòdì sí ìjọba Àdèlé. Èyí fà á kí òpin wá sí ìjọba Àdèlé ní 1819 nípasẹ̀ ẹ̀gbọ́n rẹ̀ Oṣìnlokùn. Ìṣẹ̀lẹ̀ yìí náà ni ó fà á kí Àdèlé sí kúrò ní Èkó lọ sí Badagry tí ó sì jẹ gẹ́gẹ́ bí olórí níbẹ̀.,nei,supports,supports,False
afrifact_data_culture_yoruba_158,yoruba,Èdè Yorùbá àti èdè Kwa kò fi ibì kankan ní ìbátan rárá àti rárá.,"Awọn ere idaraya yii ma n jẹ ki ifẹ gbooro si laarin awọn ewe ati ọdọ ni agboole si agboole, ati wi pe, o ma n wu awọn ọmọde naa lati tete dagba ni kiakia, nitori naa ni wọn ṣe n ṣe awọn ere ohun. Erebọọlu lo pọ ju laarin awọn ọmọkunrin gẹgẹ bi ere ṣiṣe, amọ awọn ere ọmọde wọnyiii wa ti wọn tun kundun lati ma a ṣe, paapaa ti wọn ba de lati ile iwe ati labẹ osupa lalẹ ti wọn ba de ile. Awọn ere ọmọde to wọpọ laye igba kan: Ere Tẹ́ntẹ́: Ti wọn ba fẹ ṣe ere yii, awọn ọmọdebinrin a kọju si ara wọn, wọn a si ma a patẹwọ, ti wọn a si maa gbe ẹsẹ wọn bakan naa si orin Tẹ́ntẹ́ ti wọn ba n kọ.",afrifact_data_culture_yoruba_493,nei,"Awọn ere idaraya yii ma n jẹ ki ifẹ gbooro si laarin awọn ewe ati ọdọ ni agboole si agboole, ati wi pe, o ma n wu awọn ọmọde naa lati tete dagba ni kiakia, nitori naa ni wọn ṣe n ṣe awọn ere ohun. Erebọọlu lo pọ ju laarin awọn ọmọkunrin gẹgẹ bi ere ṣiṣe, amọ awọn ere ọmọde wọnyiii wa ti wọn tun kundun lati ma a ṣe, paapaa ti wọn ba de lati ile iwe ati labẹ osupa lalẹ ti wọn ba de ile. Awọn ere ọmọde to wọpọ laye igba kan: Ere Tẹ́ntẹ́: Ti wọn ba fẹ ṣe ere yii, awọn ọmọdebinrin a kọju si ara wọn, wọn a si ma a patẹwọ, ti wọn a si maa gbe ẹsẹ wọn bakan naa si orin Tẹ́ntẹ́ ti wọn ba n kọ.",refutes,supports,supports,False
afrifact_data_culture_yoruba_691,yoruba,"Ní ilẹ̀ Yorùbá, láàárín ọdún 1988 sí ọdún 1999, wọ́n fi àwọn awo mẹ́ta ṣe olùdarí àwọn ẹgbẹ́ ọ̀tọ̀ọ̀tọ̀.","Moshood Káṣìmawòó Ọláwálé Abíọ́lá ( , - , ) tí ó túmọ̀ sí M.K.O Abíọ́lá jẹ́ ọmọ orílẹ̀ èdè . A bi ní ìlú ní . Ó jẹ́ oníṣòẁò,òǹtẹ̀wé, olóṣèlú àti olóyè ilẹ̀ pàtàpátá. Ó díje sí ipò Ààrẹ orílẹ̀-èdè ní ọdún 1993, òun náà sì ni gbogbo ènìyàn gbàgbọ́ tí wọ́n sì fẹnukò sí jákè-jádò orílẹ-èdè wípé ó jáwé olúborí nígbà tí olóri ìjọba ológun ìgbà náà kò kéde rẹ̀ gẹ́gẹ́ bí olúborí ètò ìdìbò náà tí ó sì tun fi ẹ̀sùn àìṣòtítọ́ àti àìṣòdodo ètò ìdìbò kan.",afrifact_data_culture_yoruba_725,refutes,"Moshood Káṣìmawòó Ọláwálé Abíọ́lá ( , - , ) tí ó túmọ̀ sí M.K.O Abíọ́lá jẹ́ ọmọ orílẹ̀ èdè . A bi ní ìlú ní . Ó jẹ́ oníṣòẁò,òǹtẹ̀wé, olóṣèlú àti olóyè ilẹ̀ pàtàpátá. Ó díje sí ipò Ààrẹ orílẹ̀-èdè ní ọdún 1993, òun náà sì ni gbogbo ènìyàn gbàgbọ́ tí wọ́n sì fẹnukò sí jákè-jádò orílẹ-èdè wípé ó jáwé olúborí nígbà tí olóri ìjọba ológun ìgbà náà kò kéde rẹ̀ gẹ́gẹ́ bí olúborí ètò ìdìbò náà tí ó sì tun fi ẹ̀sùn àìṣòtítọ́ àti àìṣòdodo ètò ìdìbò kan.",nei,nei,nei,True
afrifact_data_culture_hausa_754,hausa,Tarihi ya nuna cewa ba a jituwa tsakanin ƙasar Iran da ta Amurka.,"yi amfani da goro a matsayin kuɗi, bukukuwan addini, ko kuma ƙulla yarjejeniyar zumunta (kamar aure da sauransu)"" kamar yadda aka wallafa a shafin Jami'ar California ta ƙasar Amurka . Shi kuwa Ugwu da Tawagarsa (2020), c",afrifact_data_culture_hausa_324,supports,"yi amfani da goro a matsayin kuɗi, bukukuwan addini, ko kuma ƙulla yarjejeniyar zumunta (kamar aure da sauransu)"" kamar yadda aka wallafa a shafin Jami'ar California ta ƙasar Amurka . Shi kuwa Ugwu da Tawagarsa (2020), c",nei,supports,supports,False
afrifact_data_culture_hausa_658,hausa,"20 ga watan Afrilu, 2025, darajar Naira ta karye zuwa ₦1,629 kan kowacce dala a kasuwar musayar kuɗi ta Najeriya.",Wanda a faifan bidiyon ya caccaki Gwamnan jihar Kaduna da sauran gwamnoni kan hana Sallar Idi a jihohinsu.,afrifact_data_culture_hausa_534,supports,Wanda a faifan bidiyon ya caccaki Gwamnan jihar Kaduna da sauran gwamnoni kan hana Sallar Idi a jihohinsu.,nei,nei,nei,True
afrifact_data_culture_hausa_690,hausa,Jami'an gwamnati da yawa ba su bi ƙa'idar korona ba lokacin da aka yi jana'izar Abba Kyari.,"Sanya hijabi da wajibi ne ba wai ra'ayi bane, Allah ne da kanshi ya wajabta wa matan Musulmi sanya shi. matan musulmi sanye da hijabi hijab da niqab Tabbas Hijabi wajibi ne ga ko wace Musulma kuma a ko wane zamani ne, saboda haka dan'uwa mata musamman ƴan'mata da zawarawa da matan da duk wata Musulma balagaggiya mai hankali sai ku kula hijabi ba ado bane a'a addini ne ya zo dashi, Allah shine ya wajabta maku shi kada ku biye zamani ku halaka, wata babbar fitina da mata suke gani kamar ba komai bace, itace barin gashin kansu a waje, kisani idan kika bar gashin kanki a waje kika fita ko kika bari ajnabiyyin ki ya gani kina cikin azabar Allah sai dai idan kin tuba.",afrifact_data_culture_hausa_662,nei,"Sanya hijabi da wajibi ne ba wai ra'ayi bane, Allah ne da kanshi ya wajabta wa matan Musulmi sanya shi. matan musulmi sanye da hijabi hijab da niqab Tabbas Hijabi wajibi ne ga ko wace Musulma kuma a ko wane zamani ne, saboda haka dan'uwa mata musamman ƴan'mata da zawarawa da matan da duk wata Musulma balagaggiya mai hankali sai ku kula hijabi ba ado bane a'a addini ne ya zo dashi, Allah shine ya wajabta maku shi kada ku biye zamani ku halaka, wata babbar fitina da mata suke gani kamar ba komai bace, itace barin gashin kansu a waje, kisani idan kika bar gashin kanki a waje kika fita ko kika bari ajnabiyyin ki ya gani kina cikin azabar Allah sai dai idan kin tuba.",supports,refutes,refutes,False
afrifact_data_culture_hausa_648,hausa,Raƙumi na iya tafiya a cikin hamada ko da ana iska mai karfi.,"Fadar shugaban kasar ta kuma bayyana cewa, ba tare da tuntubar bangaren zartarwa ba, majalisar ta kara wa kanta kudaden da yawansu ya haura naira biliyan 14, wanda a ya sa a yanzu take da kasafin sama da naira biliyan 139 maimaikon naira biliyan 125 da aka ware mata tun da fari.",afrifact_data_culture_hausa_824,nei,"Fadar shugaban kasar ta kuma bayyana cewa, ba tare da tuntubar bangaren zartarwa ba, majalisar ta kara wa kanta kudaden da yawansu ya haura naira biliyan 14, wanda a ya sa a yanzu take da kasafin sama da naira biliyan 139 maimaikon naira biliyan 125 da aka ware mata tun da fari.",supports,supports,supports,True
afrifact_data_culture_hausa_016,hausa,Sir Ahmadu Bello bai samu shiga majalisar ƙasa a shekarar 1949 ba.,"Ya ce dole ce ta sa aka rufe dakin gwajin cutar kwaya daya a Kano, saboda uku daga cikin ma'aikatan da ke gwajin sun kamu da cutar, sannan an killace sauran duka ma'aikatan.",afrifact_data_culture_hausa_720,supports,"Ya ce dole ce ta sa aka rufe dakin gwajin cutar kwaya daya a Kano, saboda uku daga cikin ma'aikatan da ke gwajin sun kamu da cutar, sannan an killace sauran duka ma'aikatan.",nei,nei,nei,True
afrifact_data_culture_igbo_393,igbo,Chibuike Rotimi Amaechi kwuru okwu n'afọ 2022 sị na agụmakwụkọ bara uru maka ụmụaka Nigeria,Obi bụ onyeisi oche nke Fidelity Bank tupu ọ hapụ ọnọdụ ahụ ịbanye na ndọrọ ndọrọ ọchịchị.,afrifact_data_culture_igbo_488,supports,Obi bụ onyeisi oche nke Fidelity Bank tupu ọ hapụ ọnọdụ ahụ ịbanye na ndọrọ ndọrọ ọchịchị.,nei,nei,nei,True
afrifact_data_culture_igbo_316,igbo,Ndị Anambra North na South nwere otu ụdị omenala e jiri mara ha,Ekweremadu (a mụrụ n'ụbọchị nke 12 n'ọnwa Mee n'afọ 1962) bụ onye ndọrọ ndọrọ ọchịchị na onye ọka iwu si nke jere ozi na Senate nke Naịjirịa kemgbe Mee afọ 2003,afrifact_data_culture_igbo_378,supports,Ekweremadu (a mụrụ n'ụbọchị nke 12 n'ọnwa Mee n'afọ 1962) bụ onye ndọrọ ndọrọ ọchịchị na onye ọka iwu si nke jere ozi na Senate nke Naịjirịa kemgbe Mee afọ 2003,nei,nei,nei,True
afrifact_data_culture_igbo_252,igbo,"Rachael Okonkwo malitere ime ihe nkiri mgbe ọ bụ nwata, mana n'ihi Ọ naghị enweta ọrụ, ọ gbanwere ọrụ ya n'ịgba egwu.","Na 1957, e mere ya Minister nke Azụmahịa.",afrifact_data_culture_igbo_297,nei,"Na 1957, e mere ya Minister nke Azụmahịa.",supports,nei,nei,False
afrifact_data_culture_igbo_079,igbo,Wike gwara ha aṅala Nnadị Kanu nti.,A na-eche na ọtụtụ mmadụ anwụọla na mpaghara Festac dị na Legọs a na-akpọ Abule Ado dịka igwe na-ebu gassị nwuru ọkụ ma gbaa ka ogbunigwe n'ụtụtụ Sọnde. Ebe a mberede a mere dị n'okpuru ọchịchi Amaọdofin. Onye ntaakụkọ BBC nọ n'ebe ahụ n'akọwa na-ana eme nyocha ka achọpụta ụdịrị mmanụ igwe ahụ bụ. Ndị ọrụ gbata gbata dị iche iche nọkwa ebe ahụ.,afrifact_data_culture_igbo_603,nei,A na-eche na ọtụtụ mmadụ anwụọla na mpaghara Festac dị na Legọs a na-akpọ Abule Ado dịka igwe na-ebu gassị nwuru ọkụ ma gbaa ka ogbunigwe n'ụtụtụ Sọnde. Ebe a mberede a mere dị n'okpuru ọchịchi Amaọdofin. Onye ntaakụkọ BBC nọ n'ebe ahụ n'akọwa na-ana eme nyocha ka achọpụta ụdịrị mmanụ igwe ahụ bụ. Ndị ọrụ gbata gbata dị iche iche nọkwa ebe ahụ.,refutes,supports,supports,False
afrifact_data_culture_igbo_458,igbo,Dora Akunyili bụ onye ji ọkwa mịnịsịta na-ahụ maka mgbasa ozi na Naiịjiria ruo ihe dị ka afọ abụọ,"Ọ nweela ọtụtụ nturu ugo na nkwanye ugwu n'etiti ndị a, Ọchịagha nke gọọmentị etiti, CFR onye nyere , Onye isi ala nke gọọmentị etiti Naịjirịa The Forces Service Star (FSS) nke ndị Amị nyere ya. (FSS) onyinye Meritorious Service Star (MSS) nke ndị agha Naịjirịa nyere . Distinguished Service Star (DSS) nke ndị agha Naịjirịa nyegoro ha . Grand Service Star (GSS) nke ndị Amị Naịjirịa nyere ya. Passed Staff College(psc (+)) nke ndị agha Naịjirịa ",afrifact_data_culture_igbo_529,refutes,"Ọ nweela ọtụtụ nturu ugo na nkwanye ugwu n'etiti ndị a, Ọchịagha nke gọọmentị etiti, CFR onye nyere , Onye isi ala nke gọọmentị etiti Naịjirịa The Forces Service Star (FSS) nke ndị Amị nyere ya. (FSS) onyinye Meritorious Service Star (MSS) nke ndị agha Naịjirịa nyere . Distinguished Service Star (DSS) nke ndị agha Naịjirịa nyegoro ha . Grand Service Star (GSS) nke ndị Amị Naịjirịa nyere ya. Passed Staff College(psc (+)) nke ndị agha Naịjirịa ",supports,supports,supports,True
afrifact_data_culture_igbo_035,igbo,"N'ime ụdị ihe abụọ e ji arụ ọja, nke na-anaghị anọte aka bụ nke osisi","Ha na-akpa ike na Cameroon, Chad na Nijey.",afrifact_data_culture_igbo_204,supports,"Ha na-akpa ike na Cameroon, Chad na Nijey.",refutes,nei,nei,False
afrifact_data_culture_igbo_658,igbo,Ndị agha U.S anwakpola ndị agha Naịjirịa. Gọọmentị Naịjirịa na-arịọ ka ndị amala Naịjirịa gbatara ha ọsọ enyemaka.,"Ọ banyere na ndị agha Biafran na 1966. Agha Biafra [ | ] N'oge agha Biafra nke 1967 ruo 1970, o soro ndị lụọ agha.",afrifact_data_culture_igbo_342,supports,"Ọ banyere na ndị agha Biafran na 1966. Agha Biafra [ | ] N'oge agha Biafra nke 1967 ruo 1970, o soro ndị lụọ agha.",nei,nei,nei,True
afrifact_data_culture_igbo_446,igbo,"Gọọmentị Nigeria boro Nnamdị Kanụ ebubo aghụghọ, nwụchie ya ma jigide ya n'ụlọ mkpọrọ n'afọ 2015",Nnamdi Kanu Facebook ban: Ndị otu Ipob etiela mkpụ maka etu e si wetuo akara Facebook onye ndu ha Nke a bụ azịza ha nyere maka ajụjụ BBC Igbo jụrụ ha gbasara ihe kpatara ha ji chụọ Nnamdi Kanu ọsọ ụkwụ eru ala.,afrifact_data_culture_igbo_544,nei,Nnamdi Kanu Facebook ban: Ndị otu Ipob etiela mkpụ maka etu e si wetuo akara Facebook onye ndu ha Nke a bụ azịza ha nyere maka ajụjụ BBC Igbo jụrụ ha gbasara ihe kpatara ha ji chụọ Nnamdi Kanu ọsọ ụkwụ eru ala.,supports,supports,supports,True
afrifact_data_culture_yoruba_409,yoruba,Bákan náà ni ìjínigbé ń wáyé ní ẹ̀kun Ààrin gbùngbùn Gúúsù orílẹ̀-èdè Nàìjíríà níbi tí wíwa epo rọ̀bì ti ń wáyé.,"Àmàlà jẹ ounjẹ ti o wọpọ ni jijẹ laarin eya Yoruba ni Naijiria. Oriṣiriṣi ọbẹ la le fijẹ pẹlu, ọbẹ bi ẹfọ, ila, ọgbọnọ, ẹgusi, ewedu, gbẹgiri ati bẹ bẹ lọ. Àmàlà pe loriṣiriṣi bi àmàlà iṣu, àmàlà lafun ati àmàlà ọgẹdẹ.",afrifact_data_culture_yoruba_657,supports,"Àmàlà jẹ ounjẹ ti o wọpọ ni jijẹ laarin eya Yoruba ni Naijiria. Oriṣiriṣi ọbẹ la le fijẹ pẹlu, ọbẹ bi ẹfọ, ila, ọgbọnọ, ẹgusi, ewedu, gbẹgiri ati bẹ bẹ lọ. Àmàlà pe loriṣiriṣi bi àmàlà iṣu, àmàlà lafun ati àmàlà ọgẹdẹ.",nei,supports,supports,False
afrifact_data_culture_yoruba_634,yoruba,Fásítì Èkó ló jáwé borí nínú ìdíje pẹ̀lú àwọn ilé ẹ̀kọ́ gíga mẹ́wàá mìíràn.,"Gomina Seyi Makinde ko jẹ ko pẹ pupọ lẹyin aṣeyọri yii, to fi fi ọrọ ikini ranṣẹ si Arapaja. Loju opo Facebook rẹ, o kọ sibẹ pe asiko to bayi lati bẹrẹ atunto ati igbelarugẹ ẹgbẹ PDP pada. Awọn aṣoju ẹgbẹ wọnyii ni yoo maa ṣoju ẹgbẹ PDP bọrọ ba kan gbogbo Naijiria. Lara awọn ipinlẹ ti ẹgbẹ oṣelu PDP yii ti fẹsẹ mulẹ ni Oyo wa, ti Gomina Seyi Makinde ṣi n gbiyanju lati pẹka ẹgbẹ naa de awọn ipinlẹ mii ni ẹkun iwọ oorun Guusu Naijiria. Gbà fún ọ̀gá ẹ! Fayose gbà pé Makinde ni olórí ẹgbẹ́ PDP nílẹ̀ Yorùbá Gomina ipinlẹ Ekiti tẹlẹ, Ayodele Fayose sọ bẹẹ nibi ipade gbogboogbo ẹgbẹ oṣelu PDP to waye ni ilu Osogbo. O dabi ẹni pe awuyewuye iwọ o jumi, emi o ju ọ laarin Gomina Seyi Makinde ipinlẹ Oyo ati Gomina ipinlẹ Ekiti tẹlẹ ri, Ayodele Fayose ti f'ẹnu ko sibi kan bayii.",afrifact_data_culture_yoruba_285,supports,"Gomina Seyi Makinde ko jẹ ko pẹ pupọ lẹyin aṣeyọri yii, to fi fi ọrọ ikini ranṣẹ si Arapaja. Loju opo Facebook rẹ, o kọ sibẹ pe asiko to bayi lati bẹrẹ atunto ati igbelarugẹ ẹgbẹ PDP pada. Awọn aṣoju ẹgbẹ wọnyii ni yoo maa ṣoju ẹgbẹ PDP bọrọ ba kan gbogbo Naijiria. Lara awọn ipinlẹ ti ẹgbẹ oṣelu PDP yii ti fẹsẹ mulẹ ni Oyo wa, ti Gomina Seyi Makinde ṣi n gbiyanju lati pẹka ẹgbẹ naa de awọn ipinlẹ mii ni ẹkun iwọ oorun Guusu Naijiria. Gbà fún ọ̀gá ẹ! Fayose gbà pé Makinde ni olórí ẹgbẹ́ PDP nílẹ̀ Yorùbá Gomina ipinlẹ Ekiti tẹlẹ, Ayodele Fayose sọ bẹẹ nibi ipade gbogboogbo ẹgbẹ oṣelu PDP to waye ni ilu Osogbo. O dabi ẹni pe awuyewuye iwọ o jumi, emi o ju ọ laarin Gomina Seyi Makinde ipinlẹ Oyo ati Gomina ipinlẹ Ekiti tẹlẹ ri, Ayodele Fayose ti f'ẹnu ko sibi kan bayii.",nei,supports,supports,False
afrifact_data_culture_igbo_260,igbo,Phyno chọburu ịbụ onye ọkwọ ụgbọ mmiri mana a gwara ya na ọ ga-abụ dọkịta.,"World Health Organisation' kwuru na ụmụnwaanyị e biri ugwu n'ụwa karịrị nde narị abụọ (200 million). Mana onweghị otu mkpụrụ uru ibi ugwu na-abara ụmụnwaanyị, naanị ọghọm jupụtara ya. Ya mere ha ji wepụta ụbọchị isii nke ọnwa Febrụwarị kwa afọ dịka ụbọchị iji gbaa mbọ maka ịkwụsị ibi ugwu ụmụ nwaanyị.",afrifact_data_culture_igbo_706,nei,"World Health Organisation' kwuru na ụmụnwaanyị e biri ugwu n'ụwa karịrị nde narị abụọ (200 million). Mana onweghị otu mkpụrụ uru ibi ugwu na-abara ụmụnwaanyị, naanị ọghọm jupụtara ya. Ya mere ha ji wepụta ụbọchị isii nke ọnwa Febrụwarị kwa afọ dịka ụbọchị iji gbaa mbọ maka ịkwụsị ibi ugwu ụmụ nwaanyị.",supports,supports,supports,True
afrifact_data_culture_yoruba_555,yoruba,Gaàrí funfun àti Gaàrí yẹ́lò jẹ́ oríṣi Gaàrí méjì tó wà ní ìwọ̀ oòrùn orílẹ̀-èdè Nàìjíríà.,"Ti ẹ ko ba gbagbe, lọjọ ti eto idibo naa waye, ọtọ ni awọn ti ẹgbẹ oṣelu All Progressives Congress to jẹ ẹgbẹ to wa ni iṣakoso, ati ẹgbẹ to ni aṣofin ju n ile fi ọwọ si. Buhari nìkan kọ́ ni aṣíwájú táwọn èèyàn dẹ́yẹsí 'Mí ò sí lára awọ̀n aṣòfin tó bú Buhari'' Amọ ṣa, niṣe ni Bukọla Saraki ati Yakubu Dogara ati awọn ọmọ ẹgbẹ oṣelu PDP gba 'ọna ẹburu' lati ṣeto idibo naa laisi awọn ọmọ ẹgbẹ APC nile, botilẹjẹ pe ọmọ ẹgbẹ naa ni awọn naa jẹ. Awọn alaṣẹ ẹgbẹ oṣelu APC pe ipade fun awọn aṣofin to jẹ ọmọ ẹgbẹ wọn lati jiroro lori bi wọn yooo ṣe yan awọn olori ile aṣofin, ti awọn ọmọ ẹgbẹ PDP si lo anfaani naa lati sẹto idibo.",afrifact_data_culture_yoruba_280,nei,"Ti ẹ ko ba gbagbe, lọjọ ti eto idibo naa waye, ọtọ ni awọn ti ẹgbẹ oṣelu All Progressives Congress to jẹ ẹgbẹ to wa ni iṣakoso, ati ẹgbẹ to ni aṣofin ju n ile fi ọwọ si. Buhari nìkan kọ́ ni aṣíwájú táwọn èèyàn dẹ́yẹsí 'Mí ò sí lára awọ̀n aṣòfin tó bú Buhari'' Amọ ṣa, niṣe ni Bukọla Saraki ati Yakubu Dogara ati awọn ọmọ ẹgbẹ oṣelu PDP gba 'ọna ẹburu' lati ṣeto idibo naa laisi awọn ọmọ ẹgbẹ APC nile, botilẹjẹ pe ọmọ ẹgbẹ naa ni awọn naa jẹ. Awọn alaṣẹ ẹgbẹ oṣelu APC pe ipade fun awọn aṣofin to jẹ ọmọ ẹgbẹ wọn lati jiroro lori bi wọn yooo ṣe yan awọn olori ile aṣofin, ti awọn ọmọ ẹgbẹ PDP si lo anfaani naa lati sẹto idibo.",supports,supports,supports,True
afrifact_data_culture_hausa_628,hausa,Waƙa abu ne da ake yin shi domin fita daga cikin damuwa.,"A baya Japan ta kasance kasar da aka fi samun masu kashe kansu a tsakanin kasashen da suka ci gaba. Sai dai a cikin shekaru goma da suka wuce, kasar ta yi nasarar rage yawan masu kashe kansu inda take a mataki na uku.",afrifact_data_culture_hausa_693,refutes,"A baya Japan ta kasance kasar da aka fi samun masu kashe kansu a tsakanin kasashen da suka ci gaba. Sai dai a cikin shekaru goma da suka wuce, kasar ta yi nasarar rage yawan masu kashe kansu inda take a mataki na uku.",nei,refutes,refutes,False
afrifact_data_culture_hausa_791,hausa,Tawagar yaƙin zaɓen Trump sun dage da kamfen a jihar Florida saboda muhimmanci ta wurin cin zaɓen shugaban ƙasa,"Daga ranar 20 ga watan Yunin 2016, Naira ta samu damar yin iyo, bayan da aka sanya ta a kan ₦197 zuwa dalar Amurka 1 na tsawon watanni. Ciniki[a cewar wane?] ya yi hasashen yawan adadin naira zai kasance tsakanin ₦280 da ₦350 zuwa dala. A watan Oktoban 2021, Shugaba Muhammadu Buhari ya kaddamar da eNaira, nau'in dijital na kudin jihar a Najeriya.",afrifact_data_culture_hausa_658,nei,"Daga ranar 20 ga watan Yunin 2016, Naira ta samu damar yin iyo, bayan da aka sanya ta a kan ₦197 zuwa dalar Amurka 1 na tsawon watanni. Ciniki[a cewar wane?] ya yi hasashen yawan adadin naira zai kasance tsakanin ₦280 da ₦350 zuwa dala. A watan Oktoban 2021, Shugaba Muhammadu Buhari ya kaddamar da eNaira, nau'in dijital na kudin jihar a Najeriya.",supports,refutes,refutes,False
afrifact_data_culture_igbo_528,igbo,"Emmanuel Nnamdị Ụba ji ọkwa dị ka Gọvanọ Anambra Steeti naanị ọnwa atọ, bido na April 2007 rue Juunu 2007",Ndị agha kwaga Borno ozugbo! Muhammadu Buhari na ndị isi agha Naịjirịa Gọọmenti etiti enyela ọchịagha Tukur Buratai iwu ya kwara ngwongwo ya gafee n'ọwaanyụ nke ukwu awusa ka ọ ga mara ebe ya bụ asuruasu dowere akaodo. Minista na ahụ maka ndị agha bụ Mansur Dan-Ali kwuputara nke a n'Abuja ụnyahụ.,afrifact_data_culture_igbo_739,refutes,Ndị agha kwaga Borno ozugbo! Muhammadu Buhari na ndị isi agha Naịjirịa Gọọmenti etiti enyela ọchịagha Tukur Buratai iwu ya kwara ngwongwo ya gafee n'ọwaanyụ nke ukwu awusa ka ọ ga mara ebe ya bụ asuruasu dowere akaodo. Minista na ahụ maka ndị agha bụ Mansur Dan-Ali kwuputara nke a n'Abuja ụnyahụ.,supports,nei,nei,False
afrifact_data_culture_hausa_528,hausa,Anyi zargin cewa Shekarau ya na da hannu a cikin kisan da aka yi wa Sheikh Ja'afar Mahmud Adam.,"Sakkwato ita ce ta biyu a fannin kiwon dabbobi a cikin dabbobin ƙasar sama da miliyan takwas. Samuwar wannan ƙarfin tattalin arziki yana ba da kyakkyawar damar saka hannun jari, musamman a masana'antun da ke kawance da gona irin su injin garin fulawa, sarrafa tumatir, tace sukari, masaku, manne, tanning, kifin gwangwani, da sauransu.",afrifact_data_culture_hausa_223,refutes,"Sakkwato ita ce ta biyu a fannin kiwon dabbobi a cikin dabbobin ƙasar sama da miliyan takwas. Samuwar wannan ƙarfin tattalin arziki yana ba da kyakkyawar damar saka hannun jari, musamman a masana'antun da ke kawance da gona irin su injin garin fulawa, sarrafa tumatir, tace sukari, masaku, manne, tanning, kifin gwangwani, da sauransu.",supports,refutes,refutes,False
afrifact_data_culture_yoruba_548,yoruba,Olóyè Ọbásanjọ́ jẹ́ ọ̀kan lára àwọn ọ̀gagun tí wọ́n fi ipá yọ kúrò nínú ipò. Ó sì ti dé ìgbà mẹ́ta tí Ọbásanjọ́ jẹ́ Ààrẹ orílẹ̀-èdè Nàìjíríà.,"Ọjọ Aiku la mu iroyin wa fun yin pe Kabiyesi naa fun Olori Memunat Omowunmi ni ẹbun ile alarinrin kan nilu Ibadan. Amọ olori keji, Aishat Folasade toun naa gba ẹbun ile alarinrin mii naa ti kede sita loju opo ibanidọrẹpọ rẹ pe oriire naa kan oun.",afrifact_data_culture_yoruba_342,supports,"Ọjọ Aiku la mu iroyin wa fun yin pe Kabiyesi naa fun Olori Memunat Omowunmi ni ẹbun ile alarinrin kan nilu Ibadan. Amọ olori keji, Aishat Folasade toun naa gba ẹbun ile alarinrin mii naa ti kede sita loju opo ibanidọrẹpọ rẹ pe oriire naa kan oun.",refutes,supports,supports,False
afrifact_data_culture_igbo_149,igbo,Mpaghara ọdịbendị na asụsụ nkịtị na ndịda bụ Ala Awụsa.," Nwa nwaanyị Nke a bụ aha a na-akpọ nwaanyị site na mgbe a mụrụ ya ọhụrụ ruo mgbe ọ gbara ihe dịka otu afọ. Ọ bụrụ na o ruo afọ abụọ gawa afọ ,a kpọọ ya 'nwata nwaanyị na-etolite etolite'. O nwereike ọ bụrụ na ọ bụ nwaanyị e bu ụzọ mụọ, a ga-akpọ ya 'Nwada nwaanyị'. Obere agbọghọ A na-akpọ nwaanyị 'obere agbọghọ' ma ọ bụrụ na o tolite site n'afọ itoolu ruo afọ iri na itoolu. Mgbe ahụ e nweela mgbanwe n'ahụ ya nke gụnyere; ịkpụ ara, ịgba ajị abụ na nke ngada, ịhụ nsọ ya nakwa mgbanwe ndị ọzọ. Site n'afọ iri na asatọ gawa ruo afọ iri abụọ na otu, e nwereike ịkpọ ya 'Agbọghọ nwaanyị'.",afrifact_data_culture_igbo_696,supports," Nwa nwaanyị Nke a bụ aha a na-akpọ nwaanyị site na mgbe a mụrụ ya ọhụrụ ruo mgbe ọ gbara ihe dịka otu afọ. Ọ bụrụ na o ruo afọ abụọ gawa afọ ,a kpọọ ya 'nwata nwaanyị na-etolite etolite'. O nwereike ọ bụrụ na ọ bụ nwaanyị e bu ụzọ mụọ, a ga-akpọ ya 'Nwada nwaanyị'. Obere agbọghọ A na-akpọ nwaanyị 'obere agbọghọ' ma ọ bụrụ na o tolite site n'afọ itoolu ruo afọ iri na itoolu. Mgbe ahụ e nweela mgbanwe n'ahụ ya nke gụnyere; ịkpụ ara, ịgba ajị abụ na nke ngada, ịhụ nsọ ya nakwa mgbanwe ndị ọzọ. Site n'afọ iri na asatọ gawa ruo afọ iri abụọ na otu, e nwereike ịkpọ ya 'Agbọghọ nwaanyị'.",nei,supports,supports,False
afrifact_data_culture_yoruba_522,yoruba,"Ọba Wahab Kayode Oyedọtun ní Ọọ̀ni ti ìlú Ilé-Ifẹ̀ ló pe ìpàdé pàjáwìrì àwọn lọ́balọ́ba fún fún ìjíròrò, láti mọ ohun tó fa aáwọ̀ láàárín Olúwo àti Agbowu.","Sunday Igboho gba àwọn èèyàn Soka n'Ibadan sílẹ̀ lọ́wọ́ àwọn ọmọ onílẹ̀ tó wá ṣọṣẹ́ Ọrọ di boo lọ, ko yago fun mi ladugbo Soka nilu Ibadan lasiko ti gende meji to gbe ohun ija oloro lọwọ, ti wọn pe ara wọn ni ọmọ onilẹ ya bo agbegbe naa. Owurọ ọjọ Isẹgun ana niroyin gba igboro Ibadan kan, tawọn eeyan si n pe sori redio gbogbo nilu naa pe ẹmi awọn eeyan to n gbe ladugbo naa ko de tori awọn gende agbebọn to ya bo wọn. Àwọn iròyin tì ẹ leè ní ìfẹ̀ síí: A gbọ pe se ni iro ibọn n dun lakọ-lakọ, tawọn eeyan si n sa asala fun ẹmi lasiko ti awọn ọmọ onilẹ ọhun ni ki awọn onile gbe ile wọn kuro lori ilẹ awọn. Se lawọn ọmọde ati agba, alaboyun ati awọn iyalọmọ, to fi mọ awọn arugbo n sa asala fun ẹmi wọn, ti awọn to si laya lati beere pe ki lo fa isẹlẹ naa, jẹ ajẹkun iya. Ẹnikan ti isẹlẹ naa soju rẹ salaye pe ọpẹlọpẹ asaaju ọmọ Yoruba kan, Oloye Sunday Adeyẹmọ, ti gbogbo eeyan mọ si Sunday Igboho to tete de sadugbo ọhun lasiko ti laasigbo naa gbona janin-jani. A gbọ pe Igboho ati ọkunrin kan ti wọn pe orukọ rẹ Babatunde Arowolo, ti gbogbo eeyan mọ si Bako, lo de lasiko lati gba awọn eeyan adugbo naa silẹ, ni kete ti aawọn ọmọ onilẹ naa si foju gaani rẹ, ni wọn ba juba ehoro.",afrifact_data_culture_yoruba_299,refutes,"Sunday Igboho gba àwọn èèyàn Soka n'Ibadan sílẹ̀ lọ́wọ́ àwọn ọmọ onílẹ̀ tó wá ṣọṣẹ́ Ọrọ di boo lọ, ko yago fun mi ladugbo Soka nilu Ibadan lasiko ti gende meji to gbe ohun ija oloro lọwọ, ti wọn pe ara wọn ni ọmọ onilẹ ya bo agbegbe naa. Owurọ ọjọ Isẹgun ana niroyin gba igboro Ibadan kan, tawọn eeyan si n pe sori redio gbogbo nilu naa pe ẹmi awọn eeyan to n gbe ladugbo naa ko de tori awọn gende agbebọn to ya bo wọn. Àwọn iròyin tì ẹ leè ní ìfẹ̀ síí: A gbọ pe se ni iro ibọn n dun lakọ-lakọ, tawọn eeyan si n sa asala fun ẹmi lasiko ti awọn ọmọ onilẹ ọhun ni ki awọn onile gbe ile wọn kuro lori ilẹ awọn. Se lawọn ọmọde ati agba, alaboyun ati awọn iyalọmọ, to fi mọ awọn arugbo n sa asala fun ẹmi wọn, ti awọn to si laya lati beere pe ki lo fa isẹlẹ naa, jẹ ajẹkun iya. Ẹnikan ti isẹlẹ naa soju rẹ salaye pe ọpẹlọpẹ asaaju ọmọ Yoruba kan, Oloye Sunday Adeyẹmọ, ti gbogbo eeyan mọ si Sunday Igboho to tete de sadugbo ọhun lasiko ti laasigbo naa gbona janin-jani. A gbọ pe Igboho ati ọkunrin kan ti wọn pe orukọ rẹ Babatunde Arowolo, ti gbogbo eeyan mọ si Bako, lo de lasiko lati gba awọn eeyan adugbo naa silẹ, ni kete ti aawọn ọmọ onilẹ naa si foju gaani rẹ, ni wọn ba juba ehoro.",supports,nei,nei,False
afrifact_data_culture_yoruba_456,yoruba,"BBC Yorùbá ṣe àgbéjáde fídíò kan láti fi tú àṣírí àwọn olùkọ́ tí wọ́n máa ń gbìyànjú láti ní ìbáṣepọ̀ pẹ̀lú àwọn akẹ́kọ̀ọ́ wọn, nítorí máàkì.","""Mugabe fi ìgboyà dáábò bo ilẹ̀ Áfíríkà lọ́wọ́ ìmúnisìn Baa ku laa dere, eeyan ko sunwọn laaye. Awọn olori orilẹede Lagbaye ti n sedaro akẹẹgbẹ wọn, Robert Mugabe to siwọ isẹ ni aarọ ọjọ Ẹti. Mugabe fi ara rẹ jin fun ironilagba ọrọ aje ati oselu - Aarẹ Naijiria Nigba to n daro pẹlu orilẹede Zimbabwe lori ipapoda akọni asaaju naa, aarẹ ilẹ Naijiria, Muhammadu Buhari ni oloogbe naa jẹ ajijagbara to ja fitafita fun ominira orilẹede ọhun, to si fi ọpọ igba aye rẹ sin ọmọniyan.",afrifact_data_culture_yoruba_011,refutes,"""Mugabe fi ìgboyà dáábò bo ilẹ̀ Áfíríkà lọ́wọ́ ìmúnisìn Baa ku laa dere, eeyan ko sunwọn laaye. Awọn olori orilẹede Lagbaye ti n sedaro akẹẹgbẹ wọn, Robert Mugabe to siwọ isẹ ni aarọ ọjọ Ẹti. Mugabe fi ara rẹ jin fun ironilagba ọrọ aje ati oselu - Aarẹ Naijiria Nigba to n daro pẹlu orilẹede Zimbabwe lori ipapoda akọni asaaju naa, aarẹ ilẹ Naijiria, Muhammadu Buhari ni oloogbe naa jẹ ajijagbara to ja fitafita fun ominira orilẹede ọhun, to si fi ọpọ igba aye rẹ sin ọmọniyan.",supports,supports,supports,True
afrifact_data_culture_igbo_207,igbo,Atụmatụ e mere n'afọ 2005 kwuru na ụmụanụmanụ bi na Awka Etiti.,Francis Arthur Nzeribe (2 Nọvemba 1938 – 8 Mee 2022) bụ onye ndọrọ ndọrọ ọchịchị Naijiria bụ onye Senator nke Orlu Senatorial constituency na steeti Imo site na October 1983 ruo December 1983 na Mee 1999 ruo Mee 2007,afrifact_data_culture_igbo_359,refutes,Francis Arthur Nzeribe (2 Nọvemba 1938 – 8 Mee 2022) bụ onye ndọrọ ndọrọ ọchịchị Naijiria bụ onye Senator nke Orlu Senatorial constituency na steeti Imo site na October 1983 ruo December 1983 na Mee 1999 ruo Mee 2007,nei,nei,nei,True
afrifact_data_culture_yoruba_765,yoruba,"Yàtọ́ sí oha tí jẹ́ orúkọ ọbẹ̀ náà, ó tún ní àwọn orúkọ oríṣi méjì tí wọ́n tún pe ọbẹ̀ náà. Àwọn ni, uha tabi ọbẹ̀ ora.","Apá kan nínú Ìlànà ìgbaniwọlé gẹ́gẹ́ bí ọmọ awo ni wípé, ọmọ awo gbọ́dọ̀ jẹ̀ ọkùnrin, nìgbà tí apá kejì wípé wọ́n lè gba obìnrin náà gẹ́gẹ́ bí ọmọ Awo. Gbólóhùn "" Awo "" jẹ́ fún àkọ àti abo tí ó bá ń kọ́ṣẹ Ifá dídá. Àwọn àríwísí ọlọ́kan-ò-jọ̀kan nípa ìṣakọ tàbí ìṣabo nínú ọmọ awo Ifá ni ó rọ̀ mọ́ ìtàn oríṣìiríṣìi tí a gbọ́ nípa Ifá fúnra rẹ̀.",afrifact_data_culture_yoruba_800,refutes,"Apá kan nínú Ìlànà ìgbaniwọlé gẹ́gẹ́ bí ọmọ awo ni wípé, ọmọ awo gbọ́dọ̀ jẹ̀ ọkùnrin, nìgbà tí apá kejì wípé wọ́n lè gba obìnrin náà gẹ́gẹ́ bí ọmọ Awo. Gbólóhùn "" Awo "" jẹ́ fún àkọ àti abo tí ó bá ń kọ́ṣẹ Ifá dídá. Àwọn àríwísí ọlọ́kan-ò-jọ̀kan nípa ìṣakọ tàbí ìṣabo nínú ọmọ awo Ifá ni ó rọ̀ mọ́ ìtàn oríṣìiríṣìi tí a gbọ́ nípa Ifá fúnra rẹ̀.",supports,supports,supports,True
afrifact_data_culture_hausa_492,hausa,An kashe Muhammad Auwal Albaniy Zaria tare da matarsa akan hanyarsa ta dawowa daga wurin tafsiri.,Saidai kuma akasari na yima kalmar Almajiri fassarar . Kamar yadda ake dan ganta yaran dake barin garuruwan su zuwa wadan su neman Ilimin Alkur'ani.,afrifact_data_culture_hausa_556,refutes,Saidai kuma akasari na yima kalmar Almajiri fassarar . Kamar yadda ake dan ganta yaran dake barin garuruwan su zuwa wadan su neman Ilimin Alkur'ani.,supports,nei,nei,False
afrifact_data_culture_igbo_432,igbo,"Na Republic Naịjirịa nke Abụọ, Alex Ifeanyichukwu Ekwueme ji ọkwa osote onyeisiala nke Naijiria site n'afọ 1979 ruo 1983","Ọ bụ nwaanyị mbụ nọ n'oche ọchịchị dịka onyeisi n'ụlọọrụ ""Nigerian Stock Exchange"".",afrifact_data_culture_igbo_015,nei,"Ọ bụ nwaanyị mbụ nọ n'oche ọchịchị dịka onyeisi n'ụlọọrụ ""Nigerian Stock Exchange"".",supports,nei,nei,False
afrifact_data_culture_yoruba_157,yoruba,"Inú bíbélì ni a ti rí i tí wọ́n sọ pé ""Ó dára kí á pa àgọ́ mẹ́ta""","Ọjà Ọ̀kọrẹ̀ , Ọjà Òṣèlè ni ó jẹ́ ọjà tí wọ́n ti ń sábà ma ń ta àwọn ǹkan ìṣèmbáyé ìbílẹ̀ jùlọ ní Ìkàrẹ́, Ọjà Jubilee , àti àwọn ọjà míràn tí wọ́n so ìkàrẹ́ pọ̀ mọ́ àwọn ìlú míràn tí wọ́n wà ní agbègbè rẹ̀. Ìlú ìkàrẹ́ tún jẹ́ ìlú tí àwọn tí wọ́n jẹ́ awakọ̀ èrò jẹun pọ̀ sí jùlọ. ",afrifact_data_culture_yoruba_242,refutes,"Ọjà Ọ̀kọrẹ̀ , Ọjà Òṣèlè ni ó jẹ́ ọjà tí wọ́n ti ń sábà ma ń ta àwọn ǹkan ìṣèmbáyé ìbílẹ̀ jùlọ ní Ìkàrẹ́, Ọjà Jubilee , àti àwọn ọjà míràn tí wọ́n so ìkàrẹ́ pọ̀ mọ́ àwọn ìlú míràn tí wọ́n wà ní agbègbè rẹ̀. Ìlú ìkàrẹ́ tún jẹ́ ìlú tí àwọn tí wọ́n jẹ́ awakọ̀ èrò jẹun pọ̀ sí jùlọ. ",nei,refutes,refutes,False
afrifact_data_culture_igbo_610,igbo,Igbo enweghi usoro ha si achị onwe ha. Ọgbaghara na-adị n'ala Igbo oge niile tupu ndị Bekee abịa.,N'otu aka ahụ kọmishịọna mgbasaozi bụ Don Adenuba gwara BBC Igbo na o nweghi onye ọrụ bekee ọbụla e ji ụgwọ n'Anambra Steeti. Ọ sị na gọọmentị ha kwụrụ ụgwọ n'ụbọchị iri abụọ na isii nke ọnwa Eprelụ afọ 2020.,afrifact_data_culture_igbo_644,supports,N'otu aka ahụ kọmishịọna mgbasaozi bụ Don Adenuba gwara BBC Igbo na o nweghi onye ọrụ bekee ọbụla e ji ụgwọ n'Anambra Steeti. Ọ sị na gọọmentị ha kwụrụ ụgwọ n'ụbọchị iri abụọ na isii nke ọnwa Eprelụ afọ 2020.,refutes,supports,supports,False
afrifact_data_culture_hausa_185,hausa,Tafkin Tiga na ɗaya daga cikin madatsun ruwan da aka gina a Kano don bunƙasa noman rani.,"Har ila yau,Shugaban Jamhuriyar Tarayyar Nijeriya ya ba shi lambar girmamawa ta Member Of The Order Of Niger (MON).",afrifact_data_culture_hausa_157,refutes,"Har ila yau,Shugaban Jamhuriyar Tarayyar Nijeriya ya ba shi lambar girmamawa ta Member Of The Order Of Niger (MON).",supports,nei,nei,False
afrifact_data_culture_hausa_784,hausa,Jonathan ya zama shigaban kasar Najeriya bayan rasuwar Umaru 'Yar'adua.,"in Vitamin C, wanda ke da matukar amfani a jikin dan adam. Agwaluma na da matukar amfani ga mai dauke da juna biyu. Shan agwaluma na tsayar da amai da jiri wanda juna biyu ke haifarwa. Manazarta [ | ] . Science.kew.",afrifact_data_culture_hausa_330,supports,"in Vitamin C, wanda ke da matukar amfani a jikin dan adam. Agwaluma na da matukar amfani ga mai dauke da juna biyu. Shan agwaluma na tsayar da amai da jiri wanda juna biyu ke haifarwa. Manazarta [ | ] . Science.kew.",nei,nei,nei,True
afrifact_data_culture_igbo_332,igbo,Igbo-Ukwu bụ obodo ebe e gwupụtara ihe mgbe ochie ndị gosiri na omenala ha gụnyere ịrụ ọrụ ọla kọpa kamgbe 90 AD.,"Ejidere Kanu maka ebubo aghụghọ na dị na Nigeria na ka ọnwa Ọktọba dị na mkpụrụ ụbọchị iri na anọ na afo 2015 wee jidere ya ihe karịrị otu afọ, n'agbanyeghị iwu dị iche iche ụlọ ikpe nyere maka ịhapụ ya.",afrifact_data_culture_igbo_447,nei,"Ejidere Kanu maka ebubo aghụghọ na dị na Nigeria na ka ọnwa Ọktọba dị na mkpụrụ ụbọchị iri na anọ na afo 2015 wee jidere ya ihe karịrị otu afọ, n'agbanyeghị iwu dị iche iche ụlọ ikpe nyere maka ịhapụ ya.",supports,nei,nei,False
afrifact_data_culture_hausa_031,hausa,Sani Abacha ya rasu a ƙasar Saudiyya lokacin da ya ke gudanar da aikin hajji.,"Sani Abacha shugaban ƙasar ne daga watan Nuwamba, a shekarar alif da ɗari tara da chasa'in da uku 1993, zuwa watan Yuni shekarar alif ɗari tara da chasa'in da takwas 1998",afrifact_data_culture_hausa_033,nei,"Sani Abacha shugaban ƙasar ne daga watan Nuwamba, a shekarar alif da ɗari tara da chasa'in da uku 1993, zuwa watan Yuni shekarar alif ɗari tara da chasa'in da takwas 1998",refutes,refutes,refutes,True
afrifact_data_culture_yoruba_279,yoruba,"Ní ọdún 2016, ilé aṣòfin àgbà kọ àbá Ààrẹ Buhari láti yá owó tó lé ní bílíọ̀nù mọ́kànlélọ́gbọ̀n Dọ́là ($29.9) láti ilẹ̀ òkèèrè.","Gẹ́gẹ́ bí a ti kàá nínú ìtàn, Ọọ̀ni àkọ́kọ́ tí yóò kọ́kọ́ jẹ ní Ifẹ̀ ni ó jẹ́ ọmọ bíbí inú Odùduwà tí ó jẹ́ ọ̀kànlélógójì òrìṣà fúnra rẹ̀, nígbà tí Ọọ̀ni tí ó wà níbẹ̀ lọ́wọ́ lọ́wọ́ báyí jẹ́ Ọọ̀ni Adéyẹyè Ẹnìtàn Ògúnwùsì Ọ̀jájá Kejì(II) tí wọ́n jẹ ní ọdún 2015.",afrifact_data_culture_yoruba_673,nei,"Gẹ́gẹ́ bí a ti kàá nínú ìtàn, Ọọ̀ni àkọ́kọ́ tí yóò kọ́kọ́ jẹ ní Ifẹ̀ ni ó jẹ́ ọmọ bíbí inú Odùduwà tí ó jẹ́ ọ̀kànlélógójì òrìṣà fúnra rẹ̀, nígbà tí Ọọ̀ni tí ó wà níbẹ̀ lọ́wọ́ lọ́wọ́ báyí jẹ́ Ọọ̀ni Adéyẹyè Ẹnìtàn Ògúnwùsì Ọ̀jájá Kejì(II) tí wọ́n jẹ ní ọdún 2015.",supports,nei,nei,False
afrifact_data_culture_hausa_368,hausa,Bikin argungun yana jan hankalin masu yawon buɗe ido,Bala Lau shine Shugaban kungiyar Jama'atul Izalatul Bid'ah Wa Iqamatul Sunnah (JIBWIS) ta Kasa a Najeriya,afrifact_data_culture_hausa_442,refutes,Bala Lau shine Shugaban kungiyar Jama'atul Izalatul Bid'ah Wa Iqamatul Sunnah (JIBWIS) ta Kasa a Najeriya,nei,nei,nei,True
afrifact_data_culture_igbo_643,igbo,Dave Adenuba amaghị ma o nwere ndị gọọmentị Anambra ji ụgwọ.,"Onyeisiala Muhammadu Buhari ekwuola na ọchịchị ya ga-ahụ na o nweghị nwata Naịjirịa ga-agbahapụ ịgụ akwụkwọ n'ime afọ anọ ọzọ. N'ozi o wepụtara na Twitter ya, o kwuru na ya na gọọmentị Steeti ga-agbakọta aka ọnụ hiwe ụlọakwụkwọ, ndị nkuzi na usoro e ji akụzi ihe n'ụlọakwụkwọ ndị a.",afrifact_data_culture_igbo_564,supports,"Onyeisiala Muhammadu Buhari ekwuola na ọchịchị ya ga-ahụ na o nweghị nwata Naịjirịa ga-agbahapụ ịgụ akwụkwọ n'ime afọ anọ ọzọ. N'ozi o wepụtara na Twitter ya, o kwuru na ya na gọọmentị Steeti ga-agbakọta aka ọnụ hiwe ụlọakwụkwọ, ndị nkuzi na usoro e ji akụzi ihe n'ụlọakwụkwọ ndị a.",refutes,nei,nei,False
afrifact_data_culture_yoruba_299,yoruba,Àwọn ará àdúgbò náà fi tó àwọn oníroyìn létí pé Sunday Igboho ló rán awọn géńdé méjèèjì ọ̀hún láti lọ pa àwọn ènìyàn nípakúpa.," International. Wọ́n ra Taiwo wá si ìpele Nigeria Premier League, sínú ẹgbẹ́ agbábọ́ọ̀lù Lobi Stars. Níbi tí ó tún ti lo ọdún kan . Olympique de Marseille [ | ] Ní ọdún 2005, nígbà tí ó pé ọmọ ogún ọdún, ẹgbẹ́ agbábọ́ọ̀lù ilẹ̀ Faranse kan ti o n je Olympique de Marseille gba Taiwo sinu iko won. Won ra Taiwo lati le ropo ogbeni Bixente Lizarazu ti o ti lo sinu egbe agbaboolu Bayern Munich. Taiwo lo gba boolu ti iko re Olympic Marseille fi jawe olubori",afrifact_data_culture_yoruba_163,nei," International. Wọ́n ra Taiwo wá si ìpele Nigeria Premier League, sínú ẹgbẹ́ agbábọ́ọ̀lù Lobi Stars. Níbi tí ó tún ti lo ọdún kan . Olympique de Marseille [ | ] Ní ọdún 2005, nígbà tí ó pé ọmọ ogún ọdún, ẹgbẹ́ agbábọ́ọ̀lù ilẹ̀ Faranse kan ti o n je Olympique de Marseille gba Taiwo sinu iko won. Won ra Taiwo lati le ropo ogbeni Bixente Lizarazu ti o ti lo sinu egbe agbaboolu Bayern Munich. Taiwo lo gba boolu ti iko re Olympic Marseille fi jawe olubori",refutes,supports,supports,False
afrifact_data_culture_yoruba_686,yoruba,"Títóbi ìpínlẹ̀ Ọ̀yọ́ tó nǹkan bí i 28,454 kìlómítà, ó sì wà ní ipò kéjìlà nípa fífẹ̀.","Bàbá Kutere jẹ́ ní Ìpínlẹ̀ Èkó nígbà àwọn ọdún 1700s. Nígbà tí Kutere wà lórí oyè, ìbárà láàrin Èkó àti and Ijebu wọ́pọ̀ si, àwọn Ìjẹ̀bú gbé oúnjẹ wá láti gba iyọ̀, tobacco, spirits, àti àwọn ìkan míràn tí àwọn",afrifact_data_culture_yoruba_715,nei,"Bàbá Kutere jẹ́ ní Ìpínlẹ̀ Èkó nígbà àwọn ọdún 1700s. Nígbà tí Kutere wà lórí oyè, ìbárà láàrin Èkó àti and Ijebu wọ́pọ̀ si, àwọn Ìjẹ̀bú gbé oúnjẹ wá láti gba iyọ̀, tobacco, spirits, àti àwọn ìkan míràn tí àwọn",refutes,supports,supports,False
afrifact_data_culture_hausa_546,hausa,An bawa Isah Ali Ibrahim Pantami muƙamin ministan sadarwa a loƙacin da Buhari ya ci zaɓensa karo na biyu.,"gwamna, El-Rufai ya fara aiwatar da garambawul a fannin ilimi da nufin sake fasalin yanayin ilimi a jihar. El-Rufai ya kori sama da malaman firamare 22,000. [ ] Gwamnatin E",afrifact_data_culture_hausa_091,nei,"gwamna, El-Rufai ya fara aiwatar da garambawul a fannin ilimi da nufin sake fasalin yanayin ilimi a jihar. El-Rufai ya kori sama da malaman firamare 22,000. [ ] Gwamnatin E",supports,nei,nei,False
afrifact_data_culture_hausa_618,hausa,Mawaki Mamman Shata ya ce Magaji Salam ne ya fara saka ma sa sunan Shata.,"Kafin wannan nadin, Kyari ya kasance Manajan Janar na Rukunin Man Fetur na Kamfanin Mai na NNPC da kuma wakilin Nijeriya na Kungiyar Kasashe Masu Fitar da Man Fetur wato (OPEC) tun daga shekarar 2018.",afrifact_data_culture_hausa_118,refutes,"Kafin wannan nadin, Kyari ya kasance Manajan Janar na Rukunin Man Fetur na Kamfanin Mai na NNPC da kuma wakilin Nijeriya na Kungiyar Kasashe Masu Fitar da Man Fetur wato (OPEC) tun daga shekarar 2018.",supports,refutes,refutes,False
afrifact_data_culture_igbo_796,igbo,Gọọmentị tụrụ ụmụ ntorobịa isii na-atọrọ ndị mmadụ nga n'ihi na ha na-emegide nchekwa obodo.,"Mazị Sam Ohuabunwa bụ onye ihe gbasara mkpata na mmefu akụ doro anya kwenyere na ya bụ egwu Atiku na-atụ. Ọ sị na n'ezie, ndị ebitere ego nwereike ịbịa were akụ na ụba Naịjirịa, mana na-enwere ụzọ ọzọ ha ga-esi gbata ụgwọ ego ha karịrị ịnwere akụ na ụba Naịjirịa. Ọ sị na ""ha nwereike ịme ka ego Naịjirịa tipie etipie nke bụ na-ọnweghịzị ihe ọ ga-egoteli na mba ụwa. Onweghịzịkwa ndị ga-atụkwasa Naịjirịa obi maka iresi ha ihe ma ha ejighị ego"".",afrifact_data_culture_igbo_806,supports,"Mazị Sam Ohuabunwa bụ onye ihe gbasara mkpata na mmefu akụ doro anya kwenyere na ya bụ egwu Atiku na-atụ. Ọ sị na n'ezie, ndị ebitere ego nwereike ịbịa were akụ na ụba Naịjirịa, mana na-enwere ụzọ ọzọ ha ga-esi gbata ụgwọ ego ha karịrị ịnwere akụ na ụba Naịjirịa. Ọ sị na ""ha nwereike ịme ka ego Naịjirịa tipie etipie nke bụ na-ọnweghịzị ihe ọ ga-egoteli na mba ụwa. Onweghịzịkwa ndị ga-atụkwasa Naịjirịa obi maka iresi ha ihe ma ha ejighị ego"".",nei,supports,supports,False
afrifact_data_culture_yoruba_300,yoruba,Sunday Igboho àti Babatunde Arowolo lọ́ farahàn níbi ti àwọn ọmọ onílẹ̀ ti ń ṣọṣẹ́ láti gba àwọn èèyàn Soka ní ìlú Ìbàdàn sílẹ̀.," Aarẹ Ọna Kakanfọ ilẹ Yoruba, Oloye Gani Adams ni adari ikọ̀ Amọtẹkun tó wà fún ètò aàbò ilẹ̀ Yoruba. Ikọ̀ Àmọ̀tẹ́kùn tí ó bá gbé ìbọn yóò wọ gàù- Ọlọ́pàá Naijiria Ile iṣẹ Ọlọpaa ni ẹkun iwọ-oorun Naijiria ti kilọ gidigidi fun ikọ Amọtẹkun lati maṣe tẹ oju ofin mọlẹ. Ileeṣẹ ọlọpaa ni awọn ipinlẹ to wa ni ilẹ Yoruba yii sọ wi pe awọn ko ni gba fun wọn, ki wọn mu ibọn ilẹwọ dani lati ma a fi ṣe iṣẹ abo ni ilu. Lẹyin ọpọlọpọ ipaniyan ni ilẹ Yoruba ati eto aabo to mẹhẹ, ni awọn gomina ni ẹkun yii wa ṣe ipade ni ọdun to kọja lati gbe ikọ Amọtẹkun silẹ.",afrifact_data_culture_yoruba_170,refutes," Aarẹ Ọna Kakanfọ ilẹ Yoruba, Oloye Gani Adams ni adari ikọ̀ Amọtẹkun tó wà fún ètò aàbò ilẹ̀ Yoruba. Ikọ̀ Àmọ̀tẹ́kùn tí ó bá gbé ìbọn yóò wọ gàù- Ọlọ́pàá Naijiria Ile iṣẹ Ọlọpaa ni ẹkun iwọ-oorun Naijiria ti kilọ gidigidi fun ikọ Amọtẹkun lati maṣe tẹ oju ofin mọlẹ. Ileeṣẹ ọlọpaa ni awọn ipinlẹ to wa ni ilẹ Yoruba yii sọ wi pe awọn ko ni gba fun wọn, ki wọn mu ibọn ilẹwọ dani lati ma a fi ṣe iṣẹ abo ni ilu. Lẹyin ọpọlọpọ ipaniyan ni ilẹ Yoruba ati eto aabo to mẹhẹ, ni awọn gomina ni ẹkun yii wa ṣe ipade ni ọdun to kọja lati gbe ikọ Amọtẹkun silẹ.",supports,nei,nei,False
afrifact_data_culture_hausa_084,hausa,Ado Bayero ya rasu a shekarar 2014 bayan ya shafe sama da shekaru 50 ya na mulki.,"Duk da yake wasu sun ce , wata kungiya mai tsattsauran ra'ayi, ta kashe Sheikh din, wasu sun ce Mista Shekarau, gwamnan Kano a lokacin, na iya kasancewa da alhakin saboda malamin yana daya daga cikin manyan masu sukar sa.",afrifact_data_culture_hausa_524,nei,"Duk da yake wasu sun ce , wata kungiya mai tsattsauran ra'ayi, ta kashe Sheikh din, wasu sun ce Mista Shekarau, gwamnan Kano a lokacin, na iya kasancewa da alhakin saboda malamin yana daya daga cikin manyan masu sukar sa.",supports,Nei,nei,False
afrifact_data_culture_hausa_782,hausa,Marigayi Umaru Musa 'Yar'aduwa ya kasance shugaban ƙasa da ya kwatanta adalci sosai lokacin mulkinsa.,"Al'adar Hausawa ce inda ango ke siyan kayan amfani masu kyau da tsada a matsayin wata babbar kyauta da zai bawa amaryarsa. Wadannan kyaututtukan ango na gama sayen sune kafin Auren shi, bayan sun gama kammaluwa, sai iyayen Ango kama daga Inna, Gwaggonninsa da sauran su, mata ne suke kai kayan gidan Amarya, Ita kuma Amarya sai iyayen ta mata su karba kayan su dan ba iyayen Ango abinci da dan tukuici. ",afrifact_data_culture_hausa_389,supports,"Al'adar Hausawa ce inda ango ke siyan kayan amfani masu kyau da tsada a matsayin wata babbar kyauta da zai bawa amaryarsa. Wadannan kyaututtukan ango na gama sayen sune kafin Auren shi, bayan sun gama kammaluwa, sai iyayen Ango kama daga Inna, Gwaggonninsa da sauran su, mata ne suke kai kayan gidan Amarya, Ita kuma Amarya sai iyayen ta mata su karba kayan su dan ba iyayen Ango abinci da dan tukuici. ",nei,refutes,refutes,False
afrifact_data_culture_yoruba_735,yoruba,"Ìwó tún ní àwọn agbègbè ìjọba ìbílẹ̀ mẹ́rin mìíràn, èyí tó yàtọ sí àwọn yòókù.","Ifẹ̀ ( : Ifẹ̀ , tabi Ilé-Ifẹ̀ ) jẹ́ orírun gbogbo ọmọ Oòduà ní ilẹ̀ ní orílẹ̀-èdè . Ilé-Ifẹ̀ wà ní . Ifẹ̀ sí ìlú je kilomita igba o le mejidinlogun (218) tí àwọn tí wọ́n jẹ́ olùgbé ibẹ̀ lápapọ̀ jẹ́ 509,813 níye.",afrifact_data_culture_yoruba_676,nei,"Ifẹ̀ ( : Ifẹ̀ , tabi Ilé-Ifẹ̀ ) jẹ́ orírun gbogbo ọmọ Oòduà ní ilẹ̀ ní orílẹ̀-èdè . Ilé-Ifẹ̀ wà ní . Ifẹ̀ sí ìlú je kilomita igba o le mejidinlogun (218) tí àwọn tí wọ́n jẹ́ olùgbé ibẹ̀ lápapọ̀ jẹ́ 509,813 níye.",supports,supports,supports,True
afrifact_data_culture_igbo_526,igbo,Mpaghara ndịda Anambara Steeti na na-eti mkpu banyere ike mbuze na-akpa na mpaghara ha kamgbe afọ 2011.,"A na-eri ya ọsịsọ makana a hapụ ya ka o tee aka, ọ na-agbakarị ụka ọsịsọ ụfọdụ oge.",afrifact_data_culture_igbo_092,supports,"A na-eri ya ọsịsọ makana a hapụ ya ka o tee aka, ọ na-agbakarị ụka ọsịsọ ụfọdụ oge.",nei,nei,nei,True
afrifact_data_culture_hausa_735,hausa,"Yahya Jammeh shugaba ne da aka yi masa shaidar nisantar aikata laifuka, musamman laifin cin zarafi.","Al'adar Hausawa ce inda ango ke siyan kayan amfani masu kyau da tsada a matsayin wata babbar kyauta da zai bawa amaryarsa. Wadannan kyaututtukan ango na gama sayen sune kafin Auren shi, bayan sun gama kammaluwa, sai iyayen Ango kama daga Inna, Gwaggonninsa da sauran su, mata ne suke kai kayan gidan Amarya, Ita kuma Amarya sai iyayen ta mata su karba kayan su dan ba iyayen Ango abinci da dan tukuici. ",afrifact_data_culture_hausa_389,supports,"Al'adar Hausawa ce inda ango ke siyan kayan amfani masu kyau da tsada a matsayin wata babbar kyauta da zai bawa amaryarsa. Wadannan kyaututtukan ango na gama sayen sune kafin Auren shi, bayan sun gama kammaluwa, sai iyayen Ango kama daga Inna, Gwaggonninsa da sauran su, mata ne suke kai kayan gidan Amarya, Ita kuma Amarya sai iyayen ta mata su karba kayan su dan ba iyayen Ango abinci da dan tukuici. ",refutes,refutes,refutes,True
afrifact_data_culture_yoruba_594,yoruba,"Àwọn orúkọ méjì ni a pa pọ̀ tí ó fi di ""AJẸ́BU-OLÓDE"" èyí tí a mọ̀ sí ÌJẸ̀BÚ-ÒDE títí di òní.","O ṣalaye pe awọn ti n jiroro pẹlu ijọba Naijiria lori ọrọ yi. ''A ti ba ijọba Naijiria fọrọjomi toro ọrọ ti a ṣi n ṣe bẹẹ nipa ṣise alabapin iroyin to tẹwa lọwọ ati mimọ ohun tawọn alaburu yi n ṣe'' Action Against Hunger: Ẹgbẹ́ agbésùmọ̀mí ISWAP ṣekú pa àláànú kan O sọ pe ṣiṣe alabapin iroyin laarin Amẹrika ati Naijiria ṣe pataki lati le fi mọ ohun ti Boko Haram ati ISIS n ṣe lati le fi koju wọn. O ni o ṣeni laanu pe gbogbo bi awọn ṣe n gbiyanju lati koju awọn agbesunmọmi yi, niṣe ni wọn gbooro sii. O ni nkan meji lo wa nidi iṣẹlẹ yi.",afrifact_data_culture_yoruba_491,refutes,"O ṣalaye pe awọn ti n jiroro pẹlu ijọba Naijiria lori ọrọ yi. ''A ti ba ijọba Naijiria fọrọjomi toro ọrọ ti a ṣi n ṣe bẹẹ nipa ṣise alabapin iroyin to tẹwa lọwọ ati mimọ ohun tawọn alaburu yi n ṣe'' Action Against Hunger: Ẹgbẹ́ agbésùmọ̀mí ISWAP ṣekú pa àláànú kan O sọ pe ṣiṣe alabapin iroyin laarin Amẹrika ati Naijiria ṣe pataki lati le fi mọ ohun ti Boko Haram ati ISIS n ṣe lati le fi koju wọn. O ni o ṣeni laanu pe gbogbo bi awọn ṣe n gbiyanju lati koju awọn agbesunmọmi yi, niṣe ni wọn gbooro sii. O ni nkan meji lo wa nidi iṣẹlẹ yi.",supports,supports,supports,True
afrifact_data_culture_yoruba_348,yoruba,"Ìjínigbé àti ìwà ọ̀daràn ń pọ̀ si ní ìpínlẹ̀ Oǹdó, pàápàá jùlọ ní ìlú Ọ̀wọ̀.","Ọ̀rọ̀ bẹ́yìn yọ! Agbowu pe Oluwo l'ẹ́jọ̀, ó ń bèèrè ₦100m owó gbà má bínú Saaju la ti kede fun yin pe Agbowu ti ilu Ọgbaagba, Oba Dhikirullahi Akinropo ti wọ Oluwo ti Iwo, ba Abdulrasheed Adewale Akanbi, Telu Kinni, lọ si iwaju ile ẹjọ giga ipinlẹ Osun, to si n beere fun owo gba, ma binu tii se ọgọrun miliọnu Naira fun bi Oluwo ṣe fi iya jẹ ẹ. ",afrifact_data_culture_yoruba_188,refutes,"Ọ̀rọ̀ bẹ́yìn yọ! Agbowu pe Oluwo l'ẹ́jọ̀, ó ń bèèrè ₦100m owó gbà má bínú Saaju la ti kede fun yin pe Agbowu ti ilu Ọgbaagba, Oba Dhikirullahi Akinropo ti wọ Oluwo ti Iwo, ba Abdulrasheed Adewale Akanbi, Telu Kinni, lọ si iwaju ile ẹjọ giga ipinlẹ Osun, to si n beere fun owo gba, ma binu tii se ọgọrun miliọnu Naira fun bi Oluwo ṣe fi iya jẹ ẹ. ",supports,supports,supports,True
afrifact_data_culture_igbo_257,igbo,"Nwankwo Kanu abụghị otu n'ime ndị egwuregwu ole na ole meriri Premier League, FA Cup, Champions League, UEFA Cup na Olympic Gold Medal.","Ọ nweela ọtụtụ nturu ugo na nkwanye ugwu n'etiti ndị a, Ọchịagha nke gọọmentị etiti, CFR onye nyere , Onye isi ala nke gọọmentị etiti Naịjirịa The Forces Service Star (FSS) nke ndị Amị nyere ya. (FSS) onyinye Meritorious Service Star (MSS) nke ndị agha Naịjirịa nyere . Distinguished Service Star (DSS) nke ndị agha Naịjirịa nyegoro ha . Grand Service Star (GSS) nke ndị Amị Naịjirịa nyere ya. Passed Staff College(psc (+)) nke ndị agha Naịjirịa ",afrifact_data_culture_igbo_532,nei,"Ọ nweela ọtụtụ nturu ugo na nkwanye ugwu n'etiti ndị a, Ọchịagha nke gọọmentị etiti, CFR onye nyere , Onye isi ala nke gọọmentị etiti Naịjirịa The Forces Service Star (FSS) nke ndị Amị nyere ya. (FSS) onyinye Meritorious Service Star (MSS) nke ndị agha Naịjirịa nyere . Distinguished Service Star (DSS) nke ndị agha Naịjirịa nyegoro ha . Grand Service Star (GSS) nke ndị Amị Naịjirịa nyere ya. Passed Staff College(psc (+)) nke ndị agha Naịjirịa ",refutes,nei,nei,False
afrifact_data_culture_yoruba_053,yoruba,Kò sí ẹ̀yà kankan tí ó ń jẹ́ Àkókó nínú àwọn ẹ̀yà Yorùbá.,"Lẹ́hìn èyí, tí àwọn méjèèjì sí ti gbà fún Ọlọ́hun wọn Allah tí wọ́n sì ṣe ijúwọ̀-jusẹ̀ sílè fún Ìfẹ Ọlọ́hun), tí òun (Ibrahim) sí tí tẹ́ orí ẹ́e (Ishamel) lọ sílẹ̀ (ní ààyè itébà sí iwájú); ""Báyìí náà ní Àwa sí pé òun: ""Ìwọ Ibrahim o!"" ""Ìwọọ (Ibrahin) tí ṣe gẹ́gẹ́ bí A ti fi hàn ó (ní ojúran) ní òtítọ àti ní òdodo! Báyìí náà sì ní Àwa ṣe má ń san ẹ̀san fún (gbogbo àwọn) Múhsínùn (olùṣe rere lótitọ àti l'ódodo) - Sheikh Adélabú ṣe ìtọka sí Ẹsẹ Ọrọ Ọlọ́hun nínú kúránì Orí 2:112)."" Láì kọ́ ṣe àníàní, ìdánwò nlá tí ó fi ojú hàn gbángba ní eléyìí jẹ́. Nítorí ìdí èyí ní À wa fi ṣe ìrópò (gẹ́gẹ́ bí ìràpadà) ọmọ (Ishamael) tí òun (Ibrahim) náà pẹ̀lú àgùntàn kàn bọ̀lọ̀jọ̀ (láti fi dípò ní ṣíṣe ìdúpẹ́ òòrè láti Ọ̀dọ̀ Ọlọ́hun)",afrifact_data_culture_yoruba_147,supports,"Lẹ́hìn èyí, tí àwọn méjèèjì sí ti gbà fún Ọlọ́hun wọn Allah tí wọ́n sì ṣe ijúwọ̀-jusẹ̀ sílè fún Ìfẹ Ọlọ́hun), tí òun (Ibrahim) sí tí tẹ́ orí ẹ́e (Ishamel) lọ sílẹ̀ (ní ààyè itébà sí iwájú); ""Báyìí náà ní Àwa sí pé òun: ""Ìwọ Ibrahim o!"" ""Ìwọọ (Ibrahin) tí ṣe gẹ́gẹ́ bí A ti fi hàn ó (ní ojúran) ní òtítọ àti ní òdodo! Báyìí náà sì ní Àwa ṣe má ń san ẹ̀san fún (gbogbo àwọn) Múhsínùn (olùṣe rere lótitọ àti l'ódodo) - Sheikh Adélabú ṣe ìtọka sí Ẹsẹ Ọrọ Ọlọ́hun nínú kúránì Orí 2:112)."" Láì kọ́ ṣe àníàní, ìdánwò nlá tí ó fi ojú hàn gbángba ní eléyìí jẹ́. Nítorí ìdí èyí ní À wa fi ṣe ìrópò (gẹ́gẹ́ bí ìràpadà) ọmọ (Ishamael) tí òun (Ibrahim) náà pẹ̀lú àgùntàn kàn bọ̀lọ̀jọ̀ (láti fi dípò ní ṣíṣe ìdúpẹ́ òòrè láti Ọ̀dọ̀ Ọlọ́hun)",refutes,supports,supports,False
afrifact_data_culture_igbo_286,igbo,Mahadum Imo steeti na nke Abia Steeti na-enweta enyemaka ego site n'aka ndị nne nke ụka Catholic na Anglịcan,"A na-ahụta alụmdi na nwunye dịka ihe kachasị mkpa na ndụ ndị Igbo, nke chere nwata nwoke na nwaanyị n'ihu ma ha tolite. Alụmdi na nwunye bụ njem a na-abanye n'ime ya ma nọrọ rue oge ọnwụ, ọ bụghị njem agatụ a lawa azụ. Nke a mere nwoke maọbụ nwaanyị ọbụla na-alụ di na nwunye kwesịrị ịsa anya na mmiri. Otu ụzọ gbapụtara ihe ndị Igbo na-eji asa anya na mmiri tupu alụmdi na nwunye bụ ihe a kpọrọ ""Ịjụ ese""",afrifact_data_culture_igbo_713,refutes,"A na-ahụta alụmdi na nwunye dịka ihe kachasị mkpa na ndụ ndị Igbo, nke chere nwata nwoke na nwaanyị n'ihu ma ha tolite. Alụmdi na nwunye bụ njem a na-abanye n'ime ya ma nọrọ rue oge ọnwụ, ọ bụghị njem agatụ a lawa azụ. Nke a mere nwoke maọbụ nwaanyị ọbụla na-alụ di na nwunye kwesịrị ịsa anya na mmiri. Otu ụzọ gbapụtara ihe ndị Igbo na-eji asa anya na mmiri tupu alụmdi na nwunye bụ ihe a kpọrọ ""Ịjụ ese""",nei,nei,nei,True
afrifact_data_culture_igbo_462,igbo,Dora Akunyili jibu ọkwa daịrekụtọ jenaralụ n'ụlọ-ọru na-ahụ maka mmepụta na nkesa ọgwụ n'ụdị kwesịrị ekwesị n'ime Naịjirịa.,"A na-erikarị unere Fe'i (Musa × troglodytarum) sitere na Pacific Islands ka a na-esi ya esi ma ọ bụ sie ya esi, a na-akpọkwa ya ""plantain"", mana ha emepụta nke ụdị ọ blula.",afrifact_data_culture_igbo_293,refutes,"A na-erikarị unere Fe'i (Musa × troglodytarum) sitere na Pacific Islands ka a na-esi ya esi ma ọ bụ sie ya esi, a na-akpọkwa ya ""plantain"", mana ha emepụta nke ụdị ọ blula.",supports,nei,nei,False
afrifact_data_culture_yoruba_161,yoruba,Yóò tó bí ẹgbẹ̀rún mẹ́wàá ọdún sẹ́yìn ni àwọn èdè bẹ̀rẹ̀ sí ní yapa síra wọn lọ́tọ̀ọ̀tọ̀.,Orúkọ ẹni tó fi sí orí oyè gan-an jẹ́ Benjamin Campbell. Èyí ṣẹlẹ̀ lẹ́yìn ìgbà tí ìlú ayaaba dá sí ọ̀rọ̀ Ìlú Èkó ní Oṣù Kejìlá ọdún 1851.,afrifact_data_culture_yoruba_798,supports,Orúkọ ẹni tó fi sí orí oyè gan-an jẹ́ Benjamin Campbell. Èyí ṣẹlẹ̀ lẹ́yìn ìgbà tí ìlú ayaaba dá sí ọ̀rọ̀ Ìlú Èkó ní Oṣù Kejìlá ọdún 1851.,refutes,supports,supports,False
afrifact_data_culture_hausa_009,hausa,Sojojin Najeriya sun nuna bajimta sosai a yaƙi da boko-haram.,"Yanda ake hada Alkaki# 1: Zaka samu Alkama ka saka a kan tire kuma a ɗauko abubuwan da ba a so a cikin alkama da hannu. Mataki na 2: Fam don rage chaff (na zaɓi). Sannan a wanke da ruwa a yada ya bushe. Mataki na 3: A nika alkama kada ya zama foda (watau quartz) Mataki na 4: Ki samu kwandon ki hada da nikakken alkama da yoghurt/madara da mai. Mix shi don samar da kullu. Mataki na 5: Rufe shi don 3-5 hours. Mataki na 6: Ka sake haɗa shi, wannan lokacin a kan allon sara. A shafa mai don gujewa danko. Mataki na 7: Gyara zuwa sifofin da ake so kuma a rufe su da tawul mai tsabta. Mataki na 8: Yin amfani da kwanon frying, dafa sukarin adadin da ake so akan ƙaramin wuta. Mataki na 9: Ki kwaba sosai a zuba tamarind (tsamiya) da aka diluta ko kuma lemon tsami guda a samu Maganin Sugar. Mataki na 10: Ci gaba da dumi don guje wa ƙarfafawa. Mataki na 11: Soya kullu (Alkaki) ta amfani da kwanon frying akan ƙananan wuta. Bada shi ya koma launin zinari. Mataki na 12: Ki tace shi nan da nan ki zuba a cikin ruwan sukari. Bada minti 3-5. Mataki na 13: A ƙarshe, zuba shi a cikin akwati mai tsabta kuma ku ji daɗi.",afrifact_data_culture_hausa_307,refutes,"Yanda ake hada Alkaki# 1: Zaka samu Alkama ka saka a kan tire kuma a ɗauko abubuwan da ba a so a cikin alkama da hannu. Mataki na 2: Fam don rage chaff (na zaɓi). Sannan a wanke da ruwa a yada ya bushe. Mataki na 3: A nika alkama kada ya zama foda (watau quartz) Mataki na 4: Ki samu kwandon ki hada da nikakken alkama da yoghurt/madara da mai. Mix shi don samar da kullu. Mataki na 5: Rufe shi don 3-5 hours. Mataki na 6: Ka sake haɗa shi, wannan lokacin a kan allon sara. A shafa mai don gujewa danko. Mataki na 7: Gyara zuwa sifofin da ake so kuma a rufe su da tawul mai tsabta. Mataki na 8: Yin amfani da kwanon frying, dafa sukarin adadin da ake so akan ƙaramin wuta. Mataki na 9: Ki kwaba sosai a zuba tamarind (tsamiya) da aka diluta ko kuma lemon tsami guda a samu Maganin Sugar. Mataki na 10: Ci gaba da dumi don guje wa ƙarfafawa. Mataki na 11: Soya kullu (Alkaki) ta amfani da kwanon frying akan ƙananan wuta. Bada shi ya koma launin zinari. Mataki na 12: Ki tace shi nan da nan ki zuba a cikin ruwan sukari. Bada minti 3-5. Mataki na 13: A ƙarshe, zuba shi a cikin akwati mai tsabta kuma ku ji daɗi.",nei,refutes,refutes,False
afrifact_data_culture_hausa_003,hausa,Shugaban kasa Muhammadu Buhari ya je ziyarar aiki kasar China a shekar 2016.,"""Nnamdi Azikiwe ya fito a matsayin babban jigon da ke haɗa wasanni da siyasa a ƙarshen mulkin mallaka"" (37). A tsawon rayuwarsa, Azikiwe ya fusata saboda wariyar launin fata da wariyar launin fata da ke wanzu a cikin wasanni. Akwai abubuwa biyu na musamman a rayuwarsa waɗanda suka motsa shi ya ƙarshe ɗaukar mataki.",afrifact_data_culture_hausa_337,refutes,"""Nnamdi Azikiwe ya fito a matsayin babban jigon da ke haɗa wasanni da siyasa a ƙarshen mulkin mallaka"" (37). A tsawon rayuwarsa, Azikiwe ya fusata saboda wariyar launin fata da wariyar launin fata da ke wanzu a cikin wasanni. Akwai abubuwa biyu na musamman a rayuwarsa waɗanda suka motsa shi ya ƙarshe ɗaukar mataki.",nei,nei,nei,True
afrifact_data_culture_igbo_080,igbo,Nnadị Kanu gwara ndị Ipob ha aṅala ihe Wike na-ekwu ntị.,"A mụrụ Osadebe na March 17, 1936, n'obodo Igbo dị na Atani na ndịda ọwụwa anyanwụ Naijiria.",afrifact_data_culture_igbo_069,nei,"A mụrụ Osadebe na March 17, 1936, n'obodo Igbo dị na Atani na ndịda ọwụwa anyanwụ Naijiria.",supports,nei,nei,False
afrifact_data_culture_hausa_133,hausa,Jam'iyyar APC ce ta tsayar da Sule Lamido takarar gwamnan jigawa a shekarar 2007.,"Malamai ba kawai lissafi suke koyawa ba, ko kuma yaruka. Suna koya musu yadda za su yi mu'amala ta yau da gobe, yadda ake nuna damuwa ga wasu, har da yadda ake wasa da abokai,"" in ji Misis Grass.",afrifact_data_culture_hausa_684,supports,"Malamai ba kawai lissafi suke koyawa ba, ko kuma yaruka. Suna koya musu yadda za su yi mu'amala ta yau da gobe, yadda ake nuna damuwa ga wasu, har da yadda ake wasa da abokai,"" in ji Misis Grass.",refutes,nei,nei,False
afrifact_data_culture_hausa_169,hausa,Gwamna Shema ya samu lambar yabo ta girmamawa daga hukumar EFCC.,"Wannan na zuwa ne bayan mummunan harin da ƙungiyar Boko Haram ta kai a ƙauyen Zabarmari, inda aka yi wa manoma yankan rago.",afrifact_data_culture_hausa_765,nei,"Wannan na zuwa ne bayan mummunan harin da ƙungiyar Boko Haram ta kai a ƙauyen Zabarmari, inda aka yi wa manoma yankan rago.",refutes,nei,nei,False
afrifact_data_culture_hausa_336,hausa,"Dambe ya samo asali ne daga al’adun gungun mahauta, wadanda su ne ke shiga gasa, suna ƙalubalantar sauran maza a yankinsu.","Ya kasance ɗan siyasan Najeriya ne kuma wanda yayi mulki ta karfin iko a matsayin shugaban ƙasa soja tun daga shekarar (1985) a lokacin da ya shirya juyin mulki a kan abokin adawansa na kusa , har zuwa ajiye mulkinsa a shekara ta (1993) a dalilin zabe na bayan watan Yuli 12, (1993) wanda ya soke ta ba tare da wani dalili na doka ba.",afrifact_data_culture_hausa_052,refutes,"Ya kasance ɗan siyasan Najeriya ne kuma wanda yayi mulki ta karfin iko a matsayin shugaban ƙasa soja tun daga shekarar (1985) a lokacin da ya shirya juyin mulki a kan abokin adawansa na kusa , har zuwa ajiye mulkinsa a shekara ta (1993) a dalilin zabe na bayan watan Yuli 12, (1993) wanda ya soke ta ba tare da wani dalili na doka ba.",supports,supports,supports,True
afrifact_data_culture_yoruba_597,yoruba,Mínísítà fún ètò ìbánisọ̀rọ̀ ní Nàìjíríà tele ni Adebayo Shittu je. Ó sì wà lábẹ́ Ààrẹ tó wà nípò ní àkókò náà.,Oba Oyekan I (ó kú ní ọjọ́ ogbọ̀n oṣù Kẹ̀sán ọdún 1900) joba gẹ́gẹ́ bí Ọba ìlú Èkó láti oṣù kẹta ọdún 1885 sí ọjọ́ ogbọ̀n oṣù Kẹ̀sán ọdún 1900.,afrifact_data_culture_yoruba_235,nei,Oba Oyekan I (ó kú ní ọjọ́ ogbọ̀n oṣù Kẹ̀sán ọdún 1900) joba gẹ́gẹ́ bí Ọba ìlú Èkó láti oṣù kẹta ọdún 1885 sí ọjọ́ ogbọ̀n oṣù Kẹ̀sán ọdún 1900.,supports,nei,nei,False
afrifact_data_culture_hausa_398,hausa,Tarihin siyasar Musulunci ya shafi yadda ake fahimtar shugabanci da biyayya a cikin al’umma.,"A wurare da yawa, wake da shinkafa ana cakuɗasu tare wurin dahuwar maimakon a haɗa su . Ana sanya nama ko wasu kayan abinci a wasu lokuta a saman wake da shinkafar ko, idan an cakuɗasu wato dafa duka. Yankuna daban-daban suna da fifiko daban-daban.",afrifact_data_culture_hausa_242,nei,"A wurare da yawa, wake da shinkafa ana cakuɗasu tare wurin dahuwar maimakon a haɗa su . Ana sanya nama ko wasu kayan abinci a wasu lokuta a saman wake da shinkafar ko, idan an cakuɗasu wato dafa duka. Yankuna daban-daban suna da fifiko daban-daban.",supports,nei,nei,False
afrifact_data_culture_igbo_190,igbo,E nwere steeti iri abụọ na asatọ na Naijirịa.,"Na ntuli aka ndị omeiwu Naijiria nke afọ 1992, a họpụtara Chuba ka ọ bụrụ onye omeiwu nke mba Naijiria na-anọchite anya Anambra North na ikpo okwu nke SDP. ",afrifact_data_culture_igbo_313,refutes,"Na ntuli aka ndị omeiwu Naijiria nke afọ 1992, a họpụtara Chuba ka ọ bụrụ onye omeiwu nke mba Naijiria na-anọchite anya Anambra North na ikpo okwu nke SDP. ",nei,supports,supports,False
afrifact_data_culture_yoruba_398,yoruba,NIN ò fi bẹ́ẹ̀ wúlò láti gba ìwé-ẹ̀rí fún ọkọ̀ wíwà.,"Boko Haram da ìbọn bo ọkọ̀ gómìnà Borno, ẹ̀ṣọ́ àláàbò rẹ̀ farapa Ijọba ipinlẹ Borno ti fi idi rẹ mulẹ pe, lootọ l'awọn agbebọn Boko Haram kọlu awọn ọkọ to n kọwọrin pẹlu gomina ipinlẹ naa, Babagana Zullum ni Ọjọru. Agbẹnusọ fun gomina naa, Mallam Isa Gusau ṣalaye pe, ori ko gomina Zullum yọ lai farapa ṣugbọn diẹ lara awọn to baa rin, to fi kan awọn ẹṣọ alaabo, fara ṣeṣe. Isa fi kun un pe, ilu Baga ni gomina naa n lọ nigba ti ikọlu naa waye. Bawo lo ṣe ṣẹlẹ? Ni Ọjọru ni iṣẹlẹ yii waye ni nnkan bii agogo mẹrin irọlẹ lasiko ti gomina naa fẹ wọ ilu Baga l'awọn agbọn naa ba ṣina ibọn bolẹ. Awọn ẹṣọ alaabo to wa pẹlu rẹ naa daa ina ibọn bolẹ.",afrifact_data_culture_yoruba_487,nei,"Boko Haram da ìbọn bo ọkọ̀ gómìnà Borno, ẹ̀ṣọ́ àláàbò rẹ̀ farapa Ijọba ipinlẹ Borno ti fi idi rẹ mulẹ pe, lootọ l'awọn agbebọn Boko Haram kọlu awọn ọkọ to n kọwọrin pẹlu gomina ipinlẹ naa, Babagana Zullum ni Ọjọru. Agbẹnusọ fun gomina naa, Mallam Isa Gusau ṣalaye pe, ori ko gomina Zullum yọ lai farapa ṣugbọn diẹ lara awọn to baa rin, to fi kan awọn ẹṣọ alaabo, fara ṣeṣe. Isa fi kun un pe, ilu Baga ni gomina naa n lọ nigba ti ikọlu naa waye. Bawo lo ṣe ṣẹlẹ? Ni Ọjọru ni iṣẹlẹ yii waye ni nnkan bii agogo mẹrin irọlẹ lasiko ti gomina naa fẹ wọ ilu Baga l'awọn agbọn naa ba ṣina ibọn bolẹ. Awọn ẹṣọ alaabo to wa pẹlu rẹ naa daa ina ibọn bolẹ.",refutes,supports,supports,False
afrifact_data_culture_igbo_158,igbo,"Ákàrà nsibiri dị puku, nke há mà dị 500 nke ha détùrù",Isi ụlọ ọrụ ya dị n'obodo Okwe.,afrifact_data_culture_igbo_005,nei,Isi ụlọ ọrụ ya dị n'obodo Okwe.,supports,nei,nei,False
afrifact_data_culture_yoruba_349,yoruba,Àwọn ọmọ ẹgbẹ́ Ebila gbìyànjú láti fi àdá ṣá Ekugbemi àmọ́ àdá náà ò ràn án àfi ìgbà tí wọ́n ṣe nǹkan sí ara àdá náà.,"O sagbatẹru bi awọn ọba kan nilẹ Yoruba ṣe di ọba alade Ṣaaju akitiyan Alaafin Adeyẹmi, awọn ọba kan nilẹ Yoruba kii de ade ilẹkẹ. Amọ pẹlu akitiyan rẹ, awọn kan lara wọn di ọba to n de ade ilẹkẹ, ti wọn si gba igbega lori igbelewọn awọn ọba nipinlẹ Ọyọ, ati ni awọn ipinlẹ bi Ọṣun ati Ondo. Lara wọn ni: Onjo ti Okeho, Onitede ti Tede, Asẹyin ti Iṣẹyin, Timi ilu Ẹdẹ nigba kan, Ọba Oyelusi Tijani Agbaran II Lọdun 1980 si 1981, Ọba ilu Kisi, Okere ilu Saki, ati Sabi ti Iganna gba igbega. Baalẹ Ile-Ogbo di ọba, Olu ti Ile-Ogbo lọdun 1995, Olubu ti Ilobu nigba naa gba ade lọdun 1986. Ọba Olutayọ: ìgbésẹ̀ Ọọni àti Alaafin ti ń mú ìṣọ̀kàn dé sáàrin àwọn Ọba Yorùbá Alayegun ilu Ọdẹ-Omu, Akire ilu Ikire, Akirun ti Ikirun, Aree ti Ire, Olunisha ti Inisha (gbogbo wọn wa nipinlẹ Ọṣun) gba ade nipasẹ Alaafin. Nipinlẹ Ogun, Ọba ilu Ipokia di ọba alade ilẹkẹ.",afrifact_data_culture_yoruba_470,refutes,"O sagbatẹru bi awọn ọba kan nilẹ Yoruba ṣe di ọba alade Ṣaaju akitiyan Alaafin Adeyẹmi, awọn ọba kan nilẹ Yoruba kii de ade ilẹkẹ. Amọ pẹlu akitiyan rẹ, awọn kan lara wọn di ọba to n de ade ilẹkẹ, ti wọn si gba igbega lori igbelewọn awọn ọba nipinlẹ Ọyọ, ati ni awọn ipinlẹ bi Ọṣun ati Ondo. Lara wọn ni: Onjo ti Okeho, Onitede ti Tede, Asẹyin ti Iṣẹyin, Timi ilu Ẹdẹ nigba kan, Ọba Oyelusi Tijani Agbaran II Lọdun 1980 si 1981, Ọba ilu Kisi, Okere ilu Saki, ati Sabi ti Iganna gba igbega. Baalẹ Ile-Ogbo di ọba, Olu ti Ile-Ogbo lọdun 1995, Olubu ti Ilobu nigba naa gba ade lọdun 1986. Ọba Olutayọ: ìgbésẹ̀ Ọọni àti Alaafin ti ń mú ìṣọ̀kàn dé sáàrin àwọn Ọba Yorùbá Alayegun ilu Ọdẹ-Omu, Akire ilu Ikire, Akirun ti Ikirun, Aree ti Ire, Olunisha ti Inisha (gbogbo wọn wa nipinlẹ Ọṣun) gba ade nipasẹ Alaafin. Nipinlẹ Ogun, Ọba ilu Ipokia di ọba alade ilẹkẹ.",nei,supports,supports,False
afrifact_data_culture_igbo_088,igbo,"I rie ji a sụrụ asụ na ofe nsala, ị gaghị achọzị osikapa a i na-eri.","N'afọ 1981, Sam Mbakwe hiwere mahadum Imo steeti. Ụlọ akwụkwọ ahụ dị na mpaghara e nyere n'afọ 1991 ma meekwa ya baptizim ọzọ nke Abia State University . Agbanyeghị, Mahadum Imo steeti nwetara ụlọ akwụkwọ ọhụrụ na ma ka dị.",afrifact_data_culture_igbo_284,supports,"N'afọ 1981, Sam Mbakwe hiwere mahadum Imo steeti. Ụlọ akwụkwọ ahụ dị na mpaghara e nyere n'afọ 1991 ma meekwa ya baptizim ọzọ nke Abia State University . Agbanyeghị, Mahadum Imo steeti nwetara ụlọ akwụkwọ ọhụrụ na ma ka dị.",nei,supports,supports,False
afrifact_data_culture_yoruba_539,yoruba,Àìbìkítà awakọ̀ yìí ló mú kí àwọn ajínigbé rí Rẹ̀mí àti àwọn ènìyàn tó kú tó wà nínú ọkọ̀ náà mú.,"Ọ̀tan wà ní agbègbè àríwá , ó sì jìnà sí ìlú ní ǹkan bí ibùsọ̀ mẹ́tàdínlọ́gbọ̀n. Àwọn ìlú tí Ọ̀tan bá pààlà ni: , , , àti .",afrifact_data_culture_yoruba_573,supports,"Ọ̀tan wà ní agbègbè àríwá , ó sì jìnà sí ìlú ní ǹkan bí ibùsọ̀ mẹ́tàdínlọ́gbọ̀n. Àwọn ìlú tí Ọ̀tan bá pààlà ni: , , , àti .",refutes,nei,nei,False
afrifact_data_culture_hausa_353,hausa,Ahmed Musa ya zura ƙwallaye biyu a wasan Najeriya da Argentina a gasar cin kofin duniya ta 2014.,"An ƙirƙira shi a cikin 1891 ta malamin motsa jiki ɗan ƙasar Kanada-Ba-Amurke James Naismith a Springfield, Massachusetts, Amurka, ƙwallon kwando ya samo asali ya zama ɗayan shahararrun wasanni na duniya da ake kallo. Ƙungiyar ƙwallon kwando ta ƙasa (NBA) ita ce babbar ƙungiyar ƙwallon kwando mafi mahimmanci a duniya ta fuskar shahara, albashi, hazaka, da matakin gasa.",afrifact_data_culture_hausa_345,nei,"An ƙirƙira shi a cikin 1891 ta malamin motsa jiki ɗan ƙasar Kanada-Ba-Amurke James Naismith a Springfield, Massachusetts, Amurka, ƙwallon kwando ya samo asali ya zama ɗayan shahararrun wasanni na duniya da ake kallo. Ƙungiyar ƙwallon kwando ta ƙasa (NBA) ita ce babbar ƙungiyar ƙwallon kwando mafi mahimmanci a duniya ta fuskar shahara, albashi, hazaka, da matakin gasa.",supports,nei,nei,False
afrifact_data_culture_igbo_525,igbo,Ndị ji ọkwa Dọvanọ na Naịjirịa na-enye ndị ọka ike aka azụ ka ha kwụnyere ha mgbe ha na-ekpe ikpe.,"Ikenga Ikenga ( pụtara ike""). Obu kwazi alusi sirike n'ala Igbo. Ọ bụ otu n'ime ihe ndị dị ike nke ndị Igbo na-eme omenala huru n'anya. ",afrifact_data_culture_igbo_509,refutes,"Ikenga Ikenga ( pụtara ike""). Obu kwazi alusi sirike n'ala Igbo. Ọ bụ otu n'ime ihe ndị dị ike nke ndị Igbo na-eme omenala huru n'anya. ",nei,nei,nei,True
afrifact_data_culture_igbo_708,igbo,Na Steeti Ebonyi Mary Udumeke na-agba mbọ ịhụ na a kwụsị ibi ụmụnwaanyị ugwu na steeti ya. Ọ na-agba mbọ ịhụ na iwu kwadoro nke a. Steeti Abịa na Imo ebinyebeghi aka na nkwado iwu a.,Anwụchiela onyeagha gburu ọchụ gbaa ọsọ A nwụchiela onye agha Naijira riri mbọmbọ ọso dịka atụrụ ya nga afọ iri maka ọnwụ Lance Corporal Benjamin Collins. Anwụchịrị onye agha a bụ Major Akeem Oseni n'ọdọ ụgbọelu Cotonu dịka ọ chọrọ ịsi ebe ahụ gbaga mba Amerịka.,afrifact_data_culture_igbo_653,refutes,Anwụchiela onyeagha gburu ọchụ gbaa ọsọ A nwụchiela onye agha Naijira riri mbọmbọ ọso dịka atụrụ ya nga afọ iri maka ọnwụ Lance Corporal Benjamin Collins. Anwụchịrị onye agha a bụ Major Akeem Oseni n'ọdọ ụgbọelu Cotonu dịka ọ chọrọ ịsi ebe ahụ gbaga mba Amerịka.,supports,nei,nei,False
afrifact_data_culture_yoruba_496,yoruba,"Àwọn ọmọdé fẹ́ràn láti máa yí kẹ̀kẹ́, wọ́n sì máa ń ṣe láti orí ẹnìkan sí èkejì ni, títí yóò fi kárí àwọn tókù.","Esi yii jade lẹyin ti ti awọn kan ti ẹnikẹni ko mọ ṣi bo ọkan lara ile Sunday Igboho ni Ibadan ti wọn si jo o nina, Sunday ni ẹda alaye kankan ko lee pa oun afi Ọlọrun Ọba. Lásìkò ìfọ̀rọ̀wérọ̀ pẹ̀lú ìwé ìròyìn Punch ló ti ṣíṣọ lójú eegún ọ̀rọ̀ pé, òun kò bèrè fún ìrànwọ́ owó láti ọwa ẹnikẹ́ni. ""Emi o bẹru ohunkohun tabi ẹnikẹni o, afi Ọlọrun. Ọlọrun lo ni ilẹ oun si ni adari gbogbo ọkan. Ko si ẹda alaye kankan to lee pami torinaa mi o le bẹru eeyan ẹlẹ́ran ara"". Ninu iroyin naa, Igboho ni awọn ọmọ oun ti n pe oun ti wọn si n rọ ọ pe ko jawọ. ""Gbogbo igba ni wọn n ki mi nilọ"". ""Iyawo mi naa wa ninu idamu ọkan nitori ijijagbara mi ṣugbn mo ni lati ṣe eyi fun itusilẹ awọn eeyan mi.",afrifact_data_culture_yoruba_311,refutes,"Esi yii jade lẹyin ti ti awọn kan ti ẹnikẹni ko mọ ṣi bo ọkan lara ile Sunday Igboho ni Ibadan ti wọn si jo o nina, Sunday ni ẹda alaye kankan ko lee pa oun afi Ọlọrun Ọba. Lásìkò ìfọ̀rọ̀wérọ̀ pẹ̀lú ìwé ìròyìn Punch ló ti ṣíṣọ lójú eegún ọ̀rọ̀ pé, òun kò bèrè fún ìrànwọ́ owó láti ọwa ẹnikẹ́ni. ""Emi o bẹru ohunkohun tabi ẹnikẹni o, afi Ọlọrun. Ọlọrun lo ni ilẹ oun si ni adari gbogbo ọkan. Ko si ẹda alaye kankan to lee pami torinaa mi o le bẹru eeyan ẹlẹ́ran ara"". Ninu iroyin naa, Igboho ni awọn ọmọ oun ti n pe oun ti wọn si n rọ ọ pe ko jawọ. ""Gbogbo igba ni wọn n ki mi nilọ"". ""Iyawo mi naa wa ninu idamu ọkan nitori ijijagbara mi ṣugbn mo ni lati ṣe eyi fun itusilẹ awọn eeyan mi.",nei,supports,supports,False
afrifact_data_culture_yoruba_071,yoruba,Olóyè Ògúnwán̄dé Abím̄bọ́lá jẹ́ akọ́ṣẹ́mọṣẹ́ dókítà alábẹ́rẹ́ ní ilé ìwòsàn UCH ní ìlú Ìbàdàn.,"Ṣèyí Mákindé jẹ́ gómìnà ìpínlẹ́ Ọ̀yọ́, à dìbọ̀ yan nì ọ̀dun 2019. Geography [ | ] Ìpínlẹ̀ Ọ̀yọ́ gbòòrò ní nǹkan bí 28,454 kìlómítà níbùúgbùú, ó sì wà ní ipò kẹrìnlá nípa ìtòbi.",afrifact_data_culture_yoruba_685,nei,"Ṣèyí Mákindé jẹ́ gómìnà ìpínlẹ́ Ọ̀yọ́, à dìbọ̀ yan nì ọ̀dun 2019. Geography [ | ] Ìpínlẹ̀ Ọ̀yọ́ gbòòrò ní nǹkan bí 28,454 kìlómítà níbùúgbùú, ó sì wà ní ipò kẹrìnlá nípa ìtòbi.",refutes,nei,nei,False
afrifact_data_culture_igbo_736,igbo,Nje Ebola abatala Czech Republic. Onyeisiala mba Czech Republic  gwara ndị BBC nke a.,E mebiri ọtụtụ ihe ma gbaa ọtụtụ ọkụ ebe ahụ nke gụnyere ogige ndị uweojii atọ bụ nke a gbara ọkụ.,afrifact_data_culture_igbo_083,refutes,E mebiri ọtụtụ ihe ma gbaa ọtụtụ ọkụ ebe ahụ nke gụnyere ogige ndị uweojii atọ bụ nke a gbara ọkụ.,nei,nei,nei,True
afrifact_data_culture_yoruba_014,yoruba,Orílẹ̀-èdè Brazil kò ní ìbátan pẹ̀lú àwùjọ àwọn Aláwọ̀ dúdú.,"""Ọpọlọpọ nkan lati n ṣe bayii lati ri i pe ọrọ ijinigbe di afisẹyin ti eegun n fiṣọ. Ati fi kun awọn ọlọpa to n duro loju ọna. Bakan naa ni a ti pe awọn miran ti kii ṣe ọlọpa mọra lati ran wa lọwọ. Ohun ti a fẹ lati ọdọ araalu ni pe ki wọn maa ta wa lolobo, gbadura fun wa, ki wọn si mu suuru diẹ fun wa, ao ṣiṣẹ naa bi iṣẹ A ko mọ boya awọn ajinigbe ti kan si awọn mọlẹbi awọn ti wọn ji gbe, nitori ileeṣẹ ọlọpa kii lọwọ si. Idi ni pe ọpọlọpọ ọdaran yoo maa lo anfaani pe ileeṣẹ ọlọpa faaye gba sisan owo fun ajinigbe lati maa ṣiṣẹ ibi. Ti a ba fun ẹnikan lowo loni, ẹlomii yoo tun wo awokọṣe naa lati ji ẹlomiran gbe. A si maa n rọ awọn araalu lati fi to wa leti ti awọn ajinigbe ba kan si wọn, ṣugbọn o ṣeni laanu pe mọlẹbi awọn ti wọn ba ji gbe kii ṣọ fun wa lasiko ti wọn ba kan si wọn tabi san owo itusilẹ.""",afrifact_data_culture_yoruba_343,nei,"""Ọpọlọpọ nkan lati n ṣe bayii lati ri i pe ọrọ ijinigbe di afisẹyin ti eegun n fiṣọ. Ati fi kun awọn ọlọpa to n duro loju ọna. Bakan naa ni a ti pe awọn miran ti kii ṣe ọlọpa mọra lati ran wa lọwọ. Ohun ti a fẹ lati ọdọ araalu ni pe ki wọn maa ta wa lolobo, gbadura fun wa, ki wọn si mu suuru diẹ fun wa, ao ṣiṣẹ naa bi iṣẹ A ko mọ boya awọn ajinigbe ti kan si awọn mọlẹbi awọn ti wọn ji gbe, nitori ileeṣẹ ọlọpa kii lọwọ si. Idi ni pe ọpọlọpọ ọdaran yoo maa lo anfaani pe ileeṣẹ ọlọpa faaye gba sisan owo fun ajinigbe lati maa ṣiṣẹ ibi. Ti a ba fun ẹnikan lowo loni, ẹlomii yoo tun wo awokọṣe naa lati ji ẹlomiran gbe. A si maa n rọ awọn araalu lati fi to wa leti ti awọn ajinigbe ba kan si wọn, ṣugbọn o ṣeni laanu pe mọlẹbi awọn ti wọn ba ji gbe kii ṣọ fun wa lasiko ti wọn ba kan si wọn tabi san owo itusilẹ.""",refutes,nei,nei,False
afrifact_data_culture_yoruba_625,yoruba,Gbogbo ẹrú pátá ni kò ní ìbọ̀wọ̀ fún nítorí pé ó jẹ́ ohun ìtìjú.,"Amọṣa, pẹlu adinku to de ba ijinigbe ni ọdun 2016, o tun ti gbe ẹnu soke bayii paapaa pẹlu iṣẹlẹ ọọdunrun o le mẹwa to waye ni ọdun to kọja. Nitori naa nigba ti Aarẹ tẹlẹ, Oluṣẹgun Ọbasanjọ sọ pe "" eto abo ti dẹnu kọlẹ pẹlu ijinigbe ni ibi gbogbo"" oots ọrs lo sọ nitori pe ijigbe tun ti burẹkẹ sii, ni pataki julọ pẹlu bi wọn ṣe ji awọn akẹkọbinrin to le ni ọgọrun gbe ni Dapchi ni ọdun 2018. Ohun ti o n ba spọ lẹru ni bi awọn agbebọn Boko Haram ṣe n lo awọn smọde gẹgẹ bi irinsẹ iku pẹlu ado oloro. Ni ọdun 2017 ati 2018, iṣẹlẹ ikọlu ado oloro bi mẹtadinlọgọrin ati mẹrindinlọgbọn ni ṣiṣẹ n tẹle nipasẹ awọn ọmọde lo waye. Ni ọdun 2016 mẹsan lo waye gẹgẹ bii ajọ UNICEF ṣe sọ.",afrifact_data_culture_yoruba_412,supports,"Amọṣa, pẹlu adinku to de ba ijinigbe ni ọdun 2016, o tun ti gbe ẹnu soke bayii paapaa pẹlu iṣẹlẹ ọọdunrun o le mẹwa to waye ni ọdun to kọja. Nitori naa nigba ti Aarẹ tẹlẹ, Oluṣẹgun Ọbasanjọ sọ pe "" eto abo ti dẹnu kọlẹ pẹlu ijinigbe ni ibi gbogbo"" oots ọrs lo sọ nitori pe ijigbe tun ti burẹkẹ sii, ni pataki julọ pẹlu bi wọn ṣe ji awọn akẹkọbinrin to le ni ọgọrun gbe ni Dapchi ni ọdun 2018. Ohun ti o n ba spọ lẹru ni bi awọn agbebọn Boko Haram ṣe n lo awọn smọde gẹgẹ bi irinsẹ iku pẹlu ado oloro. Ni ọdun 2017 ati 2018, iṣẹlẹ ikọlu ado oloro bi mẹtadinlọgọrin ati mẹrindinlọgbọn ni ṣiṣẹ n tẹle nipasẹ awọn ọmọde lo waye. Ni ọdun 2016 mẹsan lo waye gẹgẹ bii ajọ UNICEF ṣe sọ.",nei,supports,supports,False
afrifact_data_culture_yoruba_313,yoruba,Neo àti Vee nìkan ni olólùfẹ́ méjì tí idà Big Brother kò tí ì bẹ́ ìrẹ́pọ̀ wọn sí méjì.,"Yorùbá gbàgbọ́ nínú gbólóhùn kan ""ẹ̀sọ̀ layé"" (The world is fragile). Ìdí ni wípé ayé ṣòro, ó sì gba jẹ́jẹ́, pàá pàá jùlọ kí a bára ẹni gbé ní ìrẹ́pọ̀, ìbọ̀wọ̀ àti àlááfíà. Ìtàn Ìwáṣẹ̀ Gẹ̀lẹ̀dẹ́ [ | ] Gelede mask, Afro-Brazilian Museum, São Paulo Ọ̀pọ̀ ìtàn ìwáṣẹ̀ tó rọ̀ mọ́ òrìṣà Gẹ̀lẹ̀dẹ́ ni a ti rí púpọ̀ rẹ̀ nínú . Ifá tí a ń sọ̀rọ̀ rẹ̀ yí ni ó ní Odù tí ó tó Igba ó lé Mẹ́rìnlélọ́gọ̀ta Odù, tí ìkọ̀ọ̀kan rẹ̀ sì ń dá lórí ènìyàn, ẹranko, àti àwọn pẹ̀lú ìṣòro àti ọ̀na àbáyọ sí ìṣòro wọn èyí ìṣẹ̀lẹ̀ tí ó ti ṣẹ̀ sẹ́yìn.",afrifact_data_culture_yoruba_269,refutes,"Yorùbá gbàgbọ́ nínú gbólóhùn kan ""ẹ̀sọ̀ layé"" (The world is fragile). Ìdí ni wípé ayé ṣòro, ó sì gba jẹ́jẹ́, pàá pàá jùlọ kí a bára ẹni gbé ní ìrẹ́pọ̀, ìbọ̀wọ̀ àti àlááfíà. Ìtàn Ìwáṣẹ̀ Gẹ̀lẹ̀dẹ́ [ | ] Gelede mask, Afro-Brazilian Museum, São Paulo Ọ̀pọ̀ ìtàn ìwáṣẹ̀ tó rọ̀ mọ́ òrìṣà Gẹ̀lẹ̀dẹ́ ni a ti rí púpọ̀ rẹ̀ nínú . Ifá tí a ń sọ̀rọ̀ rẹ̀ yí ni ó ní Odù tí ó tó Igba ó lé Mẹ́rìnlélọ́gọ̀ta Odù, tí ìkọ̀ọ̀kan rẹ̀ sì ń dá lórí ènìyàn, ẹranko, àti àwọn pẹ̀lú ìṣòro àti ọ̀na àbáyọ sí ìṣòro wọn èyí ìṣẹ̀lẹ̀ tí ó ti ṣẹ̀ sẹ́yìn.",nei,nei,nei,True
afrifact_data_culture_yoruba_526,yoruba,Davido fi ọkọ̀ Porsche ṣe ayẹyẹ ọjọ́ ìbí fún Chioma,"Ohene sọ pe oun ko le gbagbe oorun ara ọkunrin naa ati eekanna rẹ to fi bọ oju ara ohun titi di ọjọ oni ti iṣẹlẹ naa ti pe ọdun mẹtadinlaadọrin. ''Ṣugbọn lonii, o ti yemi ni pato ohun ti ọkunrin yii ṣe fun mi ni ọdun mẹtadinlaadọrin sẹyin.'' Mama mama mi ni o n ṣe itọju mi nigba naa, bo tilẹ jẹ pe mo kọ lati sọ ohun to ṣẹlẹ fun un.",afrifact_data_culture_yoruba_059,refutes,"Ohene sọ pe oun ko le gbagbe oorun ara ọkunrin naa ati eekanna rẹ to fi bọ oju ara ohun titi di ọjọ oni ti iṣẹlẹ naa ti pe ọdun mẹtadinlaadọrin. ''Ṣugbọn lonii, o ti yemi ni pato ohun ti ọkunrin yii ṣe fun mi ni ọdun mẹtadinlaadọrin sẹyin.'' Mama mama mi ni o n ṣe itọju mi nigba naa, bo tilẹ jẹ pe mo kọ lati sọ ohun to ṣẹlẹ fun un.",nei,nei,nei,True
afrifact_data_culture_hausa_388,hausa,Wasu yankuna a Arewacin Najeriya  ko soke al'adar lefe saboda suna ganin baya da wani amfani,"Daftarin da suka rubuta ya yi zargin cewa tsohon shugaban ya yi zantukan da ba su da tushe balle makama game da cewa an yi masa magudi a zaben shugaban ƙasa, kuma ya fake da hakan wurin zuga magoya bayan shi suka aukawa majalisa a ranar 6 ga watan Janairu.",afrifact_data_culture_hausa_708,supports,"Daftarin da suka rubuta ya yi zargin cewa tsohon shugaban ya yi zantukan da ba su da tushe balle makama game da cewa an yi masa magudi a zaben shugaban ƙasa, kuma ya fake da hakan wurin zuga magoya bayan shi suka aukawa majalisa a ranar 6 ga watan Janairu.",nei,nei,nei,True
afrifact_data_culture_hausa_672,hausa,"Wasa ƙwaƙwalwa da kacici-kacici ana yin sune ta sigar tambaya ko magana a zube, sai dai kawai kacici-kacici ana cewa ""Kacici-Kacici"" a farko.",Daga cikin muhimman manufofin wannan ƙungiya sun hada da: 1. Kaɗaita Allah da bauta ba tare da haɗa Shi da wani ba (shirka). Sannan a tabbatar da biyayya ga Annabi Muhammadu (S.A.W) ba tare da jayayya ko kawo maganganun wasu mutane na daban ba. 2. Tabbatar da bin ɗabi'un (sunna) Manzon Allah (S.A.W) ba tare da ƙirƙire-ƙirƙire ba. 3. Watsi da dukkan al'adun da suka saɓa ma addinin Islama. 4. Soyayyar Annabi (S.A.W) da iyalan shi da sahaban shi /abokan shi da kuma surukan shi ba tare da sukar ko ɗaya daga cikinsu ba. 5. Tabbatar da neman ilimin addini da na boko a ko'ina a faɗin duniya tare da bin dokokin addini. 6. Tabbatar da mutuncin waliyyan Allah na gaskiya da salihan bayi da duk sauran mutanen kirki.,afrifact_data_culture_hausa_393,nei,Daga cikin muhimman manufofin wannan ƙungiya sun hada da: 1. Kaɗaita Allah da bauta ba tare da haɗa Shi da wani ba (shirka). Sannan a tabbatar da biyayya ga Annabi Muhammadu (S.A.W) ba tare da jayayya ko kawo maganganun wasu mutane na daban ba. 2. Tabbatar da bin ɗabi'un (sunna) Manzon Allah (S.A.W) ba tare da ƙirƙire-ƙirƙire ba. 3. Watsi da dukkan al'adun da suka saɓa ma addinin Islama. 4. Soyayyar Annabi (S.A.W) da iyalan shi da sahaban shi /abokan shi da kuma surukan shi ba tare da sukar ko ɗaya daga cikinsu ba. 5. Tabbatar da neman ilimin addini da na boko a ko'ina a faɗin duniya tare da bin dokokin addini. 6. Tabbatar da mutuncin waliyyan Allah na gaskiya da salihan bayi da duk sauran mutanen kirki.,supports,supports,supports,True
afrifact_data_culture_yoruba_246,yoruba,Ìlú Àkókó jẹ́ ìlú kan tí ó kalẹ̀ sí agbègbè Àríwá àti Ìlà oòrùn ìpínlẹ̀ Oǹdó.,"Àwọn Yorùbá gbà gbọ́ pé Olókun ní ó bí Aje, èyí tí ó jẹ́ Òrìsà fún Ọrọ̀, Ọlá, tí ó wà ní ìsàlẹ̀ òkun. Olókun jẹ́ òrìsà tí ó ń darí àwọn ohun tí ó wà lábé Omi òkun, Ó sí jẹ́ òrìsà tí ó lágbára jù gbogbo ohùn tí ó wà lábé Omi òkun tàbí àwọn òrìṣà kékéèèké tí ó wà lábé Omi òkun. Olókun jẹ́ Òrìsà nlá tí wọn máa ń gbórínyìn fún nípa bí ó ti lágbára láti fún àwọn olúsín rẹ ní Owó, Ọlá, Ọrọ̀, àti àṣeyọrí nígbà tí wọn bá kìí tán. ",afrifact_data_culture_yoruba_179,refutes,"Àwọn Yorùbá gbà gbọ́ pé Olókun ní ó bí Aje, èyí tí ó jẹ́ Òrìsà fún Ọrọ̀, Ọlá, tí ó wà ní ìsàlẹ̀ òkun. Olókun jẹ́ òrìsà tí ó ń darí àwọn ohun tí ó wà lábé Omi òkun, Ó sí jẹ́ òrìsà tí ó lágbára jù gbogbo ohùn tí ó wà lábé Omi òkun tàbí àwọn òrìṣà kékéèèké tí ó wà lábé Omi òkun. Olókun jẹ́ Òrìsà nlá tí wọn máa ń gbórínyìn fún nípa bí ó ti lágbára láti fún àwọn olúsín rẹ ní Owó, Ọlá, Ọrọ̀, àti àṣeyọrí nígbà tí wọn bá kìí tán. ",supports,nei,nei,False
afrifact_data_culture_igbo_062,igbo,Oyi bụ ebe obibi nke ndị Oyi,"Azụbụike Ihejirika, CFR (Amụrụ Febuwarị 13, 1956) bụ onye gara ezumike nká Amị Naịjirịa, onyeisi jenaral na onye bụbu Onye isi ọrụ Amị.",afrifact_data_culture_igbo_533,refutes,"Azụbụike Ihejirika, CFR (Amụrụ Febuwarị 13, 1956) bụ onye gara ezumike nká Amị Naịjirịa, onyeisi jenaral na onye bụbu Onye isi ọrụ Amị.",supports,supports,supports,True
afrifact_data_culture_igbo_404,igbo,"Ndị e ji egwu Igbo haịlaịf kacha mara gụnyere Chiifụ Stephen Osita Ọsadebe, Oliver De Coque, Ali Chukwuma, , Sir Warrior, Oriental Brothers, Ikem Mazeli."," Nrụrụaka (Corruption) Senigal kacha bụrụ mba na-akwụba aka ọtọ n'ime mba asaa ndị a A bịa na nrụrụaka, Naijiria na Mọritenịa bụ ndị nke ikpeazụ n'ime mba asaa ndị a bụ ọgbọ. Nke a bụ dịka ngalaba na-ahụ maka ịkwụba aka ọtọ bụ 'Transparency International' si depụta. Ha nyere Naịjirịa na Mọritenia akara 27/100.",afrifact_data_culture_igbo_670,nei," Nrụrụaka (Corruption) Senigal kacha bụrụ mba na-akwụba aka ọtọ n'ime mba asaa ndị a A bịa na nrụrụaka, Naijiria na Mọritenịa bụ ndị nke ikpeazụ n'ime mba asaa ndị a bụ ọgbọ. Nke a bụ dịka ngalaba na-ahụ maka ịkwụba aka ọtọ bụ 'Transparency International' si depụta. Ha nyere Naịjirịa na Mọritenia akara 27/100.",supports,nei,nei,False
afrifact_data_culture_igbo_768,igbo,Ego mmefu na ego mbite Gọọmentị na-arị elu mana akpaego gọọmentị erubeghi ihe ihe o kwesịrị kemgbe afọ 2025. Nke a egbochighi onyeisiala Naịjirịa ikele ụlọọrụ na-elekọta ụgwọ ụtụ maka iwulite ọnọọgụgụ ndị na-atụ ụtụ.,"A tụọla otu nwoke nga mkpụrụọka maka igbu ndị ezinaụlọ ya mmadụ ise Nwoke ahụ gburu ndị ezinaụlọ ha n'ime ụlọ ha Otu nwoke ga-aga mkpọrọ apụtaghị apụta maka igbu nwunye ya, ụmụ ya atọ gụnyere ejima nakwa nnenne ha. ",afrifact_data_culture_igbo_717,nei,"A tụọla otu nwoke nga mkpụrụọka maka igbu ndị ezinaụlọ ya mmadụ ise Nwoke ahụ gburu ndị ezinaụlọ ha n'ime ụlọ ha Otu nwoke ga-aga mkpọrọ apụtaghị apụta maka igbu nwunye ya, ụmụ ya atọ gụnyere ejima nakwa nnenne ha. ",supports,nei,nei,False
afrifact_data_culture_igbo_214,igbo,Okigbo bi ndụ ya niile n'ọdụ ahịa.,"Paul Achalla bụ ọkaiwu na mba ofesi ma bụrụkwa onye otu Ipob ekwuola atụmatụ ha ga-agbaso iji weghachi akara Facebook onyeisi ha bụ Nnamdi Kanu. Na mkparịtaụka ya na BBC Igbo, Achalla kọwara na o nwereike ịbụ maka otu ihe maọbụ nke ọzọ ka e ji wetuo akara facebook Nnamdi Kanu, mana Facebook kwesịrị inye ya ohere ka ọ zara ọnụ ya. ",afrifact_data_culture_igbo_543,nei,"Paul Achalla bụ ọkaiwu na mba ofesi ma bụrụkwa onye otu Ipob ekwuola atụmatụ ha ga-agbaso iji weghachi akara Facebook onyeisi ha bụ Nnamdi Kanu. Na mkparịtaụka ya na BBC Igbo, Achalla kọwara na o nwereike ịbụ maka otu ihe maọbụ nke ọzọ ka e ji wetuo akara facebook Nnamdi Kanu, mana Facebook kwesịrị inye ya ohere ka ọ zara ọnụ ya. ",supports,supports,supports,True
afrifact_data_culture_igbo_625,igbo,Henrietta Yakubu gwara ndị na-eme njem ụgbọelu ka ha na-eyichi ahụ ha nke ọma maka oyi.,N'ofesi Otu onye oji egbe agbagbuola ihe ruru mmadụ isii n'otu ụlọọgwụ dị na mba Czech Republic ma gbagbuo onwe ya n'akụkọ ebe ahụ. Ndị uweojii hụrụ ozu nwoke a dịka ọ tọgbọ site n'ọnya egbe ọ gbara onwe ya n'isi.,afrifact_data_culture_igbo_736,nei,N'ofesi Otu onye oji egbe agbagbuola ihe ruru mmadụ isii n'otu ụlọọgwụ dị na mba Czech Republic ma gbagbuo onwe ya n'akụkọ ebe ahụ. Ndị uweojii hụrụ ozu nwoke a dịka ọ tọgbọ site n'ọnya egbe ọ gbara onwe ya n'isi.,refutes,nei,nei,False
afrifact_data_culture_hausa_012,hausa,Sojoji ne suka hamɓarar da gamnatin Shehu Shagari a shekarar 1983.,"A shekarar 2019, Gwamna Abdullahi Umar Ganduje ya sanya hannu kan dokar kafa sabbin masarautu huɗu.",afrifact_data_culture_hausa_098,nei,"A shekarar 2019, Gwamna Abdullahi Umar Ganduje ya sanya hannu kan dokar kafa sabbin masarautu huɗu.",supports,nei,nei,False
afrifact_data_culture_yoruba_630,yoruba,"Bí a bá n sọ̀rọ̀ nípa Ìsàlẹ̀ Èkó, oríṣi afárá ńlá ńlá mẹ́tà ló ní tí ó fi já pọ̀ mọ́ mainland. Àwọn afárá wọ̀nyí ni, afárá kìíní, afárá kejì, àti afárá kẹta.","Iroyin naa ni Mary pa irọ pe oun ko ni baba ati iya laye, ti wọn si ti jalaisi ninu ijamba ọkọ ti ẹsẹ rẹ ti da amọ ti wọn sawari rẹ pe baba rẹ wa laye. Àwọn iròyin tì ẹ leè ní ìfẹ̀ síí: Bakan naa ni ahesọ iroyin naa ni kii se inu ijamba ọkọ ni ẹsẹ Mary ti ge bikose pe wọn bi mọ bẹẹ ni lati igba to ti de ile aye. Wọn tun ni awọn eeyan kan to seranwọ fun Mary lati gbe ọrọ rẹ de ori ayelujara ti n dunkooko mọ pe awọn fk gba ipin awọn ninu miliọnu mẹẹdọgbọn naira ti awọn alaanu ko jọ fun bii owo iranwọ. Ọna lati fi idi ootọ ọrọ mulẹ lo mu ki BBC Yoruba pe ijọba ipinlẹ Eko lati mọ boya lootọ ni awọn ahesọ ọrọ to n lọ lori ayelujara naa. Nigba to n tako awọn ahesọ iroyin yii, Kọmisana feto iroyin nipinlẹ Eko, Ọgbẹni Gbenga Omotoso salaye pe ko si ootọ kankan ninu iroyin to n lọ lori ayelujara nipa obinrin naa. ",afrifact_data_culture_yoruba_371,refutes,"Iroyin naa ni Mary pa irọ pe oun ko ni baba ati iya laye, ti wọn si ti jalaisi ninu ijamba ọkọ ti ẹsẹ rẹ ti da amọ ti wọn sawari rẹ pe baba rẹ wa laye. Àwọn iròyin tì ẹ leè ní ìfẹ̀ síí: Bakan naa ni ahesọ iroyin naa ni kii se inu ijamba ọkọ ni ẹsẹ Mary ti ge bikose pe wọn bi mọ bẹẹ ni lati igba to ti de ile aye. Wọn tun ni awọn eeyan kan to seranwọ fun Mary lati gbe ọrọ rẹ de ori ayelujara ti n dunkooko mọ pe awọn fk gba ipin awọn ninu miliọnu mẹẹdọgbọn naira ti awọn alaanu ko jọ fun bii owo iranwọ. Ọna lati fi idi ootọ ọrọ mulẹ lo mu ki BBC Yoruba pe ijọba ipinlẹ Eko lati mọ boya lootọ ni awọn ahesọ ọrọ to n lọ lori ayelujara naa. Nigba to n tako awọn ahesọ iroyin yii, Kọmisana feto iroyin nipinlẹ Eko, Ọgbẹni Gbenga Omotoso salaye pe ko si ootọ kankan ninu iroyin to n lọ lori ayelujara nipa obinrin naa. ",supports,supports,supports,True
afrifact_data_culture_yoruba_147,yoruba,Ibrahin àti Ismael gbà wọ́n sì juwọ́ jusẹ̀ fún Ọlọ́run wọn Allah.,"Muhammadu Buhari jẹ oloṣelu a si le ṣe apejuwe rẹ gẹgẹ bi ọkan lara awọn gbajugbaja oloṣelu tẹsẹ wọn rinlẹ ni iha Ariwa orilẹede Naijiria. Ilé Ìwé Ààrẹ Muhammadu Buhari Ni ọmọ ọdun mọkandinlogun, Buhari dara pọ mọ ile iwe girama fun ẹkọ nipa ijagun, Nigerian Military Training College (NMTC) ni odun 1962. Ni oṣu keji ọdun 1964, wọn sọ ile iwe girama ọhun di ẹka ile iṣẹ ologun to laṣẹ lati sọ ni di ọmọ ogun alakọbẹrẹ wọn si sọ orukọ rẹ di ile ẹkọ awọn ọmọ ogun alaabo, Nigerian Defence Academy (NDA).",afrifact_data_culture_yoruba_155,refutes,"Muhammadu Buhari jẹ oloṣelu a si le ṣe apejuwe rẹ gẹgẹ bi ọkan lara awọn gbajugbaja oloṣelu tẹsẹ wọn rinlẹ ni iha Ariwa orilẹede Naijiria. Ilé Ìwé Ààrẹ Muhammadu Buhari Ni ọmọ ọdun mọkandinlogun, Buhari dara pọ mọ ile iwe girama fun ẹkọ nipa ijagun, Nigerian Military Training College (NMTC) ni odun 1962. Ni oṣu keji ọdun 1964, wọn sọ ile iwe girama ọhun di ẹka ile iṣẹ ologun to laṣẹ lati sọ ni di ọmọ ogun alakọbẹrẹ wọn si sọ orukọ rẹ di ile ẹkọ awọn ọmọ ogun alaabo, Nigerian Defence Academy (NDA).",supports,nei,nei,False
afrifact_data_culture_igbo_562,igbo,Ndị Anambra East gwara ndị gọọmentị Steeti Anambra ka ha gbatara ha ọsọ enyemaka n'ihi na agụọ na mmiri adịghị ọcha na-achọ ikpochapụ ndụ ha.,Akụkọ ọdịnala a ma ama na-ekwu na otu nwanyị aha ya bụ Dada Nwakata bụ onye mbụ a maara nke ọma na Akwete.,afrifact_data_culture_igbo_195,refutes,Akụkọ ọdịnala a ma ama na-ekwu na otu nwanyị aha ya bụ Dada Nwakata bụ onye mbụ a maara nke ọma na Akwete.,nei,nei,nei,True
afrifact_data_culture_yoruba_373,yoruba,Ìròyìn fi lélẹ̀ pé Ààrẹ Muhammadu Buhari ti dé sí Gbọ̀gàn ìdìbò,"Igboho lo sọ ọrọ naa nibi ipade kan ti Ọjọgbọn Banji Akintoye, to jẹ aṣiwaju nilẹ Yoruba naa wa. O ṣalaye pe ko si nnkankan to n jẹ iṣọkan Naijiria mọ lẹyin ti eto abo ilẹ Yoruba mẹhẹ, ti ijọba apapọ ko si ri ohun kankan ṣe nipa rẹ. Bakan naa lo tun ṣalaye pe oun atawọn ikọ oun ti ṣetan lati koju awọn ọdaran Fulani lọna ati le wọn kuro ni gbogbo ilẹ Yoruba patapa. Gẹgẹ bo ṣe sọ, ""a o lọ ṣi awọn ẹnu ibode wa ti ijọba apapọ ti pa, a o si ṣigbogbo rẹ ki ounjẹ le maa wọle."" ""A kii ṣe ara Naijiria mọ, ọlọpaa ti wọn ba bi daa, ko da wa lọna tabi ko gbiyanju lati mu ẹnikẹni ninu wa, igba yẹn ni wọn yoo mọ pe ẹnu Yoruba ko."" Igboho sọ pe ko si anfani kankan ti ẹya Yoruba n ri ninu Naijiria gẹgẹ bii orilẹ-ede nitori gbogbo ipo to ṣe pataki ninu ijọba to wa lode yii ni Hausa n ṣakoso. O pari ọrọ rẹ pe digbi ni oun wa lẹyin awọn agbagba Yoruba lori igbesẹ wọn lati gba ominira kuro ni Naijiria.",afrifact_data_culture_yoruba_443,refutes,"Igboho lo sọ ọrọ naa nibi ipade kan ti Ọjọgbọn Banji Akintoye, to jẹ aṣiwaju nilẹ Yoruba naa wa. O ṣalaye pe ko si nnkankan to n jẹ iṣọkan Naijiria mọ lẹyin ti eto abo ilẹ Yoruba mẹhẹ, ti ijọba apapọ ko si ri ohun kankan ṣe nipa rẹ. Bakan naa lo tun ṣalaye pe oun atawọn ikọ oun ti ṣetan lati koju awọn ọdaran Fulani lọna ati le wọn kuro ni gbogbo ilẹ Yoruba patapa. Gẹgẹ bo ṣe sọ, ""a o lọ ṣi awọn ẹnu ibode wa ti ijọba apapọ ti pa, a o si ṣigbogbo rẹ ki ounjẹ le maa wọle."" ""A kii ṣe ara Naijiria mọ, ọlọpaa ti wọn ba bi daa, ko da wa lọna tabi ko gbiyanju lati mu ẹnikẹni ninu wa, igba yẹn ni wọn yoo mọ pe ẹnu Yoruba ko."" Igboho sọ pe ko si anfani kankan ti ẹya Yoruba n ri ninu Naijiria gẹgẹ bii orilẹ-ede nitori gbogbo ipo to ṣe pataki ninu ijọba to wa lode yii ni Hausa n ṣakoso. O pari ọrọ rẹ pe digbi ni oun wa lẹyin awọn agbagba Yoruba lori igbesẹ wọn lati gba ominira kuro ni Naijiria.",nei,refutes,refutes,False
afrifact_data_culture_yoruba_501,yoruba,"Sheik Muideen Ajani Bello ló wàásù níbí ìsìnkú Ajimobi, tí ó sì gbóríyìn fún Ajimobi gẹ́gẹ́ bí ẹni tí ó bẹ̀rù Ọlọ́run, tí ó sì rọ gbogbo ènìyàn láti ronúpìwàdà, bẹ́ẹ̀ sì ni ó gbàdúrà pé kí Ọlọ́run san án fun gẹ́gẹ́ bí iṣẹ́ ọwọ́ rẹ̀.","Ànàmọ́ tí ó bá gbo tí ó sì ta dára dára ma ń gún níwọ̀n kan 1 metre (3.3 ft) Ewé rẹ̀ ma ń ní ẹ̀ka mẹ́ta mẹ́ta lára ẹ̀ka igi kọ̀ọ̀kan. Ìrísí ewé rẹ̀ náà ma ń ní àwọ̀ oríṣiríṣi bíi ìtànṣán Oòrùn (pink), sí àwọ̀ aró àti pọ́pù pàá pàá jùlọ bí bá ti ń jẹ ewé rẹ̀.",afrifact_data_culture_yoruba_001,nei,"Ànàmọ́ tí ó bá gbo tí ó sì ta dára dára ma ń gún níwọ̀n kan 1 metre (3.3 ft) Ewé rẹ̀ ma ń ní ẹ̀ka mẹ́ta mẹ́ta lára ẹ̀ka igi kọ̀ọ̀kan. Ìrísí ewé rẹ̀ náà ma ń ní àwọ̀ oríṣiríṣi bíi ìtànṣán Oòrùn (pink), sí àwọ̀ aró àti pọ́pù pàá pàá jùlọ bí bá ti ń jẹ ewé rẹ̀.",supports,nei,nei,False
afrifact_data_culture_yoruba_672,yoruba,Ìpínlẹ̀ Èkìtì tí ó wà ní apá ìwọ̀ oòrùn jẹ́ ìdásílẹ̀ pẹ̀lú àwọn ìpínlẹ̀ tuntun márùn-ún mìíràn.,"Yorùbá gbàgbọ́ nínú gbólóhùn kan ""ẹ̀sọ̀ layé"" (The world is fragile). Ìdí ni wípé ayé ṣòro, ó sì gba jẹ́jẹ́, pàá pàá jùlọ kí a bára ẹni gbé ní ìrẹ́pọ̀, ìbọ̀wọ̀ àti àlááfíà. Ìtàn Ìwáṣẹ̀ Gẹ̀lẹ̀dẹ́ [ | ] Gelede mask, Afro-Brazilian Museum, São Paulo Ọ̀pọ̀ ìtàn ìwáṣẹ̀ tó rọ̀ mọ́ òrìṣà Gẹ̀lẹ̀dẹ́ ni a ti rí púpọ̀ rẹ̀ nínú . Ifá tí a ń sọ̀rọ̀ rẹ̀ yí ni ó ní Odù tí ó tó Igba ó lé Mẹ́rìnlélọ́gọ̀ta Odù, tí ìkọ̀ọ̀kan rẹ̀ sì ń dá lórí ènìyàn, ẹranko, àti àwọn pẹ̀lú ìṣòro àti ọ̀na àbáyọ sí ìṣòro wọn èyí ìṣẹ̀lẹ̀ tí ó ti ṣẹ̀ sẹ́yìn.",afrifact_data_culture_yoruba_269,refutes,"Yorùbá gbàgbọ́ nínú gbólóhùn kan ""ẹ̀sọ̀ layé"" (The world is fragile). Ìdí ni wípé ayé ṣòro, ó sì gba jẹ́jẹ́, pàá pàá jùlọ kí a bára ẹni gbé ní ìrẹ́pọ̀, ìbọ̀wọ̀ àti àlááfíà. Ìtàn Ìwáṣẹ̀ Gẹ̀lẹ̀dẹ́ [ | ] Gelede mask, Afro-Brazilian Museum, São Paulo Ọ̀pọ̀ ìtàn ìwáṣẹ̀ tó rọ̀ mọ́ òrìṣà Gẹ̀lẹ̀dẹ́ ni a ti rí púpọ̀ rẹ̀ nínú . Ifá tí a ń sọ̀rọ̀ rẹ̀ yí ni ó ní Odù tí ó tó Igba ó lé Mẹ́rìnlélọ́gọ̀ta Odù, tí ìkọ̀ọ̀kan rẹ̀ sì ń dá lórí ènìyàn, ẹranko, àti àwọn pẹ̀lú ìṣòro àti ọ̀na àbáyọ sí ìṣòro wọn èyí ìṣẹ̀lẹ̀ tí ó ti ṣẹ̀ sẹ́yìn.",supports,supports,supports,True
afrifact_data_culture_yoruba_490,yoruba,Alaga Hajj ni Naijiria ni inú wọn kò dùn sí bí Hajj kò ṣe ní wáyé ní ọdún 2020.,"""Igbeyawo ọmọ Aarẹ Buhari jẹ ọkan gboogi lara awọn igbeyawo onirẹlẹ julọ ti awọn to n tukọ ijọba yoo ṣe ninu itan orilẹ-ede Naijiria."" Ni ti fidio kan to n tan kalẹ lori ayelujara, nibi ti tọkọ-taya ti n jo ti awọn eeyan kan si n na wọn lowo, Aliyu ni kii ṣe ile ijọba ni Abuja ni wọn ti ya fidio ọhun, ṣugbọn iṣẹlẹ naa waye lẹyin ti iyawo dele ọkọ rẹ tan ni Kaduna. Aliyu ni iyawo Aisha Buhari mọ pe arun Covid-19 ṣi wa lawujọ, nitori naa lo ṣe ri daju pe gbogbo awọn to peju sibi igbeyawo ọmọ rẹ tẹle ilana ijinasiraẹni ti awọn eleto ilera gbe kalẹ.",afrifact_data_culture_yoruba_324,supports,"""Igbeyawo ọmọ Aarẹ Buhari jẹ ọkan gboogi lara awọn igbeyawo onirẹlẹ julọ ti awọn to n tukọ ijọba yoo ṣe ninu itan orilẹ-ede Naijiria."" Ni ti fidio kan to n tan kalẹ lori ayelujara, nibi ti tọkọ-taya ti n jo ti awọn eeyan kan si n na wọn lowo, Aliyu ni kii ṣe ile ijọba ni Abuja ni wọn ti ya fidio ọhun, ṣugbọn iṣẹlẹ naa waye lẹyin ti iyawo dele ọkọ rẹ tan ni Kaduna. Aliyu ni iyawo Aisha Buhari mọ pe arun Covid-19 ṣi wa lawujọ, nitori naa lo ṣe ri daju pe gbogbo awọn to peju sibi igbeyawo ọmọ rẹ tẹle ilana ijinasiraẹni ti awọn eleto ilera gbe kalẹ.",nei,supports,supports,False
afrifact_data_culture_yoruba_249,yoruba,Ilé ìwé Girama Badagry Grammar School ni wọ́n ti ṣe ayẹyẹ Àgbádá-rìgì tó kọjá.,"O ni Amọtẹkun ko waye lati rọpo awọn ileeṣẹ aabo to n bẹ nilẹ tẹlẹ, ṣugbọn yoo ṣiṣẹ papọ pẹlu awọn ẹṣọ aabo to ku, ki eto naa le kẹsẹjari. O ṣe afikun ọrọ wi pe, gbogbo awọn aṣoju Amọtẹkun ni yoo maa ṣe amojuto awọn agbegbe kọọkan pẹlu oye ede ati aṣa awọn agbegbe naa. Fayẹmi ṣe alaye wi pe, Amọtẹkun ipinlẹ kọọkan ni yoo maa mojuto ipinlẹ ti wọn pin wọn si lai rekọja lọ si ipinlẹ mii, ayafi ti iṣẹlẹ pajawiri ba waye.",afrifact_data_culture_yoruba_221,refutes,"O ni Amọtẹkun ko waye lati rọpo awọn ileeṣẹ aabo to n bẹ nilẹ tẹlẹ, ṣugbọn yoo ṣiṣẹ papọ pẹlu awọn ẹṣọ aabo to ku, ki eto naa le kẹsẹjari. O ṣe afikun ọrọ wi pe, gbogbo awọn aṣoju Amọtẹkun ni yoo maa ṣe amojuto awọn agbegbe kọọkan pẹlu oye ede ati aṣa awọn agbegbe naa. Fayẹmi ṣe alaye wi pe, Amọtẹkun ipinlẹ kọọkan ni yoo maa mojuto ipinlẹ ti wọn pin wọn si lai rekọja lọ si ipinlẹ mii, ayafi ti iṣẹlẹ pajawiri ba waye.",supports,nei,nei,False
afrifact_data_culture_hausa_426,hausa,Sheikh Qaribullah ya auri mata biyu yana da shekaru ashirin da biyu.,"A wajen Trump komai na Amurka ne wanda hakan abu ne da ba a saba gani ba, wanda kawai yake tafiyar da shi da son zuciyarsa da kuma alakarsa da shugabannin duniya, kuma yake wallafa shi a Twitter da ya ga dama.",afrifact_data_culture_hausa_709,nei,"A wajen Trump komai na Amurka ne wanda hakan abu ne da ba a saba gani ba, wanda kawai yake tafiyar da shi da son zuciyarsa da kuma alakarsa da shugabannin duniya, kuma yake wallafa shi a Twitter da ya ga dama.",supports,nei,nei,False
afrifact_data_culture_yoruba_018,yoruba,Ọ̀kan nínú àwọn nǹkan tí ó wọ́pọ̀ nínú àwùjọ àwọn elédè Spanish àti ẹ̀sìn àwọn Cuban ni Aganjú.,"A bí Ìgè ní ọjọ́ kẹtàlá oṣu kẹsàán ọdún 1930, ó di olóògbé ní ọjọ́ kẹtàlélógún oṣu kejìlá ọdún 2001. Ìgè di Alákòóso (mínísítà) ìjọba àpapọ̀ fún ẹ̀ka ètò ìdájọ́ àti Agbẹjọ́rò-Àgbà ìjọba àpapọ̀̀ láàrín ọdún 2000 títí di ọdún 2001 tí wọ́n fi fipá gba ẹ̀mí rẹ̀ nínú oṣù Kejìlá ọdún 2001. Ìgè jẹ gómìnà láti osù kẹwàá ọdún 1979 títí dé osù kẹwàá ọdún 2003. Lẹ́yìn ìgbàtí ìjọ̀ba olósèlú padà dé ní ọdún 1999. ̣̣̣̣̣̣̣̣̣́́́́́́́ Ìbẹ̀rẹ̀ ayé rẹ̀ [ | ] Wọ́n bí Jèmísìì Ajíbọ́lá Ìdòwú Adégòkè Ìgè ní ìlú ní ní ọjọ́ kẹtàlá oṣù kẹsàn-án ọdún 1930 bí ó tiḷẹ̀ jẹ́ pé ọmọ bíbí ìlú ní ni àwọn òbí rẹ̀. Ìgè gbéra lọ sí ìlú ní dédé ọmọ ọdún mẹ́rìnlá láti lọ kẹ́kọ́ nílé ẹ̀kọ́ ní àárín ọdún 1943 sí 1948.",afrifact_data_culture_yoruba_605,refutes,"A bí Ìgè ní ọjọ́ kẹtàlá oṣu kẹsàán ọdún 1930, ó di olóògbé ní ọjọ́ kẹtàlélógún oṣu kejìlá ọdún 2001. Ìgè di Alákòóso (mínísítà) ìjọba àpapọ̀ fún ẹ̀ka ètò ìdájọ́ àti Agbẹjọ́rò-Àgbà ìjọba àpapọ̀̀ láàrín ọdún 2000 títí di ọdún 2001 tí wọ́n fi fipá gba ẹ̀mí rẹ̀ nínú oṣù Kejìlá ọdún 2001. Ìgè jẹ gómìnà láti osù kẹwàá ọdún 1979 títí dé osù kẹwàá ọdún 2003. Lẹ́yìn ìgbàtí ìjọ̀ba olósèlú padà dé ní ọdún 1999. ̣̣̣̣̣̣̣̣̣́́́́́́́ Ìbẹ̀rẹ̀ ayé rẹ̀ [ | ] Wọ́n bí Jèmísìì Ajíbọ́lá Ìdòwú Adégòkè Ìgè ní ìlú ní ní ọjọ́ kẹtàlá oṣù kẹsàn-án ọdún 1930 bí ó tiḷẹ̀ jẹ́ pé ọmọ bíbí ìlú ní ni àwọn òbí rẹ̀. Ìgè gbéra lọ sí ìlú ní dédé ọmọ ọdún mẹ́rìnlá láti lọ kẹ́kọ́ nílé ẹ̀kọ́ ní àárín ọdún 1943 sí 1948.",supports,nei,nei,False
afrifact_data_culture_yoruba_607,yoruba,Láàárín àwọn etíkun mẹ́ta ni Ìlú Badagry wà.,"Igbesi aye tete [ | ] A bí Muhammadu Buhari sí ìdílé ní ọjọ 17 Kejìlá 1942, ní Daura, Ìpínlè Katsina , baba rẹ ni Hardo Adamu, ẹni tí ó jẹ́ olori Fulani, orúkọ ìyá rẹ̀ sì ni Zulaihat, ẹni tí ó . Òun ni ọmọ kẹtalelogun bàbá rẹ̀.",afrifact_data_culture_yoruba_698,refutes,"Igbesi aye tete [ | ] A bí Muhammadu Buhari sí ìdílé ní ọjọ 17 Kejìlá 1942, ní Daura, Ìpínlè Katsina , baba rẹ ni Hardo Adamu, ẹni tí ó jẹ́ olori Fulani, orúkọ ìyá rẹ̀ sì ni Zulaihat, ẹni tí ó . Òun ni ọmọ kẹtalelogun bàbá rẹ̀.",nei,nei,nei,True
afrifact_data_culture_igbo_117,igbo,Ọchịchị ime obodo a akaghị ịdị ire ma ọ bụrụ na ọ nweghị obodo mebere ya.,"Taa, ụmụ nwanyị na-aga n'ihu na ịmepụta ákwà Akwete maka ahịa zuru ụwa ọnụ.",afrifact_data_culture_igbo_194,supports,"Taa, ụmụ nwanyị na-aga n'ihu na ịmepụta ákwà Akwete maka ahịa zuru ụwa ọnụ.",nei,nei,nei,True
afrifact_data_culture_igbo_069,igbo,Ala Igbo bụ sọ mma.,Ọ bụ mpaghara ọdịbendị na asụsụ nkịtị na ndịda .,afrifact_data_culture_igbo_150,supports,Ọ bụ mpaghara ọdịbendị na asụsụ nkịtị na ndịda .,nei,nei,nei,True
afrifact_data_culture_igbo_503,igbo,"Ogwashi Uku dị na mpaghara Anaocha nke Anambara steeti ma nwee ihe erughị mmadụ puku iri ise, narị abụọ na iri atọ na anọ.","N'ime ụdị ihe abụọ a e ji arụ ya, nke osisi na-aka nọtee aka ruo ogologo oge. ",afrifact_data_culture_igbo_036,supports,"N'ime ụdị ihe abụọ a e ji arụ ya, nke osisi na-aka nọtee aka ruo ogologo oge. ",refutes,refutes,refutes,True
afrifact_data_culture_igbo_488,igbo,N'ụlọ ọba ego ka Peter Obi na-arụ ọrụ tupu ọ banye na ndọrọ ndọrọ ọchịchị," Nwa nwaanyị Nke a bụ aha a na-akpọ nwaanyị site na mgbe a mụrụ ya ọhụrụ ruo mgbe ọ gbara ihe dịka otu afọ. Ọ bụrụ na o ruo afọ abụọ gawa afọ ,a kpọọ ya 'nwata nwaanyị na-etolite etolite'. O nwereike ọ bụrụ na ọ bụ nwaanyị e bu ụzọ mụọ, a ga-akpọ ya 'Nwada nwaanyị'. Obere agbọghọ A na-akpọ nwaanyị 'obere agbọghọ' ma ọ bụrụ na o tolite site n'afọ itoolu ruo afọ iri na itoolu. Mgbe ahụ e nweela mgbanwe n'ahụ ya nke gụnyere; ịkpụ ara, ịgba ajị abụ na nke ngada, ịhụ nsọ ya nakwa mgbanwe ndị ọzọ. Site n'afọ iri na asatọ gawa ruo afọ iri abụọ na otu, e nwereike ịkpọ ya 'Agbọghọ nwaanyị'.",afrifact_data_culture_igbo_694,nei," Nwa nwaanyị Nke a bụ aha a na-akpọ nwaanyị site na mgbe a mụrụ ya ọhụrụ ruo mgbe ọ gbara ihe dịka otu afọ. Ọ bụrụ na o ruo afọ abụọ gawa afọ ,a kpọọ ya 'nwata nwaanyị na-etolite etolite'. O nwereike ọ bụrụ na ọ bụ nwaanyị e bu ụzọ mụọ, a ga-akpọ ya 'Nwada nwaanyị'. Obere agbọghọ A na-akpọ nwaanyị 'obere agbọghọ' ma ọ bụrụ na o tolite site n'afọ itoolu ruo afọ iri na itoolu. Mgbe ahụ e nweela mgbanwe n'ahụ ya nke gụnyere; ịkpụ ara, ịgba ajị abụ na nke ngada, ịhụ nsọ ya nakwa mgbanwe ndị ọzọ. Site n'afọ iri na asatọ gawa ruo afọ iri abụọ na otu, e nwereike ịkpọ ya 'Agbọghọ nwaanyị'.",supports,nei,nei,False
afrifact_data_culture_hausa_005,hausa,Muhammadu Buhari ya yi mulkin Nigeria a matsayin shugaban kasa na farar hula daga shekara 2015 zuwa shekarar 2023.,"Wanne irin sauyi za a samu karkashin shugabancin Biden? Abubuwa kadan za mu iya hasashen - sauyin alaka da kawayen Amurka, sai maganar sauyin yanayi, da kuma rikicin gabas ta tsakiya. Alaka tsakanin Amurka da ƙawayenta Trump ya yi ta goyon bayan 'yan kama karya da kuma haɗa hannu da su.",afrifact_data_culture_hausa_712,nei,"Wanne irin sauyi za a samu karkashin shugabancin Biden? Abubuwa kadan za mu iya hasashen - sauyin alaka da kawayen Amurka, sai maganar sauyin yanayi, da kuma rikicin gabas ta tsakiya. Alaka tsakanin Amurka da ƙawayenta Trump ya yi ta goyon bayan 'yan kama karya da kuma haɗa hannu da su.",supports,nei,nei,False
afrifact_data_culture_igbo_156,igbo,Ndị Ideato South bụ ndị na-emepụta ihe a na-ere ere na nke a na-eri eri,"World Health Organisation' kwuru na ụmụnwaanyị e biri ugwu n'ụwa karịrị nde narị abụọ (200 million). Mana onweghị otu mkpụrụ uru ibi ugwu na-abara ụmụnwaanyị, naanị ọghọm jupụtara ya. Ya mere ha ji wepụta ụbọchị isii nke ọnwa Febrụwarị kwa afọ dịka ụbọchị iji gbaa mbọ maka ịkwụsị ibi ugwu ụmụ nwaanyị.",afrifact_data_culture_igbo_706,nei,"World Health Organisation' kwuru na ụmụnwaanyị e biri ugwu n'ụwa karịrị nde narị abụọ (200 million). Mana onweghị otu mkpụrụ uru ibi ugwu na-abara ụmụnwaanyị, naanị ọghọm jupụtara ya. Ya mere ha ji wepụta ụbọchị isii nke ọnwa Febrụwarị kwa afọ dịka ụbọchị iji gbaa mbọ maka ịkwụsị ibi ugwu ụmụ nwaanyị.",supports,supports,supports,True
afrifact_data_culture_yoruba_333,yoruba,"Ìgbẹ̀mí ara-ẹni pọ̀ gidi gan-an ní orílẹ̀-èdè Amẹ́ríkà, ìwádìí sì fi lélẹ̀ pé èyí wọ́pọ̀ láàárín àwọn ènìyàn tó ti fìgbà kan ni àìsàn ọpọlọ."," Àwọn èròjà [ | ] Jollof rice with fish, plantains, cucumber, and tomatoes. Ìrẹsì jọ̀lọ́fu jẹ́ àpapọ̀ ìrẹsì, òróró, ẹfọ bíi tòmáatì, Àlùbósà,ata rodo, Ata ilé, Aáyù, ata ṣœm̀bọ̀. Láti lè jẹ́ kí ô pọ́n-ọ́n, wọn á má fí tòmáatì sí. Bákan náà ní wọn á máa fí awọn èròjà dídùn bíi, iyọ̀, magí, àwọn spices mìíràn bí curry, àti táàmù lati tún bọ̀ jẹ́ kì ó ta sán sán.",afrifact_data_culture_yoruba_092,refutes," Àwọn èròjà [ | ] Jollof rice with fish, plantains, cucumber, and tomatoes. Ìrẹsì jọ̀lọ́fu jẹ́ àpapọ̀ ìrẹsì, òróró, ẹfọ bíi tòmáatì, Àlùbósà,ata rodo, Ata ilé, Aáyù, ata ṣœm̀bọ̀. Láti lè jẹ́ kí ô pọ́n-ọ́n, wọn á má fí tòmáatì sí. Bákan náà ní wọn á máa fí awọn èròjà dídùn bíi, iyọ̀, magí, àwọn spices mìíràn bí curry, àti táàmù lati tún bọ̀ jẹ́ kì ó ta sán sán.",supports,nei,nei,False
afrifact_data_culture_yoruba_638,yoruba,"Síbẹ̀, ìgbàgbọ́ wọn nípa Jésù ò yàtọ̀ síra nítorí gbogbo wọn ló gbà pé olùgbàlà ni Jésù.","Nigba ti BBC Yoruba beere pe se o ri irisi awọn eeyan to n sisẹ ibi naa, akọroyin naa ni "" A ko ri wọn lọ titi, amọ iwadii mi mi lọdọ awsn to ri wọn fihan pe awọn Fulani ni wọn, ti isẹlẹ naa si tun lọwọ awọn araalu ninu."" Oladoye ni ibi ti isẹlẹ naa ti waye ko to kilomita meji si ibi tawọn sọja duro si, ti wọn ko si yọju rara sibi isẹlẹ naa. Fulani Kidnapping: Owó púpọ̀ la san kí wọ́n tó fi mi sílẹ̀ O wa pari ọrọ rẹ pe bi kii ba se pe ọkọ ọhun duro fun isẹju marun lati gbe eeyan kan nilu Efon Alaaye ni, ọwọ awọn ajinigbe naa ni oun ko ba ko si.",afrifact_data_culture_yoruba_538,nei,"Nigba ti BBC Yoruba beere pe se o ri irisi awọn eeyan to n sisẹ ibi naa, akọroyin naa ni "" A ko ri wọn lọ titi, amọ iwadii mi mi lọdọ awsn to ri wọn fihan pe awọn Fulani ni wọn, ti isẹlẹ naa si tun lọwọ awọn araalu ninu."" Oladoye ni ibi ti isẹlẹ naa ti waye ko to kilomita meji si ibi tawọn sọja duro si, ti wọn ko si yọju rara sibi isẹlẹ naa. Fulani Kidnapping: Owó púpọ̀ la san kí wọ́n tó fi mi sílẹ̀ O wa pari ọrọ rẹ pe bi kii ba se pe ọkọ ọhun duro fun isẹju marun lati gbe eeyan kan nilu Efon Alaaye ni, ọwọ awọn ajinigbe naa ni oun ko ba ko si.",refutes,refutes,refutes,True
afrifact_data_culture_yoruba_296,yoruba,"Ìjọba ìpínlẹ̀ Ọ̀yọ́ rán àwọn ọlọ́pàá sí agbègbè tí àwọn ọmọ onílẹ̀ ti ń ṣọṣẹ́ yìí, tí wọ́n sì kó àwọn jàǹdùkú náà lọ sí àgọ́ ọlọ́pàá lá ti fi wọ́n sí àtìmọ́lẹ́. ",Ìbàdàn jẹ́ ilú àwon jagunjagun tí wọ́n dá sílẹ̀ lẹ́yìn tí ìjọba Ọ̀yọ́ Kàtúnga túká nígbà tí ṣe ìkọlù sí ìjọba Ọ̀yọ́ nígbà náà. Orúkọ tí wọ́n ń pe ilú yí (Ìbàdàn) ní ó túmọ̀ sí ẹ̀bá ọ̀dàn.,afrifact_data_culture_yoruba_647,refutes,Ìbàdàn jẹ́ ilú àwon jagunjagun tí wọ́n dá sílẹ̀ lẹ́yìn tí ìjọba Ọ̀yọ́ Kàtúnga túká nígbà tí ṣe ìkọlù sí ìjọba Ọ̀yọ́ nígbà náà. Orúkọ tí wọ́n ń pe ilú yí (Ìbàdàn) ní ó túmọ̀ sí ẹ̀bá ọ̀dàn.,nei,refutes,refutes,False
afrifact_data_culture_hausa_786,hausa,Mista Jonathan ya zargin Obama da David Cameron da yunƙurin kifar da gwamnatinsa.,"Yankin plateau shine yanki daya tilo a Najeriya wanda yake noman ganyen shayi a wani babban mizani, kuma akwai gonakin shayi da yawa, kodayake fannin bai kasance yana da cigaba ba.",afrifact_data_culture_hausa_219,nei,"Yankin plateau shine yanki daya tilo a Najeriya wanda yake noman ganyen shayi a wani babban mizani, kuma akwai gonakin shayi da yawa, kodayake fannin bai kasance yana da cigaba ba.",supports,nei,nei,False
afrifact_data_culture_yoruba_092,yoruba,"Jọ̀lọ́ọ̀fù jẹ́ oúnjẹ kan tí kò nílò iyọ̀, magí, kọrí tàbí táìmù láti sè é.","Ọna kan naa ti eeyan n gba jogun eroja SS, ni ẹni to ba ni SC n gba jogun ti wọn naa lati ara awọn obi wọn. Awọn kan wa to ni eroja SC yii to jẹ pe aisan sickle cell ma n jẹ jade ni ara wọn. Eroja ara Hemoglobin SC yii ni aarun aromọleegun sickle cell keji to wọpọ julọ. O si ma n waye ti ọmọ ba jogun eroja Hb C lara obi kan, ati Hb S lara òbí keji. Botilẹjẹ pe àpẹẹrẹ kan naa ni ẹni to ni SC ati SS ma n ni, ipa ti SC ko fi bẹ ẹ l'agbara pupọ. Onimọ eto ilera kan ṣalaye pe lootọ ni aridaju ko fi bẹ ẹ si lori bi ẹni to ba ni SC yoo ṣe pẹ laye to, o ni o yẹ ki ẹmi wọn ko gùn, ti wọn ba mojuto ilera wọn daadaa. Bakan naa lo sọ pe àṣìṣe nla ni ti ẹni to jẹ SC ba fẹ SS tabi SS ni ọkọ tabi iyawo. Ẹ̀jẹ̀ ara 'red blood cells, RBCs' ni aarun aromọleegun sickle cell ma n ba a ja, eyi ti wọn n pe ni sickle cell anaemia.",afrifact_data_culture_yoruba_315,supports,"Ọna kan naa ti eeyan n gba jogun eroja SS, ni ẹni to ba ni SC n gba jogun ti wọn naa lati ara awọn obi wọn. Awọn kan wa to ni eroja SC yii to jẹ pe aisan sickle cell ma n jẹ jade ni ara wọn. Eroja ara Hemoglobin SC yii ni aarun aromọleegun sickle cell keji to wọpọ julọ. O si ma n waye ti ọmọ ba jogun eroja Hb C lara obi kan, ati Hb S lara òbí keji. Botilẹjẹ pe àpẹẹrẹ kan naa ni ẹni to ni SC ati SS ma n ni, ipa ti SC ko fi bẹ ẹ l'agbara pupọ. Onimọ eto ilera kan ṣalaye pe lootọ ni aridaju ko fi bẹ ẹ si lori bi ẹni to ba ni SC yoo ṣe pẹ laye to, o ni o yẹ ki ẹmi wọn ko gùn, ti wọn ba mojuto ilera wọn daadaa. Bakan naa lo sọ pe àṣìṣe nla ni ti ẹni to jẹ SC ba fẹ SS tabi SS ni ọkọ tabi iyawo. Ẹ̀jẹ̀ ara 'red blood cells, RBCs' ni aarun aromọleegun sickle cell ma n ba a ja, eyi ti wọn n pe ni sickle cell anaemia.",refutes,supports,supports,False
afrifact_data_culture_yoruba_429,yoruba,Sanusi ṣàlàyé pé Ọlọ́run ti kọ ọ́ wí pé òun yóò jẹ́ Ọba Kano bẹ́ẹ̀ náà sì ni àkọsílẹ̀ wà wí pé wọn yóò yọ òun.,"Ọbẹ̀ Oha jẹ́ ọbẹ̀ tó wọ́pọ̀ ní apá gúúsù mọ́ ìlà-oòrùn orílẹ̀-èdè . Ọbẹ̀ oha jẹ́ ọbẹ̀ agbègbè Ìlà-oòrùn, tó sì jẹ́ pé àwọn ará Íbò ni wọ́n sábà máa ń sè é, láti ará igi ewébẹ̀ láéláé tí orúkọ sáyẹ́ńsì rẹ̀ ń ṣe Pterocarpus mildraedii ni ọbẹ̀ náà ti ṣẹ̀.",afrifact_data_culture_yoruba_767,refutes,"Ọbẹ̀ Oha jẹ́ ọbẹ̀ tó wọ́pọ̀ ní apá gúúsù mọ́ ìlà-oòrùn orílẹ̀-èdè . Ọbẹ̀ oha jẹ́ ọbẹ̀ agbègbè Ìlà-oòrùn, tó sì jẹ́ pé àwọn ará Íbò ni wọ́n sábà máa ń sè é, láti ará igi ewébẹ̀ láéláé tí orúkọ sáyẹ́ńsì rẹ̀ ń ṣe Pterocarpus mildraedii ni ọbẹ̀ náà ti ṣẹ̀.",supports,refutes,refutes,False
afrifact_data_culture_igbo_096,igbo,"Osikapa bụ otu nri ga-abụ ihe kọgodu gị elu kọọ gị ala, i gote ya, ị ga-atụkwasịnwu ya ihe ọbụla were rie ya."," site na mmemme mmemme ya . N'afọ 1932, Ikoku hiwere ụlọ akwụkwọ Co-Educational na West Africa : ụlọ akwụkwọ Aggrey Memorial, nke dị na Arochukwu wee edi aha onye akwụkwọ ya James EK",afrifact_data_culture_igbo_443,refutes," site na mmemme mmemme ya . N'afọ 1932, Ikoku hiwere ụlọ akwụkwọ Co-Educational na West Africa : ụlọ akwụkwọ Aggrey Memorial, nke dị na Arochukwu wee edi aha onye akwụkwọ ya James EK",supports,nei,nei,False
afrifact_data_culture_hausa_199,hausa,Zuwan turawan mulkin mallaka ya taimaka wurin musuluntar sarakunan gargajiya na Kano.,"Noma ya rabu zuwa gida biyu, kuma kowanne da irin yadda ake yin sa. noman rani noman damina",afrifact_data_culture_hausa_602,nei,"Noma ya rabu zuwa gida biyu, kuma kowanne da irin yadda ake yin sa. noman rani noman damina",refutes,nei,nei,False
afrifact_data_culture_igbo_531,igbo,Ndị niile jigoro ọkwa onye isi ọrụ ndị Amị (COAS) nke Naịjirịa na ndị ezinụlọ ha na-aga ala bekee ga biri.,"Ejidere Kanu maka ebubo aghụghọ na dị na Nigeria na ka ọnwa Ọktọba dị na mkpụrụ ụbọchị iri na anọ na afo 2015 wee jidere ya ihe karịrị otu afọ, n'agbanyeghị iwu dị iche iche ụlọ ikpe nyere maka ịhapụ ya.",afrifact_data_culture_igbo_446,supports,"Ejidere Kanu maka ebubo aghụghọ na dị na Nigeria na ka ọnwa Ọktọba dị na mkpụrụ ụbọchị iri na anọ na afo 2015 wee jidere ya ihe karịrị otu afọ, n'agbanyeghị iwu dị iche iche ụlọ ikpe nyere maka ịhapụ ya.",nei,nei,nei,True
afrifact_data_culture_igbo_253,igbo,"Nwankwo Kanu abụghị onye nwe igwe onyonyo nke Kanu Sports, ụlọ ọrụ igwe onyonyo egwuregwu Ịntanetị.","Ihe ịrịba ama n'ọnụ ụzọ mbata nke Oyi na steeti Anambra Oyi bụ ógbè Gọọmentị Obodo na Anambra , .",afrifact_data_culture_igbo_064,nei,"Ihe ịrịba ama n'ọnụ ụzọ mbata nke Oyi na steeti Anambra Oyi bụ ógbè Gọọmentị Obodo na Anambra , .",refutes,nei,nei,False
afrifact_data_culture_yoruba_703,yoruba,Orílẹ̀-èdè Nàìjíríà jẹ́ mímọ̀ fún àwọn àṣà ní mèremère.,"Lori ọrọ iye ti awọn orile-ede miran to ni epo rọbi n ta epo bẹtiro fun ara ilu aarẹ ni Egypt ₦211 Saudi Arabia ₦168 Chad ₦362 Niger ₦346 Ghana si n ta ni ₦326, ti Naijiria si ti n taa ni ₦161 báyìí.",afrifact_data_culture_yoruba_144,supports,"Lori ọrọ iye ti awọn orile-ede miran to ni epo rọbi n ta epo bẹtiro fun ara ilu aarẹ ni Egypt ₦211 Saudi Arabia ₦168 Chad ₦362 Niger ₦346 Ghana si n ta ni ₦326, ti Naijiria si ti n taa ni ₦161 báyìí.",nei,supports,supports,False
afrifact_data_culture_hausa_010,hausa,An haifi shehu Shagari a watan Mayu na shekarar 1960.,"Ya rike mukamin Kwamishinan aiyuka a zamanin mulkin tsohon gwamnan jahar kano , daga shekara ta 2011 Zuwa shekara ta 2015 sannan yayi takarar gwamnan kano a karkashin jam'iyyar PDP a shekara ta 2019.",afrifact_data_culture_hausa_122,nei,"Ya rike mukamin Kwamishinan aiyuka a zamanin mulkin tsohon gwamnan jahar kano , daga shekara ta 2011 Zuwa shekara ta 2015 sannan yayi takarar gwamnan kano a karkashin jam'iyyar PDP a shekara ta 2019.",refutes,nei,nei,False
afrifact_data_culture_yoruba_564,yoruba,"Ní ọdún 2006, àpapọ̀ iye enìyàn tó wà ní Àgbádárìgì jẹ́ 241,093 gẹ́gẹ́ bí ètò ìkànìyàn.","Ilé-iṣẹ́ epo-bẹntiróò ni ó gbilẹ̀ jù gẹ́gẹ́ bí ètò ọrọ̀-ajé ní ìpínlẹ̀ náà. òwo , wíwa , àti àwọn ọ̀gọ̀rọ̀ iṣẹ́ etí òkun pẹ̀lú èto ọrọ̀-ajé ìpínlẹ̀ náà.",afrifact_data_culture_yoruba_622,nei,"Ilé-iṣẹ́ epo-bẹntiróò ni ó gbilẹ̀ jù gẹ́gẹ́ bí ètò ọrọ̀-ajé ní ìpínlẹ̀ náà. òwo , wíwa , àti àwọn ọ̀gọ̀rọ̀ iṣẹ́ etí òkun pẹ̀lú èto ọrọ̀-ajé ìpínlẹ̀ náà.",supports,nei,nei,False
afrifact_data_culture_yoruba_272,yoruba,Iṣẹ́ ẹrú ni Abass Williams ṣe títí tó fi kú láìní àkójọ kankan.,"Àwọn Yorùbá gbàgbọ́ wí pé Olódùmarè ló rán ifá wá láti òde-ọ̀run latí wá fi ọgbọ́n rẹ̀ tún ilé ayé ṣe. Ọgbọ́n, ìmọ̀, àti òye tí olódùmarè fi fún ifá ló fún ifá ní ipò ńlá láàárín àwọn ìbọ ní ilẹ̀ Yorùbá. “A-kéré-finú-ṣọgbọ́n” ni oríkì ifá. Ifá sì jẹ́ ọ̀rọ̀ ẹnu Olódùmarè tí ó sì fi rán òjíṣẹ́ rẹ̀ Ọ̀rúnmìlà baba Àgbọnmìrègún. Ìgbàgbọ́ Yorùbá ni wípé ní ìgbà kan rí, ifá gbé òde-ayé fún ìgbà pípẹ́ kí o tó padà lọ sí ọ̀rùn. Ní ìgbà tí ifá fi wà ní ilé ayé, ó gbé ilé-ifẹ̀ fún ìgbà péréte.",afrifact_data_culture_yoruba_568,nei,"Àwọn Yorùbá gbàgbọ́ wí pé Olódùmarè ló rán ifá wá láti òde-ọ̀run latí wá fi ọgbọ́n rẹ̀ tún ilé ayé ṣe. Ọgbọ́n, ìmọ̀, àti òye tí olódùmarè fi fún ifá ló fún ifá ní ipò ńlá láàárín àwọn ìbọ ní ilẹ̀ Yorùbá. “A-kéré-finú-ṣọgbọ́n” ni oríkì ifá. Ifá sì jẹ́ ọ̀rọ̀ ẹnu Olódùmarè tí ó sì fi rán òjíṣẹ́ rẹ̀ Ọ̀rúnmìlà baba Àgbọnmìrègún. Ìgbàgbọ́ Yorùbá ni wípé ní ìgbà kan rí, ifá gbé òde-ayé fún ìgbà pípẹ́ kí o tó padà lọ sí ọ̀rùn. Ní ìgbà tí ifá fi wà ní ilé ayé, ó gbé ilé-ifẹ̀ fún ìgbà péréte.",refutes,nei,nei,False
afrifact_data_culture_igbo_151,igbo,Ndị Ideato South abụghịkwa ndị ahịa.,"Ọ gara Christ the King College, Onitsha, ebe ọ gụsịrị akwụkwọ sekọndrị ya",afrifact_data_culture_igbo_489,nei,"Ọ gara Christ the King College, Onitsha, ebe ọ gụsịrị akwụkwọ sekọndrị ya",refutes,nei,nei,False
afrifact_data_culture_igbo_702,igbo,Ndị omeiwu Naịjirịa kwadoro onyeisiala bụ Buhari ibite egoijeri dọla iri abụọ na abụọ na ụma asaa.,"Igbo-Ukwu Igbo-Ukwu (Bekee: Great Igbo) bụ obodo dị na steeti Anambra nke dị na ndịda etiti obodo Naijiria. Obodo ahụ nwere akụkụ atọ bụ Obiuno, Ngo, na Ihite (agglomeration nke 4 quarters) nwere ọtụtụ obodo n'ime nkeji iri na isii na ngalaba nchịkwa iri atọ na isii (36).",afrifact_data_culture_igbo_335,refutes,"Igbo-Ukwu Igbo-Ukwu (Bekee: Great Igbo) bụ obodo dị na steeti Anambra nke dị na ndịda etiti obodo Naijiria. Obodo ahụ nwere akụkụ atọ bụ Obiuno, Ngo, na Ihite (agglomeration nke 4 quarters) nwere ọtụtụ obodo n'ime nkeji iri na isii na ngalaba nchịkwa iri atọ na isii (36).",supports,supports,supports,True
afrifact_data_culture_hausa_251,hausa,Masanin tarihin abinci da aikin gona James C. McCann ya ba da shawarar cewa tasa shinkafar ta yaɗu tare da masarautar Mali,"Tawrat wanda aka fi sani da Tawrah ko Zab, shine sunan Larabci na Attaura a cikin mahallin sa a matsayin littafi mai tsarki na wanda Musulmai suka yi imani da cewa Allah ya ba da shi ga daga cikin 'ya'yan Isra'ila.",afrifact_data_culture_hausa_501,nei,"Tawrat wanda aka fi sani da Tawrah ko Zab, shine sunan Larabci na Attaura a cikin mahallin sa a matsayin littafi mai tsarki na wanda Musulmai suka yi imani da cewa Allah ya ba da shi ga daga cikin 'ya'yan Isra'ila.",supports,nei,nei,False
afrifact_data_culture_hausa_756,hausa,Shirin nukiliya na ƙasar irn shi ne babban dalilin da yasa Amurka ke yawan saka mata takunkumin tallalin arziƙi.,"Fiye da mutane miliyan 30 suka sami abin biyan buƙatunsu daga Tafkin Chadi ta hanyar kamun kifi, kiwon jari kai tsaye da kuma noma.",afrifact_data_culture_hausa_182,nei,"Fiye da mutane miliyan 30 suka sami abin biyan buƙatunsu daga Tafkin Chadi ta hanyar kamun kifi, kiwon jari kai tsaye da kuma noma.",supports,nei,nei,False
afrifact_data_culture_hausa_182,hausa,Shinkafa da wake da masara na daga cikin kayan abincin da aka fi nomawa loƙacin rani.,"Musulmai suna amfani da alƙur, ani wanda ya zo ta hanyar manzon Allah (SAW) a matsayin littafi mai tsarki.",afrifact_data_culture_hausa_521,supports,"Musulmai suna amfani da alƙur, ani wanda ya zo ta hanyar manzon Allah (SAW) a matsayin littafi mai tsarki.",nei,nei,nei,True
afrifact_data_culture_yoruba_741,yoruba,"Nígbà tí Olúwọlé máa kú, gbogbo ẹran ara rẹ̀ ló fọ́nká yẹ́lẹyẹ̀lẹ.","Oríṣiríṣi ìtọ́kasí ló wà fún bọ́ọ̀lù ìbílẹ̀ tí wọ́n ń gbá káàkiri àgbááyé. Ó sì ní òfin tó de wọ̀n, àwọn òfin yìí ti wà láti sẹ́ńtúrì kọkàndínlógún. Ìtànkálẹ̀ mú kí àwọn òfin yìí tàn káàkiri eré náà.",afrifact_data_culture_yoruba_542,refutes,"Oríṣiríṣi ìtọ́kasí ló wà fún bọ́ọ̀lù ìbílẹ̀ tí wọ́n ń gbá káàkiri àgbááyé. Ó sì ní òfin tó de wọ̀n, àwọn òfin yìí ti wà láti sẹ́ńtúrì kọkàndínlógún. Ìtànkálẹ̀ mú kí àwọn òfin yìí tàn káàkiri eré náà.",supports,refutes,refutes,False
afrifact_data_culture_yoruba_639,yoruba,"Àwọn ìjọ onígbàgbọ́ ọlọ́kan-ò-jọ̀kan ní orísìírísìí ìtumọ̀ fún Bíbélì, a sì rí ipa èyí nínú ìyàtọ̀ tí ó wà nínú ìlànà ẹ̀sìn tí ìjọ kọ̀ọ̀kan ní.","Oshogbo, olu ilu ipinlẹ naa, ni ile-iṣẹ asọ, ile-iṣẹ ti n ṣe ounjẹ, ati ile-ọlọ irin. Awọn ibi ifamọra aririn ajo ti ipinlẹ naa pẹlu Ile-iṣẹ Imọ-iṣe Mbari ni Oṣogbo, awọn aafin ibugbe ti awọn ọba Yoruba ni Ilesha ati Ile-Ife, ati Ọsin-Osogbo Sacred Grove, igbo ti o ni ọpọlọpọ awọn oriṣa ati awọn iṣẹ-ọnà ni ola fun oriṣa Yorùbá Osun (ti a yàn si aaye Ajogunba Aye Agbaye ni ọdun 2005).",afrifact_data_culture_yoruba_098,refutes,"Oshogbo, olu ilu ipinlẹ naa, ni ile-iṣẹ asọ, ile-iṣẹ ti n ṣe ounjẹ, ati ile-ọlọ irin. Awọn ibi ifamọra aririn ajo ti ipinlẹ naa pẹlu Ile-iṣẹ Imọ-iṣe Mbari ni Oṣogbo, awọn aafin ibugbe ti awọn ọba Yoruba ni Ilesha ati Ile-Ife, ati Ọsin-Osogbo Sacred Grove, igbo ti o ni ọpọlọpọ awọn oriṣa ati awọn iṣẹ-ọnà ni ola fun oriṣa Yorùbá Osun (ti a yàn si aaye Ajogunba Aye Agbaye ni ọdun 2005).",supports,supports,supports,True
afrifact_data_culture_hausa_374,hausa,"A al’adar Hausawa a wasu yankuna, ana gudanar da raɗin suna ne a kwanaki bakwai bayan haihuwa",Dambe fasaha ce ta gwagwarmayar Hausawa daga kasar Najeriya. Masu fafatawa a cikin wasan wasa na yau da kullun suna son su rinjayi junansu cikin jimlar kaddamarwa galibi a cikin zagaye uku. Sau da yawa yana haifar da munanan raunuka na jiki ga masu kalubalen kamar karyayyun mukamuki da hakarkari.,afrifact_data_culture_hausa_334,refutes,Dambe fasaha ce ta gwagwarmayar Hausawa daga kasar Najeriya. Masu fafatawa a cikin wasan wasa na yau da kullun suna son su rinjayi junansu cikin jimlar kaddamarwa galibi a cikin zagaye uku. Sau da yawa yana haifar da munanan raunuka na jiki ga masu kalubalen kamar karyayyun mukamuki da hakarkari.,nei,supports,supports,False
afrifact_data_culture_hausa_173,hausa,Aminu Bello Masari ya yi kwamishina a jihar Katsina loƙacin mulkin soja daga shekarar alif 1991 zuwa 1993.,"Duk da yake wasu sun ce , wata kungiya mai tsattsauran ra'ayi, ta kashe Sheikh din, wasu sun ce Mista Shekarau, gwamnan Kano a lokacin, na iya kasancewa da alhakin saboda malamin yana daya daga cikin manyan masu sukar sa.",afrifact_data_culture_hausa_523,refutes,"Duk da yake wasu sun ce , wata kungiya mai tsattsauran ra'ayi, ta kashe Sheikh din, wasu sun ce Mista Shekarau, gwamnan Kano a lokacin, na iya kasancewa da alhakin saboda malamin yana daya daga cikin manyan masu sukar sa.",supports,nei,nei,False
afrifact_data_culture_igbo_171,igbo,Mmiri na-agba na mpaghara anyị ruru inyi.,E kewara obodo ọ bụla ka ọ bụrụ otu ezinụlọ akpọrọ 'umunna'.,afrifact_data_culture_igbo_185,refutes,E kewara obodo ọ bụla ka ọ bụrụ otu ezinụlọ akpọrọ 'umunna'.,nei,nei,nei,True
afrifact_data_culture_hausa_434,hausa,Abubakar Gumi mutun ya kasance daya daga cikin malaman Izala da ake alfahari da su.,"al-Islām , Turanci: Islam) Shine shaidawa babu abun bautawa da gaskiya sai , kuma (S A W) bawan Allah ne kuma manzon Allah ne. Addinin yana da alaƙa da kuma ya ƙunshi hukunce hukunce daga da kuma koyarwar Manzon tsira wanda shine ya zo da littafin sannan akwai aƙalla mabiya addinin mutum biliyan ɗaya da ɗugo tara (1.9B).",afrifact_data_culture_hausa_413,supports,"al-Islām , Turanci: Islam) Shine shaidawa babu abun bautawa da gaskiya sai , kuma (S A W) bawan Allah ne kuma manzon Allah ne. Addinin yana da alaƙa da kuma ya ƙunshi hukunce hukunce daga da kuma koyarwar Manzon tsira wanda shine ya zo da littafin sannan akwai aƙalla mabiya addinin mutum biliyan ɗaya da ɗugo tara (1.9B).",nei,refutes,refutes,False
afrifact_data_culture_yoruba_035,yoruba,Coronavirun kò ṣe àkóbá kankan fún ètò ọrọ̀-ajé.,"Àwọn Yorùbá gbàgbọ́ wí pé Olódùmarè ló rán ifá wá láti òde-ọ̀run latí wá fi ọgbọ́n rẹ̀ tún ilé ayé ṣe. Ọgbọ́n, ìmọ̀, àti òye tí olódùmarè fi fún ifá ló fún ifá ní ipò ńlá láàárín àwọn ìbọ ní ilẹ̀ Yorùbá. “A-kéré-finú-ṣọgbọ́n” ni oríkì ifá. Ifá sì jẹ́ ọ̀rọ̀ ẹnu Olódùmarè tí ó sì fi rán òjíṣẹ́ rẹ̀ Ọ̀rúnmìlà baba Àgbọnmìrègún. Ìgbàgbọ́ Yorùbá ni wípé ní ìgbà kan rí, ifá gbé òde-ayé fún ìgbà pípẹ́ kí o tó padà lọ sí ọ̀rùn. Ní ìgbà tí ifá fi wà ní ilé ayé, ó gbé ilé-ifẹ̀ fún ìgbà péréte.",afrifact_data_culture_yoruba_568,nei,"Àwọn Yorùbá gbàgbọ́ wí pé Olódùmarè ló rán ifá wá láti òde-ọ̀run latí wá fi ọgbọ́n rẹ̀ tún ilé ayé ṣe. Ọgbọ́n, ìmọ̀, àti òye tí olódùmarè fi fún ifá ló fún ifá ní ipò ńlá láàárín àwọn ìbọ ní ilẹ̀ Yorùbá. “A-kéré-finú-ṣọgbọ́n” ni oríkì ifá. Ifá sì jẹ́ ọ̀rọ̀ ẹnu Olódùmarè tí ó sì fi rán òjíṣẹ́ rẹ̀ Ọ̀rúnmìlà baba Àgbọnmìrègún. Ìgbàgbọ́ Yorùbá ni wípé ní ìgbà kan rí, ifá gbé òde-ayé fún ìgbà pípẹ́ kí o tó padà lọ sí ọ̀rùn. Ní ìgbà tí ifá fi wà ní ilé ayé, ó gbé ilé-ifẹ̀ fún ìgbà péréte.",refutes,nei,nei,False
afrifact_data_culture_yoruba_425,yoruba,Ẹgbẹ́ agbábọ́ọ̀lù Chelsea kò sí lára àwọn ẹgbẹ́ tó darapọ̀ mọ́ líìgì tuntun náà.,"Koda igba meji ni orukọ KSA ti jade fun ami ẹyẹ Grammy. Ọdun 1984 ni wọn kọkọ kede orukọ Sunny Ade fun ami ẹyẹ Grammy pẹlu orin rẹ to pe ni Syncro System ni ẹka orin ibilẹ. Wọn kede King Sunny Ade fun ami ẹyẹ Grammy lọdun 1999, ni ẹka awo orin to pegede julọ. 2. Babatunde Olatunji Onilu ara, Babatunde Olatunji ni ọmọ Naijiria keji ti iṣẹ orin to yan an laayo gbee de ibi ami ẹyẹ Grammy. Ọdun 1998 ni wọn kede orukọ Olatunji fun ami ẹyẹ Grammy ni ẹka onilu to pegede julọ julọ lagbaaye.",afrifact_data_culture_yoruba_138,supports,"Koda igba meji ni orukọ KSA ti jade fun ami ẹyẹ Grammy. Ọdun 1984 ni wọn kọkọ kede orukọ Sunny Ade fun ami ẹyẹ Grammy pẹlu orin rẹ to pe ni Syncro System ni ẹka orin ibilẹ. Wọn kede King Sunny Ade fun ami ẹyẹ Grammy lọdun 1999, ni ẹka awo orin to pegede julọ. 2. Babatunde Olatunji Onilu ara, Babatunde Olatunji ni ọmọ Naijiria keji ti iṣẹ orin to yan an laayo gbee de ibi ami ẹyẹ Grammy. Ọdun 1998 ni wọn kede orukọ Olatunji fun ami ẹyẹ Grammy ni ẹka onilu to pegede julọ julọ lagbaaye.",refutes,supports,supports,False
afrifact_data_culture_igbo_374,igbo,ECOWAS họpụtara Ike Ekweremadu dị ka onye ndu kọmitii pụrụ iche iji rụ ọrụ maka nlọghachi usoro iwu,"N'abalị itoolu n'ọnwa Eprel afọ 2022, Amaechi kwupụtara mmasị ya ịzọ ọkwa onye isi ala n'afọ 2023, ọ bịara onye nke abụọ na ntuliaka onye isi ala nke APC nke e mere n'ọnwa June afọ 2022 n'azụ na votu narị atọ na iri na isii site n'aka ndị nnọchiteanya",afrifact_data_culture_igbo_394,nei,"N'abalị itoolu n'ọnwa Eprel afọ 2022, Amaechi kwupụtara mmasị ya ịzọ ọkwa onye isi ala n'afọ 2023, ọ bịara onye nke abụọ na ntuliaka onye isi ala nke APC nke e mere n'ọnwa June afọ 2022 n'azụ na votu narị atọ na iri na isii site n'aka ndị nnọchiteanya",supports,nei,nei,False
afrifact_data_culture_yoruba_642,yoruba,"Bíbélì wípé gbogbo ènìyàn ló ti ṣẹ̀, tí ó sì tì kùnà ògo Ọlọ́run.","Láti ṣe àgbékalẹ̀ iṣẹ́ yìí, tíọ́rì onídàrọ́ ni a lò. Ìpín mẹ́rin ni a pín iṣẹ́ yìí sí. Ní orí kìn-ín-ní ni a ti sọ ìtàn orírun Ìṣẹ̀-Èkìtì. A sọ èrèdí iṣẹ́ yìí, ọgbọ́n ìwádìí tí a lò àti àyẹ̀wò iṣẹ́ tí ó wà nílẹ̀. Bákan náà, a sọ tíọ́rì tí a lò fún iṣẹ́ yìí.",afrifact_data_culture_yoruba_112,nei,"Láti ṣe àgbékalẹ̀ iṣẹ́ yìí, tíọ́rì onídàrọ́ ni a lò. Ìpín mẹ́rin ni a pín iṣẹ́ yìí sí. Ní orí kìn-ín-ní ni a ti sọ ìtàn orírun Ìṣẹ̀-Èkìtì. A sọ èrèdí iṣẹ́ yìí, ọgbọ́n ìwádìí tí a lò àti àyẹ̀wò iṣẹ́ tí ó wà nílẹ̀. Bákan náà, a sọ tíọ́rì tí a lò fún iṣẹ́ yìí.",supports,nei,nei,False
afrifact_data_culture_hausa_270,hausa,Tuwon kyakkyawan abunci ne mai laushi aka shirya daga shinkafa ta gida wanda yake da taushi," wa lafiyar ɗan’adam kamar yadda ake ta yayatawa, binciken masana ya tabbatar da cewa, “Amfanin goro ga lafiyar ɗan’adam ya fi illolinsa yawa”, Ugwu da Tawagarsa (2020). Yana washe (wanke) baki, yana ƙara kuzari, yana gusar da yunwa da ƙishin ruwa, yana wartsakar da jiki sannan kuma yana ɗauke da sinadaran magani da sauran abubuwa masu tarin yawa (Lovejoy, 1980) A kimiyyance ana kiran itaciyar da ",afrifact_data_culture_hausa_322,nei," wa lafiyar ɗan’adam kamar yadda ake ta yayatawa, binciken masana ya tabbatar da cewa, “Amfanin goro ga lafiyar ɗan’adam ya fi illolinsa yawa”, Ugwu da Tawagarsa (2020). Yana washe (wanke) baki, yana ƙara kuzari, yana gusar da yunwa da ƙishin ruwa, yana wartsakar da jiki sannan kuma yana ɗauke da sinadaran magani da sauran abubuwa masu tarin yawa (Lovejoy, 1980) A kimiyyance ana kiran itaciyar da ",supports,supports,supports,True
afrifact_data_culture_hausa_167,hausa,Bashir Ahmad ne ya sanar da komawar Bello Matawalle zuwa jam'iyyar APC ranar 27 ga watan Yuni.,"Bayan zuwan Musulunci a ƙarni na 14 zuwa 15, muhimmancin Dutsen Dala wajen bauta ya ragu, domin sarakunan Kano suka rungumi Musulunci.",afrifact_data_culture_hausa_199,refutes,"Bayan zuwan Musulunci a ƙarni na 14 zuwa 15, muhimmancin Dutsen Dala wajen bauta ya ragu, domin sarakunan Kano suka rungumi Musulunci.",supports,nei,nei,False
afrifact_data_culture_hausa_373,hausa,"A cikin Maguzawan Zamfara, iyalai na yin raɗin suna ga yaro ko ba a shirya ba","Waka ita ce rubutun adabi, wanda mawaƙi ya rubuta, ta amfani da wannan ka'ida.",afrifact_data_culture_hausa_626,nei,"Waka ita ce rubutun adabi, wanda mawaƙi ya rubuta, ta amfani da wannan ka'ida.",supports,nei,nei,False
afrifact_data_culture_hausa_479,hausa,Sallah ta na cika ne idan mutum ya karanta fatiha a cikin kowacce raka'a.,Raƙumi zai iya rayuwa har na tsawon kwana takwas ba tare da ci ko sha ba.,afrifact_data_culture_hausa_646,refutes,Raƙumi zai iya rayuwa har na tsawon kwana takwas ba tare da ci ko sha ba.,nei,nei,nei,True
afrifact_data_culture_hausa_033,hausa,An gina sababbin filayen ƙwallon kafa a Lagos zamanin mulkin Sani Abacha.,"Ya kasance mashahurin Mawaki, domin a fagen wakarsa ya shahara, Kasancewarsa a cikin wakar ba abin da ba zai iya yi wa waka ba idan ya ga dama.",afrifact_data_culture_hausa_617,supports,"Ya kasance mashahurin Mawaki, domin a fagen wakarsa ya shahara, Kasancewarsa a cikin wakar ba abin da ba zai iya yi wa waka ba idan ya ga dama.",nei,nei,nei,True
afrifact_data_culture_yoruba_469,yoruba,"Bákan náà ni Aláàfin kọ lẹ́ta sí Ààrẹ Muhammadu Buhari lórí ètò ààbò nílẹ̀ Yorùbá, nínú èyí tó ti sọ fún Ààrẹ pé kó fi òpin sí bí àwọn kan ṣe nh kọlu ilẹ̀ Yorùbá.",Rògbòdìyàn yìí mú Kòsọ́kọ́ àti àwọn sọ̀ǹgbè rẹ̀ dá wàhálà ogún Olómirò silẹ n'ilu Èkó lọ́dún. Àwọn sọ̀ǹgbè Kòsọ́kọ́ kógun ja Ọba Akítóyè láàfin rẹ̀ fún ọ̀sẹ̀ mẹ́ta.,afrifact_data_culture_yoruba_806,refutes,Rògbòdìyàn yìí mú Kòsọ́kọ́ àti àwọn sọ̀ǹgbè rẹ̀ dá wàhálà ogún Olómirò silẹ n'ilu Èkó lọ́dún. Àwọn sọ̀ǹgbè Kòsọ́kọ́ kógun ja Ọba Akítóyè láàfin rẹ̀ fún ọ̀sẹ̀ mẹ́ta.,nei,refutes,refutes,False
afrifact_data_culture_hausa_612,hausa,Maguzawa na amfani da kayan al'adu don mallakar aljanu kafin zuwan musulunci.,"Mamman Shata yana daya daga cikin Manyan mawakan da aka fi sani a kasashen da ma , kai har ma da duniya baki daya. Ya kasance mashahurin Mawaki, domin a fagen wakarsa ya shahara, Kasancewarsa a cikin wakar ba abin da ba zai iya yi wa waka ba idan ya ga dama. "" 'Yan Arewa Ku Bar Barci "" na daya daga cikin wakokinsa. Shata: 'Yan Arewa Ku Bar Barci, Najeriyarmu Akwai Dadi 'Yan Arewa a bar barci, Najeriyarmu akwai dadi. To! 'Yan Amshi: A a, 'Yan Arewa, a bar barci, Najeriyarmu, akwai dadi.",afrifact_data_culture_hausa_621,refutes,"Mamman Shata yana daya daga cikin Manyan mawakan da aka fi sani a kasashen da ma , kai har ma da duniya baki daya. Ya kasance mashahurin Mawaki, domin a fagen wakarsa ya shahara, Kasancewarsa a cikin wakar ba abin da ba zai iya yi wa waka ba idan ya ga dama. "" 'Yan Arewa Ku Bar Barci "" na daya daga cikin wakokinsa. Shata: 'Yan Arewa Ku Bar Barci, Najeriyarmu Akwai Dadi 'Yan Arewa a bar barci, Najeriyarmu akwai dadi. To! 'Yan Amshi: A a, 'Yan Arewa, a bar barci, Najeriyarmu, akwai dadi.",supports,refutes,refutes,False
afrifact_data_culture_igbo_189,igbo,Ọ nweghịzị onye bi n'Ọ̀hà Rivas.,"Mana, adịghị ekwu ihe na-eme ebe ahụ.",afrifact_data_culture_igbo_133,refutes,"Mana, adịghị ekwu ihe na-eme ebe ahụ.",nei,nei,nei,True
afrifact_data_culture_igbo_224,igbo,Dr Tedros kwuru na ụfọdụ mba enweghị ndị ọrụ doro anya.,Ndị bi na ya bụ ọdịbendị Igbo dị iche iche na ndị na-asụ dị iche iche: 307 : 315,afrifact_data_culture_igbo_147,nei,Ndị bi na ya bụ ọdịbendị Igbo dị iche iche na ndị na-asụ dị iche iche: 307 : 315,supports,nei,nei,False
afrifact_data_culture_hausa_410,hausa,Musulmai suna gudanar da sallar kullum sau biyar don nuna biyayya ga koyarwar Alƙur’ani.,"Fadar shugaban kasar ta kuma bayyana cewa, ba tare da tuntubar bangaren zartarwa ba, majalisar ta kara wa kanta kudaden da yawansu ya haura naira biliyan 14, wanda a ya sa a yanzu take da kasafin sama da naira biliyan 139 maimaikon naira biliyan 125 da aka ware mata tun da fari.",afrifact_data_culture_hausa_828,supports,"Fadar shugaban kasar ta kuma bayyana cewa, ba tare da tuntubar bangaren zartarwa ba, majalisar ta kara wa kanta kudaden da yawansu ya haura naira biliyan 14, wanda a ya sa a yanzu take da kasafin sama da naira biliyan 139 maimaikon naira biliyan 125 da aka ware mata tun da fari.",nei,refutes,refutes,False
afrifact_data_culture_hausa_815,hausa,An yi hasashen cewa fitar 'yan majalisu da gwamnoni daga jam'iyyar APC na iya zama barazana ga nasarar Muhammadu Buhari a zaɓen shekarar 2015.,"Dawowarta ke da wuya, sai ta fara hada gwiwa da Dakta David Tyrrell, wanda ke gudanar da bincike a bangaren mura a Salisbury a gundumar Wiltshire.",afrifact_data_culture_hausa_779,supports,"Dawowarta ke da wuya, sai ta fara hada gwiwa da Dakta David Tyrrell, wanda ke gudanar da bincike a bangaren mura a Salisbury a gundumar Wiltshire.",refutes,nei,nei,False
afrifact_data_culture_igbo_122,igbo,Akara Nollywood nwere ike itolite na ịgbasị ike site n'ihe nkiri na-atọ ọchị.,"Mgbe ọ gachara ịzụ ahịa akwa na ngwa ụlọ, Okeke-Ojiudu banyere itinye aka na ndọrọ ndọrọ ochịchị na 1950 meriri ntuli aka nke Gọọmentị Obodo na obodo ya, na 1951 wee bụrụ onye otu ndị Northern District Council ebe a họpụtara ya Onye isi oche nke ndị ọrụ na Kọmitii Mmụta.",afrifact_data_culture_igbo_345,nei,"Mgbe ọ gachara ịzụ ahịa akwa na ngwa ụlọ, Okeke-Ojiudu banyere itinye aka na ndọrọ ndọrọ ochịchị na 1950 meriri ntuli aka nke Gọọmentị Obodo na obodo ya, na 1951 wee bụrụ onye otu ndị Northern District Council ebe a họpụtara ya Onye isi oche nke ndị ọrụ na Kọmitii Mmụta.",supports,supports,supports,True
afrifact_data_culture_yoruba_392,yoruba,"Àwọn tó ṣe màgòmágó nínú ètò ìdìbò ọdún 2019 fara ire lọ, láì gba ìdájọ́ tó yẹ, bẹ́ẹ̀ sì ni ilé-ẹjọ́ ò rí ohunkóhun ṣe sí àṣìṣe INEC.","Ninu fidio tawọn eeyan rọra ge lara eto naa to gba ori ayelujara kan, ẹrọ ayaworan ṣafihan Neo to n fọ aṣọ nigbati Nengi ati Vee n wo o. Ọrọ ko ba tilẹ ma han sita bi ko ṣe igba ti Vee sọ pe ""Ololufẹ mi, ko ma si pata kan ninu aṣọ, ọrọ naa ba ṣe oju Nengi wara wara to ya a lẹnu. Nengi kọkọ ka a sara ko sọrọ, nigba to ya lo ba fọhun pe ""Neo, ṣe pe o tun n fọ pataaa, haaa!Vee naa ba da a lohun pe ""Neo mi gan mọ pe onimọtoto ni"". Nengi wa sọ fun Neo pe o yẹ ẹ gan o.Iṣẹlẹ yii ti n mu ki ọpọlọpọ ọmọ Naijiria fọn ti wọn si ti n fesi. Awọn esi wọn n pa ni lẹrin jọjọ, ṣe ẹ mọ pe bi igbati o n ṣẹlẹ lẹyinkunle wọn lawọn to n wo eto naa ṣe maa n sọrọ...@Zoeman ni ""aṣe o tilẹ tun lẹnu lati sọ pe o ku pata kan, ara ni yoo san pa pata kan ọhun"". O ni arifin Neo ma pọ o.@Iamemzy ni ""Jeeesu, Neo n fọ pata, kilode tawọn ọkunrin maa n doju ti mi bayii lẹnu ọjọ mẹta""...@emmanueladem naa sọ loju opo Twitter pe o yẹ Vee gan o pe koda Ozo gan ko ṣe to bẹẹ.",afrifact_data_culture_yoruba_313,nei,"Ninu fidio tawọn eeyan rọra ge lara eto naa to gba ori ayelujara kan, ẹrọ ayaworan ṣafihan Neo to n fọ aṣọ nigbati Nengi ati Vee n wo o. Ọrọ ko ba tilẹ ma han sita bi ko ṣe igba ti Vee sọ pe ""Ololufẹ mi, ko ma si pata kan ninu aṣọ, ọrọ naa ba ṣe oju Nengi wara wara to ya a lẹnu. Nengi kọkọ ka a sara ko sọrọ, nigba to ya lo ba fọhun pe ""Neo, ṣe pe o tun n fọ pataaa, haaa!Vee naa ba da a lohun pe ""Neo mi gan mọ pe onimọtoto ni"". Nengi wa sọ fun Neo pe o yẹ ẹ gan o.Iṣẹlẹ yii ti n mu ki ọpọlọpọ ọmọ Naijiria fọn ti wọn si ti n fesi. Awọn esi wọn n pa ni lẹrin jọjọ, ṣe ẹ mọ pe bi igbati o n ṣẹlẹ lẹyinkunle wọn lawọn to n wo eto naa ṣe maa n sọrọ...@Zoeman ni ""aṣe o tilẹ tun lẹnu lati sọ pe o ku pata kan, ara ni yoo san pa pata kan ọhun"". O ni arifin Neo ma pọ o.@Iamemzy ni ""Jeeesu, Neo n fọ pata, kilode tawọn ọkunrin maa n doju ti mi bayii lẹnu ọjọ mẹta""...@emmanueladem naa sọ loju opo Twitter pe o yẹ Vee gan o pe koda Ozo gan ko ṣe to bẹẹ.",refutes,supports,supports,False
afrifact_data_culture_yoruba_752,yoruba,Nínú àwọn ilẹ̀ omi nìkan ni igi ọ̀gẹ̀dẹ̀ ti lè hù.,"Ayodeji Ibrahim Balogun ti ọpọ mọ si Wizkid kọkọ pegede fun ami ẹyẹ Grammy pẹlu iṣẹ ajọṣepọ rẹ pẹlu olorin takasufe ilẹ Amẹrika, Drake lọdun 2015. Ilumọọka olorin ni Wizkid ti ọpọ gbagbọ pe o bẹrẹ iṣẹ orin kikọ lọmọ ọdun mọkanla. Wizkid di ẹni tu araye n sọ nipa rẹ lagba ile orin lọdun 2011 lẹyin to gbe orin ''Holla at Your Boy'' jade. 5. Seun Kuti Seun Kuti to jẹ ọkan lara awọn ọmọkunrin oloogbe Fela Kuti to n kọrin jọ ọkan lara awọn olorin ọmọ Naijiria ti wọn fa kalẹ fun ami ẹyẹ Grammy lọdun 2018.",afrifact_data_culture_yoruba_133,nei,"Ayodeji Ibrahim Balogun ti ọpọ mọ si Wizkid kọkọ pegede fun ami ẹyẹ Grammy pẹlu iṣẹ ajọṣepọ rẹ pẹlu olorin takasufe ilẹ Amẹrika, Drake lọdun 2015. Ilumọọka olorin ni Wizkid ti ọpọ gbagbọ pe o bẹrẹ iṣẹ orin kikọ lọmọ ọdun mọkanla. Wizkid di ẹni tu araye n sọ nipa rẹ lagba ile orin lọdun 2011 lẹyin to gbe orin ''Holla at Your Boy'' jade. 5. Seun Kuti Seun Kuti to jẹ ọkan lara awọn ọmọkunrin oloogbe Fela Kuti to n kọrin jọ ọkan lara awọn olorin ọmọ Naijiria ti wọn fa kalẹ fun ami ẹyẹ Grammy lọdun 2018.",refutes,supports,supports,False
afrifact_data_culture_yoruba_566,yoruba,"Bí ifá tí a bá dá fún èèyàn bá ṣè aburú nìkan ni ẹbọ rírú ṣe pàtàkì. Àìjẹ́ bẹ́ẹ̀, kò nílò.","Nínú ìwé ti wọ́n pe àkọle rẹ̀ ni ""Adedibu the Strongman and Generalissimo of Nigeria Politics"" èyí ti Hazeem Gbolarunmi àti olóyè Lekan Saka jìjọ kọ, ni ọ̀rọ̀ yìí ti jẹyọ. Ìwé náà sọ nípa ìgbé aye gbajúgbajà olóṣèlú Ibadan náà, ti àwọn ọmọ àti olùgbé Ibadan ko le gbàgbé ipa tó kó nínú ètò òṣèlú. Àwọn iròyin tì ẹ leè ní ìfẹ̀ síí: Wọ́n ni yàtọ̀ si àwọn igbésẹ̀ akin tó gbé, àwọn ènìyàn kò le gbàgbé bi àwọn jànduku ṣe pọ̀ tó lásìkò rẹ̀ àti àwọn ìwà ìbàjẹ́ míràn tó jẹyọ nílùú Ibadan àti ni ìpińlẹ̀ Oyo lápapọ̀, lasiko aye oloogbe naa.",afrifact_data_culture_yoruba_366,supports,"Nínú ìwé ti wọ́n pe àkọle rẹ̀ ni ""Adedibu the Strongman and Generalissimo of Nigeria Politics"" èyí ti Hazeem Gbolarunmi àti olóyè Lekan Saka jìjọ kọ, ni ọ̀rọ̀ yìí ti jẹyọ. Ìwé náà sọ nípa ìgbé aye gbajúgbajà olóṣèlú Ibadan náà, ti àwọn ọmọ àti olùgbé Ibadan ko le gbàgbé ipa tó kó nínú ètò òṣèlú. Àwọn iròyin tì ẹ leè ní ìfẹ̀ síí: Wọ́n ni yàtọ̀ si àwọn igbésẹ̀ akin tó gbé, àwọn ènìyàn kò le gbàgbé bi àwọn jànduku ṣe pọ̀ tó lásìkò rẹ̀ àti àwọn ìwà ìbàjẹ́ míràn tó jẹyọ nílùú Ibadan àti ni ìpińlẹ̀ Oyo lápapọ̀, lasiko aye oloogbe naa.",refutes,supports,supports,False
afrifact_data_culture_yoruba_431,yoruba,"Wọ́n fi ẹ̀sùn owó kíkójẹ àti ṣíṣẹ owó báṣubàṣụ kan Emir, ìdí nìyí tí wọ́n fi yọ ọ́ nípò.","Gẹgẹ bi iroyin ta gbọ, ija yii ko sẹyin bi awọn ọmọ ẹgbẹ ọlọkọ ṣe fẹ ja iwe fawọn ọlọkada kan ni agbegbe iyana Iba ni Ojoo. Àwọn iròyin tì ẹ leè ní ìfẹ̀ síí: O soju mi koro kan ti o pe rorukọ ara rẹ ni Ibrahim sọ fun akọroyin pe nkan bi ago mẹjọ aarọ ni wahala yii ti bẹrẹ. ''Ikọlu laarin awọn ọmọ ẹgbẹ NURTW ati awọn ọlọkada lo da ki ni yii silẹ. O ti tan de Alkaba Rago to fi mọ ibudo iwọkọ Volks'' Akure okada attack: Ọlọ́kadà tí àwọn afunrasí darandaran ṣá ní O ṣalaye pe awọn eeyan to wa nibẹ n sa asala fẹmi ara wọn nigba ti awọn ọlọkada naa doju ija kọ awọn ẹgbẹ NURTW . Loju opo Twitter, n ṣe ni orisirisi fọnran fidio gbode nibi tawọn eeyan ti n sare asala kuro nibi wahala naa. Ninu awọn fidio naa si ni wn ti ni ẹmi kan ti bọ sinu wahala naa.",afrifact_data_culture_yoruba_513,supports,"Gẹgẹ bi iroyin ta gbọ, ija yii ko sẹyin bi awọn ọmọ ẹgbẹ ọlọkọ ṣe fẹ ja iwe fawọn ọlọkada kan ni agbegbe iyana Iba ni Ojoo. Àwọn iròyin tì ẹ leè ní ìfẹ̀ síí: O soju mi koro kan ti o pe rorukọ ara rẹ ni Ibrahim sọ fun akọroyin pe nkan bi ago mẹjọ aarọ ni wahala yii ti bẹrẹ. ''Ikọlu laarin awọn ọmọ ẹgbẹ NURTW ati awọn ọlọkada lo da ki ni yii silẹ. O ti tan de Alkaba Rago to fi mọ ibudo iwọkọ Volks'' Akure okada attack: Ọlọ́kadà tí àwọn afunrasí darandaran ṣá ní O ṣalaye pe awọn eeyan to wa nibẹ n sa asala fẹmi ara wọn nigba ti awọn ọlọkada naa doju ija kọ awọn ẹgbẹ NURTW . Loju opo Twitter, n ṣe ni orisirisi fọnran fidio gbode nibi tawọn eeyan ti n sare asala kuro nibi wahala naa. Ninu awọn fidio naa si ni wn ti ni ẹmi kan ti bọ sinu wahala naa.",refutes,supports,supports,False
afrifact_data_culture_hausa_544,hausa,Isah Ali Ibrahim Pantami ɗaya ne daga cikin masu hannun jari a hukumar kula da hanyoyin sadarwa na zamani ta Najeriya.,"Al-Qur'ani : rubutun cikin alkur ani bangon Alkur ani (Larabci; القرآن al-Qur'an) ko kuma mai girma kamar yanda akasani, Shine littafin da Allah ya saukar a harshen Annabin Rahama, wato larabci, kuma shine littafin da Allah ya rufe saukar da duk wani littafi mai tsarki a bayansa, (babu littafin da Allah zai sake saukarwa a bayansa) kamar yadda Allah ya saukar ga Annabawan da suka gabata, domin (S A w) shine cika makin Annabawan Allah. Surat al-Nisa' Wanda Allah ya saukar da ayoyinsa ga Annabin Annabi (S.A.W) ta hannun . ",afrifact_data_culture_hausa_406,refutes,"Al-Qur'ani : rubutun cikin alkur ani bangon Alkur ani (Larabci; القرآن al-Qur'an) ko kuma mai girma kamar yanda akasani, Shine littafin da Allah ya saukar a harshen Annabin Rahama, wato larabci, kuma shine littafin da Allah ya rufe saukar da duk wani littafi mai tsarki a bayansa, (babu littafin da Allah zai sake saukarwa a bayansa) kamar yadda Allah ya saukar ga Annabawan da suka gabata, domin (S A w) shine cika makin Annabawan Allah. Surat al-Nisa' Wanda Allah ya saukar da ayoyinsa ga Annabin Annabi (S.A.W) ta hannun . ",nei,nei,nei,True
afrifact_data_culture_igbo_797,igbo,E ji izu ihe mmadụ maọbụ ịnapụ mmadụ oke ruru ya mara ndị Igbo kemgbe elu bụ ala ọsa.,"A na-eri ya ọsịsọ makana a hapụ ya ka o tee aka, ọ na-agbakarị ụka ọsịsọ ụfọdụ oge.",afrifact_data_culture_igbo_092,supports,"A na-eri ya ọsịsọ makana a hapụ ya ka o tee aka, ọ na-agbakarị ụka ọsịsọ ụfọdụ oge.",refutes,nei,nei,False
afrifact_data_culture_hausa_457,hausa,Duk inda ka samu masallaci za ka ga tsarin ginin iri daya ne da na ƙasar Saudiyya.,"Ya taɓa zama mamba a kamfanin samar da kayan noma na jihar Katsina tsakanin shekarar 1984 zuwa 1985, kuma memba a majalisar gudanarwa ta kwalejin fasaha ta Katsina da Katsina Polytechnic tsakanin 1978 zuwa 1983, shugaban hukumar zuba jari da raya kadarori ta jihar Katsina tsakanin shekara ta 1994 zuwa shekarar 1996.",afrifact_data_culture_hausa_045,nei,"Ya taɓa zama mamba a kamfanin samar da kayan noma na jihar Katsina tsakanin shekarar 1984 zuwa 1985, kuma memba a majalisar gudanarwa ta kwalejin fasaha ta Katsina da Katsina Polytechnic tsakanin 1978 zuwa 1983, shugaban hukumar zuba jari da raya kadarori ta jihar Katsina tsakanin shekara ta 1994 zuwa shekarar 1996.",refutes,refutes,refutes,True
afrifact_data_culture_hausa_108,hausa,Abba Kabir Yusuf ya dawo da Sunusi Lamido Sunusi a matsayin Sarkin Kano a watan Mayu na shekarar 2024.,Sheykh Bala Lau ya zama Mataimakin Shugaban ƙungiyar na ƙasa bayan rasuwar Sheikh Abubakar Ikara.,afrifact_data_culture_hausa_439,refutes,Sheykh Bala Lau ya zama Mataimakin Shugaban ƙungiyar na ƙasa bayan rasuwar Sheikh Abubakar Ikara.,supports,nei,nei,False
afrifact_data_culture_hausa_051,hausa,Samun muƙamin manjo na ɗaya daga cikin burin kowanne soja.,"Ya ce dole ce ta sa aka rufe dakin gwajin cutar kwaya daya a Kano, saboda uku daga cikin ma'aikatan da ke gwajin sun kamu da cutar, sannan an killace sauran duka ma'aikatan.",afrifact_data_culture_hausa_720,supports,"Ya ce dole ce ta sa aka rufe dakin gwajin cutar kwaya daya a Kano, saboda uku daga cikin ma'aikatan da ke gwajin sun kamu da cutar, sannan an killace sauran duka ma'aikatan.",nei,nei,nei,True
afrifact_data_culture_yoruba_486,yoruba,"Elike Chibuzor ni orúkọ arákùnrin tí ọwọ́ àwọn ọlọ́pàá tẹ̀, tó ní òun lòun jí ọmọ tí wọ́n ń wa gbé.","Yorùbá gbàgbọ́ nínú gbólóhùn kan ""ẹ̀sọ̀ layé"" (The world is fragile). Ìdí ni wípé ayé ṣòro, ó sì gba jẹ́jẹ́, pàá pàá jùlọ kí a bára ẹni gbé ní ìrẹ́pọ̀, ìbọ̀wọ̀ àti àlááfíà. Ìtàn Ìwáṣẹ̀ Gẹ̀lẹ̀dẹ́ [ | ] Gelede mask, Afro-Brazilian Museum, São Paulo Ọ̀pọ̀ ìtàn ìwáṣẹ̀ tó rọ̀ mọ́ òrìṣà Gẹ̀lẹ̀dẹ́ ni a ti rí púpọ̀ rẹ̀ nínú . Ifá tí a ń sọ̀rọ̀ rẹ̀ yí ni ó ní Odù tí ó tó Igba ó lé Mẹ́rìnlélọ́gọ̀ta Odù, tí ìkọ̀ọ̀kan rẹ̀ sì ń dá lórí ènìyàn, ẹranko, àti àwọn pẹ̀lú ìṣòro àti ọ̀na àbáyọ sí ìṣòro wọn èyí ìṣẹ̀lẹ̀ tí ó ti ṣẹ̀ sẹ́yìn.",afrifact_data_culture_yoruba_265,nei,"Yorùbá gbàgbọ́ nínú gbólóhùn kan ""ẹ̀sọ̀ layé"" (The world is fragile). Ìdí ni wípé ayé ṣòro, ó sì gba jẹ́jẹ́, pàá pàá jùlọ kí a bára ẹni gbé ní ìrẹ́pọ̀, ìbọ̀wọ̀ àti àlááfíà. Ìtàn Ìwáṣẹ̀ Gẹ̀lẹ̀dẹ́ [ | ] Gelede mask, Afro-Brazilian Museum, São Paulo Ọ̀pọ̀ ìtàn ìwáṣẹ̀ tó rọ̀ mọ́ òrìṣà Gẹ̀lẹ̀dẹ́ ni a ti rí púpọ̀ rẹ̀ nínú . Ifá tí a ń sọ̀rọ̀ rẹ̀ yí ni ó ní Odù tí ó tó Igba ó lé Mẹ́rìnlélọ́gọ̀ta Odù, tí ìkọ̀ọ̀kan rẹ̀ sì ń dá lórí ènìyàn, ẹranko, àti àwọn pẹ̀lú ìṣòro àti ọ̀na àbáyọ sí ìṣòro wọn èyí ìṣẹ̀lẹ̀ tí ó ti ṣẹ̀ sẹ́yìn.",supports,nei,nei,False
afrifact_data_culture_hausa_103,hausa,Gwamnan Kano ya bawa Sunusi Lamido Sunusi muƙamin kwamishina a shekarar 2024.,"Mista Jonathan ya ce ba anan kadai Amurka ta tsaya ba wajen yunkurin kifar da gwamnatinsa, har ta kai Shugaba Obama ya shawo kan firaministan Burtaniya David Cameron ya mara masa baya duk da kyakkyawar dangantakar da ke tsakanin Jonathan da Cameron",afrifact_data_culture_hausa_783,nei,"Mista Jonathan ya ce ba anan kadai Amurka ta tsaya ba wajen yunkurin kifar da gwamnatinsa, har ta kai Shugaba Obama ya shawo kan firaministan Burtaniya David Cameron ya mara masa baya duk da kyakkyawar dangantakar da ke tsakanin Jonathan da Cameron",refutes,refutes,refutes,True
afrifact_data_culture_yoruba_049,yoruba,Ìjọ̀ba ti fi ẹ̀sùn kan gbogbo àwọn ajáwèé owó orí pátá pé wọ́n lọ́wọ́ nínú mọ̀kàrúrù.,"Ẹgbẹ oṣiṣẹ ṣe iwọde lati ja fun ẹtọ arabinri oloyun. Ẹwẹ, ẹgbẹ awọn osisẹ nipinlẹ Ondo ti ke si gomina Rotimi Akeredolu lati gba isẹ lọwọ amugbalẹgbẹ rẹ fọrọ akanse isẹ ati aato, Ọmọwe Doyin Odebowale. Saaju la ti mu iroyin wa fun yin pe obinrin alaboyun kan to jẹ osisẹ nileesẹ kolẹ-kodọti lo daku nigba ti Odebowale gba leti lẹnu isẹ. Ẹgbẹ osisẹ naa ni iwa idojuti gbaa ni Odebowale hu si alaboyun naa, Adeola Egbebi lasiko ti obinrin naa wa lẹnu isẹ ladugbo Oja Oba nilu Akure l'Ọjọbọ. Àwọn iròyin tì ẹ leè ní ìfẹ̀ síí: Atẹjade kan ti akọwe ẹgbẹ apapọ awọn osisẹ ọba (AUPCTRE) nipinlẹ naa, Comrade Moyin Banso fisita lọjọ Ẹti, lo sisọ loju ọrọ yii. 'Ẹ kálọ sí ìlú mi'... Ètò ńlá tó bẹ̀ sílẹ̀ kìjà lórí BBC Yorùbá ""A fi gbogbo ẹnu bẹnu atẹ lu iwa ti ọmọwe Odebowale hu si obinrin naa, idi si ree ta se n beere pe kijọba juwe ọna ile fun. Igbesẹ yii nikan si lo le jẹ ki alaafia jọba, ki wọn si maa tọpinpin ipo ti ilera obinrin naa wa."" Ki lo sẹlẹ saaju: Mo dákú rangbọndan lẹ̀yìn tí amúgbálẹ́gbẹ gómìnà Akeredolu fún mi ní ìgbájú olóyì - Aláboyún Alaboyun kan ti fẹsun kan olubamọran pataki lori akanṣe iṣẹ si gomina Rotimi Akeredolu ti ipinlẹ Ondo, Ọmọwe Doyin Odebowale pe o fọ oun leti. Obinrin naa, Egbedi Adeola ati ọkọ rẹ ṣalaye fun BBC Yoruba pe gbagede inu ọja ọba ilu Akure ni iṣẹlẹ naa ti waye. Gẹgẹ bo ṣe sọ, Adeola ni iṣẹlẹ naa waye lasiko ti wọn n ṣe eto gbalumọ inu ọja ti wọn maa n ṣe ni gbogbo Ọjọbọ.",afrifact_data_culture_yoruba_462,supports,"Ẹgbẹ oṣiṣẹ ṣe iwọde lati ja fun ẹtọ arabinri oloyun. Ẹwẹ, ẹgbẹ awọn osisẹ nipinlẹ Ondo ti ke si gomina Rotimi Akeredolu lati gba isẹ lọwọ amugbalẹgbẹ rẹ fọrọ akanse isẹ ati aato, Ọmọwe Doyin Odebowale. Saaju la ti mu iroyin wa fun yin pe obinrin alaboyun kan to jẹ osisẹ nileesẹ kolẹ-kodọti lo daku nigba ti Odebowale gba leti lẹnu isẹ. Ẹgbẹ osisẹ naa ni iwa idojuti gbaa ni Odebowale hu si alaboyun naa, Adeola Egbebi lasiko ti obinrin naa wa lẹnu isẹ ladugbo Oja Oba nilu Akure l'Ọjọbọ. Àwọn iròyin tì ẹ leè ní ìfẹ̀ síí: Atẹjade kan ti akọwe ẹgbẹ apapọ awọn osisẹ ọba (AUPCTRE) nipinlẹ naa, Comrade Moyin Banso fisita lọjọ Ẹti, lo sisọ loju ọrọ yii. 'Ẹ kálọ sí ìlú mi'... Ètò ńlá tó bẹ̀ sílẹ̀ kìjà lórí BBC Yorùbá ""A fi gbogbo ẹnu bẹnu atẹ lu iwa ti ọmọwe Odebowale hu si obinrin naa, idi si ree ta se n beere pe kijọba juwe ọna ile fun. Igbesẹ yii nikan si lo le jẹ ki alaafia jọba, ki wọn si maa tọpinpin ipo ti ilera obinrin naa wa."" Ki lo sẹlẹ saaju: Mo dákú rangbọndan lẹ̀yìn tí amúgbálẹ́gbẹ gómìnà Akeredolu fún mi ní ìgbájú olóyì - Aláboyún Alaboyun kan ti fẹsun kan olubamọran pataki lori akanṣe iṣẹ si gomina Rotimi Akeredolu ti ipinlẹ Ondo, Ọmọwe Doyin Odebowale pe o fọ oun leti. Obinrin naa, Egbedi Adeola ati ọkọ rẹ ṣalaye fun BBC Yoruba pe gbagede inu ọja ọba ilu Akure ni iṣẹlẹ naa ti waye. Gẹgẹ bo ṣe sọ, Adeola ni iṣẹlẹ naa waye lasiko ti wọn n ṣe eto gbalumọ inu ọja ti wọn maa n ṣe ni gbogbo Ọjọbọ.",nei,supports,supports,False
afrifact_data_culture_yoruba_604,yoruba,Adébọ́lá ni a bí ní ìlú u Ṣakí.,"Ọgagun Murtala Muhammed yan Buhari gẹgẹ bi Gomina awọn ipinlẹ ila Oorun Ariwa papọ ti pe ni North-Eastern States nigba naa lọhun. Bakan naa ni ranpẹ, Buhari ṣe Gomina ipinlẹ Borno lati ọjọ Kẹta Oṣu keji ọdun 1976 si ọjọ ikẹẹdogun oṣu Kẹta ọdun 1976. Ni ọjọ Kẹta Oṣu keji ọdun 1976 ijọba ologun pin awọn ipinlẹ Ariwa yii si Bauchi, Borno ati ipinlẹ Gongola.",afrifact_data_culture_yoruba_153,supports,"Ọgagun Murtala Muhammed yan Buhari gẹgẹ bi Gomina awọn ipinlẹ ila Oorun Ariwa papọ ti pe ni North-Eastern States nigba naa lọhun. Bakan naa ni ranpẹ, Buhari ṣe Gomina ipinlẹ Borno lati ọjọ Kẹta Oṣu keji ọdun 1976 si ọjọ ikẹẹdogun oṣu Kẹta ọdun 1976. Ni ọjọ Kẹta Oṣu keji ọdun 1976 ijọba ologun pin awọn ipinlẹ Ariwa yii si Bauchi, Borno ati ipinlẹ Gongola.",nei,nei,nei,True
afrifact_data_culture_hausa_417,hausa,Matar Ahmad at-Tijjani ta farko asalin 'yar Ingila ce kuma tana da yara uku,"Miyar kuka na kara kaifin basira, wannan wata hikima ce ta daban domin a hakika na kula da cewa mutanen da suke amfani da miyan kuka basirar su ta dara ta wadanda ba su amfani da ita. Nima na lura idan ina shan miyan kuka to karfin basira ta ya kan karu. ",afrifact_data_culture_hausa_276,supports,"Miyar kuka na kara kaifin basira, wannan wata hikima ce ta daban domin a hakika na kula da cewa mutanen da suke amfani da miyan kuka basirar su ta dara ta wadanda ba su amfani da ita. Nima na lura idan ina shan miyan kuka to karfin basira ta ya kan karu. ",nei,nei,nei,True
afrifact_data_culture_hausa_312,hausa,"Hanyar haɗa Alkaki tana buƙatar nika alkama, haɗawa da madara da mai, da soya shi a hankali."," A al’adar kaina-fara, mutanen Birchi waɗanda ke zaune a ƙauyen Goda ta ƙasar Birchi a ƙaramar Hukumar Kurfi ta Jihar Katsina, idan mace ta haihu ba ta da damar fita daga ɗakinta, sai bayan kwanaki arba’in, don kuwa a wurinsu wannan ita ce ranar da ake raɗa wa abin da aka haifa suna. A wannan rana, sai dattawa misalin su goma su taru a gidan da aka yi haihuwar. ",afrifact_data_culture_hausa_376,refutes," A al’adar kaina-fara, mutanen Birchi waɗanda ke zaune a ƙauyen Goda ta ƙasar Birchi a ƙaramar Hukumar Kurfi ta Jihar Katsina, idan mace ta haihu ba ta da damar fita daga ɗakinta, sai bayan kwanaki arba’in, don kuwa a wurinsu wannan ita ce ranar da ake raɗa wa abin da aka haifa suna. A wannan rana, sai dattawa misalin su goma su taru a gidan da aka yi haihuwar. ",supports,supports,supports,True
afrifact_data_culture_igbo_681,igbo,Pericoma so n'aha mmanwụ ndị Igbo na-efe. Onweghi onye Igbo ji mmanwụ a egwu egwu," Pad dịzị ọnụ ugbua, mere ka ego e jiri zụta ya dị ka 'a kpata a tụfuo'. Ya mere, otu ihe ọma ị ga-emenwuru nwaanyị nọ na nsọ ya bụ inyere ya aka zụta ụfọdụ, ọ na-eji 'pad' o, nke a na-akpọ tampon, maọbụ iko, gbaa mbọ hụ na ị zụnyere ya. ",afrifact_data_culture_igbo_770,supports," Pad dịzị ọnụ ugbua, mere ka ego e jiri zụta ya dị ka 'a kpata a tụfuo'. Ya mere, otu ihe ọma ị ga-emenwuru nwaanyị nọ na nsọ ya bụ inyere ya aka zụta ụfọdụ, ọ na-eji 'pad' o, nke a na-akpọ tampon, maọbụ iko, gbaa mbọ hụ na ị zụnyere ya. ",nei,supports,supports,False
afrifact_data_culture_igbo_524,igbo,Emmanuel Nnamdị Ụba tuuru ugo dị ka onye a họpụtara ịnọchite anya ndị ndịda Anambara na ntuli aka nke Epurel 2011.,"E zighachiri ya na Legọọsụ steeti dị ka gọvanọ na Julaị 1978, o jidere ọkwa a rue Ọktọba 1979",afrifact_data_culture_igbo_340,nei,"E zighachiri ya na Legọọsụ steeti dị ka gọvanọ na Julaị 1978, o jidere ọkwa a rue Ọktọba 1979",supports,nei,nei,False
afrifact_data_culture_igbo_230,igbo,"Ọ bụrụ na e wepụ nkwado ndị APC, Obaseki agaghị ịbụ gọvanọ Edo steeti.","Ọ nweela ọtụtụ nturu ugo na nkwanye ugwu n'etiti ndị a, Ọchịagha nke gọọmentị etiti, CFR onye nyere , Onye isi ala nke gọọmentị etiti Naịjirịa The Forces Service Star (FSS) nke ndị Amị nyere ya. (FSS) onyinye Meritorious Service Star (MSS) nke ndị agha Naịjirịa nyere . Distinguished Service Star (DSS) nke ndị agha Naịjirịa nyegoro ha . Grand Service Star (GSS) nke ndị Amị Naịjirịa nyere ya. Passed Staff College(psc (+)) nke ndị agha Naịjirịa ",afrifact_data_culture_igbo_529,refutes,"Ọ nweela ọtụtụ nturu ugo na nkwanye ugwu n'etiti ndị a, Ọchịagha nke gọọmentị etiti, CFR onye nyere , Onye isi ala nke gọọmentị etiti Naịjirịa The Forces Service Star (FSS) nke ndị Amị nyere ya. (FSS) onyinye Meritorious Service Star (MSS) nke ndị agha Naịjirịa nyere . Distinguished Service Star (DSS) nke ndị agha Naịjirịa nyegoro ha . Grand Service Star (GSS) nke ndị Amị Naịjirịa nyere ya. Passed Staff College(psc (+)) nke ndị agha Naịjirịa ",supports,nei,nei,False
afrifact_data_culture_igbo_542,igbo,Ọkaiwu Paul Achalla onye IPOB ekwuola na ha na-agba mbọ ka facebook weghachite akantụ onye ndụ ha.,"Azụbụike Ihejirika, CFR (Amụrụ Febuwarị 13, 1956) bụ onye gara ezumike nká Amị Naịjirịa, onyeisi jenaral na onye bụbu Onye isi ọrụ Amị.",afrifact_data_culture_igbo_533,refutes,"Azụbụike Ihejirika, CFR (Amụrụ Febuwarị 13, 1956) bụ onye gara ezumike nká Amị Naịjirịa, onyeisi jenaral na onye bụbu Onye isi ọrụ Amị.",supports,nei,nei,False
afrifact_data_culture_igbo_719,igbo,"John Abeng bụ onyeisi ndị uweoji na Steeti Anambra ekwughi ihe ọbụla banyere ịchụpụ ndị ohi, ndịotu nzuzo na ndị ntọrị mmadụ na Steeti Anambra.","mmanya nkwụ Fresh Palm Wine Mmanya nkwụ, nke eji aha di iche iche mara na ọtutu ebe, ọ bụ mmanya na-aba na-anya esi na-ahụ osisi nkwụ di iche iche gbapụta, dika Palmyra, nke a n'akpọ date palm, na osisi aki oyibo.",afrifact_data_culture_igbo_276,supports,"mmanya nkwụ Fresh Palm Wine Mmanya nkwụ, nke eji aha di iche iche mara na ọtutu ebe, ọ bụ mmanya na-aba na-anya esi na-ahụ osisi nkwụ di iche iche gbapụta, dika Palmyra, nke a n'akpọ date palm, na osisi aki oyibo.",refutes,nei,nei,False
afrifact_data_culture_igbo_787,igbo,Kọmishọna na-ahụ maka azụmahịa aha ya bụ Christian Madụbuko gwara ndị Anambra ka ha na-akwụ onyeọbụla masịrị ha ụtụ isi.,"Na Fraịde 6 Machị 2020, Trinity College Dublin nke Ireland sọpụrụ Wachuku site na ihe osise a ma ama nke e debere n'ime ụlọ ọrụ akụkọ ihe mere eme nke mahadum ahụ; ebe Wachuku gụsịrị akwụkwọ na 1944 na akara ugo mmụta mbụ na sayensị iwu",afrifact_data_culture_igbo_464,supports,"Na Fraịde 6 Machị 2020, Trinity College Dublin nke Ireland sọpụrụ Wachuku site na ihe osise a ma ama nke e debere n'ime ụlọ ọrụ akụkọ ihe mere eme nke mahadum ahụ; ebe Wachuku gụsịrị akwụkwọ na 1944 na akara ugo mmụta mbụ na sayensị iwu",refutes,nei,nei,False
afrifact_data_culture_yoruba_280,yoruba,Ìgbà kan tún rèé tí Ààrẹ Buhari àtàwọn aṣòfin kọlu ara wọn lórí àbá owó ìṣúná ọdún 2016," Àwọn ìrísí mìíràn láti ara pípọ́n sínú àwọn agolo olóríṣi ìrísí ni wọ́n ti máa ń yọ wọn. Lẹ́yìn pípọ́n sínú àwọn ewé tàbí àwọn agolo wọ̀nyí, wọ́n ma tò wọ́n sí inú abọ́-ìdáná pẹ̀lú omi ìdá ìlàjì abọ́-ìdáná náà, láti se mọ́í-mọ́í náà jìnà pẹ̀lú oru omi náà. Wọ́n máa ń jẹ́ mọ́í-mọ́í lásán tàbí pẹ̀lú búrẹ́dì, pẹ̀lú ìrẹsì tàbí ògì fún oúnjẹ àárọ̀ tàbí oúnjẹ alẹ́. Wọ́n tún lè lò ó pẹ̀lú gàárì gẹ́gẹ́ bí oúnjẹ ọ̀sán.",afrifact_data_culture_yoruba_261,supports," Àwọn ìrísí mìíràn láti ara pípọ́n sínú àwọn agolo olóríṣi ìrísí ni wọ́n ti máa ń yọ wọn. Lẹ́yìn pípọ́n sínú àwọn ewé tàbí àwọn agolo wọ̀nyí, wọ́n ma tò wọ́n sí inú abọ́-ìdáná pẹ̀lú omi ìdá ìlàjì abọ́-ìdáná náà, láti se mọ́í-mọ́í náà jìnà pẹ̀lú oru omi náà. Wọ́n máa ń jẹ́ mọ́í-mọ́í lásán tàbí pẹ̀lú búrẹ́dì, pẹ̀lú ìrẹsì tàbí ògì fún oúnjẹ àárọ̀ tàbí oúnjẹ alẹ́. Wọ́n tún lè lò ó pẹ̀lú gàárì gẹ́gẹ́ bí oúnjẹ ọ̀sán.",nei,supports,supports,False
afrifact_data_culture_igbo_133,igbo,"Mgbe a na-akuziri ụmụnwoke etu ha ga-esi bụrụ ụmụnwoke ga-abara obodo uru, a na-ekwu ihe na-eme ebe ahụ.","Ejidere Kanu maka ebubo aghụghọ na dị na Nigeria na ka ọnwa Ọktọba dị na mkpụrụ ụbọchị iri na anọ na afo 2015 wee jidere ya ihe karịrị otu afọ, n'agbanyeghị iwu dị iche iche ụlọ ikpe nyere maka ịhapụ ya.",afrifact_data_culture_igbo_448,nei,"Ejidere Kanu maka ebubo aghụghọ na dị na Nigeria na ka ọnwa Ọktọba dị na mkpụrụ ụbọchị iri na anọ na afo 2015 wee jidere ya ihe karịrị otu afọ, n'agbanyeghị iwu dị iche iche ụlọ ikpe nyere maka ịhapụ ya.",refutes,supports,supports,False
afrifact_data_culture_igbo_198,igbo,Akụkọ a ma ama na-ekwu na-ekwu na onye mbụ a mara nke ọma n'Akwete bụ Dada Nwakata.,"Oge ọ malitere [ | ] A mụrụ Chioma Chukwuka na , na Machị 12, 1980.",afrifact_data_culture_igbo_113,refutes,"Oge ọ malitere [ | ] A mụrụ Chioma Chukwuka na , na Machị 12, 1980.",supports,nei,nei,False
afrifact_data_culture_yoruba_223,yoruba,Aago mẹ́fà àbọ̀ òwúrọ̀ ni àwọn akẹ́kọ̀ọ́ máa ń tò wọlé ní àwọn ilé-ìwé òkè òkùn.,"Sunday Igboho gba àwọn èèyàn Soka n'Ibadan sílẹ̀ lọ́wọ́ àwọn ọmọ onílẹ̀ tó wá ṣọṣẹ́ Ọrọ di boo lọ, ko yago fun mi ladugbo Soka nilu Ibadan lasiko ti gende meji to gbe ohun ija oloro lọwọ, ti wọn pe ara wọn ni ọmọ onilẹ ya bo agbegbe naa. Owurọ ọjọ Isẹgun ana niroyin gba igboro Ibadan kan, tawọn eeyan si n pe sori redio gbogbo nilu naa pe ẹmi awọn eeyan to n gbe ladugbo naa ko de tori awọn gende agbebọn to ya bo wọn. Àwọn iròyin tì ẹ leè ní ìfẹ̀ síí: A gbọ pe se ni iro ibọn n dun lakọ-lakọ, tawọn eeyan si n sa asala fun ẹmi lasiko ti awọn ọmọ onilẹ ọhun ni ki awọn onile gbe ile wọn kuro lori ilẹ awọn. Se lawọn ọmọde ati agba, alaboyun ati awọn iyalọmọ, to fi mọ awọn arugbo n sa asala fun ẹmi wọn, ti awọn to si laya lati beere pe ki lo fa isẹlẹ naa, jẹ ajẹkun iya. Ẹnikan ti isẹlẹ naa soju rẹ salaye pe ọpẹlọpẹ asaaju ọmọ Yoruba kan, Oloye Sunday Adeyẹmọ, ti gbogbo eeyan mọ si Sunday Igboho to tete de sadugbo ọhun lasiko ti laasigbo naa gbona janin-jani. A gbọ pe Igboho ati ọkunrin kan ti wọn pe orukọ rẹ Babatunde Arowolo, ti gbogbo eeyan mọ si Bako, lo de lasiko lati gba awọn eeyan adugbo naa silẹ, ni kete ti aawọn ọmọ onilẹ naa si foju gaani rẹ, ni wọn ba juba ehoro.",afrifact_data_culture_yoruba_299,refutes,"Sunday Igboho gba àwọn èèyàn Soka n'Ibadan sílẹ̀ lọ́wọ́ àwọn ọmọ onílẹ̀ tó wá ṣọṣẹ́ Ọrọ di boo lọ, ko yago fun mi ladugbo Soka nilu Ibadan lasiko ti gende meji to gbe ohun ija oloro lọwọ, ti wọn pe ara wọn ni ọmọ onilẹ ya bo agbegbe naa. Owurọ ọjọ Isẹgun ana niroyin gba igboro Ibadan kan, tawọn eeyan si n pe sori redio gbogbo nilu naa pe ẹmi awọn eeyan to n gbe ladugbo naa ko de tori awọn gende agbebọn to ya bo wọn. Àwọn iròyin tì ẹ leè ní ìfẹ̀ síí: A gbọ pe se ni iro ibọn n dun lakọ-lakọ, tawọn eeyan si n sa asala fun ẹmi lasiko ti awọn ọmọ onilẹ ọhun ni ki awọn onile gbe ile wọn kuro lori ilẹ awọn. Se lawọn ọmọde ati agba, alaboyun ati awọn iyalọmọ, to fi mọ awọn arugbo n sa asala fun ẹmi wọn, ti awọn to si laya lati beere pe ki lo fa isẹlẹ naa, jẹ ajẹkun iya. Ẹnikan ti isẹlẹ naa soju rẹ salaye pe ọpẹlọpẹ asaaju ọmọ Yoruba kan, Oloye Sunday Adeyẹmọ, ti gbogbo eeyan mọ si Sunday Igboho to tete de sadugbo ọhun lasiko ti laasigbo naa gbona janin-jani. A gbọ pe Igboho ati ọkunrin kan ti wọn pe orukọ rẹ Babatunde Arowolo, ti gbogbo eeyan mọ si Bako, lo de lasiko lati gba awọn eeyan adugbo naa silẹ, ni kete ti aawọn ọmọ onilẹ naa si foju gaani rẹ, ni wọn ba juba ehoro.",nei,supports,supports,False
afrifact_data_culture_yoruba_056,yoruba,Kò sí àgbàlagbà ọkùnrin tí ó fi ipá bá àwọn ọmọdé lò lásìkò yìí.,"Yorùbá gbàgbọ́ nínú gbólóhùn kan ""ẹ̀sọ̀ layé"" (The world is fragile). Ìdí ni wípé ayé ṣòro, ó sì gba jẹ́jẹ́, pàá pàá jùlọ kí a bára ẹni gbé ní ìrẹ́pọ̀, ìbọ̀wọ̀ àti àlááfíà. Ìtàn Ìwáṣẹ̀ Gẹ̀lẹ̀dẹ́ [ | ] Gelede mask, Afro-Brazilian Museum, São Paulo Ọ̀pọ̀ ìtàn ìwáṣẹ̀ tó rọ̀ mọ́ òrìṣà Gẹ̀lẹ̀dẹ́ ni a ti rí púpọ̀ rẹ̀ nínú . Ifá tí a ń sọ̀rọ̀ rẹ̀ yí ni ó ní Odù tí ó tó Igba ó lé Mẹ́rìnlélọ́gọ̀ta Odù, tí ìkọ̀ọ̀kan rẹ̀ sì ń dá lórí ènìyàn, ẹranko, àti àwọn pẹ̀lú ìṣòro àti ọ̀na àbáyọ sí ìṣòro wọn èyí ìṣẹ̀lẹ̀ tí ó ti ṣẹ̀ sẹ́yìn.",afrifact_data_culture_yoruba_270,supports,"Yorùbá gbàgbọ́ nínú gbólóhùn kan ""ẹ̀sọ̀ layé"" (The world is fragile). Ìdí ni wípé ayé ṣòro, ó sì gba jẹ́jẹ́, pàá pàá jùlọ kí a bára ẹni gbé ní ìrẹ́pọ̀, ìbọ̀wọ̀ àti àlááfíà. Ìtàn Ìwáṣẹ̀ Gẹ̀lẹ̀dẹ́ [ | ] Gelede mask, Afro-Brazilian Museum, São Paulo Ọ̀pọ̀ ìtàn ìwáṣẹ̀ tó rọ̀ mọ́ òrìṣà Gẹ̀lẹ̀dẹ́ ni a ti rí púpọ̀ rẹ̀ nínú . Ifá tí a ń sọ̀rọ̀ rẹ̀ yí ni ó ní Odù tí ó tó Igba ó lé Mẹ́rìnlélọ́gọ̀ta Odù, tí ìkọ̀ọ̀kan rẹ̀ sì ń dá lórí ènìyàn, ẹranko, àti àwọn pẹ̀lú ìṣòro àti ọ̀na àbáyọ sí ìṣòro wọn èyí ìṣẹ̀lẹ̀ tí ó ti ṣẹ̀ sẹ́yìn.",refutes,refutes,refutes,True
afrifact_data_culture_hausa_573,hausa,Taɓarya ta na da muhimmanci sosai wurin yin jajjage.,Ƴan bindigar sun harbe Sheikh Muhammad Auwal Adam Albani Zariya tare da ɗaya daga cikin matansa a cikin garin a kan hanyarsu ta dawowa gida bayan sun halarci karatun Tafsirin yamma da suka saba zuwa a cikin garin.,afrifact_data_culture_hausa_492,supports,Ƴan bindigar sun harbe Sheikh Muhammad Auwal Adam Albani Zariya tare da ɗaya daga cikin matansa a cikin garin a kan hanyarsu ta dawowa gida bayan sun halarci karatun Tafsirin yamma da suka saba zuwa a cikin garin.,nei,supports,supports,False
afrifact_data_culture_yoruba_290,yoruba,Sunday Igboho ni àwọn ará Kebbi àti Zamfara kọ́ ló n jínígbé ní Oke Ogun.,"Awọn ara adugbo naa ti wa rọ ijọba ipinlẹ Ọyọ lati tete da si ọrọ naa tori kii se igba akọkọ ree ti awọn ọmọ onilẹ yoo wa maa dun mahuru-mahuru mọ wọn lori ilẹ ti wọn ti ra lati ọdun gbọọrọ. Gẹgẹ bi iroyin naa ti wi, nigba ti BBC Yoruba kan si agbẹnusọ fun ileesẹ ọlọpa nipinlẹ Ọyọ, Olugbenga Fadeyi lati gbọ tẹnu rẹ, o ni ka pe oun pada laipẹ.",afrifact_data_culture_yoruba_295,nei,"Awọn ara adugbo naa ti wa rọ ijọba ipinlẹ Ọyọ lati tete da si ọrọ naa tori kii se igba akọkọ ree ti awọn ọmọ onilẹ yoo wa maa dun mahuru-mahuru mọ wọn lori ilẹ ti wọn ti ra lati ọdun gbọọrọ. Gẹgẹ bi iroyin naa ti wi, nigba ti BBC Yoruba kan si agbẹnusọ fun ileesẹ ọlọpa nipinlẹ Ọyọ, Olugbenga Fadeyi lati gbọ tẹnu rẹ, o ni ka pe oun pada laipẹ.",refutes,nei,nei,False
afrifact_data_culture_yoruba_084,yoruba,Baba Ginimbi àti ẹ̀gbọn rẹ̀ wà lára àwọn tí ó ṣorò níbi ìsìnkú rẹ̀.,"Ọbẹ̀ Oha jẹ́ ọbẹ̀ tó wọ́pọ̀ ní apá gúúsù mọ́ ìlà-oòrùn orílẹ̀-èdè . Ọbẹ̀ oha jẹ́ ọbẹ̀ agbègbè Ìlà-oòrùn, tó sì jẹ́ pé àwọn ará Íbò ni wọ́n sábà máa ń sè é, láti ará igi ewébẹ̀ láéláé tí orúkọ sáyẹ́ńsì rẹ̀ ń ṣe Pterocarpus mildraedii ni ọbẹ̀ náà ti ṣẹ̀.",afrifact_data_culture_yoruba_763,nei,"Ọbẹ̀ Oha jẹ́ ọbẹ̀ tó wọ́pọ̀ ní apá gúúsù mọ́ ìlà-oòrùn orílẹ̀-èdè . Ọbẹ̀ oha jẹ́ ọbẹ̀ agbègbè Ìlà-oòrùn, tó sì jẹ́ pé àwọn ará Íbò ni wọ́n sábà máa ń sè é, láti ará igi ewébẹ̀ láéláé tí orúkọ sáyẹ́ńsì rẹ̀ ń ṣe Pterocarpus mildraedii ni ọbẹ̀ náà ti ṣẹ̀.",supports,nei,nei,False
afrifact_data_culture_igbo_726,igbo,"Naịjrịa bụ mba nwere ọtụtụ agbụrụ. N'agbanyeghị agbụrụ dị icheiche dị na Naịjirịa, e nwere ihe ndị na-ejikọ ha ọnụ. Ofufe ndị, ihe nkiri ha na ndọrọndọrọ ọchịchị so na ihe na-akpa oke n'etiti Naịjirịa.","Ogwashi Uku , bụ obodo Igbo na . Ọ dị na ọdịda anyanwụ nke isi obodo steeti, Asaba ma bụrụ isi ụlọ ọrụ gọọmentị ime obodo, Aniocha South . Ndị bi na Ọgwashi-Ukwu dị ihe dị ka puku iri ise, narị abụọ na iri atọ na anọ. Ọnụ ọgụgụ ya abawanyela nke ukwuu. Ọ bụ na mpaghara Anioma nke Delta steeti, ndị na-asụ Igbo na ndị obodo ya bụ ndị Enuani . ",afrifact_data_culture_igbo_503,refutes,"Ogwashi Uku , bụ obodo Igbo na . Ọ dị na ọdịda anyanwụ nke isi obodo steeti, Asaba ma bụrụ isi ụlọ ọrụ gọọmentị ime obodo, Aniocha South . Ndị bi na Ọgwashi-Ukwu dị ihe dị ka puku iri ise, narị abụọ na iri atọ na anọ. Ọnụ ọgụgụ ya abawanyela nke ukwuu. Ọ bụ na mpaghara Anioma nke Delta steeti, ndị na-asụ Igbo na ndị obodo ya bụ ndị Enuani . ",supports,supports,supports,True
afrifact_data_culture_yoruba_405,yoruba,"Àsìkò tí ìkọlù yìí wáyé láàárín àwọn akẹ́kọ̀ọ́ FUOYE àti ọlọ́pàá ni ìyàwò Gómìnà ìpínlẹ̀ Èkìtì rìn sí, àmọ́ ìròyìn fi lélẹ̀ pé ìjàm̀bá kankan kò ṣe é.","Àkàrà Acarajé (Brasil) Acarajé in Alternative names Acara, Àkàrà, Kosai Course Street-food Place of origin Region or state West Africa and Associated , , , , , and Serving temperature Hot Main ingredients , deep-fried in dendê ( ) Media related to [[commons:Special:Search/Àkàrà Acarajé (Brasil)|Media: Àkàrà Acarajé (Brasil)]] at Àkàrà jẹ́ oúnjẹ abínibí ìbílẹ̀ ilẹ̀ àti púpọ̀ nínú ilẹ̀ . Ṣíṣe àkàrà [ | ] Àkàrà wà nínú àrà tí wọ́n ma ń fi dá. Wọ́n ma ń rẹ ẹ̀wà sínú omi, fún bii ọgbọ̀n ìṣẹ́jú tàbí wákàtí kan kí ó lè rọ̀. Lẹ́yìn èyí, wọn yóò fi , , àti àwọn nkan mìíràn tí ó bá wù wá si kí wọ́n tó lọ̀ọ́ kúná. Lẹ́yìn tí wọ́n bá lọ̀ọ́ tán, wọn yóò gbé tàbí kaná tí wọn yóò sì ma dá ẹ̀wà náà sínú epo yí kí ó lè dín.",afrifact_data_culture_yoruba_581,refutes,"Àkàrà Acarajé (Brasil) Acarajé in Alternative names Acara, Àkàrà, Kosai Course Street-food Place of origin Region or state West Africa and Associated , , , , , and Serving temperature Hot Main ingredients , deep-fried in dendê ( ) Media related to [[commons:Special:Search/Àkàrà Acarajé (Brasil)|Media: Àkàrà Acarajé (Brasil)]] at Àkàrà jẹ́ oúnjẹ abínibí ìbílẹ̀ ilẹ̀ àti púpọ̀ nínú ilẹ̀ . Ṣíṣe àkàrà [ | ] Àkàrà wà nínú àrà tí wọ́n ma ń fi dá. Wọ́n ma ń rẹ ẹ̀wà sínú omi, fún bii ọgbọ̀n ìṣẹ́jú tàbí wákàtí kan kí ó lè rọ̀. Lẹ́yìn èyí, wọn yóò fi , , àti àwọn nkan mìíràn tí ó bá wù wá si kí wọ́n tó lọ̀ọ́ kúná. Lẹ́yìn tí wọ́n bá lọ̀ọ́ tán, wọn yóò gbé tàbí kaná tí wọn yóò sì ma dá ẹ̀wà náà sínú epo yí kí ó lè dín.",supports,nei,nei,False
afrifact_data_culture_hausa_638,hausa,Al'umma daban-daban su na da irin nasu salon kiɗa da waƙa.,"Tuwon masara Kayan haɗi Tarihi Asali Tuwan masara, abincin ne mai dadadden tarihi, kuma mafi akasarin 'yan kasar musamman 'yan Arewacin Nijeriya musamman ma Hausawa ke cin shi, akan ci shi ne da miyar kuka . Ana kuma matukar girmama shi tun daga karni na baya har zuwa yau ana amfani da wannan abincin.",afrifact_data_culture_hausa_263,supports,"Tuwon masara Kayan haɗi Tarihi Asali Tuwan masara, abincin ne mai dadadden tarihi, kuma mafi akasarin 'yan kasar musamman 'yan Arewacin Nijeriya musamman ma Hausawa ke cin shi, akan ci shi ne da miyar kuka . Ana kuma matukar girmama shi tun daga karni na baya har zuwa yau ana amfani da wannan abincin.",nei,supports,supports,False
afrifact_data_culture_hausa_343,hausa,ƙwallon kwando an ƙirƙire ta ne a Asiya," watan Oktoba na shekara ta 2022, Kamfanin Amurka mai suna Ideanomics, wanda ke da ƙwarewa acikin motocin lantarki, ya bada umurni ga abin da yake da'awar shine mafi girman masana'antar taro don tarakta na lantarki a Arewacin Amurka.",afrifact_data_culture_hausa_583,nei," watan Oktoba na shekara ta 2022, Kamfanin Amurka mai suna Ideanomics, wanda ke da ƙwarewa acikin motocin lantarki, ya bada umurni ga abin da yake da'awar shine mafi girman masana'antar taro don tarakta na lantarki a Arewacin Amurka.",refutes,supports,supports,False
afrifact_data_culture_yoruba_185,yoruba,Ọwọ́ àwọn Gómìnà ìpínlẹ̀ kò sí nínú owó tí wọ́n máa ń fún àwọn ẹka ìjọba.,"Gẹ́gẹ́ bi Oluyole, ile Olupoyi ni Adedibu naa ti wa ni Oja-Oba Ibadan sùgbọ́n ó tan mọ́ Oluyole lati ilé ìyá rẹ̀. A bí Adedibu ni ọjọ́ kẹrinlélógún, oṣù kẹwàá ọdun 1927 ni Oja -Oba Ibadan, ó jẹ́ ọkan lára to wá láti ilé tó ń joyè Olupoyi, tí a si le tọ ìràn rẹ̀ si Iba Oluyole. Lamidi Adedibu fi ipa mánigbàgbé lélẹ̀ ní agbami òṣèlú Lai si ti Adedibu ẹgbẹ oṣelu PDP ki ba maa ti ni Gomina lasiko isejọba mi. Ọrọ iranti ree ti aarẹ ana, Olusegun Obasanjo fi ṣapejuwe agba ọjẹ oloṣelu ipinlẹ Oyo nni, Lamidi Adedibu, se arise ni arika. Obasanjo fi ọrọ yii lelẹ lasiko ifilọlẹ iwe kan ni iranti Adedibu, ti wọn pe akori rẹ ni ""Adedibu The Strongman and Generallisimo of Nigerian Politics",afrifact_data_culture_yoruba_361,nei,"Gẹ́gẹ́ bi Oluyole, ile Olupoyi ni Adedibu naa ti wa ni Oja-Oba Ibadan sùgbọ́n ó tan mọ́ Oluyole lati ilé ìyá rẹ̀. A bí Adedibu ni ọjọ́ kẹrinlélógún, oṣù kẹwàá ọdun 1927 ni Oja -Oba Ibadan, ó jẹ́ ọkan lára to wá láti ilé tó ń joyè Olupoyi, tí a si le tọ ìràn rẹ̀ si Iba Oluyole. Lamidi Adedibu fi ipa mánigbàgbé lélẹ̀ ní agbami òṣèlú Lai si ti Adedibu ẹgbẹ oṣelu PDP ki ba maa ti ni Gomina lasiko isejọba mi. Ọrọ iranti ree ti aarẹ ana, Olusegun Obasanjo fi ṣapejuwe agba ọjẹ oloṣelu ipinlẹ Oyo nni, Lamidi Adedibu, se arise ni arika. Obasanjo fi ọrọ yii lelẹ lasiko ifilọlẹ iwe kan ni iranti Adedibu, ti wọn pe akori rẹ ni ""Adedibu The Strongman and Generallisimo of Nigerian Politics",refutes,supports,supports,False
afrifact_data_culture_hausa_257,hausa,Hausa koko abu ne na yau-da-kullun a Ghana kuma ana ci da abincin gargajiya kamar ƙosai ko Akara.,"ulmi face waɗanda suke , sukeyin , ko kuma suke zubar jini a farkon kwanaki 40 bayan haihuwa. Kowace rukuni acikin Sallah ana gabatar da itane tare da yin , wato faɗin (Allahu Akbar) face lokacin tsayawa tsakanin da , sannan idarwa dake ɗauke da sallar Musulunci . Salloli Biyar [ | ] Dattijon Mu",afrifact_data_culture_hausa_475,refutes,"ulmi face waɗanda suke , sukeyin , ko kuma suke zubar jini a farkon kwanaki 40 bayan haihuwa. Kowace rukuni acikin Sallah ana gabatar da itane tare da yin , wato faɗin (Allahu Akbar) face lokacin tsayawa tsakanin da , sannan idarwa dake ɗauke da sallar Musulunci . Salloli Biyar [ | ] Dattijon Mu",supports,nei,nei,False
afrifact_data_culture_yoruba_190,yoruba,Ààrẹ ń sọ̀rọ̀ kábakàba bí ẹni pé ọmọ egbẹ́ lẹ́yìnlẹ́yìn ni.,"Èdè Lárúbáwá tabi ede Araabu Ara èdè Sẹ̀mítíìkì ni èdè Àrábíìkì (Arabic (Èdè Lárúbááwá)). Àwọn tí ó ń sọ ọ́ tó mílíọ̀nù lọ́nà igba gẹ́gẹ́ bí èdè abíníbí ní àríwá Aáfíríkà àti ìlà-oòrùn-gúsù (Asia). Àìmoye ènìyàn tí a kò lè fi ojú da iye wọn ni ó ń sọ èdè yìí gẹ́gẹ́ bí èdè kejì, ìyẹn èdè àkọ́kún-tẹni ní pàtàkì ní àwọn orílẹ̀-èdè tí ẹ̀sìn Mùsùlùmú ti gbilẹ̀. ",afrifact_data_culture_yoruba_215,refutes,"Èdè Lárúbáwá tabi ede Araabu Ara èdè Sẹ̀mítíìkì ni èdè Àrábíìkì (Arabic (Èdè Lárúbááwá)). Àwọn tí ó ń sọ ọ́ tó mílíọ̀nù lọ́nà igba gẹ́gẹ́ bí èdè abíníbí ní àríwá Aáfíríkà àti ìlà-oòrùn-gúsù (Asia). Àìmoye ènìyàn tí a kò lè fi ojú da iye wọn ni ó ń sọ èdè yìí gẹ́gẹ́ bí èdè kejì, ìyẹn èdè àkọ́kún-tẹni ní pàtàkì ní àwọn orílẹ̀-èdè tí ẹ̀sìn Mùsùlùmú ti gbilẹ̀. ",nei,supports,supports,False
afrifact_data_culture_yoruba_172,yoruba,"Àná ni Pópọ́ọlá wọ aṣọ aláwọ̀ aró, ò ní ni Wọlé wọ tirẹ̀.","Àwọn orúkọ mìíràn tí wọ́n tún ń pe ọbẹ̀ náà ni uha àti ọbẹ̀ ora. Àwọn Oúnjẹ tí ẹ le fi jẹ Oha [ | ] Ọbẹ̀ oha/Uha dára jù lọ pẹ̀lú fùfú. Iyán, sẹ̀mó, ọlá àti ẹ̀bà gbogbo àwọn wọ̀nyí náà ni wọ́n dára pẹ̀lú ọbẹ̀ oha.",afrifact_data_culture_yoruba_764,refutes,"Àwọn orúkọ mìíràn tí wọ́n tún ń pe ọbẹ̀ náà ni uha àti ọbẹ̀ ora. Àwọn Oúnjẹ tí ẹ le fi jẹ Oha [ | ] Ọbẹ̀ oha/Uha dára jù lọ pẹ̀lú fùfú. Iyán, sẹ̀mó, ọlá àti ẹ̀bà gbogbo àwọn wọ̀nyí náà ni wọ́n dára pẹ̀lú ọbẹ̀ oha.",nei,nei,nei,True
afrifact_data_culture_yoruba_739,yoruba,"Ní ilẹ̀ Yorùbá,  tí obìnrin bá ń ṣe ìgbéyàwó, dandan ni kí ó wọ ilẹ̀kẹ̀ sọ́rùn.","Ọbáfẹ́mi Akínwùnmí Martins tí gbà káàkiri àwọn ikọ̀ ẹgbẹ́ agbábọ́ọ̀lù àfẹsẹ̀gbá tí ó ti gbá Bọ́ọ̀lù jẹun títí dé orílẹ̀ èdè China. Yàtọ̀ sí èyí, Martins jẹ́ gbajúmọ̀ Agbábọ́ọ̀lù fún ikọ̀ ẹgbẹ́ agbábọ́ọ̀lù àfẹsẹ̀gbá Super Eagles ti orílẹ̀ èdè Nàìjíríà. Ó wà lára àwọn ikọ̀ ẹgbẹ́ agbábọ́ọ̀lù Super Eagles tí Nàìjíríà fún ìdíje ife ẹ̀yẹ tí ilẹ̀ Áfíríkà lọ́dún 2006,2008 àti 2010. Bẹ́ẹ̀ náà ó wà lára ikọ̀ ẹgbẹ́ agbábọ́ọ̀lù Super Eagles tí Nàìjíríà tí wọ́n lọ díje ife àgbáyé lórílẹ̀ èdè lọ́dún 2010 Ọbáfẹ́mi Martins ní ọmọ ìyá méjì tí àwọn náà ń gbá Bọ́ọ̀lù Àfẹsẹ̀gbá jẹun.",afrifact_data_culture_yoruba_039,supports,"Ọbáfẹ́mi Akínwùnmí Martins tí gbà káàkiri àwọn ikọ̀ ẹgbẹ́ agbábọ́ọ̀lù àfẹsẹ̀gbá tí ó ti gbá Bọ́ọ̀lù jẹun títí dé orílẹ̀ èdè China. Yàtọ̀ sí èyí, Martins jẹ́ gbajúmọ̀ Agbábọ́ọ̀lù fún ikọ̀ ẹgbẹ́ agbábọ́ọ̀lù àfẹsẹ̀gbá Super Eagles ti orílẹ̀ èdè Nàìjíríà. Ó wà lára àwọn ikọ̀ ẹgbẹ́ agbábọ́ọ̀lù Super Eagles tí Nàìjíríà fún ìdíje ife ẹ̀yẹ tí ilẹ̀ Áfíríkà lọ́dún 2006,2008 àti 2010. Bẹ́ẹ̀ náà ó wà lára ikọ̀ ẹgbẹ́ agbábọ́ọ̀lù Super Eagles tí Nàìjíríà tí wọ́n lọ díje ife àgbáyé lórílẹ̀ èdè lọ́dún 2010 Ọbáfẹ́mi Martins ní ọmọ ìyá méjì tí àwọn náà ń gbá Bọ́ọ̀lù Àfẹsẹ̀gbá jẹun.",nei,supports,supports,False
afrifact_data_culture_yoruba_416,yoruba,"Ikú Ebila le mú kí ẹgbẹ́ One Million Boys sọ agbára nù, àmọ́  ó túnbọ̀ ró àwọn ẹgbẹ́ òkùnkùn kékèèké mìíràn lágbàra.","Ṣùgbọ́n gbogbo bẹ́líìtì àmìn ẹ̀yẹ yìí ni Anthony Joshua gbà padà báyìí. Bákan náà, òun ni alámì ẹ̀yẹ tí British and Commonwealth Heavyweight láti ọdún 2014 sí 2016. Àwọn Ìtọ́kasí [ | ] Penn, Matt (2019-12-08).",afrifact_data_culture_yoruba_115,nei,"Ṣùgbọ́n gbogbo bẹ́líìtì àmìn ẹ̀yẹ yìí ni Anthony Joshua gbà padà báyìí. Bákan náà, òun ni alámì ẹ̀yẹ tí British and Commonwealth Heavyweight láti ọdún 2014 sí 2016. Àwọn Ìtọ́kasí [ | ] Penn, Matt (2019-12-08).",refutes,nei,nei,False
afrifact_data_culture_igbo_755,igbo,Ndị Brazil nyere goolu ozugbu Neymar gbanyere bọọlụ na poostu.,Alexander Ifeanyichukwu Ekwueme // ⓘ GCON (21 October 1932 – 19 Nọvemba 2017) bụ onye ndọrọndọrọ ọchịchị Naijiria nke jere dịka osote onyeisiala mbụ nke Naijiria site na 1979 ruo 1983 n'oge Naịjiria Republic nke Abụọ n'okpuru onyeisiala Shehu Shagari dịka onye otu National Party.,afrifact_data_culture_igbo_429,nei,Alexander Ifeanyichukwu Ekwueme // ⓘ GCON (21 October 1932 – 19 Nọvemba 2017) bụ onye ndọrọndọrọ ọchịchị Naijiria nke jere dịka osote onyeisiala mbụ nke Naijiria site na 1979 ruo 1983 n'oge Naịjiria Republic nke Abụọ n'okpuru onyeisiala Shehu Shagari dịka onye otu National Party.,refutes,nei,nei,False
afrifact_data_culture_igbo_498,igbo,"Ngozi Okonjo Iweala bụ mịnịsta na-ahụ maka ego na Nigeria, malite n’afọ 2003 rue 2006; nakwa site n’afọ 2011 rue 2015.",Lee ndị niile nwetara ihe ntụrụugo n'emume a Onye ọhụrụ kacha eti egwu FireBoy DML (NG) JoeBoy (NG) Marioo (TZ) Rema (NG) - Meriri ya Simmy (SA) Wendy Shay (GH) Tiwa Savage tiri egwu na emume ntụrụugo a,afrifact_data_culture_igbo_598,nei,Lee ndị niile nwetara ihe ntụrụugo n'emume a Onye ọhụrụ kacha eti egwu FireBoy DML (NG) JoeBoy (NG) Marioo (TZ) Rema (NG) - Meriri ya Simmy (SA) Wendy Shay (GH) Tiwa Savage tiri egwu na emume ntụrụugo a,supports,nei,nei,False
afrifact_data_culture_hausa_018,hausa,An kashe Sir Ahmadu Bello a gidansa a ranar 12 ga watan Junairu.,"Labarin yadda abin ya kawo karshe ya sha bamban - Adebayor ya ce wani rukunin motocin 4x4 ne suka iso domin ceton 'yan wasan a lokacin da ake tsaka da harbe-harben, shi kuma Senaya ya ce shuru kawai ya ji.",afrifact_data_culture_hausa_749,supports,"Labarin yadda abin ya kawo karshe ya sha bamban - Adebayor ya ce wani rukunin motocin 4x4 ne suka iso domin ceton 'yan wasan a lokacin da ake tsaka da harbe-harben, shi kuma Senaya ya ce shuru kawai ya ji.",refutes,nei,nei,False
afrifact_data_culture_igbo_476,igbo,"Ndị mgbe gboo ji Ibini Ukpabi edozi esemokwu na nsogbu ndị dịka esemokwu ezinụlọ, igbu ọchụ, na ịta amoosu.",Linnaeus na mbụ kewara unere n'ụdị abụọ iche na ojiji ha dị ka nri: Musa paradisiaca maka unere na Musa sapientum maka unere nri.,afrifact_data_culture_igbo_292,nei,Linnaeus na mbụ kewara unere n'ụdị abụọ iche na ojiji ha dị ka nri: Musa paradisiaca maka unere na Musa sapientum maka unere nri.,supports,nei,nei,False
afrifact_data_culture_hausa_487,hausa,Muhammad Auwal Albaniy Zariya ya rasu sanadiyyar hatsarin mota.,"Duk da cewa Suya ta samo asali ne daga sassan Arewacin Najeriya, amma ta shiga cikin al’ummar Najeriya, tana da araha ga kowa da kowa kuma a ko’ina. An kira shi wani abu mai haɗa kai a Najeriya. Suya ya zama abincin Najeriya da yankuna daban-daban da ke ikirarin fifikon girke-girke da hanyoyin shirya su, amma irin gasasshen nama ya zama ruwan dare a yawancin kasashen yammacin .",afrifact_data_culture_hausa_294,supports,"Duk da cewa Suya ta samo asali ne daga sassan Arewacin Najeriya, amma ta shiga cikin al’ummar Najeriya, tana da araha ga kowa da kowa kuma a ko’ina. An kira shi wani abu mai haɗa kai a Najeriya. Suya ya zama abincin Najeriya da yankuna daban-daban da ke ikirarin fifikon girke-girke da hanyoyin shirya su, amma irin gasasshen nama ya zama ruwan dare a yawancin kasashen yammacin .",refutes,refutes,refutes,True
afrifact_data_culture_hausa_556,hausa,Almajiri shi ne wanda ya bar garinsu zuwa wani gari don kasuwanci.,"Malamai ba kawai lissafi suke koyawa ba, ko kuma yaruka. Suna koya musu yadda za su yi mu'amala ta yau da gobe, yadda ake nuna damuwa ga wasu, har da yadda ake wasa da abokai,"" in ji Misis Grass.",afrifact_data_culture_hausa_681,nei,"Malamai ba kawai lissafi suke koyawa ba, ko kuma yaruka. Suna koya musu yadda za su yi mu'amala ta yau da gobe, yadda ake nuna damuwa ga wasu, har da yadda ake wasa da abokai,"" in ji Misis Grass.",refutes,refutes,refutes,True
afrifact_data_culture_yoruba_560,yoruba,"Láti rìnrìn-àjò dé Porto Novo láti Èkó, èèyàn á nílò láti wọ ọkọ̀ ojú ọ̀nà.","Lori ọrọ iye ti awọn orile-ede miran to ni epo rọbi n ta epo bẹtiro fun ara ilu aarẹ ni Egypt ₦211 Saudi Arabia ₦168 Chad ₦362 Niger ₦346 Ghana si n ta ni ₦326, ti Naijiria si ti n taa ni ₦161 báyìí.",afrifact_data_culture_yoruba_144,supports,"Lori ọrọ iye ti awọn orile-ede miran to ni epo rọbi n ta epo bẹtiro fun ara ilu aarẹ ni Egypt ₦211 Saudi Arabia ₦168 Chad ₦362 Niger ₦346 Ghana si n ta ni ₦326, ti Naijiria si ti n taa ni ₦161 báyìí.",refutes,supports,supports,False
afrifact_data_culture_yoruba_552,yoruba,"Matthew Aremu tí a tún mọ̀ sí Olúṣẹ́gun Ọbásanjọ́ je àgbà olóṣèlú, ajagun-fẹ̀yìntì, àti ààrẹ àná ní orílẹ̀-èdè Nàìjíríà.",Ọba Rilwan Babátúndé Oṣùọlálẹ́ Àrẹ̀mú Akiolú (tí wọ́n bí ní Ọjọ́ kọkàndínlọ́gbọ̀n oṣù kẹwàá ọdún 1943) ni àti alága gbogbo ọba aládé tó wà ní . Akiolú gorí ìtẹ́ ọba ìlú Èkó ni ọjọ́ kẹsàn-án oṣù kẹjọ odun 2003.,afrifact_data_culture_yoruba_196,nei,Ọba Rilwan Babátúndé Oṣùọlálẹ́ Àrẹ̀mú Akiolú (tí wọ́n bí ní Ọjọ́ kọkàndínlọ́gbọ̀n oṣù kẹwàá ọdún 1943) ni àti alága gbogbo ọba aládé tó wà ní . Akiolú gorí ìtẹ́ ọba ìlú Èkó ni ọjọ́ kẹsàn-án oṣù kẹjọ odun 2003.,supports,nei,nei,False
afrifact_data_culture_yoruba_233,yoruba,Àfọ̀njá kò rí àtìlẹyìn kankan gbà lọ́dọ̀ Hausa nígbà tí ó dìtẹ̀ lórí ìjọba.,"Pasito Biodun Fatoyinbo to da ijọ COZA silẹ fi atẹjadee sita pe irọ ni ẹsun naa nitori oun ko fipa ba ẹnikẹni lo pọ ri laye ounCOZA: Mi ò fípá bá obìrin lò pọ̀ rí láyé mi - Pásítọ̀ Fatoyinbo. Awon obinrin ti n pe siwaju ijo COZA Awọn obinrin ti pejọ pọ siwaju ijọ COZA ni Guzape ni Asokoro ni Abuja to jẹ olu ilu Naijiria fún iwọde lori ọrọ ifipabanilopọ. Pasito kuro nipo re Ni ipinlẹ Eko, awọn eniyan ti n korajọ pọ lati ṣe iwọde lodi si ifipabanilopọ. Opopona Mobolaji Bank Anthony ti ijọ COZA wa ni ipinlẹ Eko ni wọn pejọ pọ si fi n ṣe iwọde pe ko yẹ ki a gbọ iru eyi ninu ijọ Olorun. Ni ipinlẹ Eko, awọn eniyan ti n korajọ pọ lati ṣe iwọde lodi si ifipabanilopọ Àwọn agbofinro ti dé sí ṣọ̀ọ̀sì COZA ni Eko. Aw#on agbofinro lo duro senu ona soosi COZA ni Eko Àwọn agbofinro ti dé sí ṣọ̀ọ̀sì COZA ni Eko Ojo ti bẹrẹ ni Ikeja nibi ti awọn eniyan ko ara wọn jọ si lati ṣe iwọde lori ọrọ ifipabanilopọ adari ijọ COZA.",afrifact_data_culture_yoruba_448,nei,"Pasito Biodun Fatoyinbo to da ijọ COZA silẹ fi atẹjadee sita pe irọ ni ẹsun naa nitori oun ko fipa ba ẹnikẹni lo pọ ri laye ounCOZA: Mi ò fípá bá obìrin lò pọ̀ rí láyé mi - Pásítọ̀ Fatoyinbo. Awon obinrin ti n pe siwaju ijo COZA Awọn obinrin ti pejọ pọ siwaju ijọ COZA ni Guzape ni Asokoro ni Abuja to jẹ olu ilu Naijiria fún iwọde lori ọrọ ifipabanilopọ. Pasito kuro nipo re Ni ipinlẹ Eko, awọn eniyan ti n korajọ pọ lati ṣe iwọde lodi si ifipabanilopọ. Opopona Mobolaji Bank Anthony ti ijọ COZA wa ni ipinlẹ Eko ni wọn pejọ pọ si fi n ṣe iwọde pe ko yẹ ki a gbọ iru eyi ninu ijọ Olorun. Ni ipinlẹ Eko, awọn eniyan ti n korajọ pọ lati ṣe iwọde lodi si ifipabanilopọ Àwọn agbofinro ti dé sí ṣọ̀ọ̀sì COZA ni Eko. Aw#on agbofinro lo duro senu ona soosi COZA ni Eko Àwọn agbofinro ti dé sí ṣọ̀ọ̀sì COZA ni Eko Ojo ti bẹrẹ ni Ikeja nibi ti awọn eniyan ko ara wọn jọ si lati ṣe iwọde lori ọrọ ifipabanilopọ adari ijọ COZA.",refutes,supports,supports,False
afrifact_data_culture_yoruba_764,yoruba,Irúfẹ́ àwọn orúkọ mìíràn tí a tún lè pe ọbẹ̀ yìí pín sí méje.,"Amọ oniruuru awọn ọkunrin lo ti jade sita lati kede ifẹ ti wọn ni si Hanan, ni kete ti wọn gbọ pe o fẹ se igbeyawo,to si wu wọn lati fi se aya wọn. Koda, ọkan lara wọn ni Abba Ahmed, ẹni to kede pe oun setan lati pa ara oun ti ọmọ aarẹ ba fi se igbeyawo lẹyin oun. Ọpẹlọpẹ ileesẹ ọlọpaa to parọwa si ọkunrin naa, ti ko fi se bo se wi. Nibayii, Abdullahi Bashir, ẹni ọdun mejilelogun to tun ti yọju sita lori itakun agbaye, to si ni aise alabapade ọmọ aarẹ nilu Abuja lati fẹ, da irẹwẹsi si oun lara. Amọ Bashir, tii se ẹlomiran to tun sẹsẹ kede ifẹ rẹ si Hanan loju opo itakun agbaye, ni to ba jẹ pe ọmọ aarẹ fẹ oun ni, maalu aadọjọ ni oun ko ba fi san owo ori rẹ. Sugbọn ọkunrin naa, ni kete to gbọ pe oloruka ti gba oruka, ti Hanan si ti lọ sile ọkọ rẹ, lo ba gba fun Ọlọrun. Bashir, tii se darandaran nipinlẹ Adamawa lo kede pe oun ti yofẹ pẹlu ọmọ aarẹ ati awọn aworan fọto to n ya. O ni to ba see se ni, obinrin naa lo wu oun lati fi se aya. Iléeṣẹ́ Ọlọ́pàá dènà ọkùnrin tó fẹ́ pa ara rẹ̀ nítorí ọmọbìnrin Buhari Saaju la ti kọkọ mu iroyin wa fun yin pe ileeṣẹ ọlọpaa ni ipinlẹ Kano ni oun ti pẹtu sinu arakunrin kan, Abba Ahmed, to ni oun yoo pa ara oun ti ọmọ aarẹ Buhari, Hanan ko ba fẹ oun. Ahmed ti fi lede bayii pe oun ti jawọ ninu ero bẹẹ, nitori o ti han gbangba pe iru ero bẹẹ ko dara rara, ati wi pe ko fihan pe oun fẹran Hanan.",afrifact_data_culture_yoruba_321,supports,"Amọ oniruuru awọn ọkunrin lo ti jade sita lati kede ifẹ ti wọn ni si Hanan, ni kete ti wọn gbọ pe o fẹ se igbeyawo,to si wu wọn lati fi se aya wọn. Koda, ọkan lara wọn ni Abba Ahmed, ẹni to kede pe oun setan lati pa ara oun ti ọmọ aarẹ ba fi se igbeyawo lẹyin oun. Ọpẹlọpẹ ileesẹ ọlọpaa to parọwa si ọkunrin naa, ti ko fi se bo se wi. Nibayii, Abdullahi Bashir, ẹni ọdun mejilelogun to tun ti yọju sita lori itakun agbaye, to si ni aise alabapade ọmọ aarẹ nilu Abuja lati fẹ, da irẹwẹsi si oun lara. Amọ Bashir, tii se ẹlomiran to tun sẹsẹ kede ifẹ rẹ si Hanan loju opo itakun agbaye, ni to ba jẹ pe ọmọ aarẹ fẹ oun ni, maalu aadọjọ ni oun ko ba fi san owo ori rẹ. Sugbọn ọkunrin naa, ni kete to gbọ pe oloruka ti gba oruka, ti Hanan si ti lọ sile ọkọ rẹ, lo ba gba fun Ọlọrun. Bashir, tii se darandaran nipinlẹ Adamawa lo kede pe oun ti yofẹ pẹlu ọmọ aarẹ ati awọn aworan fọto to n ya. O ni to ba see se ni, obinrin naa lo wu oun lati fi se aya. Iléeṣẹ́ Ọlọ́pàá dènà ọkùnrin tó fẹ́ pa ara rẹ̀ nítorí ọmọbìnrin Buhari Saaju la ti kọkọ mu iroyin wa fun yin pe ileeṣẹ ọlọpaa ni ipinlẹ Kano ni oun ti pẹtu sinu arakunrin kan, Abba Ahmed, to ni oun yoo pa ara oun ti ọmọ aarẹ Buhari, Hanan ko ba fẹ oun. Ahmed ti fi lede bayii pe oun ti jawọ ninu ero bẹẹ, nitori o ti han gbangba pe iru ero bẹẹ ko dara rara, ati wi pe ko fihan pe oun fẹran Hanan.",refutes,supports,supports,False
afrifact_data_culture_igbo_743,igbo,Jurgen Klopp kwuru na ọ gaghị akwụ ụgwọ iwu ọ dara n'ihi na o mere ya na-amaghị ama.,Ọ bụ nnukwu nnupụisi mbụ ụmụ nwanyị mere na West Africa.,afrifact_data_culture_igbo_060,supports,Ọ bụ nnukwu nnupụisi mbụ ụmụ nwanyị mere na West Africa.,refutes,nei,nei,False
afrifact_data_culture_igbo_347,igbo,"Na Republic nke abụọ nke Nigeria, P.N. Okeke-Ojiudu ji ọkwa Gọvanọ Anambara. "," BBC Igbo kpọtụrụ odeakwụkwọ gọọmentị Abia Steeti bụ Onyebuchi Ememanka, ọ sị na gọọmentị ejighi ndị ọrụ mịnịstrị ụgwọ. Kama na ọ bụ ụfọdụ ngalaba 'parastatals' dịka ahụike, ndị nkuzi bụ ndị e ji ụgwọ bụkwa nke ha na-agba mbọ ịkwụchapụ. Ọ sị na gọvanọ Ikpeazu nwere atụmatụ ime nke a mana nsogbu ọrịa coronavirus emetụtala ya.",afrifact_data_culture_igbo_648,supports," BBC Igbo kpọtụrụ odeakwụkwọ gọọmentị Abia Steeti bụ Onyebuchi Ememanka, ọ sị na gọọmentị ejighi ndị ọrụ mịnịstrị ụgwọ. Kama na ọ bụ ụfọdụ ngalaba 'parastatals' dịka ahụike, ndị nkuzi bụ ndị e ji ụgwọ bụkwa nke ha na-agba mbọ ịkwụchapụ. Ọ sị na gọvanọ Ikpeazu nwere atụmatụ ime nke a mana nsogbu ọrịa coronavirus emetụtala ya.",refutes,nei,nei,False
afrifact_data_culture_igbo_806,igbo,Mazị Sam Ohuabunwa bụ ọkaibe n'ihe gbasara mkpata na mmefu akụ . Mazị Sam Ohuabunwa kwenyere na ndị Naịjirịa ji ụgwọ nwere ike ime ka ego Naịjirịa gharazi iwe isi nke na agaghịzi enwewu ike iji ya gotelie ihe na mba ụwa.,A na-eche na ọtụtụ mmadụ anwụọla na mpaghara Festac dị na Legọs a na-akpọ Abule Ado dịka igwe na-ebu gassị nwuru ọkụ ma gbaa ka ogbunigwe n'ụtụtụ Sọnde. Ebe a mberede a mere dị n'okpuru ọchịchi Amaọdofin. Onye ntaakụkọ BBC nọ n'ebe ahụ n'akọwa na-ana eme nyocha ka achọpụta ụdịrị mmanụ igwe ahụ bụ. Ndị ọrụ gbata gbata dị iche iche nọkwa ebe ahụ.,afrifact_data_culture_igbo_603,nei,A na-eche na ọtụtụ mmadụ anwụọla na mpaghara Festac dị na Legọs a na-akpọ Abule Ado dịka igwe na-ebu gassị nwuru ọkụ ma gbaa ka ogbunigwe n'ụtụtụ Sọnde. Ebe a mberede a mere dị n'okpuru ọchịchi Amaọdofin. Onye ntaakụkọ BBC nọ n'ebe ahụ n'akọwa na-ana eme nyocha ka achọpụta ụdịrị mmanụ igwe ahụ bụ. Ndị ọrụ gbata gbata dị iche iche nọkwa ebe ahụ.,supports,nei,nei,False
afrifact_data_culture_hausa_673,hausa,Ana zargin 'yan bindiga dadi da kisan mutane lokacin da aka saka dokar hana zirga-zirgar jama'a.,"Farfesa Isah Ali Ibrahim Pantami ya zama ministan tun bayan sake babban zaɓen shugaban ƙasa na shekarar dubu biyu da goma sha tara (2019), bayan da ya yi nasara.",afrifact_data_culture_hausa_542,nei,"Farfesa Isah Ali Ibrahim Pantami ya zama ministan tun bayan sake babban zaɓen shugaban ƙasa na shekarar dubu biyu da goma sha tara (2019), bayan da ya yi nasara.",refutes,refutes,refutes,True
afrifact_data_culture_igbo_102,igbo,Odogwu Afrịka chịrị Zimbabwe bido afọ 1980 ruo afọ 2017," site na mmemme mmemme ya . N'afọ 1932, Ikoku hiwere ụlọ akwụkwọ Co-Educational na West Africa : ụlọ akwụkwọ Aggrey Memorial, nke dị na Arochukwu wee edi aha onye akwụkwọ ya James EK",afrifact_data_culture_igbo_443,refutes," site na mmemme mmemme ya . N'afọ 1932, Ikoku hiwere ụlọ akwụkwọ Co-Educational na West Africa : ụlọ akwụkwọ Aggrey Memorial, nke dị na Arochukwu wee edi aha onye akwụkwọ ya James EK",supports,nei,nei,False
afrifact_data_culture_igbo_752,igbo,Swizaland nọ n'ọkwa isii nke mba kachasị agba bọọlụ dịka mkpọpụta ndị FIFA si dị. Ndị mmadụ na-ele ndị Brazil ịma ma ha a ga-eme nke ọma karịa Jamini.,"A tụọla otu nwoke nga mkpụrụọka maka igbu ndị ezinaụlọ ya mmadụ ise Nwoke ahụ gburu ndị ezinaụlọ ha n'ime ụlọ ha Otu nwoke ga-aga mkpọrọ apụtaghị apụta maka igbu nwunye ya, ụmụ ya atọ gụnyere ejima nakwa nnenne ha. ",afrifact_data_culture_igbo_717,nei,"A tụọla otu nwoke nga mkpụrụọka maka igbu ndị ezinaụlọ ya mmadụ ise Nwoke ahụ gburu ndị ezinaụlọ ha n'ime ụlọ ha Otu nwoke ga-aga mkpọrọ apụtaghị apụta maka igbu nwunye ya, ụmụ ya atọ gụnyere ejima nakwa nnenne ha. ",supports,nei,nei,False
afrifact_data_culture_hausa_040,hausa,Kasar Landan ba ta cikin wuraren da Abubakar Tafawa Balewa ya yi karatu.,"Babbar sallah Rana ce mai dimbin tarihi a duniyar musulunci da misulmai wadda take zuwa bayan an yi sallah karama da wata 2 da kwanaki 10. Ranar babbar sallah rana ce wadda dimbin miliyoyin musulmin ke fitowa su je filin idi domin su hallarci sallar nafila raka'a biyu domin nuna godiya ga mahaliccinsu da nuna murnarsu a gare shi da ya ba su damar halattar wannan rana a tarihin rayuwarsu, a wannan ranar ana yanka abun layya abun da ya sawwaqa ga mutum daga rago, , , , , , , amale, . Wadannan sune jinsin dabbobin wadanda ake layya dasu kuma ya fi kowane daraja haka rakuma tafi kowannen su karancin daraja wato itace mai daraja ta can kasar.",afrifact_data_culture_hausa_360,supports,"Babbar sallah Rana ce mai dimbin tarihi a duniyar musulunci da misulmai wadda take zuwa bayan an yi sallah karama da wata 2 da kwanaki 10. Ranar babbar sallah rana ce wadda dimbin miliyoyin musulmin ke fitowa su je filin idi domin su hallarci sallar nafila raka'a biyu domin nuna godiya ga mahaliccinsu da nuna murnarsu a gare shi da ya ba su damar halattar wannan rana a tarihin rayuwarsu, a wannan ranar ana yanka abun layya abun da ya sawwaqa ga mutum daga rago, , , , , , , amale, . Wadannan sune jinsin dabbobin wadanda ake layya dasu kuma ya fi kowane daraja haka rakuma tafi kowannen su karancin daraja wato itace mai daraja ta can kasar.",refutes,refutes,refutes,True
afrifact_data_culture_hausa_329,hausa,Agwaluma na taimakawa wajen rage alamun zazzabi da kuma inganta lafiyar jiki yayin cututtuka masu alaƙa da malaria.,"Garkuwa dashi tazo gab da yana shirin aurar da ƴa-ƴansa mata biyu, an yi awon gaba da shi tare da wasu mutane biyar a ƙaramar hukumar Sheme/Ƙanƙara wadda wannan yana cikin yakin jihar Katsina.",afrifact_data_culture_hausa_547,refutes,"Garkuwa dashi tazo gab da yana shirin aurar da ƴa-ƴansa mata biyu, an yi awon gaba da shi tare da wasu mutane biyar a ƙaramar hukumar Sheme/Ƙanƙara wadda wannan yana cikin yakin jihar Katsina.",supports,refutes,refutes,False
afrifact_data_culture_igbo_423,igbo,Obodo ọtụtụ mmadụ bi n'ime ya na-enwe nsogbu mmiri na ebe obibi dị mma karịsịa ebe ha dị obere.,"Dị ka onye nwetara Fulbright Scholarship na United States of America (bụ otu n'ime ndị Naijiria mbụ nwetara onyinye ahụ), Ọ gara Mahadum Washington ebe ọ nwetara nzere bachelọ na Architecture na nhazi obodo. ",afrifact_data_culture_igbo_427,refutes,"Dị ka onye nwetara Fulbright Scholarship na United States of America (bụ otu n'ime ndị Naijiria mbụ nwetara onyinye ahụ), Ọ gara Mahadum Washington ebe ọ nwetara nzere bachelọ na Architecture na nhazi obodo. ",nei,supports,supports,False
afrifact_data_culture_hausa_315,hausa,Hausawa suna amfani da gyaɗa wajen haɗa ƙuli-ƙuli da wasu nau’ikan abinci ba wai miyar gyaɗa ba kawai.,"Rikicin Yan shi'a na shekarar 2014 a Zariya [ | ] Ibrahim Zakzaky A ranar 25 ga watan na shekarar 2014 ne aka samu tashin hankali tsakanin yaƙungiyar r 'yan uwa musulmi mabiya zakzaky da sojojin a birnin , a yayin gudanar da lumanar zanga zanga akan nuna goyon bayan mutanen falasdinu inda mutane 35 suka rasa rayukansu ciki har da 'ya'yan Ibrahim Zakzaky guda uku (3).",afrifact_data_culture_hausa_427,refutes,"Rikicin Yan shi'a na shekarar 2014 a Zariya [ | ] Ibrahim Zakzaky A ranar 25 ga watan na shekarar 2014 ne aka samu tashin hankali tsakanin yaƙungiyar r 'yan uwa musulmi mabiya zakzaky da sojojin a birnin , a yayin gudanar da lumanar zanga zanga akan nuna goyon bayan mutanen falasdinu inda mutane 35 suka rasa rayukansu ciki har da 'ya'yan Ibrahim Zakzaky guda uku (3).",nei,supports,supports,False
afrifact_data_culture_yoruba_266,yoruba,"Nínú ìtàn, Gẹ̀lẹ̀dẹ́ àti Ẹ̀fẹ̀ kò rú ẹbọ tí Ifá wí ni wọn ò ṣe rọ́mọ bí láyé.","Matthew Àrẹ̀mú Olúṣẹ́gun Ọbásanjọ́ (tí wọ́n bí ní Ọjọ́ karùn-ún oṣù kẹta ọdún 1937) jẹ́ gbajúmọ̀ àgbà olóṣèlú, ajagun-fẹ̀yíntí àti Ààrẹ àná orílẹ̀ èdè Nàìjíríà. Orúkọ bàbá rẹ̀ ni Amos Àdìgún Ọbalúayésanjọ́ ""Obasanjo"" Bánkọ́lé, ìyá rẹ̀ sìn ń jẹ́ Àṣàbí.Ọbásanjọ́ jẹ́ ọmọ bíbí Òwu ní ìlú Abẹ́òkúta ní ìpínlẹ̀ Ògùn lórílẹ̀ èdè Nàìjíríà. Ìyá rẹ̀ kú ní ọdún 1958, bàbá rẹ̀ sìn kú bákan náà ní ọdún 1959.",afrifact_data_culture_yoruba_552,supports,"Matthew Àrẹ̀mú Olúṣẹ́gun Ọbásanjọ́ (tí wọ́n bí ní Ọjọ́ karùn-ún oṣù kẹta ọdún 1937) jẹ́ gbajúmọ̀ àgbà olóṣèlú, ajagun-fẹ̀yíntí àti Ààrẹ àná orílẹ̀ èdè Nàìjíríà. Orúkọ bàbá rẹ̀ ni Amos Àdìgún Ọbalúayésanjọ́ ""Obasanjo"" Bánkọ́lé, ìyá rẹ̀ sìn ń jẹ́ Àṣàbí.Ọbásanjọ́ jẹ́ ọmọ bíbí Òwu ní ìlú Abẹ́òkúta ní ìpínlẹ̀ Ògùn lórílẹ̀ èdè Nàìjíríà. Ìyá rẹ̀ kú ní ọdún 1958, bàbá rẹ̀ sìn kú bákan náà ní ọdún 1959.",refutes,nei,nei,False
afrifact_data_culture_igbo_556,igbo,Ọsụọfịa na Ada Jesus nwere esemokwu. Nke mere ka Ada Jesus bụrụ onye nwụrụ anwụ.,"Azụbụike Ihejirika, CFR (Amụrụ Febuwarị 13, 1956) bụ onye gara ezumike nká Amị Naịjirịa, onyeisi jenaral na onye bụbu Onye isi ọrụ Amị.",afrifact_data_culture_igbo_533,refutes,"Azụbụike Ihejirika, CFR (Amụrụ Febuwarị 13, 1956) bụ onye gara ezumike nká Amị Naịjirịa, onyeisi jenaral na onye bụbu Onye isi ọrụ Amị.",nei,nei,nei,True
afrifact_data_culture_hausa_617,hausa,Mamman Shata mawaƙi ne mai kaifin basira wanda ke iya yiwa duk abinda ya ga dama waƙa.,"Jama'atu Izalatul Bidi'a Wa'Ikamatus Sunnah ( JIBWIS ). ƙungiyar addinin ce, mabiya tsira da amincin Allah su kara tabbata a gareshi. Sannan kuma an kafa wannan ƙungiyar ne a babban Birnin Jihar dake wanda babban malamin Musulunci kuma Babban Hafsan Sojan ya kafa, wato Sheikh Jos wanda kuma har yanzu Cibiyar Gudanarwa na ƙungiyar yana garin Jos a ƙarƙashin jagorancin Khalifa na farko na wannan ƙungiya wato Sheikh wanda kuma har yanzu Cibiyar Gudanarwa na kungiyar yana garin Jos a karkashin jagorancin Khalifa na farko na wannan ƙungiya wato Sheikh Ƙungiya ce da aka kafa ta da manufar yaƙi da bidi'o'i, wato ƙirqire-ƙirqire a cikin addini da kuma tabbatar da biyayya ga (Aminci Allah ya kara tabbata a gare shi) tare da abubuwan da ya zo da su daga Allah Maɗaukakin Sarki, ba tare da daɗi ko ragi ba.",afrifact_data_culture_hausa_392,refutes,"Jama'atu Izalatul Bidi'a Wa'Ikamatus Sunnah ( JIBWIS ). ƙungiyar addinin ce, mabiya tsira da amincin Allah su kara tabbata a gareshi. Sannan kuma an kafa wannan ƙungiyar ne a babban Birnin Jihar dake wanda babban malamin Musulunci kuma Babban Hafsan Sojan ya kafa, wato Sheikh Jos wanda kuma har yanzu Cibiyar Gudanarwa na ƙungiyar yana garin Jos a ƙarƙashin jagorancin Khalifa na farko na wannan ƙungiya wato Sheikh wanda kuma har yanzu Cibiyar Gudanarwa na kungiyar yana garin Jos a karkashin jagorancin Khalifa na farko na wannan ƙungiya wato Sheikh Ƙungiya ce da aka kafa ta da manufar yaƙi da bidi'o'i, wato ƙirqire-ƙirqire a cikin addini da kuma tabbatar da biyayya ga (Aminci Allah ya kara tabbata a gare shi) tare da abubuwan da ya zo da su daga Allah Maɗaukakin Sarki, ba tare da daɗi ko ragi ba.",supports,supports,supports,True
afrifact_data_culture_yoruba_461,yoruba,Ọgbẹni Egbebi ò gbìyànjú láti lọ bere lọwọ awọn ara inu ọja kí ó tó gba ohun tí ìyàwó rẹ̀ sọ gbọ́,"Agba amofin naa gba awọn gomina mejeeji yii ni gbolohun nitori abẹwo ti wọn se sọdọ aarẹ Buhari lọjọru lori eto aabo to mẹhẹ nipa ọsẹ tawọn ọdaran darandaran n se. Bẹẹ ba gbagbe, gomina Makinde ati Akeredolu lo tọ Buhari lọ nilu Abuja lati beere fun afikun eto aabo to peye, nitori ọwọja awọn ọdaran darandaran to gogo nipinlẹ koowa wọn. Àwọn iròyin tì ẹ leè ní ìfẹ̀ síí: Makinde, to bawọn akọroyin sọrọ lẹyin ipade wọn pẹlu aarẹ si ni oun lo anfaani abẹwo naa lati beere fun agbekalẹ afikun ileesẹ ọlọpaa kogberegbe nipinlẹ toun. Ifọrọwerọ pẹlu Gani Adams lori ọrọ Sunday Igboho Amọ Falana, lasiko to n takurọsọ pẹlu awọn akọroyin ni, awọn gomina yiii ni ipese eto aabo to peye wa nikawọ wọn, pẹlu ileesẹ ọlọpaa, ko si yẹ ki wọn lọ sọdọ aarẹ. Agba amofin naa woye pe aarẹ lo n dari ileesẹ ologun nilẹ Naijiria, kii se ileesẹ ọlọpaa, ko ba si san ko jẹ pe ọdọ ajọ to n sakoso ileesẹ ọlọpaa nilẹ wa, ni wọn gbe ibeere wọn lọ.",afrifact_data_culture_yoruba_294,supports,"Agba amofin naa gba awọn gomina mejeeji yii ni gbolohun nitori abẹwo ti wọn se sọdọ aarẹ Buhari lọjọru lori eto aabo to mẹhẹ nipa ọsẹ tawọn ọdaran darandaran n se. Bẹẹ ba gbagbe, gomina Makinde ati Akeredolu lo tọ Buhari lọ nilu Abuja lati beere fun afikun eto aabo to peye, nitori ọwọja awọn ọdaran darandaran to gogo nipinlẹ koowa wọn. Àwọn iròyin tì ẹ leè ní ìfẹ̀ síí: Makinde, to bawọn akọroyin sọrọ lẹyin ipade wọn pẹlu aarẹ si ni oun lo anfaani abẹwo naa lati beere fun agbekalẹ afikun ileesẹ ọlọpaa kogberegbe nipinlẹ toun. Ifọrọwerọ pẹlu Gani Adams lori ọrọ Sunday Igboho Amọ Falana, lasiko to n takurọsọ pẹlu awọn akọroyin ni, awọn gomina yiii ni ipese eto aabo to peye wa nikawọ wọn, pẹlu ileesẹ ọlọpaa, ko si yẹ ki wọn lọ sọdọ aarẹ. Agba amofin naa woye pe aarẹ lo n dari ileesẹ ologun nilẹ Naijiria, kii se ileesẹ ọlọpaa, ko ba si san ko jẹ pe ọdọ ajọ to n sakoso ileesẹ ọlọpaa nilẹ wa, ni wọn gbe ibeere wọn lọ.",refutes,supports,supports,False
afrifact_data_culture_igbo_557,igbo,Ọrịa mmịwụ gburu Mmesoma Mercy Cynthia Obi. Ọ nwụrụ ọnwa abụọ tupu o mee nncheta ọmụmụ ya.,"Igbo kwenyere na ama ọbụla na-amụtaghị nwa nwoka ga-echi. Ya mere ha jị agụ nwoke aha dịka Obiechina, Amaechina na ndị ọzọ. Ọtụtụ ezinaụlo akụsaala maka amụghị nwa nwoke. Ya bụ, ọ dị ezigbo mkpa ịmụta nwa nwoke n'ezinaụlo, ya mere anyị ji ede akụkọ a. ",afrifact_data_culture_igbo_666,supports,"Igbo kwenyere na ama ọbụla na-amụtaghị nwa nwoka ga-echi. Ya mere ha jị agụ nwoke aha dịka Obiechina, Amaechina na ndị ọzọ. Ọtụtụ ezinaụlo akụsaala maka amụghị nwa nwoke. Ya bụ, ọ dị ezigbo mkpa ịmụta nwa nwoke n'ezinaụlo, ya mere anyị ji ede akụkọ a. ",refutes,nei,nei,False
afrifact_data_culture_hausa_384,hausa,Malaman addini suna ganin Maulidi na iya amfani da sabbin abubuwa ba tare da bin dukkan ayyukan Annabi ba.,"A wata daya kawai, watan Okotoba, matan da ke kashe kansu sun karu da kashi 70 a Japan idan aka kwatanta da watan Oktoban da ya gabace shi.",afrifact_data_culture_hausa_691,refutes,"A wata daya kawai, watan Okotoba, matan da ke kashe kansu sun karu da kashi 70 a Japan idan aka kwatanta da watan Oktoban da ya gabace shi.",nei,nei,nei,True
afrifact_data_culture_igbo_758,igbo,Dọkịta Nne nke ụlọọgwụ Steve kwụrụ na ọbara ịkpụkọ na ngụ na-aka njọ n'ebe ụmụ nwaanyị buru ibu nọ. Venessa na-akpachara onwe ya anya ugbua igbochi ihe ọbụla ga-eme ka ọbara gbaa n'ime ahụ ya.,Nke a dị n'ozi ha wepụtara n'akara twitter ha.,afrifact_data_culture_igbo_030,supports,Nke a dị n'ozi ha wepụtara n'akara twitter ha.,nei,nei,nei,True
afrifact_data_culture_yoruba_149,yoruba,Ọlọ́run ṣe àdéhùn fún Dáúdà pé bí ó bá bímọ yóò fi ọmọ náà jọ́sìn fún òun.,"Wọ́n ṣe àkíyèsi pé òkè pọ̀ ní ibi tí wọ́n tẹ̀dó sí wọ́n sì pe ibẹ̀ ní 'ilẹ̀ olókìtì' èyí tí ó padà di Èkìtì, báyìí ni Èkìtì ṣe gba orúkọ.",afrifact_data_culture_yoruba_667,nei,"Wọ́n ṣe àkíyèsi pé òkè pọ̀ ní ibi tí wọ́n tẹ̀dó sí wọ́n sì pe ibẹ̀ ní 'ilẹ̀ olókìtì' èyí tí ó padà di Èkìtì, báyìí ni Èkìtì ṣe gba orúkọ.",refutes,nei,nei,False
afrifact_data_culture_hausa_246,hausa,"Shinkafa tana da wadatar tushen kuzari mafi inganci, kuma tana da sinadarai, iron da furotin.","Sarauniya Amina Sarauniyar Zazzau, ta rayu daga shekara ta alif 1533 zuwa shekara ta alif 1610, ɗaya ce daga cikin yara biyu da sarkin Bakwa ya haifa.",afrifact_data_culture_hausa_064,refutes,"Sarauniya Amina Sarauniyar Zazzau, ta rayu daga shekara ta alif 1533 zuwa shekara ta alif 1610, ɗaya ce daga cikin yara biyu da sarkin Bakwa ya haifa.",supports,supports,supports,True
afrifact_data_culture_igbo_323,igbo,Ejike Obumneme Aghanya bụ onye nkụzi kpọ ụmụakwụkwọ ya wee gba ọsọ n'oge Agha Biafra.,"Ihe ịrịba ama n'ọnụ ụzọ mbata nke Oyi na steeti Anambra Oyi bụ ógbè Gọọmentị Obodo na Anambra , .",afrifact_data_culture_igbo_066,supports,"Ihe ịrịba ama n'ọnụ ụzọ mbata nke Oyi na steeti Anambra Oyi bụ ógbè Gọọmentị Obodo na Anambra , .",refutes,nei,nei,False
afrifact_data_culture_yoruba_076,yoruba,"Ọmọkọ́mọ ni Ayọbámi, olùkọ́ pè é ní òwúrọ̀ yìí, ó sì lu aago pa.","Ṣiṣe odiwọn aidọgba Oṣuwọn kan ti awọn onimọ nipa ọrọ aje maa n lo lati mọ bi aidọgba ṣe pọ to ni orilẹede kan ni a mọ si oṣuwọn Gini. O da lori iye owo ti kaluku n gba fun iṣẹ́ to ba ṣe - bi owo naa ba ṣe pọ si, ni aidgba naa yoo ṣe pọ to. Ko sọ gbogbo otit ibẹ, ṣugbọn o jẹ ibi ti a ti le bẹrẹ si ni ṣagbeyẹwo aidọgba ni South Africa. ati afiwe rẹ̀ pẹlu awn orilede to ku. Nipasẹ oṣuwọn yii, ati lilo akọsilẹ ti Banki Agbaye fi sita, South Africa lo ni ipele aidọgba ju ni agbaye. Awọn orilẹede to mu ile ti i, Namibia ati Mozambique si n tọ ọ lẹyin gbagbaagba, ti Brazil naa si ti fẹ ẹ wa ni awujọ awọn mẹẹrin to wa l'oke. Ti a ba wo ayipada to ti ba oṣuwọn yii, ti a si ṣagbeyẹwo rẹ lati asiko ti ẹgbẹ ANC ti gba ijọba l'ọdun 1994, aidọgba ga si laarin ọdun 1990 si 2005.",afrifact_data_culture_yoruba_480,supports,"Ṣiṣe odiwọn aidọgba Oṣuwọn kan ti awọn onimọ nipa ọrọ aje maa n lo lati mọ bi aidọgba ṣe pọ to ni orilẹede kan ni a mọ si oṣuwọn Gini. O da lori iye owo ti kaluku n gba fun iṣẹ́ to ba ṣe - bi owo naa ba ṣe pọ si, ni aidgba naa yoo ṣe pọ to. Ko sọ gbogbo otit ibẹ, ṣugbọn o jẹ ibi ti a ti le bẹrẹ si ni ṣagbeyẹwo aidọgba ni South Africa. ati afiwe rẹ̀ pẹlu awn orilede to ku. Nipasẹ oṣuwọn yii, ati lilo akọsilẹ ti Banki Agbaye fi sita, South Africa lo ni ipele aidọgba ju ni agbaye. Awọn orilẹede to mu ile ti i, Namibia ati Mozambique si n tọ ọ lẹyin gbagbaagba, ti Brazil naa si ti fẹ ẹ wa ni awujọ awọn mẹẹrin to wa l'oke. Ti a ba wo ayipada to ti ba oṣuwọn yii, ti a si ṣagbeyẹwo rẹ lati asiko ti ẹgbẹ ANC ti gba ijọba l'ọdun 1994, aidọgba ga si laarin ọdun 1990 si 2005.",nei,nei,nei,True
afrifact_data_culture_yoruba_127,yoruba,Lawal ń tẹ ẹ̀rọ ìbánisọ̀rọ̀ rẹ̀ láti bèrè bóyá ètò Maryland yóò wáyé.,"Ọjọ Aje ni ijọba orilẹ-ede Saudi Arabia kede pe irinajo mimọ Hajj ko ni waye fun ọpọ eero lọdun 2020. Wọn ni eyi ko ṣẹyin itankalẹ aarun coronavirus to n ran kiri agbaye, to si ti de orilẹ-ede to le ni aadọwa. Ninu atẹjade kan ti wọn fi sita loju opo Twitter wọn, ijọba Saudi sọ pe awọn eeyan to n gbe l'orilẹ-ede naa nikan ni yoo ni anfaani lati kopa, lai fi ti ẹya tabi orilẹ-ede ti wọn ti wa ṣe.",afrifact_data_culture_yoruba_380,refutes,"Ọjọ Aje ni ijọba orilẹ-ede Saudi Arabia kede pe irinajo mimọ Hajj ko ni waye fun ọpọ eero lọdun 2020. Wọn ni eyi ko ṣẹyin itankalẹ aarun coronavirus to n ran kiri agbaye, to si ti de orilẹ-ede to le ni aadọwa. Ninu atẹjade kan ti wọn fi sita loju opo Twitter wọn, ijọba Saudi sọ pe awọn eeyan to n gbe l'orilẹ-ede naa nikan ni yoo ni anfaani lati kopa, lai fi ti ẹya tabi orilẹ-ede ti wọn ti wa ṣe.",nei,nei,nei,True
afrifact_data_culture_hausa_438,hausa,Abubakar Gumi ya yi rikici da malaman sufaye.,"Labarin yadda abin ya kawo karshe ya sha bamban - Adebayor ya ce wani rukunin motocin 4x4 ne suka iso domin ceton 'yan wasan a lokacin da ake tsaka da harbe-harben, shi kuma Senaya ya ce shuru kawai ya ji.",afrifact_data_culture_hausa_748,nei,"Labarin yadda abin ya kawo karshe ya sha bamban - Adebayor ya ce wani rukunin motocin 4x4 ne suka iso domin ceton 'yan wasan a lokacin da ake tsaka da harbe-harben, shi kuma Senaya ya ce shuru kawai ya ji.",supports,nei,nei,False
afrifact_data_culture_yoruba_289,yoruba,Sunday Igboho ní òun kò fẹ́ oyè ọ̀gá àgbà páta fún ikọ̀ Amotekun nílẹ̀ Yorùbá,"Àwọn Yorùbá gbà gbọ́ pé Olókun ní ó bí Aje, èyí tí ó jẹ́ Òrìsà fún Ọrọ̀, Ọlá, tí ó wà ní ìsàlẹ̀ òkun. Olókun jẹ́ òrìsà tí ó ń darí àwọn ohun tí ó wà lábé Omi òkun, Ó sí jẹ́ òrìsà tí ó lágbára jù gbogbo ohùn tí ó wà lábé Omi òkun tàbí àwọn òrìṣà kékéèèké tí ó wà lábé Omi òkun. Olókun jẹ́ Òrìsà nlá tí wọn máa ń gbórínyìn fún nípa bí ó ti lágbára láti fún àwọn olúsín rẹ ní Owó, Ọlá, Ọrọ̀, àti àṣeyọrí nígbà tí wọn bá kìí tán. ",afrifact_data_culture_yoruba_179,refutes,"Àwọn Yorùbá gbà gbọ́ pé Olókun ní ó bí Aje, èyí tí ó jẹ́ Òrìsà fún Ọrọ̀, Ọlá, tí ó wà ní ìsàlẹ̀ òkun. Olókun jẹ́ òrìsà tí ó ń darí àwọn ohun tí ó wà lábé Omi òkun, Ó sí jẹ́ òrìsà tí ó lágbára jù gbogbo ohùn tí ó wà lábé Omi òkun tàbí àwọn òrìṣà kékéèèké tí ó wà lábé Omi òkun. Olókun jẹ́ Òrìsà nlá tí wọn máa ń gbórínyìn fún nípa bí ó ti lágbára láti fún àwọn olúsín rẹ ní Owó, Ọlá, Ọrọ̀, àti àṣeyọrí nígbà tí wọn bá kìí tán. ",nei,nei,nei,True
afrifact_data_culture_igbo_774,igbo,Ụfọdụ ụmụ nwaanyị na-agabiga ihe mgbu ka ha na-ahụ nsọ ha. Ihe mgbu ha gụnyere mgbakasị ahụ na-ahụ ụfụ. Enwere ụzọ dị icheiche apụrụ inyere nwaanyị nsọ ya na-enye nsogbu aka.,Otu onye bi Enugwu sị na o ruola afọ iri mmiri gbadebere na mpaghara ya bi n'Enugwu.,afrifact_data_culture_igbo_173,refutes,Otu onye bi Enugwu sị na o ruola afọ iri mmiri gbadebere na mpaghara ya bi n'Enugwu.,supports,refutes,refutes,False
afrifact_data_culture_hausa_098,hausa,A zaminin mulkin Abdullahi Umar Ganduje aka sayar da filayen makarantu don gina shaguna.,"A wata daya kawai, watan Okotoba, matan da ke kashe kansu sun karu da kashi 70 a Japan idan aka kwatanta da watan Oktoban da ya gabace shi.",afrifact_data_culture_hausa_696,refutes,"A wata daya kawai, watan Okotoba, matan da ke kashe kansu sun karu da kashi 70 a Japan idan aka kwatanta da watan Oktoban da ya gabace shi.",nei,nei,nei,True
afrifact_data_culture_igbo_720,igbo,"John Abeng bụ onyeisi ndị uweoji na Steeti Anambra ekwuola na ọ ga-enye aka ịchụpụ ndị ohi, ndịotu nzuzo na ndị ntọrị mmadụ.","A mụrụ Osadebe na March 17, 1936, n'obodo Igbo dị na Atani na ndịda ọwụwa anyanwụ Naijiria.",afrifact_data_culture_igbo_070,nei,"A mụrụ Osadebe na March 17, 1936, n'obodo Igbo dị na Atani na ndịda ọwụwa anyanwụ Naijiria.",supports,nei,nei,False
afrifact_data_culture_hausa_029,hausa,An yi yaƙin basasa na Biyafara ne a loƙacin mulkin Janar Yakubu Gawon.,"Da zarar ruwan sama ya dauke wato kaka ta yi, manoman rani za su fara ne da share gonakinsu, daga nan kuma sai su yi kaftu, su ja kwamame, sai su shuka abin da za su shuka a cikin kwamame.",afrifact_data_culture_hausa_601,nei,"Da zarar ruwan sama ya dauke wato kaka ta yi, manoman rani za su fara ne da share gonakinsu, daga nan kuma sai su yi kaftu, su ja kwamame, sai su shuka abin da za su shuka a cikin kwamame.",supports,nei,nei,False
afrifact_data_culture_hausa_733,hausa,Ba a taba yin shugaban ƙasar da ya wuce shekaru 5 akan mulki a ƙasar Gambiya ba.,"A cikin mako guda fitattun mutane da masu shekaru na kwanta dama a kusan dukkanin unguwannin jihar. Cikin wadanda aka rasa daga Asabar zuwa Lahadi akwai farfesoshi guda hudu wanda na baya-bayannan shi ne Farfesa Balarabe Maikaba, na tsangayar nazarin aikin jarida a jami'ar Bayero dake Kano",afrifact_data_culture_hausa_719,supports,"A cikin mako guda fitattun mutane da masu shekaru na kwanta dama a kusan dukkanin unguwannin jihar. Cikin wadanda aka rasa daga Asabar zuwa Lahadi akwai farfesoshi guda hudu wanda na baya-bayannan shi ne Farfesa Balarabe Maikaba, na tsangayar nazarin aikin jarida a jami'ar Bayero dake Kano",refutes,nei,nei,False
afrifact_data_culture_hausa_416,hausa,Zubairu shine yake jagorancin haɗa waƙoƙin yabon Ahmad at-Tijjanī wanda za ayi ranar jumma'a,"Don ci ko amfanin yau da kullum, amma dai ko wane jinsi ko ire-iren al'umma suna ta'ammali da shinkafa a dukkanin fadin duniya.Don kuwa shinkafa ta fi kowane nau'in abinci shahara a duniya. Nau'in shinkafa kala daban daban An kawo nau'ikan shinkafa da yawa don inganta ingancin amfanin gona.",afrifact_data_culture_hausa_299,supports,"Don ci ko amfanin yau da kullum, amma dai ko wane jinsi ko ire-iren al'umma suna ta'ammali da shinkafa a dukkanin fadin duniya.Don kuwa shinkafa ta fi kowane nau'in abinci shahara a duniya. Nau'in shinkafa kala daban daban An kawo nau'ikan shinkafa da yawa don inganta ingancin amfanin gona.",nei,nei,nei,True
afrifact_data_culture_hausa_770,hausa,Neman ilimin addini ya wajaba akan kowanne musulmi namiji da mace,"Buhari ya lashe zaɓen, inda ya kayar da shugaban ƙasa mai ci Goodluck Ebele Jonathan. Wannan shi ne karo na farko a tarihin Najeriya da shugaban ƙasa mai ci ya sha kaye a zaɓen tazarce.",afrifact_data_culture_hausa_006,supports,"Buhari ya lashe zaɓen, inda ya kayar da shugaban ƙasa mai ci Goodluck Ebele Jonathan. Wannan shi ne karo na farko a tarihin Najeriya da shugaban ƙasa mai ci ya sha kaye a zaɓen tazarce.",nei,refutes,refutes,False
afrifact_data_culture_hausa_006,hausa,Shugaban kasa Goodluck Ebele Jonathan ya sha kayi a hannun Muhammadu Buhari a zaben shekarar 2015.,"in Vitamin C, wanda ke da matukar amfani a jikin dan adam. Agwaluma na da matukar amfani ga mai dauke da juna biyu. Shan agwaluma na tsayar da amai da jiri wanda juna biyu ke haifarwa. Manazarta [ | ] . Science.kew.",afrifact_data_culture_hausa_326,nei,"in Vitamin C, wanda ke da matukar amfani a jikin dan adam. Agwaluma na da matukar amfani ga mai dauke da juna biyu. Shan agwaluma na tsayar da amai da jiri wanda juna biyu ke haifarwa. Manazarta [ | ] . Science.kew.",supports,nei,nei,False
afrifact_data_culture_hausa_020,hausa,An yi wa Murtala Muhammad shaidar cewa mutum ne mai son zaman lafiya.,"Har wayau, Musulmai sunyi imani cewa Alƙur'ani maganar Allah ne, kuma saƙon Ubangiji ne na ƙarshe wanda babu tawaya a cikin shi. Tare da AlKur'ani, Musulmai sunyi imani da sauran littattafan da aka turo kamar Attawra, Zabura da Injila. Kuma Annabi shine cikamakin Annabawan Musulunci, kuma ta shine addinin Musulunci ya cika.",afrifact_data_culture_hausa_409,refutes,"Har wayau, Musulmai sunyi imani cewa Alƙur'ani maganar Allah ne, kuma saƙon Ubangiji ne na ƙarshe wanda babu tawaya a cikin shi. Tare da AlKur'ani, Musulmai sunyi imani da sauran littattafan da aka turo kamar Attawra, Zabura da Injila. Kuma Annabi shine cikamakin Annabawan Musulunci, kuma ta shine addinin Musulunci ya cika.",supports,nei,nei,False
afrifact_data_culture_hausa_633,hausa,"Yawancin waƙoƙin zamani basa haɓaka, kuma basa bada wata gudummawa ga haɓakar harshe.","Don ci ko amfanin yau da kullum, amma dai ko wane jinsi ko ire-iren al'umma suna ta'ammali da shinkafa a dukkanin fadin duniya.Don kuwa shinkafa ta fi kowane nau'in abinci shahara a duniya. Nau'in shinkafa kala daban daban An kawo nau'ikan shinkafa da yawa don inganta ingancin amfanin gona.",afrifact_data_culture_hausa_299,supports,"Don ci ko amfanin yau da kullum, amma dai ko wane jinsi ko ire-iren al'umma suna ta'ammali da shinkafa a dukkanin fadin duniya.Don kuwa shinkafa ta fi kowane nau'in abinci shahara a duniya. Nau'in shinkafa kala daban daban An kawo nau'ikan shinkafa da yawa don inganta ingancin amfanin gona.",nei,supports,supports,False
afrifact_data_culture_igbo_440,igbo,Alvan Ikoku so n'òtu West African Educational Council (WAEC) ma sonyekwa n'òtù Council nke Mahadum Ibadan na 1950s..,"Igbo kwenyere na ama ọbụla na-amụtaghị nwa nwoka ga-echi. Ya mere ha jị agụ nwoke aha dịka Obiechina, Amaechina na ndị ọzọ. Ọtụtụ ezinaụlo akụsaala maka amụghị nwa nwoke. Ya bụ, ọ dị ezigbo mkpa ịmụta nwa nwoke n'ezinaụlo, ya mere anyị ji ede akụkọ a. ",afrifact_data_culture_igbo_664,nei,"Igbo kwenyere na ama ọbụla na-amụtaghị nwa nwoka ga-echi. Ya mere ha jị agụ nwoke aha dịka Obiechina, Amaechina na ndị ọzọ. Ọtụtụ ezinaụlo akụsaala maka amụghị nwa nwoke. Ya bụ, ọ dị ezigbo mkpa ịmụta nwa nwoke n'ezinaụlo, ya mere anyị ji ede akụkọ a. ",refutes,nei,nei,False
afrifact_data_culture_igbo_147,igbo,Ndị bi na ndịda na-asụ Yoruba.,"Mmesoma Mercy Cynthia Obi Ada Jesus nwụrụ ụbọchị Wenezde n'ụlọọgwụ dị n'Abuja ebe e bugara ya maka ịgwọ ya ọrịa metụtara akịrị, abalị ole na ole o jiri mechaa ncheta ọmụmụ ya. Ụbọchị ncheta ọmụmụ Ada Jesus - Mmesoma Mercy Obi na 19 Epreelu, 2021 Ada Jesus, di ya na ndị ọzọ so ṅụrịa ụbọchị ncheta ọmụmụ ya Otu onye ya na-ezinaụlọ ya dị na mma bụ Harrison Gwamishu gwara BBC Igbo n'ekwentị na akụkọ ahụ bụ eziokwu. ",afrifact_data_culture_igbo_555,refutes,"Mmesoma Mercy Cynthia Obi Ada Jesus nwụrụ ụbọchị Wenezde n'ụlọọgwụ dị n'Abuja ebe e bugara ya maka ịgwọ ya ọrịa metụtara akịrị, abalị ole na ole o jiri mechaa ncheta ọmụmụ ya. Ụbọchị ncheta ọmụmụ Ada Jesus - Mmesoma Mercy Obi na 19 Epreelu, 2021 Ada Jesus, di ya na ndị ọzọ so ṅụrịa ụbọchị ncheta ọmụmụ ya Otu onye ya na-ezinaụlọ ya dị na mma bụ Harrison Gwamishu gwara BBC Igbo n'ekwentị na akụkọ ahụ bụ eziokwu. ",nei,supports,supports,False
afrifact_data_culture_igbo_254,igbo,"Nwankwo Kanu bụkwa onye nwe igwe onyonyo nke Kanu Sports, ụlọ ọrụ igwe onyonyo egwuregwu Ịntanetị.",O kwusikwara ike na gọọm̀enti ya kwadosiri azụmahịa na mekọrịta nke mba ECOWAS.,afrifact_data_culture_igbo_137,refutes,O kwusikwara ike na gọọm̀enti ya kwadosiri azụmahịa na mekọrịta nke mba ECOWAS.,supports,nei,nei,False
afrifact_data_culture_igbo_464,igbo,Mahadum Trinity College dị na Dublin nke Ireland ji ihe eserese wee sọpụrụ Jaja Wachuku n'afọ 2020.,"Ejidere Kanu maka ebubo aghụghọ na dị na Nigeria na ka ọnwa Ọktọba dị na mkpụrụ ụbọchị iri na anọ na afo 2015 wee jidere ya ihe karịrị otu afọ, n'agbanyeghị iwu dị iche iche ụlọ ikpe nyere maka ịhapụ ya.",afrifact_data_culture_igbo_448,nei,"Ejidere Kanu maka ebubo aghụghọ na dị na Nigeria na ka ọnwa Ọktọba dị na mkpụrụ ụbọchị iri na anọ na afo 2015 wee jidere ya ihe karịrị otu afọ, n'agbanyeghị iwu dị iche iche ụlọ ikpe nyere maka ịhapụ ya.",supports,nei,nei,False
afrifact_data_culture_hausa_419,hausa,An haifi Ahmad al-Tijani a shekarar 1737 kuma ya kafa tsarin Tijjaniyya a cikin 1780s,"A shekarar 2019, Gwamna Abdullahi Umar Ganduje ya sanya hannu kan dokar kafa sabbin masarautu huɗu.",afrifact_data_culture_hausa_100,nei,"A shekarar 2019, Gwamna Abdullahi Umar Ganduje ya sanya hannu kan dokar kafa sabbin masarautu huɗu.",supports,nei,nei,False
afrifact_data_culture_yoruba_263,yoruba,Mọ́ímọ́í dáa ṣùgbọ́n wọn kì í fí jẹ ìrẹsì àti àwọn oúnjẹ mìíràn.,"Ìjàkadì jẹ́ àjọ̀dún àṣà ọlọ́dọọdún ní ìlú Ọ̀fà, ní ìjọba ìpínlẹ̀ Kwara, ní orílẹ̀-èdè , pẹ̀lú èròǹgbà làti ṣe ìgbéga fún àṣà Yorùbá ní orílẹ̀-èdè Nàìjíríà. Gbólóhùn 'Ìjàkadì' ní ìtumọ̀ tirẹ̀, ó túmọ̀ sí 'Ìjà ká dì mọ́ra ẹni' èyí tí ó ní ipa pàtàkì nínú ìtàn ìlú Ọ̀fà.",afrifact_data_culture_yoruba_600,supports,"Ìjàkadì jẹ́ àjọ̀dún àṣà ọlọ́dọọdún ní ìlú Ọ̀fà, ní ìjọba ìpínlẹ̀ Kwara, ní orílẹ̀-èdè , pẹ̀lú èròǹgbà làti ṣe ìgbéga fún àṣà Yorùbá ní orílẹ̀-èdè Nàìjíríà. Gbólóhùn 'Ìjàkadì' ní ìtumọ̀ tirẹ̀, ó túmọ̀ sí 'Ìjà ká dì mọ́ra ẹni' èyí tí ó ní ipa pàtàkì nínú ìtàn ìlú Ọ̀fà.",refutes,supports,supports,False
