id,language,claim,gold_evidence,gold_label,raw_response,predicted_label,correct
afrifact_data_culture_hausa_657,hausa,"President Muhammadu Buhari launched the eNaira on June 20, 2016.","The name ""Naira"" was derived from the word ""Nigeria"" by Obafemi Awolowo. However, the Naira as a currency was launched by Shehu Shagari as the Minister of Finance in 1973. The Central Bank of Nigeria claims that they have tried to control the annual inflation rate below 10%.",nei,nei,nei,True
afrifact_data_culture_igbo_058,igbo,This protest is a way of resolving conflict.,It was the first major women's rebellion in West Africa.,nei,nei,nei,True
afrifact_data_culture_igbo_749,igbo,Hardship does not affect the marriage of Igbo women. Igbo youths said that they are ready to do it.,Igbo youths: Reduce wedding expenses Igbo youths have called on Igbo communities to reduce the cost of marrying a woman in Igbo land. The youth said this in a discussion on Facebook organized by the BBC on Friday.,refutes,nei,nei,False
afrifact_data_culture_igbo_384,igbo,"In terms of land and products, the Main Market is one of the largest markets in West Africa.",Onitsha Market also known as Onitsha Main Market in English is one of the largest markets in West Africa based on land size and the amount of goods sold there.,supports,supports,supports,True
afrifact_data_culture_yoruba_723,yoruba,"Abiola has been interested in politics since he was 19 years old, and he started participating in the political party because of his interest in politics.","Abiola is the Editor of their weekly school newspaper who is and still is your deputy. He joined the party when he was 19 years old because of his interest in the political system of us, he joined the political party and was its founder. In 1960, Moshood was given the opportunity of free education by the government to study at the University of Glasgow in Scotland where he received a degree in mathematics.",supports,supports,supports,True
afrifact_data_culture_hausa_081,hausa,Rabiu Musa Kwankwaso appointed Sunusi Lamido Sunusi as the king of Kano after the death of Ado Bayero.,"Ado Bayero was before becoming king of Kano a famous businessman, he also worked as a banker, he was a former policeman and then he worked as an ambassador [to Nigeria]",nei,nei,nei,True
afrifact_data_culture_igbo_141,igbo,The bridge has collapsed.,"As of now, their reason for meeting is unknown.",nei,nei,nei,True
afrifact_data_culture_hausa_389,hausa,"In Hausa culture, the groom is responsible for buying lepe clothes before the wedding, and the clothes are taken to the bride's house by the women.","It is a Hausa tradition where the groom buys beautiful and expensive items as a great gift to his bride. These gifts that the groom buys are before the wedding, after they have finished, the groom's parents, including his mother, his puppets and others, are the women who take the things to the bride's house.",supports,nei,nei,False
afrifact_data_culture_igbo_241,igbo,Some schools in Beijing and Shanghai have not opened as students will not go to school today,Some schools in Beijing and Shanghai have also reopened as students begin classes today.,refutes,refutes,refutes,True
afrifact_data_culture_igbo_424,igbo,It is farming that is one of the activities that Brazilians rely on to increase their economic status until now.,"Mbaise is a region in Imo State in the south east. In between, the region includes many towns and cities. Its inhabitants are tribal people, who are connected by marriage. Mbaise is the most populous region in West Africa; The population in 2006 was six hundred and eleven thousand, two hundred and four.",nei,nei,nei,True
afrifact_data_culture_hausa_004,hausa,Muhammadu Buhari became the president of the military regime as a colonel.,"Muhammadu Buhari (17 December 1942 – 13 July 2025) is the one who ruled the country from 2015 to 2023. He is a soldier with the rank of major general, and he led the country from 31 December 1983 to 27 August 1985. Buhari ran for the presidency of Nigeria under the party in the 2003 and 2007 presidential elections, and then under the Congress for Progressive Change (CPC) party in the 2011 presidential election",refutes,nei,nei,False
afrifact_data_culture_igbo_383,igbo,"Based on the geographical area and the product, the Main Market is not a large market.",Onitsha Market also known as Onitsha Main Market in English is one of the largest markets in West Africa based on land size and the amount of goods sold there.,refutes,refutes,refutes,True
afrifact_data_culture_yoruba_562,yoruba,"In Nigeria, the census system started in 1852 to record the number of people in the country.","According to the 2006 census, the total number of people in Agbadarigi is 241,093.",nei,nei,nei,True
afrifact_data_culture_igbo_173,igbo,A resident of Anambra said that it has been 10 years of rain in his area.,A resident of Enugu said that it has been 10 years since he lived in Enugu.,refutes,nei,nei,False
afrifact_data_culture_hausa_058,hausa,Usman Dan Fodiyo is a native of the Hausa tribe.,Shehu Usman Son of Fodiyo fought between the year one thousand eight hundred and four alif (1804) until one thousand eight hundred and twelve alif (1812). He was a descendant of one of the families (Toronkawa) of the tribe living in since the beginning of the year one thousand four hundred alif (1400),refutes,nei,nei,False
afrifact_data_culture_igbo_301,igbo,Only the wind and the forest are what agriculture needs to be successful,"Farming requires water, good sand and flat land.",refutes,refutes,refutes,True
afrifact_data_culture_igbo_735,igbo,"Kanu's wife is a member of parliament. Soon, he was taken to a prison in Sokoto.",Abroad A gunman has shot up to six people in a hospital in the Czech Republic and shot himself in the news there. The police found the man's body as he lay with a self-inflicted gunshot wound to the head.,nei,nei,nei,True
afrifact_data_culture_hausa_250,hausa,Food and agricultural historian James C. McCann recommends stopping the spread of rice.,"Historian of food and agriculture James C. McCann considers this claim possible given the popularity of rice in the upper Niger valley, but he thinks it is unlikely that it could have spread from Senegal to its current location since such a spread is not seen in ""language, political system or history"". Instead he suggested that the dish spread with the Kingdom of Mali, especially the Djula artisans who spread throughout the commercial centers and regional cities, taking the economic technology of ""production, small scale, and rice agronomy"" as well as religion. Islamic.",refutes,nei,nei,False
afrifact_data_culture_hausa_827,hausa,The MPs said that they are the people's representatives and therefore they have the power to do more in the budget.,"Regarding the activities that the members of parliament have added, he said that they are also representatives ""of the people and have the opportunity to implement activities that will have an impact on the lives of the poor,"" according to a statement he sent to the press.",supports,nei,nei,False
afrifact_data_culture_yoruba_701,yoruba,"When Buhari was president, he spent two and a half years before leaving office.","Muhammadu Buhari (born on December 17, 1942 and died on July 13, 2025) politician who was the President of the country between 2015 and 2023. He served his first term between 2015 and 2019 and the second between 2019 and 2023 .",refutes,nei,nei,False
afrifact_data_culture_yoruba_592,yoruba,Every town in Kwara state is inhabited by the tribe.,"Two of the bravest people, namely Ajebu and Olode, their names were combined to become ""AJEBU-OLODE"" which is called IJEBU-ODE until today. These tribes speak the Ijebu language. And we can see them all over Nigeria. Examples of towns that can be found in Ijebu region are Ijebu-Ode, Musin, Ata-Ijebu, Oppe, Odo-Potu, Ago-Iwoye, Ijebu-Igbo, Oru, Awa, Ilaporu, Okononi, Ipari-Tula, Odokalaba, Idawa, Merigo, Odoogbolu, Ososha and so on.",nei,nei,nei,True
afrifact_data_culture_igbo_273,igbo,"Alcohol such as fanta, coke and sprite are preferred by children to go to school","It is known by different names in different regions and is common in Asia, Africa, the Caribbean, South America and Micronesia.",nei,nei,nei,True
afrifact_data_culture_hausa_509,hausa,"Hadith refers to the sayings of the Prophet Sallallahu Alaihi Wasallam, his work and his confirmation.","According to them, the meaning of Hadith is Hakaito Fadar of the Messenger of God [S.A.W] His work and confirmation.",supports,supports,supports,True
afrifact_data_culture_hausa_515,hausa,Sunnah means what the Prophet (S.A.W) did or what was done before him did not prevent.,"The origin of the name comes from the word Sunna, that is to learn and do everything that the Prophet (S.A.W.) did, or ordered, to be done or was done before him but he did not prohibit what was done.",supports,supports,supports,True
afrifact_data_culture_igbo_604,igbo,"A total of 2,900 people have died in Kenya due to the Ebola virus.",Many people are believed to have died in the Festac area of ​​Lagos known as Abule Ado as a gas truck caught fire and exploded on Sunday morning. This place where the accident happened is under the command of Amadofin. A BBC reporter was there explaining and doing research to find out what kind of oil the machine was. Various international workers are also there.,nei,nei,nei,True
afrifact_data_culture_igbo_029,igbo,This message they released is not on their twitter handle.,This is in a message they released on their twitter account.,refutes,refutes,refutes,True
afrifact_data_culture_yoruba_292,yoruba,Jude Chukwuka: Look at how the poetry of Yoruba cities is more pleasing to the Igbo than to the city dwellers.,"The senior lawyer accepted the two governors' sentence because of the visit they made to President Buhari in violation of the weak security system regarding the week that the herdsmen are doing. If you forget, governors Makinde and Akeredolu went to Buhari in Abuja to ask for an additional adequate security system, because of the number of herdsmen criminals in their state. The news made you more interested: Makinde, when he spoke to journalists after their meeting with the president, he used the opportunity of the visit to ask for the formation of an additional police station in the state. Discussion with Gani Adams on Sunday Igboho Amo Falana, when he was arguing with journalists, these governors have adequate security system, including the police, and they should not go to the president. The senior lawyer realized that the president is leading the military in Nigeria, not the police, and if it is not the youth of the organization that controls the police in our country, they will take their questions.",nei,nei,nei,True
afrifact_data_culture_yoruba_791,yoruba,Islam is a practice that God uses to send a prophet so that there can be peace and ease among all people.,"is a religion of peace, simplicity and submission to God, the creator of the whole world by doing his will and following his command whether you like it or not. It is also a religion that God sent to the whole world through his messengers who sent us before the prophet Abdullah (may God bless him).",refutes,nei,nei,False
afrifact_data_culture_yoruba_186,yoruba,PDP members protested at the Supreme Court on the budget of the judiciary.,"PDP members spoke at the supreme court What kind of law are they making the budget of the justice department before? Before President Buhari closed the order, the state governors used to say how much money they would give to other government departments, so that they know how much money will be given to them. It often appears in the budget proposals that are being presented to state legislators.",supports,nei,nei,False
afrifact_data_culture_yoruba_295,yoruba,"Sunday Igboho said that the Fulani cannot stand, if we use what we inherited from our forefathers.","The people of the neighborhood have come to urge the Oyo state government to quickly intervene in the matter because it is not the first time that the children of the land will come and play mahuru-mahuru against them on the land they have bought for years. According to the report, when BBC Yoruba contacted the spokesperson for the police station in Oyo state, Olugbenga Fadeyi to hear his insistence, he said that he returned soon.",nei,nei,nei,True
afrifact_data_culture_yoruba_321,yoruba,"Some brothers cried when they heard that Buhari's son wanted to marry, even one of them said that he would kill himself if he did not have the grace to marry the sister.","All kinds of men came out to declare their love for Hanan, as soon as they heard that he wanted to get married, and they wanted to make him their wife. However, one of them is Abba Ahmed, who announced that he is ready to kill himself if the president's son marries after him. The police officer who persuaded the man, who did not say anything. Meanwhile, Abdullahi Bashir, a twenty-two-year-old who has also emerged on the international scene, and who has not met the president's son in Abuja to marry, expressed his disappointment. Amo Bashir, who has yet to declare his love for Hanan on the world stage, if the president's son wants her, he will not pay her tribute. But the man, as soon as he heard that the ring bearer had taken the ring, and that Hanan had left her husband, he took it for God. Bashir, a herdsman in Adamawa state, announced that he was in love with the president's son and that he was taking photos. He said that if he can do it, the woman he wants to marry. The Police stopped the man who wanted to kill himself because of Buhari's daughter Before we first brought you the news that the police station in Kano state has been involved in a brother, Abba Ahmed, who said he would kill himself if President Buhari's son Hanan did not marry him. Ahmed has now announced that he has given up on such an idea, because it is clear that such an idea is not good at all, and said that it does not show that he likes Hanan.",supports,supports,supports,True
afrifact_data_culture_igbo_002,igbo,American writer Dreux Richard lived in Okwe to complete his writing while in Nigeria.,American author and writer Dreux Richard lives in Okwe to complete his writing while in Nigeria.,supports,supports,supports,True
afrifact_data_culture_hausa_403,hausa,There is no difference between the mention of Moses and Jesus in the Qur'an.,"In Islam, Musa is a prominent prophet and the messenger of God and he is the most mentioned person in the Qur'an, where his name is mentioned 136 times, and the story of his life has been told more than that of any other prophet. Jesus is considered an important prophet with his birth without a father, (66:12, 21:89) especially with the expressions used for him, such as ""the word"" and ""spirit"" from God and the chapter dedicated to his mother Mary in the Bible.",refutes,nei,nei,False
afrifact_data_culture_yoruba_774,yoruba,Among the gods sent by the Almighty from the creation of the heavens to the earth is the Èṣù. And he is among the Yoruba people.,"The Èṣù is one of those that the Yoruba generations are coming. He is one of the gods that the Almighty sent from heaven to earth. The Èṣù can be called the policeman or the enforcer of other gods sent by the Almighty. Because he will make sure that they follow the law. Although the name of the devil is different from one country to another, the way they worship him is not different.",supports,supports,supports,True
afrifact_data_culture_hausa_064,hausa,Queen Amina got the throne of Zazzau in 1533.,"Queen Amina, Queen of Zazzau, lived from the year 1533 to the year 1610, she was one of the two children born to the king of Bakwa.",refutes,nei,nei,False
afrifact_data_culture_yoruba_121,yoruba,Dangote was the first person in Nigeria to have a joint venture.,Ewa Aganinh is a local food that is common in many states in the country especially.,nei,nei,nei,True
afrifact_data_culture_igbo_379,igbo,The Main Market is currently controlled by the National Union of Road Transport Workers (NURTW).,The people who manage and manage the market are the Onitsha Market Traders Association (OMATA).,refutes,nei,nei,False
afrifact_data_culture_yoruba_731,yoruba,"Ernest was in office from the twenty-sixth day of August, 1993 until the seventeenth day of November, 1993 when he retired.","Ernest Adégúnlé Oladéindé Shonekán, (9th day, month of Ebi year 1936 in , country ) is a Nigerian lawyer. Shoneka was for a short time from the twenty-sixth day of the eighth month of 1993 until the seventeenth day of the eleventh month of 1993 when the general took over from him.",supports,nei,nei,False
afrifact_data_culture_hausa_579,hausa,"Every early winter, farmers use a shovel to remove the dried grass.","They also have a proverb ""there is a lie in the name"" which means if you hear a bahasa say there is a lie in the name, then there is some hypocrisy.",nei,nei,nei,True
afrifact_data_culture_yoruba_763,yoruba,"In the world, soup is an important part of the diet that people eat to strengthen.","Oha soup is a common soup in the south and east of the country. Oha soup is a soup of the Eastern region, and it is usually cooked by the people of Ibo, from the evergreen tree whose scientific name is Pterocarpus mildraedii.",nei,nei,nei,True
afrifact_data_culture_hausa_338,hausa,The Super Eagles won the first African Cup of Nations,"The Englishman introduced football in Nigeria at the beginning of the twentieth century. The first recorded football game in Nigeria was in the year 1904. By 1950, football became the national sport of the country. At this time in the history of Africa, many countries started participating in nationalist movements where they protested against the colonial power. In Nigeria, football gave the citizens a sense of national pride and inspired them to get political freedom.",nei,nei,nei,True
afrifact_data_culture_hausa_266,hausa,This year's list comes from the school principal's office.,"It is mixed with either soft soup or soup to eat. . That is, tuwon rice is one of the traditional foods, because it is also mixed with corn flour sometimes. But most of the time some people don't wear it, and the name of the rice bowl is derived from the rice it is made with.",nei,nei,nei,True
afrifact_data_culture_yoruba_454,yoruba,"This incident made Bisi Fayemi cry because this incident had happened to him before, when he was in high school.","The theme of the video is called 'Sex for Grades', which is known as 'Sex for Grades', which is causing the eyes of the world's most influential people to warm up. Full video of a one-hour broadcast by the BBC in the evening of Monday: End of YouTube post, 1 Although the BBC first threw a thirteen-minute video on the air in the middle of the day of Monday, with its personal commentary on the global impact, which BBC Yoruba did not last there, but when it will be 7 o'clock in the evening of the day, the full video, which is one hour, has been aired. The news makes you want more: A teacher from the University of Lagos, UNILAG, Student Boniface Igbenegbu and his colleague from the University of Ghana, Student Paul Butakor, were seen in the video, but this one-hour video also shows the faces of two other teachers who are participating in this disgraceful act from both universities mentioned before.",nei,nei,nei,True
afrifact_data_culture_yoruba_298,yoruba,Obateru Akinruntan said that finding something to eat drove them away from Ilé-Ifè.,"Sunday Igboho rescued the people of Soka in Ibadan from the natives who came to attack the word, he did not avoid me immediately in Soka in Ibadan when two gangs carrying deadly weapons, who called themselves the natives, invaded the area. In the morning of Isgun yesterday, news spread across the streets of Ibadan, and people were calling on the radio all over the city that the lives of the people living in the fields were not reached because of the gunmen who attacked them. The news made you want more: We heard that the gunshots were ringing first, and people were running for their lives when the children of the landowners asked the landowners to move their houses off their land. The children and the elderly, the pregnant women and the children, who knew the old people were running for their lives, and those who dared to ask that they cause the incident, are mother's pieces. A person who witnessed the incident explained that thanks to a Yoruba leader, Oloye Sunday Adeyemmo, known to all as Sunday Igboho, who arrived earlier, things were very hot at the time. We heard that Igboho and a man called Babatunde Arowolo, known to everyone as Bako, came in time to save the people of the neighborhood, and when the natives ignored him, they killed the rabbit.",nei,nei,nei,True
afrifact_data_culture_yoruba_179,yoruba,"Sági is a great deity who is praised for his ability to provide money, honor, and success to his worshippers.","The Yorubas believe that Olokun gave birth to Aje, which is the God of Wealth, Ola, who is at the bottom of the sea. Olokun is the god who controls the things under the sea, and he is the god who is stronger than all the voices under the sea or the small gods who are under the sea. Olokun is a great God who is praised for his ability to give his worshipers Money, Honor, Wealth, and success when they are not finished.",refutes,nei,nei,False
afrifact_data_culture_yoruba_596,yoruba,Adebayo Shittu was the Minister of Communications in Nigeria from 2017 to 2019.,"Adebayo Shittu was the former Minister of Communications in Nigeria between 2011 and 2019 under the former President. Shittu was replaced as minister for communication, followed by Isa Ali Pantami.",refutes,nei,nei,False
afrifact_data_culture_igbo_616,igbo,Pompeo did not find documents showing the Trump administration's relationship with Ukraine.,"The government had wanted Mugabe to be buried in the country's heroes' cemetery, but his family refused. They said that Mugabe wanted his grave and that of his mother Bona to be close together. No high-ranking official attended Mugabe's funeral. His wife Grace and his children carried his coffin until it was placed on the ground.",nei,nei,nei,True
afrifact_data_culture_igbo_739,igbo,Mansur Dan-Ali ordered the Nigerian army to move to Borno immediately.,"Soldiers move to Borno immediately! Muhammadu Buhari and the Nigerian military leaders, the Federal Government has ordered Commander Tukur Buratai to take his belongings across the Great Awasa so that he will know where he is. The Minister of Defense, Mansur Dan-Ali, disclosed this in Abuja yesterday.",refutes,nei,nei,False
afrifact_data_culture_yoruba_051,yoruba,"Oka-Akoko, Oba, Ikun, Arigidi, Ugge, Ogbagi, Okeagbe are examples of towns that can be found under the Akoko tribe.","Some of the towns under Akoko are: Oka-Akoko, , Oba, Ikun, Arigidi, Ugge, Ogbagi, Okeagebe, Ikram, Ibaram, Iyani, Akungba, Erusu, Ajwwa, Akunu, Gedegede, Isua, Auga, Ikakumou, Supare, Epinmi, Ipe, Ifira, Action, Ibolopa, Odor, Value, Afin, Igasa, Sosan, Ipesi, Etioro, Ayegunle, Eriti and Oyin Akoko.",supports,supports,supports,True
afrifact_data_culture_hausa_339,hausa,Nigeria played its first match in the African Cup of Nations in 1963,"The Englishman introduced football in Nigeria at the beginning of the twentieth century. The first recorded football game in Nigeria was in the year 1904. By 1950, football became the national sport of the country. At this time in the history of Africa, many countries started participating in nationalist movements where they protested against the colonial power. In Nigeria, football gave the citizens a sense of national pride and inspired them to get political freedom.",nei,nei,nei,True
afrifact_data_culture_yoruba_017,yoruba,Aganju is the mother of Sango and the mother of Ajaka who ruled together in the city of Oyo.,"Aganju or Aganyú is the river of the Spanish natives. They believe that he is working together in the Religion of the Cuban people, which they call Santería. They believe that Aganju is related to the Goddess Aganju. As the King in Oyo, Aganju is the son of Shango's uncle whose name is Ajaka. Which is that the two who were once the King of the city of Oyo have become the future Gods at his command.",refutes,refutes,refutes,True
afrifact_data_culture_igbo_609,igbo,There is a conflict between the Nigerian government and Nnamdi Kanu. That made the Nigerian government sentence him to life imprisonment.,"Brothers - These are the noble men from different families in the village. They are the people who make decisions about various issues in the country as it pertains to the development and welfare of the country. The brothers are preached to if anyone does something wrong, they are the ones who go to the idols to find out what the idols say about the country or about their family.",nei,nei,nei,True
afrifact_data_culture_yoruba_339,yoruba,"Reports say that these two leaders are good friends, and they go out together all the time.","I congratulate myself and pray that God will continue to bless me. I am the new mother of the house in the middle of the street."" The news that is going to be understood is that the head of Folashade and the head of Omowunmi, who is familiar with the organization between the two of them. They always go hunting, and they often take pictures together on the internet to show the world that the Oyo women are real friends. Also, the head of Omowunmi confirmed that he is not the only one. He won this amazing house because of the words he wrote on Instagram.",supports,supports,supports,True
afrifact_data_culture_igbo_552,igbo,Davido said his girlfriend Chioma has the coronavirus. Davido learned of his girlfriend's illness when they returned from London.,Davido explained that it was after he returned from a trip to London that they discovered that Chioma had the coronavirus. Their son did not carry the disease. He said that Chioma is strong as she has kept herself and is receiving treatment.,supports,supports,supports,True
afrifact_data_culture_igbo_765,igbo,The Nigerian government is looking for ways to increase their investment in agriculture.,"Government spending and loan repayments are on the rise but the money in the public treasury has been 45 percent short of what it should have been since 2015. Despite this, the president of Nigeria has commissioned a company to manage tax payments thanks to the increase in the number of tax payers since 2015.",nei,nei,nei,True
afrifact_data_culture_yoruba_528,yoruba,Wizkid is one of the best Afro Beat musicians in Nigeria.,Takasufe's Afro music sung in a traditional way Many Nigerians have raised the glory of Takasufe's music which they call Afro Beats at home and abroad. Wizkid is one of the rich youths who started writing music at the age of 11 in church. This is also similar to the music of the late Fela Anikulapo Kuti who was writing Afro Beat during his life in which he has mixed loud music and takasufe together.,supports,nei,nei,False
afrifact_data_culture_igbo_624,igbo,"Seventy-eight people on board a Sibera Airlines flight from Tel Aviv to Novobirsk, Russia died when their plane crashed into the Black River. The Ukrainian military denied that they had anything to do with it and later admitted that they did.","A Siberia Airlines plane was flying from Tel Aviv, Israel to Novosibirsk, Russia when it was shot down. The plane crashed into the black sea. 78 people on board died. The Ukrainian military initially claimed that it was not their fault but later admitted that it was them. They said that this is how soldiers are trained.",supports,supports,supports,True
afrifact_data_culture_yoruba_722,yoruba,"In the year 1950, Moshood received the benefit of free government education, which earned him a degree in mathematics.","Abiola is the Editor of their weekly school newspaper who is and still is your deputy. He joined the party when he was 19 years old because of his interest in the political system of us, he joined the political party and was its founder. In 1960, Moshood was given the opportunity of free education by the government to study at the University of Glasgow in Scotland where he received a degree in mathematics.",refutes,nei,nei,False
afrifact_data_culture_igbo_611,igbo,The brothers are of no use to the community or to their families.,"Brothers - These are the noble men from different families in the village. They are the people who make decisions about various issues in the country as it pertains to the development and welfare of the country. The brothers are preached to if anyone does something wrong, they are the ones who go to the idols to find out what the idols say about the country or about their family.",refutes,refutes,refutes,True
afrifact_data_culture_yoruba_288,yoruba,"Arapaja chaired the East Ibadan local government twice, between 1996 and 2003.","10 things you should know about Taofeek Oladejo Arapaja Taofeek Oladejo Arapaja is one of the important Nigerian politicians from Oyo State, and he was the former Deputy Governor of Oyo State, during the administration of Adebayo Alao-Akala from 2007. Arapaja was born on the tenth day of November, 1958. He studied at Lagelu Grammar School, in Ibadan, and studied graduated from the University of Wales, in English. Before joining politics, he worked with the Education Service Commission in Oyo State in 1992. Arapaja served as the chairman of Ibadan East local government twice, between 1996 and 2003. He was then appointed as the representative for South East and North East Ibadan between 2003 and 2007. Egbejila Fish Village: The fish farmers who left their banking jobs and became fish farmers in 2007 were voted in as the deputy governor of Oyo state under the PDP political party.",supports,supports,supports,True
afrifact_data_culture_igbo_485,igbo,Lawrence Ifeanyi Ugwuanyi has been the Deputy Governor of Enugu State since April 2015.,"Lawrence Ifeanyi Ugwuanyi // (listening) CON (popularly known as "" Gburugburu "") (born on 20 March 1964) is a Nigerian politician who was elected as the Governor of Enugu State in April 2015 and was sworn in on 29 May 2015.",refutes,refutes,refutes,True
afrifact_data_culture_yoruba_498,yoruba,"Football is the most popular sport among boys, but there are other children's games that they enjoy playing.","These sports make love to grow between children and young people from door to door, and say that, the children want to grow up quickly, that's why they play games. Football is too much among the boys as a game, but there are these children's games that they still want to play, even if they come from school and under the moonlight tonight when they get home. Common children's games at one time: Tente Game: If they want to play this game, the girls face each other, they will clap their hands, and they will move their feet as well to the Tente song they are singing.",supports,supports,supports,True
afrifact_data_culture_hausa_026,hausa,The insecurity of boko-haram and bandits in the northern states of Nigeria.,"Gowon stated that he did not commit any act of terrorism, the president actually rescued the country from destruction.",nei,nei,nei,True
afrifact_data_culture_igbo_072,igbo,"Osadebe was born on March 17, 1936, in an Igbo town in Atani.","Osadebe was born on March 17, 1936, in the Igbo town of Atani in South East Nigeria.",supports,nei,nei,False
afrifact_data_culture_hausa_454,hausa,Hajj is performed at the end of the Islamic year.,Hajj Pilgrims Muslims travel on the day of Arfa from Minna. Hajj is one of the five pillars on which the religion is built.,nei,nei,nei,True
afrifact_data_culture_hausa_195,hausa,He goes to the entertainment houses and picks people up to get rid of them and their worries.,"Kainji Game Reserve was established in 1978 and is divided into three different parts, Zugurma Game Reserve, Borgu Game Reserve and Kainji Lake.",nei,nei,nei,True
afrifact_data_culture_igbo_455,igbo,"During Chris Nwabueze Ngigeji's tenure as Governor of Anambra State, he was abandoned by members of the Peoples Democratic Party",He was the governor of Anambra State in Nigeria from May 2003 to March 2006 under the People's Democratic Party (PDP).,nei,nei,nei,True
afrifact_data_culture_yoruba_148,yoruba,"Asunretete will not pass the house, Aringrete will not sleep on the way.","After this, both of them had accepted their God Allah and had surrendered to God's Will), and he (Ibrahim) had lowered his head (Ishamel) (in the space of a palm in front); This is how We said to him: ""O Ibrahim!"" And this is how We do not reward (all those) Muhsinun (who do good and righteous) - Sheikh Adélabu refers to the Verse of the Word of God in the Qur'an Chapter 2:112). redemption) of the son (Ishamael) that he (Ibrahim) with the sheep just came (to replace it in giving thanks for the favor from God)",nei,nei,nei,True
afrifact_data_culture_igbo_470,igbo,"Ingredients used to cook melon soup include oil, pepper, onion, vegetables, crayfish, meat, fish, bitterleaf, pumpkin leaf and spinach.","Besides seeds, water, and oil, melon soup usually contains vegetables, , other vegetables, spices, and meat. Vegetables commonly used in melon soup include bitterleaf, pumpkin leaf, celosia and spinach. Other foods include tomatoes and okra. Common ingredients include chili peppers, onions, and chickpeas. Beef, goat, fish, shrimp, or crayfish are usually used.",supports,supports,supports,True
afrifact_data_culture_yoruba_663,yoruba,"In Adulalawi land, many farmers are growing yams.","We grow yams to eat them as food, especially in the land of Adulalaw. There are many yams because many farmers are growing yams.",supports,supports,supports,True
afrifact_data_culture_hausa_163,hausa,The high cost of solar lights is why governments are leaving their state roads in the dark.,"The installation of solar powered street lights in the state capital has improved the lives of the residents of the state, as well as improved security and safety.",nei,nei,nei,True
afrifact_data_culture_hausa_578,hausa,Baha'i has different idioms that he uses to convey messages.,"It is used to cut grass to give to domestic animals, and it is mainly used to cut grass which is given to goats and sheep as well as its meat.",nei,nei,nei,True
afrifact_data_culture_igbo_325,igbo,Chinwoke Mbadinuju claimed the presidency four years after Nigeria returned to democracy in 2003.,"Governor of Anambra State [ | ] Anambra and After the return to democracy in 1998, Chinwoke Mbadinuju became the gubernatorial candidate of the People's Democratic Party (PDP) for Anambra State.",refutes,nei,nei,False
afrifact_data_culture_igbo_169,igbo,Uche Nwonwu said that it was the water behind their beds that they were drinking.,"He said that ""it is the water that people splashed on their beds that they usually drink.""",refutes,nei,nei,False
afrifact_data_culture_igbo_688,igbo,Nabil Fekir took his Lyon team to Algeria to cheer.,"Lifting the World Cup is something to be proud of for any country that lifts it. Dele Alli Bamidele Jermaine Alli (Tottenham Hotspur, England) Bamidele Jermaine Alli, known as Dele Alli, plays for Tottenham Hotspur and the English national football team. Alli's father is Nigerian. In the recent friendly match between Nigeria and England, some Nigerians booed him in the stadium, because the Nigerians did not play the ball when he was called.",nei,nei,nei,True
afrifact_data_culture_hausa_757,hausa,Chinenye Okafor quit football because of her own opinion.,"Chinenye Okafor went back to being fat and having her hair done because of lack of pay This is the situation that Chinenye Okafor found herself in, but that is not the case at all.",refutes,nei,nei,False
afrifact_data_culture_hausa_046,hausa,Umaru Musa 'Yar'adua has never been a member of any college in Katsina state.,"He was a member of the Katsina State Agricultural Production Company between 1984 and 1985, and a member of the board of directors of Katsina College of Technology and Katsina Polytechnic between 1978 and 1983, the chairman of the Katsina State Investment and Property Development Board between 1994 and 1996.",refutes,refutes,refutes,True
afrifact_data_culture_hausa_208,hausa,Taraba State is the largest state in Nigeria.,"The town is located in the Mambilla area in the southeast of Taraba state, near the border of Nigeria and Cameroon.",nei,nei,nei,True
afrifact_data_culture_igbo_544,igbo,Facebook appointed Lawyer Paul Achalla as its representative in Nigeria.,Nnamdi Kanu Facebook Ban: Members of IPOB have criticized the way their leader's Facebook account has been taken down.,nei,nei,nei,True
afrifact_data_culture_hausa_696,hausa,The number of female suicides in Japan increased by 70 percent in November.,"In just one month, the month of Okotoba, women who commit suicide have increased by 70 percent in Japan compared to the previous month of October.",refutes,supports,supports,False
afrifact_data_culture_yoruba_635,yoruba,"In the west of Ipetumodu street is the Federal Government Girl's College, which is very beautiful.","Ipetumodu is a large city in Yoruba land in the South West part of the country, and it is an important city and is the capital of the city. This town has a private university called Oduduwa University and five public grammar schools and the Federal Government Girls' College.",refutes,nei,nei,False
afrifact_data_culture_hausa_234,hausa,The queen of the area will give half of the town to whoever kills the snake.,"The next day, the people of Daura gathered at the edge of the well, wondering who killed the snake; The heiress, the queen of the area has given the right to own half of the town to anyone who can prove that he killed the snake. Many men brought the heads of snakes before, but the heads did not match the body.",supports,supports,supports,True
afrifact_data_culture_igbo_429,igbo,"Nigeria is a country in Africa, whose inhabitants are from different ethnic groups and conflicts sometimes occur.",Alexander Ifeanyichukwu Ekwueme // ⓘ GCON (21 October 1932 – 19 November 2017) was a Nigerian politician who served as the first vice president of Nigeria from 1979 to 1983 during the Second Nigerian Republic under President Shehu Shagari as a member of the National Party.,nei,nei,nei,True
afrifact_data_culture_yoruba_306,yoruba,"Mothers whose children have physical challenges go through a lot of things, and their focus is a lot because their eyes see a lot of things.","The mother of three said that her sadness is caused by the way people look at her, and their behavior towards her every day. Unforgettable video about the life of Baba Sala ""In the beginning, I used to ask myself why God gave me such a child."" Abileko Mutemi, who lives in Katoloni village in the eastern region of Kenya said that ""It is difficult for me to walk in the city with my son, because of the evil eyes that people look at me. Agnes said that it is a disease called Her son has asphyxia. This disease is caused by the lack of air when his mother is giving birth. This is why his legs are not healthy, and his brain is in trouble. After many visits to the hospital, Agnes left his son in a hospital. I was teaching children when he was three years old.",supports,supports,supports,True
afrifact_data_culture_hausa_513,hausa,A true believer is one who does not harm Muslims.,"The origin of the name comes from the word Sunna, that is to learn and do everything that the Prophet (S.A.W.) did, or ordered, to be done or was done before him but he did not prohibit what was done.",nei,nei,nei,True
afrifact_data_culture_hausa_021,hausa,Murtala Muhammad grew up in the arms of his uncle who lives in Kaduna state.,Murtala Muhammad was killed after morning prayer and he was shot with a gun after leaving the mosque on his way back to his home in Lagos where a person called Buka Suka Dimka shot him with a gun.,nei,nei,nei,True
afrifact_data_culture_yoruba_488,yoruba,The Governor's vehicle was going to Lagos State before Boko Haram shot at them,"Boko Haram opened fire on the Borno governor's vehicle, his security guard was injured The Borno state government has confirmed that, indeed, Boko Haram gunmen attacked the vehicles carrying the governor of the state, Babagana Zullum on Wednesday. The spokesperson for the governor, Mallam Isa Gusau explained that, the governor of Zullum did not escape without injury but some of those who walked, touching the disabled guards, took care. Isa added that the governor was going to Baga when the attack took place. How did it happen? On Wednesday, this incident happened at about 4 o'clock in the evening when the governor was about to enter Baga town and the gangsters opened fire. The disabled guards who were with him also returned fire.",refutes,nei,nei,False
afrifact_data_culture_igbo_665,igbo,The boy is worthless. It is not necessary to adopt a son from an Igbo family.,"The Igbo believe that any woman who does not bear a son will die tomorrow. That is why they call men names like Obiechina, Amaechina and others. Many families have prayed for not having a son. That is, it is very important to adopt a son in the family, that is why we are writing this article.",refutes,nei,nei,False
afrifact_data_culture_igbo_136,igbo,Only women are respected.,He also emphasized that his government is committed to trade and integration of ECOWAS countries.,nei,nei,nei,True
afrifact_data_culture_igbo_219,igbo,They have destroyed the house they built.,But the Igbo people are not waiting for the government plan alone.,nei,nei,nei,True
afrifact_data_culture_hausa_553,hausa,Begging is a profession that is only for small children.,"Beggars are not under any school and they can be children, adults or old people.",refutes,refutes,refutes,True
afrifact_data_culture_yoruba_200,yoruba,"In a press release, none of the Endsars attackers were arrested.","The commissioner of judicial veto and senior lawyer in Lagos state, Moyosore Onigbanjo SAN, has urged the court to release the EndSARS detainees. The arrestees used 7,253 out of 1,100, 361 in police custody in the state. A press release following the justice system allowed a reporter to comment on the move",refutes,nei,nei,False
afrifact_data_culture_igbo_283,igbo,Sam Mbakwe came from Imo State to build the University of Anambara in 1981,"In 1981, Sam Mbakwe founded Imo State University. The school was located in an area that was given in 1991 and was rechristened Abia State University. However, Imo State University got a new campus and it is still there.",refutes,nei,nei,False
afrifact_data_culture_igbo_798,igbo,There was a time in Igbo land when people were afraid to steal things from their fellow human beings or steal things that were not theirs.,"But, it was not until now that we started talking about security. When the land is still dry land in Igbo land, there is good national security but people are afraid of theft, entering the people by force or trespassing on borders that are not theirs. This is their makana and what will follow it is not something that is used in the mouth.",supports,nei,nei,False
afrifact_data_culture_igbo_369,igbo,The international community is still investigating how Biafra's engineers struggled to extract weapons during the 1967-1970 Biafran war.,"It was registered at the Biafra Research and Production (RaP) Directorate of Professor Benjamin Chukwuka Nwosu, a nuclear physicist. . Iwuanyanwu served in the RaP Rocket Unit headed by Professor Gordian Ezekwe. . With little access to weapons from other worlds, this team of researchers gathers attention, and includes a nuclear physicist who is Dr. Felix Oragwu, manufactures recreational and important weapons, especially the dreaded Gun. . Desperate to find a job, Iwuanyanwu eventually became a soldier rising to become the head of the separatist army of Biafra and leading the war.",nei,nei,nei,True
afrifact_data_culture_hausa_732,hausa,The Election Commission will divide the main polling stations into two parts for the convenience of voting.,"However, the provision of the Election Commission is whenever it sees that the booth is big enough so that on the election day the elections will be held easily, it will do so, and it will send more workers to be able to conduct elections in this booth, without any hindrance or delay.",supports,nei,nei,False
afrifact_data_culture_igbo_472,igbo,"The Igbo people have their own traditions, which is why they eat them during the Ofala festival.","Besides seeds, water, and oil, melon soup usually contains vegetables, , other vegetables, spices, and meat. Vegetables commonly used in melon soup include bitterleaf, pumpkin leaf, celosia and spinach. Other foods include tomatoes and okra. Common ingredients include chili peppers, onions, and chickpeas. Beef, goat, fish, shrimp, or crayfish are usually used.",nei,nei,nei,True
afrifact_data_culture_hausa_283,hausa,"The pods are not separated from the beans, when they are cooked they are left to dry.","Peanuts are used to make kuli kuli. Kuli-kuli with flavor. First, peanuts are obtained after peeling them, then they are fried and then they are crushed and crushed, that is, the whole shell of the peanuts is blown. Then it should be recorded. After it is marked and it will be used, it is turned and turned until it is completely squeezed, and the nut goes back.",nei,nei,nei,True
afrifact_data_culture_hausa_792,hausa,The states of Florida and Ohio are among the main states that any candidate for the presidency of the United States needs to win to win.,Contested states such as Florida and Ohio are critical to garnering the 270 electoral votes needed to win the White House.,supports,supports,supports,True
afrifact_data_culture_yoruba_070,yoruba,A black chair is not good for needing in plans that have to do with the deity of Earth or the Moon.,"In 1971, he graduated from Masters in . He graduated with a Doctorate in mythology in 1966. Abimbaola was the first PhD student in . He became a professor (Professor) in 1976. Abimbola taught students in three different universities in the country, they are; between the years 1963 to 1965, between 1966 to 1972, between the years 1972 to 1991.",nei,nei,nei,True
afrifact_data_culture_igbo_093,igbo,I have eaten rice and soup.,"It is eaten quickly but if it is left to linger, it often talks quickly at times.",nei,nei,nei,True
afrifact_data_culture_yoruba_235,yoruba,All the colonialists who were there agreed with Oni's proposal.,Oba Oyekan I (died on the 20th of September 1900) reigned as King of Eko from the third month of 1885 to the 20th of September 1900.,nei,nei,nei,True
afrifact_data_culture_igbo_618,igbo,The government wanted Mugabe to be buried at the National Heroes' Cemetery but Mugabe's family did not agree because Mugabe told them when he was alive to bury him next to his father Bona's burial ground.,"The government had wanted Mugabe to be buried in the country's heroes' cemetery, but his family refused. They said that Mugabe wanted his grave and that of his mother Bona to be close together. No high-ranking official attended Mugabe's funeral. His wife Grace and his children carried his coffin until it was placed on the ground.",supports,nei,nei,False
afrifact_data_culture_igbo_046,igbo,The number of children in Abidi's school is large.,"Ichi is not a popular school, therefore, the Igbo people in some Delta Igbo do not do it.",nei,nei,nei,True
afrifact_data_culture_yoruba_189,yoruba,"After that, Agbowu sued Oluwooo and asked him for money without getting angry.","So happy! Agbowu calls Oluwo to court, he is asking for ₦100m money, don't get angry Before we have announced to you that Agbowu of Ogbagaba town, Oba Dhikirullahi Akinropo, went to Oluwo ti Iwo, with Abdulrasheed Adewale Akanbi, Telu Kinni, in front of the Osun State High Court, and he is asking for money, I am sorry that he paid one hundred million Naira for how Oluwo betrayed his mother.",supports,supports,supports,True
afrifact_data_culture_igbo_541,igbo,Lawyer Paul Achalla told BBC Igbo that Nnamdi Kanû violated the Facebook Law and that is why his account was banned.,"Paul Achalla, a lawyer abroad and a member of Ipob, has stated the plan they will follow to restore the Facebook logo of their leader, Nnamdi Kanu. In his interview with BBC Igbo, Achalla explained that it may be for one reason or another that Nnamdi Kanu's Facebook account was taken down, but Facebook should give him a chance to respond.",refutes,nei,nei,False
afrifact_data_culture_hausa_506,hausa,There are people who claim that they are Muslims but they do not believe in hadiths.,"According to them, the meaning of Hadith is Hakaito Fadar of the Messenger of God [S.A.W] His work and confirmation.",nei,nei,nei,True
afrifact_data_culture_igbo_387,igbo,Ji is a meal that children eat at school and is made with beans and rice.,"In some cities, the ceremony lasts a whole day, while in many places it can last a week or more.",nei,nei,nei,True
afrifact_data_culture_yoruba_788,yoruba,"Islam has to do with injustice, and this leads everyone to what will benefit them.","Islam is the religion that believes that the knowledge of God (al-Taoheed) is its foundation, righteousness is its pillar, it is based on consistency, truth. And what is the great religion which is that it leads all creatures to all the things that will be beneficial for them in heaven and their world. In the same way, he also keeps them from going about everything that will be bad for them whether it is in the world or in heaven.",refutes,refutes,refutes,True
afrifact_data_culture_igbo_256,igbo,Kanu Sports TV is very expensive in the market.,"He is also the owner of Kanu Sports Television, an Internet sports television company.",nei,nei,nei,True
afrifact_data_culture_yoruba_606,yoruba,"Igge died on the 23rd day of the 12th month, year 2001 when they forcibly took his life.","Ige was born on the 13th day of September 1930, he died on the 23rd day of the twelfth month of 2001. Ige became the Federal Government's Minister of Justice and the Attorney-General of the Federal Government between 2000 and 2001 when his life was forcibly taken. December 2001. Ige was the governor from the 10th month of 1979 until the 10th month of 2003. After the return of political power in 1999. The beginning of his life [ | ] Jemisii Ajibola Idowu Adégokke Ige was born in the city on the 13th day of September 1930 although his parents were born in the city. Ige moved to the city at the age of fourteen to study at school between 1943 and 1948.",supports,supports,supports,True
afrifact_data_culture_hausa_530,hausa,Muhammad Bello Yabo is a teacher of Ahlussunah in Sokoto.,The one in the video criticized the governor of Kaduna state and other governors for banning Eid prayers in their states.,nei,nei,nei,True
afrifact_data_culture_yoruba_309,yoruba,Sunday Igboho preceded the police to Seriki's house in Igangan with courage after he was accused of breaking into the house to prove that he knew nothing about it.,"Is it true that Sunday Igboho burnt the house of Seriki Fulani in Igangan? Let me explain to be clear. ""When I arrived in Eruwa, I presented myself at the police station, and I said something when I came to the area, and the head of the police station agreed to accompany us. When we arrived in Igangan, we went to the city with the 'operation Burst police' and sent them back immediately to tell the police."" I said, will the police officer ask us not to burn Seriki's house? Will the police force let us go if we burn Seriki's house? There was nothing like that when we were there, so we did not burn Seriki's house. Sunday Igboho advised all the children of Karo-oojire to stay calm. It is important to talk about politics on things that have to do with people's lives.",supports,nei,nei,False
afrifact_data_culture_hausa_178,hausa,A zoo was established in Kano in 2000.,"It is one of the oldest and largest zoos in Nigeria, covering an area of ​​about 46 hectares. History.",nei,nei,nei,True
afrifact_data_culture_igbo_481,igbo,Lawrence Ifeanyi Ugwuanyi is the traditional king of the Ovoko people in Igboeze Federal Continuity of Enugu State.,He was a Member of the House of Representatives of Nigeria for twelve years. He is a member of the (PDP) representing Igboeze North/Udenu Federal Constituency of Enugu State.,refutes,nei,nei,False
afrifact_data_culture_hausa_514,hausa,Everything that was done before the Prophet (S.A.W) became Sunnah.,"The origin of the name comes from the word Sunna, that is to learn and do everything that the Prophet (S.A.W.) did, or ordered, to be done or was done before him but he did not prohibit what was done.",refutes,nei,nei,False
afrifact_data_culture_igbo_447,igbo,Nigeria has 36 states that are known for their work and efforts,"Kanu was arrested on charges of fraud in Nigeria on October 14, 2015 and has been detained for over a year, despite various court orders for his release.",nei,nei,nei,True
afrifact_data_culture_yoruba_383,yoruba,"Videos circulating on the Internet show that officials allow special guests to touch the stone in secret, which shows how some people are isolated from the law.","Apart from the Ka'abah, worshipers will not touch the black stone known as Hajar Aswad, and they must also leave a distance of one meter and welcome to each other, while they are worshiping. Many Muslims will not have the opportunity to participate in this year's Hajj, because as Saudi has announced that, few people will participate in this church, which is an important group in the Islamic religion.",refutes,nei,nei,False
afrifact_data_culture_hausa_674,hausa,Every country gets development if it has good security.,She said her investigation showed that security forces have killed at least 18 people since the curfew came into effect on March 30.,nei,nei,nei,True
afrifact_data_culture_igbo_036,igbo,"Of the two types of construction materials, the most common is wood","Of these two types of construction materials, the one made of wood has been used for a long time.",supports,nei,nei,False
afrifact_data_culture_igbo_086,igbo,Seeing the body is used to celebrate the New Year.,It is what is used to celebrate the New Year.,supports,nei,nei,False
afrifact_data_culture_hausa_523,hausa,The Nigerian government ordered the killing of Sheikh Ja'afar Mahmud Adam.,"While some said that a radical group killed the Sheikh, others said that Mr. Shekarau, the governor of Kano at the time, could be responsible because the teacher was one of his biggest critics.",refutes,nei,nei,False
afrifact_data_culture_hausa_464,hausa,Many poor people share the zakat that Kano's rich people give out during the Ramadan fast.,"It is taken out of the wealth that he owns which includes coins, property, and minerals which is up to a certain amount and it reaches a specific time to some of them.",nei,nei,nei,True
afrifact_data_culture_hausa_117,hausa,Nigeria is a country that thrives on oil wealth.,He attended Biu Government Secondary School in Borno State between 1977 and 1982.,nei,nei,nei,True
afrifact_data_culture_yoruba_377,yoruba,The citizens refused to praise Osinbajo for the hard work he did to see that the economy was going as it should.,"There are no two reasons why Nigerians are so angry with Professor Oşinbajo, than the steps he took during his visit to President Muhammadu Buhari for the last ten days he spent on vacation recently and after us. Amso, like a politician from the southern part of Nigeria, is not sure that Osinbajo will be able to compete for the position of president during next year's general election, because of the pick-and-pick process that they put on the system of representation between the north and south of the country. 'Unlawful killing and punishment by the police' Recently, Professor Osinbajo ordered the reorganization of the armed forces of robbers, FSARS, which has now become too big because of the various accusations of corruption against them.",refutes,nei,nei,False
afrifact_data_culture_hausa_321,hausa,Nuts are often used to prepare a tasty drink that gives energy especially to young people in Africa.,"to human health as it has been rumored, expert research has confirmed that, ""The benefits of walnuts for human health are more than its harmful effects"", Ugwu and his team (2020). It washes the mouth, increases energy, quenches hunger and thirst, refreshes the body and contains many medicinal and other substances (Lovejoy, 1980).",nei,nei,nei,True
afrifact_data_culture_yoruba_045,yoruba,"The curse of Alabala is the curse, the curse of Apesa is the one who sings to people while the curse of Aláago is the curse of leisure",These are the ones who keep twisting and turning. The Bone of the Fisherman. I am singing to the people about the beauty of these bones. The Clock's Bone. Àwọn eégún wọ̀nyí jẹ́ egúngún oní fàájì àti bbl. The names they call these bones also differ from city to city and community to community. The Story of Bones [ | ] The story teller thinks Iwasayi or the beginning of the bones but what we will explain is the story of the hero known as Ogogo son of kulodo.,supports,nei,nei,False
afrifact_data_culture_hausa_096,hausa,22000 school teachers have lost their jobs as a result of a guarantee by Nasir El-Rufai to the Ministry of Education in Kaduna State.,"The governor, El-Rufai has started the implementation of reforms in the education sector with the aim of reforming the educational environment in the state. El-Rufai sacked over 22,000 primary school teachers. [ ] The government of E",supports,nei,nei,False
afrifact_data_culture_igbo_728,igbo,A police officer named Lukmon Akanbi has shot dead a young man who had a disagreement with him in Lagos Island on Friday. The police convicted him and fired him.,The police have arrested a person who shot and killed a young boy in Lagos Island on Friday. The police officer named Lukmon Akanbi and a young man named Ramon Adeniyi had a small disagreement and he shot him down. Bala Elkana who spoke to the police in Lagos said that Akanbi has been sentenced to domestic violence according to the law of the police and fired.,supports,supports,supports,True
afrifact_data_culture_igbo_020,igbo,Abang said that he and his staff have made sure that no motorcycle is on the road this week.,Abang said that he and his staff have made sure that there are no motorcycles on the road this week.,supports,supports,supports,True
afrifact_data_culture_igbo_427,igbo,Alexander Ekwueme studied at the University of Nigeria and obtained a Bachelor's degree before moving to England,"As a recipient of a Fulbright Scholarship in the United States of America (being one of the first Nigerians to receive the award), He attended the University of Washington where he obtained a Bachelor's degree in Architecture and Urban Planning.",refutes,nei,nei,False
afrifact_data_culture_yoruba_167,yoruba,Tayé Taiwo played football in the South African national league for five years.,"International. They bought Taiwo to the Nigerian Premier League, into the Lobi Stars football team. Where he also spent a year. Olympique de Marseille [| ] In 2005, when he was 20 years old, a French football club called Olympique de Marseille took Taiwo into their possession. They bought Taiwo in order to replace Mr. Bixente Lizarazu who has gone to the Bayern Munich soccer team. Taiwo took the ball and Olympic Marseille became the winner",refutes,nei,nei,False
afrifact_data_culture_hausa_354,hausa,Ahmed Musa scored two goals in Nigeria's 2-0 win over Iceland at the 2018 World Cup.,"Although his performance against Iceland was outstanding, it was not enough to keep the West Africans out of the tournament as they were knocked out by Argentina. On 22 June 2018, Musa scored twice in a 2-0 win over Iceland in their second group match. World Cup match. In June 2019, he became the third most capped player in the Nigerian football team, surpassing him, after appearing in a friendly match against Zimbabwe.",supports,supports,supports,True
afrifact_data_culture_yoruba_096,yoruba,"Jalofuf is a delicious rice cooked with tomatoes, onions and herbs.","This dish is a mixture of rice, tomato, onion, vegetables, herbs and meat together in a pot, with ingredients, and people cook this dish in different ways everywhere. History and background [ | ] They brought a type of mixed rice similar to the Senegalese in the region of Senegal under the kingdom of Joloofu or Wolofu in the 14th century, which Senegal, Gambia and Mauritania used to exchange rice.",supports,nei,nei,False
afrifact_data_culture_hausa_171,hausa,Katsina State has achieved a lot of development activities during the military rule.,This push and pull and other charges that are related to money have made the commission i.e. E.F.C.C to prosecute Governor Shema before the court on charges of corruption of funds amounting to about eleven billion (N11 billion).,nei,nei,nei,True
afrifact_data_culture_hausa_504,hausa,The Holy Qur'an mentions the Torah eighteen times.,"In the Qur'an [ | ] The word Tawrat appears eighteen times in the Qur'an and the name of Moses is mentioned 136 times in the Qur'an; nowhere is it written that Moses alone was given the Torah, but on the contrary it is written in the Qur'an that the prophets ruled with the Torah.",nei,supports,supports,False
afrifact_data_culture_hausa_392,hausa,Followers of JIBWIS organize meetings to learn cooking and peace in the community.,"Jama'atu Izalatul Bid'a Wa'Ikamatus Sunnah (JIBWIS). it is a religious group, the followers may be safe and secure in God's safety. And this organization was established in the capital city of the state which was founded by the great teacher of Islam and the Chief of the Army, that is Sheikh Jos and the Organization Center is still in Jos under the leadership of the first Khalifa of this organization that is Sheikh and the organization is still in Jos under the leadership of the first Khalifa of this organization that is Sheikh. trust in him) with the things he brought from God Almighty, without pleasure or loss.",refutes,nei,nei,False
afrifact_data_culture_yoruba_690,yoruba,Oyo State in the west of Nigeria is one of the 36 states of the country.,"Oyo State is one of the 36 states in the country. This state is located in the West of Nigeria, and its capital is based in the city, and its capital is the third most populous city in Nigeria, and it is also the second most populous city in Africa.",supports,supports,supports,True
afrifact_data_culture_igbo_280,igbo,Fishermen and those who travel by boat in the River Sum Owari Ogbaru pay taxes to the Anambara government.,"It is the largest lake in Imo, South East; in the rain region of Niger.",nei,nei,nei,True
afrifact_data_culture_yoruba_624,yoruba,"Ondo State, also known as the Sunshine State, is the 19th most populous state in the country.","Ondo state Nicknamed ""Sunshine State"", Ondo is the 11th largest state in the country and the 25th largest state in terms of land area.",supports,nei,nei,False
afrifact_data_culture_hausa_079,hausa,God took the life of Ado Bayero in London after suffering from illness.,"On June 6, 2014, after fifty years on the throne, Ado Bayero died in his palace.",refutes,nei,nei,False
afrifact_data_culture_igbo_554,igbo,"Odumeje, Rita Edochie and Ada Jesus have problems. Rita Edochie later forgave Ada Jesus of all the accusations she made against him.","Rita Edochie, Odumeje, Ada Jesus: 'Chukwu I have taken revenge on this lady' A famous actress named Rita Edochie has said that she has forgiven Ada Jesus who is a famous actress for the bad words she said against her. He said that he was happy that the world knew that Ada Jesus hated him.",supports,nei,nei,False
afrifact_data_culture_yoruba_135,yoruba,Ayodeji Balogun was nominated for a Grammy award in 2015,"Ayodeji Ibrahim Balogun popularly known as Wizkid first qualified for the Grammy award with his collaboration with American rapper Drake in 2015. Wizkid is widely believed to have started writing music at the age of eleven. Wizkid became the talk of the town in 2011 after releasing the song ""Holla at Your Boy"". 5. Seun Kuti Seun Kuti who is one of the sons of the late Fela Kuti who is singing along with one of the Nigerian singers nominated for the Grammy award in 2018.",supports,supports,supports,True
afrifact_data_culture_hausa_304,hausa,Awara is a savory food made entirely of wheat,"Awara is used to make soy beans, where the beans are ground and filtered, the beans are placed on the fire until it becomes soft, and the sour cream or sour cream is added to the body.",refutes,nei,nei,False
afrifact_data_culture_hausa_334,hausa,Boxing is a simple team sport similar to football,Boxing is a martial art of Hausas from Nigeria. Competitors in a regular game like to beat each other in total launch usually in three rounds. It often causes serious physical injuries to the challengers such as broken jaws and ribs.,refutes,refutes,refutes,True
afrifact_data_culture_yoruba_766,yoruba,All soups are first rinsed before using them.,"Oha soup is a common soup in the south and east of the country. Oha soup is a soup of the Eastern region, and it is usually cooked by the people of Ibo, from the evergreen tree whose scientific name is Pterocarpus mildraedii.",nei,nei,nei,True
afrifact_data_culture_hausa_700,hausa,It's a good idea for people to do a lot of research before going on vacation.,"Investigators say that most of the time, people send fake messages or fake videos to other people they deal with on social media, where some have more than 100 followers. Then a group of people quickly gathers to attack strangers, and the police do not have enough time to respond.",nei,nei,nei,True
afrifact_data_culture_hausa_812,hausa,Muhammadu Buhari has been ruling Nigeria for 8 years.,"The political style of Nigeria is seeing the departure of members of parliament and some governors of the APC, it is a big issue that can weaken the position of President Muhammadu Buhari in the parliament, and it is a big threat to his candidacy in the 2019 election.",nei,nei,nei,True
afrifact_data_culture_yoruba_341,yoruba,"On Victory Day, journalists published this news about the magnificent house built by Aláfin for its leaders.","On Sunday we bring you the news that His Majesty gifted Chief Memunat Omowunmi with a beautiful house in Ibadan. The second leader, Aishat Folasade, who also won the award, has announced on her social media that she was lucky.",refutes,nei,nei,False
afrifact_data_culture_yoruba_181,yoruba,Mr. Wole lied to mom when he said on the clock that he was in class.,"Ina is ready to stop paying the salaries of state legislators and Judges - Fayemi The government has asked judges and legislators in the state to calm down because the governors are ready to stop them from paying their salaries. The governor of Ekiti state and the chairman of the governors' association in Nigeria, Kayode Fayemi announced this after a meeting in the church in Abuja. He has a head",nei,nei,nei,True
afrifact_data_culture_hausa_525,hausa,Sheikh Ja'afar Mahmud Adam used to interpret the Qur'an every Friday at Gadon Kaya Mosque.,"Shiekh Ja'afar Mahmud Adam (February 12, 1960 - April 13, 2007) was a religious scholar and member of Jama'at Izalat al Bid'a Wa Iqamatus Sunnah of Nigeria, a religious and political organization headquartered in Abuja.",nei,nei,nei,True
afrifact_data_culture_hausa_560,hausa,The teachers are very happy when they see their students progressing in their studies.,"In most countries, professional teachers are paid a fee to teach regular students.",nei,nei,nei,True
afrifact_data_culture_yoruba_323,yoruba,"They threw a party, they threw rock at the wedding of Buhari's son, and many people gathered there, not caring about the Covid-19 regulations.","""The marriage of President Buhari's son is one of the most humble weddings that those who are building the government will do in the history of Nigeria."" Regarding a video that is spreading on the internet, where the tires are burning and some people are beating them, Aliyu said it was not the government building in Abuja where the video was taken, but the incident happened after the wife left her husband in Kaduna. Aliyu, Aisha Buhari's wife, knows that the Covid-19 disease is still prevalent in the society, so she made sure that all those attending her son's wedding follow the hygiene guidelines laid down by the health authorities.",refutes,refutes,refutes,True
afrifact_data_culture_yoruba_043,yoruba,"Every tree bows to God the King, the plant and all the leaves of the earth.",These are the ones who keep twisting and turning. The Bone of the Fisherman. I am singing to the people about the beauty of these bones. The Clock's Bone. These curses are cursed curses etc. The names they call these bones also differ from city to city and community to community. The Story of Bones [ | ] The story teller thinks Iwasayi or the beginning of the bones but what we will explain is the story of the hero known as Ogogo son of kulodo.,nei,nei,nei,True
afrifact_data_culture_igbo_013,igbo,Bianca Ojukwu is the second female CEO of the Nigerian Stock Exchange.,She is the first woman to hold a position as the head of the Nigerian Stock Exchange.,refutes,nei,nei,False
afrifact_data_culture_yoruba_218,yoruba,It is not included in the oath of the politicians to provide good security for the citizens.,"Similarly, Yoruba dignitaries such as O'oni tilu Ile Ife, King Adeyeye Onitan Ogunwusi, Olugb tile Igbh attended the ceremony. In his welcome speech, the chief guest at the inauguration ceremony, governor Sheyi Makinde of Oyo state, said it is time for Yooba land to threaten the real terror itself. Makinde went on to say that the Amotekunk building is for the enjoyment of life and a strong security system for all the children of Oodua. He said every governor has sworn to respect the law by developing a security system that will work for all citizens.",refutes,refutes,refutes,True
afrifact_data_culture_hausa_465,hausa,Those who have money can take their zakat to the zakat and hubusi board so that it can be given to those who deserve it.,(The poor) On the path of Allah (For the sake of reason) Servants Those who are drawn to Islam The poor The traveler who does not blaspheme Allah Those who are in debt Those who work on the wealth of Zakat,nei,nei,nei,True
afrifact_data_culture_yoruba_557,yoruba,There is a type of Gaari in Yoruba land. And this is Gaari the curse.,"Garri flour Cooked garri ( ) on a plate in Cameroon Whole cassava tubers Peeled cassava pieces In the western region, garri (also known as gari, galli, or gali) is a flour obtained from the body of cassava. In the language, sugar means the powder of , , , , , and . For example, garin dawa is obtained from flesh, garin masara and garin alkama are obtained from wheat as well, while garin magani is a flour tool. We mix it together with cold and hot water in some countries such as: , , , , , and . Egeg, which is a sore that we have seen, is full of many ingredients. Gaari is also similar to that of the country, which is used to prepare different types of food, especially in the state. How we do it [ | ] Process of garri making To make garri powder, we will boil it, then we will wash it clean before we grind it. We can add oil to it before pouring it into the bag, then we will put it under the machine where we will give it for one hour to twenty-four hours to give the water that is on it. After it is dry, it will be baked in a large bowl, we can add oil or not. After this he will give us Gaari, we can hide for a long day. We can stab him or use him to give us flour. Salt is divided into different types, lebu, which does not fail and which does not fail much, which can be used to make different kinds of food.",refutes,nei,nei,False
afrifact_data_culture_igbo_191,igbo,The Awsa people live in the northern parts of Delta and Rivas,It is also the Igbo people who live in the northern part of Delta River and River Rivas.,refutes,nei,nei,False
afrifact_data_culture_hausa_211,hausa,The North House is a building that used to be a storage place for British colonial war equipment.,"The house has been used as a research center since 1970, after a committee known as the Committee on the History of Northern Nigeria was tasked with writing a book on the history of Northern Nigeria.",refutes,nei,nei,False
afrifact_data_culture_hausa_537,hausa,He attended two prayers and one ablution.,"if you get good (pure) water that purifies itself, after you have purified yourself, which the law has brought, that is, in Islam. Then you find a holy place and sit down, then put your ablution item on the right side if it is open, and if it is closed, you should put it on your left side.",nei,nei,nei,True
afrifact_data_culture_hausa_472,hausa,The fasting person can meet his family before sunset.,"Fasting is abstaining from eating, drinking, having sex (sexual intercourse between a man and a woman) or smoking or injecting food from the beginning of dawn until sunset.",refutes,nei,nei,False
afrifact_data_culture_yoruba_118,yoruba,The new road that they are building from Lagos to Calabar will make the economy even more chaotic.,"But Anthony Joshua has now taken back all of these championship belts. Also, he was the British and Commonwealth Heavyweight champion from 2014 to 2016. References [ | ] Penn, Matt (2019-12-08).",nei,nei,nei,True
afrifact_data_culture_hausa_238,hausa,A forest market was built in the Sahara district.,"The market of Kurmi was established in the fifteenth century (15) as a center of trade and storage of goods for the development of business in the city, as a result of the expansion of trade in the region and the Sahara. It was built in the Jakara district of the city.",refutes,nei,nei,False
afrifact_data_culture_hausa_429,hausa,The followers of the Shia religion are in short supply in Nigeria when compared to the sectarians.,He is the one who founded the Muslim brothers group in 1979 in Zaria.,nei,nei,nei,True
afrifact_data_culture_igbo_608,igbo,One generation is those who see that the country is successful and the brothers give orders. They keep the country white and go to war when a fight breaks out,"A generation - This is a group of people who are the same age as men who were born at the same time. they are responsible for the security of the entire country. They are also the ones who go to war or fight whenever there is a fight. They are the ones who clean the road, water and market if there is something blocking it or the water is filled with trash. It is they who create anything that a group of brothers or elders and others have ordered, such as if there is someone who will be expelled from the country or someone who will be punished.",supports,nei,nei,False
afrifact_data_culture_igbo_697,igbo,R.Kelly pleaded guilty to all charges against him.,"R. Kelly says he is innocent of the new molestation charges The famous American singer, R. Kelly, has said he is innocent of the allegations that he molested 13 children in Chicago, including a witness. A new person called the 'Minor Six' is among the accused.",refutes,refutes,refutes,True
afrifact_data_culture_hausa_599,hausa,Sheikh Qaribullah married two women at the age of twenty-two.,"in new clothes, make it into a quilt, or use it. The many steps used in making clothes from scratch (weaving, making, cutting, repairing, etc.) means that women often share their skills with each other. Decorative needlework such as needlework is a valuable skill, and girls with the time and means will work to build their skills in this area. From the Middle Ages to the 17th century, sewing tools i",nei,nei,nei,True
afrifact_data_culture_yoruba_757,yoruba,This murderous incident took place in the city of Ijessa in Idominaa specifically.,"If we talk about those who are under Sin, many cities can be found under them. Among these cities we have seen big and small cities. The cities are these (1) Ipole (2) Forest (3) Iwungung (4) Ibode (5) Itapa (6) River (7) Olowu (8) Iperindo (9) Iloko (10) Iwaraya (11) Ijesa-Ijesa (12) Ilejesa (13) Ijebesa-Jessa (14) Ipetu-jesa (15) Erin -Ijesa (16) Idominaa (17) Ilase (18) Ilowa (19) Ikifwa (20) Love (21) Esa-oke (22) Esa-odo (23) Ibokun (24) Otan-ile (25) Imese-ile (26) Osu (27) Ipetu-ile (28) Ilare (29) Life (30) Itagunmodu (31) Mogbara (32) Son (33) Existence (34) Very Healing (35) Sin",nei,nei,nei,True
afrifact_data_culture_yoruba_414,yoruba,Boko Haram was created to be a non-violent group with the aim of spreading Islamic principles in the Northern part of Nigeria.,"In 2002, they founded Boko Haram, as a non-terrorist group with the goal of purifying the Islamic religion in northern Nigeria. The idol of the group turned into a gunman in the pursuit of his goals. Boko Haram is not only in Nigeria now, its influence has reached neighboring countries such as Chad, Niger and Cameroun. Countless thousands of people have been sent to heaven, and another two million have become settlers. Boko Haram should not abduct students, which made the eyes of the world open to him in 2014, after abducting about a hundred female students from a school in Chibok, Borno state, the state where Boko Haram first became a terrorist. In 2015, Boko Haram was recognized as the world's worst terrorist group, according to the Organization for Economic Co-operation and Development.",supports,supports,supports,True
afrifact_data_culture_yoruba_719,yoruba,"During this time, the people of Ijebu will bring food to get salt.","Kutere's father was in Lagos State during the 1700s. When Kutere was in power, the friendship between Lagos and Ijebu increased, the Ijebu people brought food to get salt, tobacco, spirits, and other things that they",supports,nei,nei,False
afrifact_data_culture_hausa_371,hausa,The Argungu festival has a history since 1934 and is important for the economy and the people of the region.,"The festival started in the year 1934, as a symbol of the end of the old disagreement between the Kingdom of Kebbi. In 2005, the winning fish weighed 75 kg and required four men to weigh it. In 2006, the festival banned fishing due to safety concerns related to water scarcity. The importance of the festival to the economy has made the government protect the fish by prohibiting the use of mosquito nets.",supports,supports,supports,True
afrifact_data_culture_yoruba_217,yoruba,Only those students who are useful to their teachers will be remembered by the teacher when they need them.,"He said Amotekun is not meant to replace the existing security agencies, but will work together with the remaining security guards, so that the system can be effective. He added that, all Amotekun representatives will be responsible for each area with knowledge of the language and culture of the areas. Fayemi explained that, Amotekun of each state will control the state they are divided into without crossing to my state, unless an emergency occurs.",nei,nei,nei,True
afrifact_data_culture_yoruba_034,yoruba,"The minister said that it is good that we close three camps, but we will not have one for Daud and Loladé.","However, an economist, Gbadamosi Olusola, who is the Vice President of the Association of Economists and Accountants in Nigeria, told the BBC that a few days of danger will be brought to the people. This is not the end of how the coronavirus has affected the economy. What good has till date done for Nigeria? Ọgbẹni Gbadamosi Olusola ṣalaye pe ko si anfaani kankan ti Naijiria jẹ lara titi awọn ẹnu ibode, nitori pe iṣẹ fayawọ lọ soke si, ti ko si tun si ayipada lori ọrọ eto aabo.",nei,nei,nei,True
afrifact_data_culture_igbo_707,igbo,Mary Udumeke is working hard in Anambra city to ensure that women are not allowed to live in the mountains.,"Mary Udumeke is a woman who is trying to stop women living in the mountains in Ebonyi state. But when it comes to the Eastern region, only Abia and Imo states have not signed the 'Violence Against Persons Prohibition Act'.",refutes,nei,nei,False
afrifact_data_culture_yoruba_442,yoruba,Roqeeb Aderogba failed to do the drone six times before he succeeded.,"The king of information in the Yoruba land if he does not do ours will not be long. Similarly, Sunday Igboho assured all Yoruba children that the king of information in the Yoruba land is behind him for the act of activism he is doing. Igboho said that ""all the kings of Yoruba land are behind us, if there is a king, he is not behind us, go and make a video on the internet and we will see, it will not be the next day."" Igboho is the idea that he has, he is taking the Yoruba children who are above the salary to call the house he is going to. ""Come home, the mother who feeds us is enough, the time is enough, the house is broken, let's make each other one. ""The time is enough, the house is broken, let us make each other one,'' said Igboho.",nei,nei,nei,True
afrifact_data_culture_igbo_299,igbo,"In 1957, Ozumba Mbadiwe took office as a judge in the highest court of Nigeria.","In 1957, he was made Minister of Commerce.",refutes,nei,nei,False
afrifact_data_culture_hausa_488,hausa,Many people mourned the death of Muhammad Auwal Albaniy Zaria.,The gunmen shot Sheikh Muhammad Auwal Adam Albani Zaria along with one of his wives in the town on their way back home after attending the evening Tafsir recitation that they used to attend in the town.,nei,nei,nei,True
afrifact_data_culture_hausa_019,hausa,Murtala Muhammad died in a car accident in Lagos.,Murtala Muhammad was killed after morning prayer and he was shot with a gun after leaving the mosque on his way back to his home in Lagos where a person called Buka Suka Dimka shot him with a gun.,refutes,refutes,refutes,True
afrifact_data_culture_igbo_290,igbo,"Linnaeus divided bananas into two species, including Musa paradisiaca and Musa sapientum.",Linnaeus originally divided bananas into two species based on their use as food: Musa paradisiaca for bananas and Musa sapientum for food bananas.,supports,supports,supports,True
afrifact_data_culture_hausa_771,hausa,Sheikh Abdullahi Uwais is a cardiologist in Kano.,"Sheikh Abdullahi Uwaisu was born in Limanci area of ​​Kano, Nigeria in 1954.",nei,nei,nei,True
afrifact_data_culture_igbo_489,igbo,Peter Obi regularly donates money to various libraries,"He attended Christ the King College, Onitsha, where he completed his secondary education",nei,nei,nei,True
afrifact_data_culture_yoruba_464,yoruba,Reports suggest that the assignment will end because of ASUU members who accepted what the government gave.,"Scholar Ashiru said that the conflict is still going on, because they have not resolved the issue with the federal government. He said this in response to the announcement by the federal government of Nigeria that he will meet with the ASUU group this week to resolve the issue that has kept the group in conflict for several months. In an interview with Channels News, the Minister of Employment and Labor Affairs, Academician Chris Ngige confirmed that the dialogue will resume with the leaders of the senior staff union in the university, SSANU and the educational institutions to resolve the issue between the government and the ASUU union. He is a Ngige scholar and he hopes that the matter will be resolved this week, and the education system will resume in the universities. He also said that the federal government is holding other internal meetings, where they have documented the important things that will solve the issue. The new technology system that the government wants to use to pay the salaries of the teachers (Integrated Payroll and Personal Information System, IPPIS) is the cause of the ASUU's protest. The president of ASUU, Biodun Ogunyemi said that the new policy will bring hardship to its members.",refutes,nei,nei,False
afrifact_data_culture_hausa_624,hausa,Mamman Shata is one of the greatest singers known in many countries. Northerners Leave Sleep is one of Shata's songs.,"Mamman Shata is one of the most famous singers in the world. He was a famous singer, because he was famous in the field of his music. ""The Northerners Leave Sleep"" is one of his songs. Shatta: Northerners Stop Sleeping, Our Nigeria is Sweet Northerners should be left sleeping, our Nigeria is sweet. So! Answers: Yes, Northerners, let sleep, our Nigerians, there is happiness.",supports,supports,supports,True
afrifact_data_culture_hausa_137,hausa,The EFCC charged Sule Lamido with stealing government funds in 2015.,"In 2015, he and his sons were charged with embezzlement of government funds by the EFCC.",supports,nei,nei,False
afrifact_data_culture_hausa_463,hausa,Even the rich can receive zakat to increase their capital.,(The poor) On the path of Allah (For the sake of reason) Servants Those who are drawn to Islam The poor The traveler who does not blaspheme Allah Those who are in debt Those who work on the wealth of Zakat,refutes,nei,nei,False
afrifact_data_culture_hausa_239,hausa,A forest market was built in Jakara district.,"The market of Kurmi was established in the fifteenth century (15) as a center of trade and storage of goods for the development of business in the city, as a result of the expansion of trade in the region and the Sahara. It was built in the Jakara district of the city.",supports,nei,nei,False
afrifact_data_culture_igbo_240,igbo,Replaced is a Catholic.,Replaced is also a Catholic.,supports,supports,supports,True
afrifact_data_culture_igbo_202,igbo,Thieves must receive their reward.,"To demonstrate this situation, in 2018, they kidnapped more than a hundred students in Dapchi town.",nei,nei,nei,True
afrifact_data_culture_hausa_397,hausa,The division of Muslims did not immediately lead to the emergence of Shiism.,"It should be noted that the Muslims at that time were not divided into two groups, that is, the Shia and the Sunni, but this happened after the death of the Messenger of God, may God's peace and safety be upon him and his family, and the coup d'état held in Saqifa. Bani Sa'ida and the choice of Abubakar as the successor of the Messenger of God, may the peace and safety of God be upon him and his family, upon the Muslims. The matter faced the opposition of Ali bin Abi Talib, peace and blessings of God be upon him, and all Bani Hashim, Salman Al-Farisi, Abu Zarr Al-Ghafari, Al-Miqdad bin Al-Aswad, Ammar bin Yasser, and Ibn Al-Tayhan. Othman bin Hanif, and other companions and followers of Ali, may God's peace and safety be upon him. This is where the tree of Shia started growing.",refutes,nei,nei,False
afrifact_data_culture_hausa_165,hausa,Zamfara State is suffering from a security problem that the government has not yet been able to solve.,"The installation of solar powered street lights in the state capital has improved the lives of the residents of the state, as well as improved security and safety.",nei,nei,nei,True
afrifact_data_culture_igbo_507,igbo,"The Yoroba tribe has a tribe called Sango, which they see as powerful gods.","It governs industry, agriculture, and the farmer, and is celebrated annually in the Ikenga festival.",nei,nei,nei,True
afrifact_data_culture_igbo_197,igbo,A popular story says that the third person who is well known in Akwete is Dada Nwakata,A popular tradition says that a woman named Dada Nwakata was the first known person in Akwete.,refutes,refutes,refutes,True
afrifact_data_culture_yoruba_168,yoruba,"Táyé Taiwò is a back-handed footballer, and he plays for the Nigerian national team.","International. They bought Taiwo to the Nigerian Premier League, into the Lobi Stars football team. Where he also spent a year. Olympique de Marseille [| ] In 2005, when he was 20 years old, a French football club called Olympique de Marseille took Taiwo into their possession. They bought Taiwo in order to replace Mr. Bixente Lizarazu who has gone to the Bayern Munich soccer team. Taiwo took the ball and Olympic Marseille became the winner",supports,nei,nei,False
afrifact_data_culture_igbo_229,igbo,"With the support of the PDP, Obaseki became the governor of Edo state.","But without our support, Obaseki would not have been the governor of Edo State”.",supports,nei,nei,False
afrifact_data_culture_yoruba_413,yoruba,Buhari's government has completely defeated Boko Haram in Nigeria.,"In 2002, they founded Boko Haram, as a non-terrorist group with the goal of purifying the Islamic religion in northern Nigeria. The idol of the group turned into a gunman in the pursuit of his goals. Boko Haram is not only in Nigeria now, its influence has reached neighboring countries such as Chad, Niger and Cameroun. Countless thousands of people have been sent to heaven, and another two million have become settlers. Boko Haram should not abduct students, which made the eyes of the world open to him in 2014, after abducting about a hundred female students from a school in Chibok, Borno state, the state where Boko Haram first became a terrorist. In 2015, Boko Haram was recognized as the world's worst terrorist group, according to the Organization for Economic Co-operation and Development.",refutes,nei,nei,False
afrifact_data_culture_yoruba_388,yoruba,"Now, luck has favored Adetutu, when a famous musician in America, that is Rihanna, responded to his offer to work together.","Adetutu added that, there came a time, when he went to his parents to find out why they wrote him a line, but their explanation was that writing is part of the Yoruba culture, which will add to his beauty. He also said that many strangers who see him say that he is ugly, and when he walks on the street sometimes, people pull him back saying he is ugly, but other people defend him. However, this line of writing, Adetutu said, also caused his son's father to abandon him, because he was reluctant to walk with him. ""Part of the reason my son's father left me is that he didn't want to show me in public. And it was at night that we used to meet. We met privately for a few months in 2008, and I got pregnant in 2009. I gave birth to a woman for him, who will be nine years old soon."" Adetutu thinks that he is the most beautiful in the whole world, and he doesn't want to be with any man anymore because they only want to go out with him at night. Even he has one of our own, if he goes out for two years, he made a promise that they would meet at night, and he was fine, because he was four years old, his mother died, and a charitable organization watched him grow up.",nei,nei,nei,True
afrifact_data_culture_yoruba_756,yoruba,"In each country where bananas are fried, these bananas are separated from those that are for eating.","In other countries, bananas are cut and separated into edible ones. The fruit comes in different sizes, colors and shapes, but it is long and beautiful, with a soft body.",supports,nei,nei,False
afrifact_data_culture_hausa_230,hausa,Many women gathered in the market.,"The next day, the people of Daura gathered at the edge of the well, wondering who killed the snake; The heiress, the queen of the area has given the right to own half of the town to anyone who can prove that he killed the snake. Many men brought the heads of snakes before, but the heads did not match the body.",nei,nei,nei,True
afrifact_data_culture_hausa_407,hausa,Al-Qur'an is the last book of God and it was revealed in Arabic language by the Prophet SAW.,"Al-Qur'an: the text inside the al-Qur'an and the wall of the Al-Qur'an (Arabic; Al-Qur'an al-Qur'an) or the great one as it is known. It is the book that God revealed in the language of the Prophet of Mercy, that is Arabic, and it is the book that God closed the revelation of any holy book after it, (there is no book that God will reveal again after it) as God revealed to the previous Prophets, because (S A w) is the completion of the Prophets of God. Surat al-Nisa' which God sent down his verses to the Prophet of the Prophet (S.A.W) through the hand of .",supports,supports,supports,True
afrifact_data_culture_yoruba_180,yoruba,"In the faith of the Yoruba people, they believe that Olokun is the mother of Ajé","The Yorubas believe that Olokun gave birth to Aje, which is the God of Wealth, Ola, who is at the bottom of the sea. Olokun is the god who controls the things under the sea, and he is the god who is stronger than all the voices under the sea or the small gods who are under the sea. Olokun is a great God who is praised for his ability to give his worshipers Money, Honor, Wealth, and success when they are not finished.",supports,refutes,refutes,False
afrifact_data_culture_igbo_581,igbo,There is no need to teach children how to earn and how to spend money,"Start at an early age to teach your children how to save money Teaching a child about impulse and spending in time will make him know how to save money and wealth, which will help him until he becomes an adult. Children learn from demonstration, which is that if you are a good money maker, they will not get used to learning from you.",refutes,refutes,refutes,True
afrifact_data_culture_hausa_616,hausa,Mamma Shata is a famous Quranic school.,"He was a famous singer, because he was famous in the field of his music.",refutes,nei,nei,False
afrifact_data_culture_hausa_355,hausa,The Great Salat is just people visiting each other.,"The Great Prayer is a day with a lot of history in the world of Islam and Muslims which comes after the small prayer is performed for 2 months and 10 days. The day of the Great Prayer is a day when millions of Muslims go to the Eid ground to attend the Nafila prayer for two units to show their gratitude to their creator and show their joy to him who gave them the opportunity to allow this day in the history of their lives. , , , amale, . These are the species of animals that are charmed with them and it is more valuable than any other, so the camel is less valuable than any of them, which is a valuable tree in the country.",refutes,nei,nei,False
afrifact_data_culture_yoruba_041,yoruba,Martins is one of the players who never played football in Germany.,"Martins was 18 years old when he went overseas to Italy, since then, he has played football for a lot. In 2002, he started playing football for the Italian football team, he was the first football team ambassador before he came to England, he joined the football team in 2006, after which he moved to the country of Germany where he played football for in 2009.",refutes,refutes,refutes,True
afrifact_data_culture_igbo_451,igbo,Chris Nwabueze Ngige returned to become Governor after serving as a Member of Parliament,"In April 2011, Ngige ran for Anambra Central Member of Parliament, on the platform of the Action Congress of Nigeria (ACN). After voting difficulties in some parts of the region on 9 April, elections were held in these regions on 25 April and it was declared that Ngige was the winner over the former Minister of Information and Relations Professor APGA, with 69,765 votes and Akunyili's 69,292 votes.",refutes,nei,nei,False
afrifact_data_culture_yoruba_700,yoruba,The World Bank manages programs to reduce the cost of food around the world.,"Muhammadu Buhari (born on December 17, 1942 and died on July 13, 2025) politician who was the President of the country between 2015 and 2023. He served his first term between 2015 and 2019 and the second between 2019 and 2023 .",nei,nei,nei,True
afrifact_data_culture_yoruba_781,yoruba,Faith and knowledge may be similar in practice but their difference is manifold.,Yemoja is a water goddess according to the belief of the world religion or Yoruba practice. Yoruba believe that Yemoja is the mother of all gods. She is also the mother of all supernatural beings.,nei,nei,nei,True
afrifact_data_culture_yoruba_367,yoruba,The sacrificial men and women who never had sex were violated to stop the Fulani war in the town of Ogbomoso.,"Our Lagos government announced that Mary Daniels is not at the police station for any investigation or that it is a secret that she is lying, nor are they investigating her because her father is in the world. How was the story of Mary Daniel a few months ago: If you forget, recently the internet is full of news about the woman, and many people are raising money to sympathize with her. The woman who amputated explained, when the journalists were talking to us when her news came out, she explained that in a car accident that killed all the passengers in the vehicle, she had lost one of her legs. He said that both his parents died in this same car accident. When this photo of him swimming in pure water in Osodi in Lagos, came to the world a few weeks ago, many compassionate people in Nigeria and overseas came to help him. Ogbomoso: The sacrifice of a man and a woman who never had sex were violated to stop the Fulani war.",nei,supports,supports,False
afrifact_data_culture_igbo_306,igbo,"Agriculture is mainly done in rural areas and in Igbo land, all villages are engaged in agriculture, both men, women, young men and women.","Farming is mainly done in rural areas where there is a lot of land. Men, women, young men and women work in agriculture. When we come to Igbo land, it is as if all the villages are engaged in agriculture. In fact, the Igbo people are known for their agriculture.",supports,supports,supports,True
afrifact_data_culture_igbo_484,igbo,"Lawrence Ifeanyi Ugwuanyi went to visit patients working at the heart of the Ovoko people, in Igboeze North.",He was a Member of the House of Representatives of Nigeria for twelve years. He is a member of the (PDP) representing Igboeze North/Udenu Federal Constituency of Enugu State.,nei,nei,nei,True
afrifact_data_culture_hausa_712,hausa,The United States is one of the most powerful military countries in the world,"What kind of change will there be under the leadership of Biden? A few things we can predict - the change in relations with America's allies, then the issue of climate change, and the conflict in the Middle East. Relations between the United States and its allies Trump has been supporting liars and collaborating with them.",nei,nei,nei,True
afrifact_data_culture_hausa_640,hausa,Television and radio stations do not use music in their programs.,"Music is used to create other media, such as in soundtracks to movies, TV shows, operas, and video games.",refutes,refutes,refutes,True
afrifact_data_culture_igbo_419,igbo,"Akanu Ibiam, although a member of the Protestant church, helped in the work of the Catholic church.","as white people, is popular. In 1962, he was the chairman of the committee to establish a Protestant church",nei,nei,nei,True
afrifact_data_culture_igbo_037,igbo,They don't support golf courses at most hotels,They host a golf course and many hotels.,refutes,nei,nei,False
afrifact_data_culture_yoruba_091,yoruba,There was no one there when Dauda gave work to this sister.,"This dish is a mixture of rice, tomato, onion, vegetables, herbs and meat together in a pot, with ingredients, and people cook this dish in different ways everywhere. History and background [ | ] They brought a type of mixed rice similar to the Senegalese in the region of Senegal under the kingdom of Joloofu or Wolofu in the 14th century, which Senegal, Gambia and Mauritania used to exchange rice.",nei,nei,nei,True
afrifact_data_culture_yoruba_077,yoruba,"On the twenty-seventh day, third month, of the year 2020, this law will no longer work.","Oyo announced that government employees should stop working because of the coronavirus The Oyo state government has closed the doors of government offices for two weeks due to the spread of the coronavirus disease in the state. The governor of the state, Seyi Makinde made the announcement in a press release he posted on his Twitter handle. The order will come into effect on Wednesday, the twenty-seventh day of March, 2020.",refutes,nei,nei,False
afrifact_data_culture_hausa_583,hausa,"In 2022, America will start manufacturing diesel cars.","In October 2022, Ideanomics, an American company specializing in electric vehicles, commissioned what it claims is the largest assembly plant for electric tractors in North America.",nei,nei,nei,True
afrifact_data_culture_hausa_592,hausa,Sewing is a very difficult job.,Sewing was used to sew animal skins together for clothing and shelter.,nei,nei,nei,True
afrifact_data_culture_igbo_287,igbo,Sam Mbakwe was the first deputy governor of southern Nigeria in 1979.,"Sam"" Onunaka Mbakwe (1929 { - 5th day of January 2004) known as Dee Sam is a politician who was the first democratic governor, South from 1 October 1979 to 31 December 1983.",refutes,nei,nei,False
afrifact_data_culture_hausa_187,hausa,Yankari Forest starts from the south of Kano and ends at the north of Jigawa.,Yankari has been described as a part of southern Bauchi state at the time where many wild animals exist and can be protected.,refutes,nei,nei,False
afrifact_data_culture_hausa_726,hausa,Research has shown that there are more people with sickle cell disease in northern Nigeria because of the lack of testing at the time of marriage.,"A statistic released in March this year shows that Nigeria has the highest number of people with this disease in the world, where about 91,011 people are suffering from it. It is the northern part of the country and the most affected people are found. And it is linked to the lack of testing before marriage is the main reason why the disease is spreading in the country.",supports,nei,nei,False
afrifact_data_culture_yoruba_276,yoruba,King Seriki Ifaremilekun Abass Williams Fagbemi was born in Ilaro in Ogun state.,"The life story of King Seriki Ifaremilekun Abass Williams Fagbemi: Joga-Orile village in Ilaro town in Ogun state was where Ifarmilekun was born, and his father's name was Fagbemi. A rich man in Dahomey whose name was Abass was taken prisoner during the war between Dahomey and Egba when he was six years old, and he changed his name to that of his boss. That is why he is being married to Fagbemi Abass. 'Oyenusi is the one who made me join the gang before I met God' Then they sold the goods to a Brazilian chef named Williams, who took Seriki Abass to Brazil to marry his young son. As soon as he arrived in Brazil, his boss changed his name to Williams because the slave did not have any identity different from his money. William Abass was born in Brazil and studied Dutch and the Netherlands, as well as Spanish and Portuguese.",supports,supports,supports,True
afrifact_data_culture_igbo_587,igbo,Those who were forced to name the people of Enugu state their country.,"Is there anything wrong with delving into the spread of divination? A group of modern churches called 'Pentecostal Fellowship of Nigeria (PFN)' launched a two-night prayer war to cancel the conference. According to the head of the PFN in Enugu state, Bishop Godwin Madu, in a press release, he said that they will not remain silent and hand the state over to the amusu people.",refutes,nei,nei,False
afrifact_data_culture_igbo_295,igbo,Ozumba Mbadiwe founded Native News after serving as Minister in 1961,"Mbadiwe founded his own newspaper, the Daily Telegraph, as part of the protest.",refutes,nei,nei,False
afrifact_data_culture_igbo_629,igbo,"People want to know some things about traveling in the country, which made Henrietta Yakubu to say that the government has already restricted people from using vehicles for the next two months.","Instead, as it is now, the government is preparing to lift the ban on air travel. The Inter-Agency Liaison Officer of the Federal Airports Authority of Nigeria (FAAN) named Henrietta Yakubu answered some questions and some things people want to know about air travel these days.",refutes,nei,nei,False
afrifact_data_culture_hausa_799,hausa,Sofia Sadek is a primary school teacher in Tunisia.,"Sofia Sadek is a singer from Tunisia, who is famous especially in North Africa. AFP found out that the video originated from YouTube, where a radio station called Radio Med published it on September 24, 2016. The video has the title ""Sofia Sadek reciting the Koran during an interview"".",refutes,nei,nei,False
afrifact_data_culture_yoruba_749,yoruba,"Delana agreed that the real origin of the Egba came from Oyo, and added that Egba who do not have origin from Oyo are the children of ale or slave.","Many scientists have told about how the land of Egba was laid, and they have presented their findings to the world. Samuel Johnson, Sabiri Biobaku, Ajisafe, Delana and others are oral historians. Johnson believed that the Eagles came from Oyo. You have the true tribes of Egga whose origins reach Oyo. he also went on to say that Egba is the son of a slave or a slave if he does not have roots from Oyo.",refutes,nei,nei,False
afrifact_data_culture_hausa_144,hausa,"The local governments of Dambatta, Makoda and Minjibir get drinking water from Thomas dam.","His work to provide drinking water for Timas Danbatta stopped, until in 2008 and it was completed where drinking water was provided for the local governments of Dambatta, Makoda and Minjibir.",supports,nei,nei,False
afrifact_data_culture_hausa_809,hausa,The death of husbands puts their wives in a bad situation.,"Women whose husbands have died Traditionally, women are considered to be the property of their husbands. In some cultures, whenever a man dies, a woman falls into a state of oppression and abuse from her family.",supports,supports,supports,True
afrifact_data_culture_yoruba_525,yoruba,"Wizkid is not the only talented musician in Nigeria, other musicians who have become famous are Yemi Alade, Tekno, Falz, Olamide, Simi, Mr Eazi, Mologo and Patoranking","Today's singers agree that the Afro Beats music that is being played by others online is what is making Nigeria more popular in the world. Ayanbinrin Ara fi drum sings a Nigerian song. This is used as a musical element such as Afro-pop, azonto, hiplife and others among the people of Ghana and Nigeria as the song Oliver Twist by DBanj also opened people's eyes to it. Other Nigerian artists who have also become popular are Yemi Alade, Tekno, Falz, Olamide, Simi, Mr Eazi, Mologo and Patoranking.",supports,supports,supports,True
afrifact_data_culture_igbo_727,igbo,Lukmon Akanbi said the young man he shot did not die.,The police have arrested a person who shot and killed a young boy in Lagos Island on Friday. The police officer named Lukmon Akanbi and a young man named Ramon Adeniyi had a small disagreement and he shot him down. Bala Elkana who spoke to the police in Lagos said that Akanbi has been sentenced to domestic violence according to the law of the police and fired.,refutes,refutes,refutes,True
afrifact_data_culture_yoruba_145,yoruba,The computers they make today are not as good as those of the past.,"After this, both of them had accepted their God Allah and had surrendered to God's Will), and he (Ibrahim) had lowered his head (Ishamel) (in the space of a palm in front); This is how We said to him: ""O Ibrahim!"" And this is how We do not reward (all those) Muhsinun (who do good and righteous) - Sheikh Adélabu refers to the Verse of the Word of God in the Qur'an Chapter 2:112). redemption) of the son (Ishamael) that he (Ibrahim) with the sheep just came (to replace it in giving thanks for the favor from God)",nei,nei,nei,True
afrifact_data_culture_yoruba_511,yoruba,News under the media and the culture tells people to learn more about fortune telling in Yoruba land.,"The fact that the government has stopped Channels will add to the problem of Nigeria - PDP Well, the PDP political party has described the action taken by NBC on Channels news agency as this one is heartbreaking. PDP said in a press release that ""This move is one that can add to the problem in Nigeria, especially at this time, so we urge the government to reconsider the issue."" On Channels TV, the spokesperson for the banned IPOB party accused the military that they killed one of the leaders of the party unlawfully on the road to his village, and lied to the public about the death of the party.",nei,nei,nei,True
afrifact_data_culture_yoruba_025,yoruba,All the slaves he bought outright were taken to the mountain.,"The Awori people have a long history of living in the center, which started before the colonial government. They are the ones who founded the city of Eko, they are merchants and traders, and it is established as the business they do in the area. Source Story [ | ] The story is that, Olófin and his followers left the King's palace (who is the founder of Yoruba land) in , and they moved towards the South by a river.",nei,nei,nei,True
afrifact_data_culture_hausa_647,hausa,Camel is one of the animals that can go for a long time without eating or drinking.,A camel can live for up to eight days without eating or drinking.,supports,supports,supports,True
afrifact_data_culture_hausa_301,hausa,"The English word ""tofu"" comes from the French language","Kalmar Turanci *""tofu""* ta samo asali ne daga kalmar Japananci *tōfu (豆腐)*. This is borrowed from the Chinese word *豆腐* (in Mandarin: *dòufǔ*; tou4-fu) that is *'cheese from beans'* or *'fermented beans'*.' [10] The first document of the word in English is in the 1704 translation of Domingo Fernández Navarrete's A Collection of Voyages and Travels, which describes how tofu is made. The word towfu also appears in a 1770 letter from English merchant James Flint to Benjamin Franklin. : 73 The term ""curd(s)"" for tofu has been used in the United States since at least 1840.",refutes,nei,nei,False
afrifact_data_culture_igbo_672,igbo,"In Igbo culture, it is expected that anyone over the age of 59 should be creative in his life. A country that has reached fifty-nine years should have what they have created. The things that are looked at to determine their quality include corruption, minimum wage and existence.","In Igbo culture, a person who turns 59 years old is allowed to achieve what is expected in his life. In our analysis, we wanted to find out which countries are doing the best. What was analyzed The things we used for this research include infant mortality, life expectancy, minimum wage and corruption.",supports,nei,nei,False
afrifact_data_culture_yoruba_673,yoruba,"In the year 2015, many other cities in Yoruba land also had a king change ceremony, in which they installed new kings according to their custom.","As we have read in the history, the first Oni who will eat in Love is the child born from Oduduwa who is a forty-one goddess herself, while the Oni who is there now is the second Ogunwusi Ojaja (II) Chicken Hen who was born in the year 2015.",nei,nei,nei,True
afrifact_data_culture_hausa_428,hausa,Ibrahim Zakzaky has been going abroad to present articles every year.,"The 2014 Shia conflict in Zaria [| ] Ibrahim Zakzaky On the 25th of the month of 2014, there was violence between the group of Muslim brothers who follow Zakzaky and the army in the city, during a peaceful protest in support of the Palestinian people where 35 people lost their lives including the three (3) sons of Ibrahim Zakzaky.",nei,nei,nei,True
afrifact_data_culture_hausa_042,hausa,Abubakar Tafawa Balewa held the position of Minister of Works and Transport.,,supports,nei,nei,False
afrifact_data_culture_yoruba_770,yoruba,There is no specific sign to show that the Èṣù guides.,"The Èṣù lives on a fork. The Èṣù is a cunning creature. He is the one who teaches people that every word has two faces. He always corrects, so as not to spoil something, he also guides. This is why they say that the Devil is important to have an orderly world.",refutes,nei,nei,False
afrifact_data_culture_igbo_083,igbo,Nothing was damaged in Lekki Lagos.,"Many things were destroyed and many fires were set there, including three police stations which were set on fire.",refutes,refutes,refutes,True
afrifact_data_culture_yoruba_578,yoruba,"Calcium, carbohydrate, and proteins are the ingredients in bread that can make you fat.","Bread has ingredients to make you fat, because it contains proteins, vitamins and minerals such as calcium, iron and zinc. Of course, its contents may have been reduced due to some additives such as iphytates, fibers, lectins, polyphenols and tannins that are not organic.",refutes,nei,nei,False
afrifact_data_culture_hausa_713,hausa,Trump has supported liars during his administration.,"What kind of change will there be under the leadership of Biden? A few things we can predict - the change in relations with America's allies, then the issue of climate change, and the conflict in the Middle East. Relations between the United States and its allies Trump has been supporting liars and collaborating with them.",supports,supports,supports,True
afrifact_data_culture_igbo_329,igbo,Chinwoke Mbadinuju held the position of Chief of Staff at the time Shehu Shagari was the President of Nigeria.,He worked as a personal assistant to President Shehu Shagari between 1980 and 1983.,refutes,nei,nei,False
afrifact_data_culture_hausa_401,hausa,The followers of the Sunnah chose Abubakar to lead them because the Prophet did not indicate who would follow him.,"The argument of the followers of the Sunnah belief is that the Messenger of God (s.a.w) did not show anyone who should be followed after him, so they decided to hold a Shura (that is, a vote among the people) after the death of the Prophet (s.a.w) and they chose Sayyadina Abubakar as the Leader of the Islamic State and the leader of the Muslims.",supports,supports,supports,True
afrifact_data_culture_yoruba_358,yoruba,"The United Nations has announced that if the entire world community donates a child, this can save thousands of lives in eight hundred ways.","Don't listen to the myths about breastfeeding, it's not always easy to breastfeed and the World Organization has announced that if the entire world community breastfeeds, this could save thousands of lives. Many pregnant women are preparing to breastfeed their children, but unfortunately, many of them do not have enough knowledge about how to breastfeed their children, and do not take it seriously. Stories that make you love more: Breastfeeding: Hope and the truth of what is happening Many children are hungry, and will cry when breastfeeding, your mother will think that she does not want to breastfeed, not knowing that the breast does not put water in the baby's mouth. When such a miscarriage comes to the hospital, because your breasts are so large, if they press your breasts for water, blood will come out instead of breast milk.",supports,nei,nei,False
afrifact_data_culture_igbo_775,igbo,"BBC Igbo said that those who follow them on Facebook say that they are drinking alcohol, dried fish, data and beer. not among the things that give them joy.","BBC Igbo asked people who follow us on Facebook what they spend money on to make themselves happy and what it costs them in a week. Many said that their favorite things included drinking beer, wine, beer, dried fish, internet data and mobile phone bills.",refutes,refutes,refutes,True
afrifact_data_culture_igbo_227,igbo,"Dr Tedros said that in the past two weeks, there were 12 people who had not contracted the disease, excluding China.","Dr Tedros went on to say that in the past two weeks, the number of people who have been infected and discharged from China is 13, while the rest of the country has been infected by 3.",refutes,nei,nei,False
afrifact_data_culture_igbo_045,igbo,Another man's voice indicated that the person had begun to speak.,"Before a man reaches the age of ichi Ozo, he will take the path to worship 'Nze' which represents the living spirit and ancestors.",nei,nei,nei,True
afrifact_data_culture_igbo_646,igbo,"Dave Adenuba, the State Commissioner for Immigration, told the Enugu government to pay the people of Enugu on time.","In the same way, the media commissioner, Don Adenuba, told BBC Igbo that he does not have any English worker in Anambra State. He said that their government paid the bill on the 26th day of April 2020.",refutes,nei,nei,False
afrifact_data_culture_igbo_664,igbo,Ụfọdụ ụmụnwaanyị ka a na-awa afọ ma ha chọọ ịmụ nwa. Some have children of their own.,"The Igbo believe that any woman who does not bear a son will die tomorrow. That is why they call men names like Obiechina, Amaechina and others. Many families have prayed for not having a son. That is, it is very important to adopt a son in the family, that is why we are writing this article.",nei,nei,nei,True
afrifact_data_culture_yoruba_559,yoruba,There is no place in the world where people cannot reach water.,"Like the island of Lagos, Agbadarigi is a city settled on the water's edge, because of this, there is an opportunity to travel by water from Lagos to Porto Novo.",nei,nei,nei,True
afrifact_data_culture_yoruba_158,yoruba,The Yoruba language and the Kwa language are not related at all.,"The Yoruba language is a popular and popular language around the world. History tells us that kinship in the Yoruba language is, also a tribe in apa . We can say that those who speak the Yoruba language apart from the Nigerian language are over 100 million or more.",refutes,nei,nei,False
afrifact_data_culture_yoruba_691,yoruba,"In Yoruba land, between the years 1988 and 1999, three plates were used to guide different groups.","Between the years 1951-54, Awololo was the Minister for Public Service and Local Government, and became the Head of the Western Regional Government of Nigeria in 1954 after the rewriting of the Constitution. As the Head of the Western Regional Government of Nigeria, Awololo created free education for all young people to ensure that they can read and write.",nei,nei,nei,True
afrifact_data_culture_hausa_754,hausa,History shows that there is no harmony between Iran and America.,"The head of Iran's Intelligence Ministry was quoted as saying: ""These spies have been sentenced to death - some of them for the crime of 'corruption behind the scenes' (a crime punishable by death in Iran's Islamic law"").",nei,nei,nei,True
afrifact_data_culture_hausa_658,hausa,"On April 20, 2025, the value of the Naira broke to ₦1,629 per dollar in the Nigerian exchange market.","From June 20, 2016, the Naira was allowed to float, after being pegged at ₦197 to US$1 for months. Trade [according to who?] predicts the naira exchange rate will be between ₦280 and ₦350 to the dollar. In October 2021, President Muhammadu Buhari launched eNaira, the digital version of the state currency in Nigeria.",nei,nei,nei,True
afrifact_data_culture_hausa_690,hausa,Many government officials did not follow the rules of corona when Abba Kyari's funeral was held.,"We have looked at the most famous of them as follows: The death of a senior government official in Nigeria Those who attended Abba Kyari's funeral did not follow the rules of social distancing In Nigeria, the corona epidemic has reached the Federal Government House.",supports,supports,supports,True
afrifact_data_culture_hausa_648,hausa,A camel can walk in the desert even in strong winds.,"But the creator of the camel created for him a skin from above his eye like glass, which loosens when the wind rises, and becomes a protection for the eye.",supports,nei,nei,False
afrifact_data_culture_hausa_016,hausa,Sir Ahmadu Bello did not get to join the National Assembly in 1949.,"In the year 1949, he got to the local parliament, and he was one of the three people who were elected to the group that wrote the new constitution of the country.",nei,refutes,refutes,False
afrifact_data_culture_igbo_393,igbo,Chibuike Rotimi Amaechi speaks in 2022 saying that literacy is good for Nigerian children,He served as the governor of the oil-rich Rivers State from 2007 to 2015.,nei,nei,nei,True
afrifact_data_culture_igbo_316,igbo,The people of Anambra North and South have the same cultural identity,"After graduating from the Catholic University of America in Washington D.C., with a Masters in Political Science, Chuba went on to earn two doctorates in philosophy and political science in Washington, D.C.",nei,nei,nei,True
afrifact_data_culture_igbo_252,igbo,"Rachael Okonkwo started acting when she was young, but because she couldn't get work, she changed her career to dancing.","He started acting as a child, but due to not getting work, he changed his career to dancing.",supports,nei,nei,False
afrifact_data_culture_igbo_079,igbo,Wike told them not to listen to Lord Kanu.,But Nnadi Kanu told them not to pay attention.,refutes,nei,nei,False
afrifact_data_culture_igbo_458,igbo,Dora Akunyili who held the position of Minister of Information in Nigeria for about two years,Akunyili was also a minister for television broadcasting from 2008 to 2010.,supports,nei,nei,False
afrifact_data_culture_igbo_035,igbo,"Of the two types of building materials, the non-durable is wood","Of these two types of construction materials, the one made of wood has been used for a long time.",refutes,nei,nei,False
afrifact_data_culture_igbo_658,igbo,The U.S. Army has attacked the Nigerian Army. The Nigerian government is asking the people of Nigeria to come to their aid.,"Boko Haram and the attack of the Nigerian army The video circulating on social media shows what appears to be the Nigerian army being attacked by Boko Haram. The incident happened at a military base called Metele in Borno. Although the Nigerian military has not commented on the attack, the Nigerian parliament has said that they will investigate how it happened.",nei,nei,nei,True
afrifact_data_culture_igbo_446,igbo,"The Nigerian government accused Nnamdi Kanyu of fraud, arrested him and held him in prison in 2015.","Kanu was arrested on charges of fraud in Nigeria on October 14, 2015 and has been detained for over a year, despite various court orders for his release.",supports,supports,supports,True
afrifact_data_culture_yoruba_409,yoruba,"Similarly, kidnappings are taking place in the Central-South region of Nigeria where oil exploration is taking place.","In 2002, they founded Boko Haram, as a non-terrorist group with the goal of purifying the Islamic religion in northern Nigeria. The idol of the group turned into a gunman in the pursuit of his goals. Boko Haram is not only in Nigeria now, its influence has reached neighboring countries such as Chad, Niger and Cameroun. Countless thousands of people have been sent to heaven, and another two million have become settlers. Boko Haram should not abduct students, which made the eyes of the world open to him in 2014, after abducting about a hundred female students from a school in Chibok, Borno state, the state where Boko Haram first became a terrorist. In 2015, Boko Haram was recognized as the world's worst terrorist group, according to the Organization for Economic Co-operation and Development.",nei,nei,nei,True
afrifact_data_culture_yoruba_634,yoruba,The University of Lagos won the competition with ten other universities.,The work of the people of Ipetumodu is farming and making sacred pottery. History of the city of Ipetomodu [ | ] Heroes who sing like Orunmila and Obatala besieged the city from the top of the world.,nei,nei,nei,True
afrifact_data_culture_igbo_260,igbo,Phyno used to want to be a sailor but was told he would be a doctor.,"He first wanted to be a sailor, but was told he would be a doctor.",supports,nei,nei,False
afrifact_data_culture_yoruba_555,yoruba,White sugar and brown sugar are two types of sugar found in western Nigeria.,"In the west, there are two types of sugar, and they are white sugar. Gaari is the one to which red oil is added when they are baking it. Country and can be seen white and used. A type of white sugar is called Gaari-Ijebu. What they used to do in the land with the brothers in the country.",supports,nei,nei,False
afrifact_data_culture_hausa_628,hausa,Singing is something that is done to get out of stress.,"A poem is a literary text, written by a poet, using this principle.",nei,nei,nei,True
afrifact_data_culture_hausa_791,hausa,Trump's campaign team has decided to campaign in Florida because of its importance in winning the presidential election,Trump's campaign team is fighting hard in the state of Florida - a failed election here could ban him from returning to the White House.,supports,supports,supports,True
afrifact_data_culture_igbo_528,igbo,"Emmanuel Nnamdi Uba served as Governor of Anambra State for only three months, from April 2007 to June 2007","In 2007, Uba contested the PDP election for the governorship election of Anambara state, and was elected in the election on April 14, 2007. But, the former governor sued the election, saying that, because the court accepted that Obi won the April 2003 election on March 15, 2006, he still has three or more years left. his fourth to rule. The judges accepted the argument, and on 14 June 2007, they canceled Andy Uba's election.",supports,supports,supports,True
afrifact_data_culture_hausa_528,hausa,It is suspected that Shekarau was involved in the killing of Sheikh Ja'afar Mahmud Adam.,"While some said that a radical group killed the Sheikh, others said that Mr. Shekarau, the governor of Kano at the time, could be responsible because the teacher was one of his biggest critics.",supports,nei,nei,False
afrifact_data_culture_yoruba_548,yoruba,Chief Obasanjo was one of the officers who were forced out of office. And it has been three times that Obasanjo was the President of Nigeria.,Saint David Ebenezer School in Ibogun was where Chief Obasanjo received his primary school education in 1948. Chief Obasanjo was a retired soldier from the Nigerian Army and a local politician. He is from year to year. This is the third time that Obasanjo will be the President of Nigeria.,refutes,nei,nei,False
afrifact_data_culture_igbo_149,igbo,The common cultural and linguistic area in the south is Ala Awsa.,It is a common cultural and linguistic area in the south.,nei,nei,nei,True
afrifact_data_culture_yoruba_522,yoruba,"King Wahab Kayode Oyedotun in Ooni of Ile-Ife called an emergency meeting of the leaders for discussion, to find out what caused the conflict between Oluwo and Agbowu.","King Wahab Kayode Oyedotun, Bibire Kinni explained that, no one is questioning Oluwo or hating him because he is a man, the culture of our land is being raised, and this is not the way to go home. King Oyedotun, Ooni three of the House of Love called an emergency meeting of the chiefs to discuss what could cause a crisis between Oluwo and Agbowu, as happened a week ago, and that day was not the day of the meeting. He said the meeting was very full, and the kings who were there were about eighty, and when Oni was expressing his grievances about the incident, he explained that he is not at home, he is in Abuja, but he is running away, the hearts of the kings of Arewa and the east of this land are not happy with them in Osun, and they are urging him to find something to do with how the king is beating the king in Yoruba land.",supports,supports,supports,True
afrifact_data_culture_yoruba_456,yoruba,"BBC Yoruba released a video to reveal the secrets of teachers who try to have relationships with their students, because of grades.","The theme of the video is called 'Sex for Grades', which is known as 'Sex for Grades', which is causing the eyes of the world's most influential people to warm up. Full video of a one-hour broadcast by the BBC in the evening of Monday: End of YouTube post, 1 Although the BBC first threw a thirteen-minute video on the air in the middle of the day of Monday, with its personal commentary on the global impact, which BBC Yoruba did not last there, but when it will be 7 o'clock in the evening of the day, the full video, which is one hour, has been aired. The news makes you want more: A teacher from the University of Lagos, UNILAG, Student Boniface Igbenegbu and his colleague from the University of Ghana, Student Paul Butakor, were seen in the video, but this one-hour video also shows the faces of two other teachers who are participating in this disgraceful act from both universities mentioned before.",supports,supports,supports,True
afrifact_data_culture_igbo_207,igbo,A plan made in 2005 said that the animals live in Awka Etiti.,There is also a large Awka-Etiti diaspora that contributes to the country's economy.,nei,nei,nei,True
afrifact_data_culture_yoruba_765,yoruba,"Apart from oha which is the name of the soup, it also has two different names that are also called the soup. They are, uha or sobe ora.","Other names that they call the soup are uha and ora soup. Foods that you can eat Oha [ | ] Uha/Uha soup is best with fufu. Desire, semo, honor and fear all these are good with oha soup.",supports,nei,nei,False
afrifact_data_culture_hausa_492,hausa,Muhammad Auwal Albaniy Zaria was killed along with his wife on his way back from the interpretation.,The gunmen shot Sheikh Muhammad Auwal Adam Albani Zaria along with one of his wives in the town on their way back home after attending the evening Tafsir recitation that they used to attend in the town.,supports,supports,supports,True
afrifact_data_culture_igbo_432,igbo,"In the Second Nigerian Republic, Alex Ifeanyichukwu Ekwueme held the position of Vice President of Nigeria from 1979 to 1983.",Alexander Ifeanyichukwu Ekwueme // ⓘ GCON (21 October 1932 – 19 November 2017) was a Nigerian politician who served as the first vice president of Nigeria from 1979 to 1983 during the Second Nigerian Republic under President Shehu Shagari as a member of the National Party.,supports,supports,supports,True
afrifact_data_culture_yoruba_157,yoruba,"It has been seen in the Bible that they say ""it is good to keep three tents""","The Yoruba language is a popular and popular language around the world. History tells us that kinship in the Yoruba language is, also a tribe in apa . We can say that those who speak the Yoruba language apart from the Nigerian language are over 100 million or more.",nei,nei,nei,True
afrifact_data_culture_igbo_610,igbo,The Igbo do not have a system of governing themselves. There was chaos in Igbo land all the time before the English came.,"Brothers - These are the noble men from different families in the village. They are the people who make decisions about various issues in the country as it pertains to the development and welfare of the country. The brothers are preached to if anyone does something wrong, they are the ones who go to the idols to find out what the idols say about the country or about their family.",refutes,nei,nei,False
afrifact_data_culture_hausa_185,hausa,Tiga Lake is one of the dams built in Kano for the development of dry farming.,The dam was built during the Governor's administration in an effort to improve food production through dry farming activities.,supports,nei,nei,False
afrifact_data_culture_hausa_784,hausa,Jonathan became the president of Nigeria after the death of Umaru 'Yar'adua.,"At home, the former president said that the head of the electoral commission at that time, Professor Attahiru Jega, did something to him that he did not expect, because he still could not understand why Jegan insisted that he was ready to vote when 40% of the voters did not receive their voter cards.",nei,nei,nei,True
afrifact_data_culture_igbo_332,igbo,Igbo-Ukwu is a community where ancient artifacts have been excavated which show that their culture includes copper working since 90 AD.,"Igbo-Ukwu is famous for three archeological sites, where Nggwu has discovered copper artifacts from a copper-working metal culture that dates back to the ninth century AD, centuries before other metals were known in the area.",supports,refutes,refutes,False
afrifact_data_culture_hausa_031,hausa,Sani Abacha died in Saudi Arabia while performing Hajj.,"On June 8, 1998, Abacha died at the Aso Rock Villa Presidential Palace.",refutes,nei,nei,False
afrifact_data_culture_yoruba_279,yoruba,"In 2016, the parliament rejected President Buhari's proposal to borrow more than 21 billion dollars ($29.9) from abroad.","Similarly, in 2016, the House of Representatives rejected President Buhari's proposal to borrow thirty-one billion dollars ($29.9) from abroad. Meanwhile, the lawmakers also refused to approve the appointment of Ibrahim Magu as the chairman of the anti-corruption agency, EFCC, accusing him of being 'corrupt.' Until now, Ibrahim Magu is still the interim chairman of the EFCCC, the legislature did not approve his appointment as chairman, which the lawmakers are not happy with. Many of the appointments that Buhari wanted to make were not signed by the lawmakers, and others took a long time before they signed it.",supports,supports,supports,True
afrifact_data_culture_hausa_368,hausa,The argungun festival attracts tourists,"On the last day of the festival, a competition is held where thousands of men line up on the river bank and with the sound of gunshots, they all jump into the river and have one hour to catch big fish. The winner can take home up to $7,500 USD. Competitors are given the opportunity to use traditional fishing equipment and many prefer to catch a whole fish by hand (an activity also known in some areas as ""noodling"") to show off their prowess.",nei,nei,nei,True
afrifact_data_culture_igbo_643,igbo,Dave Adenuba does not know if he owes Anambra government.,"In the same way, the media commissioner, Don Adenuba, told BBC Igbo that he does not have any English worker in Anambra State. He said that their government paid the bill on the 26th day of April 2020.",refutes,nei,nei,False
afrifact_data_culture_yoruba_299,yoruba,The local people reminded the journalists that it was Sunday Igboho who sent the two gangs to kill people.,"Sunday Igboho rescued the people of Soka in Ibadan from the natives who came to attack the word, he did not avoid me immediately in Soka in Ibadan when two gangs carrying deadly weapons, who called themselves the natives, invaded the area. In the morning of Isgun yesterday, news spread across the streets of Ibadan, and people were calling on the radio all over the city that the lives of the people living in the fields were not reached because of the gunmen who attacked them. The news made you want more: We heard that the gunshots were ringing first, and people were running for their lives when the children of the landowners asked the landowners to move their houses off their land. The children and the elderly, the pregnant women and the children, who knew the old people were running for their lives, and those who dared to ask that they cause the incident, are mother's pieces. A person who witnessed the incident explained that thanks to a Yoruba leader, Oloye Sunday Adeyemmo, known to all as Sunday Igboho, who arrived earlier, things were very hot at the time. We heard that Igboho and a man called Babatunde Arowolo, known to everyone as Bako, came in time to save the people of the neighborhood, and when the natives ignored him, they killed the rabbit.",refutes,nei,nei,False
afrifact_data_culture_yoruba_686,yoruba,"The size of the state of Oyo is about 28,454 kilometers, and it is in the twelfth place in terms of area.","This Makinde is the governor of Oyo state, we will be elected in 2019. Geography [ | ] Oyo State has an area of ​​about 28,454 square kilometers, and is in the fourteenth place in terms of size.",refutes,nei,nei,False
afrifact_data_culture_hausa_546,hausa,Isah Ali Ibrahim Pantami was given the position of Minister of Communications when Buhari won his second term.,"Professor Isah Ali Ibrahim Pantami became the minister after the general presidential election of the year two thousand and nineteen (2019), after he won.",supports,nei,nei,False
afrifact_data_culture_hausa_618,hausa,Singer Mamman Shata said that Magaji Salam was the first to give him the name Shata.,"The person who gave me the name Shata, his name is Magaji Salam, he got the name Shata from the husband of the roommate, the roommate's grandmother said, she gave birth to the one who gave birth to me.",supports,nei,nei,False
afrifact_data_culture_igbo_796,igbo,The government has jailed six young people who have been kidnapping people for opposing national security.,"Duruagwu said that he learned from these old ways, the elders will not want to use it because it will become a business for them. He said that it is the owners of the country who will protect the country, what the government has to do is to take money to support the activities of the people.",nei,nei,nei,True
afrifact_data_culture_yoruba_300,yoruba,Sunday Igboho and Babatunde Arowolo appeared where the natives were rushing to save the people of Soka in Ibadan.,"Sunday Igboho rescued the people of Soka in Ibadan from the natives who came to attack the word, he did not avoid me immediately in Soka in Ibadan when two gangs carrying deadly weapons, who called themselves the natives, invaded the area. In the morning of Isgun yesterday, news spread across the streets of Ibadan, and people were calling on the radio all over the city that the lives of the people living in the fields were not reached because of the gunmen who attacked them. The news made you want more: We heard that the gunshots were ringing first, and people were running for their lives when the children of the landowners asked the landowners to move their houses off their land. The children and the elderly, the pregnant women and the children, who knew the old people were running for their lives, and those who dared to ask that they cause the incident, are mother's pieces. A person who witnessed the incident explained that thanks to a Yoruba leader, Oloye Sunday Adeyemmo, known to all as Sunday Igboho, who arrived earlier, things were very hot at the time. We heard that Igboho and a man called Babatunde Arowolo, known to everyone as Bako, came in time to save the people of the neighborhood, and when the natives ignored him, they killed the rabbit.",supports,supports,supports,True
afrifact_data_culture_hausa_084,hausa,Ado Bayero died in 2014 after ruling for more than 50 years.,"On June 6, 2014, after fifty years on the throne, Ado Bayero died in his palace.",supports,supports,supports,True
afrifact_data_culture_hausa_782,hausa,The late Umaru Musa 'Yar'aduwa was a president who exemplified justice during his reign.,"Mr. Jonathan said that the United States did not stop here in the attempt to overthrow his government, it took President Obama to convince British Prime Minister David Cameron to support him despite the good relationship between Jonathan and Cameron.",nei,nei,nei,True
afrifact_data_culture_yoruba_735,yoruba,"Iwo also has four other local government areas, which are different from the others.","Iwo has four more local government areas, they are: Iwo East, Olomowewe; Iwo West, Agbrere; Ola Oluwa South East, Ilemowu; Ayedire South East, Oluponna.",supports,supports,supports,True
afrifact_data_culture_igbo_526,igbo,The southern region of Anambara State has been crying out about the power of erosion in their region since 2011.,"Emmanuel Nnamdi Uba, or Andy Uba (born 14 December 1958), is a Nigerian politician who was elected as the Senator for Southern Anambara, Nigeria, in April 2011.",nei,nei,nei,True
afrifact_data_culture_hausa_735,hausa,"Yahya Jammeh is a leader who has a proven record of avoiding crime, especially rape.","TRRC General Secretary Baba Jallow told the BBC that the investigation launched eight months ago will focus on the abuse that happened in September. ""We are aware of the allegations of abuse against Yahya Jammeh, but we are yet to listen to the victims officially.",refutes,nei,nei,False
afrifact_data_culture_yoruba_594,yoruba,"Two names were combined to form ""AJEBU-OLODE"" which is known as IJEBU-ODE until today.","Two of the bravest people, namely Ajebu and Olode, their names were combined to become ""AJEBU-OLODE"" which is called IJEBU-ODE until today. These tribes speak the Ijebu language. And we can see them all over Nigeria. Examples of towns that can be found in Ijebu region are Ijebu-Ode, Musin, Ata-Ijebu, Oppe, Odo-Potu, Ago-Iwoye, Ijebu-Igbo, Oru, Awa, Ilaporu, Okononi, Ipari-Tula, Odokalaba, Idawa, Merigo, Odoogbolu, Ososha and so on.",supports,supports,supports,True
afrifact_data_culture_yoruba_348,yoruba,"Kidnapping and crime are increasing in Ondo state, especially in the town of Owo.","There have been several kidnappings on the road from Owo to Ikare-Akoko. The head of the police station in Ondo state, Femi Joseph, told the BBC Yoruba reporter, that three people were actually abducted, but ""the police station has not been able to say whether they were abducted by the Fulani because we have not seen them"". He also said that kidnapping and all crimes are not a matter of ethnicity or religion. Khadijat's boyfriend is being prosecuted by the police on Monday ""We arrested eight kidnap suspects about two weeks ago, and there was no Fulani tribe among them. The eight are in custody because their case has reached the court."" According to Joseph, one of the three abducted is a teacher at Rufus Giwa public school in Owo town in Ondo state. The teacher was kidnapped on the way to Ipele town near Owo.",supports,nei,nei,False
afrifact_data_culture_igbo_257,igbo,"Nwankwo Kanu is not one of the few players who won Premier League, FA Cup, Champions League, UEFA Cup and Olympic Gold Medal.","He is one of the few players who won the Premier League, FA Cup, Champions League, UEFA Cup and Olympic Gold Medal.",refutes,refutes,refutes,True
afrifact_data_culture_yoruba_053,yoruba,There is no tribe called Akoko among the Yoruba tribes.,"Yoruba Akoko ethnic groups make up twenty-three percent (20.3%) of the seven-fifths (5.7%) of the people who live in . Ewe, Akoko area has four local governments, they are: , , and , which is located between and . The university is in the city. Similarly, the state government hospital is in the city, while the government's general hospital is in the city and the city.",refutes,nei,nei,False
afrifact_data_culture_igbo_286,igbo,Imo State University and Abia State University receive financial assistance from Catholic and Anglican Church mothers,"In 1981, Sam Mbakwe founded Imo State University. The school was located in an area that was given in 1991 and was rechristened Abia State University. However, Imo State University got a new campus and it is still there.",nei,nei,nei,True
afrifact_data_culture_igbo_462,igbo,Dora Akunyili previously held the position of Director General in the office responsible for the production and distribution of medicines in the proper form in Nigeria.,"He used to be the chief director (called general director in English) in the factory that ensures that medicines, sweets and food are produced and distributed in the right way.",supports,nei,nei,False
afrifact_data_culture_yoruba_161,yoruba,It will be ten thousand years ago that the languages ​​began to separate from each other.,"Some linguists have even confirmed that from the same source, languages ​​such as Yoruba, Kru, Banle, Twi, Ga, Ewe, Fon, Edo, Nupe, Igbo, Idoma, Efik and Ijaw have started to separate as different languages ​​that stood to be born three thousand years ago",refutes,refutes,refutes,True
afrifact_data_culture_hausa_009,hausa,The Nigerian Army has shown great courage in the fight against the boko-haram.,"Shehu Shagari took office in October 1979 (1979), where he ruled until December 1983 (1983), when the military seized power from him, under the leadership of . Shehu Shagari is the president of Nigeria who came to power through the first election.",nei,nei,nei,True
afrifact_data_culture_hausa_003,hausa,President Muhammadu Buhari went on a working visit to China in 2016.,"Buhari won the election, defeating the incumbent President Goodluck Ebele Jonathan. This is the first time in the history of Nigeria that a sitting president has lost in a by-election.",nei,nei,nei,True
afrifact_data_culture_igbo_080,igbo,Mr. Kanu told the Ipob people that they should not listen to what Wike is saying.,But Nnadi Kanu told them not to pay attention.,supports,nei,nei,False
afrifact_data_culture_hausa_133,hausa,The APC nominated Sule Lamido for the governorship of Jigawa in 2007.,"Sule Lamido has been the governor of Jigawa state for eight years, under the PDP party and has sought the presidential candidate in 2019.",refutes,nei,nei,False
afrifact_data_culture_hausa_169,hausa,Governor Shema received an award of honor from the EFCC.,This push and pull and other charges that are related to money have made the commission i.e. E.F.C.C to prosecute Governor Shema before the court on charges of corruption of funds amounting to about eleven billion (N11 billion).,refutes,nei,nei,False
afrifact_data_culture_hausa_336,hausa,"Boxing originated from the culture of a group of butchers, who participate in competitions and challenge other men in their area.","Traditionally, a competition is held between the men of the butcher group who will challenge men from their village audience. It was drawn from the small Hausa tribe who were the only ones who could slaughter animals and process meat, traveling butchers formed boxing groups from their rank called ""rundun"".",supports,supports,supports,True
afrifact_data_culture_yoruba_597,yoruba,Adebayo Shittu was the former Minister of Communications in Nigeria. And it was under the President who was in place at the time.,"Adebayo Shittu was the former Minister of Communications in Nigeria between 2011 and 2019 under the former President. Shittu was replaced as minister for communication, followed by Isa Ali Pantami.",supports,supports,supports,True
afrifact_data_culture_hausa_398,hausa,The history of Islamic politics affects the understanding of leadership and obedience in society.,"It should be noted that the Muslims at that time were not divided into two groups, that is, the Shia and the Sunni, but this happened after the death of the Messenger of God, may God's peace and safety be upon him and his family, and the coup d'état held in Saqifa. Bani Sa'ida and the choice of Abubakar as the successor of the Messenger of God, may the peace and safety of God be upon him and his family, upon the Muslims. The matter faced the opposition of Ali bin Abi Talib, peace and blessings of God be upon him, and all Bani Hashim, Salman Al-Farisi, Abu Zarr Al-Ghafari, Al-Miqdad bin Al-Aswad, Ammar bin Yasser, and Ibn Al-Tayhan. Othman bin Hanif, and other companions and followers of Ali, may God's peace and safety be upon him. This is where the tree of Shia started growing.",supports,supports,supports,True
afrifact_data_culture_igbo_190,igbo,There are 28 states in Nigeria.,It is also the Igbo people who live in the northern part of Delta River and River Rivas.,nei,nei,nei,True
afrifact_data_culture_yoruba_398,yoruba,NIN is not very useful to obtain a certificate of occupancy.,"Look at the things that also need NIN for different phone registration. Recently, the organization that provides communication in Nigeria, NCC issued an order that all Nigerians who use mobile phones, must add NIN to their mobile phone registration. Only two weeks left for the organization to deny it. But apart from SIM registration, there are other things that you also need your NIN for as a Nigerian. News that makes you want more: Bank wallet: Banks in Nigeria often accept NIN as a sign of identification, before they can open a wallet with them, or start using the wallet that you have not used for a long time. Registration for a passport: The Nigerian immigration agency has made it mandatory for anyone who wants to get a new passport, or renew the original one, to show their NIN before it becomes valid. Driver's License: The National Highway Traffic Safety Administration, FRSC, is asking anyone who wants to get a driver's license for NIN.",refutes,nei,nei,False
afrifact_data_culture_igbo_158,igbo,"There are thousands of seals, of which there are 500 that they have left","There are thousands, of which there are only 500 left. He said",supports,nei,nei,False
afrifact_data_culture_yoruba_349,yoruba,The members of Ebila tried to beat Ekugbemi with a bat but the bat did not help him except when they did something to the bat.,"In front of the Cathedral Church of Saint David, in Kudeti, the Janduku have caused a conflict that took place on the 19th of December, 2016. That is not the first time that the group and their rivals have caused trouble in the area. At about eight o'clock in the night, the sound of gunshots started ringing, which caused many people to leave their homes and homes, and some even committed suicide. Reports said at that time that a car, a 'maruwa' bicycle, and a rickshaw were used by the janduku to enter the neighborhood on a bad night. The incident took the lives of some neighbors. They also set fire to some shops in the neighborhood. Some reports even say that the bread was soaked in butter, and they were throwing it in the oven, before they set fire to it. The cause of the tragic event that plunged some families into grief is not clear",nei,nei,nei,True
afrifact_data_culture_igbo_088,igbo,"If you eat it with a soup, you will not need the rice you are eating anymore.",The Igbo people know who is strong and who is not.,nei,nei,nei,True
afrifact_data_culture_yoruba_539,yoruba,The carelessness of this driver led the kidnappers to see Rehmi and the dead people in the vehicle.,"Remi Oladoye, the person who explained how the incident happened to BBC Yoruba, was it not for the thanks of God and the driver who drove the car that he was in, either the bad incident would not have happened or he would have spent the new year in the hands of the kidnappers. He added that, in the area of ​​Erinmo Ijesa city, Iwaraja, the vehicle arrived yesterday, Monday, at exactly 7:30 to 7:30, to discover the incident of kidnapping that is happening in the area. The news made you want more: ""We saw that one of the cars in front of us stopped suddenly, the gunmen who came out of the teak forest between these two cities and shot the passengers in the car. In this big forest of our teak trees, the kidnappers used to hide in order to hide their place. It is the son of the Living Elephant, who pulled out the boat to return.",refutes,nei,nei,False
afrifact_data_culture_hausa_353,hausa,Ahmed Musa scored two goals in the match between Nigeria and Argentina in the 2014 World Cup.,"Ahmad Musa became the first child to score more than one goal in the World Cup, after he scored two goals for Argentina in the World Cup in the year two thousand and fourteen (2014). Ahmad Musa is the first Dan to score in two World Cups, after scoring two goals against Iceland in the group stage.",supports,nei,nei,False
afrifact_data_culture_igbo_525,igbo,Those who hold the position of Dovano in Nigeria give back to the judges to hang them when they judge.,"In 2007, Uba contested the PDP election for the governorship election of Anambara state, and was elected in the election on April 14, 2007. But, the former governor sued the election, saying that, because the court accepted that Obi won the April 2003 election on March 15, 2006, he still has three or more years left. his fourth to rule. The judges accepted the argument, and on 14 June 2007, they canceled Andy Uba's election.",nei,nei,nei,True
afrifact_data_culture_igbo_708,igbo,"In Ebonyi State, Mary Udumeke is trying to ensure that women in the north are stopped living in her state. He is trying to ensure that this is legal. The State of Abe and Imo has not yet signed the ratification of this law.","Mary Udumeke is a woman who is trying to stop women living in the mountains in Ebonyi state. But when it comes to the Eastern region, only Abia and Imo states have not signed the 'Violence Against Persons Prohibition Act'.",supports,nei,nei,False
afrifact_data_culture_yoruba_496,yoruba,"Children like to spin the wheel, and they do it from one person to the other, until it covers the others.","Gambling: Both children and adults play gambling. In the hole that has twelve faces, and six face each other, they use it with gravel or fifty-eight lucky children. And there will be four cubs in each pit. The person who tries to make his own koto plate full of joy first will win the competition. This game usually makes the brain of the child and the adult who is playing awake, it is encouraging, it makes us love, and it will also strengthen the math skills of those who are playing. Game Boss and Actor: Many children who have watched a fighter game started to make inspiration from the movie they watched, by choosing the 'Boss' who is a thief and the 'Actor' who is like a policeman and who will win the Boss in the competition.",nei,nei,nei,True
afrifact_data_culture_yoruba_071,yoruba,Chief Ogunwande Abimbola is a junior doctor at UCH hospital in Ibadan.,"Chief Ogunwandé Abímbolá Date of birth December 24, 1932 (1932-12-24) (92 years old) oyyo, religious leader, senior university scholar, and Alma mater Wándé Abímbolá (birth date 26, 1932 in. city, ) he is a literature teacher in Department of African Languages and Literatures in , Nigeria. He was the head of this department for a whole day before he became the 'Dean Faculty of Arts' in the same school.",refutes,nei,nei,False
afrifact_data_culture_igbo_736,igbo,The Ebola virus has entered the Czech Republic. The President of the Czech Republic told the BBC this.,Abroad A gunman has shot up to six people in a hospital in the Czech Republic and shot himself in the news there. The police found the man's body as he lay with a self-inflicted gunshot wound to the head.,nei,nei,nei,True
afrifact_data_culture_yoruba_014,yoruba,Brazil has nothing to do with the black community.,"For this reason, we can say that the Goddess Aganju is related to the Great Mountains of Cuba, and if we look at their age or when they have existed, we will reach a hundred years ago. We can also say that the Anger of the Goddess Aganju comes in accordance or in relation with OroIna who is a Goddess in Cuba that the Yoruba believe is Oranmiyan in the Yoruba Candomblé language [ | ] In the country of Brazil, who are related to the black people whose religion they want to be together, they believe that Aganju will act like the God Xango, this is why they call him Xango Aganju",refutes,nei,nei,False
afrifact_data_culture_yoruba_625,yoruba,All slaves are disrespected because they are shameful.,"Lower Lagos (Lagos Island) is connected to the mainland in three ways with three bridges (1st-3rd mailand bridge). which is so big that it stretches over the Eko valley until it reaches Ebute Meta. In the same way, it connects with the nearby area such as: Ikoyi to Victoria Island, until it reaches the boat station of Apapa facing the western part of the island,",nei,nei,nei,True
afrifact_data_culture_yoruba_313,yoruba,Neo and Vee are the only two lovers whose relationship has not been torn apart by Big Brother's sword.,"In their video, people slowly cut through the program that took over the internet, the graphics show Neo washing clothes while Nengi and Vee look on. The words didn't even come out until Vee said, ""My dear, there is not a stain in the clothes, and the words made Nengi's eyes milk milk and she was shocked. Nengi first read it and didn't speak, when she stopped, she said, ""Neo, are you still washing the clothes, haaa! Vee replied that ""Neo, I really know that he is a cleaner"". Nengi wa told Neo that he really deserves it. This incident is making many Nigerians angry and they are reacting. Their answers are laughable, do you know that when it's happening behind them, those who watch the program are always talking... @Zoeman said ""even if you are afraid to say that you are dead, the body will pay for it"". He said, Neo is very good. @Iamemzy said ""Jeeesu, Neo is breaking the bank, why do men keep staring at me for three days now""... @emmanueladem said on Twitter that Vee is really worthy and even Ozo is not enough.",nei,nei,nei,True
afrifact_data_culture_yoruba_526,yoruba,Davido celebrated Chioma's birthday with a Porsche,"Today's singers agree that the Afro Beats music that is being played by others online is what is making Nigeria more popular in the world. Ayanbinrin Ara fi drum sings a Nigerian song. This is used as a musical element such as Afro-pop, azonto, hiplife and others among the people of Ghana and Nigeria as the song Oliver Twist by DBanj also opened people's eyes to it. Other Nigerian artists who have also become popular are Yemi Alade, Tekno, Falz, Olamide, Simi, Mr Eazi, Mologo and Patoranking.",nei,nei,nei,True
afrifact_data_culture_hausa_388,hausa,Some areas in Northern Nigeria have canceled the practice of lepe because they see no benefit,"It is a Hausa tradition where the groom buys beautiful and expensive items as a great gift to his bride. These gifts that the groom buys are before the wedding, after they have finished, the groom's parents, including his mother, his puppets and others, are the women who take the things to the bride's house.",nei,nei,nei,True
afrifact_data_culture_hausa_672,hausa,"Brain games and riddles are done in the form of questions or spoken words, but only riddles are called ""Kacici-Kacici"" first.","Process [ | ] Riddles are related to brain games, but mostly they are different, brain games are done in the form of questions or spoken words, which is also the same as riddles, except that riddles are called ""Kacici-Kacici"" if it is to be done, and brain games are just beginning.",supports,supports,supports,True
afrifact_data_culture_yoruba_246,yoruba,Ilu Akkoko is a city located in the North and East region of Ondo state.,"Ikare-Akoko is the head of the local government office. And the city is about a hundred kilometers (100 km) from the city that is the capital for all. Time is in the middle-both north and east of Ondo State. What they are doing business in Ikare town are agricultural things like: , , and so on.",supports,nei,nei,False
afrifact_data_culture_igbo_062,igbo,Oyi is the home of the Oyi people,It is the home of the Oyi people.,supports,nei,nei,False
afrifact_data_culture_igbo_404,igbo,"The most famous Igbo highlife musicians include Chief Stephen Osita Osadebe, Oliver De Coque, Ali Chukwuma, , Sir Warrior, Oriental Brothers, Ikem Mazeli.","One of the greatest music writers and producers of this music is Chief Stephen Osita Ósadebe who has been working for over 40 years. Osadebe's music includes many famous songs including the song ""Ososande Owendi"" in 1984, which took him to the world stage as the first person to start Igbo highlife. He said that he played the guitar of Oliver De Coque, who is ""included as one of the most famous people and the leader of the famous modern music."" Coque is responsible for the construction of Igbo highlife. Monkey"", ""Nnukwu Mmanwu"" and ""Identity"", all of them were successful in the 1980s. Other actors in the past in this genre who contributed greatly to its development are, Ali Chukwuma, , Sir Warrior, , Nico Mbarga, Oriental Brothers, Isaac Rogana Ottah, Ikem Mazeli.",supports,supports,supports,True
afrifact_data_culture_igbo_768,igbo,Government spending and borrowing are increasing but the government's budget has not reached what it should have since the year 2025. This has not stopped the president of Nigeria from thanking the tax administration for building up the number of tax payers.,"Government spending and loan repayments are on the rise but the money in the public treasury has been 45 percent short of what it should have been since 2015. Despite this, the president of Nigeria has commissioned a company to manage tax payments thanks to the increase in the number of tax payers since 2015.",supports,nei,nei,False
afrifact_data_culture_igbo_214,igbo,Okigbo lived his whole life in the market.,Okigbo spent all his life moving around the station.,supports,nei,nei,False
afrifact_data_culture_igbo_625,igbo,Henrietta Yakubu advised air travelers to dress appropriately for the cold.,"Yakubu said, ""We will do a lot of medical tests, which include killing any germs that may be in the person's pocket. This will take a lot of time so it is necessary for the pilot to leave at about 10:00 to arrive at the airport at about 7:00"".",refutes,nei,nei,False
afrifact_data_culture_hausa_012,hausa,The military overthrew the Shehu Shagari government in 1983.,"Shehu Shagari took office in October 1979 (1979), where he ruled until December 1983 (1983), when the military seized power from him, under the leadership of . Shehu Shagari is the president of Nigeria who came to power through the first election.",supports,supports,supports,True
afrifact_data_culture_yoruba_630,yoruba,"If we are talking about Lower Lagos, there are three types of big bridges that connect it to the mainland. These bridges are the first bridge, the second bridge, and the third bridge.","Lower Lagos (Lagos Island) is connected to the mainland in three ways with three bridges (1st-3rd mailand bridge). which is so big that it stretches over the Eko valley until it reaches Ebute Meta. In the same way, it connects with the nearby area such as: Ikoyi to Victoria Island, until it reaches the boat station of Apapa facing the western part of the island,",supports,supports,supports,True
afrifact_data_culture_yoruba_147,yoruba,Ibrahim and Ismael agreed and bowed down to their God Allah.,"After this, both of them had accepted their God Allah and had surrendered to God's Will), and he (Ibrahim) had lowered his head (Ishamel) (in the space of a palm in front); This is how We said to him: ""O Ibrahim!"" And this is how We do not reward (all those) Muhsinun (who do good and righteous) - Sheikh Adélabu refers to the Verse of the Word of God in the Qur'an Chapter 2:112). redemption) of the son (Ishamael) that he (Ibrahim) with the sheep just came (to replace it in giving thanks for the favor from God)",supports,supports,supports,True
afrifact_data_culture_igbo_562,igbo,The people of Anambra East have called on the Anambra State government to come to their aid because the tigers and unsanitary water are threatening to wipe out their lives.,"The people of Anambra-East region have lamented the lack of medical staff in their various health facilities and requested that doctors be sent to them for a year to fly to their homeland. They requested this from their president, Orji Okafor, at the departure ceremony of those who spent a year flying to their homeland who were sent there.",nei,nei,nei,True
afrifact_data_culture_yoruba_373,yoruba,News reports that President Muhammadu Buhari has arrived at the Election Hall,"There are no two reasons why Nigerians are so angry with Professor Oşinbajo, than the steps he took during his visit to President Muhammadu Buhari for the last ten days he spent on vacation recently and after us. Amso, like a politician from the southern part of Nigeria, is not sure that Osinbajo will be able to compete for the position of president during next year's general election, because of the pick-and-pick process that they put on the system of representation between the north and south of the country. 'Unlawful killing and punishment by the police' Recently, Professor Osinbajo ordered the reorganization of the armed forces of robbers, FSARS, which has now become too big because of the various accusations of corruption against them.",nei,nei,nei,True
afrifact_data_culture_yoruba_501,yoruba,"Sheik Muideen Ajani Bello preached at Ajimobi's funeral, and praised Ajimobi as a God-fearing person, and urged everyone to repent, and prayed that God would reward him according to his handiwork.","Similarly, Sheik Muideen Ajani Bello, who is the world's leading preacher who preached at the prayer program project, has only given a sermon at the prayer seat. Bello said ""many pictures of Ajimobi who spoke during his life show that the deceased is not just a person, he is a prophet of God. Everything that each one of us is doing will change, or not, who will say."" He came and prayed that God would forgive Ajimobi, not punish him, and not pay all the compensation that he should not wait for in saare. ""Mother, there are many people who did not praise Ajimobi in his life, but those who praise him after his death will be before God, because while he is alive, they should speak well of him.""",supports,nei,nei,False
afrifact_data_culture_yoruba_672,yoruba,The western state of Ekiti was created along with five other new states.,"Ekiti State is in the western part which was established on the first day of the month of Owawa, along with five hundred other new states by the general. Ekiti had been an independent state before the arrival of the Africans.",supports,nei,nei,False
afrifact_data_culture_yoruba_490,yoruba,The chairman of Hajj in Nigeria is not happy that Hajj will not take place in 2020.,"Boko Haram opened fire on the Borno governor's vehicle, his security guard was injured The Borno state government has confirmed that, indeed, Boko Haram gunmen attacked the vehicles carrying the governor of the state, Babagana Zullum on Wednesday. The spokesperson for the governor, Mallam Isa Gusau explained that, the governor of Zullum did not escape without injury but some of those who walked, touching the disabled guards, took care. Isa added that the governor was going to Baga when the attack took place. How did it happen? On Wednesday, this incident happened at about 4 o'clock in the evening when the governor was about to enter Baga town and the gangsters opened fire. The disabled guards who were with him also returned fire.",nei,nei,nei,True
afrifact_data_culture_yoruba_249,yoruba,Badagry Grammar School has been celebrating the last Aggada-rigi.,"The last celebration took place in the garden of the town's Grammar School (Badagry Grammar School), Badagry, , Nigeria. The story of the slave trade in Agbadá-rigì [ | ] The name of the city today (Badagry) was taken from the work of the people of the city. Among the jobs are: making salt, fishing, farming. Also, others believe that the town was named after a person named Agbedeh, who was a famous farmer in the town whose farm was called Agbada-rigi, which the colonialists changed to (Badagry).",supports,nei,nei,False
afrifact_data_culture_hausa_426,hausa,Sheikh Qaribullah married two women at the age of twenty-two.,"And that's how life was for him until, surprisingly, he married two women at the age of twenty-two in 1982. As unusual, and strange, although it is halal, like marrying two women at the same time - at one time, they lived together, for some time before he, Sheikh Qareebullah, married more than one real wife. This marriage (the style of marrying more than one wife), not as it was, had to give birth to nineteen children.",supports,supports,supports,True
afrifact_data_culture_yoruba_018,yoruba,One of the common things in the Spanish speaking community and Cuban religion is Aganju.,"Aganju or Aganyú is the river of the Spanish natives. They believe that he is working together in the Religion of the Cuban people, which they call Santería. They believe that Aganju is related to the Goddess Aganju. As the King in Oyo, Aganju is the son of Shango's uncle whose name is Ajaka. Which is that the two who were once the King of the city of Oyo have become the future Gods at his command.",supports,supports,supports,True
afrifact_data_culture_yoruba_607,yoruba,Badagry City is located between three beaches.,Oshinlokhun and his supporters are standing like him against Adéle's government. This led to the end of Adéle's reign in 1819 by his brother Oşinlokun. It was this incident that caused Adéle to leave Lagos to Badagry where he was the chief.,nei,nei,nei,True
afrifact_data_culture_igbo_117,igbo,This local government is not good if there is no local government.,"The communities that make up the local government are Akwu-Ukwu, Alor, Awka-Etiti, Ojoto, Nnokwa, Oba and Nnobi.",nei,nei,nei,True
afrifact_data_culture_igbo_069,igbo,Igbo land is also beautiful.,"Osadebe was born on March 17, 1936, in the Igbo town of Atani in South East Nigeria.",nei,nei,nei,True
afrifact_data_culture_igbo_503,igbo,"Ogwashi Uku is located in Anaocha District of Anambara State and has less than 50,234 people.","Ogwashi Uku, is an Igbo town in . It is located west of the state capital, Asaba and is the headquarters of the local government, Aniocha South. The population of Ogwashi-Ukwu is about 50,234. Its numbers have increased dramatically. It is in the Anioma area of ​​Delta state, the people who speak Igbo and its people are the Enuani people.",refutes,refutes,refutes,True
afrifact_data_culture_igbo_488,igbo,Peter Obi used to work in a financial institution before entering politics,Obi was the chairman of Fidelity Bank before he left that position to enter politics.,supports,supports,supports,True
afrifact_data_culture_hausa_005,hausa,Muhammadu Buhari ruled Nigeria as a civilian president from 2015 to 2023.,"Muhammadu Buhari (17 December 1942 – 13 July 2025) is the one who ruled the country from 2015 to 2023. He is a soldier with the rank of major general, and he led the country from 31 December 1983 to 27 August 1985. Buhari ran for the presidency of Nigeria under the party in the 2003 and 2007 presidential elections, and then under the Congress for Progressive Change (CPC) party in the 2011 presidential election",supports,supports,supports,True
afrifact_data_culture_igbo_156,igbo,Ideato South is a producer of marketable and edible products,The people of Ideato South are farmers who produce things that can be sold and eaten.,supports,supports,supports,True
afrifact_data_culture_yoruba_333,yoruba,"Suicide is very high in the United States, and research shows that this is common among people who have had a history of mental illness.","Similarly, the American National Center for Disease Control has a document that says that fifty-seven thousand people took their own lives in the United States in 2017 and this is the reason for the death of Americans between ten and thirty-four years. Self-harm can be difficult but often has a strong relationship with mental health, even a disorder. ""Ninety percent of people who take their own lives have a history of mental illness or a problem with stress at the time of their death. What the Bridgewath Angels are doing is to prevent suicide.",supports,supports,supports,True
afrifact_data_culture_yoruba_638,yoruba,"However, their beliefs about Jesus are not different because they all believe that Jesus is the savior.","Different religious congregations have different interpretations of the Bible because of this, each congregation has different religious principles. And their beliefs about what Jesus is are slightly different as they all agree that Jesus is the savior.",refutes,refutes,refutes,True
afrifact_data_culture_yoruba_296,yoruba,"The Oyo state government sent the police to the area where the natives were working, and they took the rioters to the police station and put them in custody.","The people of the neighborhood have come to urge the Oyo state government to quickly intervene in the matter because it is not the first time that the children of the land will come and play mahuru-mahuru against them on the land they have bought for years. According to the report, when BBC Yoruba contacted the spokesperson for the police station in Oyo state, Olugbenga Fadeyi to hear his insistence, he said that he returned soon.",nei,nei,nei,True
afrifact_data_culture_hausa_786,hausa,Mr. Jonathan accused Obama and David Cameron of trying to overthrow his government.,"Mr. Jonathan said that the United States did not stop here in the attempt to overthrow his government, it took President Obama to convince British Prime Minister David Cameron to support him despite the good relationship between Jonathan and Cameron.",supports,nei,nei,False
afrifact_data_culture_yoruba_092,yoruba,"Jollofu is a food that does not need salt, magi, curry or time to cook it.","Ingredients [ | ] Jollof rice with fish, plantains, cucumber, and tomatoes. Rice is a combination of rice, oil, vegetables such as tomatoes, onions, red peppers, chilies, and chilies. In order to make it ripe, they will not add tomatoes. They will also add sweet ingredients such as salt, maggi, other spices such as curry, and talam to keep it from burning.",refutes,refutes,refutes,True
afrifact_data_culture_yoruba_429,yoruba,Sanusi explained that God has written him that he will be the King of Kano and there is also a record that they will remove him.,"This is the video of how the Emir Sanusi was airlifted from Nasarawa state. A report that is circulating says that they have airlifted the former Emir of Kano, Sanusi Lamido Sanusi from Nasarawa state to a place that no one knows. The report said that they were taken away from Loko village in a high-speed helicopter, where they had been hiding since Monday. They have moved the Emir of Kano, Sanusi Lamido from Nasarawa to a place he does not know. On Monday, the governor of Kano state urged the Emir Sanusi to understand, and he was also expelled from Kano to Nasarawa. We will bring it to you if something goes wrong. Sanusi said that he has accepted his destiny but his lawyer said that they can still go to court. Sanusi made this statement in a video he made before leaving his prison in Kano on Monday. In the video, Sanusi said in Hausa language that ""God has written that he will be the king of Kano and also in our note that they will remove him.""",supports,supports,supports,True
afrifact_data_culture_igbo_096,igbo,"Rice is one food that will make you happy, you will eat it, you will add anything to it and eat it.","Rice is one of the foods that cost you money, no matter how much money you spend on it, you have to add anything to it and eat it.",supports,nei,nei,False
afrifact_data_culture_hausa_199,hausa,The arrival of the British colonialists helped convert the traditional rulers of Kano to Islam.,"After the arrival of Islam in the 14th and 15th centuries, the importance of Mount Dala in worship decreased, because the rulers of Kano embraced Islam.",refutes,nei,nei,False
afrifact_data_culture_igbo_531,igbo,All those who have held the position of Chief of Staff (COAS) of Nigeria and their families are going to England.,"Akshubukike Ihejirika, CFR (Born February 13, 1956) is a retired Ami Nigeria, president general and former Director General of Ami.",nei,nei,nei,True
afrifact_data_culture_igbo_253,igbo,"Nwankwo Kanu is not the owner of Kanu Sports TV, an Internet sports TV company.","He is also the owner of Kanu Sports Television, an Internet sports television company.",refutes,refutes,refutes,True
afrifact_data_culture_yoruba_703,yoruba,Nigeria is known for its rich traditions.,"Nigeria began to use the naira on the first day of the first month of 1973, they replaced the money that Nigeria was using before. This money is a Ponhun (£1) made into two naira.",nei,nei,nei,True
afrifact_data_culture_hausa_010,hausa,Sheikh Shagari was born in May 1960.,"He was born on February 25, 1925 in the town of (today) and died on December 28, 2018 after a short illness in a hospital.",refutes,refutes,refutes,True
afrifact_data_culture_yoruba_564,yoruba,"In 2006, the total number of people in Agbadarigi was 241,093 according to the census system.","According to the 2006 census, the total number of people in Agbadarigi is 241,093.",supports,supports,supports,True
afrifact_data_culture_yoruba_272,yoruba,Abass Williams worked as a slave until he died penniless.,"Ofin area below Lagos in Lagos was occupied by William Abass when he came to Portugal, and many of his descendants below Lagos today are called Williams, while others combine the two names, William Abass. After that, he went to occupy Badagry between 1830, where the slave trade flourished, and he knew the city like a friend because it was close to the city of Porto Novo, where he had already traded. William Abass is making cargo money with his boss in Brazil, and he is sending a lot of cargo to the owner, and he is also getting money and wealth from the cargo business. With the support of his boss, William Abass built a large port in Badagry called Brazillian Barracoon which was first built with a flag in 1840.",refutes,nei,nei,False
afrifact_data_culture_igbo_151,igbo,Ideato South is also not a marketer.,They are also customers.,refutes,nei,nei,False
afrifact_data_culture_igbo_702,igbo,The Nigerian Parliament has approved President Buhari's spending of 22.7 billion dollars.,Today's important news: Members of Parliament have signed a bill to approve President Buhari's budget of 22.7 billion dollars. They did this on Thursday at the end of a dispute between them about the money.,supports,supports,supports,True
afrifact_data_culture_hausa_251,hausa,Food and agricultural historian James C. McCann suggests that the rice dish spread with the Mali Empire.,"Historian of food and agriculture James C. McCann considers this claim possible given the popularity of rice in the upper Niger valley, but he thinks it is unlikely that it could have spread from Senegal to its current location since such a spread is not seen in ""language, political system or history"". Instead he suggested that the dish spread with the Kingdom of Mali, especially the Djula artisans who spread throughout the commercial centers and regional cities, taking the economic technology of ""production, small scale, and rice agronomy"" as well as religion. Islamic.",supports,supports,supports,True
afrifact_data_culture_hausa_756,hausa,Iran's nuclear program is the main reason why the United States often imposes economic sanctions on Iran.,"Last year, Mr. Trump abandoned the international nuclear agreement with Iran, and the United States reimposed economic sanctions on them.",supports,nei,nei,False
afrifact_data_culture_hausa_182,hausa,"Rice, beans and corn are some of the food crops that are grown during the summer.","More than 30 million people derive their livelihood from Lake Chad through fishing, livestock raising and agriculture.",nei,nei,nei,True
afrifact_data_culture_yoruba_741,yoruba,"When Olulole dies, all his flesh is scattered.","Olulole died in 1841 when a thunderbolt exploded in the royal palace. All the body parts of Olulole were scattered all over the place, so much so that they recognized him only by the ring of his head.",supports,supports,supports,True
afrifact_data_culture_yoruba_639,yoruba,"Congregations of the same faith have different interpretations of the Bible, and we see the effect of this in the difference in the religious principles of each congregation.","Different religious congregations have different interpretations of the Bible because of this, each congregation has different religious principles. And their beliefs about what Jesus is are slightly different as they all agree that Jesus is the savior.",supports,supports,supports,True
afrifact_data_culture_hausa_374,hausa,"In the Hausa culture in some regions, the naming ceremony is held seven days after birth","For the Maguzans in Kwatarkwashi District of Zamfara State who worship Magiro in their towns they have no resistance to the day they whisper the name to their children. In the tradition of these people, a child is not named until there is a chance to name it, even if it is years later. In their place, a person can combine many of his children, starting from one or more than one, in order to have them named on the same day.",nei,nei,nei,True
afrifact_data_culture_hausa_173,hausa,Aminu Bello Masari was a commissioner in Katsina state during the military rule from 1991 to 1993.,"He held the position of Commissioner for Works, Environment and Transport of Katsina State between 1991 and 1993 during the military regime.",supports,nei,nei,False
afrifact_data_culture_igbo_171,igbo,It is raining in our area.,"He said that ""it is the water that people splashed on their beds that they usually drink.""",nei,nei,nei,True
afrifact_data_culture_hausa_434,hausa,Abubakar Gumi the man was one of the proud teachers of Izala.,"Gumi emerged as an outspoken leader during the colonial period, where he believed that the direct rule weakened the religious power of the rulers and strengthened the Westerners.",nei,nei,nei,True
afrifact_data_culture_yoruba_035,yoruba,Coronavirun does not do any harm to the economy.,"However, an economist, Gbadamosi Olusola, who is the Vice President of the Association of Economists and Accountants in Nigeria, told the BBC that a few days of danger will be brought to the people. This is not the end of how the coronavirus has affected the economy. What good has till date done for Nigeria? Mr. Gbadamosi Olusola explained that there is no benefit for Nigeria as far as the gates are concerned, because the boycott has gone up to, and there is no change on the matter of the security system.",refutes,nei,nei,False
afrifact_data_culture_yoruba_425,yoruba,The Chelsea football team is not among the teams that joined the new league.,"The news is more interesting as six football club captains from the Premiership league in England have announced and joined the new league. The six football clubs are Arsenal, Chelsea, Manchester city, Manchester United, Liverpool and Tottenham. How did the story begin? In October last year, the first step began with a discussion with a financial firm named JP Morgan. The purpose of the conference is to set up a competition to replace the Champions League in Europe and its revenue will be up to six billion six hundred million pounds. UEFA took the step to launch a new Champions League with thirty-six football clubs.",refutes,refutes,refutes,True
afrifact_data_culture_igbo_374,igbo,ECOWAS appointed Ike Ekweremadu as the leader of a special committee to work for the return of the constitution,"ECOWAS [| ] In September 2009, he was appointed to lead a special committee of the Economic Community of West African States (ECOWAS) to work for the return of the constitution to .",supports,"nei

The evidence does not specify the name",nei,False
afrifact_data_culture_yoruba_642,yoruba,The Bible says that everyone has sinned and fallen short of the glory of God.,When the new covenant fulfills what the eternal covenant says. The Bible affirms that everyone has fallen short of the glory of God (Romans 3:23). This is to say that every leader's son is an athlete.,supports,supports,supports,True
afrifact_data_culture_hausa_270,hausa,Tuwon is a delicious dish made from home made rice which is soft,"__LEAD_SECTION__ [ | ] Tuwon is a type of food and the rice is brought from , and the north of Nigeria. It is a good soft food prepared from local rice which is soft and sticky, and it is usually served with different kinds of sauces like da .",supports,supports,supports,True
afrifact_data_culture_hausa_167,hausa,Bashir Ahmad announced the return of Bello Matawalle to the APC party on June 27.,"On June 27, the presidential assistant on media affairs Bashir Ahmad said that Matawalle had joined the APC.",supports,supports,supports,True
afrifact_data_culture_hausa_373,hausa,"Among the Zamfara people, families whisper the name to the child even if it is not prepared","For the Maguzans in Kwatarkwashi District of Zamfara State who worship Magiro in their towns they have no resistance to the day they whisper the name to their children. In the tradition of these people, a child is not named until there is a chance to name it, even if it is years later. In their place, a person can combine many of his children, starting from one or more than one, in order to have them named on the same day.",supports,nei,nei,False
afrifact_data_culture_hausa_479,hausa,My prayer is complete when a person recites Fatiha in every unit.,"He will read some verses from the Qur'an, praise God and pray. The word Sallah is translated as worship, but the word means prayer, that's why the meaning is complicated. Muslims use the word """,nei,nei,nei,True
afrifact_data_culture_hausa_033,hausa,New football fields were built in Lagos during the Sani Abacha regime.,Sani Abacha was the president of the country from November 1993 to June 1998.,nei,nei,nei,True
afrifact_data_culture_yoruba_469,yoruba,"Aláafin also wrote a letter to President Muhammadu Buhari on the security plan in Yoruba land, in which he told the President to put an end to how some people are attacking Yoruba land.","Similarly, the Minister of Youth Development and Sports in Nigeria, Sunday Dare congratulated the Alaafin on his fifty years on the throne. In his welcome speech, Mr. Dare described King Adeyemi as a person who is bringing unity in Yoruba land, who is also promoting culture. He said not only development, stability and progress in his time brought to Oyo state, but he also brought unity, love and hope to reign in the state and Nigeria as a whole. Look at the many achievements made by Aláafin during the 50 years that he has ruled the Yoruba. It is fifty years since King Lamidi Adeyemi the third has become the Alaafin of Oyo, and he could not celebrate the festival without referring to some of the notable things he has done. Whoever reads it will read it, the ghost, the earth is full of many successes that the Alaafin has placed on the head of the understanding, but some of the successes are good, if the child does not follow the story, it will follow the lame.",nei,nei,nei,True
afrifact_data_culture_hausa_612,hausa,Pagans used ritual objects to possess demons before the advent of Islam.,"The musical instruments of some different cultures of the Sahel region before the arrival of Islam are tied to possess demons, such as the Hauka culture of the Hausa, Zarma, Borori, and Songhay pagans.",supports,supports,supports,True
afrifact_data_culture_igbo_189,igbo,No one lives in Rivas anymore.,"In Nigeria, the Igbo people live in the entire state.",nei,nei,nei,True
afrifact_data_culture_igbo_224,igbo,Dr Tedros said that some countries do not have clear mandates.,"He said that some countries don't have clear workers, some countries don't have enough to eat, while some countries don't have the will to do the right thing.""",supports,nei,nei,False
afrifact_data_culture_hausa_410,hausa,Muslims pray five times a day to show obedience to the teachings of the Qur'an.,"al-Islām, English: Islam) is the testimony that there is no god but the truth, and (SAW) is the servant of God and the messenger of God. The religion is related to and contains rulings from and the teachings of the Messenger of God who came with the book and there are at least one billion and nine hundred followers of the religion (1.9B).",nei,nei,nei,True
afrifact_data_culture_hausa_815,hausa,It has been speculated that the expulsion of members of parliament and governors from the APC may be a threat to the victory of Muhammadu Buhari in the 2015 election.,"The political style of Nigeria is seeing the departure of members of parliament and some governors of the APC, it is a big issue that can weaken the position of President Muhammadu Buhari in the parliament, and it is a big threat to his candidacy in the 2019 election.",refutes,nei,nei,False
afrifact_data_culture_igbo_122,igbo,Nollywood brands can grow and flourish through comedy.,"As you can see, comedy movies also have the power to establish and strengthen the brand of Nollywood.",supports,supports,supports,True
afrifact_data_culture_yoruba_392,yoruba,"Those who committed fraud in the 2019 election got away with it, without getting a proper judgement, and the court did not find anything wrong with INEC.","Orji Uzor Kalu - Delta The court that is hearing the case related to the election to the Legislative Assembly in Delta state has also rejected the election that brought Orji Uzor Kalu. Orji is the one who is the governor of the state. While arraigning him on Monday, a three-judge panel led by Justice I. P. C Igwe and the prosecutor, Mao Ohuabunwa, confirmed the case. Earlier, the prosecutor had urged the court to annul the vote that Kalu had brought in, because it was not in compliance with the law related to the 2010 electoral system. Ohabunwa told the court that INEC removed some votes when they wanted to count the vote, and that many people who were supposed to vote were not allowed to vote by INEC. After the argument between the plaintiff and the defendant, the judge annulled the vote, ordering that the vote be re-held in certain areas within three months. Orji is the one who is the governor of the state. Dino Melaye - Kogi Among those who were returned by the court challenging the election is Senator Dino Melaye, who represents the western constituency of Kogi state. The trial of the three accused led by judge A.O Chijioke was held on the twenty-third day of the eighth month of this year. The judge ordered INEC to re-run the election within ninety days. But Senator Melaye is saying that he will call the Supreme Court. Lazarus Ogbe - Ebonyi The court hearing the election case in Abakaliki has asked the injured Lazarus Ogbe, a member of the PDP representing the southern region of Ezza, to leave his office in Abuja and return home. He asked the person who was announced in Ebonyi state to leave the position, so he destroyed the election that brought him in. The court declared Chinedu Ogah, from the APC party, as the official winner of the election.",refutes,nei,nei,False
afrifact_data_culture_yoruba_752,yoruba,Banana trees can only grow in wetlands.,"There is no surface where bananas cannot grow, planted 60 centimeters (2.0 ft) into the ground, and grows well. The banana tree is the fastest growing of all the other fruit trees.",refutes,refutes,refutes,True
afrifact_data_culture_yoruba_566,yoruba,"If the sword created for a person causes harm, the sacrifice is only important. Otherwise, there is no need.","Sacrifice is important for the person for whom the sword is made. if the sword created for a person is good or bad, the person responsible has to sacrifice so that the thing that created the sword can be good: in the first way:- The sword offering is food for the deity that the sword says to sacrifice, for example, if a person wants to do something. if you ask for a sword, they can tell you to go and sacrifice for the war. The sacrifice of the sword is an important atonement because Babalawo does not want people to do things today to do it, so that even a thief has the courage to say ateegung-ateesa, because of this the Babalawo say to the person who is asked to sacrifice that he should find food for his neighbors.",refutes,nei,nei,False
afrifact_data_culture_yoruba_431,yoruba,"Emir was accused of embezzlement and embezzlement, which is why he was sacked.","In a press release issued by the senior lawyer, Abubakar Balarabe Mahmoud, on behalf of the legal counsel for Emir Sanusi, they have said that they are currently working in Kano and Abuja to sue, unless the Emir is released from custody immediately, they will not allow them to take legal action. The committee that described the strictness of Emir Sanusi from the city of Kano after they urged him to understand, as something that is not in accordance with the modern day and that is not in the Nigerian constitution. And he said that the Supreme Court in Nigeria clearly stated that such a step is not in line with the law, while the Kebbi state government urged the Emir of Kebbi to understand. They continued to say that ""at no time did the Kano state government send a letter or call the Emir to attention on the charge of disobeying the authorities, and refusing to go to meetings and programs set up by the government, which they accused him of.",refutes,nei,nei,False
afrifact_data_culture_hausa_544,hausa,Isah Ali Ibrahim Pantami is one of the shareholders in the Nigerian Telecommunications Authority.,"Previously, he held the post of Director General of the National Telecommunications Regulatory Authority (NITDA).",nei,nei,nei,True
afrifact_data_culture_igbo_797,igbo,The Igbo people have been known to steal people's property or rob people of their due since the beginning of time.,"But, it was not until now that we started talking about security. When the land is still dry land in Igbo land, there is good national security but people are afraid of theft, entering the people by force or trespassing on borders that are not theirs. This is their makana and what will follow it is not something that is used in the mouth.",refutes,nei,nei,False
afrifact_data_culture_hausa_457,hausa,"Wherever you find a mosque, you will see the same building structure as in Saudi Arabia.","Mosques are built in the style of Islamic architecture, but most of the style of building mosques is related to the style of building countries and people's culture.",refutes,nei,nei,False
afrifact_data_culture_hausa_108,hausa,Abba Kabir Yusuf returned Sunusi Lamido Sunusi as Emir of Kano in May 2024.,"The governor of Kano, Abba Kabir Yusuf, has reconfirmed Sanusi Lamido Sanusi as the Emir of Kano. Today is Thursday, May 23, 2024.",supports,supports,supports,True
afrifact_data_culture_hausa_051,hausa,Achieving the rank of major is one of the goals of every soldier.,"He was a Nigerian politician who ruled by power as a military president from the year (1985) when he planned a coup against his closest opponent, until he resigned in the year (1993) due to the election after July 12, (1993) which he canceled without any legal reason.",nei,nei,nei,True
afrifact_data_culture_yoruba_486,yoruba,"Elike Chibuzor is the name of the brother who was arrested by the police, who said he stole the child they were looking for.","The Ondo State Police arrested a man who identified himself as Elike Chibuzor, who allegedly stole Gold from Kolalazy. While confirming this incident to BBC Yoruba, the spokesperson for the police station in Ondo state, Femi Joseph explained that, Chibuzor called the police station on the morning of Eti and said that he is our Gold, and if they want to return him, they should pay him one thousand eight hundred naira (₦800,000). The news made you want more: The suspect, when he was in Akure town, he was calling the police, he also told them that some people told him to lie to Alfa Babatunde, and the messenger of God did not know anything about how the child disappeared in Sotitobire church.",supports,nei,nei,False
afrifact_data_culture_hausa_103,hausa,The governor of Kano has given Sanusi Lamido Sunusi the position of commissioner in 2024.,"The governor of Kano, Abba Kabir Yusuf, has reconfirmed Sanusi Lamido Sanusi as the Emir of Kano. Today is Thursday, May 23, 2024.",refutes,nei,nei,False
afrifact_data_culture_yoruba_049,yoruba,The government has accused all tax collectors of being involved in fraud.,"Yoruba Akoko ethnic groups make up twenty-three percent (20.3%) of the seven-fifths (5.7%) of the people who live in . Ewe, Akoko area has four local governments, they are: , , and , which is located between and . The university is in the city. Similarly, the state government hospital is in the city, while the government's general hospital is in the city and the city.",nei,nei,nei,True
afrifact_data_culture_yoruba_604,yoruba,Adébola was born in the city of Shaki.,"Bola Ige founded his company called Bola Ige & Co in 1961, and became the Attorney General of Nigeria. Ige became a famous lawyer in Nigeria due to his eloquent speech and his efforts on the human rights that brought us Africans to power. Also, Ige is a believer in Christianity. Cover",nei,nei,nei,True
afrifact_data_culture_hausa_417,hausa,Ahmad at-Tijjani's first wife is originally from England and has three children,"History and spread of order [ | ] Process root [ | ] Ahmad al-Tijani (1737-1815) was born in Ain Madhi and died in . He studied religion in Fes, Morocco. Inspired by some Moroccan saints, he established the Tijjaniyya system in the 1780s; sources differ as to the exact date between 1781 and 1784.",nei,nei,nei,True
afrifact_data_culture_hausa_312,hausa,"Alkaki's method requires grinding the wheat, mixing it with milk and oil, and frying it slowly.","How to combine Wheat #1: You will get wheat and put it on a tray and pick up the unwanted things in the wheat by hand. Step 2: Pound to reduce chaff (optional). Then wash with water and spread to dry. Step 3: Grind the wheat so that it does not become a powder (i.e. quartz) Step 4: Get a bowl and mix the ground wheat with yogurt/milk and oil. Mix it to form a dough. Step 5: Cover it for 3-5 hours. Step 6: Assemble it again, this time on the chopping board. Apply oil to avoid stickiness. Step 7: Shape into desired shapes and cover with a clean towel. Step 8: Using a frying pan, cook the desired amount of sugar on low heat. Step 9: Stir well and add diluted tamarind (cream) or one lemon to get Sugar Solution. Step 10: Keep warm to avoid condensation. Step 11: Fry the dough (Alkaki) using a frying pan on low heat. Allow it to turn golden. Step 12: Strain it immediately and pour it into the sugar water. Allow 3-5 minutes. Step 13: Finally, pour it into a clean container and enjoy.",supports,supports,supports,True
afrifact_data_culture_igbo_681,igbo,Pericoma is one of the names of the sun worshiped by the Igbo people. No Igbo person is afraid of this sun,"Otiegwu Speed ​​Darlington, who is known as ""Akphi"" is the son of Pericoma Okoye. But it was once reported that Pericoma repented as he sang to the church, ""Don't let yourselves be deceived"". But Odenigbo, who has worked with him on music projects, explained that it is the market that he sells. ""The 'marketer' he was working with told him to play the song to sell.""",nei,nei,nei,True
afrifact_data_culture_igbo_524,igbo,Emmanuel Nnamdi Uba won the award as the person elected to represent the southern people of Anambara in the April 2011 election.,"Emmanuel Nnamdi Uba, or Andy Uba (born 14 December 1958), is a Nigerian politician who was elected as the Senator for Southern Anambara, Nigeria, in April 2011.",supports,supports,supports,True
afrifact_data_culture_igbo_230,igbo,"If the support of the APC is withdrawn, Obaseki will not be the governor of Edo state.","But without our support, Obaseki would not have been the governor of Edo State”.",supports,supports,supports,True
afrifact_data_culture_igbo_542,igbo,IPOB's lawyer Paul Achalla has said that they are trying to get Facebook to return their accounts.,"Paul Achalla, a lawyer abroad and a member of Ipob, has stated the plan they will follow to restore the Facebook logo of their leader, Nnamdi Kanu. In his interview with BBC Igbo, Achalla explained that it may be for one reason or another that Nnamdi Kanu's Facebook account was taken down, but Facebook should give him a chance to respond.",supports,supports,supports,True
afrifact_data_culture_igbo_719,igbo,"John Abeng, the Chief of Police in Anambra State, has not said anything about getting rid of thieves, gangs and extortionists in Anambra State.","The Chief of Police in Anambra State, John Abang, has confirmed that he will help make Anambra State safe and secure. He also said that they will initiate ""Operation Puffadder to drive out secret groups, criminals and especially those who are corrupt.""",refutes,refutes,refutes,True
afrifact_data_culture_igbo_787,igbo,"The Commissioner for Trade, Christian Madybuko told the people of Anambra to pay taxes to whomever they like.","The Commissioner for Trade Christain Madubuko explained that the Anambra government arrested three people in the state. He said that these people, one of whom is the king, used fraud to deprive the people of tax money in the market. Madubuko also warned people to be careful about who they are paying taxes to and said that only the government has the right to operate businesses.",refutes,refutes,refutes,True
afrifact_data_culture_yoruba_280,yoruba,There was another time when President Buhari and lawmakers attacked each other over the 2016 budget.,"If you don't forget, on the day of the election, the political party All Progressives Congress, which is the party in control, and the party that has more than one legislator in the house are different. Buhari is not the only candidate who people hate, 'I am not among the legislators who cursed Buhari'', why did Bukola Saraki and Yakubu Dogara and PDP political members take the 'horrific way' to organize the election without APC members at home, even though they are members of the party. The leaders of the APC political party called a meeting for their members of parliament to discuss how they will elect the leaders of the parliament, and the PDP members used the opportunity to organize an election.",nei,nei,nei,True
afrifact_data_culture_igbo_133,igbo,"When men are taught how to be men who will benefit the community, what is happening there is said.","But, don't say what is happening there.",refutes,nei,nei,False
afrifact_data_culture_igbo_198,igbo,A popular story says that the first person who was well known in Akwete was Dada Nwakata.,A popular tradition says that a woman named Dada Nwakata was the first known person in Akwete.,supports,supports,supports,True
afrifact_data_culture_yoruba_223,yoruba,"At 6:30 in the morning, the students used to line up in the schools in the dark.",Rashidi Yekini (23 October 1963 - 4 May 2012) was a member of the family. He was the one who scored thirty-seven goals for Sonu Aon when he was scoring for the national football team as the first member of the Republic of Indonesia to score such a goal.,nei,nei,nei,True
afrifact_data_culture_yoruba_056,yoruba,No adult man used violence against children during this time.,"Elizabeth said: ''I took the step to speak this time because I have lived in the world, as a journalist and a former minister in Ghana. If I die like this, people will see good things about me.'' Many adult men are raping children these days, and no one says anything about it.''",refutes,refutes,refutes,True
afrifact_data_culture_hausa_573,hausa,It's very important to have a good time.,"The mortar is divided into two parts, the carved mortar and the metal mortar.",nei,nei,nei,True
afrifact_data_culture_yoruba_290,yoruba,It is Sunday Igboho who are being kidnapped by Kebbi and Zamfara people in Oke Ogun.,"Femi Falana A prominent lawyer who is also a humanitarian, Femi Falana, who explained that, Sunday Igboho has no right to say that anyone should leave the city, he should follow the law. Falana said this during his interview with the BBC in Ojoru on the situation in Nigeria and his opinion on the security chiefs appointed by President Buhari. The senior lawyer said ""it is not right for the government to evict anyone because the Nigerian law says that after ten years when a person has lived in a city, he is entitled to everything that the people of the city have. Even if a person is a tenant, he really needs enough time before they can leave the house."" He then urged the Oyo state government to build shelters for cows.",refutes,nei,nei,False
afrifact_data_culture_yoruba_084,yoruba,Ginimbi's father and his brother were among those who attended his funeral.,"Ginimbi's father and his uncle, Sekuru Ginimbi were among those who spoke at his funeral. Ambuya who is his mother's mother because his mother actually died in January last year, and Amai who is his mother's uncle spoke about her funeral. The elder sister, Tete was there, Mwana, Munkuru, Mukwesha, Muroora and others who were also at the Kadungure burial.",supports,supports,supports,True
afrifact_data_culture_igbo_726,igbo,"Nigeria is a multi-ethnic country. Despite the different ethnic groups in Nigeria, there are things that unite them. People's worship, their films and politics are among the most divisive things in Nigeria.","The most important thing is that although there are different races in Nigeria, there are a few things that unite all the races. Those things often happen, people forget their own race, and put their efforts in supporting it. Things that unite Nigeria Many times Nigerians do not agree on some things such as worship and faith, politics and movies which the English call ""movies""",supports,supports,supports,True
afrifact_data_culture_yoruba_405,yoruba,"At the time of this attack between the students of FUOYE and the police, the governor of Ekiti state went to visit, but reports say that there was no accident.","Students are protesting because of the fire that is causing havoc. Even those who created conflict in the region are the ones who disturb the peace of Oye at the moment. The students are protesting because of the government fire that is causing havoc in all the study rooms in the university. Ekiti State Police Spokesperson, Caleb Ikechukwu said the students set fire to their farm. They also shot two police officers, but the students accused the police that they killed the students while they were kissing, but the police said there was nothing like it. It is also reported that the wife of the Governor of Ekiti State, Bisi Fayemi went to this time of conflict. It was reported that the wife of the governor of Ekiti state was fired after the students' protest created a conflict. At that time, they attacked her husband, it is said that he survived the attack after the police used 'commando action' to take him away from the conflict.",supports,nei,nei,False
afrifact_data_culture_hausa_638,hausa,Different communities have their own style of music and song.,"The music industry includes musicians, performers, sound engineers, producers, tour operators, distributors of musical instruments, accessories, and publishers of music and recordings.",nei,nei,nei,True
afrifact_data_culture_hausa_343,hausa,Basketball was invented in Asia,"Invented in 1891 by Canadian-American sports teacher James Naismith in Springfield, Massachusetts, USA, basketball has evolved into one of the world's most popular and watched sports. The National Basketball Association (NBA) is the most important professional basketball team in the world in terms of popularity, salary, talent, and level of competition.",refutes,refutes,refutes,True
afrifact_data_culture_yoruba_185,yoruba,The hands of the state governors are not included in the money they give to the government departments.,"PDP members spoke at the supreme court What kind of law are they making the budget of the justice department before? Before President Buhari closed the order, the state governors used to say how much money they would give to other government departments, so that they know how much money will be given to them. It often appears in the budget proposals that are being presented to state legislators.",refutes,nei,nei,False
afrifact_data_culture_hausa_257,hausa,Hausa cocoa is an everyday item in Ghana and is eaten with traditional foods such as kosai or Akara.,"It was called Hausa cocoa because the idea was created in the Northern regions of Ghana. It is also common in different regions in Ghana. It is usually accompanied by Ghanaian bean flower which is called kosai, raw fried flour - Pinkaso or Nigerian bean cake called Akara.",supports,supports,supports,True
afrifact_data_culture_yoruba_190,yoruba,The president is talking as if he is a follower.,"Oluwo is also saying widely that the step taken by the leaders does not affect him because he is still ruling, and Oluwo does not allow peace over the crisis, and he cannot accept it. ""He who is the mother will not be silent, I have told the court that he did not do justice and good action against the mother that Oluwo has accused me, but he came back and said that there is no fight between us.",nei,nei,nei,True
afrifact_data_culture_yoruba_172,yoruba,"Yesterday, Popola wore a purple dress, but Wohale will not wear his.","This statement of support by Professor Soyinka comes four days after the South-West governors gathered in Ibadan to launch the Leopard Ambassador. Yes, the opening of the clothes on the face of this disabled person has been causing a lot of emotion, praise, and support in Nigeria and around the world. Those who have been supporting Amotekun's speech, the Nigerian Bar Association, the branch of Ekiti state in the south-western governorates of Nigeria, have not gone beyond the 1999 constitution that Nigeria is using.",nei,nei,nei,True
afrifact_data_culture_yoruba_739,yoruba,"In Yoruba land, if a woman is getting married, she must wear a necklace around her neck.","Olulole died in 1841 when a thunderbolt exploded in the royal palace. All the body parts of Olulole were scattered all over the place, so much so that they recognized him only by the ring of his head.",nei,nei,nei,True
afrifact_data_culture_yoruba_416,yoruba,"The death of Ebila may make the One Million Boys lose power, but it also gives strength to other small cults.","Will Abiola Ebila's death end the one million boys group? Three days ago, in the fourth month of 2020, Abiola Ebila killed his rival in another sect, Ekugbemi, and since then the law enforcement agencies have been looking for Abiola Abila, he has not been able to face the criminal case. On the evening of Sunday, the 12th of July 2020, there was an uproar in a city that the leader of one million boys, Abiola Ebila, had been arrested and called God. There was an uproar in a city that the curse of the cult had been broken, even with its dead leader, and its children would be blown away. But the question that many people are asking is that, is the end of the group of one million boys now that their leader has fallen? But others are thinking in their hearts that the group that sent you away may be this one million boys cult group, it is possible that they will go and bring us power.",refutes,nei,nei,False
afrifact_data_culture_igbo_755,igbo,The Brazilians scored as soon as Neymar hit the post.,"Brazil should have given a goal already, as Paulinho ran near the post, Neymar passed the ball to him, but it did not go well to Paulinho's feet, causing him to miss. Minute 10: Neymar's feet never touched the ball as well as people wanted or thought.",refutes,nei,nei,False
afrifact_data_culture_igbo_498,igbo,"Ngozi Okonjo Iweala was the Minister of Finance in Nigeria, from 2003 to 2006; and from 2011 to 2015.",Ngóz Okonjjo-Iweala served as the Minister of Finance in . He served as minister twice: from 2003 to 2006; and from 2011 to 2015.,supports,supports,supports,True
afrifact_data_culture_hausa_018,hausa,Sir Ahmadu Bello was killed in his home on the 12th of January.,"On the 15th of January, at around 10 o'clock at night, Major Nzeogu Kaduna and his children entered the premier's house and released him while he was lying down, and shot him dead with a gun.",refutes,refutes,refutes,True
afrifact_data_culture_igbo_476,igbo,"The ancients used Ibini Ukpabi to resolve disputes and problems such as family disputes, murder, and witchcraft.","Ibini Ukpabi is used to solve problems, especially murder, witchcraft, poisoning and family disputes.",supports,supports,supports,True
afrifact_data_culture_hausa_487,hausa,Muhammad Auwal Albaniy Zaria died in a car accident.,The gunmen shot Sheikh Muhammad Auwal Adam Albani Zaria along with one of his wives in the town on their way back home after attending the evening Tafsir recitation that they used to attend in the town.,refutes,refutes,refutes,True
afrifact_data_culture_hausa_556,hausa,A disciple is someone who leaves his hometown to go to another town for business.,Said and the majority of the word Almajiri translation. As it is seen the children who leave their cities to go somewhere to seek the knowledge of the Qur'an.,refutes,nei,nei,False
afrifact_data_culture_yoruba_560,yoruba,"To travel to Porto Novo from Lagos, one needs to take a bus.","Like the island of Lagos, Agbadarigi is a city settled on the water's edge, because of this, there is an opportunity to travel by water from Lagos to Porto Novo.",refutes,nei,nei,False
afrifact_data_culture_yoruba_552,yoruba,"Matthew Aremu also known as Olusegun Obasanjo is a senior politician, retired soldier, and yesterday's president in the country of Nigeria.","Matthew Aremu Olusegun Obasanjo (born on the 5th day of the third month of 1937) is a prominent politician, retired soldier and former President of Nigeria. His father's name is Amos Adigun Obaluayesanjo ""Obasanjo"" Bankole, his mother's name is Ashabi. Obasanjo was born in Owu in Abeokuta town in Ogun state in Nigeria. His mother died in 1958, his father also died in 1959.",supports,supports,supports,True
afrifact_data_culture_yoruba_233,yoruba,Afonja did not get any support from the Hausa when he conspired against the government.,"Ilorin is a city founded by the Yoruba, one of the three most important tribes in Nigeria, in the 18th century. It became the capital of the local military under the Oyo Kingdom until 1817, when the local chieftain, whose name was Abhinja, conspired against the government, with the support of a Hausa named Shehu Alimi, a prophet and teacher of Islam.",refutes,nei,nei,False
afrifact_data_culture_yoruba_764,yoruba,The variety of other names that we can call this soup is divided into seven.,"Other names that they call the soup are uha and ora soup. Foods that you can eat Oha [ | ] Uha/Uha soup is best with fufu. Desire, semo, honor and fear all these are good with oha soup.",refutes,nei,nei,False
afrifact_data_culture_igbo_743,igbo,Jurgen Klopp said he will not pay the fine because he did it unknowingly.,"Liverpool manager Jurgen Klopp has accepted an £8 million bid to enter the club. Klopp said that it is true that he broke the law, and he cannot escape this.",refutes,nei,nei,False
afrifact_data_culture_igbo_347,igbo,"In the Second Republic of Nigeria, P.N. Okeke-Ojiudu held the position of Governor of Anambara.","He was the Minister of Agriculture from 1959-1966, when Nigeria was the First Republic.",refutes,nei,nei,False
afrifact_data_culture_igbo_806,igbo,Mr. Sam Ohuabunwa is an expert in the field of finance and investment. Mr. Sam Ohuabunwa believes that Nigerians who are in debt can make Nigeria's money so weak that it will no longer be able to use it to get anything in the world.,"Mr. Sam Ohuabunwa, who is concerned with campaigning and spending, clearly believes that he is Atiku's fear. He said that of course, those who have borrowed money can come and take the wealth of Nigeria, but there are other ways for them to collect their money which is more than taking the wealth of Nigeria. He said that ""they can make Nigeria's money disappear, which means that it will no longer be worth anything to the international community. There will be no more people who will trust Nigeria for selling things to them if they don't use money"".",supports,nei,nei,False
afrifact_data_culture_hausa_673,hausa,Militants are accused of killing people when curfews are imposed.,She said her investigation showed that security forces have killed at least 18 people since the curfew came into effect on March 30.,refutes,nei,nei,False
afrifact_data_culture_igbo_102,igbo,African countries ruled Zimbabwe from 1980 to 2017,It is the African continent that ruled Zimbabwe from 1980 to 2017.,supports,nei,nei,False
afrifact_data_culture_igbo_752,igbo,Switzerland is the sixth best footballing country according to the FIFA rankings. People look to the Brazilians to see if they will do better than Jamini.,"FIFA has named Switzerland in the top six of this year's football tournament, ahead of the World Cup. All eyes are on Brazil to see if they will be better than the Jamini who were defeated today.",supports,nei,nei,False
afrifact_data_culture_hausa_040,hausa,London is not one of the places where Abubakar Tafawa Balewa studied.,"In 1944, Abubakar Tafawa Balewa and other educated teachers in the Northern Provinces were chosen to study abroad at the London University Institute of Education, which today is part of the University College.",refutes,refutes,refutes,True
afrifact_data_culture_hausa_329,hausa,Agwaluma helps to reduce the symptoms of fever and improve health during malaria related diseases.,a persistent aria or one who does not respond to treatment. The study published in BMC Complementary and Alternative Medicine stated that this medicine can be a new acceptable way to treat fever after the failure of other types of medicine. Agwaluma contains chemicals,supports,nei,nei,False
afrifact_data_culture_igbo_423,igbo,Most of the people living in the country have problems with water and proper shelter especially since they are small.,"Until Europeans arrived in Nigeria, Mbaise's economy was based on agriculture",nei,nei,nei,True
afrifact_data_culture_hausa_315,hausa,"Hausas use peanuts to mix kuli-kuli and other types of food, not just peanut soup.","Peanut soup is a soup made from peanuts, often with a variety of ingredients. It is big but it is also eaten in the East ( ), (mainly in ) and other regions of . It is also common in some regions, such as the northwest, and , where it can sometimes be served with bone meat and short pasta or fries.",nei,nei,nei,True
afrifact_data_culture_yoruba_266,yoruba,"In history, Geheledede and Efef did not offer the sacrifice that Ifa said, they did not make it like in the world.","Abikeji Yemoja who is a woman whose name is ""Geledede"" is fat like their mother, who loves their mother very much, and she also likes not to dance. After the two children found the one who was challenging her husband, they said. But, they are not so gentle, so they will go back to the white man. Ifa asked Effe and Gheledede to sacrifice her mother's sacrifice so that they too could live together in the world. They sacrificed as ifa said; they get along very well.",refutes,refutes,refutes,True
afrifact_data_culture_igbo_556,igbo,Jesus and Daughter Jesus had a conflict. Which made Ada Jesus a dead man.,"Rita Edochie, Odumeje, Ada Jesus: 'Chukwu I have taken revenge on this lady' A famous actress named Rita Edochie has said that she has forgiven Ada Jesus who is a famous actress for the bad words she said against her. He said that he was happy that the world knew that Ada Jesus hated him.",nei,nei,nei,True
afrifact_data_culture_hausa_617,hausa,Mamman Shata is a talented singer who can sing anything he wants.,"He was a famous singer, because he was famous in the field of his music.",supports,nei,nei,False
afrifact_data_culture_yoruba_461,yoruba,Mr. Egbebi did not try to ask the people in the market before he believed what his wife said,"The labor union joined to fight for the rights of pregnant women. Well, the union of workers in Ondo state has called on the governor, Rotimi Akeredolu, to receive the work from his colleague, the chief of staff, Doyin Odebowale. Earlier we brought you the news that a pregnant woman who was a toilet worker fainted when Odebowale called her to work. Odebowale yelled at the pregnant woman, Adeola Egbebi when the woman was having surgery at Oja Oba in Akure on Thursday. The news makes you want more: A press release of the secretary of the union of royal workers (AUPCTRE) in the state, Comrade Moyin Banso on the day of Eti, used to talk about this matter. ""Shout out to my city""... The big program that started on BBC Yoruba ""We condemn with all our mouths the behavior of the scholar Odebowale to the woman, and why is he asking that he should not show her the way home. This is the only step that can make peace reign, and they will keep track of the woman's health."" Let it happen first: I fainted after an aide of the governor Akeredolu gave me the presence of the chief - Alaboyun Alaboyun has accused the special adviser on work project to the governor Rotimi Akeredolu of Ondo state, Omwe Doyin Odebowale that he warned her. The woman, Egbedi Adeola and her husband told BBC Yoruba that the incident took place at the royal market in Akure. According to Adeola, the incident took place while they were making a popular program in the market which they usually do every Thursday.",refutes,nei,nei,False
afrifact_data_culture_igbo_557,igbo,Mmesoma Mercy Cynthia Obi died of cancer. He died two months before his birthday.,"Mmesoma Mercy Cynthia Obi Ada Jesus died on Wednesday at a hospital in Abuja where she was taken for treatment for cancer, a few nights after her birthday. Ada Jesus' birthday - Mmesoma Mercy Obi on April 19, 2021 Ada Jesus, her husband and others celebrated her birthday A close family member, Harrison Gwamishu, told BBC Igbo on the phone that the news is true.",refutes,refutes,refutes,True
afrifact_data_culture_hausa_384,hausa,Religious scholars believe that Maulidi can use new things without following all the Prophet's actions.,"And if we observe the necessity of doing whatever the Prophet did, we will do it. So we need many answers such as; 1. The Prophet used a mobile phone 2. He went to Makkah in a plane 3. He called Salah with a loudspeaker 4. He used a fan or a.c in the mosque 5. He got in a car. As for the rest of them, and if we look at other things, the religion of Islam will not continue without them, like going to Hajj in a plane, like getting into a car because it is Islam and the rest. God is the knower",nei,nei,nei,True
afrifact_data_culture_igbo_758,igbo,Doctor Mother of Steve's clinic said that bleeding and bleeding are worse in women who are obese. Venessa was careful now to prevent anything that would cause blood to flow in her body.,"But after a month, Vanessa's breathing worsened and she was sent to a hospital. There, an examination showed blood clots in his lungs. Vanessa said that the doctor told her that ""the cause of the bleeding was the contraceptive pill that I started taking because I had nothing new to put on my body."" ""They told me that if I had waited another day before I came to the hospital, things would have gotten worse.""",nei,nei,nei,True
afrifact_data_culture_yoruba_149,yoruba,"God made a promise to Dauda that if she had a child, she would worship him.","""The Year of Gratitude"" is an important holiday in Islam that is celebrated around the world to commemorate a symbol that they have a love for, which is Prophet Ibrahim ( ( ). There are various explanations for this year, among the explanations are: In the year 1991, Sheikh Dr. Abu-Abdullah Adélabu An explanation about the Year of Ileya on Abuja Radio said that the Year of Ileya is a festival of showing gratitude, God asked Ibrahim to do it to show the spirit of gratitude and he left his son Ishmael to show the spirit of gratitude to God who made a promise that if Ibrahim giving birth in old age that he will dedicate the child to God.",refutes,nei,nei,False
afrifact_data_culture_hausa_246,hausa,"Rice is rich in the most effective sources of energy, and contains vitamins, iron and protein.","Rice is rich in starch, there is kabohsaidirat, the most effective source of energy. Rice also has nutrients, iron and protein. Beans also contain a good amount of iron and a higher amount of protein than rice. Together they provide a complete protein, which releases all the amino acids, which the body cannot release with this substance on its own.",supports,nei,nei,False
afrifact_data_culture_igbo_323,igbo,Ejike Obumneme Aghanya was a teacher who took his students and fled during the Biafran War.,"Ejike Obumneme Aghanya Ejike Ebenezer Obumneme Aghanya (27 November 1932 - 3 July 2020) was a soldier and electrical engineer who served in the Biafran army, retiring as a colonel.",refutes,nei,nei,False
afrifact_data_culture_yoruba_076,yoruba,"Ayobami is a child, the teacher called him this morning, and he beat the clock.","Oyo announced that government employees should stop working because of the coronavirus The Oyo state government has closed the doors of government offices for two weeks due to the spread of the coronavirus disease in the state. The governor of the state, Seyi Makinde made the announcement in a press release he posted on his Twitter handle. The order will come into effect on Wednesday, the twenty-seventh day of March, 2020.",nei,nei,nei,True
afrifact_data_culture_yoruba_127,yoruba,Lawal was on the phone to ask if the Maryland plan would go ahead.,"Popular takasufe musician, David Adeleke known to all as 'Davido' did not last in the election campaign for his uncle, Ademola Adeleke who is a candidate for the position of governor from the PDP political party. The Osun state governorship election will be held on the twenty-second day of the ninth month of this year, and Ademola Adeleke will compete with fifty-seven other candidates. Even though they said that the program will start at 12 o'clock, until 2 o'clock in the afternoon, things have not been so bad because the special guests they are expecting have not arrived at the campaign ground. A large number of people who have come to the election campaign are wearing party clothes with the PDP political party symbol printed on them.",nei,nei,nei,True
afrifact_data_culture_hausa_438,hausa,Abubakar Gumi had a conflict with the Sufi scholars.,"In the early 1960s, there was an outbreak of conflict between him and the Sufi scholars, which later turned into debates on radio and television in the 1970s and 1980s.",supports,supports,supports,True
afrifact_data_culture_yoruba_289,yoruba,Sunday Igboho said that he does not want the title of chief of staff for Amotekun ambassador in Yoruba country,"The senior lawyer accepted the two governors' sentence because of the visit they made to President Buhari in violation of the weak security system regarding the week that the herdsmen are doing. If you forget, governors Makinde and Akeredolu went to Buhari in Abuja to ask for an additional adequate security system, because of the number of herdsmen criminals in their state. The news made you more interested: Makinde, when he spoke to journalists after their meeting with the president, he used the opportunity of the visit to ask for the formation of an additional police station in the state. Discussion with Gani Adams on Sunday Igboho Amo Falana, when he was arguing with journalists, these governors have adequate security system, including the police, and they should not go to the president. The senior lawyer realized that the president is leading the military in Nigeria, not the police, and if it is not the youth of the organization that controls the police in our country, they will take their questions.",nei,nei,nei,True
afrifact_data_culture_igbo_774,igbo,Some women go through pain while they are menstruating. Their pain includes a painful sensation. There are different ways to help a troubled saint.,"For some women, the first three to five days of their period are like ghosts because of what they see with their eyes. Some are in a state of stress that you have to tell him what he has said to you (which does not happen often), while some do not get themselves because of the pain they are in. But like saying that a friend, a friend, an employee and someone with a woman who is menstruating has a relationship in different ways, what are the things you can do to help her situation?",supports,nei,nei,False
afrifact_data_culture_hausa_098,hausa,"During the reign of Abdullahi Umar Ganduje, school lands were sold to build shops.","In 2019, Governor Abdullahi Umar Ganduje signed the law establishing four new kingdoms.",nei,nei,nei,True
afrifact_data_culture_igbo_720,igbo,"John Abeng, the police chief in Anambra State, has said that he will help drive out thieves, gangs and thugs.","The Chief of Police in Anambra State, John Abang, has confirmed that he will help make Anambra State safe and secure. He also said that they will initiate ""Operation Puffadder to drive out secret groups, criminals and especially those who are corrupt.""",supports,supports,supports,True
afrifact_data_culture_hausa_029,hausa,The Biafra civil war was fought during the reign of General Yakubu Gawon.,"Under Gowon's rule, the Igbo people who were fighting to leave Nigeria under the leadership of their leader for the land of Biafra caused a civil war between the Nigerian government and the people, where Gowon's government came out and fought them until they surrendered.",supports,supports,supports,True
afrifact_data_culture_hausa_733,hausa,There has never been a president who has been in power for more than 5 years in Gambia.,"Yahya Jammeh ruled the Gambia for 22 years ""The former president has no time to respond to these lies.",refutes,nei,nei,False
afrifact_data_culture_hausa_416,hausa,Zubairu is the leader of the composition of Ahmad at-Tijjanī songs that will be performed on Friday,"In addition, the disciples in many places organize daily gatherings, mostly on Thursday evening or before Waẓīfa and Hailat al-Jum'ah to worship God, or to mention. In such gatherings, songs of praise to Allah, , Ahmad at-Tijjanī, or another religious leader can be combined with dhikr. Such meetings may involve simple repetition as a group or response pattern, where one or more leaders lead the song and others repeat or respond.",nei,nei,nei,True
afrifact_data_culture_hausa_770,hausa,Seeking religious knowledge is obligatory for every Muslim man and woman,"He said that it is not appropriate to say that a teacher spends more than three hours teaching without taking a break, ""but the rule is that you are asked to do six or seven hours, which is necessary when you start, one hour, two hours, you feel fun while teaching, but after three, four hours, you start to feel that the body or the brain itself needs to rest.""",nei,nei,nei,True
afrifact_data_culture_hausa_006,hausa,President Goodluck Ebele Jonathan lost to Muhammadu Buhari in the 2015 election.,"Buhari won the election, defeating the incumbent President Goodluck Ebele Jonathan. This is the first time in the history of Nigeria that a sitting president has lost in a by-election.",supports,supports,supports,True
afrifact_data_culture_hausa_020,hausa,Murtala Muhammad has been proven to be a peace-loving person.,"Murtala Muhammad could not say that he is a Baha'i, besides that, Murtala Muhammad could not be the leader of everyone in Nigeria, who does not show differences between language or religion for all the people of Nigeria.",supports,nei,nei,False
afrifact_data_culture_hausa_633,hausa,"Most modern songs do not develop, and do not contribute to the development of the language.","A poem is a literary text, written by a poet, using this principle. music center music center Music has a long and varied history, developing differently all over the world. It has its origins at least as far back as prehistoric times with the hunting songs and folk songs of the , , and Volta Valley dynasties. Some of the earliest written poems in Africa were found in the pyramid texts and were written in the 25th century BCE.",nei,nei,nei,True
afrifact_data_culture_igbo_440,igbo,Alvan Ikoku was a member of the West African Educational Council (WAEC) and also joined the Council of the University of Ibadan in the 1950s.,"u different needs. It merged into form in most of the 1950s, when the Government repeated its NUT study to w",refutes,nei,nei,False
afrifact_data_culture_igbo_147,igbo,People living in the south speak Yoruba.,Its inhabitants are of different Igbo cultures and people who speak different languages: 307 : 315,nei,nei,nei,True
afrifact_data_culture_igbo_254,igbo,"Nwankwo Kanu is also the owner of Kanu Sports TV, an Internet sports TV company.","He is also the owner of Kanu Sports Television, an Internet sports television company.",supports,supports,supports,True
afrifact_data_culture_igbo_464,igbo,"Trinity College in Dublin, Ireland will honor Jaja Wachuku in 2020.","On Friday 6 March 2020, Ireland's Trinity College Dublin honored Wachuku with a famous portrait placed in the university's history office; while Wachuku graduated in 1944 with a first degree in legal science",supports,supports,supports,True
afrifact_data_culture_hausa_419,hausa,Ahmad al-Tijani was born in 1737 and founded the Tijjaniyya system in the 1780s.,"History and spread of order [ | ] Process root [ | ] Ahmad al-Tijani (1737-1815) was born in Ain Madhi and died in . He studied religion in Fes, Morocco. Inspired by some Moroccan saints, he established the Tijjaniyya system in the 1780s; sources differ as to the exact date between 1781 and 1784.",supports,supports,supports,True
afrifact_data_culture_yoruba_263,yoruba,Knowledge is good but they do not eat rice and other foods.,"It is also commonly known as ""night"" or ""land"" in other Yoruba languages, as people know it in and . They are often associated with /key. Tubaani (or Tubani) is this type of food (moi-moi) in the Northern part of Ghana. They usually eat it with , kokon, or custard. It is also a side dish in the budget, which is added to rice and other types of food.",refutes,nei,nei,False
